tick,t_s,phase,task_mode,curr_motion_timestep,ball_x,ball_y,ball_z,base_x,base_y,base_z,robot_top_z,robot_bottom_z,robot_height,kick_aim_theta_deg
0,0.0,idle,locomotion,0,1.2760000228881836,0.07199999690055847,0.10989091315873106,-0.00031495704623946683,0.00012534438614803303,0.755805565212239,1.287818428835949,-0.0006821186899951676,1.2885005475259443,0.0
1,0.02,idle,locomotion,0,1.2760000228881836,0.07199999690055847,0.10980902141344312,-0.0012920885463367875,0.0004391904475893748,0.7548017104074354,1.286719721272626,-0.0005881896486319357,1.287307910921258,0.0
2,0.04,idle,locomotion,0,1.2760000228881836,0.07199999690055847,0.10976503447145444,-0.0028499379186465884,0.0009099981841612719,0.754488566967136,1.2861067645934814,-0.000564842164467623,1.2866716067579491,0.0
3,0.06,idle,locomotion,0,1.2760000228881836,0.07199999690055847,0.10974518062216254,-0.004593273182505761,0.0014650400382844619,0.7560248652560095,1.2870234945838412,-0.0005089309074458453,1.287532425491287,0.0
4,0.08,idle,locomotion,0,1.2760000228881836,0.07199999690055847,0.10973731266832155,-0.0060462031724093325,0.0020486219972579,0.760199705651451,1.2902119412577477,-0.0004598118753793186,1.290671753133127,0.0
5,0.1,idle,locomotion,0,1.2760000228881836,0.07199999690055847,0.10973454404443848,-0.006796033453674516,0.0025162819250664705,0.7665437479149249,1.2953165265253834,-0.00046363887432838286,1.2957801653997119,0.0
6,0.12,idle,locomotion,0,1.2760000228881836,0.07199999690055847,0.10973369052927323,-0.006676924185103416,0.0027132520746673203,0.7734813412668544,1.3010130365324861,-0.0004520234750462794,1.3014650600075324,0.0
7,0.14,idle,locomotion,0,1.2760000228881836,0.07199999690055847,0.1097334732878534,-0.0058736520856101275,0.002610681073596116,0.779385907702018,1.3058997193091593,-0.0004691917479576306,1.3063689110571168,0.0
8,0.16,idle,locomotion,0,1.2760000228881836,0.07199999690055847,0.10973343775080387,-0.0047479159530192565,0.002216767061298478,0.7835309369068777,1.3093544002006683,-0.0005215785683496364,1.309875978769018,0.0
9,0.18,idle,locomotion,0,1.2760000228881836,0.07199999690055847,0.10973344222612894,-0.0035763650182520077,0.0015126960051904399,0.7861438334258555,1.3116184421856998,-0.0005270974649802841,1.31214553965068,0.0
10,0.2,idle,locomotion,0,1.2760000228881836,0.07199999690055847,0.10973344999820983,-0.0023676040829838365,0.0005917246723168052,0.7877599868471131,1.3132100190766305,-0.0005000397084757094,1.3137100587851063,0.0
11,0.22,idle,locomotion,0,1.2760000228881836,0.07199999690055847,0.1097334547231311,-0.0009590637068362677,-0.00040845810549392214,0.7888458711804501,1.3145822085351944,-0.00048322980711172636,1.3150654383423062,0.0
12,0.24,idle,locomotion,0,1.2760000228881836,0.07199999690055847,0.10973345692610834,0.0007127343962325726,-0.0014439230304956051,0.7896407331417246,1.3159093167920175,-0.0004932319966312534,1.3164025487886488,0.0
13,0.26,idle,locomotion,0,1.2760000228881836,0.07199999690055847,0.10973345780729221,0.0026113542513756176,-0.0024971027039312546,0.7902484359776597,1.3171962225557847,-0.000508767419317508,1.3177049899751023,0.0
14,0.28,idle,locomotion,0,1.2760000228881836,0.07199999690055847,0.10973345811827714,0.004671894923007235,-0.003533969761058997,0.7907124514435122,1.318390040170957,-0.0005165641075446335,1.3189066042785016,0.0
15,0.3,idle,locomotion,0,1.2760000228881836,0.07199999690055847,0.10973345821428342,0.006837602919145134,-0.004527096358246649,0.791058996811127,1.319444060653059,-0.0005193005474375192,1.3199633612004966,0.0
16,0.32,idle,locomotion,0,1.2760000228881836,0.07199999690055847,0.10973345823876013,0.009069680978748286,-0.005453340943366972,0.7913067394576903,1.320331166469418,-0.0005197954843859653,1.3208509619538038,0.0
17,0.34,idle,locomotion,0,1.2760000228881836,0.07199999690055847,0.10973345824278434,0.011344619284363233,-0.0062923605206184055,0.7914683761337125,1.3210417482007315,-0.0005199966241697732,1.3215617448249013,0.0
18,0.36,idle,locomotion,0,1.2760000228881836,0.07199999690055847,0.10973345824229395,0.013648839604045693,-0.00702721504017501,0.7915509519219547,1.3215774286011852,-0.0005199939335187934,1.322097422534704,0.0
19,0.38,idle,locomotion,0,1.2760000228881836,0.07199999690055847,0.10973345824142507,0.015977141988599154,-0.007647368638486504,0.7915571623089881,1.3219475532226173,-0.0005190713197299746,1.3224666245423473,0.0
20,0.4,idle,locomotion,0,1.2760000228881836,0.07199999690055847,0.10973345824089552,0.018330139638264988,-0.008148103605519885,0.7914865583373965,1.322164695305869,-0.0005175182218277799,1.3226822135276968,0.0
21,0.42,idle,locomotion,0,1.2760000228881836,0.07199999690055847,0.10973345824064834,0.02070887244231239,-0.008529867390911834,0.7913357574133155,1.3222401107628152,-0.0005150121066879038,1.3227551228695031,0.0
22,0.44,idle,locomotion,0,1.2760000228881836,0.07199999690055847,0.10973345824054938,0.023100962451483607,-0.008797273469604398,0.7911004255860006,1.322181785100287,-0.000511757269907348,1.3226935423701944,0.0
23,0.46,idle,locomotion,0,1.2760000228881836,0.07199999690055847,0.10973345824051445,0.025500817228736775,-0.008955785998615294,0.7907748946055139,1.321996615098953,-0.0005079872976154094,1.3225046023965685,0.0
24,0.48,idle,locomotion,0,1.2760000228881836,0.07199999690055847,0.10973345824050364,0.027614892937286698,-0.009092237286102823,0.7904893993189784,1.3217918464287726,-0.0005029026179393624,1.3222947490467118,0.0
25,0.5,idle,locomotion,0,1.2760000228881836,0.07199999690055847,0.10973345824050088,0.029263564193714144,-0.009158551378035586,0.7903831641710245,1.3217033728141376,-0.0005143802691925589,1.3222177530833301,0.0
26,0.52,idle,locomotion,0,1.2760000228881836,0.07199999690055847,0.10973345824050044,0.03091914255747397,-0.009146904470670672,0.7903373348453431,1.3216801497566988,-0.0005175536982515647,1.3221977034549504,0.0
27,0.54,idle,locomotion,0,1.2760000228881836,0.07199999690055847,0.10973345824050044,0.03277057526481391,-0.009077993719297248,0.7902720017568343,1.3216663771869719,-0.0005166361780559181,1.3221830133650279,0.0
28,0.56,idle,locomotion,0,1.2760000228881836,0.07199999690055847,0.10973345824050044,0.034780354178937954,-0.00896499775009489,0.7901806402202524,1.3216463498660669,-0.0005148331057902265,1.3221611829718571,0.0
29,0.58,idle,locomotion,0,1.2760000228881836,0.07199999690055847,0.10973345824050044,0.0368717999551912,-0.008822393256438252,0.7900700465483651,1.321613024543994,-0.0005125063704840178,1.3221255309144782,0.0
30,0.6,idle,locomotion,0,1.2760000228881836,0.07199999690055847,0.10973345824050044,0.038987285717184655,-0.008657729709220475,0.7899463610693167,1.321563898176086,-0.0005104191112968726,1.3220743172873828,0.0
31,0.62,idle,locomotion,0,1.2760000228881836,0.07199999690055847,0.10973345824050044,0.041090976975769224,-0.008474130600243322,0.7898137231894347,1.3214988962846164,-0.0005080715080621329,1.3220069677926785,0.0
32,0.64,idle,locomotion,0,1.2760000228881836,0.07199999690055847,0.10973345824050044,0.04316243619915734,-0.008273201974336645,0.7896747771990873,1.3214191346081074,-0.0005053465586345868,1.321924481166742,0.0
33,0.66,idle,locomotion,0,1.2760000228881836,0.07199999690055847,0.10973345824050044,0.04519128540256537,-0.008055707794202447,0.789531222611023,1.3213262628868538,-0.0005024915583765228,1.3218287544452303,0.0
34,0.68,idle,locomotion,0,1.2760000228881836,0.07199999690055847,0.10973345824050044,0.047173496195162055,-0.007822403392387078,0.7893841659404027,1.3212220934880685,-0.000499629165370219,1.3217217226534388,0.0
35,0.7,idle,locomotion,0,1.2760000228881836,0.07199999690055847,0.10973345824050044,0.0491116136234998,-0.007574270811090708,0.7892341761052414,1.3211084115379936,-0.0004968746252080151,1.3216052861632017,0.0
36,0.72,idle,locomotion,0,1.2760000228881836,0.07199999690055847,0.10973345824050044,0.05100833439757439,-0.007313335623707587,0.7890815708129902,1.3209866394410867,-0.0004943304080782772,1.321480969849165,0.0
37,0.74,idle,locomotion,0,1.2760000228881836,0.07199999690055847,0.10973345824050044,0.05286338895097363,-0.007041855597154463,0.7889267113046153,1.3208578481772641,-0.0004919591071727326,1.321349807284437,0.0
38,0.76,idle,locomotion,0,1.2760000228881836,0.07199999690055847,0.10973345824050044,0.054675965529329996,-0.006762227535140078,0.7887700421520331,1.320723140299242,-0.0004897753059936276,1.3212129156052357,0.0
39,0.78,idle,locomotion,0,1.2760000228881836,0.07199999690055847,0.10973345824050044,0.05644510585975237,-0.0064771557914359915,0.7886120238416152,1.3205835988974974,-0.0004877932850142659,1.3210713921825117,0.0
40,0.8,idle,locomotion,0,1.2760000228881836,0.07199999690055847,0.10973345824050044,0.058168512856273176,-0.006189494764596132,0.7884531867475449,1.3204402382563662,-0.00048603962416854385,1.3209262778805348,0.0
41,0.82,idle,locomotion,0,1.2760000228881836,0.07199999690055847,0.10973345824050044,0.05984501394283133,-0.005902050345288066,0.7882940349697577,1.3202940751110186,-0.0004844175120216482,1.3207784926230401,0.0
42,0.84,idle,locomotion,0,1.2760000228881836,0.07199999690055847,0.10973345824050044,0.06147475369038002,-0.005617573765445495,0.7881349693770002,1.3201459953470613,-0.00048291718159936686,1.3206289125286608,0.0
43,0.86,idle,locomotion,0,1.2760000228881836,0.07199999690055847,0.10973345824050044,0.06305822649196433,-0.005338742061208878,0.787976325043261,1.3199967308511,-0.00048301624671747215,1.3204797470978176,0.0
44,0.88,idle,locomotion,0,1.2760000228881836,0.07199999690055847,0.10973345824050044,0.0645958900544178,-0.005068117841169967,0.7878184129185412,1.319846905917251,-0.0004833836135882813,1.3203302895308393,0.0
45,0.9,idle,locomotion,0,1.2760000228881836,0.07199999690055847,0.10973345824050044,0.06608806064048382,-0.004808136388228006,0.7876615399384737,1.3196970685246836,-0.0004837090716345166,1.3201807775963181,0.0
46,0.92,idle,locomotion,0,1.2760000228881836,0.07199999690055847,0.10973345824050044,0.06753487326811858,-0.004561338358741952,0.7875060158033542,1.3195477109930471,-0.00048398031948147444,1.3200316913125285,0.0
47,0.94,idle,locomotion,0,1.2760000228881836,0.07199999690055847,0.10973345824050044,0.0689362886668165,-0.004330271243512444,0.7873521552218053,1.3193992923015088,-0.000484358088209718,1.3198836503897184,0.0
48,0.96,idle,locomotion,0,1.2760000228881836,0.07199999690055847,0.10973345824050044,0.07029238233235738,-0.004119124876676131,0.7872002633904531,1.3192523529680638,-0.00048485001926842214,1.3197372029873322,0.0
49,0.98,idle,locomotion,0,1.2760000228881836,0.07199999690055847,0.10973345824050044,0.07160271871678277,-0.00393012076600479,0.787050659870679,1.3191073077827378,-0.00048524258886177216,1.3195925503715995,0.0
50,1.0,idle,locomotion,0,1.2760000228881836,0.07199999690055847,0.10973345824050044,0.07286670490585481,-0.0037636239906785195,0.7869036683571208,1.3189644793992343,-0.00048561412281044464,1.3194500935220448,0.0
51,1.02,idle,locomotion,0,1.2760000228881836,0.07199999690055847,0.10973345824050044,0.0740839058632753,-0.003619425060353604,0.7867596144047745,1.3188241893141472,-0.00048596400939659654,1.3193101533235438,0.0
52,1.04,idle,locomotion,0,1.2760000228881836,0.07199999690055847,0.10973345824050044,0.07525413419919635,-0.0034970719639576217,0.7866188036464007,1.3186867508657474,-0.0004862469466146886,1.319172997812362,0.0
53,1.06,idle,locomotion,0,1.2760000228881836,0.07199999690055847,0.10973345824050044,0.0763774710437878,-0.0033959049584925305,0.7864815045757125,1.3185524508293527,-0.0004864711796106133,1.3190389220089633,0.0
54,1.08,idle,locomotion,0,1.2760000228881836,0.07199999690055847,0.10973345824050044,0.07745425729274821,-0.0033149530306613223,0.7863479421397888,1.3184215397600185,-0.0004867236580440408,1.3189082634180627,0.0
55,1.1,idle,locomotion,0,1.2760000228881836,0.07199999690055847,0.10973345824050044,0.0784850558462851,-0.003252681143291158,0.7862182962656775,1.3182942264232724,-0.0004869433763150556,1.3187811697995875,0.0
56,1.12,idle,locomotion,0,1.2760000228881836,0.07199999690055847,0.10973345824050044,0.0794705750243559,-0.0032054379946653833,0.7860927322952473,1.3181706870305543,-0.00048712035975102125,1.3186578073903052,0.0
57,1.14,idle,locomotion,0,1.2760000228881836,0.07199999690055847,0.10973345824050044,0.0804116270327851,-0.0031693690123258587,0.7859713962192509,1.318051050320671,-0.000487282206887988,1.318538332527559,0.0
58,1.16,idle,locomotion,0,1.2760000228881836,0.07199999690055847,0.10973345824050044,0.08130920750835388,-0.003142983221339156,0.7858543589018994,1.3179353874503474,-0.00048745995210750653,1.3184228474024549,0.0
59,1.18,idle,locomotion,0,1.2760000228881836,0.07199999690055847,0.10973345824050044,0.08216441504836718,-0.003125419663037517,0.7857416479718661,1.3178237461474767,-0.0004876492536189103,1.3183113954010957,0.0
60,1.2,idle,locomotion,0,1.2760000228881836,0.07199999690055847,0.10973345824050044,0.08297837992999953,-0.00311495675407664,0.7856332931875999,1.317716171925456,-0.0004878416003600422,1.318204013525816,0.0
61,1.22,idle,locomotion,0,1.2760000228881836,0.07199999690055847,0.10973345824050044,0.08375224000677736,-0.0031102074669607013,0.7855293101180352,1.3176127036124166,-0.0004880136185734067,1.31810071723099,0.0
62,1.24,idle,locomotion,0,1.2760000228881836,0.07199999690055847,0.10973345824050044,0.08448714842029174,-0.003110256025753779,0.7854296991219533,1.3175133734464604,-0.0004881527873171476,1.3180015262337774,0.0
63,1.26,idle,locomotion,0,1.2760000228881836,0.07199999690055847,0.10973345824050044,0.08518427881127864,-0.0031144714909920714,0.7853344259120407,1.3174181849146498,-0.0004882552055124195,1.3179064401201621,0.0
64,1.28,idle,locomotion,0,1.2760000228881836,0.07199999690055847,0.10973345824050044,0.0858448132124335,-0.003122408710186816,0.785243440753181,1.3173271275606075,-0.0004883254845085803,1.317815453045116,0.0
65,1.3,idle,locomotion,0,1.2760000228881836,0.07199999690055847,0.10973345824050044,0.08646991258208214,-0.00313405724554509,0.785156685444511,1.3172401854639444,-0.0004883692006745072,1.317728554664619,0.0
66,1.32,idle,locomotion,0,1.2760000228881836,0.07199999690055847,0.10973345824050044,0.0870607029482025,-0.0031496307079577463,0.7850740936737186,1.3171573340104419,-0.0004883660946488136,1.3176457001050907,0.0
67,1.34,idle,locomotion,0,1.2760000228881836,0.07199999690055847,0.10973345824050044,0.08761826918187543,-0.0031691804972842985,0.7849955974818282,1.3170785397095015,-0.0004883246066214562,1.317566864316123,0.0
68,1.36,idle,locomotion,0,1.2760000228881836,0.07199999690055847,0.10973345824050044,0.08814366493865002,-0.003192596825617502,0.7849211274816486,1.3170037599886841,-0.00048825222090312023,1.3174920122095872,0.0
69,1.38,idle,locomotion,0,1.2760000228881836,0.07199999690055847,0.10973345824050044,0.08863792619025757,-0.003219641397624348,0.7848506185930778,1.3169329499293836,-0.0004881552923512826,1.3174211052217348,0.0
70,1.4,idle,locomotion,0,1.2760000228881836,0.07199999690055847,0.10973345824050044,0.08910207634405679,-0.0032499406117202857,0.7847839954335415,1.3168660474789826,-0.00048803932651341267,1.317354086805496,0.0
71,1.42,idle,locomotion,0,1.2760000228881836,0.07199999690055847,0.10973345824050044,0.08953714862694512,-0.0032829957927437395,0.7847211777500519,1.3168029792300255,-0.00048790955197433247,1.3172908887819998,0.0
72,1.44,idle,locomotion,0,1.2760000228881836,0.07199999690055847,0.10973345824050044,0.08994422262159485,-0.003318237547319198,0.7846620808535985,1.3167436652338695,-0.00048777059449088556,1.3172314358283603,0.0
73,1.46,idle,locomotion,0,1.2760000228881836,0.07199999690055847,0.10973345824050044,0.0903244027219559,-0.0033550673234041418,0.7846066119317981,1.316688014527249,-0.000487625838214982,1.317175640365464,0.0
74,1.48,idle,locomotion,0,1.2760000228881836,0.07199999690055847,0.10973345824050044,0.09067880260322222,-0.003392890841059588,0.7845546704529248,1.3166359259447307,-0.00048747786843674965,1.3171234038131674,0.0
75,1.5,idle,locomotion,0,1.2760000228881836,0.07199999690055847,0.10973345824050044,0.09100853564939224,-0.003431142346781774,0.784506148581437,1.3165872894179989,-0.00048732871078581777,1.3170746181287847,0.0
76,1.52,idle,locomotion,0,1.2760000228881836,0.07199999690055847,0.10973345824050044,0.09131470944465556,-0.0034693028222998706,0.784460932523199,1.3165419882153317,-0.00048717950831945675,1.3170291677236512,0.0
77,1.54,idle,locomotion,0,1.2760000228881836,0.07199999690055847,0.10973345824050044,0.0915984170796308,-0.0035069135838076194,0.7844189038249807,1.3164999008347669,-0.00048703105097794297,1.3169869318857448,0.0
78,1.56,idle,locomotion,0,1.2760000228881836,0.07199999690055847,0.10973345824050044,0.09186073606444833,-0.0035435824930903376,0.7843799412980608,1.3164609045728874,-0.00048688405324660844,1.316947788626134,0.0
79,1.58,idle,locomotion,0,1.2760000228881836,0.07199999690055847,0.10973345824050044,0.09210267396112955,-0.0035789844249703127,0.7843439208532619,1.3164248705723878,-0.0004867419870670277,1.3169116125594549,0.0
80,1.6,idle,locomotion,0,1.2760000228881836,0.07199999690055847,0.10973345824050044,0.09232519313609444,-0.003612858027579724,0.784310720887014,1.3163916726381575,-0.0004866010380428637,1.3168782736762004,0.0
81,1.62,idle,locomotion,0,1.2760000228881836,0.07199999690055847,0.10973345824050044,0.09252922128203227,-0.0036450027686276976,0.7842802235399962,1.3163611897651355,-0.0004864613923666952,1.3168476511575022,0.0
82,1.64,idle,locomotion,0,1.2760000228881836,0.07199999690055847,0.10973345824050044,0.09271565884181435,-0.00367527136154979,0.7842523130937293,1.3163333045003556,-0.0004863232423639105,1.3168196277427195,0.0
83,1.66,idle,locomotion,0,1.2760000228881836,0.07199999690055847,0.10973345824050044,0.09288538538445497,-0.0037035620858864035,0.7842268743172935,1.3163079010300165,-0.00048618689861723574,1.3167940879286337,0.0
84,1.68,idle,locomotion,0,1.2760000228881836,0.07199999690055847,0.10973345824050044,0.0930392955200929,-0.003729816092498451,0.7842037822390839,1.3162848553053987,-0.0004860475237224264,1.3167709028291212,0.0
85,1.7,idle,locomotion,0,1.2760000228881836,0.07199999690055847,0.10973345824050044,0.09317848387341174,-0.0037540069862041286,0.7841828636588868,1.316263995789331,-0.0004858958976667119,1.3167498916869977,0.0
86,1.72,idle,locomotion,0,1.2760000228881836,0.07199999690055847,0.10973345824050044,0.09330421554103548,-0.003776095802153001,0.7841639179292723,1.316245117343565,-0.000485739708189558,1.3167308570517546,0.0
87,1.74,idle,locomotion,0,1.2760000228881836,0.07199999690055847,0.10973345824050044,0.0934176923944642,-0.003796318678735736,0.7841467670970161,1.3162280363732433,-0.00048557974872079704,1.3167136161219641,0.0
88,1.76,idle,locomotion,0,1.2760000228881836,0.07199999690055847,0.10973345824050044,0.09351995719209448,-0.0038150295672841985,0.7841312623397558,1.3162126023380112,-0.0004854207789419668,1.3166980231169532,0.0
89,1.78,idle,locomotion,0,1.2760000228881836,0.07199999690055847,0.10973345824050044,0.09361193126431001,-0.0038325282647548383,0.7841172757991104,1.3161986862951036,-0.0004852651243875579,1.3166839514194912,0.0
90,1.8,idle,locomotion,0,1.2760000228881836,0.07199999690055847,0.10973345824050044,0.09369444859585623,-0.0038490535976243214,0.7841046941753238,1.3161861741686702,-0.00048511335447696396,1.3166712875231472,0.0
91,1.82,idle,locomotion,0,1.2760000228881836,0.07199999690055847,0.10973345824050044,0.09376827851667943,-0.0038647914922978546,0.784093413090425,1.3161749610759652,-0.0004849659652696667,1.316659927041235,0.0
92,1.84,idle,locomotion,0,1.2760000228881836,0.07199999690055847,0.10973345824050044,0.09383413943650865,-0.003879885801874322,0.7840833341016501,1.316164948215284,-0.00048482335671040655,1.3166497715719943,0.0
93,1.86,idle,locomotion,0,1.2760000228881836,0.07199999690055847,0.10973345824050044,0.09389270811800335,-0.0038944464686010566,0.7840743622922103,1.316156040508086,-0.0004846859285874243,1.3166407264366735,0.0
94,1.88,idle,locomotion,0,1.2760000228881836,0.07199999690055847,0.10973345824050044,0.09394461912484055,-0.0039085581282430485,0.7840664074315399,1.3161481476393542,-0.0004845538673960599,1.3166327015067503,0.0
95,1.9,idle,locomotion,0,1.2760000228881836,0.07199999690055847,0.10973345824050044,0.09399046853666776,-0.003922287258316647,0.7840593824544142,1.3161411826128921,-0.0004844271580060483,1.3166256097708982,0.0
96,1.92,idle,locomotion,0,1.2760000228881836,0.07199999690055847,0.10973345824050044,0.09403081318677574,-0.003935686260306688,0.7840532051856919,1.3161350632937714,-0.0004843057710544815,1.3166193690648258,0.0
97,1.94,idle,locomotion,0,1.2760000228881836,0.07199999690055847,0.10973345824050044,0.09406617056522909,-0.003948797496075058,0.7840477976648885,1.316129712062852,-0.0004841895154579119,1.3166139015783098,0.0
98,1.96,idle,locomotion,0,1.2760000228881836,0.07199999690055847,0.10973345824050044,0.09409712535722586,-0.0039616600077528995,0.7840430446783246,1.316125012843809,-0.0004840778984489362,1.3166090907422578,0.0
99,1.98,idle,locomotion,0,1.2760000228881836,0.07199999690055847,0.10973345824050044,0.09412429562347362,-0.003974308949262921,0.7840388197886841,1.3161208372773272,-0.000483972362904872,1.316604809640232,0.0
100,2.0,idle,locomotion,0,1.2760000228881836,0.07199999690055847,0.10973345824050044,0.09414812015282994,-0.003986769820355839,0.7840350537496856,1.3161171170570953,-0.0004838726789790533,1.3166009897360744,0.0
101,2.02,idle,locomotion,0,1.2760000228881836,0.07199999690055847,0.10973345824050044,0.09416893083131686,-0.003999061146744525,0.7840317012167035,1.316113807350913,-0.0004837774872578221,1.316597584838171,0.0
102,2.04,idle,locomotion,0,1.2760000228881836,0.07199999690055847,0.10973345824050044,0.09418700935307552,-0.004011196892231632,0.7840287259018025,1.3161108718899526,-0.0004836859074363563,1.316594557797389,0.0
103,2.06,idle,locomotion,0,1.2760000228881836,0.07199999690055847,0.10973345824050044,0.09420261146544617,-0.004023188181034446,0.7840260952406967,1.3161082780185036,-0.00048359733097865995,1.3165918753494823,0.0
104,2.08,idle,locomotion,0,1.2760000228881836,0.07199999690055847,0.10973345824050044,0.09421597580511058,-0.004035043928953032,0.7840237786087326,1.3161059950543514,-0.00048351160536645385,1.316589506659718,0.0
105,2.1,idle,locomotion,0,1.2760000228881836,0.07199999690055847,0.10973345824050044,0.09422732552055402,-0.004046772201631274,0.784021747103228,1.3161039940926813,-0.0004834285310448584,1.3165874226237262,0.0
106,2.12,idle,locomotion,0,1.2760000228881836,0.07199999690055847,0.10973345824050044,0.09423686847230127,-0.00405837992851333,0.7840199737046594,1.3161022481681761,-0.0004833479251094598,1.3165855960932855,0.0
107,2.14,idle,locomotion,0,1.2760000228881836,0.07199999690055847,0.10973345824050044,0.09424479744862035,-0.004069873829525797,0.7840184331555126,1.3161007321313007,-0.00048326969689907115,1.3165840018281998,0.0
108,2.16,idle,locomotion,0,1.2760000228881836,0.07199999690055847,0.10973345824050044,0.09425129173379937,-0.004081260410634875,0.7840171016533409,1.3160994223103184,-0.0004831938931169309,1.3165826162034353,0.0
109,2.18,idle,locomotion,0,1.2760000228881836,0.07199999690055847,0.10973345824050044,0.0942565169725283,-0.004092545335781839,0.7840159571640106,1.316098296813096,-0.00048312045090071615,1.316581417263997,0.0
110,2.2,idle,locomotion,0,1.2760000228881836,0.07199999690055847,0.10973345824050044,0.09426062531445993,-0.004103734683629116,0.7840149794031792,1.3160973355219994,-0.0004830492736784438,1.3165803847956778,0.0
111,2.22,idle,locomotion,0,1.2760000228881836,0.07199999690055847,0.10973345824050044,0.09426375679058802,-0.004114834367157018,0.7840141494634456,1.3160965197089562,-0.0004829804227689527,1.3165795001317253,0.0
112,2.24,idle,locomotion,0,1.2760000228881836,0.07199999690055847,0.10973345824050044,0.09426603907694575,-0.004125850785607178,0.7840134500982086,1.3160958323005985,-0.0004829136845308675,1.3165787459851293,0.0
113,2.26,idle,locomotion,0,1.2760000228881836,0.07199999690055847,0.10973345824050044,0.09426758923142263,-0.004136790763687547,0.784012865265339,1.3160952574267581,-0.00048284895662272995,1.3165781063833808,0.0
114,2.28,idle,locomotion,0,1.2760000228881836,0.07199999690055847,0.10973345824050044,0.09426851675300972,-0.004147660184071537,0.7840123792476873,1.3160947795066893,-0.00048278617654497896,1.3165775656832344,0.0
115,2.3,idle,locomotion,0,1.2760000228881836,0.07199999690055847,0.10973345824050044,0.09426893258714891,-0.004158461173861532,0.7840119730232145,1.3160943796122149,-0.0004827255752807187,1.3165771051874955,0.0
116,2.32,idle,locomotion,0,1.2760000228881836,0.07199999690055847,0.10973345824050044,0.0942689373449215,-0.0041691925695828275,0.7840116304621267,1.3160940417099103,-0.00048266693439311115,1.3165767086443034,0.0
117,2.34,idle,locomotion,0,1.2760000228881836,0.07199999690055847,0.10973345824050044,0.09426861158804038,-0.00417985404281516,0.7840113401784358,1.3160937547044926,-0.0004826099105014782,1.3165763646149942,0.0
118,2.36,idle,locomotion,0,1.2760000228881836,0.07199999690055847,0.10973345824050044,0.09426802403274138,-0.004190445768711646,0.7840110927827776,1.3160935093690203,-0.0004825543669736386,1.3165760637359938,0.0
119,2.38,idle,locomotion,0,1.2760000228881836,0.07199999690055847,0.10973345824050044,0.09426723439228417,-0.004200970214582824,0.7840108802493526,1.3160932977830315,-0.0004825000805660923,1.3165757978635977,0.0
120,2.4,idle,locomotion,0,1.2760000228881836,0.07199999690055847,0.10973345824050044,0.09426629671788758,-0.0042114307057687225,0.7840106951734407,1.3160931126559345,-0.0004824469071542485,1.3165755595630888,0.0
121,2.42,idle,locomotion,0,1.2760000228881836,0.07199999690055847,0.10973345824050044,0.09426525943939183,-0.004221830605378958,0.7840105309958826,1.3160929475421819,-0.00048239478568007366,1.3165753423278619,0.0
122,2.44,idle,locomotion,0,1.2760000228881836,0.07199999690055847,0.10973345824050044,0.09426416552702264,-0.004232174291680594,0.7840103817868572,1.3160927966128422,-0.00048234368226849483,1.3165751402951107,0.0
123,2.46,idle,locomotion,0,1.2760000228881836,0.07199999690055847,0.10973345824050044,0.09426305306337869,-0.0042424657371682925,0.7840102422690854,1.3160926546821698,-0.000482293526013592,1.3165749482081834,0.0
124,2.48,idle,locomotion,0,1.2760000228881836,0.07199999690055847,0.10973345824050044,0.0942619552271425,-0.0042527088463326125,0.7840101077750296,1.3160925171589497,-0.0004822442640351615,1.3165747614229848,0.0
125,2.5,idle,locomotion,0,1.2760000228881836,0.07199999690055847,0.10973345824050044,0.0942609010926256,-0.004262907177602464,0.7840099742052594,1.3160923800281648,-0.00048219584788862513,1.3165745758760534,0.0
126,2.52,idle,locomotion,0,1.2760000228881836,0.07199999690055847,0.10973345824050044,0.094259916633025,-0.004273063912918553,0.7840098378750574,1.3160922397241646,-0.00048214814461166114,1.3165743878687761,0.0
127,2.54,idle,locomotion,0,1.2760000228881836,0.07199999690055847,0.10973345824050044,0.09425902359386377,-0.004283183103464103,0.7840096956771788,1.3160920932122522,-0.00048210112041166195,1.3165741943326639,0.0
128,2.56,idle,locomotion,0,1.2760000228881836,0.07199999690055847,0.10973345824050044,0.094258241017332,-0.004293268243159618,0.7840095447795697,1.3160919377309015,-0.00048205474026082745,1.3165739924711624,0.0
129,2.58,idle,locomotion,0,1.2760000228881836,0.07199999690055847,0.10973345824050044,0.09425758539030317,-0.0043033219577686375,0.784009382714742,1.3160917708891264,-0.00048200894863012836,1.3165737798377566,0.0
130,2.6,idle,locomotion,0,1.2760000228881836,0.07199999690055847,0.10973345824050044,0.09425706959770506,-0.004313347357319478,0.7840092076052525,1.3160915908633408,-0.0004819637865093526,1.3165735546498503,0.0
131,2.62,idle,locomotion,0,1.2760000228881836,0.07199999690055847,0.10973345824050044,0.09425670368136664,-0.004323347278052974,0.7840090178748162,1.316091396122063,-0.00048191915126660767,1.3165733152733297,0.0
132,2.64,idle,locomotion,0,1.2760000228881836,0.07199999690055847,0.10973345824050044,0.09425649660447659,-0.004333323846913323,0.7840088120535899,1.3160911852626893,-0.00048187494173961704,1.316573060204429,0.0
133,2.66,idle,locomotion,0,1.2760000228881836,0.07199999690055847,0.10973345824050044,0.0942564549627831,-0.004343279480234433,0.7840085890630972,1.3160909572508837,-0.0004818312197116606,1.3165727884705953,0.0
134,2.68,idle,locomotion,0,1.2760000228881836,0.07199999690055847,0.10973345824050044,0.09425658294408339,-0.004353216730001271,0.7840083481594824,1.316090711376984,-0.0004817877617433221,1.3165724991387273,0.0
135,2.7,idle,locomotion,0,1.2760000228881836,0.07199999690055847,0.10973345824050044,0.09425688390548226,-0.0043631375688526295,0.7840080885874097,1.3160904469264127,-0.00048174458720050967,1.3165721915136133,0.0
136,2.72,idle,locomotion,0,1.2760000228881836,0.07199999690055847,0.10973345824050044,0.09425735968959899,-0.004373042995635482,0.784007809934751,1.3160901635119846,-0.0004817017934985214,1.3165718653054832,0.0
137,2.74,idle,locomotion,0,1.2760000228881836,0.07199999690055847,0.10973345824050044,0.09425801066673882,-0.004382934741495304,0.7840075119895646,1.3160898609751,-0.00048165911955585713,1.3165715200946557,0.0
138,2.76,idle,locomotion,0,1.2760000228881836,0.07199999690055847,0.10973345824050044,0.09425883604294356,-0.0043928148160685505,0.7840071947008846,1.3160895393024878,-0.00048161668694234744,1.3165711559894302,0.0
139,2.78,idle,locomotion,0,1.2760000228881836,0.07199999690055847,0.10973345824050044,0.09425983421958915,-0.0044026841923157384,0.7840068580127274,1.3160891984630776,-0.00048157453248205,1.3165707729955596,0.0
140,2.8,idle,locomotion,0,1.2760000228881836,0.07199999690055847,0.10973345824050044,0.09426100234643396,-0.004412543416728058,0.7840065021020888,1.3160888386307463,-0.00048153249142599344,1.3165703711221723,0.0
141,2.82,idle,locomotion,0,1.2760000228881836,0.07199999690055847,0.10973345824050044,0.09426233638924332,-0.004422393857329124,0.7840061273793364,1.316088460224739,-0.00048149064869304134,1.3165699508734319,0.0
142,2.84,idle,locomotion,0,1.2760000228881836,0.07199999690055847,0.10973345824050044,0.0942638325219821,-0.004432235902770125,0.7840057341396037,1.316088063563232,-0.0004814489354679624,1.3165695124986998,0.0
143,2.86,idle,locomotion,0,1.2760000228881836,0.07199999690055847,0.10973345824050044,0.0942654866164568,-0.0044420697307015365,0.7840053227363228,1.3160876490198306,-0.0004814072827971326,1.3165690563026278,0.0
144,2.88,idle,locomotion,0,1.2760000228881836,0.07199999690055847,0.10973345824050044,0.09426729337064216,-0.004451895785918781,0.7840048938410432,1.3160872172737266,-0.00048136560676915324,1.3165685828804958,0.0
145,2.9,idle,locomotion,0,1.2760000228881836,0.07199999690055847,0.10973345824050044,0.09426924665869074,-0.00446171525370909,0.7840044481943602,1.3160867690645746,-0.0004813238509537715,1.3165680929155283,0.0
146,2.92,idle,locomotion,0,1.2760000228881836,0.07199999690055847,0.10973345824050044,0.09427134057459817,-0.0044715290644071325,0.7840039863606855,1.3160863049580496,-0.0004812821324725082,1.316567587090522,0.0
147,2.94,idle,locomotion,0,1.2760000228881836,0.07199999690055847,0.10973345824050044,0.09427356931706347,-0.004481336730959085,0.784003508885045,1.316085825501795,-0.0004812405208496767,1.3165670660226447,0.0
148,2.96,idle,locomotion,0,1.2760000228881836,0.07199999690055847,0.10973345824050044,0.09427592687532878,-0.0044911377824029975,0.7840030164655117,1.316085331400781,-0.00048119899090590806,1.316566530391687,0.0
149,2.98,idle,locomotion,0,1.2760000228881836,0.07199999690055847,0.10973345824050044,0.09427840680241903,-0.0045009318629353244,0.7840025099151708,1.3160848234599556,-0.0004811574026166686,1.3165659808625723,0.0
150,3.0,idle,locomotion,0,1.2760000228881836,0.07199999690055847,0.10973345824050044,0.09428100272466745,-0.004510717938217446,0.7840019899533062,1.3160843023989268,-0.00048111573140103073,1.316565418130328,0.0
151,3.02,idle,locomotion,0,1.2760000228881836,0.07199999690055847,0.10973345824050044,0.09428370808026869,-0.00452049541939806,0.7840014573740494,1.3160837690074123,-0.00048107399150731575,1.3165648429989196,0.0
152,3.04,idle,locomotion,0,1.2760000228881836,0.07199999690055847,0.10973345824050044,0.09428651609533288,-0.0045302644413013245,0.784000913067988,1.3160832241809965,-0.00048103211380108937,1.3165642562947977,0.0
153,3.06,idle,locomotion,0,1.2760000228881836,0.07199999690055847,0.10973345824050044,0.09428942104479347,-0.004540024218815093,0.784000357548413,1.3160826684456493,-0.0004809902380239553,1.3165636586836733,0.0
154,3.08,idle,locomotion,0,1.2760000228881836,0.07199999690055847,0.10973345824050044,0.0942924166771263,-0.0045497736297615025,0.7839997916361168,1.3160821026009744,-0.0004809483235766396,1.316563050924551,0.0
155,3.1,idle,locomotion,0,1.2760000228881836,0.07199999690055847,0.10973345824050044,0.09429549632936904,-0.004559512200308728,0.7839992161529645,1.3160815274678972,-0.0004809063091108963,1.316562433777008,0.0
156,3.12,idle,locomotion,0,1.2760000228881836,0.07199999690055847,0.10973345824050044,0.09429865308697243,-0.004569239548130112,0.7839986320204959,1.316080943942986,-0.00048086417492607114,1.316561808117912,0.0
157,3.14,idle,locomotion,0,1.2760000228881836,0.07199999690055847,0.10973345824050044,0.09430188110019123,-0.004578955011192147,0.7839980398696832,1.3160803526679143,-0.0004808219165261529,1.3165611745844406,0.0
158,3.16,idle,locomotion,0,1.2760000228881836,0.07199999690055847,0.10973345824050044,0.09430517452531721,-0.004588657885586667,0.7839974404095823,1.3160797543339664,-0.00048077953584192354,1.3165605338698083,0.0
159,3.18,idle,locomotion,0,1.2760000228881836,0.07199999690055847,0.10973345824050044,0.09430852769462705,-0.004598347274226488,0.7839968343232746,1.31607914961764,-0.0004807371073887873,1.3165598867250288,0.0
160,3.2,idle,locomotion,0,1.2760000228881836,0.07199999690055847,0.10973345824050044,0.09431193514636214,-0.004608021539198622,0.7839962223101069,1.3160785392178558,-0.0004806946158965181,1.3165592338337524,0.0
161,3.22,idle,locomotion,0,1.2760000228881836,0.07199999690055847,0.10973345824050044,0.09431539121348499,-0.004617679854582744,0.783995605056325,1.3160779238054616,-0.0004806520496022787,1.316558575855064,0.0
162,3.24,idle,locomotion,0,1.2760000228881836,0.07199999690055847,0.10973345824050044,0.09431889010849458,-0.00462732190373762,0.7839949833787035,1.3160773041704084,-0.00048060938278136206,1.3165579135531897,0.0
163,3.26,idle,locomotion,0,1.2760000228881836,0.07199999690055847,0.10973345824050044,0.09432242641081923,-0.004636946783728637,0.7839943579285921,1.3160766809517206,-0.000480566635118751,1.3165572475868395,0.0
164,3.28,idle,locomotion,0,1.2760000228881836,0.07199999690055847,0.10973345824050044,0.09432599584223472,-0.004646553225761265,0.7839937291688355,1.3160760546114416,-0.000480523715593012,1.3165565783270345,0.0
165,3.3,idle,locomotion,0,1.2760000228881836,0.07199999690055847,0.10973345824050044,0.09432959379111258,-0.004656140444630605,0.7839930977034998,1.316075425746673,-0.0004804807372865705,1.3165559064839596,0.0
166,3.32,idle,locomotion,0,1.2760000228881836,0.07199999690055847,0.10973345824050044,0.09433321569112366,-0.004665707986595038,0.7839924641600565,1.316074794985526,-0.0004804376148922415,1.3165552326004182,0.0
167,3.34,idle,locomotion,0,1.2760000228881836,0.07199999690055847,0.10973345824050044,0.09433685700173629,-0.004675255130956302,0.7839918291364114,1.3160741629055612,-0.00048039446762684554,1.316554557373188,0.0
168,3.36,idle,locomotion,0,1.2760000228881836,0.07199999690055847,0.10973345824050044,0.09434051397849795,-0.004684780315650888,0.7839911930336497,1.3160735298979354,-0.00048035120503852127,1.3165538811029738,0.0
169,3.38,idle,locomotion,0,1.2760000228881836,0.07199999690055847,0.10973345824050044,0.09434418320898122,-0.004694282233470599,0.7839905562855309,1.3160728964021595,-0.0004803077962495725,1.3165532041984092,0.0
170,3.4,idle,locomotion,0,1.2760000228881836,0.07199999690055847,0.10973345824050044,0.0943478613204877,-0.0047037602428487355,0.7839899193457086,1.3160722628659904,-0.00048026423278434843,1.3165525270987748,0.0
171,3.42,idle,locomotion,0,1.2760000228881836,0.07199999690055847,0.10973345824050044,0.09435154455903084,-0.004713213090173912,0.7839892827443173,1.3160716297978479,-0.00048022061659324863,1.3165518504144411,0.0
172,3.44,idle,locomotion,0,1.2760000228881836,0.07199999690055847,0.10973345824050044,0.09435522973185774,-0.004722639739518465,0.7839886468169425,1.3160709975270803,-0.000480176964817617,1.316551174491898,0.0
173,3.46,idle,locomotion,0,1.2760000228881836,0.07199999690055847,0.10973345824050044,0.09435891398635098,-0.004732039630941998,0.7839880119621092,1.3160703664472047,-0.0004801331472279492,1.3165504995944326,0.0
174,3.48,idle,locomotion,0,1.2760000228881836,0.07199999690055847,0.10973345824050044,0.09436259400661319,-0.004741412892796396,0.783987378722863,1.3160697370967052,-0.000480089180762866,1.316549826277468,0.0
175,3.5,idle,locomotion,0,1.2760000228881836,0.07199999690055847,0.10973345824050044,0.0943662672633601,-0.004750759696782149,0.7839867478293108,1.3160691101704973,-0.00048004513503853777,1.316549155305536,0.0
176,3.52,idle,locomotion,0,1.2760000228881836,0.07199999690055847,0.10973345824050044,0.09436993159650658,-0.004760079746826202,0.7839861197788595,1.3160684861684067,-0.00048000107603552236,1.3165484872444422,0.0
177,3.54,idle,locomotion,0,1.2760000228881836,0.07199999690055847,0.10973345824050044,0.09437358427468763,-0.0047693722041661805,0.783985494533747,1.316067865058021,-0.00047995690546261474,1.3165478219634836,0.0
178,3.56,idle,locomotion,0,1.2760000228881836,0.07199999690055847,0.10973345824050044,0.09437722342769977,-0.0047786364076842554,0.7839848720166231,1.3160672467584693,-0.0004799126768329255,1.3165471594353022,0.0
179,3.58,idle,locomotion,0,1.2760000228881836,0.07199999690055847,0.10973345824050044,0.0943808464469771,-0.004787871219416387,0.7839842526000906,1.316066631601424,-0.00047986836103465144,1.3165464999624588,0.0
180,3.6,idle,locomotion,0,1.2760000228881836,0.07199999690055847,0.10973345824050044,0.094384451244921,-0.0047970756511248325,0.7839836365231084,1.3160660198392882,-0.0004798239670850135,1.3165458438063733,0.0
181,3.62,idle,locomotion,0,1.2760000228881836,0.07199999690055847,0.10973345824050044,0.0943880360343666,-0.004806248695712234,0.7839830240745274,1.3160654117549897,-0.00047977957579356176,1.3165451913307833,0.0
182,3.64,idle,locomotion,0,1.2760000228881836,0.07199999690055847,0.10973345824050044,0.09439159921392659,-0.004815389555139845,0.7839824154150198,1.316064807510823,-0.00047973511952731016,1.3165445426303504,0.0
183,3.66,idle,locomotion,0,1.2760000228881836,0.07199999690055847,0.10973345824050044,0.09439514011131685,-0.004824497183704082,0.783981810560593,1.3160642071240023,-0.0004796905455184443,1.3165438976695207,0.0
184,3.68,idle,locomotion,0,1.2760000228881836,0.07199999690055847,0.10973345824050044,0.09439865745626003,-0.004833570389176634,0.7839812097087299,1.3160636107805228,-0.000479645955365586,1.3165432567358883,0.0
185,3.7,idle,locomotion,0,1.2760000228881836,0.07199999690055847,0.10973345824050044,0.0944021490509902,-0.004842608977070033,0.7839806132867717,1.3160630188997968,-0.00047960129489161077,1.3165426201946884,0.0
186,3.72,idle,locomotion,0,1.2760000228881836,0.07199999690055847,0.10973345824050044,0.09440561358773092,-0.004851612967287957,0.7839800213649287,1.316062431547946,-0.0004795566357140464,1.3165419881836602,0.0
187,3.74,idle,locomotion,0,1.2760000228881836,0.07199999690055847,0.10973345824050044,0.0944090498845162,-0.004860582042613473,0.7839794341140421,1.3160618488658022,-0.0004795119565172666,1.3165413608223195,0.0
188,3.76,idle,locomotion,0,1.2760000228881836,0.07199999690055847,0.10973345824050044,0.09441245680365008,-0.004869516066968424,0.7839788516456977,1.3160612709579622,-0.0004794672714290675,1.3165407382293912,0.0
189,3.78,idle,locomotion,0,1.2760000228881836,0.07199999690055847,0.10973345824050044,0.09441583292696946,-0.004878414967470819,0.7839782742773198,1.3160606981347502,-0.0004794224866612115,1.3165401206214113,0.0
190,3.8,idle,locomotion,0,1.2760000228881836,0.07199999690055847,0.10973345824050044,0.09441917816468026,-0.004887278338318846,0.7839777018767682,1.3160601302936676,-0.00047937768206326656,1.316539507975731,0.0
191,3.82,idle,locomotion,0,1.2760000228881836,0.07199999690055847,0.10973345824050044,0.09442249286920956,-0.004896104922161508,0.7839771343779942,1.3160595673653825,-0.0004793328387019506,1.3165389002040846,0.0
192,3.84,idle,locomotion,0,1.2760000228881836,0.07199999690055847,0.10973345824050044,0.09442577595177438,-0.004904894221994784,0.783976572039771,1.316059009608692,-0.0004792879603529969,1.316538297569045,0.0
193,3.86,idle,locomotion,0,1.2760000228881836,0.07199999690055847,0.10973345824050044,0.09442902697373314,-0.004913645851552076,0.78397601482295,1.316058456984245,-0.0004792431084786747,1.3165377000927236,0.0
194,3.88,idle,locomotion,0,1.2760000228881836,0.07199999690055847,0.10973345824050044,0.09443224569291732,-0.004922358984534581,0.783975462756791,1.3160579095105076,-0.0004791982932120832,1.3165371078037198,0.0
195,3.9,idle,locomotion,0,1.2760000228881836,0.07199999690055847,0.10973345824050044,0.09443543095184787,-0.0049310339461978115,0.7839749161124361,1.3160573674458078,-0.0004791534326743646,1.3165365208784823,0.0
196,3.92,idle,locomotion,0,1.2760000228881836,0.07199999690055847,0.10973345824050044,0.09443858205571569,-0.004939670765753867,0.7839743749352172,1.3160568308267981,-0.00047910855339720546,1.3165359393801954,0.0
197,3.94,idle,locomotion,0,1.2760000228881836,0.07199999690055847,0.10973345824050044,0.09444169858515303,-0.004948269872646147,0.7839738393035961,1.3160562997241738,-0.00047906353091193773,1.3165353632550858,0.0
198,3.96,idle,locomotion,0,1.2760000228881836,0.07199999690055847,0.10973345824050044,0.09444478054818432,-0.0049568321310346,0.7839733091803461,1.3160557740969958,-0.0004790184595239583,1.3165347925565198,0.0
199,3.98,idle,locomotion,0,1.2760000228881836,0.07199999690055847,0.10973345824050044,0.09444782817089527,-0.004965356693661399,0.7839727845100866,1.316055253887591,-0.0004789734285730943,1.316534227316164,0.0
200,4.0,idle,locomotion,0,1.2760000228881836,0.07199999690055847,0.10973345824050044,0.09445084167706586,-0.00497384261283489,0.7839722651481579,1.3160547389546544,-0.00047892845682974416,1.3165336674114843,0.0
201,4.02,idle,locomotion,0,1.2760000228881836,0.07199999690055847,0.10973345824050044,0.09445382062628624,-0.0049822896736343965,0.783971751327904,1.316054229524744,-0.00047888348244602696,1.31653311300719,0.0
202,4.04,idle,locomotion,0,1.2760000228881836,0.07199999690055847,0.10973345824050044,0.09445676479804871,-0.004990697863747405,0.7839712430546975,1.3160537256187799,-0.00047883852878318964,1.3165325641475631,0.0
203,4.06,idle,locomotion,0,1.2760000228881836,0.07199999690055847,0.10973345824050044,0.094459674343597,-0.004999067244833116,0.7839707402782156,1.316053227177886,-0.0004787935625244488,1.3165320207404103,0.0
204,4.08,idle,locomotion,0,1.2760000228881836,0.07199999690055847,0.10973345824050044,0.09446254960034398,-0.0050073973346191234,0.7839702428880653,1.316052734083721,-0.0004787486561493373,1.3165314827398702,0.0
205,4.1,idle,locomotion,0,1.2760000228881836,0.07199999690055847,0.10973345824050044,0.09446539122444277,-0.005015687335701883,0.7839697508255948,1.316052246290325,-0.00047870370814959845,1.3165309499984745,0.0
206,4.12,idle,locomotion,0,1.2760000228881836,0.07199999690055847,0.10973345824050044,0.09446819870093992,-0.005023937594028707,0.7839692642666122,1.316051763974981,-0.00047865874329261135,1.3165304227182735,0.0
207,4.14,idle,locomotion,0,1.2760000228881836,0.07199999690055847,0.10973345824050044,0.09447097151054892,-0.00503214838511889,0.7839687832050017,1.316051287109686,-0.00047861382036141695,1.3165299009300475,0.0
208,4.16,idle,locomotion,0,1.2760000228881836,0.07199999690055847,0.10973345824050044,0.09447371004787347,-0.005040319848043303,0.7839683075698123,1.316050815629344,-0.0004785688963609702,1.316529384525705,0.0
209,4.18,idle,locomotion,0,1.2760000228881836,0.07199999690055847,0.10973345824050044,0.09447641420160471,-0.005048452770190925,0.7839678374335047,1.316050349594138,-0.0004785239557473786,1.3165288735498855,0.0
210,4.2,idle,locomotion,0,1.2760000228881836,0.07199999690055847,0.10973345824050044,0.09447908463758554,-0.005056547261079281,0.7839673726246852,1.3160498888495478,-0.0004784790329194176,1.316528367882467,0.0
211,4.22,idle,locomotion,0,1.2760000228881836,0.07199999690055847,0.10973345824050044,0.09448172175266084,-0.005064603089157787,0.7839669131328717,1.3160494333890882,-0.00047843405960697194,1.316527867448695,0.0
212,4.24,idle,locomotion,0,1.2760000228881836,0.07199999690055847,0.10973345824050044,0.09448432564472505,-0.005072620327618183,0.7839664589329731,1.3160489831850988,-0.00047838920284659636,1.3165273723879454,0.0
213,4.26,idle,locomotion,0,1.2760000228881836,0.07199999690055847,0.10973345824050044,0.09448689654600048,-0.0050805986703647815,0.7839660100087965,1.3160485382143123,-0.00047834436244809445,1.3165268825767604,0.0
214,4.28,idle,locomotion,0,1.2760000228881836,0.07199999690055847,0.10973345824050044,0.0944894339291078,-0.005088539052069141,0.78396556644975,1.3160480985600338,-0.0004782995942613673,1.3165263981542952,0.0
215,4.3,idle,locomotion,0,1.2760000228881836,0.07199999690055847,0.10973345824050044,0.09449193832539973,-0.005096442486187394,0.7839651280562263,1.3160476640295096,-0.0004782547493165472,1.316525918778826,0.0
216,4.32,idle,locomotion,0,1.2760000228881836,0.07199999690055847,0.10973345824050044,0.09449441029177665,-0.005104308482053792,0.7839646947488621,1.3160472345334007,-0.00047820994167280945,1.3165254444750736,0.0
217,4.34,idle,locomotion,0,1.2760000228881836,0.07199999690055847,0.10973345824050044,0.09449685002006437,-0.005112136662456701,0.7839642665444408,1.3160468100796179,-0.00047816519219419373,1.316524975271812,0.0
218,4.36,idle,locomotion,0,1.2760000228881836,0.07199999690055847,0.10973345824050044,0.09449925772533088,-0.005119926460508046,0.7839638434261151,1.3160463906579496,-0.0004781205088266356,1.3165245111667763,0.0
219,4.38,idle,locomotion,0,1.2760000228881836,0.07199999690055847,0.10973345824050044,0.09450163346260841,-0.005127678423860654,0.7839634254338772,1.3160459763080534,-0.00047807581526512766,1.3165240521233186,0.0
220,4.4,idle,locomotion,0,1.2760000228881836,0.07199999690055847,0.10973345824050044,0.09450397776496634,-0.005135392830768882,0.7839630124566496,1.3160455669275855,-0.00047803106713246654,1.3165235979947179,0.0
221,4.42,idle,locomotion,0,1.2760000228881836,0.07199999690055847,0.10973345824050044,0.09450629105536956,-0.005143069239220877,0.7839626044279437,1.3160451624495109,-0.0004779863529206854,1.3165231488024316,0.0
222,4.44,idle,locomotion,0,1.2760000228881836,0.07199999690055847,0.10973345824050044,0.0945085739551819,-0.005150707436398443,0.783962201218023,1.3160447627530774,-0.000477941701146737,1.316522704454224,0.0
223,4.46,idle,locomotion,0,1.2760000228881836,0.07199999690055847,0.10973345824050044,0.09451082664458309,-0.005158308504227156,0.783961802851533,1.3160443678465057,-0.0004778971609815802,1.3165222650074873,0.0
224,4.48,idle,locomotion,0,1.2760000228881836,0.07199999690055847,0.10973345824050044,0.09451304957344811,-0.005165872833016266,0.7839614092127662,1.316043977613036,-0.00047785262651326224,1.3165218302395492,0.0
225,4.5,idle,locomotion,0,1.2760000228881836,0.07199999690055847,0.10973345824050044,0.09451524286116106,-0.005173400023164438,0.7839610203254743,1.3160435920822569,-0.00047780807689123614,1.316521400159148,0.0
226,4.52,idle,locomotion,0,1.2760000228881836,0.07199999690055847,0.10973345824050044,0.09451740687555338,-0.005180890616982739,0.7839606361280291,1.3160432112079619,-0.0004777635502473468,1.3165209747582092,0.0
227,4.54,idle,locomotion,0,1.2760000228881836,0.07199999690055847,0.10973345824050044,0.09451954241797272,-0.005188344661405519,0.7839602564542443,1.316042834824433,-0.0004777190657246494,1.3165205538901577,0.0
228,4.56,idle,locomotion,0,1.2760000228881836,0.07199999690055847,0.10973345824050044,0.094521649515377,-0.005195762585470159,0.7839598813837125,1.316042463000316,-0.0004776746052026666,1.3165201376055187,0.0
229,4.58,idle,locomotion,0,1.2760000228881836,0.07199999690055847,0.10973345824050044,0.09452372820344321,-0.005203145099245876,0.7839595109185639,1.316042095738401,-0.0004776300963513641,1.3165197258347523,0.0
230,4.6,idle,locomotion,0,1.2760000228881836,0.07199999690055847,0.10973345824050044,0.09452577889837177,-0.0052104922608693024,0.7839591449359773,1.3160417329127418,-0.0004775856397714537,1.3165193185525133,0.0
231,4.62,idle,locomotion,0,1.2760000228881836,0.07199999690055847,0.10973345824050044,0.09452780211841334,-0.005217803943579907,0.7839587833350348,1.3160413744252928,-0.0004775412546837929,1.3165189156799766,0.0
232,4.64,idle,locomotion,0,1.2760000228881836,0.07199999690055847,0.10973345824050044,0.09452979834426736,-0.005225080071389978,0.783958426062537,1.3160410202277695,-0.00047749694201257645,1.316518517169782,0.0
233,4.66,idle,locomotion,0,1.2760000228881836,0.07199999690055847,0.10973345824050044,0.09453176755934542,-0.005232320836741588,0.7839580731597486,1.3160406703537881,-0.0004774527175430768,1.3165181230713312,0.0
234,4.68,idle,locomotion,0,1.2760000228881836,0.07199999690055847,0.10973345824050044,0.09453370997500442,-0.005239526902043719,0.7839577245531929,1.3160403247290156,-0.0004774084717733412,1.316517733200789,0.0
235,4.7,idle,locomotion,0,1.2760000228881836,0.07199999690055847,0.10973345824050044,0.09453562615806282,-0.0052466981943438094,0.7839573801634503,1.3160399832822234,-0.00047736425155559675,1.316517347533779,0.0
236,4.72,idle,locomotion,0,1.2760000228881836,0.07199999690055847,0.10973345824050044,0.09453751618938218,-0.005253834575476552,0.7839570399665199,1.3160396459923687,-0.00047732005665829594,1.316516966049027,0.0
237,4.74,idle,locomotion,0,1.2760000228881836,0.07199999690055847,0.10973345824050044,0.09453938013684988,-0.00526093690734085,0.7839567039887678,1.3160393128763683,-0.00047727589190110775,1.3165165887682695,0.0
238,4.76,idle,locomotion,0,1.2760000228881836,0.07199999690055847,0.10973345824050044,0.0945412190169255,-0.005268005504407522,0.7839563719427869,1.3160389836575779,-0.0004772318576597122,1.3165162155152377,0.0
239,4.78,idle,locomotion,0,1.2760000228881836,0.07199999690055847,0.10973345824050044,0.09454303306415698,-0.005275040705774419,0.7839560439173727,1.31603865841046,-0.0004771878243605733,1.3165158462348205,0.0
240,4.8,idle,locomotion,0,1.2760000228881836,0.07199999690055847,0.10973345824050044,0.09454482148437336,-0.005282043238074462,0.7839557201246515,1.3160383373386741,-0.00047714374553983405,1.316515481084214,0.0
241,4.82,idle,locomotion,0,1.2760000228881836,0.07199999690055847,0.10973345824050044,0.09454658499875114,-0.005289012775893077,0.7839554003246247,1.316038020220845,-0.00047709965238929355,1.3165151198732343,0.0
242,4.84,idle,locomotion,0,1.2760000228881836,0.07199999690055847,0.10973345824050044,0.09454832483795038,-0.005295948141992276,0.7839550842936088,1.3160377068504137,-0.00047705566835377564,1.3165147625187674,0.0
243,4.86,idle,locomotion,0,1.2760000228881836,0.07199999690055847,0.10973345824050044,0.09455004099300272,-0.005302849257885014,0.783954772083083,1.3160373972775736,-0.00047701180123591036,1.3165144090788095,0.0
244,4.88,idle,locomotion,0,1.2760000228881836,0.07199999690055847,0.10973345824050044,0.09455173338224565,-0.0053097170280430655,0.7839544637462956,1.3160370915554616,-0.0004769679725826724,1.3165140595280442,0.0
245,4.9,idle,locomotion,0,1.2760000228881836,0.07199999690055847,0.10973345824050044,0.09455340195016762,-0.0053165522063156135,0.7839541592666595,1.3160367896566585,-0.0004769241813520238,1.3165137138380105,0.0
246,4.92,idle,locomotion,0,1.2760000228881836,0.07199999690055847,0.10973345824050044,0.09455504650090532,-0.00532335614426696,0.7839538586650366,1.3160364915924336,-0.0004768803997566261,1.3165133719921902,0.0
247,4.94,idle,locomotion,0,1.2760000228881836,0.07199999690055847,0.10973345824050044,0.09455666724296354,-0.00533012949250435,0.7839535618802014,1.3160361972980783,-0.0004768366343483356,1.3165130339324267,0.0
248,4.96,idle,locomotion,0,1.2760000228881836,0.07199999690055847,0.10973345824050044,0.09455826509639235,-0.005336871766520815,0.783953268721919,1.3160359065895872,-0.00047679288480502804,1.3165126994743923,0.0
249,4.98,idle,locomotion,0,1.2760000228881836,0.07199999690055847,0.10973345824050044,0.09455984092681093,-0.005343582833126309,0.7839529790354914,1.3160356193330804,-0.00047674917785255413,1.316512368510933,0.0
250,5.0,idle,locomotion,0,1.2760000228881836,0.07199999690055847,0.10973345824050044,0.0945613946423496,-0.0053502631567958715,0.7839526929499322,1.3160353356487098,-0.00047670542880305644,1.3165120410775129,0.0
251,5.02,idle,locomotion,0,1.2760000228881836,0.07199999690055847,0.10973345824050044,0.0945629265464222,-0.00535691224340158,0.783952410430082,1.3160350555034732,-0.00047666175248961204,1.3165117172559628,0.0
252,5.04,idle,locomotion,0,1.2760000228881836,0.07199999690055847,0.10973345824050044,0.0945644367444465,-0.0053635300558463085,0.7839521314363473,1.3160347788551996,-0.00047661820414042835,1.31651139705934,0.0
253,5.06,idle,locomotion,0,1.2760000228881836,0.07199999690055847,0.10973345824050044,0.09456592556120787,-0.0053701173926936395,0.7839518558505111,1.3160345055898643,-0.00047657477931056097,1.3165110803691749,0.0
254,5.08,idle,locomotion,0,1.2760000228881836,0.07199999690055847,0.10973345824050044,0.09456739313719999,-0.005376674163520023,0.7839515837032702,1.3160342357260004,-0.00047653140041321873,1.3165107671264136,0.0
255,5.1,idle,locomotion,0,1.2760000228881836,0.07199999690055847,0.10973345824050044,0.09456883973803838,-0.005383200585207551,0.7839513149588209,1.3160339692387482,-0.00047648798561249553,1.3165104572243607,0.0
256,5.12,idle,locomotion,0,1.2760000228881836,0.07199999690055847,0.10973345824050044,0.09457026556744078,-0.005389697469755224,0.7839510496050895,1.3160337061084404,-0.00047644454855109986,1.3165101506569914,0.0
257,5.14,idle,locomotion,0,1.2760000228881836,0.07199999690055847,0.10973345824050044,0.09457167099055784,-0.005396165202548581,0.7839507875833435,1.31603344628782,-0.0004764010620493947,1.3165098473498695,0.0
258,5.16,idle,locomotion,0,1.2760000228881836,0.07199999690055847,0.10973345824050044,0.0945730569047224,-0.005402603279768062,0.7839505286535386,1.3160331895367052,-0.0004763577761099855,1.3165095473128152,0.0
259,5.18,idle,locomotion,0,1.2760000228881836,0.07199999690055847,0.10973345824050044,0.09457442360444812,-0.005409011502680329,0.7839502728722845,1.3160329359173728,-0.0004763144943576575,1.3165092504117304,0.0
260,5.2,idle,locomotion,0,1.2760000228881836,0.07199999690055847,0.10973345824050044,0.09457577088362441,-0.005415390420162315,0.7839500203019252,1.3160326854930564,-0.00047627123396438986,1.3165089567270207,0.0
261,5.22,idle,locomotion,0,1.2760000228881836,0.07199999690055847,0.10973345824050044,0.09457709911977283,-0.005421740072672331,0.7839497713593429,1.3160324386562972,-0.00047622799395666965,1.316508666650254,0.0
262,5.24,idle,locomotion,0,1.2760000228881836,0.07199999690055847,0.10973345824050044,0.09457840863930406,-0.00542806094372404,0.7839495259812677,1.3160321953334013,-0.0004761848470560097,1.3165083801804573,0.0
263,5.26,idle,locomotion,0,1.2760000228881836,0.07199999690055847,0.10973345824050044,0.09457969957702331,-0.005434353850967915,0.7839492839519562,1.3160319553306674,-0.0004761417288262314,1.3165080970594936,0.0
264,5.28,idle,locomotion,0,1.2760000228881836,0.07199999690055847,0.10973345824050044,0.09458097254920077,-0.005440619141515938,0.78394904489285,1.3160317182863643,-0.0004760987274548961,1.3165078170138191,0.0
265,5.3,idle,locomotion,0,1.2760000228881836,0.07199999690055847,0.10973345824050044,0.09458222735549263,-0.005446856870650115,0.7839488088268879,1.316031484201939,-0.00047605579225113576,1.3165075399941901,0.0
266,5.32,idle,locomotion,0,1.2760000228881836,0.07199999690055847,0.10973345824050044,0.09458346385056877,-0.005453066858463381,0.783948575778874,1.316031253111358,-0.0004760128198340076,1.316507265931192,0.0
267,5.34,idle,locomotion,0,1.2760000228881836,0.07199999690055847,0.10973345824050044,0.09458468250734085,-0.005459248733606887,0.7839483456432678,1.3160310249239697,-0.0004759699227839184,1.3165069948467536,0.0
268,5.36,idle,locomotion,0,1.2760000228881836,0.07199999690055847,0.10973345824050044,0.09458588388194313,-0.0054654021141593186,0.7839481183045037,1.3160307995337497,-0.00047592709112004306,1.3165067266248698,0.0
269,5.38,idle,locomotion,0,1.2760000228881836,0.07199999690055847,0.10973345824050044,0.09458706781914268,-0.005471527290082426,0.7839478938030965,1.316030576966846,-0.0004758843823178885,1.316506461349164,0.0
270,5.4,idle,locomotion,0,1.2760000228881836,0.07199999690055847,0.10973345824050044,0.09458823396412021,-0.0054776243010922245,0.7839476722712884,1.3160303573608116,-0.00047584164206262644,1.3165061990028744,0.0
271,5.42,idle,locomotion,0,1.2760000228881836,0.07199999690055847,0.10973345824050044,0.09458938292013572,-0.005483693312147456,0.7839474535264859,1.3160301405438595,-0.0004757988086350473,1.3165059393524945,0.0
272,5.44,idle,locomotion,0,1.2760000228881836,0.07199999690055847,0.10973345824050044,0.0945905150462869,-0.005489734472098452,0.7839472375679327,1.316029926506934,-0.0004757560495195351,1.3165056825564534,0.0
273,5.46,idle,locomotion,0,1.2760000228881836,0.07199999690055847,0.10973345824050044,0.09459162967966644,-0.005495748444312744,0.7839470245389538,1.3160297153817655,-0.00047571331866949965,1.316505428700435,0.0
274,5.48,idle,locomotion,0,1.2760000228881836,0.07199999690055847,0.10973345824050044,0.09459272698044345,-0.005501735574104544,0.7839468143231744,1.3160295070554462,-0.00047567066315773107,1.3165051777186039,0.0
275,5.5,idle,locomotion,0,1.2760000228881836,0.07199999690055847,0.10973345824050044,0.09459380699678235,-0.005507696149867966,0.7839466069124029,1.3160293015148317,-0.0004756280658339794,1.3165049295806657,0.0
276,5.52,idle,locomotion,0,1.2760000228881836,0.07199999690055847,0.10973345824050044,0.09459487024699935,-0.005513631139693494,0.7839464025263303,1.3160290989670114,-0.0004755854973254453,1.3165046844643369,0.0
277,5.54,idle,locomotion,0,1.2760000228881836,0.07199999690055847,0.10973345824050044,0.09459591713364231,-0.0055195410934208745,0.7839462013446598,1.316028899598701,-0.0004755429562588315,1.31650444255496,0.0
278,5.56,idle,locomotion,0,1.2760000228881836,0.07199999690055847,0.10973345824050044,0.0945969482284819,-0.005525425978626986,0.7839460028341395,1.3160287029059068,-0.0004755004553230052,1.3165042033612298,0.0
279,5.58,idle,locomotion,0,1.2760000228881836,0.07199999690055847,0.10973345824050044,0.09459796364765251,-0.005531285832303272,0.7839458073133466,1.316028509162153,-0.000475458029127164,1.3165039671912802,0.0
280,5.6,idle,locomotion,0,1.2760000228881836,0.07199999690055847,0.10973345824050044,0.09459896328159037,-0.005537121239360228,0.7839456145945591,1.3160283182150692,-0.00047541568594509226,1.3165037339010142,0.0
281,5.62,idle,locomotion,0,1.2760000228881836,0.07199999690055847,0.10973345824050044,0.09459994732473272,-0.005542931839432772,0.7839454242822089,1.3160281296819822,-0.0004753734229849711,1.3165035031049672,0.0
282,5.64,idle,locomotion,0,1.2760000228881836,0.07199999690055847,0.10973345824050044,0.09460091572287334,-0.0055487165887986665,0.7839452362254118,1.316027943414719,-0.0004753312202304856,1.3165032746349496,0.0
283,5.66,hold,kick,2,1.2760000228881836,0.07199999690055847,0.10973345824050044,0.09169948377624873,-0.0060444911970966774,0.7857535384035115,1.3177886963119878,-0.000903900660757892,1.3186925969727457,0.0
284,5.68,hold,kick,3,1.2760000228881836,0.07199999690055847,0.10973345824050044,0.08592990641484093,-0.006998089308763631,0.7876460827526942,1.3194323614897292,-0.0009861066781976999,1.320418468167927,0.0
285,5.7,hold,kick,4,1.2760000228881836,0.07199999690055847,0.10973345824050044,0.08054999619702817,-0.008322482770339527,0.7872808386057717,1.3186480879909728,-0.0012279258845917206,1.3198760138755645,0.0
286,5.72,hold,kick,5,1.2760000228881836,0.07199999690055847,0.10973345824050044,0.07638670781456752,-0.009547549969587349,0.7834941351890141,1.3143403308213069,-0.0012188000472091003,1.315559130868516,0.0
287,5.74,hold,kick,6,1.2760000228881836,0.07199999690055847,0.10973345824050044,0.07352413810079177,-0.0113395602801223,0.7788933117487612,1.3089573736474809,-0.003364090472283171,1.312321464119764,0.0
288,5.76,hold,kick,7,1.2760000228881836,0.07199999690055847,0.10973345824050044,0.07297489312188407,-0.012655573435150261,0.7775967551310402,1.3069247130644897,-0.002259194714135021,1.3091839077786247,0.0
289,5.78,hold,kick,8,1.2760000228881836,0.07199999690055847,0.10973345824050044,0.07468217284761838,-0.01379051984487965,0.7778404730302324,1.3067947220402358,-0.001100751766117649,1.3078954738063535,0.0
290,5.8,hold,kick,9,1.2760000228881836,0.07199999690055847,0.10973345824050044,0.07761711359730238,-0.014897500252573697,0.7786138599265331,1.3074623353778303,-0.0006646854426687852,1.3081270208204991,0.0
291,5.82,hold,kick,10,1.2760000228881836,0.07199999690055847,0.10973345824050044,0.08097569659244502,-0.016004185324255075,0.7795844323180832,1.308488467306342,-0.0005452111829596339,1.3090336784893015,0.0
292,5.84,hold,kick,11,1.2760000228881836,0.07199999690055847,0.10973345824050044,0.08434137686812068,-0.01713125911702712,0.7804721878732999,1.3095413961732458,-0.0005102581836258467,1.3100516543568717,0.0
293,5.86,hold,kick,12,1.2760000228881836,0.07199999690055847,0.10973345824050044,0.08745229319538625,-0.01832377656473965,0.7812223976654874,1.310511553093038,-0.0005030850019490697,1.3110146380949872,0.0
294,5.88,hold,kick,13,1.2760000228881836,0.07199999690055847,0.10973345824050044,0.0901849297225122,-0.019608068257072623,0.7818588168731885,1.3113807015976262,-0.0005103993886793161,1.3118911009863055,0.0
295,5.9,hold,kick,14,1.2760000228881836,0.07199999690055847,0.10973345824050044,0.09255718416522353,-0.020969473482913687,0.7823879625045062,1.3121481621694084,-0.0005392461559872129,1.3126874083253957,0.0
296,5.92,hold,kick,15,1.2760000228881836,0.07199999690055847,0.10973345824050044,0.09459033877939595,-0.022391505508776877,0.7828229236517177,1.3128159562006179,-0.000570214372709054,1.313386170573327,0.0
297,5.94,hold,kick,16,1.2760000228881836,0.07199999690055847,0.10973345824050044,0.0962800795176786,-0.023851374598234477,0.7831610911591953,1.3133676297415087,-0.0005926259070531924,1.313960255648562,0.0
298,5.96,hold,kick,17,1.2760000228881836,0.07199999690055847,0.10973345824050044,0.09763438104362022,-0.025321244326367225,0.7833952856245049,1.313788465192034,-0.0006093653979788206,1.3143978305900128,0.0
299,5.98,hold,kick,18,1.2760000228881836,0.07199999690055847,0.10973345824050044,0.09867097570708136,-0.02677877767934304,0.7835193582652806,1.3140695046384598,-0.0006167199337265006,1.3146862245721864,0.0
300,6.0,hold,kick,19,1.2760000228881836,0.07199999690055847,0.10973345824050044,0.099421394142853,-0.028210021958094977,0.7835388010110625,1.3142164503641147,-0.0006026475911603373,1.314819097955275,0.0
301,6.02,hold,kick,20,1.2760000228881836,0.07199999690055847,0.10973345824050044,0.09993107222397214,-0.029604328788433228,0.7834735672670435,1.3142520989449713,-0.0005715849022380412,1.3148236838472094,0.0
302,6.04,hold,kick,21,1.2760000228881836,0.07199999690055847,0.10973345824050044,0.10024820514322458,-0.0309514409627736,0.7833551751621635,1.3142113515660023,-0.0005530990610562551,1.3147644506270586,0.0
303,6.06,hold,kick,22,1.2760000228881836,0.07199999690055847,0.10973345824050044,0.10041693589707919,-0.032239902003643656,0.7832175102371334,1.3141314894164453,-0.0005515920329646068,1.31468308144941,0.0
304,6.08,hold,kick,23,1.2760000228881836,0.07199999690055847,0.10973345824050044,0.10046595271389086,-0.03345574625745724,0.7830835329055597,1.3140376618262788,-0.000548446721650938,1.3145861085479298,0.0
305,6.1,hold,kick,24,1.2760000228881836,0.07199999690055847,0.10973345824050044,0.10040612602821403,-0.03459531351995938,0.7829735243823714,1.3139480515015962,-0.0005443778451558572,1.3144924293467521,0.0
306,6.12,hold,kick,25,1.2760000228881836,0.07199999690055847,0.10973345824050044,0.10026669014932568,-0.03569585828845034,0.7829880307287107,1.3139599011564407,-0.0005389891926275356,1.3144988903490682,0.0
307,6.14,hold,kick,26,1.2760000228881836,0.07199999690055847,0.10973345824050044,0.1000588032420401,-0.03663833078923851,0.7830199791975396,1.3139853861849415,-0.0005312933462638461,1.3145166795312053,0.0
308,6.16,hold,kick,27,1.2760000228881836,0.07199999690055847,0.10973345824050044,0.09978889114183521,-0.037398017148149304,0.7830232630125489,1.3139783852311167,-0.0005260472054085565,1.3145044324365251,0.0
309,6.18,hold,kick,28,1.2760000228881836,0.07199999690055847,0.10973345824050044,0.09944894908498547,-0.03801243471791762,0.7830509798242761,1.313984030861835,-0.0005214346317959015,1.3145054654936308,0.0
310,6.2,hold,kick,29,1.2760000228881836,0.07199999690055847,0.10973345824050044,0.09903626053098762,-0.03845152905523959,0.7830818182564798,1.3139843731004677,-0.0005178797223789923,1.3145022528228467,0.0
311,6.22,hold,kick,30,1.2760000228881836,0.07199999690055847,0.10973345824050044,0.09856035774148361,-0.038725613499867695,0.7831244605594794,1.3139866963719153,-0.0005148524639638427,1.314501548835879,0.0
312,6.24,hold,kick,31,1.2760000228881836,0.07199999690055847,0.10973345824050044,0.09801914136404533,-0.03883129233621849,0.7831743477449579,1.313987239376095,-0.0005105424342863284,1.3144977818103813,0.0
313,6.26,hold,kick,32,1.2760000228881836,0.07199999690055847,0.10973345824050044,0.09741108667429406,-0.0387782617930733,0.7832342512702787,1.3139882117450126,-0.0005062146741057934,1.3144944264191183,0.0
314,6.28,hold,kick,33,1.2760000228881836,0.07199999690055847,0.10973345824050044,0.09675263976144483,-0.038567177298723165,0.7832994436319114,1.31398872544067,-0.0005031420576204343,1.3144918674982904,0.0
315,6.3,hold,kick,34,1.2760000228881836,0.07199999690055847,0.10973345824050044,0.09605847306267778,-0.03820437791178465,0.7833743102869688,1.3139949784395448,-0.000502738499508118,1.314497716939053,0.0
316,6.32,hold,kick,35,1.2760000228881836,0.07199999690055847,0.10973345824050044,0.0953408710309163,-0.037690719860179835,0.7834548506787176,1.31400666417864,-0.0005041848953675175,1.3145108490740076,0.0
317,6.34,hold,kick,36,1.2760000228881836,0.07199999690055847,0.10973345824050044,0.0946082275964654,-0.03703412428383061,0.7835378024674298,1.3140233255225382,-0.0005065830259151499,1.3145299085484534,0.0
318,6.36,hold,kick,37,1.2760000228881836,0.07199999690055847,0.10973345824050044,0.09386361295901334,-0.03623622889425621,0.7836187474040605,1.31404253550967,-0.0005093576392982101,1.3145518931489684,0.0
319,6.38,hold,kick,38,1.2760000228881836,0.07199999690055847,0.10973345824050044,0.09310550346170858,-0.03529847714481416,0.7836957591981581,1.3140627541537322,-0.0005117902147938544,1.314574544368526,0.0
320,6.4,hold,kick,39,1.2760000228881836,0.07199999690055847,0.10973345824050044,0.0923334726319362,-0.03422713266433933,0.7837678856107594,1.314082553380011,-0.000513471737446803,1.3145960251174578,0.0
321,6.42,hold,kick,40,1.2760000228881836,0.07199999690055847,0.10973345824050044,0.09154911924680742,-0.033028339097005484,0.7838331552660732,1.3140997166165778,-0.0005145040757245783,1.3146142206923024,0.0
322,6.44,hold,kick,41,1.2760000228881836,0.07199999690055847,0.10973345824050044,0.09075481303825438,-0.031708757641155244,0.783891358242905,1.3141134138700707,-0.0005150316968281117,1.3146284455668988,0.0
323,6.46,hold,kick,42,1.2760000228881836,0.07199999690055847,0.10973345824050044,0.08995338259718257,-0.030273933018524355,0.7839412337929897,1.3141218120110727,-0.0005151040391734307,1.314636916050246,0.0
324,6.48,hold,kick,43,1.2760000228881836,0.07199999690055847,0.10973345824050044,0.08914858723164189,-0.028730890017968518,0.7839827076363692,1.3141237944961472,-0.0005148241581104385,1.3146386186542576,0.0
325,6.5,hold,kick,44,1.2760000228881836,0.07199999690055847,0.10973345824050044,0.08834397656079135,-0.027088500306033284,0.7840172998907491,1.3141197500438655,-0.0005142409403148668,1.3146339909841804,0.0
326,6.52,hold,kick,45,1.2760000228881836,0.07199999690055847,0.10973345824050044,0.08753935493030014,-0.02535204362760658,0.7840424061499047,1.3141053974070116,-0.0005133438887718889,1.3146187412957835,0.0
327,6.54,hold,kick,46,1.2760000228881836,0.07199999690055847,0.10973345824050044,0.08673393671977715,-0.023528528759625404,0.7840571462020662,1.3140777651688065,-0.0005120092887775894,1.314589774457584,0.0
328,6.56,hold,kick,47,1.2760000228881836,0.07199999690055847,0.10973345824050044,0.08592913005325953,-0.02162370915597222,0.7840604244349514,1.3140343697681176,-0.000510267255276052,1.3145446370233937,0.0
329,6.58,hold,kick,48,1.2760000228881836,0.07199999690055847,0.10973345824050044,0.0851275917220878,-0.019643951132525855,0.7840514949681876,1.3139734482599774,-0.0005081243186712582,1.3144815725786487,0.0
330,6.6,hold,kick,49,1.2760000228881836,0.07199999690055847,0.10973345824050044,0.08433223613455892,-0.01759644071845842,0.7840297612251668,1.3138935475973224,-0.000505609506310685,1.314399157103633,0.0
331,6.62,hold,kick,50,1.2760000228881836,0.07199999690055847,0.10973345824050044,0.08354332307520945,-0.015489522986239887,0.7839941217850538,1.3137927576907702,-0.0005027261003581959,1.3142954837911285,0.0
332,6.64,hold,kick,51,1.2760000228881836,0.07199999690055847,0.10973345824050044,0.08276037309216086,-0.013330816107763887,0.7839427040532118,1.3136684282806086,-0.0004996615822328437,1.3141680898628414,0.0
333,6.66,hold,kick,52,1.2760000228881836,0.07199999690055847,0.10973345824050044,0.08198546932614353,-0.011125975547408275,0.7838742516656457,1.3135193277856312,-0.0004959231141532065,1.3140152508997844,0.0
334,6.68,hold,kick,53,1.2760000228881836,0.07199999690055847,0.10973345824050044,0.08126344611655172,-0.008853359348673354,0.7838750923884257,1.3134071746995777,-0.0004977093029588202,1.3139048840025365,0.0
335,6.7,hold,kick,54,1.2760000228881836,0.07199999690055847,0.10973345824050044,0.08046502088488548,-0.0065575320905139805,0.7840636722648228,1.313341923064924,-0.0005535090113804285,1.3138954320763043,0.0
336,6.72,hold,kick,55,1.2760000228881836,0.07199999690055847,0.10973345824050044,0.07934857756215676,-0.004210881754740065,0.7841598280552372,1.3130105663097107,-0.0006099489089020499,1.3136205152186127,0.0
337,6.74,hold,kick,56,1.2760000228881836,0.07199999690055847,0.10973345824050044,0.07803920924652744,-0.0018373626469154625,0.7841158528062658,1.3124032653585758,-0.0006027604391122508,1.313006025797688,0.0
338,6.76,hold,kick,57,1.2760000228881836,0.07199999690055847,0.10973345824050044,0.07685018312737159,0.0005783796876132667,0.7840753106890093,1.311771697074567,-0.0006265561172827255,1.3123982531918497,0.0
339,6.78,hold,kick,58,1.2760000228881836,0.07199999690055847,0.10973345824050044,0.07593134378321398,0.0030299311029016447,0.7841394220594714,1.3112783331046114,-0.0007158950495211348,1.3119942281541326,0.0
340,6.8,hold,kick,59,1.2760000228881836,0.07199999690055847,0.10973345824050044,0.07527863389685789,0.005457678004111593,0.7843537773945376,1.3109735117253623,-0.0008605671174973725,1.3118340788428595,0.0
341,6.82,hold,kick,60,1.2760000228881836,0.07199999690055847,0.10973345824050044,0.07484892460267573,0.0077931573572140615,0.7846789818735138,1.3108034444299161,-0.0009951469733190076,1.311798591403235,0.0
342,6.84,hold,kick,61,1.2760000228881836,0.07199999690055847,0.10973345824050044,0.07463496017582619,0.01001320112236625,0.7850706425360774,1.3107152258830017,-0.0011145528343231847,1.311829778717325,0.0
343,6.86,hold,kick,62,1.2760000228881836,0.07199999690055847,0.10973345824050044,0.07465963866142497,0.012145596369292362,0.785531632398094,1.3107224678909495,-0.0012665108520494746,1.311988978742999,0.0
344,6.88,hold,kick,63,1.2760000228881836,0.07199999690055847,0.10973345824050044,0.07488641708241953,0.014231961162800765,0.7861186261498724,1.3108842311780113,-0.0014617766858946966,1.312346007863906,0.0
345,6.9,hold,kick,64,1.2760000228881836,0.07199999690055847,0.10973345824050044,0.07525466961946348,0.01631856207775614,0.7869038055698236,1.3112635979673597,-0.0016742438369501296,1.3129378418043098,0.0
346,6.92,hold,kick,65,1.2760000228881836,0.07199999690055847,0.10973345824050044,0.07569964172911156,0.018490171635317538,0.7879807920240611,1.3119409979325192,-0.0018671642157927944,1.313808162148312,0.0
347,6.94,hold,kick,66,1.2760000228881836,0.07199999690055847,0.10973345824050044,0.07616577726565489,0.02083888987042036,0.7893829315064043,1.312947294931407,-0.0020630971362922725,1.3150103920676992,0.0
348,6.96,hold,kick,67,1.2760000228881836,0.07199999690055847,0.10973345824050044,0.07658093975850311,0.02339405615702437,0.7911148529179384,1.3142528305228294,-0.0022493659842833733,1.3165021965071126,0.0
349,6.98,hold,kick,68,1.2760000228881836,0.07199999690055847,0.10973345824050044,0.07697145694137748,0.026142555589523286,0.7931196201549597,1.3158090062488057,-0.002440476702039493,1.318249482950845,0.0
350,7.0,hold,kick,69,1.2760000228881836,0.07199999690055847,0.10973345824050044,0.0776421723592463,0.0290382587021305,0.795178841047381,1.3175444820460565,-0.002650627381225165,1.3201951094272817,0.0
351,7.02,hold,kick,70,1.2760000228881836,0.07199999690055847,0.10973345824050044,0.07880806205683846,0.03206998609163026,0.7971778256688048,1.3194356209066689,-0.0028723391164037076,1.3223079600230725,0.0
352,7.04,hold,kick,71,1.2760000228881836,0.07199999690055847,0.10973345824050044,0.08039590595327668,0.03527507742874153,0.7991386068567287,1.3214585839695407,-0.003104413349579213,1.32456299731912,0.0
353,7.06,hold,kick,72,1.2760000228881836,0.07199999690055847,0.10973345824050044,0.08232858424459857,0.038613080687849896,0.8010316475018349,1.3235353542377997,-0.003321130859996038,1.3268564850977957,0.0
354,7.08,hold,kick,73,1.2760000228881836,0.07199999690055847,0.10973345824050044,0.08468990371048993,0.04189671542919691,0.802757107054809,1.325569822913992,-0.003490598955020588,1.3290604218690127,0.0
355,7.1,hold,kick,74,1.2760000228881836,0.07199999690055847,0.10973345824050044,0.08753837243713668,0.04493589992532451,0.8041693881650613,1.3274060072818121,-0.003615812379515984,1.3310218196613282,0.0
356,7.12,hold,kick,75,1.2760000228881836,0.07199999690055847,0.10973345824050044,0.09084493892470152,0.047589660400794945,0.8052146137541357,1.3289308521059868,-0.0028074371893067884,1.3317382892952936,0.0
357,7.14,hold,kick,76,1.2760000228881836,0.07199999690055847,0.10973345824050044,0.09444725587110911,0.04983443499071369,0.8059358544360669,1.3300787874382132,-0.001131778997364774,1.331210566435578,0.0
358,7.16,hold,kick,77,1.2760000228881836,0.07199999690055847,0.10973345824050044,0.09834877646402244,0.05167396424543471,0.806378094868887,1.3308882366902657,-0.000500644000161702,1.3313888806904275,0.0
359,7.18,hold,kick,78,1.2760000228881836,0.07199999690055847,0.10973345824050044,0.10263149580187934,0.053074577592500054,0.8065299468667844,1.3313825923809357,-0.0005002281200406425,1.3318828205009763,0.0
360,7.2,hold,kick,79,1.2760000228881836,0.07199999690055847,0.10973345824050044,0.10726522307951084,0.05402496340982881,0.8063416780931105,1.331500104712437,-0.0005005362769325492,1.3320006409893697,0.0
361,7.22,hold,kick,80,1.2760000228881836,0.07199999690055847,0.10973345824050044,0.11224797571224072,0.054586903115902356,0.8058039917957412,1.3312256306248158,-0.0005008018846322307,1.331726432509448,0.0
362,7.24,hold,kick,81,1.2760000228881836,0.07199999690055847,0.10973345824050044,0.11774361631004737,0.05488440356720211,0.80496088100687,1.3306581002704072,-0.000499893204241774,1.331157993474649,0.0
363,7.26,hold,kick,82,1.2760000228881836,0.07199999690055847,0.10973345824050044,0.12397489473493731,0.05502085666464673,0.8038701908244935,1.3299255562937575,-0.0004958965501542338,1.3304214528439118,0.0
364,7.28,hold,kick,83,1.2760000228881836,0.07199999690055847,0.10973345824050044,0.13097723355963115,0.054951177276348524,0.8024793178504542,1.3289823085788859,-0.000490026295937012,1.329472334874823,0.0
365,7.3,hold,kick,84,1.2760000228881836,0.07199999690055847,0.10973345824050044,0.1385137875429112,0.05451921177782482,0.8006413789821234,1.3275909231151413,-0.0004884490575748912,1.3280793721727162,0.0
366,7.32,hold,kick,85,1.2760000228881836,0.07199999690055847,0.10973345824050044,0.1466428130284753,0.053581386878299705,0.7983235000902339,1.3256973276427486,-0.000503964036011318,1.32620129167876,0.0
367,7.34,hold,kick,86,1.2760000228881836,0.07199999690055847,0.10973345824050044,0.1559071427097064,0.05209459010449098,0.795557718759495,1.3234853726548053,-0.0005575527902016326,1.3240429254450068,0.0
368,7.36,hold,kick,87,1.2760000228881836,0.07199999690055847,0.10973345824050044,0.16632456440374413,0.05011332888357561,0.7923342864666058,1.3209710413075502,-0.0007101511563384275,1.3216811924638885,0.0
369,7.38,hold,kick,88,1.2760000228881836,0.07199999690055847,0.10973345824050044,0.17733477226815628,0.04783858146966129,0.7886021686536583,1.317934466552127,-0.0009507161489659202,1.318885182701093,0.0
370,7.4,hold,kick,89,1.2760000228881836,0.07199999690055847,0.10973345824050044,0.18879384335698998,0.04545740540758763,0.7842830225077823,1.3142316390435298,-0.0012238881845931318,1.315455527228123,0.0
371,7.42,hold,kick,90,1.2760000228881836,0.07199999690055847,0.10973345824050044,0.20095782938333792,0.043081524627876816,0.7793984249180693,1.3099349165583014,-0.0015112505909140525,1.3114461671492155,0.0
372,7.44,hold,kick,91,1.2760000228881836,0.07199999690055847,0.10973345824050044,0.21403645159901583,0.04080958782461957,0.7740117657390037,1.3051179940962145,-0.0017444694301028928,1.3068624635263175,0.0
373,7.46,hold,kick,92,1.2760000228881836,0.07199999690055847,0.10973345824050044,0.2280564015799697,0.03849315648674073,0.768243774368208,1.2998697022839827,-0.0018968637892030384,1.3017665660731856,0.0
374,7.48,hold,kick,93,1.2760000228881836,0.07199999690055847,0.10973345824050044,0.24142620127394718,0.03768298221062498,0.7647118622244184,1.2965108718261473,-0.003261024422848178,1.2997718962489955,0.0
375,7.5,hold,kick,94,1.2760000228881836,0.07199999690055847,0.10973345824050044,0.25169264863306084,0.036959796750403534,0.7665016848271531,1.2979705008104065,-0.002304503079847857,1.3002750038902544,0.0
376,7.52,hold,kick,95,1.2760000228881836,0.07199999690055847,0.10973345824050044,0.2615158599930282,0.034834329526236205,0.770515894798616,1.3014816176725807,-0.002582460090095509,1.3040640777626762,0.0
377,7.54,hold,kick,96,1.2760000228881836,0.07199999690055847,0.10973345824050044,0.2716984471344566,0.03242968277540647,0.7753232038122836,1.3057921462538276,-0.0029399376733520374,1.3087320839271797,0.0
378,7.56,hold,kick,97,1.2760000228881836,0.07199999690055847,0.10973345824050044,0.28218759344141037,0.03029924488959243,0.780190111965086,1.31020626520567,-0.0032882491501336764,1.3134945143558037,0.0
379,7.58,hold,kick,98,1.2760000228881836,0.07199999690055847,0.10973345824050044,0.29258149702029845,0.0284564951876479,0.7848508317663925,1.314416652458749,-0.0038042852667614785,1.3182209377255105,0.0
380,7.6,hold,kick,99,1.2760000228881836,0.07199999690055847,0.10973345824050044,0.3025274415751032,0.02677113617147075,0.7891910592096315,1.3182797214220103,-0.0041373205337934815,1.322417041955804,0.0
381,7.62,hold,kick,100,1.2760000228881836,0.07199999690055847,0.10973345824050044,0.31182665844783714,0.02520457376840978,0.7931043501044047,1.3216911987798052,-0.0037152185395625398,1.3254064173193678,0.0
382,7.64,hold,kick,101,1.2760000228881836,0.07199999690055847,0.10973345824050044,0.3204583407690275,0.023620625093218637,0.7966439877752394,1.3247329166025485,-0.0015067067287213992,1.3262396233312699,0.0
383,7.66,hold,kick,102,1.2760000228881836,0.07199999690055847,0.10973345824050044,0.32861324324129837,0.02190947691694663,0.7998081941944591,1.327461760478551,-0.0005132316227785261,1.3279749921013295,0.0
384,7.68,hold,kick,103,1.2760000228881836,0.07199999690055847,0.10973345824050044,0.33642435656900554,0.020136848970705744,0.8024649440253696,1.3297587516750657,-0.0005446094235348337,1.3303033610986006,0.0
385,7.7,hold,kick,104,1.2760000228881836,0.07199999690055847,0.10973345824050044,0.3437619737706364,0.018401302748311702,0.8045716000411072,1.3315227623867822,-0.0006043185349035966,1.3321270809216859,0.0
386,7.72,hold,kick,105,1.2760000228881836,0.07199999690055847,0.10973345824050044,0.35063464985853815,0.016752505838986322,0.8063008164311135,1.3328700387686536,-0.0006801396746701702,1.3335501784433237,0.0
387,7.74,hold,kick,106,1.2760000228881836,0.07199999690055847,0.10973345824050044,0.35715027477846567,0.01525184435546584,0.8077170737817915,1.3338188228304406,-0.00072523767160243,1.334544060502043,0.0
388,7.76,hold,kick,107,1.2760000228881836,0.07199999690055847,0.10973345824050044,0.36332608138298034,0.014116362015345963,0.808602898743199,1.334110067980174,-0.0007101068541753124,1.3348201748343493,0.0
389,7.78,hold,kick,108,1.2760000228881836,0.07199999690055847,0.10973345824050044,0.3691995428980403,0.013592410453045932,0.808946292751153,1.3337150211752755,-0.0006705595961613332,1.3343855807714369,0.0
390,7.8,hold,kick,109,1.2760000228881836,0.07199999690055847,0.10973345824050044,0.37500519124446413,0.013819688833668272,0.8089833811770198,1.3329238641379937,-0.0006538318786580774,1.3335776960166517,0.0
391,7.82,hold,kick,110,1.2760000228881836,0.07199999690055847,0.10973345824050044,0.3809382792111751,0.014901282571248889,0.8088616986290975,1.331964440962456,-0.0007003243438441324,1.3326647653063002,0.0
392,7.84,hold,kick,111,1.2760000228881836,0.07199999690055847,0.10973345824050044,0.38714002149710713,0.016862851499475164,0.808618021202452,1.330967527869825,-0.0008142628340263788,1.3317817907038514,0.0
393,7.86,hold,kick,112,1.2760000228881836,0.07199999690055847,0.10973345824050044,0.39359883709567256,0.019579707350541587,0.8083264181618707,1.3300217077772742,-0.0010129240919024632,1.3310346318691768,0.0
394,7.88,hold,kick,113,1.2760000228881836,0.07199999690055847,0.10973345824050044,0.4002202995774655,0.022890225864638482,0.8079440980932384,1.3290257999519288,-0.0011788147270597842,1.3302046146789885,0.0
395,7.9,hold,kick,114,1.2760000228881836,0.07199999690055847,0.10973345824050044,0.4070489618826943,0.026726648719380252,0.8072752936631509,1.327776194960829,-0.001173349792628165,1.3289495447534572,0.0
396,7.92,hold,kick,115,1.2760000228881836,0.07199999690055847,0.10973345824050044,0.4141431609541935,0.031095364539196924,0.8061824122131234,1.326113983055658,-0.0010171611857985978,1.3271311442414566,0.0
397,7.94,hold,kick,116,1.2760000228881836,0.07199999690055847,0.10973345824050044,0.421606252948728,0.035981746274371174,0.8046481304121422,1.3240425865508618,-0.0007843154165657999,1.3248269019674277,0.0
398,7.96,hold,kick,117,1.2760000228881836,0.07199999690055847,0.10973345824050044,0.42961811260462096,0.041351193644772646,0.802729082690327,1.3216585227738329,-0.0005656242146708131,1.3222241469885037,0.0
399,7.98,hold,kick,118,1.2760000228881836,0.07199999690055847,0.10973345824050044,0.4383824762499401,0.04713305039114997,0.8004136151733034,1.3190472465684124,-0.0005382131184301156,1.3195854596868426,0.0
400,8.0,hold,kick,119,1.2760000228881836,0.07199999690055847,0.10973345824050044,0.4480576754708124,0.05322449695377362,0.797618368933103,1.3162231226724186,-0.0005108922082920006,1.3167340148807105,0.0
401,8.02,hold,kick,120,1.2760000228881836,0.07199999690055847,0.10973345824050044,0.45874340316514073,0.059663107566439076,0.7944399113507971,1.3133228256084968,-0.0004916517103692626,1.313814477318866,0.0
402,8.04,hold,kick,121,1.2760000228881836,0.07199999690055847,0.10973345824050044,0.4704496233829391,0.06647103752545451,0.7910063179364919,1.3105032223033752,-0.0004844028969473897,1.3109876252003225,0.0
403,8.06,hold,kick,122,1.2760000228881836,0.07199999690055847,0.10973345824050044,0.4832338348748128,0.07349106866837693,0.7872892208390322,1.3077577229811148,-0.00046349935561489086,1.3082212223367298,0.0
404,8.08,hold,kick,123,1.2760000228881836,0.07199999690055847,0.10973345824050044,0.4972367095972534,0.08072286607718644,0.7831155804619642,1.3049512137385475,-0.0004356261532917037,1.3053868398918391,0.0
405,8.1,hold,kick,124,1.2760000228881836,0.07199999690055847,0.10973345824050044,0.5121332748958786,0.0883210696094457,0.7782959663357051,1.3016735226210334,-0.00041318572437550743,1.3020867083454088,0.0
406,8.12,hold,kick,125,1.2760000228881836,0.07199999690055847,0.10973345824050044,0.5273290448588447,0.0964136313257104,0.7726939706274193,1.2974617009625573,-0.0004330273486599402,1.2978947283112172,0.0
407,8.14,hold,kick,126,1.2760000228881836,0.07199999690055847,0.10973345824050044,0.5425490266904256,0.10508120197822617,0.7662647966626345,1.2921359781806405,-0.0025451724546561236,1.2946811506352967,0.0
408,8.16,hold,kick,127,1.2760000228881836,0.07199999690055847,0.10973345824050044,0.5558109451988346,0.1123656617342599,0.7614972159045403,1.2876708394439458,-0.0035375247490637904,1.2912083641930097,0.0
409,8.18,hold,kick,128,1.2760000228881836,0.07199999690055847,0.10973345824050044,0.5680009569332859,0.1189941397184295,0.7590068140478725,1.2850244256451975,-0.0012357077736230085,1.2862601334188204,0.0
410,8.2,hold,kick,129,1.2760000228881836,0.07199999690055847,0.10973345824050044,0.5799660453538867,0.125472455426063,0.7582695621584767,1.2839648558312646,-0.0019349201390205448,1.2858997759702853,0.0
411,8.22,hold,kick,130,1.2760000228881836,0.07199999690055847,0.10973345824050044,0.591190683459625,0.13158329879126987,0.7600022894214138,1.2852625820537735,-0.0018438562499521818,1.2871064383037256,0.0
412,8.24,hold,kick,131,1.2760000228881836,0.07199999690055847,0.10973345824050044,0.602492801854786,0.13801032043966371,0.76287866200076,1.2879663093009366,-0.0021399913836054954,1.2901063006845421,0.0
413,8.26,hold,kick,132,1.2760000228881836,0.07199999690055847,0.10973345824050044,0.6138695235340186,0.14455790928434492,0.7663017855276649,1.2914100488852593,-0.0026315004814878723,1.2940415493667472,0.0
414,8.28,hold,kick,133,1.2760000228881836,0.07199999690055847,0.10973345824050044,0.6251148878381741,0.15109681941542982,0.7701088567452379,1.2952401117102312,-0.0030689674968453345,1.2983090792070766,0.0
415,8.3,hold,kick,134,1.2760000228881836,0.07199999690055847,0.10973345824050044,0.6361483766515562,0.15754004785375622,0.774194646624089,1.2992901117916285,-0.003411893092854286,1.3027020048844828,0.0
416,8.32,hold,kick,135,1.2760000228881836,0.07199999690055847,0.10973345824050044,0.6469886083238489,0.1637323135645098,0.778357154857463,1.3034331695600991,-0.0036757902728896397,1.3071089598329888,0.0
417,8.34,hold,kick,136,1.2760000228881836,0.07199999690055847,0.10973345824050044,0.6575340939385655,0.16952417037512157,0.7822964181130294,1.3074070276289311,-0.003901619311766899,1.311308646940698,0.0
418,8.36,hold,kick,137,1.2760000228881836,0.07199999690055847,0.10973345824050044,0.667375449902824,0.17501368391878327,0.7860557743369472,1.3110951893093157,-0.004016671074875258,1.315111860384191,0.0
419,8.38,hold,kick,138,1.2760000228881836,0.07199999690055847,0.10973345824050044,0.6762387185497541,0.18009326581156251,0.7897951101229281,1.3145889052833732,-0.003978193854133033,1.3185670991375062,0.0
420,8.4,hold,kick,139,1.2760000228881836,0.07199999690055847,0.10973345824050044,0.6842259548222127,0.18455244454185948,0.7934493356453227,1.3178955244446404,-0.0007635873174889202,1.3186591117621294,0.0
421,8.42,hold,kick,140,1.2760000228881836,0.07199999690055847,0.10973345824050044,0.6914622814390129,0.18848950941016712,0.7970103126523459,1.3210595006821368,-0.0005451237108779518,1.3216046243930148,0.0
422,8.44,hold,kick,141,1.2760000228881836,0.07199999690055847,0.10973345824050044,0.6981537939643203,0.19210767566519069,0.8004191957750224,1.3241192576811527,-0.000567158364060863,1.3246864160452136,0.0
423,8.46,hold,kick,142,1.2760000228881836,0.07199999690055847,0.10973345824050044,0.7044566077302846,0.1954426187848793,0.803734221514799,1.3271383497757177,-0.0006282707617997381,1.3277666205375174,0.0
424,8.48,hold,kick,143,1.2760000228881836,0.07199999690055847,0.10973345824050044,0.7104625859050882,0.19837285984436176,0.8069476286264631,1.3300783723524012,-0.0007146886062041682,1.3307930609586054,0.0
425,8.5,hold,kick,144,1.2760000228881836,0.07199999690055847,0.10973345824050044,0.7162536412178048,0.20087662970555284,0.8098045719417316,1.3327256452203429,-0.0007537823655478955,1.3334794275858908,0.0
426,8.52,hold,kick,145,1.2760000228881836,0.07199999690055847,0.10973345824050044,0.7217805263430171,0.20298094468647596,0.8121615121143203,1.334869554366088,-0.0007272604573260351,1.335596814823414,0.0
427,8.54,hold,kick,146,1.2760000228881836,0.07199999690055847,0.10973345824050044,0.7270091545145725,0.20463926718619138,0.814082405115762,1.3364909912741225,-0.0007150306615614221,1.337206021935684,0.0
428,8.56,hold,kick,147,1.2760000228881836,0.07199999690055847,0.10973345824050044,0.7321066836760122,0.20572972575691245,0.8156010682074113,1.3377060074466396,-0.0006803582138675129,1.338386365660507,0.0
429,8.58,hold,kick,148,1.2760000228881836,0.07199999690055847,0.10973345824050044,0.7371142004164766,0.20611770562236384,0.8168060956751064,1.33862493069162,-0.0006216439953184855,1.3392465746869384,0.0
430,8.6,hold,kick,149,1.2760000228881836,0.07199999690055847,0.10973345824050044,0.7419410998412276,0.20574606360936906,0.8179083510976679,1.3393415015851056,-0.0005775073345202081,1.3399190089196258,0.0
431,8.62,hold,kick,150,1.2760000228881836,0.07199999690055847,0.10973345824050044,0.7467006632999276,0.20455156089045035,0.8185950197428777,1.339625607699132,-0.0005668910165807367,1.3401924987157128,0.0
432,8.64,hold,kick,151,1.2760000228881836,0.07199999690055847,0.10973345824050044,0.7517528109724074,0.20250608342383475,0.8183275649221395,1.3391490090538873,-0.0005919266350272352,1.3397409356889145,0.0
433,8.66,hold,kick,152,1.2760000228881836,0.07199999690055847,0.10973345824050044,0.7573782390741698,0.1999194692409511,0.8171349581866172,1.3379812074655393,-0.0005598939221687187,1.338541101387708,0.0
434,8.68,hold,kick,153,1.2760000228881836,0.07199999690055847,0.10973345824050044,0.7635453891496771,0.19715019160727104,0.8153314163732801,1.336311476367134,-0.0005114088338305234,1.3368228852009645,0.0
435,8.7,hold,kick,154,1.2760000228881836,0.07199999690055847,0.10973345824050044,0.7703133282047235,0.1942965943570932,0.8130394687583211,1.3342749098554565,-0.0010566717905782785,1.3353315816460347,0.0
436,8.72,hold,kick,155,1.2760000228881836,0.07199999690055847,0.10973345824050044,0.7773628753167925,0.19233999426285311,0.8110929090021234,1.3325732560825594,-0.005880609447616647,1.338453865530176,0.0
437,8.74,hold,kick,156,1.2760000228881836,0.07199999690055847,0.10973345824050044,0.7839576041778712,0.1915666144711644,0.8099536177867978,1.3315381467961334,-0.00440419505652366,1.335942341852657,0.0
438,8.76,hold,kick,157,1.2760000228881836,0.07199999690055847,0.10973345824050044,0.7901682797644549,0.1908778826178181,0.8086525642172863,1.3302869735075706,-0.0038836858305762306,1.3341706593381468,0.0
439,8.78,hold,kick,158,1.2760000228881836,0.07199999690055847,0.10973345824050044,0.7961144561350048,0.19001950932281622,0.8070343556759871,1.3286895814468358,-0.0036361983140331816,1.332325779760869,0.0
440,8.8,hold,kick,159,1.2760000228881836,0.07199999690055847,0.10973345824050044,0.8018510276833057,0.18902967364716927,0.8050095476641382,1.3266980026024584,-0.0034193461791402688,1.3301173487815987,0.0
441,8.82,hold,kick,160,1.2760000228881836,0.07199999690055847,0.10973345824050044,0.807312577209006,0.18806674586476585,0.8026157548032716,1.3243256119211908,-0.0031164513779133804,1.3274420632991042,0.0
442,8.84,hold,kick,161,1.2760000228881836,0.07199999690055847,0.10973345824050044,0.8123261516029422,0.187135985892569,0.799990331871524,1.321575757907888,-0.0027502529202611745,1.3243260108281492,0.0
443,8.86,hold,kick,162,1.2760000228881836,0.07199999690055847,0.10973345824050044,0.8167802468404867,0.18614226065793976,0.7970923684013927,1.3183358128445581,-0.002386643930085919,1.320722456774644,0.0
444,8.88,hold,kick,163,1.2760000228881836,0.07199999690055847,0.10973345824050044,0.8206551116468279,0.18497691964544014,0.7937843908492171,1.3144313532652263,-0.002084031241133953,1.3165153845063602,0.0
445,8.9,hold,kick,164,1.2760000228881836,0.07199999690055847,0.10973345824050044,0.8240252537395263,0.18343418131576036,0.790369773402156,1.31013751405194,-0.0022213169315957494,1.3123588309835357,0.0
446,8.92,hold,kick,165,1.2760000228881836,0.07199999690055847,0.10973345824050044,0.8268684804054754,0.1819730927538147,0.7873447747187481,1.3059036207228065,-0.0025182894757701663,1.3084219101985768,0.0
447,8.94,hold,kick,166,1.2760000228881836,0.07199999690055847,0.10973345824050044,0.8283707682335797,0.18126442134834428,0.7880563766701661,1.3044450887738355,-0.0020873938043399244,1.3065324825781754,0.0
448,8.96,hold,kick,167,1.2760000228881836,0.07199999690055847,0.10973345824050044,0.8300950412331802,0.1795259310051836,0.7906635461952985,1.3047040382966573,-0.0014910054063554078,1.3061950437030128,0.0
449,8.98,hold,kick,168,1.2760000228881836,0.07199999690055847,0.10973345824050044,0.8326420452733558,0.17739233896279094,0.7938934559441868,1.3058440401332982,-0.0018894687154898324,1.307733508848788,0.0
450,9.0,hold,kick,169,1.2760000228881836,0.07199999690055847,0.10973345824050044,0.8361170830544287,0.17549974560916282,0.7970836952269309,1.3074824861832832,-0.0022975835836418212,1.309780069766925,0.0
451,9.02,hold,kick,170,1.2760000228881836,0.07199999690055847,0.10973345824050044,0.8401301793917451,0.1740886004588796,0.7997386567540722,1.3090820907320164,-0.0026731960841068006,1.3117552868161233,0.0
452,9.04,hold,kick,171,1.2760000228881836,0.07199999690055847,0.10973345824050044,0.8441788381499814,0.17320148138761046,0.8016967978856067,1.3101845525208704,-0.0030334476966558943,1.3132180002175262,0.0
453,9.06,hold,kick,172,1.2760000228881836,0.07199999690055847,0.10973345824050044,0.8482973260527592,0.1727598669317943,0.8030199253547902,1.3108063131149121,-0.003348050650830471,1.3141543637657427,0.0
454,9.08,hold,kick,173,1.2760000228881836,0.07199999690055847,0.10973345824050044,0.8528187007819289,0.17278143466819676,0.8037571640258762,1.3110719108201052,-0.003575083977062632,1.314646994797168,0.0
455,9.1,hold,kick,174,1.2760000228881836,0.07199999690055847,0.10973345824050044,0.8577992603224395,0.1733711573123474,0.8039215668336839,1.3109476148513224,-0.002467648016592605,1.313415262867915,0.0
456,9.12,hold,kick,175,1.2760000228881836,0.07199999690055847,0.10973345824050044,0.86306757912299,0.17444053605872395,0.8035849223466889,1.3102953719497252,-0.0005664093243980192,1.3108617812741232,0.0
457,9.14,hold,kick,176,1.2760000228881836,0.07199999690055847,0.10973345824050044,0.8686566439904015,0.17586914583127355,0.8028178080875561,1.3091540415398062,-0.0005669866546594501,1.3097210281944656,0.0
458,9.16,hold,kick,177,1.2760000228881836,0.07199999690055847,0.10973345824050044,0.8745878407672156,0.177695536569317,0.8015665669686395,1.307531163394866,-0.0005704715334358401,1.308101634928302,0.0
459,9.18,hold,kick,178,1.2760000228881836,0.07199999690055847,0.10973345824050044,0.8807660255594658,0.18001088503087634,0.7997432245024544,1.3053283088682601,-0.0005726474682506491,1.3059009563365107,0.0
460,9.2,hold,kick,179,1.2760000228881836,0.07199999690055847,0.10973345824050044,0.8870334917103473,0.18281514710384003,0.7973021768910342,1.3023735583189888,-0.0005669448779363206,1.3029405031969252,0.0
461,9.22,hold,kick,180,1.2760000228881836,0.07199999690055847,0.10973345824050044,0.8934115072341595,0.1861000895325848,0.7942547770242673,1.2986309712576567,-0.00057576647046104,1.2992067377281178,0.0
462,9.24,hold,kick,181,1.2760000228881836,0.07199999690055847,0.10973345824050044,0.8999467979016533,0.189871557055661,0.790617695816368,1.2940795601339676,-0.0006116746905598068,1.2946912348245274,0.0
463,9.26,hold,kick,182,1.2760000228881836,0.07199999690055847,0.10973345824050044,0.9067627307900165,0.19416859841965378,0.7864041180828147,1.2887631520004261,-0.0006880150161012975,1.2894511670165274,0.0
464,9.28,hold,kick,183,1.2760000228881836,0.07199999690055847,0.10973345824050044,0.9139979626683207,0.19904960720908937,0.7816530851925291,1.2828007522642237,-0.0008061083354449806,1.2836068605996687,0.0
465,9.3,hold,kick,184,1.2760000228881836,0.07199999690055847,0.10973345824050044,0.9218158173798296,0.20458704430064192,0.7764019271438916,1.276375097638748,-0.0009440382877959168,1.277319135926544,0.0
466,9.32,hold,kick,185,1.2760000228881836,0.07199999690055847,0.10973345824050044,0.9303724587171474,0.21095959948157927,0.7708000834538649,1.2698253596751945,-0.001112932066278452,1.2709382917414729,0.0
467,9.34,hold,kick,186,1.2760000228881836,0.07199999690055847,0.10973345824050044,0.9398360198286012,0.21829056089403842,0.764942254031752,1.263426629704013,-0.001342666683800755,1.2647692963878139,0.0
468,9.36,hold,kick,187,1.2760000228881836,0.07199999690055847,0.10973345824050044,0.9505168860747639,0.22661412348680968,0.7588837611610706,1.2574649117295307,-0.001559094971065652,1.2590240067005962,0.0
469,9.38,hold,kick,188,1.2760000228881836,0.07199999690055847,0.10973345824050044,0.9615912275802956,0.2347709763771844,0.7546122789348677,1.2528520223138775,-0.0020370011207076696,1.254889023434585,0.0
470,9.4,hold,kick,189,1.2760000228881836,0.07199999690055847,0.10973345824050044,0.9711764809940975,0.2408866467865962,0.7561622532323018,1.2517945126059897,-0.002178566467093128,1.2539730790730828,0.0
471,9.42,hold,kick,190,1.2760000228881836,0.07199999690055847,0.10973345824050044,0.98091708477257,0.24742158492125452,0.7610140890825384,1.2542040560198524,-0.002109176948970483,1.256313232968823,0.0
472,9.44,hold,kick,191,1.2760000228881836,0.07199999690055847,0.10973345824050044,0.9915544696444374,0.2546323827175388,0.7669836931588709,1.2589705491161496,-0.002102504252907804,1.2610730533690573,0.0
473,9.46,hold,kick,192,1.2760000228881836,0.07199999690055847,0.10973345824050044,1.0025833461476488,0.26208753931696793,0.7728916271972116,1.2646170409818718,-0.002377154966623156,1.266994195948495,0.0
474,9.48,hold,kick,193,1.2760000228881836,0.07199999690055847,0.10973345824050044,1.0134821293658682,0.2695751722913511,0.7780760594219461,1.2701608233112816,-0.0029721874356255715,1.2731330107469072,0.0
475,9.5,hold,kick,194,1.2760000228881836,0.07199999690055847,0.10973345824050044,1.0243126973724994,0.2765111800285279,0.7822599229913446,1.2753024234680395,-0.003194502466548177,1.2784969259345877,0.0
476,9.52,hold,kick,195,1.2760000228881836,0.07199999690055847,0.10973345824050044,1.0350018265997132,0.28258766931901336,0.7857531985986231,1.2800928166476413,-0.0006334913333750115,1.2807263079810163,0.0
477,9.54,hold,kick,196,1.2760000228881836,0.07199999690055847,0.10973345824050044,1.045195413647628,0.2881816390209978,0.7889400839618614,1.2846420207997498,-0.0006085050841927522,1.2852505258839426,0.0
478,9.56,hold,kick,197,1.2760000228881836,0.07199999690055847,0.10973345824050044,1.0550300375562944,0.29337531978436826,0.7918276936785583,1.288957080295959,-0.0005983172336810408,1.2895553975296399,0.0
479,9.58,hold,kick,198,1.2760000228881836,0.07199999690055847,0.10973345824050044,1.0647639013880303,0.2980964387348627,0.7945008470225802,1.2931920647958253,-0.0005848345640671743,1.2937768993598924,0.0
480,9.6,hold,kick,199,1.2760000228881836,0.07199999690055847,0.10973345824050044,1.0744076354440426,0.30254367714715436,0.7969468506664656,1.2973729173579451,-0.000593166445663526,1.2979660838036087,0.0
481,9.62,hold,kick,200,1.2760000228881836,0.07199999690055847,0.10973345824050044,1.0838399351629038,0.3069374268331853,0.7992266408364144,1.3015152347147145,-0.000596437914405102,1.3021116726291195,0.0
482,9.64,hold,kick,201,1.2760000228881836,0.07199999690055847,0.10973345824050044,1.0930481956683655,0.3113710081672773,0.8014404390398199,1.3057355924768954,-0.000602601314359158,1.3063381937912546,0.0
483,9.66,hold,kick,202,1.2760000228881836,0.07199999690055847,0.10973345824050044,1.1021335912572916,0.3158864655513065,0.8036141606904947,1.31008813428241,-0.0006065007811781736,1.3106946350635882,0.0
484,9.68,hold,kick,203,1.2760000228881836,0.07199999690055847,0.10973345824050044,1.1109896593285056,0.32051679566231955,0.8057476060801676,1.314453975597847,-0.0006147433757888524,1.3150687189736359,0.0
485,9.7,hold,kick,204,1.2760000228881836,0.07199999690055847,0.10973345824050044,1.1192785047562355,0.32523317702958976,0.8078725696876518,1.3186568808546337,-0.0006331908404019759,1.3192900716950358,0.0
486,9.72,hold,kick,205,1.2760000228881836,0.07199999690055847,0.10973345824050044,1.1268392299683732,0.33012753754146146,0.809965685350984,1.3225974456202874,-0.0007002743771975448,1.323297719997485,0.0
487,9.74,hold,kick,206,1.2760000228881836,0.07199999690055847,0.10973345824050044,1.1337833315959251,0.33534209612668664,0.8119607003949247,1.3263571296788066,-0.0007936136653889439,1.3271507433441956,0.0
488,9.76,hold,kick,207,1.2760000228881836,0.07199999690055847,0.10973345824050044,1.1401465497891103,0.34086479938458564,0.8138273389396381,1.3299452676063332,-0.0008724154070000184,1.3308176830133334,0.0
489,9.78,hold,kick,208,1.2760000228881836,0.07199999690055847,0.10973345824050044,1.1458514157901984,0.3465131245747114,0.8155561384759014,1.3332566876388245,-0.000974921673415681,1.3342316093122402,0.0
490,9.8,hold,kick,209,1.2760000228881836,0.07199999690055847,0.10973345824050044,1.1508972811750622,0.3521477890258136,0.8171061329480864,1.3361416839804683,-0.0010931867535745703,1.337234870734043,0.0
491,9.82,hold,kick,210,1.2760000228881836,0.07199999690055847,0.10973345824050044,1.1554197415598215,0.3575922593265124,0.8184367902574722,1.338650313110669,-0.001200552386593376,1.3398508654972625,0.0
492,9.84,hold,kick,211,1.2760000228881836,0.07199999690055847,0.10973345824050044,1.1595852643717863,0.362663118238829,0.8195193437850878,1.3407048274048117,-0.0012709531588640938,1.3419757805636758,0.0
493,9.86,hold,kick,212,1.2760000228881836,0.07199999690055847,0.10973345824050044,1.1634263425713514,0.36726163220155883,0.8203842762082362,1.342229948946293,-0.0012871570877857168,1.3435171060340787,0.0
494,9.88,hold,kick,213,1.2760000228881836,0.07199999690055847,0.10973345824050044,1.1668060671249598,0.37136605156327307,0.8210133459342844,1.3432062288804103,-0.0012482621676123441,1.3444544910480227,0.0
495,9.9,hold,kick,214,1.2760000228881836,0.07199999690055847,0.10973345824050044,1.1695340977472923,0.37492790212352756,0.821314259954503,1.3435160165067086,-0.0011880060556631218,1.3447040225623716,0.0
496,9.92,hold,kick,215,1.2760000228881836,0.07199999690055847,0.10973345824050044,1.1714305828082274,0.37780121814340456,0.8212822203844271,1.343061775831717,-0.0010822098043431205,1.34414398563606,0.0
497,9.94,hold,kick,216,1.2760000228881836,0.07199999690055847,0.10973345824050044,1.17243986782288,0.3799167889009832,0.8208876369697071,1.3417838149060546,-0.000950833670141947,1.3427346485761966,0.0
498,9.96,hold,kick,217,1.2760000228881836,0.07199999690055847,0.10973345824050044,1.1727141901873523,0.38160232014961065,0.819929855776443,1.3397113417312336,-0.0008303775785480881,1.3405417193097817,0.0
499,9.98,hold,kick,218,1.2760000228881836,0.07199999690055847,0.10973345824050044,1.1725521184513776,0.3832515909497855,0.81853666988297,1.3373207652640824,-0.0004713398683205347,1.3377921051324029,0.0
500,10.0,hold,kick,219,1.2760000228881836,0.07199999690055847,0.10973345824050044,1.1719638497313685,0.3846133521676977,0.8179144033146908,1.3359210582065684,-0.0004930058111711662,1.3364140640177395,0.0
501,10.02,hold,kick,220,1.2760000228881836,0.07199999690055847,0.10973345824050044,1.1711554217457403,0.38593428923421,0.8177386762272395,1.3353723165406146,-0.0005363616014078289,1.3359086781420224,0.0
502,10.04,hold,kick,221,1.282698549052942,0.07425277735301122,0.11085855128101495,1.170417069498565,0.3871704907834292,0.8175756069637472,1.335210863453557,-0.0005632381652415953,1.3357741016187987,0.0
503,10.06,hold,kick,222,1.341033061717435,0.0922050429027377,0.11340013649040602,1.1700598715116444,0.38818658573279663,0.8176483309553481,1.3355777773295694,-0.0005858082253492429,1.3361635855549185,0.0
504,10.08,hold,kick,223,1.4154893812822336,0.11527470697451771,0.11618744719957877,1.168675403745292,0.3884854758305962,0.8180320865591528,1.3362955367035392,-0.0005794880200788895,1.336875024723618,0.0
505,10.1,hold,kick,224,1.4909899564130342,0.1386646666166485,0.11628603389986449,1.1657610986977045,0.38785153705767295,0.8185547813910813,1.3372178441942049,-0.0005606308183584777,1.3377784750125634,0.0
506,10.12,hold,kick,225,1.566491256635801,0.1620540459029945,0.11246492609683302,1.161380337475921,0.38629579602658154,0.8190301332918881,1.338055827534764,-0.0005234190174869327,1.338579246552251,0.0
507,10.14,hold,kick,226,1.6367390802414843,0.18391748263425775,0.11149923746596767,1.1561452422940435,0.38379638377995356,0.8192283158971847,1.3382646597467458,-0.0004890381090283252,1.3387536978557741,0.0
508,10.16,hold,kick,227,1.700994256855272,0.20404054809984593,0.1143425670926732,1.1510150587488623,0.3809308740139547,0.8191229615890999,1.3379777270978712,-0.0004772714862875359,1.3384549985841587,0.0
509,10.18,hold,kick,228,1.7652494334690598,0.2241636135654341,0.11326189671937867,1.1465248903766618,0.37828398857742906,0.8189288172717876,1.337625061477855,-0.0005874534803044125,1.3382125149581594,0.0
510,10.2,hold,kick,229,1.8286565807318906,0.24394872376064988,0.10944321096741348,1.1427342532445626,0.37614673184392355,0.8191074886358313,1.3375618361559318,-0.0008052843521105385,1.3383671205080423,0.0
511,10.22,hold,kick,230,1.8844133671408225,0.2606755017669984,0.1124092182582153,1.1398575671926694,0.374900028457883,0.819753495731489,1.3381295433255644,-0.0011210942493578985,1.3392506375749222,0.0
512,10.24,hold,kick,231,1.939932493592742,0.27730599247673315,0.11178517280264386,1.138141254502791,0.3748341751348661,0.8204923777561633,1.339308131726027,-0.0014962176363915378,1.3408043493624184,0.0
513,10.26,hold,kick,232,1.9940525877505388,0.29318336375294735,0.10938927907471478,1.137212106397032,0.3756463502955224,0.8209668438812273,1.340376778773678,-0.001811488643255442,1.3421882674169334,0.0
514,10.28,hold,kick,233,2.0432710250108608,0.3063691976058069,0.11066257966761016,1.1365636192006192,0.3771027396603595,0.8207296178700887,1.340406528169706,-0.0019745892336892404,1.3423811174033953,0.0
515,10.3,hold,kick,234,2.091816192385022,0.3191111362841633,0.10950909911466045,1.1360677063281572,0.3789683460084227,0.8202326972848615,1.3396282346856432,-0.0017979747039227091,1.341426209389566,0.0
516,10.32,hold,kick,235,2.1387303043537504,0.3307181654066008,0.11002989568313147,1.136139242381845,0.3808147727337814,0.8205037718077354,1.3393357026537698,-0.0014343899686602817,1.34077009262243,0.0
517,10.34,hold,kick,236,2.1852977188391676,0.34206370302797073,0.10989527270655344,1.1372416640928111,0.38218282017347,0.8215809806634647,1.3403791636649915,-0.0014754827998382583,1.3418546464648298,0.0
518,10.36,hold,kick,237,2.2317393067643803,0.3533037436530005,0.10995595212208803,1.1387686934706216,0.3834032465925462,0.8224687498480713,1.3420654083618877,-0.0018706023710862683,1.3439360107329739,0.0
519,10.38,hold,kick,238,2.2781479095960284,0.36451302984338724,0.10999695157237062,1.1397876517929173,0.38465521090387056,0.8210174737120856,1.3414208054015653,-0.00043805437688842,1.3418588597784538,0.0
520,10.4,hold,kick,239,2.3245443862028528,0.37571025517346923,0.1099922860145246,1.1395397115502441,0.3854436611399796,0.8185020111968945,1.3384773954956046,-0.0029481493149284693,1.341425544810533,0.0
521,10.42,hold,kick,240,2.3709341342949317,0.3869005024334563,0.10998515317803724,1.1382296345100622,0.38645994555850643,0.8178208258080472,1.336552509647085,-0.0011137632323733292,1.3376662728794582,0.0
522,10.44,hold,kick,241,2.417319924345917,0.3980865709174937,0.10999719569163935,1.1368927546600602,0.3886754572229494,0.8173881316609984,1.3354690167979066,-0.00474618755855306,1.3402152043564597,0.0
523,10.46,hold,kick,242,2.4637027513310494,0.4092693856007614,0.10999580156175157,1.136121169539056,0.3904009662445899,0.8185159983080067,1.3369406791686071,-0.002009958403192371,1.3389506375717994,0.0
524,10.48,hold,kick,243,2.5100814540844003,0.42044803786000845,0.11000029646461319,1.1363248731112885,0.38841120744879093,0.8200460349331403,1.3387392303236743,-0.0013011434920632108,1.3400403738157374,0.0
525,10.5,hold,kick,244,2.556455583734826,0.43162220504838017,0.10999054414077475,1.1365205217320258,0.3848483502776164,0.8200491864555904,1.3382658793566733,-0.0012225617021803907,1.3394884410588537,0.0
526,10.52,hold,kick,245,2.602825487382017,0.4427921728955188,0.10999621600017281,1.135913202982943,0.3827438105901648,0.8167112029194696,1.3340333709805876,0.002924225542451444,1.331109145438136,0.0
527,10.54,hold,kick,246,2.6491913134669978,0.45395806954375983,0.11000095641227838,1.1339826061519132,0.3810861127697149,0.8108370655575834,1.3268238115398574,-0.003023925877719151,1.3298477374175766,0.0
528,10.56,hold,kick,247,2.6955530015248828,0.4651198651340531,0.10999985592796648,1.1303650398755887,0.37929853827086385,0.8087402311967453,1.3225744253980478,-0.001618221856366904,1.3241926472544148,0.0
529,10.58,hold,kick,248,2.741910944083414,0.47627789027169637,0.10999677936775432,1.1262208387398809,0.3790669767156884,0.8091056192348514,1.3215634298927983,-0.0005698560621412406,1.3221332859549395,0.0
530,10.6,hold,kick,249,2.7882646890976144,0.4874317683928849,0.10999053412146816,1.1226543722086066,0.38011124652498696,0.8098429455476986,1.3218449407591755,-0.00041922593088438223,1.3222641666900599,0.0
531,10.62,hold,kick,250,2.8346143670053077,0.4985816235456167,0.10998657461656418,1.1202259952806737,0.38244887249964854,0.8103207876835801,1.322723578649984,-0.0004568185634023572,1.3231803972133864,0.0
532,10.64,hold,kick,251,2.880959955317071,0.5097274290017122,0.1099994076672611,1.1186144858680866,0.3854981734165226,0.8103351969851628,1.3233274828803712,-0.00042223640802116144,1.3237497192883922,0.0
533,10.66,hold,kick,252,2.9273014912260824,0.5208692134985415,0.10998395792105908,1.117645493395307,0.38921107209352795,0.8099968460361671,1.323636966017013,-0.00043111360766905776,1.3240680796246822,0.0
534,10.68,hold,kick,253,2.973638855945381,0.5320068831839735,0.10998567841676071,1.1173518054310785,0.39371557284932246,0.8096994285496123,1.3242328067524116,-0.0005007921442971609,1.3247335988967088,0.0
535,10.7,hold,kick,254,3.0199731627347264,0.5431414136607026,0.10999705854908888,1.117687793832005,0.3990252478299786,0.8096499696919696,1.3254205142227804,-0.0004698376831808529,1.3258903519059613,0.0
536,10.72,hold,kick,255,3.0663042522071073,0.5542725578033572,0.10999830954329899,1.1183941094321996,0.40502336248600446,0.8099033069221319,1.3272589917942925,-0.0004904911999880288,1.3277494829942806,0.0
537,10.74,hold,kick,256,3.1126315771212085,0.5653998914861674,0.10999324840993167,1.1192643723071858,0.411333689755884,0.810327099047059,1.3295404710179004,-0.0005386053240796496,1.33007907634198,0.0
538,10.76,hold,kick,257,3.158955079280689,0.576523434463027,0.10999406662419314,1.1201083955296125,0.4172986213110127,0.8105781827402246,1.331660915732981,-0.0005542562123701626,1.3322151719453512,0.0
539,10.78,hold,kick,258,3.2052744539140274,0.5876428842628438,0.10999014799066073,1.120869985618033,0.4224318991707962,0.8104375489586788,1.3332322653852169,-0.0005361962823176511,1.3337684616675345,0.0
540,10.8,hold,kick,259,3.251589837731383,0.5987583688007451,0.10998697874121119,1.1214582671670212,0.42644213966863503,0.8101090328161848,1.3344854061427136,-0.0020577509882099554,1.3365431571309236,0.0
541,10.82,hold,kick,260,3.2979008332365063,0.6098696063865066,0.10999756242429345,1.1211508458008508,0.42879542685372196,0.8099664147992541,1.3355821194747928,-0.004120893869113518,1.3397030133439063,0.0
542,10.84,hold,kick,261,3.3442073634848812,0.6209763994909461,0.1099738144328244,1.1196883225087546,0.4287741649342467,0.8095733991964711,1.335640917366592,-0.003257372767665717,1.3388982901342577,0.0
543,10.86,hold,kick,262,3.3905096432406143,0.6320794618244946,0.10997884802236507,1.118695438365238,0.4275801403244309,0.8087738137879842,1.334587365054817,-0.003835836119847613,1.3384232011746646,0.0
544,10.88,hold,kick,263,3.4368115305662927,0.6431820420466211,0.10998455952981676,1.1185620657061202,0.42623399447738636,0.8082077087031905,1.3335848154610557,-0.004074076435917451,1.3376588918969732,0.0
545,10.9,hold,kick,264,3.483113611745437,0.6542846178082209,0.10998504622317112,1.1189471577263135,0.4251622360007638,0.8078807049083805,1.332983327940354,-0.004075925786299853,1.337059253726654,0.0
546,10.92,hold,kick,265,3.529415710985561,0.6653871912116643,0.10998156211194918,1.1200731386222462,0.4247269780901161,0.8074086150405423,1.3326973764542405,-0.003956121485939254,1.3366534979401796,0.0
547,10.94,hold,kick,266,3.5757176136073108,0.6764897165905969,0.10997586399865279,1.121567608403112,0.4249693741960455,0.8067064620913486,1.332692860821164,-0.0036865575343573015,1.336379418355521,0.0
548,10.96,hold,kick,267,3.622019184973999,0.6875921624240467,0.10996910970815943,1.1230327812244145,0.4257674433549834,0.805845900714506,1.3328746542587446,-0.003471765944143418,1.336346420202888,0.0
549,10.98,hold,kick,268,3.6683203570170106,0.6986945124903241,0.10996193430491644,1.124123038284428,0.4268356570995866,0.804816938724098,1.3329662264187694,-0.0031845038705951498,1.3361507302893645,0.0
550,11.0,hold,kick,269,3.7146211011294863,0.7097967599430721,0.1099546577716743,1.124594452740524,0.42780524169798523,0.8035548616895339,1.3326258667832356,-0.002869064339875549,1.3354949311231112,0.0
551,11.02,hold,kick,270,3.760921409346831,0.7208989028742234,0.10994743253569475,1.1244301719436616,0.4284012214670388,0.8019719162755988,1.331631471815689,-0.0025374585658708565,1.3341689303815598,0.0
552,11.04,hold,kick,271,3.8072212837653874,0.732000941786678,0.10994032732945316,1.123719356738713,0.42853191659534695,0.7999901887061398,1.3299036926595744,-0.002205154421063553,1.332108847080638,0.0
553,11.06,hold,kick,272,3.8535207311046027,0.7431028782916906,0.1099333707102851,1.12267113015004,0.42822671677705065,0.7977647864023908,1.3276646185872203,-0.001893929767442723,1.329558548354663,0.0
554,11.08,hold,kick,273,3.8998197600511793,0.7542047144722122,0.10992657254888247,1.1214388669313293,0.4275896751000924,0.795538752026641,1.3252621613720268,-0.001639534542421002,1.3269016959144477,0.0
555,11.1,hold,kick,274,3.946118380008107,0.7653064525829422,0.10991993429409087,1.1200736183229212,0.426796412746453,0.7935967121545277,1.323067737116039,-0.0014324129003365701,1.3245001500163756,0.0
556,11.12,hold,kick,275,3.992416600524438,0.7764080949136061,0.10991345375071493,1.1186144743075546,0.4258117448787679,0.7920281258796628,1.3212153199691123,-0.0012298392247682352,1.3224451591938806,0.0
557,11.14,hold,kick,276,4.038714431045302,0.787509643729008,0.10990712725171271,1.1172699381167706,0.4244574873462616,0.7906231956527757,1.3195604041789144,-0.001149673387294839,1.3207100775662093,0.0
558,11.16,hold,kick,277,4.085011880808827,0.7986111012443177,0.1099009506217908,1.116161015977168,0.42274832230652315,0.7891900627162364,1.3179816716108586,-0.0011260581684903667,1.319107729779349,0.0
559,11.18,hold,kick,278,4.13130895880883,0.8097124696161231,0.10989491959211582,1.1152356967403967,0.42075282851863854,0.7877286471073212,1.3164757700620915,-0.0010555918798602001,1.3175313619419518,0.0
560,11.2,hold,kick,279,4.177605673786107,0.8208137509403394,0.10988902997087464,1.1143857807918258,0.4184150702827914,0.7864001829671292,1.3151531130770504,-0.000957857690486414,1.316110970767537,0.0
561,11.22,hold,kick,280,4.223902034231631,0.8319149472529798,0.109883277707631,1.113583929252816,0.415793074511431,0.7853217888677403,1.3140998142705573,-0.0008686614869633583,1.3149684757575206,0.0
562,11.24,hold,kick,281,4.27019804839441,0.843016060532036,0.10987765891271074,1.1128268212444272,0.4132964269269602,0.7850088399916509,1.3138344303448113,-0.0008018146357355455,1.3146362449805469,0.0
563,11.26,hold,kick,282,4.316493724290826,0.8541170926997208,0.10987216985824969,1.1123448944773444,0.41056234983883133,0.7848295646577619,1.313770536291092,-0.000751621163145564,1.3145221574542376,0.0
564,11.28,hold,kick,283,4.362789069714192,0.8652180456247573,0.10986680697223762,1.1120897791253042,0.40762453502017176,0.7847673895074005,1.3138603236320114,-0.0007020932766665725,1.314562416908678,0.0
565,11.3,hold,kick,284,4.40908409224402,0.8763189211246024,0.10986156683025336,1.1119530507012985,0.40452079772458965,0.7848053096825879,1.3140633967227096,-0.0006729927328891216,1.3147363894555988,0.0
566,11.32,hold,kick,285,4.455378799254806,0.8874197209675542,0.10985644614676943,1.1118207899003858,0.40130116001364263,0.7848627514644094,1.3142715835017322,-0.0006574770546495211,1.3149290605563817,0.0
567,11.34,hold,kick,286,4.5016731979243305,0.8985204468747393,0.10985144176673307,1.1116494424695897,0.3980207499852872,0.7849010854285072,1.3144386976835358,-0.000644937282196556,1.3150836349657324,0.0
568,11.36,hold,kick,287,4.547967295241437,0.909621100521982,0.10984655065766025,1.1114326124567968,0.39472637795317034,0.7849076270479598,1.314555225198911,-0.000632009388296665,1.3151872345872078,0.0
569,11.38,hold,kick,288,4.594261098013359,0.9207216835415578,0.10984176990229413,1.1111677914689997,0.39145650962395406,0.7848812376560458,1.3146234612585743,-0.0006187074668087301,1.315242168725383,0.0
570,11.4,hold,kick,289,4.6405546128725925,0.9318221975238442,0.10983709669181413,1.110855842851134,0.3882468433964719,0.784818847974974,1.3146444121083758,-0.0006045212090334436,1.3152489333174093,0.0
571,11.42,hold,kick,290,4.686847846283386,0.9429226440188728,0.109832528319557,1.1104891154855159,0.38511047194593573,0.7847205629653591,1.3146192089560393,-0.0005887317601893996,1.3152079407162287,0.0
572,11.44,hold,kick,291,4.733140804547829,0.9540230245377933,0.10982806217521049,1.1100675112253426,0.3820531044487872,0.7845884015325406,1.3145519044640293,-0.0005712876465734061,1.3151231921106026,0.0
573,11.46,hold,kick,292,4.779433493811604,0.9651233405542533,0.10982369573943808,1.109603787950958,0.3790855607622652,0.784423652351312,1.3144474754210727,-0.0005523333512583682,1.314999808772331,0.0
574,11.48,hold,kick,293,4.8257259200694405,0.9762235935056998,0.10981942657889815,1.109104515883968,0.37621571606296955,0.7842275919806974,1.3143087816958319,-0.0005336137804922252,1.3148423954763242,0.0
575,11.5,hold,kick,294,4.872018089170223,0.9873237847946119,0.10981525234162454,1.1085765760257438,0.373444055365814,0.784001902622066,1.3141383950995962,-0.0005178792506990194,1.3146562743502952,0.0
576,11.52,hold,kick,295,4.918310006821881,0.9984239157896666,0.10981117075273636,1.1080262966118817,0.37076869251201916,0.7837469921818988,1.3139366666348902,-0.0005039462526320732,1.3144406128875223,0.0
577,11.54,hold,kick,296,4.964601678595964,1.0095239878268432,0.10980717961045196,1.1074570652413565,0.3681999086743042,0.7834612589371454,1.3137014860637728,-0.0004890776219452879,1.314190563685718,0.0
578,11.56,hold,kick,297,5.01089310993204,1.0206240022104687,0.10980327678237985,1.106875710359507,0.36574356012839737,0.7831477670800284,1.3134355271926395,-0.0004871625578740345,1.3139226897505134,0.0
579,11.58,hold,kick,298,5.057184306141813,1.0317239602142154,0.10979946020206577,1.1062924056774208,0.36340766286926174,0.7828078854694643,1.3131401112058965,-0.000490676422771591,1.3136307876286681,0.0
580,11.6,hold,kick,299,5.103475272413081,1.0428238630820406,0.10979572786577449,1.1057183482244555,0.3611979576137047,0.7824430191750794,1.3128155659074074,-0.000494078365845755,1.3133096442732533,0.0
581,11.62,hold,kick,300,5.1497660138134735,1.0539237120290879,0.10979207782948792,1.1051654928185057,0.3591186331868605,0.782055613993425,1.3124625035634074,-0.0004973690081826049,1.31295987257159,0.0
582,11.64,hold,kick,301,5.196056535294019,1.0650235082425439,0.1097885082061026,1.1046458480979457,0.3571727552938706,0.7816493804205764,1.3120825713267354,-0.0005005340616941398,1.3125831053884296,0.0
583,11.66,hold,kick,302,5.242346841692559,1.0761232528824514,0.10978501716281175,1.1041708160391392,0.3553629751866943,0.7812284557187321,1.3116779086382626,-0.0005041445849074157,1.31218205322317,0.0
584,11.68,hold,kick,303,5.288636937736976,1.087222947082489,0.10978160291865668,1.1037500285046367,0.3536902330706258,0.7807976483305626,1.3112511343590414,-0.0005088167821026175,1.311759951141144,0.0
585,11.7,hold,kick,304,5.3349268280482995,1.0983225919507131,0.10977826374223561,1.1033915497349818,0.3521553002515975,0.7803626156795401,1.3108064579988408,-0.0005133279336419216,1.3113197859324828,0.0
586,11.72,hold,kick,305,5.381216517143674,1.1094221885702682,0.10977499794955753,1.1031015352220503,0.3507587729801179,0.7799286331585505,1.3103487889764276,-0.0005176391810159317,1.3108664281574436,0.0
587,11.74,hold,kick,306,5.427506009439183,1.1205217380000667,0.10977180390203088,1.1028837840935433,0.34949959728907604,0.7795004157601164,1.3098832364724438,-0.000521850224425361,1.310405086696869,0.0
588,11.76,hold,kick,307,5.473795309252565,1.1316212412754416,0.10976868000457674,1.102739962789962,0.3483738417501091,0.7790818769709007,1.3094150347302922,-0.0005258855041455901,1.3099409202344379,0.0
589,11.78,hold,kick,308,5.520084420805816,1.1427206994087646,0.10976562470385723,1.1026694837322508,0.34737824392591543,0.7786753159693364,1.3089486362345883,-0.0005297724454058593,1.3094784086799942,0.0
590,11.8,hold,kick,309,5.566373348227689,1.1538201133900523,0.10976263648661139,1.102670212131944,0.34651082753738743,0.7782829399323975,1.308489061049968,-0.0005335563888342193,1.3090226174388022,0.0
591,11.82,hold,kick,310,5.612662095556082,1.1649194841875339,0.10975971387809053,1.102737843218939,0.3457680792061216,0.7779076835075583,1.3080425055689278,-0.0005372302021205005,1.3085797357710482,0.0
592,11.84,hold,kick,311,5.658950666740353,1.1760188127482063,0.10975685544058576,1.1028669916614322,0.3451443976871299,0.7775514352014832,1.3076148339954332,-0.0005407627769433918,1.3081555967723766,0.0
593,11.86,hold,kick,312,5.705239065643516,1.1871180999983668,0.10975405977204145,1.1030508229777196,0.34463178220760626,0.7772139876062629,1.307210120082022,-0.000544071704903646,1.3077541917869258,0.0
594,11.88,hold,kick,313,5.751527296044397,1.198217346844121,0.10975132550474863,1.1032821843188008,0.3442201982810066,0.7768952955438517,1.3068328727009402,-0.0005473554507570942,1.3073802281516973,0.0
595,11.9,hold,kick,314,5.797815361639668,1.2093165541718793,0.1097486513041125,1.103553852697296,0.3439026496498926,0.776596508580394,1.3064883360037427,-0.0005508169643914824,1.3070391529681342,0.0
596,11.92,hold,kick,315,5.844103266045845,1.220415722848828,0.10974603586748909,1.1038581594524772,0.3436708426864804,0.7763200277600116,1.306182651909035,-0.0005547973338455928,1.3067374492428805,0.0
597,11.94,hold,kick,316,5.89039101280118,1.2315148537233893,0.1097434779230864,1.1041876159486996,0.34351693921493687,0.7760630464440486,1.3059159607846396,-0.0005727984445935419,1.3064887592292331,0.0
598,11.96,hold,kick,317,5.9366786053675265,1.2426139476256652,0.10974097622892547,1.1045328855183738,0.3434350618597456,0.7758193250224906,1.3056833907913654,-0.0006045729429803998,1.3062879637343459,0.0
599,11.98,hold,kick,318,5.982966047132111,1.2537130053678653,0.10973852957185694,1.1048835641254462,0.34343330911806885,0.7755838701093788,1.3054764689653353,-0.0006331143916174509,1.3061095833569527,0.0
600,12.0,hold,kick,319,6.029253341598607,1.2648120277901185,0.10973622026856618,1.1052330071246312,0.34351083848207037,0.7753529426002792,1.3052900222693347,-0.0006584783094558191,1.3059485005787905,0.0
601,12.02,hold,kick,320,6.075540502964487,1.2759110182967734,0.10973468029684487,1.1055779423721683,0.34366067813318607,0.7751243640604923,1.305122285069628,-0.0006854949552726856,1.3058077800249006,0.0
602,12.04,hold,kick,321,6.121827573242988,1.287009986961994,0.10973392857190704,1.1059155564141343,0.343878002897663,0.7748966300739186,1.3049713046602562,-0.000711250346601109,1.3056825550068574,0.0
603,12.06,hold,kick,322,6.168114595676813,1.2981089441547542,0.10973361813245484,1.1062427856567387,0.3441595453967324,0.7746684311372631,1.3048343413248322,-0.0007349687831212752,1.3055693101079535,0.0
604,12.08,hold,kick,323,6.214401597025744,1.3092078962916631,0.10973350531594696,1.1065569424019013,0.344503087094654,0.7744393321153537,1.3047088057102698,-0.0007562506317206966,1.3054650563419905,0.0
605,12.1,hold,kick,324,6.260688590232446,1.3203068464761831,0.109733469261319,1.1068561361089078,0.3449071406480826,0.7742099164511607,1.304592768298103,-0.0007750325086160366,1.3053678008067189,0.0
606,12.12,hold,kick,325,6.3069755806548145,1.3314057959930603,0.10973345954248158,1.107139384655594,0.3453707220828449,0.7739815970439107,1.3044849613952325,-0.0007914074570748615,1.3052763688523075,0.0
607,12.14,hold,kick,326,6.353262570250128,1.3425047453116208,0.10973345767075872,1.1074064931410006,0.3458933506844312,0.7737568004936376,1.3043850914901174,-0.0008055315635153229,1.3051906230536328,0.0
608,12.16,hold,kick,327,6.399549559648406,1.3536036945829368,0.10973345767809642,1.1076635796131555,0.34647635131165405,0.7735385956847475,1.3042936544083408,-0.0008175862185992935,1.30511124062694,0.0
609,12.18,hold,kick,328,6.445836549021466,1.3647026438482046,0.10973345793118335,1.1079166345091391,0.34712063091163364,0.7733308204951522,1.3042121865467144,-0.0008286351490311566,1.3050408216957456,0.0
610,12.2,hold,kick,329,6.492123538403375,1.3758015931155951,0.1097334581033865,1.1081689508901582,0.34782609484473764,0.7731360216228608,1.3041413133395294,-0.000839040523021483,1.3049803538625508,0.0
611,12.22,hold,kick,330,6.538410527794685,1.3869005423852396,0.10973345818767469,1.1084198231402864,0.3485905088692404,0.7729552750995892,1.3040806152669568,-0.0008484250578225244,1.3049290403247793,0.0
612,12.24,hold,kick,331,6.584697517191259,1.3979994916561453,0.10973345822252654,1.1086667671758839,0.3494120863482565,0.7727898443924537,1.3040300743261812,-0.0008558617029338564,1.3048859360291152,0.0
613,12.26,hold,kick,332,6.630984506590182,1.4090984409276153,0.109733458235203,1.108908191536323,0.3502904183834005,0.7726414043243107,1.303990417239774,-0.0008611338820951851,1.3048515511218692,0.0
614,12.28,hold,kick,333,6.677271495990016,1.420197390199304,0.10973345823925788,1.109145880953232,0.35122547457410036,0.7725101479450718,1.3039614886103044,-0.000865011563950302,1.3048265001742547,0.0
615,12.3,hold,kick,334,6.723558485390165,1.4312963394710676,0.1097334582403524,1.1093716934393734,0.3522244218524278,0.7724099387045801,1.3039547516071415,-0.0008611597842293865,1.3048159113913709,0.0
616,12.32,hold,kick,335,6.769845474790403,1.4423952887428537,0.1097334582405639,1.1095747976441737,0.35328774683430203,0.7723524893705188,1.3039816307564336,-0.0008796344903998325,1.3048612652468334,0.0
617,12.34,hold,kick,336,6.816132464190673,1.4534942380146443,0.10973345824056356,1.1097466932010671,0.35441404509254854,0.7723390686058917,1.3040436702159965,-0.0009090706133760978,1.3049527408293726,0.0
618,12.36,hold,kick,337,6.862419453590952,1.4645931872864348,0.10973345824053532,1.1098654265928471,0.3556010134468919,0.7723530471782197,1.3041248196767425,-0.0009350265370348561,1.3050598462137775,0.0
619,12.38,hold,kick,338,6.908706442991232,1.4756921365582254,0.10973345824051603,1.1099334833007213,0.3568452038194079,0.7723852304138334,1.3042158998100053,-0.0009622176220597141,1.305178117432065,0.0
620,12.4,hold,kick,339,6.954993432391511,1.486791085830016,0.10973345824050658,1.1099663004496463,0.35814758745954356,0.7724382289700895,1.3043203988171739,-0.0009899171921052899,1.3053103160092792,0.0
621,12.42,hold,kick,340,7.00128042179179,1.4978900351018065,0.10973345824050267,1.109979265811287,0.35951142512177076,0.7725114230110098,1.3044384211655617,-0.0010176351547146571,1.3054560563202764,0.0
622,12.44,hold,kick,341,7.04756741119207,1.508988984373597,0.10973345824050124,1.1099817376133325,0.36093601167643785,0.7725993087079437,1.3045648653927928,-0.0010454203670954496,1.3056102857598884,0.0
623,12.46,hold,kick,342,7.093854400592349,1.5200879336453876,0.10973345824050078,1.1099781437301808,0.36241816409256705,0.7726947973918209,1.304692854242997,-0.0010733599055637345,1.3057662141485606,0.0
624,12.48,hold,kick,343,7.140141389992628,1.5311868829171782,0.10973345824050078,1.1099699766407483,0.36394877400157044,0.7727933758851371,1.3048181309697382,-0.0011013160349625274,1.3059194470047006,0.0
625,12.5,hold,kick,344,7.186428379392908,1.5422858321889688,0.10973345824050078,1.1099536827985965,0.3655232524529321,0.772890048095193,1.3049357651922089,-0.0011289345880504745,1.3060646997802594,0.0
626,12.52,hold,kick,345,7.232715368793187,1.5533847814607593,0.10973345824050078,1.1099233183989556,0.3671355367332407,0.7729811440779893,1.3050416907103393,-0.0011552235191903265,1.3061969142295295,0.0
627,12.54,hold,kick,346,7.279002358193466,1.5644837307325499,0.10973345824050078,1.109877874186918,0.36877577093710606,0.7730684238816067,1.3051377040010665,-0.001179804046366112,1.3063175080474327,0.0
628,12.56,hold,kick,347,7.3252893475937455,1.5755826800043404,0.10973345824050078,1.1098186139849204,0.370432509915896,0.773152736671566,1.3052246853412364,-0.0012016170894589007,1.3064263024306952,0.0
629,12.58,hold,kick,348,7.371576336994025,1.586681629276131,0.10973345824050078,1.1097454981635422,0.37209195767476244,0.7732392755997312,1.3053076009774034,-0.0012209833888633115,1.3065285843662666,0.0
630,12.6,hold,kick,349,7.417863326394304,1.5977805785479215,0.10973345824050078,1.109656995332484,0.37373982437037134,0.7733307206889123,1.305389491864117,-0.0012380947905703682,1.3066275866546873,0.0
631,12.62,hold,kick,350,7.464150315794583,1.608879527819712,0.10973345824050078,1.109546538061327,0.3753665435220429,0.7734179562161604,1.3054606011944392,-0.001251213908537687,1.3067118151029768,0.0
632,12.64,hold,kick,351,7.510437305194863,1.6199784770915027,0.10973345824050078,1.1094149695376985,0.3769614092067398,0.7734999219205253,1.305519701287159,-0.0012625772095484315,1.3067822784967076,0.0
633,12.66,hold,kick,352,7.556724294595142,1.6310774263632932,0.10973345824050078,1.1092666846086403,0.3785192997087436,0.7735732387851904,1.3055637407267089,-0.0012721376529617745,1.3068358783796707,0.0
634,12.68,hold,kick,353,7.603011283995421,1.6421763756350838,0.10973345824050078,1.1091085506841445,0.38003477254383455,0.7736385604864607,1.3055941157199977,-0.0012796247208607878,1.3068737404408586,0.0
635,12.7,hold,kick,354,7.649298273395701,1.6532753249068743,0.10973345824050078,1.108948685102708,0.3815039310260083,0.7736950862200265,1.3056112387259786,-0.0012850396094662257,1.3068962783354447,0.0
636,12.72,hold,kick,355,7.69558526279598,1.664374274178665,0.10973345824050078,1.1087951168347785,0.382922354655724,0.7737433493525157,1.305617074615974,-0.0012877103514956356,1.3069047849674698,0.0
637,12.74,hold,kick,356,7.741872252196259,1.6754732234504555,0.10973345824050078,1.1086559277647337,0.3842848246639968,0.7737824844593952,1.305612498083904,-0.0012859860631791523,1.306898484147083,0.0
638,12.76,hold,kick,357,7.788159241596539,1.686572172722246,0.10973345824050078,1.1085354807573158,0.385587575537697,0.7738131140735653,1.3055995214359917,-0.0012822981622501485,1.306881819598242,0.0
639,12.78,hold,kick,358,7.834446230996818,1.6976711219940366,0.10973345824050078,1.1084353230243058,0.386826798516421,0.7738352428618602,1.305579341705594,-0.0012774528397234072,1.3068567945453176,0.0
640,12.8,hold,kick,359,7.880733220397097,1.7087700712658271,0.10973345824050078,1.108354889236647,0.3879990446561697,0.773847540734716,1.305551534809759,-0.0012717050541391078,1.3068232398638981,0.0
641,12.82,hold,kick,360,7.9270202097973765,1.7198690205376177,0.10973345824050078,1.1082926008468807,0.389101406269913,0.7738501009476288,1.3055168676413431,-0.0012662554792058633,1.306783123120549,0.0
642,12.84,hold,kick,361,7.973307199197656,1.7309679698094083,0.10973345824050078,1.1082471585943963,0.390130164091411,0.7738435114255615,1.3054763941793326,-0.0012603147752890398,1.3067367089546216,0.0
643,12.86,hold,kick,362,8.019594188597921,1.7420669190811988,0.10973345824050078,1.1082180280925817,0.3910816653833058,0.7738289163080808,1.3054315762331306,-0.0012544616860100666,1.3066860379191407,0.0
644,12.88,hold,kick,363,8.065881177998165,1.7531658683529894,0.10973345824050078,1.1082040859111766,0.3919524039126036,0.773808322075606,1.305384560954979,-0.0012491521543320783,1.306633713109311,0.0
645,12.9,hold,kick,364,8.112168167398409,1.76426481762478,0.10973345824050078,1.1082050331119242,0.3927388815434457,0.7737827738566918,1.3053364800219938,-0.0012436740503242692,1.306580154072318,0.0
646,12.92,hold,kick,365,8.158455156798652,1.7753637668965705,0.10973345824050078,1.1082217582530187,0.3934385352738457,0.7737534695564469,1.305288624557864,-0.0012383598661439392,1.306526984424008,0.0
647,12.94,hold,kick,366,8.204742146198896,1.786462716168361,0.10973345824050078,1.1082538127364752,0.3940488958783243,0.7737223154960369,1.305242766732689,-0.0012332873208095764,1.3064760540534985,0.0
648,12.96,hold,kick,367,8.25102913559914,1.7975616654401516,0.10973345824050078,1.1083003314667916,0.3945647120415823,0.7736903486393379,1.305199260524998,-0.001228523239637458,1.3064277837646354,0.0
649,12.98,hold,kick,368,8.297316124999384,1.8086606147119422,0.10973345824050078,1.1083611368679163,0.39498274168874997,0.7736577644099771,1.3051577545821875,-0.0012228093385886311,1.3063805639207762,0.0
650,13.0,hold,kick,369,8.343603114399627,1.8197595639837327,0.10973345824050078,1.1084350844717576,0.3953037378337711,0.7736253469628397,1.3051187804632103,-0.0012142381551275595,1.306333018618338,0.0
651,13.02,hold,kick,370,8.389890103799871,1.8308585132555233,0.10973345824050078,1.1085200635901715,0.39552824636928297,0.7735944629244501,1.3050832804002002,-0.001203984255863013,1.3062872646560633,0.0
652,13.04,hold,kick,371,8.436177093200115,1.8419574625273138,0.10973345824050078,1.1086136302063185,0.39565920164218266,0.7735657801972642,1.3050516284294424,-0.0011932026544113246,1.3062448310838537,0.0
653,13.06,hold,kick,372,8.482464082600359,1.8530564117991044,0.10973345824050078,1.1087115999849064,0.3957027637807557,0.7735398592632596,1.3050241187073155,-0.0011824372478971591,1.3062065559552127,0.0
654,13.08,hold,kick,373,8.528751072000603,1.864155361070895,0.10973345824050078,1.1088117133745434,0.3956648256221249,0.773516919558934,1.3050009087675107,-0.0011719132058157465,1.3061728219733264,0.0
655,13.1,hold,kick,374,8.575038061400846,1.8752543103426855,0.10973345824050078,1.1089115554165434,0.39555209824671334,0.7734973125888639,1.304982387424943,-0.0011615666014146188,1.3061439540263577,0.0
656,13.12,hold,kick,375,8.62132505080109,1.886353259614476,0.10973345824050078,1.109009963938972,0.39537300898042715,0.7734812924575651,1.3049690528144169,-0.0011516401999523522,1.3061206930143692,0.0
657,13.14,hold,kick,376,8.667612040201334,1.8974522088862666,0.10973345824050078,1.1091062127134088,0.3951330078610174,0.7734666465759266,1.3049589113773636,-0.0011424618786473294,1.306101373256011,0.0
658,13.16,hold,kick,377,8.713899029601578,1.9085511581580572,0.10973345824050078,1.1092000741778334,0.39483522908680296,0.7734509616733322,1.3049495199914536,-0.0011341083861782578,1.3060836283776318,0.0
659,13.18,hold,kick,378,8.760186019001821,1.9196501074298478,0.10973345824050078,1.1092911371409206,0.3944805890789714,0.7734326849203588,1.304939038634501,-0.001125801107349167,1.3060648397418502,0.0
660,13.2,hold,kick,379,8.806473008402065,1.9307490567016383,0.10973345824050078,1.1093788131509483,0.3940714604336184,0.7734114046722286,1.3049267639076645,-0.0011166876596490488,1.3060434515673136,0.0
661,13.22,hold,kick,380,8.852759997802309,1.9418480059734289,0.10973345824050078,1.1094630472465035,0.3936117745579391,0.7733877165991615,1.3049131201291935,-0.0011056474936100395,1.3060187676228034,0.0
662,13.24,hold,kick,381,8.899046987202553,1.9529469552452194,0.10973345824050078,1.109543661442027,0.39310606685971217,0.7733617289700484,1.304898022289498,-0.0010934883258007476,1.3059915106152986,0.0
663,13.26,hold,kick,381,8.945333976602797,1.96404590451701,0.10973345824050078,1.109620254894812,0.39255895274499336,0.7733336429465751,1.3048814581426083,-0.0010807801624969256,1.3059622383051053,0.0
664,13.28,hold,kick,381,8.99162096600304,1.9751448537888006,0.10973345824050078,1.1096933700881542,0.39197557081716156,0.7733039579989042,1.3048638331678304,-0.0010677033262711001,1.3059315364941015,0.0
665,13.3,hold,kick,381,9.037907955403284,1.9862438030605911,0.10973345824050078,1.1097668266750143,0.3913622515721618,0.773273615867069,1.3048464462425584,-0.0010544282865793397,1.3059008745291378,0.0
666,13.32,hold,kick,381,9.084194944803528,1.9973427523323817,0.10973345824050078,1.1098453132619854,0.39072589367259936,0.7732435676483567,1.3048308329142204,-0.0010410406835659192,1.3058718735977863,0.0
667,13.34,hold,kick,381,9.130481934203772,2.0084417016041725,0.10973345824050078,1.109930938846669,0.39007316155319,0.7732140495545429,1.3048174578678886,-0.0010276273734239616,1.3058450852413126,0.0
668,13.36,hold,kick,381,9.176768923604016,2.019540650875963,0.10973345824050078,1.110023322139636,0.38941035014684555,0.7731847310517603,1.304805886490074,-0.0010143425465018487,1.305820229036576,0.0
669,13.38,hold,kick,381,9.22305591300426,2.0306396001477536,0.10973345824050078,1.1101195136202555,0.3887441672171453,0.7731550820896659,1.3047952155869171,-0.0010013727629188222,1.305796588349836,0.0
670,13.4,hold,kick,381,9.269342902404503,2.041738549419544,0.10973345824050078,1.110215502142556,0.38808126137828164,0.7731245915617552,1.3047844396491008,-0.0009889744017623284,1.3057734140508632,0.0
671,13.42,hold,kick,381,9.315629891804747,2.0528374986913347,0.10973345824050078,1.11030835834275,0.38742810913350284,0.7730932221535708,1.3047731312684672,-0.0009773519605780212,1.3057504832290452,0.0
672,13.44,hold,kick,381,9.36191688120499,2.0639364479631253,0.10973345824050078,1.110396328827153,0.38679156485613725,0.7730614878123744,1.3047615897442104,-0.0009666586033680244,1.3057282483475785,0.0
673,13.46,hold,kick,381,9.408203870605234,2.075035397234916,0.10973345824050078,1.1104784663624745,0.386177859625685,0.773029818553362,1.304750122347803,-0.0009570704770348569,1.3057071928248378,0.0
674,13.48,hold,kick,381,9.454490860005478,2.0861343465067064,0.10973345824050078,1.1105542041672158,0.38559143516457617,0.7729990759820268,1.3047393959567362,-0.0009486569959459047,1.305688052952682,0.0
675,13.5,hold,kick,381,9.500777849405722,2.097233295778497,0.10973345824050078,1.1106233328527673,0.38503521616418623,0.772970300596004,1.3047302618424497,-0.0009413953338572242,1.305671657176307,0.0
676,13.52,hold,kick,381,9.547064838805966,2.1083322450502875,0.10973345824050078,1.1106855178181851,0.38451133727219,0.7729444609985614,1.3047235494858151,-0.0009352954313942216,1.3056588449172093,0.0
677,13.54,hold,kick,381,9.59335182820621,2.119431194322078,0.10973345824050078,1.110739072898581,0.3840212818368883,0.772922449215089,1.304719783842894,-0.0009313465492602792,1.3056511303921543,0.0
678,13.56,hold,kick,381,9.639638817606453,2.1305301435938686,0.10973345824050078,1.1107828350421949,0.3835665451754666,0.7729038401243091,1.3047182734157539,-0.0009297470369668548,1.3056480204527208,0.0
679,13.58,hold,kick,381,9.685925807006697,2.141629092865659,0.10973345824050078,1.1108166360319154,0.3831485362435276,0.772887674858849,1.3047179511929203,-0.000930100380668656,1.305648051573589,0.0
680,13.6,hold,kick,381,9.732212796406941,2.1527280421374497,0.10973345824050078,1.1108409357843474,0.38276846505877316,0.7728730440660301,1.304717852631329,-0.0009316725488577454,1.3056495251801867,0.0
681,13.62,hold,kick,381,9.778499785807185,2.1638269914092403,0.10973345824050078,1.1108567046064755,0.38242640860025434,0.7728612041490205,1.304719237513478,-0.0009341251446816912,1.3056533626581597,0.0
682,13.64,hold,kick,381,9.824786775207428,2.174925940681031,0.10973345824050078,1.110864493363958,0.38212229053778346,0.7728520754107607,1.3047220964239268,-0.0009371275341496094,1.3056592239580764,0.0
