tick,t_s,phase,task_mode,curr_motion_timestep,ball_x,ball_y,ball_z,base_x,base_y,base_z,robot_top_z,robot_bottom_z,robot_height,kick_aim_theta_deg
0,0.0,idle,kick,399,12.85996577692895,-4.963744572598143,0.10973345824050078,1.166226702116942,0.06745203639449929,0.7436428004087782,1.2748456410765052,-0.000688827952940653,1.275534469029446,0.0
1,0.02,idle,kick,399,12.91144246005455,-4.986152025584074,0.10973345824050078,1.1665402772649127,0.06724832731534304,0.7436621568010731,1.2748601826435981,-0.0006772940587354247,1.2755374767023335,0.0
2,0.04,idle,kick,399,12.96291914318015,-5.008559478570005,0.10973345824050078,1.1668276809218485,0.06706452851096226,0.7436809190427892,1.2748737806163708,-0.0006672590907898859,1.2755410397071607,0.0
3,0.06,idle,kick,399,13.01439582630575,-5.030966931555936,0.10973345824050078,1.1670874071239141,0.06690373443150067,0.7436978248531483,1.274885221399642,-0.0006596530725942497,1.2755448744722362,0.0
4,0.08,idle,kick,399,13.06587250943135,-5.053374384541867,0.10973345824050078,1.1673187188834646,0.06676823838298512,0.7437126675143971,1.274894299808093,-0.0006537161541093871,1.2755480159622024,0.0
5,0.1,idle,kick,399,13.117349192556949,-5.075781837527797,0.10973345824050078,1.1675213271412084,0.0666592780146252,0.743725561114463,1.2749011810332587,-0.0006491148974974992,1.275550295930756,0.0
6,0.12,idle,kick,399,13.168825875682549,-5.098189290513728,0.10973345824050078,1.16769518189278,0.06657735378806685,0.743736547039709,1.2749059682775903,-0.0006457118538553998,1.2755516801314457,0.0
7,0.14,idle,kick,399,13.220302558808148,-5.120596743499659,0.10973345824050078,1.1678404896991346,0.06652232361776284,0.7437457338045923,1.274908843729077,-0.0006433711952527899,1.2755522149243297,0.0
8,0.16,idle,kick,399,13.271779241933748,-5.14300419648559,0.10973345824050078,1.1679579283066477,0.06649314535561154,0.7437530618580624,1.274909845266026,-0.0006419763495791701,1.275551821615605,0.0
9,0.18,idle,kick,399,13.323255925059348,-5.165411649471521,0.10973345824050078,1.1680485902802404,0.06648788497985661,0.7437583877724356,1.2749089377916432,-0.0006414176376647908,1.275550355429308,0.0
10,0.2,idle,kick,399,13.374732608184948,-5.187819102457452,0.10973345824050078,1.168113819221872,0.06650436529731485,0.7437623377299805,1.2749067868993942,-0.0006415904548713082,1.2755483773542655,0.0
11,0.22,idle,kick,399,13.426209291310547,-5.210226555443382,0.10973345824050078,1.1681554963829934,0.06653864926501221,0.7437659617563022,1.27490458772094,-0.0006424132582198427,1.2755470009791599,0.0
12,0.24,idle,kick,399,13.477685974436147,-5.232634008429313,0.10973345824050078,1.168175311980174,0.06658658722155181,0.7437695114285953,1.274902843910445,-0.0006437204002353314,1.2755465643106805,0.0
13,0.26,idle,kick,399,13.529162657561747,-5.255041461415244,0.10973345824050078,1.168174403546137,0.06664632319095978,0.7437730427969227,1.2749017688285642,-0.0006453317908502974,1.2755471006194146,0.0
14,0.28,idle,kick,399,13.580639340687346,-5.277448914401175,0.10973345824050078,1.1681540318225372,0.0667177225699235,0.7437766551348515,1.2749014221270372,-0.0006471761479965137,1.2755485982750336,0.0
15,0.3,idle,kick,399,13.632116023812946,-5.299856367387106,0.10973345824050078,1.1681155906834524,0.06680131984815889,0.7437803315022473,1.2749016847800179,-0.0006492440285491043,1.275550928808567,0.0
16,0.32,idle,kick,399,13.683592706938546,-5.322263820373037,0.10973345824050078,1.1680611878307994,0.06689561631620763,0.7437840079412474,1.2749024659296715,-0.0006514843259503508,1.275553950255622,0.0
17,0.34,idle,kick,399,13.735069390064146,-5.344671273358967,0.10973345824050078,1.1679938526784075,0.06699803809682456,0.7437877350953649,1.2749036688769726,-0.0006538097683627848,1.2755574786453354,0.0
18,0.36,idle,kick,399,13.786546073189745,-5.367078726344898,0.10973345824050078,1.1679169346061122,0.06710594304723805,0.7437915699161107,1.2749050584600623,-0.0006561425309060363,1.2755612009909683,0.0
19,0.38,idle,kick,399,13.838022756315345,-5.389486179330829,0.10973345824050078,1.167832166667328,0.06721725904375436,0.7437953714513961,1.2749063837403924,-0.0006584758409592627,1.2755648595813518,0.0
20,0.4,idle,kick,399,13.889499439440945,-5.41189363231676,0.10973345824050078,1.1677395701942683,0.0673308707668697,0.7437991007036591,1.274907567253673,-0.0006607974880812224,1.2755683647417542,0.0
21,0.42,idle,kick,399,13.940976122566545,-5.434301085302691,0.10973345824050078,1.1676403140206217,0.06744520722600285,0.7438028981182253,1.2749087082752362,-0.0006631755355097808,1.275571883810746,0.0
22,0.44,idle,kick,399,13.992452805692144,-5.456708538288622,0.10973345824050078,1.1675358730084158,0.06755874647629073,0.7438069482989406,1.2749099827494055,-0.0006655753476771907,1.2755755580970827,0.0
23,0.46,idle,kick,399,14.043929488817744,-5.479115991274552,0.10973345824050078,1.1674276484268602,0.06767015732934913,0.7438112282704479,1.2749113797662956,-0.0006679476835173316,1.275579327449813,0.0
24,0.48,idle,kick,399,14.095406171943344,-5.501523444260483,0.10973345824050078,1.1673170110747924,0.06777801376274949,0.7438154596479508,1.2749126401035396,-0.0006705356048196734,1.2755831757083593,0.0
25,0.5,idle,kick,399,14.146882855068943,-5.523930897246414,0.10973345824050078,1.1672054131319716,0.06788051810450085,0.7438193471093509,1.2749134859385272,-0.0006728179959198492,1.275586303934447,0.0
26,0.52,idle,kick,399,14.198359538194543,-5.546338350232345,0.10973345824050078,1.167093772955655,0.0679769272959458,0.7438230461681417,1.2749141055155124,-0.0006744252297786295,1.275588530745291,0.0
27,0.54,idle,kick,399,14.249836221320143,-5.568745803218276,0.10973345824050078,1.1669830150164369,0.06806661765281005,0.74382654760557,1.2749145062579623,-0.0006755291614433528,1.2755900354194056,0.0
28,0.56,idle,kick,399,14.301312904445743,-5.591153256204207,0.10973345824050078,1.166873926950611,0.06814952140736061,0.7438300767898641,1.274914898634684,-0.0006761974935102881,1.2755910961281944,0.0
29,0.58,idle,kick,399,14.352789587571342,-5.613560709190137,0.10973345824050078,1.166767229353875,0.0682256813613551,0.7438337716160495,1.2749154246715526,-0.0006767442807819914,1.2755921689523346,0.0
30,0.6,idle,kick,399,14.404266270696942,-5.635968162176068,0.10973345824050078,1.1666635987364753,0.06829506074223696,0.7438375791480074,1.2749160350672835,-0.0006773087130935093,1.275593343780377,0.0
31,0.62,idle,kick,399,14.455742953822542,-5.658375615161999,0.10973345824050078,1.1665635820159719,0.0683576323685863,0.7438414301084141,1.2749166826055984,-0.000678034995275717,1.2755947176008742,0.0
32,0.64,idle,kick,399,14.507219636948141,-5.68078306814793,0.10973345824050078,1.166467614513819,0.06841349940736685,0.7438452813587499,1.274917352418726,-0.0006792658892916387,1.2755966183080176,0.0
33,0.66,idle,kick,399,14.558696320073741,-5.703190521133861,0.10973345824050078,1.1663761805152657,0.06846252308628614,0.7438491124309944,1.2749180778848366,-0.000680367333900856,1.2755984452187374,0.0
34,0.68,idle,kick,399,14.61017300319934,-5.7255979741197915,0.10973345824050078,1.1662896892807357,0.06850469181147802,0.7438529185498942,1.2749189047052871,-0.0006812640985949317,1.275600168803882,0.0
35,0.7,idle,kick,399,14.66164968632494,-5.748005427105722,0.10973345824050078,1.1662083875893123,0.06854039476613305,0.7438566976213125,1.2749198479748318,-0.0006819323470248807,1.2756017803218567,0.0
36,0.72,idle,kick,399,14.71312636945054,-5.770412880091653,0.10973345824050078,1.1661324488473044,0.06857013334250092,0.7438604434518349,1.274920904212501,-0.000682371875536561,1.2756032760880376,0.0
37,0.74,idle,kick,399,14.76460305257614,-5.792820333077584,0.10973345824050078,1.166061994616856,0.06859443850270422,0.7438641487017809,1.2749220620984187,-0.0006825871338235721,1.2756046492322424,0.0
38,0.76,idle,kick,399,14.81607973570174,-5.815227786063515,0.10973345824050078,1.1659970988242012,0.06861384193485312,0.7438678068932538,1.2749233081849944,-0.0006825829910478594,1.2756058911760424,0.0
39,0.78,idle,kick,399,14.86755641882734,-5.837635239049446,0.10973345824050078,1.1659377908653448,0.06862885952918432,0.7438714125107562,1.274924628844011,-0.0006823661883045701,1.2756069950323157,0.0
40,0.8,idle,kick,399,14.91903310195294,-5.8600426920353765,0.10973345824050078,1.1658840583764831,0.06863998595230418,0.7438749631598368,1.2749260128769264,-0.0006819461304066084,1.275607959007333,0.0
41,0.82,idle,kick,399,14.970509785078539,-5.882450145021307,0.10973345824050078,1.165835850986928,0.06864769550572625,0.7438784581581782,1.2749274499493344,-0.0006813332188815163,1.275608783168216,0.0
42,0.84,idle,kick,399,15.021986468204139,-5.904857598007238,0.10973345824050078,1.1657930881977239,0.06865245934090736,0.7438819072093801,1.2749289374477557,-0.000680512485578575,1.2756094499333344,0.0
43,0.86,idle,kick,399,15.073463151329738,-5.927265050993169,0.10973345824050078,1.1657557775615057,0.0686547383095609,0.7438853267511264,1.2749304800541126,-0.0006794934385403878,1.275609973492653,0.0
44,0.88,idle,kick,399,15.124939834455338,-5.9496725039791,0.10973345824050078,1.1657239157888057,0.06865491321997422,0.7438888118040613,1.2749321750697111,-0.0006783162759544277,1.2756104913456656,0.0
45,0.9,idle,kick,399,15.176416517580938,-5.972079956965031,0.10973345824050078,1.165697395478085,0.0686532713610899,0.7438924430305327,1.2749341233436309,-0.0006770091761334612,1.2756111325197643,0.0
46,0.92,idle,kick,399,15.227893200706538,-5.9944874099509615,0.10973345824050078,1.1656760800654424,0.06865007031945965,0.7438962304975131,1.2749363408510002,-0.0006755856199887854,1.2756119264709889,0.0
47,0.94,idle,kick,399,15.279369883832137,-6.016894862936892,0.10973345824050078,1.1656597795818673,0.06864567953138874,0.7439001432612616,1.2749387915690984,-0.0006740554813074763,1.2756128470504058,0.0
48,0.96,idle,kick,399,15.330846566957737,-6.039302315922823,0.10973345824050078,1.1656482567605257,0.06864053959166311,0.7439041757626582,1.274941456812717,-0.0006724171968468355,1.275613874009564,0.0
49,0.98,idle,kick,399,15.382323250083337,-6.061709768908754,0.10973345824050078,1.1656411636435835,0.06863520693900882,0.7439085597023433,1.2749445493323517,-0.0006709488795476719,1.2756154982118995,0.0
50,1.0,idle,kick,399,15.433799933208936,-6.084117221894685,0.10973345824050078,1.165637981367511,0.06863039481018052,0.743913586695716,1.2749483884548953,-0.0006699969671999963,1.2756183854220953,0.0
51,1.02,idle,kick,399,15.485276616334536,-6.106524674880616,0.10973345824050078,1.1656384675429572,0.06862631866442823,0.7439189635804497,1.274952622953246,-0.0006692338688147649,1.2756218568220608,0.0
52,1.04,idle,kick,399,15.536753299460136,-6.1289321278665465,0.10973345824050078,1.1656425986786094,0.06862320920805559,0.7439246156452484,1.274957087798482,-0.0006686010506942244,1.2756256888491762,0.0
53,1.06,idle,kick,399,15.588229982585736,-6.151339580852477,0.10973345824050078,1.1656505580897611,0.06862122823218719,0.7439305009775457,1.2749615796598583,-0.0006680442063904425,1.2756296238662488,0.0
54,1.08,idle,kick,399,15.639706665711335,-6.173747033838408,0.10973345824050078,1.165662326626474,0.06862044715286562,0.7439365583381439,1.2749659183868296,-0.000667548426665835,1.2756334668134954,0.0
55,1.1,idle,kick,399,15.691183348836935,-6.196154486824339,0.10973345824050078,1.1656775853538153,0.06862082828733186,0.7439427048453171,1.2749699707884927,-0.000667075242113277,1.275637046030606,0.0
56,1.12,idle,kick,399,15.742660031962535,-6.21856193981027,0.10973345824050078,1.1656957958604897,0.06862227936769474,0.7439489120131951,1.2749737155869132,-0.000666660042029428,1.2756403756289427,0.0
57,1.14,idle,kick,399,15.794136715088134,-6.240969392796201,0.10973345824050078,1.1657163346191064,0.06862467266774919,0.7439551099840692,1.274977136649305,-0.0006662450028689162,1.275643381652174,0.0
58,1.16,idle,kick,399,15.845613398213734,-6.2633768457821315,0.10973345824050078,1.1657385738243746,0.068628036096322,0.7439613628554064,1.274980336973293,-0.0006658581705006675,1.2756461951437936,0.0
59,1.18,idle,kick,399,15.897090081339334,-6.285784298768062,0.10973345824050078,1.1657618736088715,0.06863228913618463,0.7439677005742642,1.274983426345829,-0.0006654842350982855,1.2756489105809274,0.0
60,1.2,idle,kick,399,15.948566764464934,-6.308191751753993,0.10973345824050078,1.1657855710813483,0.06863727387492566,0.7439741211896731,1.2749864841632679,-0.0006651258613704671,1.2756516100246384,0.0
61,1.22,idle,kick,399,16.00004344759053,-6.330599204739924,0.10973345824050078,1.1658090749353813,0.0686428332920928,0.7439805933199768,1.2749895567069216,-0.0006647907548153163,1.275654347461737,0.0
62,1.24,idle,kick,399,16.05152013071613,-6.353006657725855,0.10973345824050078,1.1658318969568027,0.06864884789523294,0.7439870739649782,1.2749926584162345,-0.0006644523817688347,1.2756571107980035,0.0
63,1.26,idle,kick,399,16.10299681384173,-6.375414110711786,0.10973345824050078,1.1658536504338326,0.06865525277268275,0.7439935552916948,1.2749958066730485,-0.0006641101899075991,1.275659916862956,0.0
64,1.28,idle,kick,399,16.15447349696733,-6.3978215636977165,0.10973345824050078,1.1658740110068413,0.06866201952539741,0.7440000737014076,1.2749990682946055,-0.0006638280662996238,1.2756628963609051,0.0
65,1.3,idle,kick,399,16.20595018009293,-6.420229016683647,0.10973345824050078,1.1658927960830723,0.06866906530164926,0.7440065369723063,1.2750023556855008,-0.0006634960987237093,1.2756658517842245,0.0
66,1.32,idle,kick,399,16.25742686321853,-6.442636469669578,0.10973345824050078,1.1659099265714261,0.06867630495207072,0.7440129164069981,1.2750056238881957,-0.000663101273158672,1.2756687251613543,0.0
67,1.34,idle,kick,399,16.30890354634413,-6.465043922655509,0.10973345824050078,1.1659253465227353,0.06868367812476235,0.7440192181991347,1.2750088621450795,-0.0006626631943165533,1.275671525339396,0.0
68,1.36,idle,kick,399,16.36038022946973,-6.48745137564144,0.10973345824050078,1.1659390295718102,0.06869114554834616,0.7440254504468276,1.2750120575716712,-0.0006621981815218836,1.275674255753193,0.0
69,1.38,idle,kick,399,16.41185691259533,-6.509858828627371,0.10973345824050078,1.1659509725101995,0.06869868203925177,0.7440316174933276,1.2750151929143323,-0.00066171823890648,1.2756769111532387,0.0
70,1.4,idle,kick,399,16.46333359572093,-6.5322662816133015,0.10973345824050078,1.165961191448927,0.06870627380781684,0.744037723942441,1.2750182512378552,-0.0006612305347197395,1.275679481772575,0.0
71,1.42,idle,kick,399,16.51481027884653,-6.554673734599232,0.10973345824050078,1.1659697116692125,0.06871391420899518,0.7440437743291328,1.275021218787332,-0.0006607399855846213,1.2756819587729167,0.0
72,1.44,idle,kick,399,16.56628696197213,-6.577081187585163,0.10973345824050078,1.1659765621501559,0.06872160233321678,0.7440497714501149,1.275024083545794,-0.0006602507430987538,1.2756843342888928,0.0
73,1.46,idle,kick,399,16.617763645097728,-6.599488640571094,0.10973345824050078,1.165981769624401,0.06872933955622497,0.7440557189412806,1.275026839573966,-0.0006597653745583493,1.2756866049485243,0.0
74,1.48,idle,kick,399,16.669240328223328,-6.621896093557025,0.10973345824050078,1.1659853599110679,0.06873712966694605,0.7440616226539183,1.2750294876084742,-0.0006592852630297463,1.275688772871504,0.0
75,1.5,idle,kick,399,16.720717011348928,-6.644303546542956,0.10973345824050078,1.1659873534563374,0.06874497605267894,0.7440674852680272,1.2750320303331613,-0.0006588115272362811,1.2756908418603976,0.0
76,1.52,idle,kick,399,16.772193694474527,-6.6667109995288865,0.10973345824050078,1.1659877707635946,0.06875288268177478,0.7440733109566877,1.2750344750463554,-0.0006583449981239324,1.2756928200444793,0.0
77,1.54,idle,kick,399,16.823670377600127,-6.689118452514817,0.10973345824050078,1.1659866372715542,0.06876084979213261,0.744079102799739,1.2750368313054543,-0.0006578861166681438,1.2756947174221225,0.0
78,1.56,idle,kick,399,16.875147060725727,-6.711525905500748,0.10973345824050078,1.1659839892743504,0.06876887882660583,0.7440848664573402,1.2750391112123907,-0.000657435797206684,1.2756965470095973,0.0
79,1.58,idle,kick,399,16.926623743851327,-6.733933358486679,0.10973345824050078,1.1659798542287174,0.06877699863029767,0.74409060776285,1.2750413284090096,-0.0006569946689966889,1.2756983230780063,0.0
80,1.6,idle,kick,399,16.978100426976926,-6.75634081147261,0.10973345824050078,1.1659742610820842,0.06878523854332948,0.7440963167694219,1.2750434828391037,-0.0006565607013656466,1.2757000435404693,0.0
81,1.62,idle,kick,399,17.029577110102526,-6.778748264458541,0.10973345824050078,1.1659672618226384,0.06879362220814482,0.7441019811733122,1.2750455678445374,-0.0006561327113182233,1.2757017005558555,0.0
82,1.64,idle,kick,399,17.081053793228126,-6.8011557174444714,0.10973345824050078,1.1659589285284286,0.0688021553391218,0.7441075969408596,1.275047581763951,-0.0006557102214295694,1.2757032919853806,0.0
83,1.66,idle,kick,399,17.132530476353725,-6.823563170430402,0.10973345824050078,1.1659493490626882,0.06881083183126449,0.7441131687921524,1.2750495297809625,-0.0006552923988622471,1.2757048221798248,0.0
84,1.68,idle,kick,399,17.184007159479325,-6.845970623416333,0.10973345824050078,1.1659386145255834,0.06881963749749793,0.7441187054669726,1.2750514204073555,-0.0006548782241189537,1.2757062986314744,0.0
85,1.7,idle,kick,399,17.235483842604925,-6.868378076402264,0.10973345824050078,1.1659268198125674,0.06882854454189899,0.7441242168985619,1.2750532641770809,-0.0006544664543406443,1.2757077306314215,0.0
86,1.72,idle,kick,399,17.286960525730525,-6.890785529388195,0.10973345824050078,1.165914060678946,0.06883751677155206,0.7441297170923339,1.2750550761841148,-0.0006540564585508085,1.2757091326426657,0.0
87,1.74,idle,kick,399,17.338437208856124,-6.913192982374126,0.10973345824050078,1.165900425528671,0.06884651207939961,0.7441352176356074,1.2750568713069919,-0.0006536465853327761,1.2757105178923247,0.0
88,1.76,idle,kick,399,17.389913891981724,-6.935600435360056,0.10973345824050078,1.1658860051131108,0.06885548367049095,0.7441407271789059,1.2750586620444737,-0.0006532351682452114,1.2757118972127188,0.0
89,1.78,idle,kick,399,17.441390575107324,-6.958007888345987,0.10973345824050078,1.165870887841538,0.06886438776279008,0.7441462533960329,1.2750604602747475,-0.000652820526491342,1.2757132808012388,0.0
90,1.8,idle,kick,399,17.492867258232923,-6.980415341331918,0.10973345824050078,1.1658551572909615,0.06887318044083267,0.7441518006840384,1.275062275896506,-0.0006524018917234212,1.2757146777882293,0.0
91,1.82,idle,kick,399,17.544343941358523,-7.002822794317849,0.10973345824050078,1.1658389009575443,0.0688818223612307,0.7441573768987507,1.2750641214674732,-0.0006519786904748762,1.275716100157948,0.0
92,1.84,idle,kick,399,17.595820624484123,-7.02523024730378,0.10973345824050078,1.1658222000504814,0.06889028510352832,0.7441629853547881,1.2750660049772826,-0.0006515488364365121,1.275717553813719,0.0
93,1.86,idle,kick,399,17.647297307609723,-7.047637700289711,0.10973345824050078,1.165805132142556,0.06889853455249112,0.7441686285385951,1.2750679336493642,-0.0006511125411941231,1.2757190461905583,0.0
94,1.88,idle,kick,399,17.698773990735322,-7.070045153275641,0.10973345824050078,1.165787778335376,0.06890650978015865,0.7441742984981876,1.2750699062906174,-0.0006506729029186753,1.2757205791935362,0.0
95,1.9,idle,kick,399,17.750250673860922,-7.092452606261572,0.10973345824050078,1.1657702194053385,0.0689141709391212,0.7441799873352786,1.275071917728591,-0.0006502312328330977,1.275722148961424,0.0
96,1.92,idle,kick,399,17.80172735698652,-7.114860059247503,0.10973345824050078,1.1657525286311894,0.06892150494399764,0.7441856945887012,1.2750739681500491,-0.0006497858345661071,1.2757237539846153,0.0
97,1.94,idle,kick,399,17.85320404011212,-7.137267512233434,0.10973345824050078,1.1657347788934886,0.06892850717504664,0.7441914178755578,1.2750760549965892,-0.0006493339886897917,1.2757253889852789,0.0
98,1.96,idle,kick,399,17.90468072323772,-7.159674965219365,0.10973345824050078,1.1657170435392015,0.06893518367805972,0.74419715725615,1.2750781760833958,-0.0006488740611561954,1.275727050144552,0.0
99,1.98,idle,kick,399,17.95615740636332,-7.182082418205296,0.10973345824050078,1.1656993886996752,0.06894154503657189,0.744202913371731,1.2750803299250075,-0.0006484042400775811,1.2757287341650851,0.0
100,2.0,idle,locomotion,1,18.00763408948892,-7.204489871191226,0.10973345824050078,1.165681876556854,0.0689476074823235,0.7442086855577328,1.275082513330501,-0.0006479237958004896,1.2757304371263016,0.0
101,2.02,idle,locomotion,1,18.05911077261452,-7.226897324177157,0.10973345824050078,1.165722461526131,0.06856983727924988,0.7454620185419757,1.2763258506234045,-0.000550488861924478,1.276876339485329,0.0
102,2.04,idle,locomotion,1,18.11058745574012,-7.249304777163088,0.10973345824050078,1.1662394393909676,0.06747634907236848,0.7485569277900144,1.2794616567438848,-0.0005105873944560441,1.2799722441383408,0.0
103,2.06,idle,locomotion,1,18.16206413886572,-7.271712230149019,0.10973345824050078,1.166975725731907,0.06576426090113534,0.7525505437385905,1.2835700860918335,-0.0004735545403273603,1.284043640632161,0.0
104,2.08,idle,locomotion,1,18.21354082199132,-7.29411968313495,0.10973345824050078,1.1673654592500198,0.06371841777654075,0.7564234754403694,1.287638070135901,-0.0004964601811012631,1.2881345303170022,0.0
105,2.1,idle,locomotion,1,18.26501750511692,-7.316527136120881,0.10973345824050078,1.1670560528267395,0.06162548919723658,0.7595299480161228,1.2909864044414963,-0.0005322135113866346,1.2915186179528828,0.0
106,2.12,idle,locomotion,1,18.31649418824252,-7.338934589106811,0.10973345824050078,1.165973314378792,0.05972226280723186,0.7616135727779333,1.2932992551599622,-0.0005641529517613833,1.2938634081117237,0.0
107,2.14,idle,locomotion,1,18.36797087136812,-7.361342042092742,0.10973345824050078,1.1642699963878314,0.05816422782448295,0.7626985515494025,1.2945434799887914,-0.0005743871676286011,1.29511786715642,0.0
108,2.16,idle,locomotion,1,18.41944755449372,-7.383749495078673,0.10973345824050078,1.162244234321876,0.05702468911262612,0.762964554440067,1.2948728207313271,-0.0005527213700039953,1.2954255421013312,0.0
109,2.18,idle,locomotion,1,18.470924237619318,-7.406156948064604,0.10973345824050078,1.1601690544550487,0.0562812646101012,0.7626419538225478,1.294529449512849,-0.000519981933348141,1.295049431446197,0.0
110,2.2,idle,locomotion,1,18.522400920744918,-7.428564401050535,0.10973345824050078,1.1582369104697758,0.05583827626416303,0.7619526346329878,1.2937661206309876,-0.0005037932906928055,1.2942699139216804,0.0
111,2.22,idle,locomotion,1,18.573877603870518,-7.450971854036466,0.10973345824050078,1.1565583810358087,0.055606769799545444,0.7610575880074758,1.2927786764079279,-0.0004991298269707949,1.2932778062348986,0.0
112,2.24,idle,locomotion,1,18.625354286996117,-7.473379307022396,0.10973345824050078,1.155173700819089,0.05550558225692527,0.7600588729320584,1.2916952177992262,-0.000501834715065607,1.2921970525142918,0.0
113,2.26,idle,locomotion,1,18.676830970121717,-7.495786760008327,0.10973345824050078,1.1540674144083918,0.05548086842133187,0.7590060053350534,1.2905794802701862,-0.0005061436259627093,1.291085623896149,0.0
114,2.28,idle,locomotion,1,18.728307653247317,-7.518194212994258,0.10973345824050078,1.1531706492685878,0.055488998459899325,0.7579009302245246,1.2894332264570758,-0.000511695534333112,1.289944921991409,0.0
115,2.3,idle,locomotion,1,18.779784336372916,-7.540601665980189,0.10973345824050078,1.152429654611626,0.05550605874884291,0.756696208531979,1.288208140724652,-0.0005169677314674735,1.2887251084561193,0.0
116,2.32,idle,locomotion,1,18.831261019498516,-7.56300911896612,0.10973345824050078,1.151783588439675,0.05552007754737888,0.755296755390885,1.2868057990521138,-0.0005200317367933457,1.287325830788907,0.0
117,2.34,idle,locomotion,1,18.882737702624116,-7.5854165719520505,0.10973345824050078,1.1511647307620234,0.05551918221551225,0.7535482723326562,1.2850674086994478,-0.0005199364680107087,1.2855873451674584,0.0
118,2.36,idle,locomotion,1,18.934214385749716,-7.607824024937981,0.10973345824050078,1.1504839820676078,0.05550388759958299,0.751224384068211,1.2827611135537755,-0.0005099333210131299,1.2832710468747888,0.0
119,2.38,idle,locomotion,1,18.985691068875315,-7.630231477923912,0.10973345824050078,1.1496538836561776,0.0554868283429838,0.7480810072372851,1.2796355046298449,-0.0004880323805299541,1.2801235370103747,0.0
120,2.4,idle,locomotion,1,19.037167752000915,-7.652638930909843,0.10973345824050078,1.148633079896588,0.05548540917876617,0.7440332724224384,1.2755940864455921,-0.0004479473292150378,1.276042033774807,0.0
121,2.42,idle,locomotion,1,19.088644435126515,-7.675046383895774,0.10973345824050078,1.1474618666042455,0.05551272272178624,0.7393529986725219,1.270894703813292,-0.000424807936419868,1.271319511749712,0.0
122,2.44,idle,locomotion,1,19.140121118252114,-7.697453836881705,0.10973345824050078,1.1462369146160227,0.05557484073278232,0.7346103394160957,1.2661034625485887,-0.00042890674025089157,1.2665323692888397,0.0
123,2.46,idle,locomotion,1,19.191597801377714,-7.7198612898676355,0.10973345824050078,1.1450529459640666,0.055688510791046406,0.7303868514902976,1.2618105281011829,-0.0004471788741963155,1.262257706975379,0.0
124,2.48,idle,locomotion,1,19.243074484503314,-7.742268742853566,0.10973345824050078,1.1439251686827896,0.05585730882235496,0.7270854265453128,1.2584241806564946,-0.00047216908030618676,1.2588963497368009,0.0
125,2.5,idle,locomotion,1,19.294551167628914,-7.764676195839497,0.10973345824050078,1.1428807916787231,0.056079100690749235,0.7248838815385356,1.2561340656912692,-0.000492982759924817,1.2566270484511939,0.0
126,2.52,idle,locomotion,1,19.346027850754513,-7.787083648825428,0.10973345824050078,1.1419375194598924,0.0563322306222162,0.7237647173446556,1.254932946726005,-0.0004982339496282066,1.2554311806756333,0.0
127,2.54,idle,locomotion,1,19.397504533880113,-7.809491101811359,0.10973345824050078,1.1411159849151524,0.05660346128633064,0.7235385544418433,1.2546458964450642,-0.0004902640356271339,1.2551361604806914,0.0
128,2.56,idle,locomotion,1,19.448981217005713,-7.83189855479729,0.10973345824050078,1.1403782255885546,0.05685821963540709,0.7239453208311449,1.2550118880899184,-0.000478296317637638,1.255490184407556,0.0
129,2.58,idle,locomotion,1,19.500457900131313,-7.8543060077832205,0.10973345824050078,1.1396955719070967,0.05707989408209804,0.7247345801586428,1.2557799035049624,-0.00047922809020153195,1.256259131595164,0.0
130,2.6,idle,locomotion,1,19.551934583256912,-7.876713460769151,0.10973345824050078,1.1390448468406347,0.05726872885264072,0.7256663472496246,1.2567109903144653,-0.0004793903511308602,1.2571903806655962,0.0
131,2.62,idle,locomotion,1,19.603411266382512,-7.899120913755082,0.10973345824050078,1.1383971192543816,0.057419858239126806,0.7265575366883154,1.257616654177351,-0.0004787334646915477,1.2580953876420427,0.0
132,2.64,idle,locomotion,1,19.65488794950811,-7.921528366741013,0.10973345824050078,1.1377188235599125,0.05753642555336414,0.7272747019823068,1.2583569526024643,-0.0004777567907544404,1.2588347093932186,0.0
133,2.66,idle,locomotion,1,19.70636463263371,-7.943935819726944,0.10973345824050078,1.137013066660085,0.05761494032717279,0.7277509061384261,1.2588610549506087,-0.00047841912201440975,1.2593394740726231,0.0
134,2.68,idle,locomotion,1,19.75784131575931,-7.966343272712875,0.10973345824050078,1.136289127602912,0.057644982433720876,0.7279910061024288,1.2591299764579624,-0.00047884230660424215,1.2596088187645667,0.0
135,2.7,idle,locomotion,1,19.80931799888491,-7.9887507256988055,0.10973345824050078,1.135564003494796,0.05762371445114242,0.7280337859305794,1.2592019538554222,-0.0004792283423993432,1.2596811821978215,0.0
136,2.72,idle,locomotion,1,19.86079468201051,-8.011158178684736,0.10973345824050078,1.1348360151210413,0.05756899626954495,0.7279303027275222,1.259125706195132,-0.0004801170906735541,1.2596058232858056,0.0
137,2.74,idle,locomotion,1,19.91227136513611,-8.033565631670667,0.10973345824050078,1.1341151230059003,0.05746121226417484,0.7277385002704962,1.258957123283101,-0.00048085852055451336,1.2594379818036554,0.0
138,2.76,idle,locomotion,1,19.96374804826171,-8.055973084656598,0.10973345824050078,1.1334023698424658,0.057315796290971145,0.7275012752655278,1.2587386283733,-0.00048173762616375224,1.2592203659994636,0.0
139,2.78,idle,locomotion,1,20.01522473138731,-8.078380537642529,0.10973345824050078,1.132697421733217,0.057146187774055515,0.7272538007026743,1.2585049472360832,-0.0004814931860131662,1.2589864404220963,0.0
140,2.8,idle,locomotion,1,20.06670141451291,-8.10078799062846,0.10973345824050078,1.1319958976002664,0.05695874985186397,0.7270228405101915,1.2582818460048637,-0.0004825264848673863,1.258764372489731,0.0
141,2.82,idle,locomotion,1,20.11817809763851,-8.12319544361439,0.10973345824050078,1.131304502417186,0.05674604190880382,0.7268266417666789,1.2580876558900267,-0.00048326379057510305,1.2585709196806019,0.0
142,2.84,idle,locomotion,1,20.16965478076411,-8.145602896600321,0.10973345824050078,1.1306284402836668,0.05651024515395722,0.7266746024430699,1.2579328592752979,-0.0004838896721584447,1.2584167489474563,0.0
143,2.86,idle,locomotion,1,20.22113146388971,-8.168010349586252,0.10973345824050078,1.1299724873736665,0.05625478097139526,0.7265666407233097,1.2578187482633645,-0.0004835931418626614,1.2583023414052272,0.0
144,2.88,idle,locomotion,1,20.27260814701531,-8.190417802572183,0.10973345824050078,1.129341449641473,0.05598198071961981,0.7264955161479277,1.2577393959754277,-0.0004835216651109288,1.2582229176405386,0.0
145,2.9,idle,locomotion,1,20.324084830140908,-8.212825255558114,0.10973345824050078,1.1287387715009847,0.055695808943199074,0.7264503252469742,1.257685119137857,-0.00048376260641231836,1.2581688817442693,0.0
146,2.92,idle,locomotion,1,20.375561513266508,-8.235232708544045,0.10973345824050078,1.128166168303867,0.05540200085254037,0.7264178921102016,1.2576436447309323,-0.0004848374903314405,1.2581284822212637,0.0
147,2.94,idle,locomotion,1,20.427038196392107,-8.257640161529975,0.10973345824050078,1.1276247481572461,0.05510592283721268,0.7263904011868999,1.257607716451173,-0.0004859700073967521,1.2580936864585697,0.0
148,2.96,idle,locomotion,1,20.478514879517707,-8.280047614515906,0.10973345824050078,1.127115267511246,0.05481173523780875,0.7263642619142504,1.2575741850992395,-0.00048713615140461713,1.2580613212506442,0.0
149,2.98,idle,locomotion,1,20.529991562643307,-8.302455067501837,0.10973345824050078,1.126637523707,0.05452430832350743,0.7263377925981704,1.257541708216756,-0.0004884696381896349,1.2580301778549456,0.0
150,3.0,idle,locomotion,1,20.581468245768907,-8.324862520487768,0.10973345824050078,1.126190719235528,0.05424807125946979,0.7263098397968396,1.2575093104542194,-0.00048930677546127,1.2579986172296806,0.0
151,3.02,idle,locomotion,1,20.632944928894506,-8.347269973473699,0.10973345824050078,1.1257734386974032,0.05398778476440975,0.7262801300448594,1.2574767170360888,-0.0004909325255432404,1.257967649561632,0.0
152,3.04,idle,locomotion,1,20.684421612020106,-8.36967742645963,0.10973345824050078,1.125384385011631,0.053746033164741004,0.7262495262794286,1.257444647750491,-0.0004931348467332036,1.2579377825972242,0.0
153,3.06,idle,locomotion,1,20.735898295145706,-8.39208487944556,0.10973345824050078,1.1250222207341103,0.05352414947008375,0.7262187629354421,1.2574135751314435,-0.0004955150839894042,1.2579090902154328,0.0
154,3.08,idle,locomotion,1,20.787374978271306,-8.414492332431491,0.10973345824050078,1.124685258475806,0.05332370649524782,0.7261883701756715,1.2573837211268561,-0.0004979307013117731,1.257881651828168,0.0
155,3.1,idle,locomotion,1,20.838851661396905,-8.436899785417422,0.10973345824050078,1.1243727786581355,0.05314318741910586,0.7261588701569147,1.2573552605426235,-0.0005001861741201416,1.2578554467167435,0.0
156,3.12,idle,locomotion,1,20.890328344522505,-8.459307238403353,0.10973345824050078,1.1240843593740162,0.05298110988102686,0.7261306474942768,1.2573283116614544,-0.0005022790152666746,1.257830590676721,0.0
157,3.14,idle,locomotion,1,20.941805027648105,-8.481714691389284,0.10973345824050078,1.123819637534173,0.0528361249968899,0.7261039240352658,1.257302922268618,-0.0005044252845686527,1.2578073475531868,0.0
158,3.16,idle,locomotion,1,20.993281710773704,-8.504122144375215,0.10973345824050078,1.1235782332762732,0.05270710748801705,0.7260787620389186,1.2572790160198375,-0.0005066966147294558,1.2577857126345668,0.0
159,3.18,idle,locomotion,1,21.044758393899304,-8.526529597361145,0.10973345824050078,1.1233596804477506,0.0525932907103295,0.726055171676883,1.2572565531197288,-0.0005087592304220366,1.2577653123501509,0.0
160,3.2,idle,locomotion,1,21.096235077024904,-8.548937050347076,0.10973345824050078,1.1231635025604854,0.05249369565478181,0.726033149759028,1.257235469953944,-0.0005104957468502376,1.2577459657007943,0.0
161,3.22,idle,locomotion,1,21.147711760150504,-8.571344503333007,0.10973345824050078,1.1229890277526677,0.05240747166177126,0.7260127865161136,1.257215829585811,-0.0005120007598436935,1.2577278303456545,0.0
162,3.24,idle,locomotion,1,21.199188443276103,-8.593751956318938,0.10973345824050078,1.1228354433207846,0.05233418934010665,0.7259943609182724,1.2571979229526948,-0.0005133305304056458,1.2577112534831005,0.0
163,3.26,idle,locomotion,1,21.250665126401703,-8.616159409304869,0.10973345824050078,1.1227015545473982,0.05227355005360602,0.7259779939710215,1.25718186925746,-0.0005145113632422198,1.2576963806207022,0.0
164,3.28,idle,locomotion,1,21.302141809527303,-8.6385668622908,0.10973345824050078,1.1225859863700671,0.05222519952807536,0.725963596198002,1.2571675663101691,-0.0005154950968223188,1.2576830614069914,0.0
165,3.3,idle,locomotion,1,21.353618492652902,-8.66097431527673,0.10973345824050078,1.122487362179591,0.05218889373179761,0.7259508814965421,1.257154738741608,-0.0005160451236823557,1.2576707838652903,0.0
166,3.32,idle,locomotion,1,21.405095175778502,-8.683381768262661,0.10973345824050078,1.1224043332373983,0.0521641697321575,0.725939642761673,1.2571431812409863,-0.0005161520251342339,1.2576593332661206,0.0
167,3.34,idle,locomotion,1,21.456571858904102,-8.705789221248592,0.10973345824050078,1.1223356547029442,0.052150246092992576,0.7259297391295111,1.2571327552041989,-0.0005159942449643219,1.2576487494491633,0.0
168,3.36,idle,locomotion,1,21.5080485420297,-8.728196674234523,0.10973345824050078,1.1222801648189298,0.052146217209192484,0.7259210205969894,1.2571233214606037,-0.0005157189380635765,1.2576390403986673,0.0
169,3.38,idle,locomotion,1,21.5595252251553,-8.750604127220454,0.10973345824050078,1.1222368046088553,0.05215112572600894,0.7259132615468075,1.257114672226164,-0.0005153672979831096,1.257630039524147,0.0
170,3.4,idle,locomotion,1,21.6110019082809,-8.773011580206385,0.10973345824050078,1.1222045159720606,0.05216396566407126,0.7259058836482999,1.257106256033197,-0.000514962416300821,1.2576212184494977,0.0
171,3.42,idle,locomotion,1,21.6624785914065,-8.795419033192315,0.10973345824050078,1.1221821860844317,0.05218373787879057,0.7258981660857224,1.2570973520203417,-0.0005145256737789511,1.2576118776941205,0.0
172,3.44,idle,locomotion,1,21.7139552745321,-8.817826486178246,0.10973345824050078,1.1221687562223581,0.052209545669353805,0.7258897307192426,1.2570875887018365,-0.000514066770185527,1.257601655472022,0.0
173,3.46,idle,locomotion,1,21.7654319576577,-8.840233939164177,0.10973345824050078,1.1221632474052587,0.05224058614553959,0.7258804485173654,1.2570768503304997,-0.0005135897400200748,1.2575904400705198,0.0
174,3.48,idle,locomotion,1,21.8169086407833,-8.862641392150108,0.10973345824050078,1.1221647346646109,0.05227610407670109,0.7258703313945862,1.257065154943981,-0.0005130999592667385,1.257578254903248,0.0
175,3.5,idle,locomotion,1,21.8683853239089,-8.885048845136039,0.10973345824050078,1.1221723904130632,0.05231540169996302,0.7258595183381383,1.257052650185272,-0.0005126035518164367,1.2575652537370883,0.0
176,3.52,idle,locomotion,1,21.9198620070345,-8.90745629812197,0.10973345824050078,1.1221854672229317,0.052357833328275,0.7258481997330443,1.2570395391408464,-0.0005121056024353608,1.2575516447432817,0.0
177,3.54,idle,locomotion,1,21.9713386901601,-8.9298637511079,0.10973345824050078,1.1222034113035644,0.05240222530677625,0.7258366822117718,1.2570261245029855,-0.0005124502572664211,1.2575385747602519,0.0
178,3.56,idle,locomotion,1,22.0228153732857,-8.952271204093831,0.10973345824050078,1.1222256442692584,0.052447804236714725,0.7258252026722342,1.2570126605165235,-0.0005132282076285542,1.257525888724152,0.0
179,3.58,idle,locomotion,1,22.0742920564113,-8.974678657079762,0.10973345824050078,1.1222514853768375,0.05249413203486716,0.7258137698569195,1.2569991827025127,-0.0005138138026167353,1.2575129965051295,0.0
180,3.6,idle,locomotion,1,22.1257687395369,-8.997086110065693,0.10973345824050078,1.1222802859310468,0.052540833443141845,0.7258024155972346,1.256985755613476,-0.0005142758841681361,1.257500031497644,0.0
181,3.62,idle,locomotion,1,22.177245422662498,-9.019493563051624,0.10973345824050078,1.1223114524231959,0.05258753515952466,0.725791179963048,1.2569724417209514,-0.00051463912089127,1.2574870808418426,0.0
182,3.64,idle,locomotion,1,22.228722105788098,-9.041901016037555,0.10973345824050078,1.122344467720219,0.05263383564833966,0.7257800823704743,1.256959271303707,-0.000514911331785925,1.257474182635493,0.0
183,3.66,idle,locomotion,1,22.280198788913697,-9.064308469023485,0.10973345824050078,1.1223788972370254,0.052679321889923074,0.7257691611739395,1.2569462878994673,-0.0005151224644483268,1.2574614103639157,0.0
184,3.68,idle,locomotion,1,22.331675472039297,-9.086715922009416,0.10973345824050078,1.1224143470199717,0.052723655581249716,0.7257584382844219,1.2569335198881009,-0.0005152737122693409,1.2574487936003702,0.0
185,3.7,idle,locomotion,1,22.383152155164897,-9.109123374995347,0.10973345824050078,1.1224504500787453,0.052766521786641186,0.725747950501637,1.2569210106574902,-0.0005153883923769108,1.2574363990498671,0.0
186,3.72,idle,locomotion,1,22.434628838290497,-9.131530827981278,0.10973345824050078,1.1224868472148795,0.0528076924173229,0.7257377079108663,1.2569087771348162,-0.0005154425768477341,1.2574242197116638,0.0
187,3.74,idle,locomotion,1,22.486105521416096,-9.153938280967209,0.10973345824050078,1.1225231879083457,0.052846954786359965,0.7257277169393198,1.256896832589532,-0.0005154734436020499,1.2574123060331341,0.0
188,3.76,idle,locomotion,1,22.537582204541696,-9.17634573395314,0.10973345824050078,1.1225591513071242,0.05288426722064789,0.7257179440185446,1.2568851528797722,-0.0005153791556646789,1.257400532035437,0.0
189,3.78,idle,locomotion,1,22.589058887667296,-9.19875318693907,0.10973345824050078,1.122594471910525,0.05291952698739861,0.7257083777801446,1.2568737303502773,-0.0005152093225847636,1.2573889396728621,0.0
190,3.8,idle,locomotion,1,22.640535570792895,-9.221160639925001,0.10973345824050078,1.1226289131941753,0.05295263620319324,0.7256990287603757,1.2568625777497626,-0.0005150161078972329,1.25737759385766,0.0
191,3.82,idle,locomotion,1,22.692012253918495,-9.243568092910932,0.10973345824050078,1.1226622647140552,0.05298352192136018,0.7256899086764348,1.256851708646092,-0.0005148279319408221,1.2573665365780329,0.0
192,3.84,idle,locomotion,1,22.743488937044095,-9.265975545896863,0.10973345824050078,1.1226943417468431,0.05301213760609879,0.7256810240618152,1.256841131061817,-0.0005146585730563674,1.2573557896348735,0.0
193,3.86,idle,locomotion,1,22.794965620169695,-9.288382998882794,0.10973345824050078,1.1227249832492234,0.05303845920773317,0.7256723685535483,1.2568308402448036,-0.000514513613671403,1.2573453538584751,0.0
194,3.88,idle,locomotion,1,22.846442303295294,-9.310790451868725,0.10973345824050078,1.1227540485474845,0.0530624936820912,0.7256639273450604,1.2568208225051594,-0.0005143937609169494,1.2573352162660762,0.0
195,3.9,idle,locomotion,1,22.897918986420894,-9.333197904854655,0.10973345824050078,1.1227814145035278,0.053084273949132656,0.7256556745571084,1.256811053729999,-0.0005142975648029652,1.257325351294802,0.0
196,3.92,idle,locomotion,1,22.949395669546494,-9.355605357840586,0.10973345824050078,1.1228069779168521,0.05310384707506242,0.7256475910114667,1.256801514605099,-0.00051422326105411,1.2573157378661532,0.0
197,3.94,idle,locomotion,1,23.000872352672094,-9.378012810826517,0.10973345824050078,1.122830654004913,0.05312127111677912,0.7256396703499434,1.2567921981079282,-0.0005141701286309058,1.257306368236559,0.0
198,3.96,idle,locomotion,1,23.052349035797693,-9.400420263812448,0.10973345824050078,1.1228523728652182,0.053136615403525614,0.7256319022561798,1.2567830929609591,-0.0005141397748088285,1.2572972327357679,0.0
199,3.98,idle,locomotion,1,23.103825718923293,-9.422827716798379,0.10973345824050078,1.1228720831782528,0.05314995755000038,0.7256242727530576,1.2567741834971171,-0.0005141293642724511,1.2572883128613896,0.0
200,4.0,idle,locomotion,1,23.155302402048893,-9.44523516978431,0.10973345824050078,1.1228897491726688,0.0531613840549664,0.7256167752873549,1.2567654608351226,-0.0005141356783112498,1.2572795965134338,0.0
201,4.02,idle,locomotion,1,23.206779085174492,-9.46764262277024,0.10973345824050078,1.1229053502128057,0.053170987234297445,0.7256094110488504,1.2567569233141218,-0.0005141563790403807,1.257271079693162,0.0
202,4.04,idle,locomotion,1,23.258255768300092,-9.490050075756171,0.10973345824050078,1.1229188787258058,0.05317886368041595,0.725602176746479,1.2567485648179197,-0.0005141896420083267,1.257262754459928,0.0
203,4.06,idle,locomotion,1,23.309732451425692,-9.512457528742102,0.10973345824050078,1.12293033897984,0.053185115003758256,0.7255950703704954,1.2567403798611811,-0.0005142340034544751,1.2572546138646357,0.0
204,4.08,idle,locomotion,1,23.36120913455129,-9.534864981728033,0.10973345824050078,1.1229397481095778,0.0531898433118711,0.7255880934308345,1.2567323665313226,-0.0005142885232753899,1.257246655054598,0.0
205,4.1,idle,locomotion,1,23.41268581767689,-9.557272434713964,0.10973345824050078,1.1229471336545795,0.053193151897094615,0.7255812451151177,1.2567245205716822,-0.0005143521053750759,1.2572388726770571,0.0
206,4.12,idle,locomotion,1,23.46416250080249,-9.579679887699895,0.10973345824050078,1.1229525326034828,0.053195142584626286,0.7255745279612466,1.2567168406249332,-0.0005144236454472026,1.2572312642703805,0.0
207,4.14,idle,locomotion,1,23.51563918392809,-9.602087340685825,0.10973345824050078,1.1229559914845997,0.05319591347446897,0.7255679327177659,1.2567093147969493,-0.0005145020215161153,1.2572238168184653,0.0
208,4.16,idle,locomotion,1,23.56711586705369,-9.624494793671756,0.10973345824050078,1.1229575637410465,0.05319555838585615,0.72556137556896,1.2567018581941014,-0.0005145860790290065,1.2572164442731304,0.0
209,4.18,idle,locomotion,1,23.61859255017929,-9.646902246657687,0.10973345824050078,1.1229572984456173,0.053194180140719936,0.7255547981522211,1.2566944086725833,-0.0005146762515244353,1.2572090849241078,0.0
210,4.2,idle,locomotion,1,23.67006923330489,-9.669309699643618,0.10973345824050078,1.1229552381982408,0.05319188571543046,0.7255481880744042,1.256686949123566,-0.0005147707633473345,1.2572017198869132,0.0
211,4.22,idle,locomotion,1,23.72154591643049,-9.691717152629549,0.10973345824050078,1.1229514341289262,0.05318877271051807,0.7255415572566245,1.256679485801457,-0.0005148684105882005,1.2571943542120452,0.0
212,4.24,idle,locomotion,1,23.77302259955609,-9.71412460561548,0.10973345824050078,1.1229459499268988,0.05318493010298325,0.7255349227858124,1.2566720316280786,-0.0005149687858050644,1.2571870004138836,0.0
213,4.26,idle,locomotion,1,23.82449928268169,-9.73653205860141,0.10973345824050078,1.1229388580499255,0.05318044257314142,0.7255283055663997,1.256664603422985,-0.0005150712905812489,1.2571796747135662,0.0
214,4.28,idle,locomotion,1,23.87597596580729,-9.758939511587341,0.10973345824050078,1.1229302398740704,0.05317538680762764,0.7255217307939672,1.2566572230160022,-0.0005151757517382234,1.2571723987677406,0.0
215,4.3,idle,locomotion,1,23.92745264893289,-9.781346964573272,0.10973345824050078,1.1229201827712603,0.05316983191395173,0.7255152199464855,1.2566499089129815,-0.0005152821239741007,1.2571651910369555,0.0
216,4.32,idle,locomotion,1,23.978929332058488,-9.803754417559203,0.10973345824050078,1.1229087759389398,0.05316384517532012,0.7255087937807343,1.2566426791309,-0.0005153899342365993,1.2571580690651365,0.0
217,4.34,idle,locomotion,1,24.030406015184088,-9.826161870545134,0.10973345824050078,1.1228961074404038,0.05315749332408049,0.7255024695098748,1.2566355483800908,-0.0005154981895917725,1.2571510465696827,0.0
218,4.36,idle,locomotion,1,24.081882698309688,-9.848569323531065,0.10973345824050078,1.1228822644757381,0.053150841305491386,0.7254962553565881,1.2566285227851244,-0.0005156066926156923,1.2571441294777401,0.0
219,4.38,idle,locomotion,1,24.133359381435287,-9.870976776516995,0.10973345824050078,1.122867336822206,0.05314394819361321,0.7254901592129607,1.256621608161601,-0.0005157148996351377,1.2571373230612362,0.0
220,4.4,idle,locomotion,1,24.184836064560887,-9.893384229502926,0.10973345824050078,1.1228514136120769,0.05313686540858256,0.7254841862046921,1.25661480809305,-0.0005158222988690848,1.257130630391919,0.0
221,4.42,idle,locomotion,1,24.236312747686487,-9.915791682488857,0.10973345824050078,1.1228345829246007,0.05312964031963018,0.7254783429185967,1.2566081273501961,-0.0005159285019840261,1.2571240558521801,0.0
222,4.44,idle,locomotion,1,24.287789430812087,-9.938199135474788,0.10973345824050078,1.122816931508351,0.05312231628695842,0.725472633644636,1.2566015691614436,-0.0005160332951550245,1.2571176024565986,0.0
223,4.46,idle,locomotion,1,24.339266113937686,-9.960606588460719,0.10973345824050078,1.1227985454624794,0.0531149298303778,0.7254670613107173,1.256595135157644,-0.0005161364156331359,1.2571112715732773,0.0
224,4.48,idle,locomotion,1,24.390742797063286,-9.98301404144665,0.10973345824050078,1.1227795073608284,0.05310751384699807,0.725461627279658,1.2565888258430684,-0.0005162374152554161,1.2571050632583238,0.0
225,4.5,idle,locomotion,1,24.442219480188886,-10.00542149443258,0.10973345824050078,1.1227598979958955,0.053100095889962104,0.7254563291647945,1.2565826380380654,-0.0005163364285244963,1.25709897446659,0.0
226,4.52,idle,locomotion,1,24.493696163314485,-10.027828947418511,0.10973345824050078,1.1227397970368416,0.05309269659007107,0.7254511656110076,1.2565765697901483,-0.0005164333913128816,1.257093003181461,0.0
227,4.54,idle,locomotion,1,24.545172846440085,-10.050236400404442,0.10973345824050078,1.1227192794696874,0.05308533502506851,0.7254461371797992,1.256570621157142,-0.000516527629732564,1.2570871487868744,0.0
228,4.56,idle,locomotion,1,24.596649529565685,-10.072643853390373,0.10973345824050078,1.1226984169192522,0.053078026281102274,0.7254412443567407,1.256564792218615,-0.0005166193558961522,1.257081411574511,0.0
229,4.58,idle,locomotion,1,24.648126212691285,-10.095051306376304,0.10973345824050078,1.1226772795861544,0.05307078005460868,0.725436484636686,1.2565590803728635,-0.000516708959683046,1.2570757893325466,0.0
230,4.6,idle,locomotion,1,24.699602895816884,-10.117458759362234,0.10973345824050078,1.1226559341693227,0.053063603804089525,0.7254318593228142,1.256553486637316,-0.0005167959328152838,1.2570702825701314,0.0
231,4.62,idle,locomotion,1,24.751079578942484,-10.139866212348165,0.10973345824050078,1.12263444235946,0.053056504821514215,0.7254273675010174,1.256548010277174,-0.0005168802298632855,1.2570648905070372,0.0
232,4.64,idle,locomotion,1,24.802556262068084,-10.162273665334096,0.10973345824050078,1.122612856879066,0.05304949158890833,0.7254229802029857,1.2565426241981392,-0.0005169614442417092,1.257059585642381,0.0
233,4.66,idle,locomotion,1,24.854032945193683,-10.184681118320027,0.10973345824050078,1.1225912252881596,0.05304256691626934,0.7254186659133216,1.2565372978722884,-0.0005170388851530906,1.2570543367574416,0.0
234,4.68,idle,locomotion,1,24.905509628319283,-10.207088571305958,0.10973345824050078,1.122569596298697,0.05303572067707161,0.7254144143969572,1.2565320215329585,-0.0005171131086879159,1.2570491346416464,0.0
235,4.7,idle,locomotion,1,24.956986311444883,-10.229496024291889,0.10973345824050078,1.122548017801179,0.05302893533825559,0.7254102259155404,1.2565267957955006,-0.0005171851366304499,1.257043980932131,0.0
236,4.72,idle,locomotion,1,25.008462994570483,-10.25190347727782,0.10973345824050078,1.1225265338112556,0.05302219286105648,0.7254061030222967,1.2565216235263017,-0.0005172551450072158,1.257038878671309,0.0
237,4.74,idle,locomotion,1,25.059939677696082,-10.27431093026375,0.10973345824050078,1.1225051833786908,0.05301547824365771,0.7254020482398954,1.2565165075539273,-0.0005173231231900798,1.2570338306771174,0.0
238,4.76,idle,locomotion,1,25.111416360821682,-10.296718383249681,0.10973345824050078,1.1224840010801258,0.053008773969702126,0.725398063591559,1.2565114495126994,-0.0005173894825365628,1.257028838995236,0.0
239,4.78,idle,locomotion,1,25.16289304394728,-10.319125836235612,0.10973345824050078,1.1224630158370266,0.05300206202957311,0.7253941483254924,1.2565064478325478,-0.0005174544278681893,1.257023902260416,0.0
240,4.8,idle,locomotion,1,25.21436972707288,-10.341533289221543,0.10973345824050078,1.1224422501488647,0.05299532993225651,0.7253903013545491,1.256501499938438,-0.0005175178111386687,1.2570190177495768,0.0
241,4.82,idle,locomotion,1,25.26584641019848,-10.363940742207474,0.10973345824050078,1.122421731510264,0.05298857028043985,0.725386528373216,1.2564966115405047,-0.0005175793101785189,1.2570141908506833,0.0
242,4.84,idle,locomotion,1,25.31732309332408,-10.386348195193404,0.10973345824050078,1.122401490527752,0.05298177882588132,0.7253828324960739,1.2564917881737467,-0.000517638853703959,1.2570094270274508,0.0
243,4.86,idle,locomotion,1,25.36879977644968,-10.408755648179335,0.10973345824050078,1.1223815554253673,0.05297495066726981,0.7253792127936288,1.256487031345321,-0.0005176968389556773,1.2570047281842767,0.0
244,4.88,idle,locomotion,1,25.42027645957528,-10.431163101165266,0.10973345824050078,1.122361953601219,0.05296808510967718,0.7253756753925286,1.2564823500874318,-0.0005177528465817351,1.2570001029340137,0.0
245,4.9,idle,locomotion,1,25.47175314270088,-10.453570554151197,0.10973345824050078,1.1223427054474873,0.05296118461728982,0.7253722224452684,1.2564777498094386,-0.0005178067388930917,1.2569955565483317,0.0
246,4.92,idle,locomotion,1,25.52322982582648,-10.475978007137128,0.10973345824050078,1.1223238250431495,0.0529542513734786,0.7253688531225534,1.2564732316354976,-0.0005178589053057292,1.2569910905408033,0.0
247,4.94,idle,locomotion,1,25.57470650895208,-10.498385460123059,0.10973345824050078,1.1223053179544804,0.05294728688631928,0.7253655654610911,1.2564687941526702,-0.0005179092253864391,1.2569867033780566,0.0
248,4.96,idle,locomotion,1,25.62618319207768,-10.52079291310899,0.10973345824050078,1.1222871808082782,0.052940289789173506,0.7253623543814874,1.2564644306285713,-0.0005179578262490409,1.2569823884548204,0.0
249,4.98,idle,locomotion,1,25.67765987520328,-10.54320036609492,0.10973345824050078,1.122269412133852,0.05293326022215538,0.7253592172100032,1.2564601371313442,-0.0005180048291765632,1.2569781419605208,0.0
250,5.0,idle,locomotion,1,25.72913655832888,-10.565607819080851,0.10973345824050078,1.1222520123182884,0.05292620312834853,0.72535615511038,1.2564559146197771,-0.0005180498668786865,1.2569739644866558,0.0
251,5.02,idle,locomotion,1,25.78061324145448,-10.588015272066782,0.10973345824050078,1.1222349831382998,0.052919123840275924,0.7253531682227521,1.2564517638078563,-0.0005180928563964862,1.2569698566642529,0.0
252,5.04,idle,locomotion,1,25.832089924580078,-10.610422725052713,0.10973345824050078,1.1222183267390338,0.05291202551336815,0.7253502545909638,1.2564476834261815,-0.0005181337599247729,1.2569658171861062,0.0
253,5.06,idle,locomotion,1,25.883566607705678,-10.632830178038644,0.10973345824050078,1.1222020421173582,0.052904913626662,0.7253474124203458,1.2564436723098258,-0.0005181726824033533,1.256961844992229,0.0
254,5.08,idle,locomotion,1,25.935043290831278,-10.655237631024574,0.10973345824050078,1.1221861248303886,0.05289779760073399,0.7253446397228689,1.2564397290510938,-0.0005182096761938912,1.2569579387272878,0.0
255,5.1,idle,locomotion,1,25.986519973956877,-10.677645084010505,0.10973345824050078,1.122170571197214,0.05289068581472693,0.7253419368679942,1.2564358545188805,-0.0005182445534336159,1.256954099072314,0.0
256,5.12,idle,locomotion,1,26.037996657082477,-10.700052536996436,0.10973345824050078,1.122155377827515,0.052883582825495705,0.7253393037733874,1.2564320491867726,-0.0005182772027313536,1.256950326389504,0.0
257,5.14,idle,locomotion,1,26.089473340208077,-10.722459989982367,0.10973345824050078,1.1221405466730434,0.05287647984580788,0.7253367405034629,1.256428313745591,-0.0005183080346162945,1.2569466217802072,0.0
258,5.16,idle,locomotion,1,26.140950023333676,-10.744867442968298,0.10973345824050078,1.122126079917803,0.05286936528127794,0.7253342455487256,1.2564246477152325,-0.0005183374987381452,1.2569429852139706,0.0
259,5.18,idle,locomotion,1,26.192426706459276,-10.767274895954229,0.10973345824050078,1.1221119743732064,0.05286223542958066,0.7253318155825756,1.2564210486681087,-0.000518365938178212,1.2569394146062869,0.0
260,5.2,idle,locomotion,1,26.243903389584876,-10.78968234894016,0.10973345824050078,1.122098221782039,0.05285509137613401,0.7253294495220097,1.2564175157813182,-0.0005183931289307921,1.256935908910249,0.0
261,5.22,idle,locomotion,1,26.295380072710476,-10.81208980192609,0.10973345824050078,1.1220848035819064,0.052847935843974736,0.7253271437267493,1.2564140439257687,-0.0005184191420280759,1.2569324630677967,0.0
262,5.24,idle,locomotion,1,26.346856755836075,-10.834497254912021,0.10973345824050078,1.1220717065561432,0.05284076840118299,0.7253248966019136,1.2564106301247169,-0.0005184441556579066,1.2569290742803747,0.0
263,5.26,idle,locomotion,1,26.398333438961675,-10.856904707897952,0.10973345824050078,1.1220589234563672,0.052833588193754624,0.7253227084328127,1.256407274435048,-0.0005184679713561915,1.2569257424064042,0.0
264,5.28,idle,locomotion,1,26.449810122087275,-10.879312160883883,0.10973345824050078,1.12204644798747,0.052826395851255356,0.7253205775427933,1.2564039755197172,-0.000518490382970617,1.2569224659026879,0.0
265,5.3,idle,locomotion,1,26.501286805212874,-10.901719613869814,0.10973345824050078,1.1220342750291072,0.05281919098637984,0.725318503876187,1.2564007335690495,-0.0005185114504347062,1.2569192450194842,0.0
266,5.32,idle,locomotion,1,26.552763488338474,-10.924127066855744,0.10973345824050078,1.122022398946998,0.05281197521633554,0.7253164877096617,1.2563975493757946,-0.0005185310839553557,1.25691608045975,0.0
267,5.34,idle,locomotion,1,26.604240171464074,-10.946534519841675,0.10973345824050078,1.1220108129508346,0.05280475115811743,0.72531452682322,1.2563944212168987,-0.0005185491867180994,1.2569129704036168,0.0
268,5.36,idle,locomotion,1,26.655716854589674,-10.968941972827606,0.10973345824050078,1.121999509981774,0.052797522417888945,0.7253126204316753,1.2563913486476392,-0.0005185656699886604,1.2569099143176279,0.0
269,5.38,idle,locomotion,1,26.707193537715273,-10.991349425813537,0.10973345824050078,1.1219884816422763,0.05279029432610771,0.7253107684734477,1.2563883319051259,-0.0005185798325031445,1.256906911737629,0.0
270,5.4,idle,locomotion,1,26.758670220840873,-11.013756878799468,0.10973345824050078,1.1219777164515485,0.05278307913913336,0.7253089726825029,1.2563853731533348,-0.0005185899495647774,1.2569039631028995,0.0
271,5.42,idle,locomotion,1,26.810146903966473,-11.036164331785399,0.10973345824050078,1.1219672060137156,0.05277588197493657,0.7253072300708139,1.2563824697764032,-0.0005185976185406796,1.256901067394944,0.0
272,5.44,idle,locomotion,1,26.861623587092073,-11.05857178477133,0.10973345824050078,1.121956943861015,0.052768705248169276,0.725305539781586,1.2563796210064606,-0.000518603465863323,1.256898224472324,0.0
273,5.46,idle,locomotion,1,26.913100270217672,-11.08097923775726,0.10973345824050078,1.1219469237112778,0.052761551744931426,0.7253039001457485,1.2563768255437264,-0.0005186077736079875,1.2568954333173343,0.0
274,5.48,idle,locomotion,1,26.964576953343272,-11.103386690743191,0.10973345824050078,1.1219371384002708,0.05275442644373422,0.7253023104800879,1.2563740829180046,-0.0005186105158200248,1.2568926934338245,0.0
275,5.5,idle,locomotion,1,27.01605363646887,-11.125794143729122,0.10973345824050078,1.1219275765620034,0.05274734655793656,0.7253007682601127,1.256371391764775,-0.0005186116363112593,1.2568900034010861,0.0
276,5.52,idle,locomotion,1,27.06753031959447,-11.148201596715053,0.10973345824050078,1.1219182243771542,0.05274033797705326,0.7252992734169533,1.2563687535529358,-0.0005186104534540235,1.2568873640063898,0.0
277,5.54,idle,locomotion,1,27.11900700272007,-11.170609049700984,0.10973345824050078,1.1219090704755836,0.05273341706388509,0.7252978255143375,1.2563661692327517,-0.0005186070548721042,1.2568847762876239,0.0
278,5.56,idle,locomotion,1,27.17048368584567,-11.193016502686914,0.10973345824050078,1.1219001065246323,0.052726591430001114,0.7252964241344257,1.2563636391271835,-0.0005186017613923975,1.2568822408885758,0.0
279,5.58,idle,locomotion,1,27.22196036897127,-11.215423955672845,0.10973345824050078,1.1218913251928133,0.052719867741599535,0.725295069872857,1.256361164352417,-0.0005185947698725657,1.2568797591222896,0.0
280,5.6,idle,locomotion,1,27.27343705209687,-11.237831408658776,0.10973345824050078,1.1218827182972402,0.052713256249631586,0.7252937638620942,1.256358746296592,-0.0005185858896671267,1.256877332186259,0.0
281,5.62,idle,locomotion,1,27.32491373522247,-11.260238861644707,0.10973345824050078,1.1218742792674754,0.05270676065404609,0.7252925034957347,1.2563563823760195,-0.0005185754955777389,1.2568749578715972,0.0
282,5.64,idle,locomotion,1,27.37639041834807,-11.282646314630638,0.10973345824050078,1.1218660041144144,0.05270037665214462,0.7252912878717126,1.256354071092132,-0.0005185636900166789,1.2568726347821486,0.0
283,5.66,idle,locomotion,1,27.42786710147367,-11.305053767616569,0.10973345824050078,1.1218578900694178,0.05269409636664046,0.7252901168276228,1.2563518117243384,-0.0005185507368066639,1.256870362461145,0.0
284,5.68,idle,locomotion,1,27.47934378459927,-11.3274612206025,0.10973345824050078,1.121849936514332,0.05268790790212274,0.7252889882112824,1.256349601474877,-0.0005185369929331558,1.2568681384678102,0.0
285,5.7,idle,locomotion,1,27.53082046772487,-11.34986867358843,0.10973345824050078,1.1218421433145231,0.05268179904089186,0.7252879011867579,1.2563474387773508,-0.0005185223845112774,1.256865961161862,0.0
286,5.72,idle,locomotion,1,27.58229715085047,-11.372276126574361,0.10973345824050078,1.1218345076500016,0.05267576260035897,0.7252868547726683,1.2563453220504834,-0.0005185065902338012,1.2568638286407172,0.0
287,5.74,idle,locomotion,1,27.63377383397607,-11.394683579560292,0.10973345824050078,1.1218270261558312,0.05266979377234597,0.7252858493240752,1.2563432509525707,-0.0005184896640503117,1.256861740616621,0.0
288,5.76,idle,locomotion,1,27.685250517101668,-11.417091032546223,0.10973345824050078,1.1218196965931693,0.05266388584747682,0.725284883992306,1.2563412242035001,-0.0005184716293749475,1.256859695832875,0.0
289,5.78,idle,locomotion,1,27.736727200227268,-11.439498485532154,0.10973345824050078,1.121812516784369,0.05265803349016706,0.7252839562561311,1.2563392390055284,-0.0005184523382863529,1.2568576913438148,0.0
290,5.8,idle,locomotion,1,27.788203883352868,-11.461905938518084,0.10973345824050078,1.121805483146834,0.05265223508273201,0.7252830642976745,1.2563372933628953,-0.0005184315672643047,1.2568557249301597,0.0
291,5.82,idle,locomotion,1,27.839680566478467,-11.484313391504015,0.10973345824050078,1.1217985911701658,0.05264649153938546,0.725282208052882,1.2563353870774945,-0.0005184091132375106,1.256853796190732,0.0
292,5.84,idle,locomotion,1,27.891157249604067,-11.506720844489946,0.10973345824050078,1.1217918372448916,0.052640803396708014,0.7252813884123465,1.2563335210602733,-0.0005183850899857859,1.256851906150259,0.0
293,5.86,idle,locomotion,1,27.942633932729667,-11.529128297475877,0.10973345824050078,1.1217852172705534,0.052635171328722585,0.7252806027547181,1.2563316929229986,-0.0005183592027380481,1.2568500521257366,0.0
294,5.88,idle,locomotion,1,27.994110615855266,-11.551535750461808,0.10973345824050078,1.1217787268193098,0.05262959732011346,0.7252798513380654,1.2563299028655228,-0.0005183315267174929,1.2568482343922402,0.0
295,5.9,idle,locomotion,1,28.045587298980866,-11.573943203447739,0.10973345824050078,1.1217723620104538,0.052624081596056936,0.7252791326697609,1.256328149736379,-0.0005183020923025805,1.2568464518286815,0.0
296,5.92,idle,locomotion,1,28.097063982106466,-11.59635065643367,0.10973345824050078,1.121766118693337,0.05261862593823801,0.7252784461042214,1.2563264329829424,-0.000518270844323418,1.2568447038272659,0.0
297,5.94,idle,locomotion,1,28.148540665232066,-11.6187581094196,0.10973345824050078,1.121759992205236,0.05261323309795454,0.7252777918294127,1.256324753053466,-0.0005182376284796446,1.2568429906819456,0.0
298,5.96,idle,locomotion,1,28.200017348357665,-11.641165562405531,0.10973345824050078,1.1217539787245925,0.05260790359206393,0.7252771682043663,1.2563231085224549,-0.0005182027254036284,1.2568413112478585,0.0
299,5.98,idle,locomotion,1,28.251494031483265,-11.663573015391462,0.10973345824050078,1.1217480754388687,0.05260263625291632,0.7252765754832313,1.256321499752453,-0.0005181665037649538,1.256839666256218,0.0
300,6.0,idle,locomotion,1,28.302970714608865,-11.685980468377393,0.10973345824050078,1.121742279532215,0.05259742832532478,0.7252760146317853,1.256319927811608,-0.0005181288126936898,1.2568380566243016,0.0
301,6.02,idle,locomotion,1,28.354447397734464,-11.708387921363324,0.10973345824050078,1.121736588717191,0.052592277726115175,0.725275483735663,1.2563183910655078,-0.000518089894945447,1.2568364809604533,0.0
302,6.04,idle,locomotion,1,28.405924080860064,-11.730795374349254,0.10973345824050078,1.121731000344636,0.052587184129746146,0.7252749818550264,1.2563168886852296,-0.0005180497312855734,1.2568349384165152,0.0
303,6.06,idle,locomotion,1,28.457400763985664,-11.753202827335185,0.10973345824050078,1.121725513112653,0.052582143021049785,0.7252745093182944,1.256315421049511,-0.0005180084288594657,1.2568334294783705,0.0
304,6.08,idle,locomotion,1,28.508877447111264,-11.775610280321116,0.10973345824050078,1.1217201263457324,0.05257714921172996,0.7252740655851775,1.2563139877016694,-0.000517965670087852,1.2568319533717571,0.0
305,6.1,idle,locomotion,1,28.560354130236863,-11.798017733307047,0.10973345824050078,1.1217148385158608,0.05257220028964963,0.7252736501764219,1.256312588258518,-0.0005179218205714209,1.2568305100790895,0.0
306,6.12,idle,locomotion,1,28.611830813362463,-11.820425186292978,0.10973345824050078,1.121709648246423,0.052567291522313944,0.7252732620043962,1.256311221613587,-0.0005178769792979279,1.256829098592885,0.0
307,6.14,idle,locomotion,1,28.663307496488063,-11.842832639278909,0.10973345824050078,1.1217045553468519,0.05256241780831314,0.7252729015206946,1.2563098881678156,-0.0005178313364399868,1.2568277195042556,0.0
308,6.16,idle,locomotion,1,28.714784179613662,-11.86524009226484,0.10973345824050078,1.1216995597270418,0.052557575912243845,0.7252725695110508,1.256308588839189,-0.0005177845552761448,1.2568263733944651,0.0
309,6.18,idle,locomotion,1,28.766260862739262,-11.88764754525077,0.10973345824050078,1.1216946594554456,0.0525527645195307,0.7252722635571572,1.2563073213297515,-0.0005177367183765227,1.2568250580481282,0.0
310,6.2,idle,locomotion,1,28.817737545864862,-11.910054998236701,0.10973345824050078,1.1216898531866615,0.052547982055705246,0.7252719835029166,1.2563060853179042,-0.0005176879855108424,1.256823773303415,0.0
311,6.22,idle,locomotion,1,28.86921422899046,-11.932462451222632,0.10973345824050078,1.1216851405820794,0.05254322397755867,0.7252717290842036,1.2563048805715529,-0.0005176384240959918,1.2568225189956488,0.0
312,6.24,idle,locomotion,1,28.92069091211606,-11.954869904208563,0.10973345824050078,1.1216805212326797,0.05253848764628862,0.7252715005730094,1.2563037073335481,-0.000517588155772776,1.256821295489321,0.0
313,6.26,idle,locomotion,1,28.97216759524166,-11.977277357194493,0.10973345824050078,1.1216759946043109,0.052533770544855106,0.7252712974671583,1.2563025651366122,-0.0005175369291655733,1.2568201020657779,0.0
314,6.28,idle,locomotion,1,29.02364427836726,-11.999684810180424,0.10973345824050078,1.1216715606397956,0.05252906942594411,0.7252711186938479,1.2563014528690082,-0.0005174847914049367,1.256818937660413,0.0
315,6.3,idle,locomotion,1,29.07512096149286,-12.022092263166355,0.10973345824050078,1.121667218791845,0.05252438127499689,0.7252709656549428,1.2563003717157095,-0.0005174315626360233,1.2568178032783455,0.0
316,6.32,idle,locomotion,1,29.12659764461846,-12.044499716152286,0.10973345824050078,1.1216629681932662,0.05251970418503323,0.7252708369336497,1.2562993203397572,-0.0005173775872303263,1.2568166979269875,0.0
317,6.34,idle,locomotion,1,29.17807432774406,-12.066907169138217,0.10973345824050078,1.1216588080773198,0.05251503829587499,0.725270732908736,1.2562982989731446,-0.000517322687412225,1.2568156216605568,0.0
318,6.36,idle,locomotion,1,29.22955101086966,-12.089314622124148,0.10973345824050078,1.1216547371210601,0.05251038334814876,0.7252706541812625,1.2562973082274416,-0.0005172668730443336,1.256814575100486,0.0
319,6.38,idle,locomotion,1,29.28102769399526,-12.111722075110078,0.10973345824050078,1.1216507553408008,0.052505736846838076,0.7252705978989005,1.256296345273219,-0.0005172103813973553,1.2568135556546163,0.0
320,6.4,idle,locomotion,1,29.33250437712086,-12.13412952809601,0.10973345824050078,1.1216468633864434,0.0525010967775684,0.7252705632792995,1.2562954092216554,-0.0005171531001435456,1.256812562321799,0.0
321,6.42,idle,locomotion,1,29.38398106024646,-12.15653698108194,0.10973345824050078,1.1216430614368122,0.052496462124218296,0.7252705516554415,1.256294501405623,-0.0005170950095791209,1.2568115964152022,0.0
322,6.44,idle,locomotion,1,29.43545774337206,-12.178944434067871,0.10973345824050078,1.1216393492405585,0.05249183156159972,0.7252705631995181,1.2562936219702863,-0.0005170358857587536,1.256810657856045,0.0
323,6.46,idle,locomotion,1,29.48693442649766,-12.201351887053802,0.10973345824050078,1.1216357249892175,0.05248720498154129,0.7252705969425113,1.2562927697601578,-0.0005169756122784704,1.2568097453724363,0.0
324,6.48,idle,locomotion,1,29.538411109623258,-12.223759340039733,0.10973345824050078,1.1216321875315527,0.05248258320086022,0.7252706524555351,1.2562919442304747,-0.0005169148278182795,1.256808859058293,0.0
325,6.5,idle,locomotion,1,29.589887792748858,-12.246166793025663,0.10973345824050078,1.1216287372344134,0.052477965707017904,0.7252707286038069,1.2562911443520837,-0.000516853577870454,1.256807997929954,0.0
326,6.52,idle,locomotion,1,29.641364475874457,-12.268574246011594,0.10973345824050078,1.121625374070168,0.052473352191594234,0.7252708264303592,1.2562903710582032,-0.0005167913879986462,1.2568071624462018,0.0
327,6.54,idle,locomotion,1,29.692841159000057,-12.290981698997525,0.10973345824050078,1.1216220971555155,0.052468742267771686,0.7252709452149199,1.2562896236447727,-0.0005167281608532762,1.256806351805626,0.0
328,6.56,idle,locomotion,1,29.744317842125657,-12.313389151983456,0.10973345824050078,1.121618906258249,0.05246413605806461,0.7252710850441213,1.2562889020637154,-0.0005166641333696105,1.256805566197085,0.0
329,6.58,idle,locomotion,1,29.795794525251257,-12.335796604969387,0.10973345824050078,1.1216158004389725,0.05245953317802389,0.7252712455888273,1.2562882059211815,-0.0005165989406691746,1.2568048048618508,0.0
330,6.6,idle,locomotion,1,29.847271208376856,-12.358204057955318,0.10973345824050078,1.1216127787305377,0.05245493427214127,0.7252714257191473,1.2562875339757436,-0.0005165329720701294,1.2568040669478138,0.0
331,6.62,idle,locomotion,1,29.898747891502456,-12.380611510941248,0.10973345824050078,1.121609840764047,0.05245034089303198,0.7252716268535723,1.256286887611915,-0.0005164664514503876,1.2568033540633654,0.0
332,6.64,idle,locomotion,1,29.950224574628056,-12.40301896392718,0.10973345824050078,1.1216069850817594,0.05244575510249062,0.7252718486086563,1.2562862665037642,-0.000516398820273118,1.2568026653240374,0.0
333,6.66,idle,locomotion,1,30.001701257753655,-12.42542641691311,0.10973345824050078,1.1216042117988825,0.052441176186429656,0.7252720895482199,1.2562856691221096,-0.0005163306601337209,1.2568019997822433,0.0
334,6.68,idle,locomotion,1,30.053177940879255,-12.447833869899041,0.10973345824050078,1.1216015215835877,0.05243660261244914,0.7252723505833814,1.2562850963362375,-0.0005162618219946638,1.2568013581582322,0.0
335,6.7,idle,locomotion,1,30.104654624004855,-12.470241322884972,0.10973345824050078,1.1215989139429876,0.05243203585978005,0.7252726317115893,1.2562845482461618,-0.0005161920575337993,1.2568007403036956,0.0
336,6.72,idle,locomotion,1,30.156131307130455,-12.492648775870903,0.10973345824050078,1.1215963882285136,0.052427476489768775,0.7252729315605279,1.2562840234318595,-0.000516121472520524,1.25680014490438,0.0
337,6.74,idle,locomotion,1,30.207607990256054,-12.515056228856833,0.10973345824050078,1.1215939444080296,0.05242292236273904,0.725273250028055,1.2562835216280692,-0.0005160501566834688,1.2567995717847527,0.0
338,6.76,idle,locomotion,1,30.259084673381654,-12.537463681842764,0.10973345824050078,1.1215915825221117,0.05241837094269906,0.7252735868961953,1.2562830425379146,-0.0005159780012099803,1.2567990205391246,0.0
339,6.78,idle,locomotion,1,30.310561356507254,-12.559871134828695,0.10973345824050078,1.1215893024229255,0.052413822143431835,0.7252739411543914,1.2562825852053858,-0.0005159052656351186,1.256798490471021,0.0
340,6.8,idle,locomotion,1,30.362038039632854,-12.582278587814626,0.10973345824050078,1.1215871032720794,0.05240927495240504,0.7252743128231903,1.2562821494864524,-0.0005158315928238087,1.2567979810792762,0.0
341,6.82,idle,locomotion,1,30.413514722758453,-12.604686040800557,0.10973345824050078,1.1215849838533907,0.052404729316767526,0.7252747022654158,1.2562817356250136,-0.0005157570169767381,1.2567974926419903,0.0
342,6.84,idle,locomotion,1,30.464991405884053,-12.627093493786488,0.10973345824050078,1.121582943350565,0.05240018724089887,0.725275109190784,1.25628134340074,-0.0005156817498088301,1.256797025150549,0.0
343,6.86,idle,locomotion,1,30.516468089009653,-12.649500946772418,0.10973345824050078,1.1215809803013461,0.052395650691901184,0.725275533629805,1.256280972806205,-0.0005156055164046193,1.2567965783226096,0.0
344,6.88,idle,locomotion,1,30.567944772135252,-12.67190839975835,0.10973345824050078,1.121579093304436,0.052391121155498724,0.7252759752007419,1.2562806234732709,-0.0005155288990836733,1.2567961523723545,0.0
345,6.9,idle,locomotion,1,30.619421455260852,-12.69431585274428,0.10973345824050078,1.121577281473456,0.05238660045902523,0.7252764327892025,1.2562802943866405,-0.0005154516599461707,1.2567957460465866,0.0
346,6.92,idle,locomotion,1,30.670898138386452,-12.716723305730211,0.10973345824050078,1.1215755435760077,0.05238209064969851,0.7252769056133083,1.2562799847823574,-0.0005153736899320659,1.2567953584722895,0.0
347,6.94,idle,locomotion,1,30.72237482151205,-12.739130758716142,0.10973345824050078,1.1215738782849307,0.05237759174110163,0.7252773940822694,1.2562796948782182,-0.0005152946188262432,1.2567949894970445,0.0
348,6.96,idle,locomotion,1,30.77385150463765,-12.761538211702073,0.10973345824050078,1.1215722849427905,0.05237310414268084,0.7252778989008921,1.2562794253410166,-0.0005152147789821773,1.2567946401199988,0.0
349,6.98,idle,locomotion,1,30.82532818776325,-12.783945664688003,0.10973345824050078,1.1215707638077044,0.0523686272109086,0.7252784198443346,1.2562791760129568,-0.0005151343768080713,1.256794310389765,0.0
350,7.0,idle,locomotion,1,30.87680487088885,-12.806353117673934,0.10973345824050078,1.1215693148005585,0.05236415912821909,0.725278956739243,1.256278946675712,-0.0005150532719886136,1.2567939999477007,0.0
351,7.02,idle,locomotion,1,30.92828155401445,-12.828760570659865,0.10973345824050078,1.1215679366442357,0.05235969877082408,0.7252795071714377,1.256278734848699,-0.0005149713861661333,1.256793706234865,0.0
352,7.04,idle,locomotion,1,30.97975823714005,-12.851168023645796,0.10973345824050078,1.1215666288985617,0.05235524549381114,0.7252800717749754,1.2562785408738764,-0.0005148888817544627,1.256793429755631,0.0
353,7.06,idle,locomotion,1,31.03123492026565,-12.873575476631727,0.10973345824050078,1.1215653915259982,0.05235079915591622,0.725280650131187,1.2562783645499063,-0.0005148060002025528,1.2567931705501088,0.0
354,7.08,idle,locomotion,1,31.08271160339125,-12.895982929617658,0.10973345824050078,1.1215642229183203,0.05234636121508357,0.7252812431789697,1.2562782066255063,-0.0005147221087305268,1.2567929287342368,0.0
355,7.1,idle,locomotion,1,31.13418828651685,-12.918390382603588,0.10973345824050078,1.1215631217334843,0.05234193250192893,0.7252818503079769,1.2562780665278,-0.0005146375808911981,1.256792704108691,0.0
356,7.12,idle,locomotion,1,31.18566496964245,-12.94079783558952,0.10973345824050078,1.121562087872174,0.0523375134687597,0.7252824717622696,1.2562779444541896,-0.000514552503207779,1.2567924969573974,0.0
357,7.14,idle,locomotion,1,31.23714165276805,-12.96320528857545,0.10973345824050078,1.1215611206895761,0.05233310363276837,0.7252831080658318,1.2562778409022963,-0.0005144666332960041,1.2567923075355922,0.0
358,7.16,idle,locomotion,1,31.28861833589365,-12.985612741561381,0.10973345824050078,1.1215602198427026,0.0523287017201244,0.7252837582526416,1.256277754853823,-0.0005143802149695058,1.2567921350687925,0.0
359,7.18,idle,locomotion,1,31.340095019019248,-13.008020194547312,0.10973345824050078,1.1215593851387051,0.05232430713312657,0.7252844209709862,1.2562776849537067,-0.0005142931124771134,1.2567919780661838,0.0
360,7.2,idle,locomotion,1,31.391571702144848,-13.030427647533243,0.10973345824050078,1.1215586163108846,0.05231991949131132,0.7252850960654315,1.2562776310058352,-0.0005142054058240621,1.2567918364116593,0.0
361,7.22,idle,locomotion,1,31.443048385270448,-13.052835100519173,0.10973345824050078,1.1215579127669824,0.052315539038687596,0.7252857848550053,1.256277594325734,-0.0005141170878794413,1.2567917114136136,0.0
362,7.24,idle,locomotion,1,31.494525068396047,-13.075242553505104,0.10973345824050078,1.1215572736642954,0.05231116537269481,0.7252864870671687,1.2562775746379782,-0.0005140281164465223,1.2567916027544248,0.0
363,7.26,idle,locomotion,1,31.546001751521647,-13.097650006491035,0.10973345824050078,1.1215566981197214,0.05230679785596708,0.7252872011386163,1.2562775703097284,-0.0005139384222154902,1.256791508731944,0.0
364,7.28,idle,locomotion,1,31.597478434647247,-13.120057459476966,0.10973345824050078,1.1215561849450697,0.05230243735700539,0.7252879282841197,1.256277582368068,-0.000513848017442451,1.2567914303855106,0.0
365,7.3,idle,locomotion,1,31.648955117772847,-13.142464912462897,0.10973345824050078,1.1215557338068818,0.052298083094623936,0.7252886686196784,1.2562776110121123,-0.0005137569797016295,1.256791367991814,0.0
366,7.32,idle,locomotion,1,31.700431800898446,-13.164872365448828,0.10973345824050078,1.1215553443095136,0.0522937342603821,0.7252894206844009,1.2562776547805508,-0.0005136654599092808,1.2567913202404601,0.0
367,7.34,idle,locomotion,1,31.751908484024046,-13.187279818434758,0.10973345824050078,1.1215550160269427,0.05228939160797837,0.725290184839806,1.256277714008361,-0.0005135734354270172,1.256791287443788,0.0
368,7.36,idle,locomotion,1,31.803385167149646,-13.20968727142069,0.10973345824050078,1.1215547479055552,0.05228505637555813,0.7252909613707281,1.256277789035033,-0.0005134806725877565,1.2567912697076207,0.0
369,7.38,idle,locomotion,1,31.854861850275245,-13.23209472440662,0.10973345824050078,1.121554538475974,0.052280728441433784,0.7252917480054536,1.2562778775511751,-0.0005133872911325839,1.2567912648423076,0.0
370,7.4,idle,locomotion,1,31.906338533400845,-13.25450217739255,0.10973345824050078,1.121554387297683,0.05227640779743498,0.7252925460532142,1.2562779806750537,-0.000513293493581219,1.256791274168635,0.0
371,7.42,idle,locomotion,1,31.957815216526445,-13.276909630378482,0.10973345824050078,1.1215542944149666,0.052272094676158495,0.7252933564730825,1.256278099584991,-0.0005131992832634116,1.2567912988682544,0.0
372,7.44,idle,locomotion,1,32.00929189965204,-13.299317083364413,0.10973345824050078,1.1215542592992103,0.0522677884414882,0.7252941781394997,1.2562782331437239,-0.000513104483248903,1.2567913376269728,0.0
373,7.46,idle,locomotion,1,32.06076858277764,-13.321724536350343,0.10973345824050078,1.1215542809269214,0.05226348696092673,0.7252950098725137,1.2562783799842057,-0.0005130088786908585,1.2567913888628965,0.0
374,7.48,idle,locomotion,1,32.11224526590324,-13.344131989336274,0.10973345824050078,1.1215543585350898,0.052259189946531,0.7252958528522268,1.256278541080115,-0.0005129125438943331,1.2567914536240092,0.0
375,7.5,idle,locomotion,1,32.16372194902884,-13.366539442322205,0.10973345824050078,1.1215544915439806,0.05225489814861577,0.7252967073360355,1.256278716772686,-0.0005128158764478967,1.256791532649134,0.0
376,7.52,idle,locomotion,1,32.21519863215444,-13.388946895308136,0.10973345824050078,1.1215546796906006,0.05225061102152674,0.7252975711878688,1.2562789050030627,-0.0005127187776082336,1.2567916237806709,0.0
377,7.54,idle,locomotion,1,32.26667531528004,-13.411354348294067,0.10973345824050078,1.121554922863333,0.05224632851068185,0.7252984456328944,1.2562791068878487,-0.0005126211492672075,1.256791728037116,0.0
378,7.56,idle,locomotion,1,32.31815199840564,-13.433761801279998,0.10973345824050078,1.1215552203197157,0.05224205093217763,0.7252993309648768,1.2562793228104205,-0.000512522995196902,1.2567918458056175,0.0
379,7.58,idle,locomotion,1,32.36962868153124,-13.456169254265928,0.10973345824050078,1.1215555711395777,0.052237779259642736,0.7253002269609082,1.2562795524625399,-0.0005124241808298589,1.2567919766433697,0.0
380,7.6,idle,locomotion,1,32.42110536465684,-13.47857670725186,0.10973345824050078,1.1215559750934858,0.05223351348777663,0.7253011334374289,1.2562797957032177,-0.0005123248348462041,1.2567921205380639,0.0
381,7.62,idle,locomotion,1,32.47258204778244,-13.50098416023779,0.10973345824050078,1.1215564319044597,0.05222925170967855,0.7253020494110902,1.2562800515113002,-0.0005122249200365352,1.2567922764313366,0.0
382,7.64,idle,locomotion,1,32.52405873090804,-13.52339161322372,0.10973345824050078,1.1215569408862862,0.05222499302080991,0.7253029765016185,1.2562803212823108,-0.0005121242852565884,1.2567924455675674,0.0
383,7.66,idle,locomotion,1,32.57553541403364,-13.545799066209652,0.10973345824050078,1.121557501412533,0.05222073748947692,0.7253039137887345,1.2562806042295176,-0.0005120232381839417,1.2567926274677015,0.0
384,7.68,idle,locomotion,1,32.62701209715924,-13.568206519195583,0.10973345824050078,1.1215581130951722,0.05221648531574324,0.7253048584240699,1.2562808975606687,-0.0005119220119322657,1.256792819572601,0.0
385,7.7,idle,locomotion,1,32.67848878028484,-13.590613972181513,0.10973345824050078,1.1215587756432426,0.05221223697315583,0.725305812174022,1.2562812029144677,-0.0005118203891861448,1.2567930233036537,0.0
386,7.72,idle,locomotion,1,32.72996546341044,-13.613021425167444,0.10973345824050078,1.121559488436467,0.05220799205656053,0.7253067764980858,1.2562815217679548,-0.0005117181087714688,1.2567932398767263,0.0
387,7.74,idle,locomotion,1,32.78144214653604,-13.635428878153375,0.10973345824050078,1.1215602506489346,0.05220375018498184,0.7253077507025975,1.2562818533613613,-0.0005116152664692633,1.2567934686278306,0.0
388,7.76,idle,locomotion,1,32.83291882966164,-13.657836331139306,0.10973345824050078,1.1215610620282548,0.052199511405556905,0.7253087336520214,1.2562821965743978,-0.0005115119031373037,1.2567937084775351,0.0
389,7.78,idle,locomotion,1,32.884395512787236,-13.680243784125237,0.10973345824050078,1.1215619220367243,0.05219527621103259,0.7253097256216172,1.2562825516322527,-0.0005114080515144608,1.2567939596837672,0.0
390,7.8,idle,locomotion,1,32.935872195912836,-13.702651237111168,0.10973345824050078,1.1215628297257219,0.05219104349238885,0.7253107266454345,1.2562829184341862,-0.0005113036379886075,1.2567942220721748,0.0
391,7.82,idle,locomotion,1,32.987348879038436,-13.725058690097098,0.10973345824050078,1.121563785544946,0.052186812276568774,0.7253117371997472,1.2562832974463323,-0.0005111990151779773,1.2567944964615103,0.0
392,7.84,idle,locomotion,1,33.038825562164035,-13.74746614308303,0.10973345824050078,1.12156478960528,0.05218258247937764,0.7253127562930783,1.2562836878170065,-0.0005110939378968199,1.2567947817549032,0.0
393,7.86,idle,locomotion,1,33.090302245289635,-13.76987359606896,0.10973345824050078,1.1215658415570169,0.05217835344481305,0.7253137834585636,1.2562840889798847,-0.0005109884779100106,1.2567950774577947,0.0
394,7.88,idle,locomotion,1,33.141778928415235,-13.79228104905489,0.10973345824050078,1.1215669405261093,0.05217412505268691,0.7253148181273049,1.2562845003951435,-0.0005108827914998212,1.2567953831866434,0.0
395,7.9,idle,locomotion,1,33.193255611540835,-13.814688502040822,0.10973345824050078,1.1215680847617637,0.05216989943854963,0.7253158626978494,1.2562849242333103,-0.0005107762195797963,1.25679570045289,0.0
396,7.92,idle,locomotion,1,33.244732294666434,-13.837095955026752,0.10973345824050078,1.1215692737096328,0.05216567700912496,0.7253169158750226,1.2562853594038355,-0.0005106693103198966,1.2567960287141553,0.0
397,7.94,idle,locomotion,1,33.296208977792034,-13.859503408012683,0.10973345824050078,1.121570507963566,0.05216145595258714,0.7253179752493556,1.25628580348746,-0.0005105621155982454,1.2567963656030583,0.0
398,7.96,idle,locomotion,1,33.347685660917634,-13.881910860998614,0.10973345824050078,1.1215717866161665,0.05215723646230295,0.7253190413455805,1.2562862569137392,-0.0005104543203070001,1.2567967112340461,0.0
399,7.98,idle,locomotion,1,33.39916234404323,-13.904318313984545,0.10973345824050078,1.1215731089712866,0.052153019653214346,0.7253201169406164,1.2562867223432717,-0.0005103460415059463,1.2567970683847776,0.0
400,8.0,idle,locomotion,1,33.45063902716883,-13.926725766970476,0.10973345824050078,1.121574474377227,0.05214880477506826,0.725321200220172,1.2562871980883747,-0.0005102372918036994,1.2567974353801785,0.0
401,8.02,idle,locomotion,1,33.50211571029443,-13.949133219956407,0.10973345824050078,1.121575882864921,0.05214459149091948,0.7253222909711438,1.2562876837292143,-0.0005101281452141657,1.2567978118744285,0.0
402,8.04,idle,locomotion,1,33.55359239342003,-13.971540672942337,0.10973345824050078,1.1215773342691635,0.052140380241241,0.7253233897479092,1.2562881799331653,-0.0005100186099765459,1.2567981985431418,0.0
403,8.06,idle,locomotion,1,33.60506907654563,-13.993948125928268,0.10973345824050078,1.1215788282475818,0.052136169921931624,0.7253244951769101,1.2562886853002047,-0.0005099086999901283,1.256798594000195,0.0
404,8.08,idle,locomotion,1,33.65654575967123,-14.0163555789142,0.10973345824050078,1.1215803646447713,0.05213196070890195,0.7253256087129675,1.2562892012081186,-0.0005097984099176403,1.2567989996180362,0.0
405,8.1,idle,locomotion,1,33.70802244279683,-14.03876303190013,0.10973345824050078,1.1215819425663227,0.05212775403003759,0.725326730968098,1.2562897283398302,-0.0005096875893646768,1.2567994159291949,0.0
406,8.12,idle,locomotion,1,33.75949912592243,-14.06117048488606,0.10973345824050078,1.1215835621039907,0.05212354892832727,0.725327861396382,1.256290266098192,-0.0005095764308207552,1.2567998425290128,0.0
407,8.14,idle,locomotion,1,33.81097580904803,-14.083577937871992,0.10973345824050078,1.1215852235966237,0.052119343594132776,0.725328997883842,1.256290812452774,-0.0005094650681954777,1.2568002775209695,0.0
408,8.16,idle,locomotion,1,33.86245249217363,-14.105985390857922,0.10973345824050078,1.1215869313670173,0.05211507234949991,0.7253301582515211,1.2562913828251436,-0.0005094087178771321,1.2568007915430208,0.0
409,8.18,idle,locomotion,1,33.91392917529923,-14.128392843843853,0.10973345824050078,1.1215886828239163,0.052110748001693415,0.7253313305183096,1.2562919687134348,-0.000509367913667496,1.2568013366271023,0.0
410,8.2,idle,locomotion,1,33.96540585842483,-14.150800296829784,0.10973345824050078,1.1215904747496717,0.05210637969253539,0.7253325085880116,1.2562925639371862,-0.0005093259149927531,1.2568018898521789,0.0
411,8.22,idle,locomotion,1,34.01688254155043,-14.173207749815715,0.10973345824050078,1.1215923041878502,0.05210196745726153,0.7253336893629445,1.2562931655020868,-0.0005092846266771985,1.256802450128764,0.0
412,8.24,idle,locomotion,1,34.06835922467603,-14.195615202801646,0.10973345824050078,1.1215941709758939,0.052097504443392,0.7253348750855814,1.2562937745761271,-0.0005092452686359765,1.256803019844763,0.0
413,8.26,idle,locomotion,1,34.11983590780163,-14.218022655787577,0.10973345824050078,1.1215960735024,0.05209300012074225,0.7253360651666142,1.2562943924999503,-0.0005092008031965696,1.256803593303147,0.0
414,8.28,idle,locomotion,1,34.17131259092723,-14.240430108773507,0.10973345824050078,1.121598011444951,0.05208844316376265,0.7253372614313731,1.2562950203490468,-0.0005091619127024112,1.2568041822617493,0.0
415,8.3,idle,locomotion,1,34.22278927405283,-14.262837561759438,0.10973345824050078,1.1215999850649874,0.05208383584506417,0.7253384622367298,1.2562956550693933,-0.000509118821489938,1.2568047738908832,0.0
416,8.32,idle,locomotion,1,34.27426595717843,-14.28524501474537,0.10973345824050078,1.1216019963884212,0.052079168624485105,0.7253396699814889,1.2562963000008895,-0.0005090795390873884,1.256805379539977,0.0
417,8.34,idle,locomotion,1,34.32574264030403,-14.3076524677313,0.10973345824050078,1.1216040434681314,0.05207445005842613,0.7253408815904863,1.2562969531510535,-0.0005090348943423313,1.256805988045396,0.0
418,8.36,idle,locomotion,1,34.37721932342963,-14.33005992071723,0.10973345824050078,1.1216061237142876,0.052069680132229894,0.7253420966972146,1.2562976123200142,-0.0005089862993549188,1.2568065986193693,0.0
419,8.38,idle,locomotion,1,34.42869600655523,-14.352467373703162,0.10973345824050078,1.1216082365892925,0.052064853612270645,0.7253433187594917,1.2562982815725323,-0.0005089448245112933,1.2568072263970436,0.0
420,8.4,idle,locomotion,1,34.48017268968083,-14.374874826689092,0.10973345824050078,1.1216103794439138,0.05205998423023358,0.7253445454834552,1.2562989598250014,-0.0005088991320351191,1.2568078589570366,0.0
421,8.42,idle,locomotion,1,34.53164937280643,-14.397282279675023,0.10973345824050078,1.1216125509322459,0.052055070697368706,0.7253457773068832,1.2562996464586096,-0.000508852925302998,1.2568084993839126,0.0
422,8.44,idle,locomotion,1,34.58312605593203,-14.419689732660954,0.10973345824050078,1.1216147510652124,0.05205011390827121,0.7253470132752471,1.2563003392162784,-0.0005088022863057526,1.2568091415025842,0.0
423,8.46,idle,locomotion,1,34.63460273905763,-14.442097185646885,0.10973345824050078,1.121616980056568,0.05204511181053384,0.7253482558080364,1.2563010422644867,-0.0005087582485013807,1.256809800512988,0.0
424,8.48,idle,locomotion,1,34.68607942218323,-14.464504638632816,0.10973345824050078,1.121619235367885,0.05204006998724199,0.7253495053732106,1.2563017551118028,-0.0005087162401071453,1.25681047135191,0.0
425,8.5,idle,locomotion,1,34.737556105308826,-14.486912091618747,0.10973345824050078,1.1216215153593883,0.052035001871051534,0.7253507576513438,1.2563024731420165,-0.0005086640998057425,1.2568111372418223,0.0
426,8.52,idle,locomotion,1,34.789032788434426,-14.509319544604677,0.10973345824050078,1.1216238219940307,0.05202989937519615,0.725352017961947,1.2563032016066769,-0.0005086179187338245,1.2568118195254108,0.0
427,8.54,idle,locomotion,1,34.840509471560026,-14.531726997590608,0.10973345824050078,1.1216261540749457,0.05202477348795515,0.7253532824829197,1.256303936932631,-0.0005085691472032257,1.2568125060798343,0.0
428,8.56,idle,locomotion,1,34.891986154685625,-14.554134450576539,0.10973345824050078,1.1216285119160059,0.05201962469672094,0.7253545541153961,1.2563046819980122,-0.0005085222457955618,1.2568132042438078,0.0
429,8.58,idle,locomotion,1,34.943462837811225,-14.57654190356247,0.10973345824050078,1.1216308936607624,0.05201446477183692,0.7253558303115115,1.256305435496408,-0.0005084716916175236,1.2568139071880255,0.0
430,8.6,idle,locomotion,1,34.994939520936825,-14.5989493565484,0.10973345824050078,1.1216332990957265,0.05200928890008307,0.7253571125743008,1.2563061976413614,-0.0005084228733928907,1.2568146205147543,0.0
431,8.62,idle,locomotion,1,35.046416204062425,-14.621356809534332,0.10973345824050078,1.1216357290205086,0.052004095685857905,0.7253584028404558,1.2563069690263382,-0.000508375685610192,1.2568153447119483,0.0
432,8.64,idle,locomotion,1,35.097892887188024,-14.643764262520262,0.10973345824050078,1.1216381832635676,0.05199889932144534,0.725359695241707,1.2563077458812426,-0.0005083199290207355,1.2568160658102634,0.0
433,8.66,idle,locomotion,1,35.149369570313624,-14.666171715506193,0.10973345824050078,1.121640662329379,0.051993690691325915,0.7253609938039403,1.2563085314561324,-0.0005082655266678768,1.2568167969828004,0.0
434,8.68,idle,locomotion,1,35.200846253439224,-14.688579168492124,0.10973345824050078,1.1216431656195271,0.051988472868638565,0.7253623012396048,1.256309328520514,-0.0005082154698608961,1.2568175439903748,0.0
435,8.7,idle,locomotion,1,35.25232293656482,-14.710986621478055,0.10973345824050078,1.1216456917779767,0.05198325343421241,0.725363614058434,1.2563101346324312,-0.0005081641353786651,1.2568182987678098,0.0
436,8.72,idle,locomotion,1,35.30379961969042,-14.733394074463986,0.10973345824050078,1.121648240984207,0.051978032094112475,0.7253649307433937,1.256310946218818,-0.0005081087012509776,1.256819054920069,0.0
437,8.74,idle,locomotion,1,35.35527630281602,-14.755801527449917,0.10973345824050078,1.1216508136870884,0.05197281024515458,0.7253662520115712,1.256311766599726,-0.0005080560509645345,1.2568198226506906,0.0
438,8.76,idle,locomotion,1,35.40675298594162,-14.778208980435847,0.10973345824050078,1.1216534100574207,0.05196758408104839,0.7253675797030781,1.2563125943361453,-0.0005079993394328762,1.256820593675578,0.0
439,8.78,idle,locomotion,1,35.45822966906722,-14.800616433421778,0.10973345824050078,1.1216560334016161,0.05196234162850264,0.7253689175891452,1.2563134337945006,-0.0005079541296311579,1.2568213879241317,0.0
440,8.8,idle,locomotion,1,35.50970635219282,-14.823023886407709,0.10973345824050078,1.121658684190275,0.05195709932385583,0.7253702588467469,1.256314278347915,-0.0005078952072222684,1.2568221735551373,0.0
441,8.82,idle,locomotion,1,35.56118303531842,-14.84543133939364,0.10973345824050078,1.1216613625382217,0.0519518486926037,0.7253716080730266,1.2563151338858134,-0.0005078442304805308,1.2568229781162938,0.0
442,8.84,idle,locomotion,1,35.61265971844402,-14.86783879237957,0.10973345824050078,1.121664066661242,0.05194659679757052,0.7253729624452546,1.2563159956262175,-0.0005077879465650997,1.2568237835727827,0.0
443,8.86,idle,locomotion,1,35.66413640156962,-14.890246245365502,0.10973345824050078,1.1216667951380626,0.05194134441805843,0.7253743229618256,1.2563168665965743,-0.000507734122677718,1.256824600719252,0.0
444,8.88,idle,locomotion,1,35.71561308469522,-14.912653698351432,0.10973345824050078,1.121669544883373,0.05193610573342792,0.7253756858291094,1.256317743277303,-0.0005076689912179647,1.256825412268521,0.0
445,8.9,idle,locomotion,1,35.76708976782082,-14.935061151337363,0.10973345824050078,1.1216723160586923,0.0519308564730115,0.7253770595117573,1.256318632908046,-0.0005076228856380587,1.256826255793684,0.0
446,8.92,idle,locomotion,1,35.81856645094642,-14.957468604323294,0.10973345824050078,1.1216751076663098,0.05192561273625398,0.7253784360894595,1.2563195271165748,-0.0005075678145485887,1.2568270949311233,0.0
447,8.94,idle,locomotion,1,35.87004313407202,-14.979876057309225,0.10973345824050078,1.1216779223396212,0.05192037386356925,0.7253798175303813,1.2563204277584843,-0.0005075087042772826,1.2568279364627615,0.0
448,8.96,idle,locomotion,1,35.92151981719762,-15.002283510295156,0.10973345824050078,1.121680762712082,0.05191513185671229,0.7253812061787839,1.2563213372578808,-0.0005074536688966687,1.2568287909267775,0.0
449,8.98,idle,locomotion,1,35.97299650032322,-15.024690963281087,0.10973345824050078,1.1216836284236533,0.051909895900131134,0.7253825982755862,1.2563222529738631,-0.0005073909740229525,1.256829643947886,0.0
450,9.0,idle,locomotion,1,36.02447318344882,-15.047098416267017,0.10973345824050078,1.1216865190814065,0.05190465510129156,0.7253839971034961,1.2563231772027357,-0.0005073332860184507,1.256830510488754,0.0
451,9.02,idle,locomotion,1,36.07594986657442,-15.069505869252948,0.10973345824050078,1.1216894331128218,0.05189942800991391,0.7253853958778395,1.2563241039608393,-0.0005072597245001677,1.2568313636853394,0.0
452,9.04,idle,locomotion,1,36.12742654970002,-15.091913322238879,0.10973345824050078,1.1216923706590516,0.05189420369814991,0.7253868055357596,1.256325043068359,-0.0005071979590916612,1.2568322410274506,0.0
453,9.06,idle,locomotion,1,36.17890323282562,-15.11432077522481,0.10973345824050078,1.1216953303234047,0.051889002125337425,0.7253882147213755,1.2563259840176344,-0.000507118954276773,1.256833102971911,0.0
454,9.08,idle,locomotion,1,36.23037991595122,-15.13672822821074,0.10973345824050078,1.121698312791804,0.05188383191282468,0.7253896238679152,1.2563269269432797,-0.0005070251787951119,1.2568339521220748,0.0
455,9.1,idle,locomotion,1,36.28185659907682,-15.159135681196672,0.10973345824050078,1.1217013185403004,0.05187869504454211,0.7253910364903503,1.2563278751436222,-0.0005069237111522303,1.2568347988547743,0.0
456,9.12,idle,locomotion,1,36.33333328220242,-15.181543134182602,0.10973345824050078,1.1217043486389966,0.05187359230153803,0.7253924548955757,1.2563288307471994,-0.0005068186622083116,1.2568356494094077,0.0
457,9.14,idle,locomotion,1,36.38480996532802,-15.203950587168533,0.10973345824050078,1.1217074038800738,0.05186852140801445,0.7253938785614009,1.2563297930706123,-0.0005067120702834521,1.2568365051408958,0.0
458,9.16,idle,locomotion,1,36.43628664845362,-15.226358040154464,0.10973345824050078,1.121710485026906,0.05186347973928172,0.7253953085637136,1.2563307628616904,-0.0005066049356195999,1.25683736779731,0.0
459,9.18,idle,locomotion,1,36.48776333157922,-15.248765493140395,0.10973345824050078,1.121713592358777,0.05185846845864639,0.7253967457989438,1.2563317410454216,-0.000506497642287395,1.256838238687709,0.0
460,9.2,idle,locomotion,1,36.539240014704816,-15.271172946126326,0.10973345824050078,1.121716726091627,0.05185348873484495,0.7253981899652187,1.2563327272818237,-0.0005063901831708698,1.2568391174649944,0.0
461,9.22,idle,locomotion,1,36.590716697830416,-15.293580399112257,0.10973345824050078,1.1217198867606846,0.051848538329914595,0.725399638994964,1.256333719483275,-0.0005062823154378185,1.256840001798713,0.0
462,9.24,idle,locomotion,1,36.642193380956016,-15.315987852098187,0.10973345824050078,1.1217230752043474,0.05184361516270623,0.725401092368813,1.256334716997546,-0.0005061742509280681,1.256840891248474,0.0
463,9.26,idle,locomotion,1,36.693670064081616,-15.338395305084118,0.10973345824050078,1.1217262916423898,0.051838718660780464,0.7254025507266233,1.2563357204729995,-0.0005060658840001751,1.2568417863569996,0.0
464,9.28,idle,locomotion,1,36.745146747207215,-15.360802758070049,0.10973345824050078,1.1217295362592206,0.0518338486156784,0.725404015952468,1.2563367317243035,-0.0005059572351273738,1.2568426889594309,0.0
465,9.3,idle,locomotion,1,36.796623430332815,-15.38321021105598,0.10973345824050078,1.121732809774335,0.0518290033533147,0.725405486628978,1.2563377495334018,-0.0005058484710795813,1.2568435980044814,0.0
466,9.32,idle,locomotion,1,36.848100113458415,-15.40561766404191,0.10973345824050078,1.1217361124125207,0.05182418214223873,0.7254069626061659,1.256338773670582,-0.0005057392268249389,1.2568445128974068,0.0
467,9.34,idle,locomotion,1,36.899576796584014,-15.428025117027842,0.10973345824050078,1.1217394439370003,0.051819384854968426,0.725408442382407,1.2563398028489237,-0.0005056297099602369,1.2568454325588838,0.0
468,9.36,idle,locomotion,1,36.951053479709614,-15.450432570013772,0.10973345824050078,1.121742803830398,0.051814610244895566,0.7254099253881117,1.2563408363493378,-0.0005055197413801164,1.256846356090718,0.0
469,9.38,idle,locomotion,1,37.002530162835214,-15.472840022999703,0.10973345824050078,1.121746191229247,0.051809856918930315,0.7254114123797163,1.2563418748925348,-0.0005054091892679677,1.2568472840818028,0.0
470,9.4,idle,locomotion,1,37.054006845960814,-15.495247475985634,0.10973345824050078,1.1217496054902083,0.05180512507589613,0.7254129051545811,1.2563429202278695,-0.0005052982921812943,1.256848218520051,0.0
471,9.42,idle,locomotion,1,37.10548352908641,-15.517654928971565,0.10973345824050078,1.1217530460155511,0.051800413552228385,0.7254144020975254,1.256343970889475,-0.0005051871841426428,1.2568491580736176,0.0
472,9.44,idle,locomotion,1,37.15696021221201,-15.540062381957496,0.10973345824050078,1.121756512663861,0.05179572132321479,0.7254159021632481,1.2563450258000861,-0.0005050759085822344,1.2568501017086684,0.0
473,9.46,idle,locomotion,1,37.20843689533761,-15.562469834943427,0.10973345824050078,1.1217600055175068,0.0517910473964465,0.7254174066877457,1.2563460863991929,-0.0005049644149556776,1.2568510508141486,0.0
474,9.48,idle,locomotion,1,37.25991357846321,-15.584877287929357,0.10973345824050078,1.12176352397903,0.05178638923605197,0.7254189147163475,1.2563471518165097,-0.0005048525711161163,1.256852004387626,0.0
475,9.5,idle,locomotion,1,37.31139026158881,-15.607284740915288,0.10973345824050078,1.1217670676341487,0.051781744850796875,0.7254204254657108,1.2563482212023667,-0.0005047404873778846,1.2568529616897446,0.0
476,9.52,idle,locomotion,1,37.36286694471441,-15.629692193901219,0.10973345824050078,1.121770636043554,0.051777113114626024,0.7254219396010539,1.2563492952320336,-0.0005046282284426919,1.2568539234604763,0.0
477,9.54,idle,locomotion,1,37.41434362784001,-15.65209964688715,0.10973345824050078,1.1217742285049017,0.05177249195172166,0.7254234566180662,1.256350373463096,-0.000504515911101764,1.2568548893741978,0.0
478,9.56,idle,locomotion,1,37.46582031096561,-15.67450709987308,0.10973345824050078,1.121777844308291,0.05176787906015855,0.7254249772945522,1.2563514565317317,-0.0005044032063154652,1.2568558597380473,0.0
479,9.58,idle,locomotion,1,37.51729699409121,-15.696914552859011,0.10973345824050078,1.1217814832351227,0.051763273463355255,0.7254265023393947,1.256352545219706,-0.0005042903965483958,1.2568568356162544,0.0
480,9.6,idle,locomotion,1,37.56877367721681,-15.719322005844942,0.10973345824050078,1.1217851448570533,0.05175867368122673,0.7254280299372056,1.2563536377817155,-0.0005041774047281102,1.2568578151864436,0.0
481,9.62,idle,locomotion,1,37.62025036034241,-15.741729458830873,0.10973345824050078,1.121788828960056,0.051754078746129535,0.7254295601260804,1.2563547341919796,-0.0005040643132261415,1.2568587985052058,0.0
482,9.64,idle,locomotion,1,37.67172704346801,-15.764136911816804,0.10973345824050078,1.121792535397403,0.051749487607403596,0.7254310925957521,1.2563558342863315,-0.0005039512517241093,1.2568597855380557,0.0
483,9.66,idle,locomotion,1,37.72320372659361,-15.786544364802735,0.10973345824050078,1.1217962632426641,0.051744899118454805,0.7254326267256362,1.2563569373775867,-0.0005038379956309978,1.2568607753732177,0.0
484,9.68,idle,locomotion,1,37.77468040971921,-15.808951817788666,0.10973345824050078,1.1218000116551161,0.05174031256527206,0.7254341634574193,1.2563580443193851,-0.0005037245115361612,1.2568617688309214,0.0
485,9.7,idle,locomotion,1,37.82615709284481,-15.831359270774596,0.10973345824050078,1.121803780307567,0.051735724821604635,0.7254357006731967,1.2563591530646607,-0.0005036110985752497,1.256862764163236,0.0
486,9.72,idle,locomotion,1,37.87763377597041,-15.853766723760527,0.10973345824050078,1.1218075691087726,0.05173113416100964,0.7254372402779521,1.2563602652617045,-0.0005034976559716367,1.2568637629176762,0.0
487,9.74,idle,locomotion,1,37.92911045909601,-15.876174176746458,0.10973345824050078,1.1218113782562344,0.05172653975973888,0.7254387820454347,1.2563613809618366,-0.0005033842044934456,1.25686476516633,0.0
488,9.76,idle,locomotion,1,37.98058714222161,-15.898581629732389,0.10973345824050078,1.1218152070306042,0.051721941249454534,0.7254403252841252,1.256362499349636,-0.0005032703638757387,1.2568657697135117,0.0
489,9.78,idle,locomotion,1,38.03206382534721,-15.92098908271832,0.10973345824050078,1.1218190535879975,0.051717339728297985,0.7254418703957557,1.256363620767313,-0.0005031561527233802,1.2568667769200363,0.0
490,9.8,idle,locomotion,1,38.08354050847281,-15.94339653570425,0.10973345824050078,1.121822917704561,0.05171273496572123,0.7254434184996112,1.2563647463281318,-0.0005030420334597892,1.2568677883615915,0.0
491,9.82,idle,locomotion,1,38.13501719159841,-15.965803988690181,0.10973345824050078,1.1218267996859321,0.051708125510840725,0.7254449684343587,1.2563658750885223,-0.0005029280896398959,1.256868803178162,0.0
492,9.84,idle,locomotion,1,38.18649387472401,-15.988211441676112,0.10973345824050078,1.1218306995743224,0.051703509786358445,0.7254465197201767,1.2563670065115906,-0.0005028142994906032,1.2568698208110811,0.0
493,9.86,idle,locomotion,1,38.23797055784961,-16.010618894662045,0.10973345824050078,1.12183461706995,0.05169888709095166,0.7254480717389828,1.2563681400345834,-0.0005027004288164459,1.2568708404634,0.0
494,9.88,idle,locomotion,1,38.28944724097521,-16.033026347647976,0.10973345824050078,1.1218385513264266,0.051694258217683926,0.7254496256565561,1.2563692767449979,-0.0005025881079379832,1.2568718648529358,0.0
495,9.9,idle,locomotion,1,38.34092392410081,-16.055433800633907,0.10973345824050078,1.1218425005873671,0.051689622787177154,0.7254511817655179,1.2563704169594012,-0.000502477945461783,1.256872894904863,0.0
496,9.92,idle,locomotion,1,38.392400607226406,-16.077841253619837,0.10973345824050078,1.1218464641466699,0.05168498011184054,0.7254527388312098,1.256371559390669,-0.0005023692831351151,1.2568739286738042,0.0
497,9.94,idle,locomotion,1,38.443877290352006,-16.10024870660577,0.10973345824050078,1.1218504415051487,0.05168032947432331,0.7254542961012064,1.2563727032409542,-0.0005022612019034423,1.2568749644428576,0.0
498,9.96,idle,locomotion,1,38.495353973477606,-16.1226561595917,0.10973345824050078,1.1218544323052733,0.05167566984822341,0.7254558544028032,1.2563738491953158,-0.0005021532976921782,1.256876002493008,0.0
499,9.98,idle,locomotion,1,38.546830656603206,-16.14506361257763,0.10973345824050078,1.1218584369893447,0.05167100053927642,0.7254574130108641,1.2563749966867157,-0.0005020455560725383,1.2568770422427882,0.0
500,10.0,idle,locomotion,1,38.598307339728805,-16.16747106556356,0.10973345824050078,1.1218624550594691,0.05166632289909914,0.725458972077527,1.2563761457943516,-0.0005019376608710845,1.2568780834552227,0.0
501,10.02,idle,locomotion,1,38.649784022854405,-16.18987851854949,0.10973345824050078,1.1218664868275834,0.05166163575859643,0.7254605318336318,1.2563772967880709,-0.0005018299014007514,1.2568791266894717,0.0
502,10.04,idle,locomotion,1,38.701260705980005,-16.212285971535422,0.10973345824050078,1.121870532338489,0.05165693848791809,0.7254620916647793,1.2563784490784389,-0.0005017218147448654,1.2568801708931838,0.0
503,10.06,idle,locomotion,1,38.752737389105604,-16.234693424521353,0.10973345824050078,1.1218745902436926,0.05165223185118626,0.7254636512323447,1.2563796021571554,-0.000501613405536696,1.256881215562692,0.0
504,10.08,idle,locomotion,1,38.804214072231204,-16.257100877507284,0.10973345824050078,1.121878660345876,0.05164751495502009,0.7254652110489003,1.256380756443467,-0.000501505096703974,1.256882261540171,0.0
505,10.1,idle,locomotion,1,38.855690755356804,-16.279508330493215,0.10973345824050078,1.12188274309488,0.051642786799129085,0.725466770945447,1.2563819118025898,-0.0005013969152581309,1.256883308717848,0.0
506,10.12,idle,locomotion,1,38.907167438482404,-16.301915783479146,0.10973345824050078,1.1218868388750232,0.05163804763642138,0.725468331952503,1.2563830692255826,-0.0005012887772357193,1.2568843580028184,0.0
507,10.14,idle,locomotion,1,38.958644121608,-16.324323236465077,0.10973345824050078,1.1218909472648084,0.05163329919637094,0.7254698940444381,1.2563842287923324,-0.0005011805180173967,1.2568854093103496,0.0
508,10.16,idle,locomotion,1,39.0101208047336,-16.346730689451007,0.10973345824050078,1.1218950672262196,0.05162854286009862,0.7254714565978955,1.2563853897849915,-0.0005010721333237704,1.2568864619183153,0.0
509,10.18,idle,locomotion,1,39.0615974878592,-16.369138142436938,0.10973345824050078,1.121899198832087,0.05162378020270799,0.7254730190263468,1.2563865517612796,-0.0005009639222105754,1.2568875156834902,0.0
510,10.2,idle,locomotion,1,39.1130741709848,-16.39154559542287,0.10973345824050078,1.1219033420249718,0.0516190123097215,0.7254745817709752,1.2563877152099328,-0.000500855487129994,1.2568885706970627,0.0
511,10.22,idle,locomotion,1,39.1645508541104,-16.4139530484088,0.10973345824050078,1.1219074958695319,0.05161423870821387,0.7254761442365074,1.2563888794785414,-0.0005007468867617611,1.256889626365303,0.0
512,10.24,idle,locomotion,1,39.216027537236,-16.43636050139473,0.10973345824050078,1.121911659848802,0.05160945911191331,0.7254777058415072,1.256390043787898,-0.0005006380192520768,1.2568906818071501,0.0
513,10.26,idle,locomotion,1,39.2675042203616,-16.45876795438066,0.10973345824050078,1.1219158338686928,0.051604673469470494,0.725479267343396,1.2563912088240015,-0.0005005291182652132,1.2568917379422666,0.0
514,10.28,idle,locomotion,1,39.3189809034872,-16.481175407366592,0.10973345824050078,1.1219200182221638,0.05159988088962772,0.7254808290693125,1.2563923748982133,-0.0005004202998683364,1.2568927951980817,0.0
515,10.3,idle,locomotion,1,39.3704575866128,-16.503582860352523,0.10973345824050078,1.1219242145055672,0.0515950580202351,0.7254824058598596,1.2563935560669968,-0.000500353750993672,1.2568939098179905,0.0
516,10.32,idle,locomotion,1,39.4219342697384,-16.525990313338454,0.10973345824050078,1.1219284214534342,0.051590196709559624,0.7254839902310521,1.2563947464160576,-0.0005003149995520782,1.2568950614156098,0.0
517,10.34,idle,locomotion,1,39.473410952864,-16.548397766324385,0.10973345824050078,1.1219326368009914,0.05158530273286762,0.7254855762067656,1.2563959393426871,-0.000500283725290894,1.256896223067978,0.0
518,10.36,idle,locomotion,1,39.5248876359896,-16.570805219310316,0.10973345824050078,1.1219368597147679,0.05158037882078361,0.725487159484692,1.256397131331342,-0.000500250444165639,1.2568973817755076,0.0
519,10.38,idle,locomotion,1,39.5763643191152,-16.593212672296247,0.10973345824050078,1.121941089994282,0.05157541922576953,0.725488743513486,1.2563983259598033,-0.0005002221054720736,1.2568985480652755,0.0
520,10.4,idle,locomotion,1,39.6278410022408,-16.615620125282177,0.10973345824050078,1.1219453270658655,0.05157042443360956,0.7254903253803185,1.256399520130398,-0.0005001893205981052,1.256899709450996,0.0
521,10.42,idle,locomotion,1,39.6793176853664,-16.638027578268108,0.10973345824050078,1.121949572217516,0.05156538515773297,0.725491908444498,1.2564007172333478,-0.0005001622862758869,1.2569008795196237,0.0
522,10.44,idle,locomotion,1,39.730794368492,-16.66043503125404,0.10973345824050078,1.121953825653812,0.05156030563828107,0.7254934853368324,1.2564019087119573,-0.0005001218013140976,1.2569020305132714,0.0
523,10.46,idle,locomotion,1,39.7822710516176,-16.68284248423997,0.10973345824050078,1.1219580893129375,0.05155517259661826,0.7254950616542952,1.2564031010749974,-0.0005000874798724991,1.2569031885548698,0.0
524,10.48,idle,locomotion,1,39.8337477347432,-16.7052499372259,0.10973345824050078,1.1219623623987331,0.05154998589345949,0.7254966378940615,1.2564042947163423,-0.0005000557821612656,1.2569043504985036,0.0
525,10.5,idle,locomotion,1,39.8852244178688,-16.72765739021183,0.10973345824050078,1.1219666434357178,0.051544748337209026,0.7254982104760141,1.2564054876196549,-0.0005000253809530827,1.256905513000608,0.0
526,10.52,idle,locomotion,1,39.9367011009944,-16.750064843197762,0.10973345824050078,1.1219709333493884,0.051539455751637965,0.7254997814379119,1.2564066773645108,-0.0004999929890012918,1.2569066703535121,0.0
527,10.54,idle,locomotion,1,39.98817778412,-16.772472296183693,0.10973345824050078,1.1219752321879002,0.05153411346526041,0.7255013500912032,1.2564078666492458,-0.0004999619972695865,1.2569078286465154,0.0
528,10.56,idle,locomotion,1,40.0396544672456,-16.794879749169624,0.10973345824050078,1.1219795385897056,0.05152872539085387,0.7255029159391765,1.256409054178319,-0.0004999289328675924,1.2569089831111866,0.0
529,10.58,idle,locomotion,1,40.0911311503712,-16.817287202155555,0.10973345824050078,1.1219838512204965,0.05152329419234098,0.7255044799955217,1.2564102400069104,-0.000499895451869601,1.25691013545878,0.0
530,10.6,idle,locomotion,1,40.1426078334968,-16.839694655141486,0.10973345824050078,1.1219881682248847,0.051517825788760456,0.725506040552879,1.2564114249919747,-0.0004998636543769412,1.2569112886463516,0.0
531,10.62,idle,locomotion,1,40.1940845166224,-16.862102108127416,0.10973345824050078,1.1219924888680062,0.05151232011495632,0.7255076009831871,1.2564126089448937,-0.0004998337387303216,1.256912442683624,0.0
532,10.64,idle,locomotion,1,40.245561199747996,-16.884509561113347,0.10973345824050078,1.1219968122564785,0.051506785702245546,0.7255091589064033,1.2564137919387859,-0.0004998029205513267,1.2569135948593373,0.0
533,10.66,idle,locomotion,1,40.297037882873596,-16.906917014099278,0.10973345824050078,1.1220011381577881,0.051501222626979856,0.7255107151303436,1.2564149730846628,-0.0004997705134438812,1.2569147435981067,0.0
534,10.68,idle,locomotion,1,40.348514565999196,-16.92932446708521,0.10973345824050078,1.1220054647549234,0.05149563890802318,0.7255122680042246,1.2564161523642552,-0.0004997346318210763,1.2569158869960764,0.0
535,10.7,idle,locomotion,1,40.399991249124795,-16.95173192007114,0.10973345824050078,1.1220097913888196,0.05149003378110601,0.7255138210194341,1.25641733170773,-0.0004997019199342798,1.2569170336276643,0.0
536,10.72,idle,locomotion,1,40.451467932250395,-16.97413937305707,0.10973345824050078,1.1220141160597854,0.051484414936602434,0.7255153726322645,1.2564185111792285,-0.0004996715986706098,1.2569181827778992,0.0
537,10.74,idle,locomotion,1,40.502944615375995,-16.996546826043,0.10973345824050078,1.122018438884689,0.05147878332156287,0.725516921992471,1.2564196873738827,-0.0004996390961815901,1.2569193264700642,0.0
538,10.76,idle,locomotion,1,40.554421298501595,-17.018954279028932,0.10973345824050078,1.1220227574938126,0.05147315153664157,0.7255184633913123,1.2564208588689334,-0.0004995989619129282,1.2569204578308464,0.0
539,10.78,idle,locomotion,1,40.605897981627194,-17.041361732014863,0.10973345824050078,1.122027072652946,0.05146750401736338,0.7255200083029805,1.2564220329470293,-0.0004995736032831662,1.2569216065503124,0.0
