tick,t_s,phase,task_mode,curr_motion_timestep,ball_x,ball_y,ball_z,base_x,base_y,base_z,robot_top_z,robot_bottom_z,robot_height,kick_aim_theta_deg
0,0.0,idle,kick,399,11.686990952749918,-0.2172782107847579,0.10973345824050078,1.2042429246181687,0.14909014948804938,0.7513096098010085,1.2808022268924617,-0.0005130096361098367,1.2813152365285716,0.0
1,0.02,idle,kick,399,11.733656345708747,-0.21835056648055712,0.10973345824050078,1.204841132348252,0.14869166655517319,0.7513046018627604,1.280802463906061,-0.000505852581938155,1.281308316487999,0.0
2,0.04,idle,kick,399,11.780321738667576,-0.21942292217635634,0.10973345824050078,1.2054573760823275,0.1483124802860505,0.751298632024902,1.2807988193380788,-0.0005024430914571457,1.281301262429536,0.0
3,0.06,idle,kick,399,11.826987131626405,-0.22049527787215556,0.10973345824050078,1.206088698172478,0.14795467119999048,0.7512907073914807,1.2807896577291382,-0.0004967461987334248,1.2812864039278717,0.0
4,0.08,idle,kick,399,11.873652524585234,-0.22156763356795478,0.10973345824050078,1.2067305478651982,0.1476222627827184,0.7512810016097842,1.2807752814332845,-0.0004925890660923866,1.2812678704993767,0.0
5,0.1,idle,kick,399,11.920317917544063,-0.222639989263754,0.10973345824050078,1.207377378241106,0.14731907559952365,0.7512694652145091,1.2807560642810691,-0.0004884052915877755,1.2812444695726568,0.0
6,0.12,idle,kick,399,11.966983310502892,-0.22371234495955322,0.10973345824050078,1.208022194207175,0.14704786326791924,0.7512557012309512,1.280731907270296,-0.0004836776046235995,1.2812155848749196,0.0
7,0.14,idle,kick,399,12.01364870346172,-0.22478470065535244,0.10973345824050078,1.2086596323111007,0.14681187528321388,0.7512403562630754,1.2807040176643578,-0.00048330925887381596,1.2811873269232317,0.0
8,0.16,idle,kick,399,12.06031409642055,-0.22585705635115166,0.10973345824050078,1.2092856440621156,0.1466142011882731,0.7512244263626447,1.2806740548172748,-0.000483268239298177,1.281157323056573,0.0
9,0.18,idle,kick,399,12.106979489379379,-0.22692941204695088,0.10973345824050078,1.2098968634207388,0.14645747095510941,0.7512086008345567,1.2806433439679374,-0.0004830308738968288,1.2811263748418342,0.0
10,0.2,idle,kick,399,12.153644882338208,-0.2280017677427501,0.10973345824050078,1.2104904856396796,0.14634375148996556,0.7511933072405631,1.2806128742967613,-0.0004826046247623818,1.2810954789215236,0.0
11,0.22,idle,kick,399,12.200310275297037,-0.22907412343854933,0.10973345824050078,1.2110641458493228,0.14627485843583113,0.7511787901105487,1.2805834180809599,-0.0004819972595967552,1.2810654153405567,0.0
12,0.24,idle,kick,399,12.246975668255866,-0.23014647913434855,0.10973345824050078,1.2116161917081085,0.14625229349128252,0.7511653437900934,1.2805557310305256,-0.0004812011895460218,1.2810369322200716,0.0
13,0.26,idle,kick,399,12.293641061214695,-0.23121883483014777,0.10973345824050078,1.2121461607175923,0.14627680096326762,0.7511538385915644,1.2805309564363951,-0.0004802577931100789,1.2810112142295051,0.0
14,0.28,idle,kick,399,12.340306454173524,-0.232291190525947,0.10973345824050078,1.2126546682939339,0.1463485420015304,0.7511451848635544,1.2805102875506549,-0.00047905889256771167,1.2809893464432225,0.0
15,0.3,idle,kick,399,12.386971847132353,-0.2333635462217462,0.10973345824050078,1.213141928421827,0.14646600328901013,0.7511376914648368,1.280492211751802,-0.00047746527051774346,1.2809696770223198,0.0
16,0.32,idle,kick,399,12.433637240091182,-0.23443590191754543,0.10973345824050078,1.2136082418702492,0.14662582863640397,0.7511293368394318,1.2804745235971133,-0.0004760729783351847,1.2809505965754484,0.0
17,0.34,idle,kick,399,12.48030263305001,-0.23550825761334465,0.10973345824050078,1.2140541351557153,0.14682441836503946,0.7511201717891205,1.2804570748005526,-0.0004748993355939493,1.2809319741361465,0.0
18,0.36,idle,kick,399,12.52696802600884,-0.23658061330914387,0.10973345824050078,1.2144795331238356,0.14705914027369174,0.7511114239375979,1.2804411263695459,-0.00047335626243507484,1.280914482631981,0.0
19,0.38,idle,kick,399,12.573633418967669,-0.2376529690049431,0.10973345824050078,1.2148841848972318,0.1473270150808583,0.7511027586797416,1.2804263964017417,-0.0004716660612939759,1.2808980624630357,0.0
20,0.4,idle,kick,399,12.620298811926498,-0.23872532470074231,0.10973345824050078,1.2152686176655103,0.14762304613935362,0.7510934427538548,1.280411522651996,-0.00047028000542168394,1.2808818026574178,0.0
21,0.42,idle,kick,399,12.666964204885327,-0.23979768039654153,0.10973345824050078,1.2156328790845312,0.1479429777133747,0.7510837410121501,1.2803963771778506,-0.0004693470070145367,1.280865724184865,0.0
22,0.44,idle,kick,399,12.713629597844156,-0.24087003609234076,0.10973345824050078,1.2159764326187075,0.14828434492069012,0.7510750029255059,1.2803825874128474,-0.00046839749816872736,1.2808509849110161,0.0
23,0.46,idle,kick,399,12.760294990802985,-0.24194239178813998,0.10973345824050078,1.216299231032884,0.1486445684150966,0.7510682934220809,1.2803714646720745,-0.00046740600565569126,1.2808388706777303,0.0
24,0.48,idle,kick,399,12.806960383761814,-0.2430147474839392,0.10973345824050078,1.2166018931073785,0.14902070533559172,0.7510638576704987,1.280363277401597,-0.0004663791134553036,1.2808296565150523,0.0
25,0.5,idle,kick,399,12.853625776720643,-0.24408710317973842,0.10973345824050078,1.2168849816030478,0.14940971948940404,0.7510613861274003,1.2803576709050724,-0.0004653363284168738,1.2808230072334892,0.0
26,0.52,idle,kick,399,12.900291169679472,-0.24515945887553764,0.10973345824050078,1.2171487417015328,0.1498085819912524,0.7510599627213801,1.2803536683571632,-0.0004643079689128221,1.280817976326076,0.0
27,0.54,idle,kick,399,12.9469565626383,-0.24623181457133686,0.10973345824050078,1.2173937147261014,0.15021397559129684,0.7510590277569359,1.2803504678019817,-0.0004633038779948487,1.2808137716799766,0.0
28,0.56,idle,kick,399,12.99362195559713,-0.24730417026713608,0.10973345824050078,1.2176204712138885,0.15062277815412026,0.7510583778296647,1.280347696640231,-0.0004623174641372081,1.2808100141043681,0.0
29,0.58,idle,kick,399,13.040287348555959,-0.2483765259629353,0.10973345824050078,1.2178295649741933,0.15103205653154692,0.7510579848174836,1.2803452667898045,-0.00046134765179880327,1.2808066144416033,0.0
30,0.6,idle,kick,399,13.086952741514787,-0.24944888165873452,0.10973345824050078,1.2180215890361568,0.15143901692920175,0.7510578716222965,1.2803431906312794,-0.0004604014955326245,1.2808035921268122,0.0
31,0.62,idle,kick,399,13.133618134473616,-0.25052123735453374,0.10973345824050078,1.21819724116811,0.15184099845815457,0.7510582047155415,1.28034161356439,-0.00045989494221454486,1.2808015085066045,0.0
32,0.64,idle,kick,399,13.180283527432445,-0.25159359305033296,0.10973345824050078,1.2183571810717257,0.15223550482918194,0.7510592054016102,1.280340729881188,-0.0004599264068880747,1.280800656288076,0.0
33,0.66,idle,kick,399,13.226948920391274,-0.2526659487461322,0.10973345824050078,1.218501948055732,0.15261994296667636,0.7510608414796047,1.2803404969103072,-0.00045996053516265956,1.2808004574454699,0.0
34,0.68,idle,kick,399,13.273614313350103,-0.2537383044419314,0.10973345824050078,1.218632032593974,0.1529918083438371,0.7510629829066778,1.280340798085819,-0.0004599955774338173,1.2808007936632528,0.0
35,0.7,idle,kick,399,13.320279706308932,-0.2548106601377306,0.10973345824050078,1.218747861565136,0.15334896487295163,0.7510654741117577,1.2803415222321217,-0.00046003200471458547,1.2808015542368363,0.0
36,0.72,idle,kick,399,13.366945099267761,-0.25588301583352985,0.10973345824050078,1.2188498535925327,0.15368957063394695,0.7510681736647615,1.2803425762683338,-0.00046007072322230835,1.280802646991556,0.0
37,0.74,idle,kick,399,13.41361049222659,-0.25695537152932907,0.10973345824050078,1.2189384653570003,0.15401205806882734,0.7510710709225762,1.2803439924668054,-0.0004601106952099171,1.2808041031620154,0.0
38,0.76,idle,kick,399,13.46027588518542,-0.2580277272251283,0.10973345824050078,1.219014218957835,0.1543151958699328,0.7510746799495941,1.280346343579399,-0.00046014362641010054,1.280806487205809,0.0
39,0.78,idle,kick,399,13.506941278144248,-0.2591000829209275,0.10973345824050078,1.2190776003540076,0.15459794255253737,0.7510795079421158,1.2803502389897656,-0.0004601647151112019,1.2808104037048769,0.0
40,0.8,idle,kick,399,13.553606671103077,-0.26017243861672673,0.10973345824050078,1.2191290883744206,0.15485930988716706,0.7510856427959213,1.2803558052522905,-0.0004601712684680556,1.2808159765207585,0.0
41,0.82,idle,kick,399,13.600272064061906,-0.26124479431252595,0.10973345824050078,1.2191693083543114,0.15509846875081476,0.7510927610973461,1.2803626944963737,-0.00046016321558436935,1.280822857711958,0.0
42,0.84,idle,kick,399,13.646937457020735,-0.2623171500083252,0.10973345824050078,1.2191991676707832,0.1553149435383532,0.7511001711806418,1.2803701555874727,-0.0004601535330438257,1.2808303091205164,0.0
43,0.86,idle,kick,399,13.693602849979564,-0.2633895057041244,0.10973345824050078,1.2192196273262543,0.1555087497253203,0.7511071905966891,1.2803775197328893,-0.0004601615001413664,1.2808376812330307,0.0
44,0.88,idle,kick,399,13.740268242938393,-0.2644618613999236,0.10973345824050078,1.2192316222970427,0.1556801567848494,0.7511136375422667,1.2803845964346214,-0.00046017509869273124,1.2808447715333142,0.0
45,0.9,idle,kick,399,13.786933635897222,-0.26553421709572284,0.10973345824050078,1.2192360852461412,0.15582960823369513,0.751119866600068,1.2803916838725096,-0.0004601904743920353,1.2808518743469015,0.0
46,0.92,idle,kick,399,13.833599028856051,-0.26660657279152206,0.10973345824050078,1.2192337041697143,0.15595762143702674,0.7511260440876448,1.2803989089158183,-0.0004601867307479045,1.2808590956465662,0.0
47,0.94,idle,kick,399,13.88026442181488,-0.2676789284873213,0.10973345824050078,1.2192250086937881,0.15606478771933838,0.7511322038906222,1.2804062763044364,-0.00046015986531125486,1.2808664361697477,0.0
48,0.96,idle,kick,399,13.92692981477371,-0.2687512841831205,0.10973345824050078,1.2192104588475043,0.15615176520017607,0.7511383506128179,1.2804137610676445,-0.00046011089060006213,1.2808738719582446,0.0
49,0.98,idle,kick,399,13.973595207732538,-0.2698236398789197,0.10973345824050078,1.2191903696271411,0.1562196649887659,0.7511447035751703,1.2804216428835655,-0.00046005037108155095,1.2808816932546472,0.0
50,1.0,idle,kick,399,14.020260600691367,-0.27089599557471894,0.10973345824050078,1.2191650212351437,0.15626990978711883,0.7511516079407302,1.2804303895692015,-0.0004599794511814838,1.280890369020383,0.0
51,1.02,idle,kick,399,14.066925993650196,-0.27196835127051816,0.10973345824050078,1.2191351445785081,0.1563038720498962,0.7511592628928484,1.2804402691706513,-0.0004598946989714525,1.2809001638696227,0.0
52,1.04,idle,kick,399,14.113591386609025,-0.2730407069663174,0.10973345824050078,1.2191016560077435,0.15632295477889488,0.7511676953031156,1.280451389133048,-0.0004597857617830714,1.2809111748948312,0.0
53,1.06,idle,kick,399,14.160256779567854,-0.2741130626621166,0.10973345824050078,1.219065026162416,0.1563282214248123,0.7511767394045945,1.2804635576113954,-0.00045965551015812733,1.2809232131215535,0.0
54,1.08,idle,kick,399,14.206922172526683,-0.2751854183579158,0.10973345824050078,1.2190255396030576,0.15632033995021016,0.7511861814434136,1.2804764537672524,-0.0004595115190891355,1.2809359652863415,0.0
55,1.1,idle,kick,399,14.253587565485512,-0.27625777405371504,0.10973345824050078,1.2189833969003783,0.156300048484382,0.7511958252947103,1.280489778566602,-0.0004593527430394942,1.2809491313096415,0.0
56,1.12,idle,kick,399,14.300252958444341,-0.27733012974951426,0.10973345824050078,1.2189389327185771,0.15626807543417637,0.7512052679864072,1.2805029545891997,-0.00045917094771869005,1.2809621255369184,0.0
57,1.14,idle,kick,399,14.34691835140317,-0.2784024854453135,0.10973345824050078,1.2188924343157537,0.15622522968275607,0.751214182298891,1.2805155098616618,-0.0004589786302498372,1.2809744884919116,0.0
58,1.16,idle,kick,399,14.393583744362,-0.2794748411411127,0.10973345824050078,1.2188439955314803,0.15617248941952236,0.751222512368699,1.2805273455057922,-0.00045878981043877623,1.2809861353162308,0.0
59,1.18,idle,kick,399,14.440249137320828,-0.2805471968369119,0.10973345824050078,1.218793634214135,0.15611110427141042,0.7512304992532367,1.2805387647217445,-0.0004586213434962898,1.2809973860652408,0.0
60,1.2,idle,kick,399,14.486914530279657,-0.28161955253271115,0.10973345824050078,1.2187414522748572,0.15604247668582244,0.7512385053915404,1.280550262341492,-0.0004584596200618886,1.2810087219615538,0.0
61,1.22,idle,kick,399,14.533579923238486,-0.28269190822851037,0.10973345824050078,1.218687655937995,0.15596775553519737,0.7512466557298335,1.2805620323291858,-0.00045834501532972943,1.2810203773445155,0.0
62,1.24,idle,kick,399,14.580245316197315,-0.2837642639243096,0.10973345824050078,1.2186324693699893,0.15588788345887386,0.7512549277652814,1.2805740524063205,-0.00045882208982209183,1.2810328744961426,0.0
63,1.26,idle,kick,399,14.626910709156144,-0.2848366196201088,0.10973345824050078,1.2185759709704311,0.15580367496593361,0.7512632885567682,1.280586276405359,-0.00045928725035568677,1.2810455636557148,0.0
64,1.28,idle,kick,399,14.673576102114973,-0.28590897531590803,0.10973345824050078,1.2185181539724899,0.15571588255050212,0.7512715264793282,1.2805984413739215,-0.0004597556844214874,1.281058197058343,0.0
65,1.3,idle,kick,399,14.720241495073802,-0.28698133101170725,0.10973345824050078,1.218458575654229,0.15562511194856257,0.7512793459901992,1.2806101021362328,-0.0004602330138439095,1.2810703351500767,0.0
66,1.32,idle,kick,399,14.766906888032631,-0.2880536867075065,0.10973345824050078,1.218396991224927,0.1555320268482146,0.7512866805737511,1.2806210764688397,-0.00046070964539417225,1.2810817861142338,0.0
67,1.34,idle,kick,399,14.81357228099146,-0.2891260424033057,0.10973345824050078,1.2183335168916043,0.15543737551434694,0.7512935560964298,1.2806313356874235,-0.00046117775469717986,1.2810925134421207,0.0
68,1.36,idle,kick,399,14.860237673950289,-0.2901983980991049,0.10973345824050078,1.2182685062455698,0.15534192919990714,0.7513000031035246,1.2806408891169214,-0.00046163417474261517,1.281102523291664,0.0
69,1.38,idle,kick,399,14.906903066909118,-0.29127075379490414,0.10973345824050078,1.2182024744548623,0.1552464579892584,0.7513060374553734,1.2806497501900045,-0.0004620780502792819,1.2811118282402838,0.0
70,1.4,idle,kick,399,14.953568459867947,-0.29234310949070336,0.10973345824050078,1.218136029133225,0.15515171850612955,0.7513116680810498,1.280657936876859,-0.0004625083153984161,1.2811204451922573,0.0
71,1.42,idle,kick,399,15.000233852826776,-0.2934154651865026,0.10973345824050078,1.2180697977784445,0.1550584288241834,0.7513169247329056,1.2806654986181198,-0.0004629226166873411,1.281128421234807,0.0
72,1.44,idle,kick,399,15.046899245785605,-0.2944878208823018,0.10973345824050078,1.218004373916593,0.1549672484155176,0.7513218419880681,1.2806724959618578,-0.00046332003482222814,1.2811358159966801,0.0
73,1.46,idle,kick,399,15.093564638744434,-0.295560176578101,0.10973345824050078,1.2179402940039254,0.15487876968722117,0.7513264460660576,1.2806789808963892,-0.00046369994025931977,1.2811426808366486,0.0
74,1.48,idle,kick,399,15.140230031703263,-0.29663253227390024,0.10973345824050078,1.217878023142402,0.15479351370858585,0.7513307654632301,1.280685005845273,-0.00046406191957625714,1.2811490677648492,0.0
75,1.5,idle,kick,399,15.186895424662092,-0.29770488796969946,0.10973345824050078,1.2178179425931566,0.1547119217080652,0.7513348296962523,1.2806906208465867,-0.0004644060764641307,1.2811550269230507,0.0
76,1.52,idle,kick,399,15.233560817620921,-0.2987772436654987,0.10973345824050078,1.2177603482890849,0.15463435939605852,0.7513386677807562,1.2806958715707064,-0.0004649475720275367,1.281160819142734,0.0
77,1.54,idle,kick,399,15.28022621057975,-0.2998495993612979,0.10973345824050078,1.2177054956919848,0.15456109980460309,0.7513422899651324,1.2807007724607635,-0.0004657024536043747,1.2811664749143679,0.0
78,1.56,idle,kick,399,15.326891603538579,-0.3009219550570971,0.10973345824050078,1.2176535973367832,0.15449231348319667,0.7513456782661198,1.2807052834650656,-0.00046644078329872996,1.2811717242483645,0.0
79,1.58,idle,kick,399,15.373556996497408,-0.30199431075289634,0.10973345824050078,1.2176046623410264,0.1544281404831169,0.7513488756433668,1.2807094336932454,-0.0004671581089639165,1.2811765918022093,0.0
80,1.6,idle,kick,399,15.420222389456237,-0.30306666644869557,0.10973345824050078,1.2175586113923602,0.15436870915601056,0.751351964688629,1.2807133198377396,-0.00046785020279367304,1.2811811700405333,0.0
81,1.62,idle,kick,399,15.466887782415066,-0.3041390221444948,0.10973345824050078,1.2175153852496434,0.15431410445183724,0.7513550228584543,1.2807170420722167,-0.0004685178859025474,1.2811855599581192,0.0
82,1.64,idle,kick,399,15.513553175373895,-0.305211377840294,0.10973345824050078,1.2174749569873,0.15426435610097117,0.7513581116699625,1.2807206821559955,-0.0004691645023854503,1.281189846658381,0.0
83,1.66,idle,kick,399,15.560218568332724,-0.30628373353609323,0.10973345824050078,1.2174373252367345,0.15421944966994167,0.7513612772522196,1.280724303246402,-0.0004697929192774668,1.2811940961656794,0.0
84,1.68,idle,kick,399,15.606883961291553,-0.30735608923189245,0.10973345824050078,1.217402504919439,0.15417933456628644,0.7513645500787391,1.2807279502514077,-0.0004704055398733649,1.2811983557912812,0.0
85,1.7,idle,kick,399,15.653549354250382,-0.30842844492769167,0.10973345824050078,1.217370600672876,0.15414389783140622,0.75136790252541,1.280731591723609,-0.00047100911055709613,1.2812026008341661,0.0
86,1.72,idle,kick,399,15.70021474720921,-0.3095008006234909,0.10973345824050078,1.217341658229414,0.154112993954536,0.7513713097113546,1.2807351827907518,-0.00047160419620840416,1.2812067869869603,0.0
87,1.74,idle,kick,399,15.74688014016804,-0.3105731563192901,0.10973345824050078,1.2173156493389292,0.15408649394587534,0.7513747796489634,1.2807387267632864,-0.0004721885608561169,1.2812109153241424,0.0
88,1.76,idle,kick,399,15.793545533126869,-0.31164551201508933,0.10973345824050078,1.217292531427913,0.15406426787889976,0.7513783352440888,1.2807422508360649,-0.00047276187490129934,1.281215012710966,0.0
89,1.78,idle,kick,399,15.840210926085698,-0.31271786771088855,0.10973345824050078,1.217272258439902,0.15404620806503194,0.7513820161950417,1.2807458109322571,-0.00047332835661395914,1.2812191392888712,0.0
90,1.8,idle,kick,399,15.886876319044527,-0.3137902234066878,0.10973345824050078,1.2172547636660431,0.154032189224477,0.7513858489564413,1.280749448372921,-0.000473887021654653,1.2812233353945757,0.0
91,1.82,idle,kick,399,15.933541712003356,-0.314862579102487,0.10973345824050078,1.2172399736951924,0.15402204926550989,0.7513898391421203,1.2807531740537468,-0.00047443803234095347,1.2812276120860877,0.0
92,1.84,idle,kick,399,15.980207104962185,-0.3159349347982862,0.10973345824050078,1.217227811866656,0.15401559439843254,0.7513939803264393,1.2807569796241567,-0.00047498190498468373,1.2812319615291414,0.0
93,1.86,idle,kick,399,16.026872497921016,-0.31700729049408544,0.10973345824050078,1.2172182056206415,0.15401261623185558,0.7513982675004822,1.2807608574381146,-0.000475518555179813,1.2812363759932945,0.0
94,1.88,idle,kick,399,16.073537890879845,-0.31807964618988466,0.10973345824050078,1.2172110846885809,0.15401290321219077,0.7514027025512957,1.2807648109345633,-0.00047604899819960605,1.281240859932763,0.0
95,1.9,idle,kick,399,16.120203283838674,-0.3191520018856839,0.10973345824050078,1.2172063738550956,0.1540162393010817,0.751407289769659,1.280768848856091,-0.00047658442741803364,1.281245433283509,0.0
96,1.92,idle,kick,399,16.166868676797503,-0.3202243575814831,0.10973345824050078,1.2172039940333532,0.15402241387492566,0.7514120423772017,1.2807729920555526,-0.00047712786780577596,1.2812501199233584,0.0
97,1.94,idle,kick,399,16.21353406975633,-0.3212967132772823,0.10973345824050078,1.2172038809434795,0.15403130564508768,0.7514170420347356,1.280777353416533,-0.0004776674588768577,1.2812550208754099,0.0
98,1.96,idle,kick,399,16.26019946271516,-0.32236906897308154,0.10973345824050078,1.2172059660116161,0.1540428049289196,0.7514223610139267,1.280782036518947,-0.0004782020055985395,1.2812602385245455,0.0
99,1.98,idle,kick,399,16.30686485567399,-0.32344142466888076,0.10973345824050078,1.217210152445597,0.15405675303707103,0.7514280183766908,1.2807870739935856,-0.00047873583974335915,1.281265809833329,0.0
100,2.0,idle,locomotion,1,16.35353024863282,-0.32451378036468,0.10973345824050078,1.2172163197572592,0.1540729577051047,0.7514339924104612,1.280792444533596,-0.00047927265700428365,1.2812717171906003,0.0
101,2.02,idle,locomotion,1,16.400195641591647,-0.3255861360604792,0.10973345824050078,1.2169373414742408,0.15414561441211808,0.7512205973972884,1.2806138983825641,-0.000526589473871051,1.2811404878564352,0.0
102,2.04,idle,locomotion,1,16.446861034550476,-0.3266584917562784,0.10973345824050078,1.2164789557070013,0.15434408843785502,0.7506765827104448,1.2801623957912835,-0.0006588052525942911,1.2808212010438778,0.0
103,2.06,idle,locomotion,1,16.493526427509305,-0.32773084745207764,0.10973345824050078,1.2160946935493893,0.1545416730972286,0.7500092318791091,1.2796407610011795,-0.0007415023355768283,1.2803822633367563,0.0
104,2.08,idle,locomotion,1,16.540191820468134,-0.32880320314787687,0.10973345824050078,1.2158717090440712,0.1544971131512228,0.7493863550279328,1.2791783118744275,-0.0008258753363476236,1.2800041872107752,0.0
105,2.1,idle,locomotion,1,16.586857213426963,-0.3298755588436761,0.10973345824050078,1.2158204490186282,0.15408080315127942,0.7489379627761968,1.2788749383087283,-0.0008845335480629456,1.2797594718567913,0.0
106,2.12,idle,locomotion,1,16.633522606385792,-0.3309479145394753,0.10973345824050078,1.2159851211251511,0.15329863465689417,0.7488235665709493,1.278878533242053,-0.0009094735566163477,1.2797880067986693,0.0
107,2.14,idle,locomotion,1,16.68018799934462,-0.33202027023527453,0.10973345824050078,1.2163732462911243,0.1521791077561405,0.7492984738491592,1.2794273180512319,-0.000884330598981211,1.280311648650213,0.0
108,2.16,idle,locomotion,1,16.72685339230345,-0.33309262593107375,0.10973345824050078,1.2169047562636297,0.1508472042903908,0.7506787030919583,1.280841455972268,-0.000780524328729805,1.2816219803009978,0.0
109,2.18,idle,locomotion,1,16.77351878526228,-0.33416498162687297,0.10973345824050078,1.2175719421457807,0.1494369995716645,0.7529358417106072,1.2831319138165496,-0.000716039161746583,1.2838479529782962,0.0
110,2.2,idle,locomotion,1,16.82018417822111,-0.3352373373226722,0.10973345824050078,1.2183301705926595,0.14799581234028666,0.755632570503632,1.2858848247957333,-0.0007063995792606428,1.286591224374994,0.0
111,2.22,idle,locomotion,1,16.866849571179937,-0.3363096930184714,0.10973345824050078,1.2190805728608178,0.14651552469349793,0.7582470626207628,1.2885793867574014,-0.0007337207948640775,1.2893131075522655,0.0
112,2.24,idle,locomotion,1,16.913514964138766,-0.33738204871427063,0.10973345824050078,1.2197379902015129,0.14495875854014337,0.7603895686429986,1.2908158360160773,-0.0007610981315816813,1.291576934147659,0.0
113,2.26,idle,locomotion,1,16.960180357097595,-0.33845440441006985,0.10973345824050078,1.2202311586798105,0.14331599419201935,0.7619013224932168,1.2924297012097348,-0.0007738962845629874,1.2932035974942977,0.0
114,2.28,idle,locomotion,1,17.006845750056424,-0.3395267601058691,0.10973345824050078,1.2205092469946395,0.14160620603066326,0.7627714502176953,1.2934045840664734,-0.0007582825992236072,1.294162866665697,0.0
115,2.3,idle,locomotion,1,17.053511143015253,-0.3405991158016683,0.10973345824050078,1.220600142487631,0.13984284474421793,0.7630412693485118,1.2937800846814094,-0.0007378296098174662,1.2945179142912269,0.0
116,2.32,idle,locomotion,1,17.100176535974082,-0.3416714714974675,0.10973345824050078,1.220531210128934,0.13803055944116405,0.7628491779624847,1.2936843445595783,-0.0007053386899233613,1.2943896832495017,0.0
117,2.34,idle,locomotion,1,17.14684192893291,-0.34274382719326674,0.10973345824050078,1.2203313936115778,0.13617779954310272,0.76233532259368,1.2932553172231613,-0.0006810768135957837,1.2939363940367572,0.0
118,2.36,idle,locomotion,1,17.19350732189174,-0.34381618288906596,0.10973345824050078,1.2200046483848184,0.1342879361570672,0.7616267730009532,1.2926142128080902,-0.0006817372870389776,1.293295950095129,0.0
119,2.38,idle,locomotion,1,17.24017271485057,-0.3448885385848652,0.10973345824050078,1.219575009409614,0.1323764304046878,0.7608187322471885,1.2918572343820718,-0.0006989908805346765,1.2925562252626064,0.0
120,2.4,idle,locomotion,1,17.2868381078094,-0.3459608942806644,0.10973345824050078,1.2190736969594056,0.13044703479395847,0.7599561855745129,1.291029899116694,-0.0007204712954982893,1.2917503704121922,0.0
121,2.42,idle,locomotion,1,17.333503500768227,-0.3470332499764636,0.10973345824050078,1.2185065107436122,0.12850733950965326,0.7590876884470477,1.290180355678967,-0.0007412454384994986,1.2909216011174665,0.0
122,2.44,idle,locomotion,1,17.380168893727056,-0.34810560567226284,0.10973345824050078,1.2178735960704814,0.12656658295164935,0.7582463779618486,1.2893420988680815,-0.0007594333129947138,1.2901015321810763,0.0
123,2.46,idle,locomotion,1,17.426834286685885,-0.34917796136806206,0.10973345824050078,1.2171720904309522,0.12463845800172942,0.7574472750602801,1.2885314403915307,-0.0007752907623372503,1.289306731153868,0.0
124,2.48,idle,locomotion,1,17.473499679644714,-0.3502503170638613,0.10973345824050078,1.2164026751383743,0.1227349267462755,0.7566906894633366,1.2877507969054718,-0.0007873354917629326,1.2885381323972347,0.0
125,2.5,idle,locomotion,1,17.520165072603543,-0.3513226727596605,0.10973345824050078,1.2155657406167208,0.1208701073525372,0.7559670999495677,1.2869928993274398,-0.0007978769190907752,1.2877907762465306,0.0
126,2.52,idle,locomotion,1,17.566830465562372,-0.3523950284554597,0.10973345824050078,1.2146648600150822,0.11905581833143568,0.7552571705888149,1.2862412989256238,-0.0008097995379300581,1.287051098463554,0.0
127,2.54,idle,locomotion,1,17.6134958585212,-0.35346738415125895,0.10973345824050078,1.213705818514373,0.11729774044708928,0.7545289098353918,1.2854668955556272,-0.0008216908374132949,1.2862885863930404,0.0
128,2.56,idle,locomotion,1,17.66016125148003,-0.35453973984705817,0.10973345824050078,1.2126910739221048,0.11559927955124825,0.7537386188187307,1.2846285323434612,-0.0008321230298620856,1.2854606553733232,0.0
129,2.58,idle,locomotion,1,17.70682664443886,-0.3556120955428574,0.10973345824050078,1.2116191617168421,0.1139623012177189,0.7528269661990288,1.2836690054871926,-0.0008403832874897231,1.2845093887746823,0.0
130,2.6,idle,locomotion,1,17.753492037397688,-0.3566844512386566,0.10973345824050078,1.210480336843064,0.11238392711130538,0.751712087459505,1.2825072665130348,-0.0008583703864262632,1.283365636899461,0.0
131,2.62,idle,locomotion,1,17.800157430356517,-0.35775680693445583,0.10973345824050078,1.2092602667395014,0.11085928458990772,0.7502804866254442,1.2810298558609445,-0.0008724124446460521,1.2819022683055905,0.0
132,2.64,idle,locomotion,1,17.846822823315346,-0.35882916263025505,0.10973345824050078,1.2079334604030967,0.10938519788729519,0.74837466412275,1.2790777636180954,-0.000881808373740009,1.2799595719918355,0.0
133,2.66,idle,locomotion,1,17.893488216274175,-0.35990151832605427,0.10973345824050078,1.2064670848391972,0.10796020213477026,0.7458000700049625,1.2764530915325891,-0.0008852763148850668,1.2773383678474741,0.0
134,2.68,idle,locomotion,1,17.940153609233004,-0.3609738740218535,0.10973345824050078,1.2048427994401338,0.10657564404105953,0.7423909028309229,1.272983261590084,-0.0008798891366291854,1.2738631507267133,0.0
135,2.7,idle,locomotion,1,17.986819002191833,-0.3620462297176527,0.10973345824050078,1.2030757779441106,0.10523228838176468,0.7381414231333605,1.268652546892851,-0.0008637125352736787,1.2695162594281246,0.0
136,2.72,idle,locomotion,1,18.033484395150662,-0.36311858541345193,0.10973345824050078,1.2012227516923433,0.10395492121195764,0.7333042108456299,1.2637054858007004,-0.0008393425075167646,1.2645448283082172,0.0
137,2.74,idle,locomotion,1,18.08014978810949,-0.36419094110925115,0.10973345824050078,1.1993525807663714,0.10278106410081865,0.7283388100105193,1.2585969215192143,-0.0008062129524722544,1.2594031344716865,0.0
138,2.76,idle,locomotion,1,18.12681518106832,-0.3652632968050504,0.10973345824050078,1.1975368716995471,0.10177759002980873,0.7237192498022458,1.2538086663806125,-0.000789327734481645,1.2545979941150942,0.0
139,2.78,idle,locomotion,1,18.17348057402715,-0.3663356525008496,0.10973345824050078,1.195836019279734,0.10098176024064368,0.7198216485565905,1.2497288416225496,-0.000783045299350308,1.2505118869218999,0.0
140,2.8,idle,locomotion,1,18.220145966985978,-0.3674080081966488,0.10973345824050078,1.194291800338884,0.10040839792380778,0.7168848610097477,1.2466110524777232,-0.000778732002139338,1.2473897844798625,0.0
141,2.82,idle,locomotion,1,18.266811359944807,-0.36848036389244804,0.10973345824050078,1.1929339084154686,0.10004988117393857,0.7149986698927019,1.2445622368066305,-0.0007695062552673486,1.2453317430618978,0.0
142,2.84,idle,locomotion,1,18.313476752903636,-0.36955271958824726,0.10973345824050078,1.1917781524075557,0.09987852576672737,0.7141166200019936,1.2435527490673075,-0.0007579645974102149,1.2443107136647178,0.0
143,2.86,idle,locomotion,1,18.360142145862465,-0.3706250752840465,0.10973345824050078,1.1908410074463054,0.09988116446803887,0.714055148088491,1.2434220973387222,-0.0007442565060965488,1.2441663538448187,0.0
144,2.88,idle,locomotion,1,18.406807538821294,-0.3716974309798457,0.10973345824050078,1.1900881015091613,0.100007316798626,0.7146066263488617,1.2439566968501157,-0.0007265878072535911,1.2446832846573692,0.0
145,2.9,idle,locomotion,1,18.453472931780123,-0.3727697866756449,0.10973345824050078,1.1894749137399572,0.10020702301872327,0.7155647536316134,1.2449379918320527,-0.0007066253172275001,1.24564461714928,0.0
146,2.92,idle,locomotion,1,18.500138324738952,-0.37384214237144414,0.10973345824050078,1.188965240673381,0.100475880305336,0.7167286566708861,1.246159491700172,-0.000686142873180591,1.2468456345733525,0.0
147,2.94,idle,locomotion,1,18.54680371769778,-0.37491449806724336,0.10973345824050078,1.1885454864042895,0.10081976125793825,0.7179315008135146,1.2474522370234629,-0.0006662002568068905,1.2481184372802698,0.0
148,2.96,idle,locomotion,1,18.59346911065661,-0.3759868537630426,0.10973345824050078,1.1881890970077273,0.10122306605518354,0.7190517170228098,1.24868374426851,-0.0006470447813921344,1.2493307890499021,0.0
149,2.98,idle,locomotion,1,18.64013450361544,-0.3770592094588418,0.10973345824050078,1.1878601514335398,0.10166930500123798,0.7200081052413372,1.249759283514303,-0.000628925704292866,1.2503882092185958,0.0
150,3.0,idle,locomotion,1,18.686799896574268,-0.378131565154641,0.10973345824050078,1.18753853932979,0.10215106826142095,0.7207587236860442,1.2506276691455458,-0.0006228389444624012,1.2512505080900083,0.0
151,3.02,idle,locomotion,1,18.733465289533097,-0.37920392085044025,0.10973345824050078,1.1872115632557134,0.10265789467375787,0.7212928712843458,1.2512705909731767,-0.0006188602120379728,1.2518894511852148,0.0
152,3.04,idle,locomotion,1,18.780130682491926,-0.38027627654623947,0.10973345824050078,1.1868663996183182,0.10318218401785287,0.7216240781153151,1.2516949219730884,-0.0006139588855453987,1.2523088808586338,0.0
153,3.06,idle,locomotion,1,18.826796075450755,-0.3813486322420387,0.10973345824050078,1.186495906195617,0.10371860010636866,0.7217858780191155,1.2519299277640548,-0.0006074787241496411,1.2525374064882044,0.0
154,3.08,idle,locomotion,1,18.873461468409584,-0.3824209879378379,0.10973345824050078,1.1860968905480815,0.1042607272275865,0.721836698661042,1.2520311447874748,-0.0005999718350743859,1.2526311166225492,0.0
155,3.1,idle,locomotion,1,18.920126861368413,-0.38349334363363713,0.10973345824050078,1.1856808839332762,0.10481514461387088,0.7218245198818894,1.252051055861729,-0.0005914686908960846,1.2526425245526251,0.0
156,3.12,idle,locomotion,1,18.966792254327242,-0.38456569932943635,0.10973345824050078,1.1852682489526332,0.10539409849657759,0.721785604345114,1.2520336081507772,-0.0005830921019270227,1.2526167002527042,0.0
157,3.14,idle,locomotion,1,19.01345764728607,-0.38563805502523557,0.10973345824050078,1.1848689625999953,0.10599941043679356,0.7217473944957112,1.2520097166361126,-0.0005751551302525977,1.2525848717663652,0.0
158,3.16,idle,locomotion,1,19.0601230402449,-0.3867104107210348,0.10973345824050078,1.184488059525297,0.1066305727625773,0.7217276196714526,1.2519991219992306,-0.0005693811881790634,1.2525685031874096,0.0
159,3.18,idle,locomotion,1,19.10678843320373,-0.387782766416834,0.10973345824050078,1.1841285589039265,0.10728477396833949,0.7217370002881849,1.2520141973262122,-0.0005658874037560262,1.2525800847299682,0.0
160,3.2,idle,locomotion,1,19.153453826162558,-0.38885512211263323,0.10973345824050078,1.1837920765333623,0.1079577625521602,0.7217768752995937,1.2520575248690713,-0.0005622481095741046,1.2526197729786455,0.0
161,3.22,idle,locomotion,1,19.200119219121387,-0.38992747780843245,0.10973345824050078,1.1834771942725553,0.10864426218060509,0.7218400734382961,1.252122201689472,-0.0005572431323360508,1.252679444821808,0.0
162,3.24,idle,locomotion,1,19.246784612080216,-0.3909998335042317,0.10973345824050078,1.1831818943832586,0.10933991047074716,0.7219161090331444,1.2521977430782851,-0.0005516084813832062,1.2527493515596684,0.0
163,3.26,idle,locomotion,1,19.293450005039045,-0.3920721892000309,0.10973345824050078,1.1829062220745197,0.11003959766609553,0.7219976911005863,1.2522771504927332,-0.0005458452049149978,1.2528229956976482,0.0
164,3.28,idle,locomotion,1,19.340115397997874,-0.3931445448958301,0.10973345824050078,1.1826500660097101,0.11073821491681059,0.7220824739598807,1.2523581726349993,-0.0005436426693105796,1.2529018153043099,0.0
165,3.3,idle,locomotion,1,19.386780790956703,-0.39421690059162934,0.10973345824050078,1.1824134832071522,0.11143141131440693,0.7221687015054157,1.2524392661108943,-0.0005410578560210363,1.2529803239669153,0.0
166,3.32,idle,locomotion,1,19.43344618391553,-0.39528925628742856,0.10973345824050078,1.1821961039828228,0.11211665918095905,0.7222550517517559,1.252519421936145,-0.0005375802882248495,1.2530570022243699,0.0
167,3.34,idle,locomotion,1,19.48011157687436,-0.3963616119832278,0.10973345824050078,1.181997689020687,0.11279229005849767,0.7223402603179115,1.252597844062902,-0.0005338488925360346,1.253131692955438,0.0
168,3.36,idle,locomotion,1,19.52677696983319,-0.397433967679027,0.10973345824050078,1.1818177155379141,0.11345617353014752,0.7224233167096455,1.2526738139832958,-0.0005310032007205291,1.2532048171840164,0.0
169,3.38,idle,locomotion,1,19.57344236279202,-0.3985063233748262,0.10973345824050078,1.1816556377968919,0.11410606391631002,0.7225031198025466,1.2527464365896173,-0.0005289702048113937,1.2532754067944287,0.0
170,3.4,idle,locomotion,1,19.620107755750848,-0.39957867907062544,0.10973345824050078,1.1815115416170807,0.11473935067669701,0.7225779716950185,1.2528141541933486,-0.000526363131273095,1.2533405173246217,0.0
171,3.42,idle,locomotion,1,19.666773148709677,-0.40065103476642466,0.10973345824050078,1.1813846008086832,0.11535416534676847,0.7226465104034746,1.2528756132484447,-0.0005236446245769355,1.2533992578730215,0.0
172,3.44,idle,locomotion,1,19.713438541668506,-0.4017233904622239,0.10973345824050078,1.1812742089249832,0.11594828443717507,0.7227081267007822,1.252930123989939,-0.0005210178016056069,1.2534511417915446,0.0
173,3.46,idle,locomotion,1,19.760103934627335,-0.4027957461580231,0.10973345824050078,1.18118003011094,0.11651945466083176,0.7227639974585415,1.2529787858038008,-0.0005185417409153369,1.253497327544716,0.0
174,3.48,idle,locomotion,1,19.806769327586164,-0.4038681018538223,0.10973345824050078,1.181101328848047,0.11706628775491786,0.7228151564918877,1.2530226059342506,-0.0005165230066357419,1.2535391289408864,0.0
175,3.5,idle,locomotion,1,19.853434720544993,-0.40494045754962155,0.10973345824050078,1.1810372837200018,0.11758766082397484,0.7228621882355462,1.2530621681390839,-0.0005156284384160471,1.2535777965775,0.0
176,3.52,idle,locomotion,1,19.90010011350382,-0.40601281324542077,0.10973345824050078,1.1809876003822464,0.11808227595638952,0.7229051184527446,1.2530975447307604,-0.0005144098971613699,1.2536119546279219,0.0
177,3.54,idle,locomotion,1,19.94676550646265,-0.40708516894122,0.10973345824050078,1.1809516639041906,0.11854924867042603,0.7229439785818486,1.2531288055962557,-0.0005161210527103374,1.253644926648966,0.0
178,3.56,idle,locomotion,1,19.99343089942148,-0.4081575246370192,0.10973345824050078,1.1809287743994168,0.11898788246684966,0.7229788105077141,1.253156032752091,-0.0005181382388686484,1.2536741709909596,0.0
179,3.58,idle,locomotion,1,20.04009629238031,-0.40922988033281843,0.10973345824050078,1.1809181867380372,0.11939762784635538,0.7230096785956516,1.2531793300096856,-0.0005199452751328201,1.2536992752848184,0.0
180,3.6,idle,locomotion,1,20.086761685339138,-0.41030223602861765,0.10973345824050078,1.1809191038775866,0.11977801334255911,0.7230367035323505,1.2531988517277883,-0.0005215484118064606,1.2537204001395947,0.0
181,3.62,idle,locomotion,1,20.133427078297967,-0.41137459172441687,0.10973345824050078,1.1809306266458688,0.12012862489448156,0.7230600301520079,1.2532147709551873,-0.0005229538626538056,1.2537377248178412,0.0
182,3.64,idle,locomotion,1,20.180092471256796,-0.4124469474202161,0.10973345824050078,1.1809518395907899,0.12044923716611579,0.7230798384589109,1.2532273023383018,-0.0005241683134577166,1.2537514706517596,0.0
183,3.66,idle,locomotion,1,20.226757864215624,-0.4135193031160153,0.10973345824050078,1.180981569351471,0.12073987106446453,0.7230957492457963,1.253236120536591,-0.0005252016654890557,1.25376132220208,0.0
184,3.68,idle,locomotion,1,20.273423257174453,-0.41459165881181453,0.10973345824050078,1.1810190051394278,0.12100069248279266,0.7231072607537437,1.253240770032945,-0.0005260717165085187,1.2537668417494536,0.0
185,3.7,idle,locomotion,1,20.320088650133282,-0.41566401450761375,0.10973345824050078,1.181063304589406,0.12123244391812853,0.7231149946622119,1.253241881914965,-0.0005267908987413202,1.2537686728137065,0.0
186,3.72,idle,locomotion,1,20.36675404309211,-0.416736370203413,0.10973345824050078,1.18111363055701,0.12143645796711018,0.723120899581385,1.2532414850261724,-0.0005271645645565752,1.253768649590729,0.0
187,3.74,idle,locomotion,1,20.41341943605094,-0.4178087258992122,0.10973345824050078,1.181169312029253,0.12161375888916305,0.7231261129011631,1.2532407738497917,-0.000527179473947488,1.2537679533237391,0.0
188,3.76,idle,locomotion,1,20.46008482900977,-0.4188810815950114,0.10973345824050078,1.1812300977979053,0.12176480790080892,0.7231306452232901,1.253239754023364,-0.0005269545327586701,1.2537667085561226,0.0
189,3.78,idle,locomotion,1,20.5067502219686,-0.41995343729081064,0.10973345824050078,1.181295497146433,0.12189096343866127,0.7231341067708145,1.2532380622708974,-0.0005266169419934109,1.253764679212891,0.0
190,3.8,idle,locomotion,1,20.553415614927427,-0.42102579298660986,0.10973345824050078,1.1813650180239148,0.12199378051610964,0.7231364654120581,1.2532357174143935,-0.0005261910393292539,1.2537619084537228,0.0
191,3.82,idle,locomotion,1,20.600081007886256,-0.4220981486824091,0.10973345824050078,1.181438237777326,0.12207462723387302,0.7231377842547386,1.2532328351803987,-0.00052566980799287,1.2537585049883917,0.0
192,3.84,idle,locomotion,1,20.646746400845085,-0.4231705043782083,0.10973345824050078,1.181514521579207,0.12213490734683137,0.7231379465813818,1.25322932185355,-0.0005250711205481637,1.2537543929740982,0.0
193,3.86,idle,locomotion,1,20.693411793803914,-0.4242428600740075,0.10973345824050078,1.1815931317343793,0.12217605746651197,0.7231365705219831,1.2532248074079264,-0.000524421378681611,1.253749228786608,0.0
194,3.88,idle,locomotion,1,20.740077186762743,-0.42531521576980674,0.10973345824050078,1.1816733226181815,0.12219953207490065,0.7231334054357781,1.2532190458722903,-0.0005237376019745672,1.253742783474265,0.0
195,3.9,idle,locomotion,1,20.786742579721572,-0.42638757146560596,0.10973345824050078,1.181754395827951,0.12220672625208923,0.7231283289000593,1.2532119026947106,-0.000523039271165468,1.253734941965876,0.0
196,3.92,idle,locomotion,1,20.8334079726804,-0.4274599271614052,0.10973345824050078,1.181835766284023,0.12219885997960289,0.7231214111540126,1.2532034126195932,-0.0005223336750764876,1.2537257462946698,0.0
197,3.94,idle,locomotion,1,20.88007336563923,-0.4285322828572044,0.10973345824050078,1.1819169127435774,0.12217708011096345,0.723112821400967,1.253193695956668,-0.0005216223812095112,1.2537153183378775,0.0
198,3.96,idle,locomotion,1,20.92673875859806,-0.4296046385530036,0.10973345824050078,1.1819973743437553,0.12214249284567187,0.7231027487999795,1.2531828865051813,-0.0005209078083856684,1.253703794313567,0.0
199,3.98,idle,locomotion,1,20.97340415155689,-0.43067699424880285,0.10973345824050078,1.1820766712844344,0.1220962656235068,0.7230913943022561,1.2531711211488208,-0.0005201954229324748,1.2536913165717534,0.0
200,4.0,idle,locomotion,1,21.020069544515717,-0.43174934994460207,0.10973345824050078,1.1821543944521644,0.12203951990975022,0.7230790084552052,1.253158593605508,-0.0005194878298750878,1.2536780814353832,0.0
201,4.02,idle,locomotion,1,21.066734937474546,-0.4328217056404013,0.10973345824050078,1.1822301851088417,0.12197336072261447,0.723065804914032,1.2531454665226238,-0.0005187905555056709,1.2536642570781296,0.0
202,4.04,idle,locomotion,1,21.113400330433375,-0.4338940613362005,0.10973345824050078,1.1823037420407896,0.12189885591316327,0.7230519978354666,1.2531319101174883,-0.0005181080183523645,1.2536500181358405,0.0
203,4.06,idle,locomotion,1,21.160065723392204,-0.43496641703199973,0.10973345824050078,1.182374828799431,0.12181702995035941,0.72303774672046,1.2531180467016294,-0.0005181816009169893,1.2536362283025464,0.0
204,4.08,idle,locomotion,1,21.206731116351033,-0.43603877272779895,0.10973345824050078,1.1824432297529184,0.12172889500773205,0.7230231817128686,1.2531039705266087,-0.0005191747350335903,1.2536231452616422,0.0
205,4.1,idle,locomotion,1,21.253396509309862,-0.43711112842359817,0.10973345824050078,1.1825087612063274,0.1216354295186042,0.7230084295902519,1.2530897747537102,-0.0005201929586779765,1.2536099677123882,0.0
206,4.12,idle,locomotion,1,21.30006190226869,-0.4381834841193974,0.10973345824050078,1.1825712730266655,0.12153756905774303,0.7229936146183042,1.2530755531826925,-0.0005212095084462069,1.2535967626911386,0.0
207,4.14,idle,locomotion,1,21.34672729522752,-0.4392558398151966,0.10973345824050078,1.1826306418892907,0.1214362026173208,0.7229788465270115,1.2530613877640606,-0.0005222116326064896,1.253583599396667,0.0
208,4.16,idle,locomotion,1,21.39339268818635,-0.44032819551099583,0.10973345824050078,1.1826867717414762,0.1213321700147711,0.7229642287117554,1.253047356234881,-0.0005231932437201152,1.2535705494786011,0.0
209,4.18,idle,locomotion,1,21.440058081145178,-0.44140055120679506,0.10973345824050078,1.1827396153756926,0.12122628200106635,0.7229498680635462,1.2530335539797919,-0.000524146582708284,1.2535577005625003,0.0
210,4.2,idle,locomotion,1,21.486723474104007,-0.4424729069025943,0.10973345824050078,1.1827891711855723,0.12111930546776453,0.722935851768614,1.2530200743642734,-0.0005250683326484887,1.253545142696922,0.0
211,4.22,idle,locomotion,1,21.533388867062836,-0.4435452625983935,0.10973345824050078,1.1828354007950121,0.12101184191220402,0.7229222541066541,1.2530069611035644,-0.0005259609588627902,1.2535329220624272,0.0
212,4.24,idle,locomotion,1,21.580054260021665,-0.4446176182941927,0.10973345824050078,1.1828781742901429,0.12090432641750712,0.7229091346989621,1.2529941815727268,-0.0005268267935319808,1.2535210083662587,0.0
213,4.26,idle,locomotion,1,21.626719652980494,-0.44568997398999194,0.10973345824050078,1.182917397060524,0.12079721742177682,0.7228965496663264,1.252981720221459,-0.0005276658059333687,1.2535093860273925,0.0
214,4.28,idle,locomotion,1,21.673385045939323,-0.44676232968579116,0.10973345824050078,1.182953045005989,0.12069103581860086,0.7228845387194399,1.2529695901715658,-0.0005284753717691715,1.253498065543335,0.0
215,4.3,idle,locomotion,1,21.720050438898152,-0.4478346853815904,0.10973345824050078,1.1829851604364654,0.12058631960699036,0.7228731267541538,1.2529578267059889,-0.0005292531403891798,1.253487079846378,0.0
216,4.32,idle,locomotion,1,21.76671583185698,-0.4489070410773896,0.10973345824050078,1.1830138508760752,0.12048357303835652,0.7228623190058999,1.2529464700257,-0.0005299982823878044,1.253476468308088,0.0
217,4.34,idle,locomotion,1,21.81338122481581,-0.4499793967731888,0.10973345824050078,1.1830392780552208,0.12038323381849861,0.722852103893292,1.2529355563823112,-0.0005307114379789479,1.2534662678202901,0.0
218,4.36,idle,locomotion,1,21.86004661777464,-0.45105175246898804,0.10973345824050078,1.1830616303407575,0.12028567509185975,0.7228424659127464,1.252925122241905,-0.0005313938383760611,1.253456516080281,0.0
219,4.38,idle,locomotion,1,21.906712010733468,-0.45212410816478726,0.10973345824050078,1.1830811007723265,0.12019120907447912,0.7228333913391883,1.2529152029688087,-0.0005320468599072196,1.253447249828716,0.0
220,4.4,idle,locomotion,1,21.953377403692297,-0.4531964638605865,0.10973345824050078,1.1830978748716678,0.12010008748899423,0.7228248718906091,1.25290583157518,-0.0005326783020994826,1.2534385098772796,0.0
221,4.42,idle,locomotion,1,22.000042796651126,-0.4542688195563857,0.10973345824050078,1.183112126216337,0.12001250478331606,0.7228169063986052,1.2528970383429354,-0.000533299091890295,1.2534303374348257,0.0
222,4.44,idle,locomotion,1,22.046708189609955,-0.4553411752521849,0.10973345824050078,1.1831239656867811,0.11992865756871661,0.7228093816223533,1.2528887366175636,-0.0005337684730242626,1.2534225050905878,0.0
223,4.46,idle,locomotion,1,22.093373582568784,-0.45641353094798415,0.10973345824050078,1.1831334005013516,0.11984871847620218,0.7228022338693663,1.2528808540766407,-0.0005340973685333678,1.253414951445174,0.0
224,4.48,idle,locomotion,1,22.140038975527613,-0.45748588664378337,0.10973345824050078,1.1831404844910678,0.11977271453370114,0.7227953879371161,1.2528733131123924,-0.0005343803218142325,1.2534076934342067,0.0
225,4.5,idle,locomotion,1,22.186704368486442,-0.4585582423395826,0.10973345824050078,1.1831452521131833,0.11970064376001183,0.7227887787756369,1.252866029880249,-0.0005346387446592028,1.2534006686249082,0.0
226,4.52,idle,locomotion,1,22.23336976144527,-0.4596305980353818,0.10973345824050078,1.1831477388309881,0.11963249859474692,0.7227824028577747,1.2528589861535284,-0.0005348853798967622,1.2533938715334252,0.0
227,4.54,idle,locomotion,1,22.2800351544041,-0.46070295373118103,0.10973345824050078,1.1831479863074046,0.11956825702498865,0.7227762627523495,1.2528521680570404,-0.0005351183199483259,1.2533872863769886,0.0
228,4.56,idle,locomotion,1,22.32670054736293,-0.46177530942698025,0.10973345824050078,1.1831460542554306,0.11950787387165415,0.7227703612823468,1.2528455707357806,-0.0005353401413709172,1.2533809108771516,0.0
229,4.58,idle,locomotion,1,22.373365940321758,-0.4628476651227795,0.10973345824050078,1.1831420333789624,0.11945127116725358,0.7227647153099701,1.2528392012433516,-0.0005355690367183641,1.25337477028007,0.0
230,4.6,idle,locomotion,1,22.420031333280587,-0.4639200208185787,0.10973345824050078,1.1831360411640681,0.1193983374362202,0.722759358143393,1.2528330852274818,-0.0005358559098332903,1.253368941137315,0.0
231,4.62,idle,locomotion,1,22.466696726239416,-0.4649923765143779,0.10973345824050078,1.183128218233307,0.11934893858571904,0.7227542934750409,1.2528272267285003,-0.0005362308363708115,1.253363457564871,0.0
232,4.64,idle,locomotion,1,22.513362119198245,-0.46606473221017714,0.10973345824050078,1.1831186868525585,0.11930296279099058,0.7227494994147534,1.2528216038599205,-0.0005366549611007139,1.2533582588210213,0.0
233,4.66,idle,locomotion,1,22.560027512157074,-0.46713708790597636,0.10973345824050078,1.1831075628307035,0.11926030551381776,0.7227449651632984,1.252816207124805,-0.0005370955139056381,1.2533533026387107,0.0
234,4.68,idle,locomotion,1,22.606692905115903,-0.4682094436017756,0.10973345824050078,1.1830949576773078,0.11922086204877627,0.7227406864243952,1.2528110345349632,-0.0005375339333205283,1.2533485684682837,0.0
235,4.7,idle,locomotion,1,22.653358298074732,-0.4692817992975748,0.10973345824050078,1.1830809477817186,0.11918450126479672,0.7227366561754147,1.2528060663252927,-0.0005379615683141457,1.2533440278936068,0.0
236,4.72,idle,locomotion,1,22.70002369103356,-0.470354154993374,0.10973345824050078,1.1830656056081732,0.11915108794700162,0.7227328693008213,1.2528012817852399,-0.0005383795926046375,1.2533396613778445,0.0
237,4.74,idle,locomotion,1,22.74668908399239,-0.47142651068917324,0.10973345824050078,1.183049047711147,0.11912047574493753,0.7227292824107415,1.2527966355370772,-0.0005386803089684582,1.2533353158460456,0.0
238,4.76,idle,locomotion,1,22.79335447695122,-0.47249886638497246,0.10973345824050078,1.183031341725661,0.11909257095853773,0.7227258969107039,1.2527921222029081,-0.0005388749762324611,1.2533309971791406,0.0
239,4.78,idle,locomotion,1,22.840019869910048,-0.4735712220807717,0.10973345824050078,1.1830125755692118,0.11906724843517437,0.7227227285413921,1.2527877625214876,-0.0005390332283775195,1.253326795749865,0.0
240,4.8,idle,locomotion,1,22.886685262868877,-0.4746435777765709,0.10973345824050078,1.182992818846156,0.119044403183414,0.7227197847927803,1.2527835611123213,-0.0005391812078470067,1.2533227423201683,0.0
241,4.82,idle,locomotion,1,22.933350655827706,-0.4757159334723701,0.10973345824050078,1.1829721424975856,0.11902392692780071,0.7227170616907483,1.252779516571207,-0.0005393247583657251,1.2533188413295728,0.0
242,4.84,idle,locomotion,1,22.980016048786535,-0.47678828916816934,0.10973345824050078,1.1829506111946009,0.11900571710383312,0.7227145530218425,1.2527756246561335,-0.0005394645435324759,1.2533150891996658,0.0
243,4.86,idle,locomotion,1,23.026681441745364,-0.47786064486396856,0.10973345824050078,1.1829282865757043,0.11898967296260736,0.7227122520536728,1.2527718792875249,-0.0005395926388733555,1.2533114719263982,0.0
244,4.88,idle,locomotion,1,23.073346834704193,-0.4789330005597678,0.10973345824050078,1.1829052289842144,0.11897569783846002,0.7227101517296631,1.2527682808293026,-0.0005397239554370305,1.2533080047847396,0.0
245,4.9,idle,locomotion,1,23.12001222766302,-0.480005356255567,0.10973345824050078,1.1828814897115008,0.11896369588958487,0.7227082468040849,1.2527648217455232,-0.0005398541180441016,1.2533046758635673,0.0
246,4.92,idle,locomotion,1,23.16667762062185,-0.4810777119513662,0.10973345824050078,1.1828571146059843,0.11895357393432333,0.7227065279252586,1.2527614935903726,-0.0005399706077413267,1.253301464198114,0.0
247,4.94,idle,locomotion,1,23.21334301358068,-0.48215006764716545,0.10973345824050078,1.1828321473560652,0.1189452467047867,0.7227049942738047,1.2527583027780538,-0.0005401029086584963,1.2532984056867122,0.0
248,4.96,idle,locomotion,1,23.26000840653951,-0.48322242334296467,0.10973345824050078,1.182806627521675,0.11893862872001679,0.7227036403293556,1.2527552404388462,-0.0005402409275118078,1.253295481366358,0.0
249,4.98,idle,locomotion,1,23.306673799498338,-0.4842947790387639,0.10973345824050078,1.1827806014388016,0.11893362880954958,0.7227024456577912,1.2527522914889402,-0.0005403512580672912,1.2532926427470075,0.0
250,5.0,idle,locomotion,1,23.353339192457167,-0.4853671347345631,0.10973345824050078,1.1827540816291264,0.11893018677610141,0.7227014457074404,1.2527494910363335,-0.0005405580653752018,1.2532900491017087,0.0
251,5.02,idle,locomotion,1,23.400004585415996,-0.48643949043036233,0.10973345824050078,1.1827271149780023,0.11892821330474103,0.7227006340160115,1.2527468373484933,-0.0005408675909352283,1.2532877049394286,0.0
252,5.04,idle,locomotion,1,23.446669978374825,-0.48751184612616155,0.10973345824050078,1.1826997388506504,0.1189276462464374,0.7226999899659511,1.2527443139284467,-0.0005412365753092417,1.253285550503756,0.0
253,5.06,idle,locomotion,1,23.493335371333654,-0.4885842018219608,0.10973345824050078,1.1826719807610533,0.11892844400746608,0.7226994985279512,1.2527419093513983,-0.0005416331113082852,1.2532835424627067,0.0
254,5.08,idle,locomotion,1,23.540000764292483,-0.48965655751776,0.10973345824050078,1.182643867651731,0.11893056597606955,0.7226991499856935,1.252739616767488,-0.000542038387726259,1.2532816551552142,0.0
255,5.1,idle,locomotion,1,23.58666615725131,-0.4907289132135592,0.10973345824050078,1.1826154275398064,0.1189339651882971,0.7226989369627735,1.252737430949102,-0.000542443157347642,1.2532798741064497,0.0
256,5.12,idle,locomotion,1,23.63333155021014,-0.49180126890935844,0.10973345824050078,1.1825866858034348,0.11893859069786639,0.7226988545978712,1.252735348204269,-0.0005428435050272191,1.253278191709296,0.0
257,5.14,idle,locomotion,1,23.67999694316897,-0.49287362460515766,0.10973345824050078,1.1825576670690239,0.1189443892744108,0.7226989018428663,1.252733368315875,-0.0005432379087031841,1.2532766062245781,0.0
258,5.16,idle,locomotion,1,23.7266623361278,-0.4939459803009569,0.10973345824050078,1.1825283974274254,0.11895130662142234,0.7226990777700366,1.2527314916512615,-0.0005436264124468321,1.2532751180637083,0.0
259,5.18,idle,locomotion,1,23.773327729086628,-0.4950183359967561,0.10973345824050078,1.1824989029524828,0.11895928731202866,0.7226993789185223,1.2527297162803506,-0.0005440095086599872,1.2532737257890105,0.0
260,5.2,idle,locomotion,1,23.819993122045457,-0.4960906916925553,0.10973345824050078,1.1824692067961697,0.11896827548268442,0.722699804120936,1.252728042106606,-0.000544387811243368,1.2532724299178495,0.0
261,5.22,idle,locomotion,1,23.866658515004286,-0.49716304738835454,0.10973345824050078,1.1824393309519539,0.11897821578647728,0.7227003505099693,1.252726467532184,-0.0005447619868063115,1.2532712295189905,0.0
262,5.24,idle,locomotion,1,23.913323907963115,-0.49823540308415376,0.10973345824050078,1.18240929683906,0.11898905396969825,0.7227010138975821,1.252724989661838,-0.0005451325916555581,1.2532701222534934,0.0
263,5.26,idle,locomotion,1,23.959989300921944,-0.499307758779953,0.10973345824050078,1.1823791305663893,0.11900073185793499,0.7227018151044798,1.2527236289344488,-0.0005455015321740135,1.2532691304666228,0.0
264,5.28,idle,locomotion,1,24.006654693880773,-0.5003801144757514,0.10973345824050078,1.1823488556501898,0.11901319543588915,0.7227027750856938,1.2527224053966006,-0.0005458696777078144,1.2532682750743085,0.0
265,5.3,idle,locomotion,1,24.0533200868396,-0.5014524701715484,0.10973345824050078,1.1823184939335774,0.11902639624444827,0.7227039135475625,1.252721338474163,-0.0005462365743507877,1.2532675750485136,0.0
266,5.32,idle,locomotion,1,24.09998547979843,-0.5025248258673454,0.10973345824050078,1.1822880650764502,0.11904029163958184,0.7227052383487628,1.2527204362166207,-0.0005466018513527564,1.2532670380679733,0.0
267,5.34,idle,locomotion,1,24.14665087275726,-0.5035971815631424,0.10973345824050078,1.1822575826345212,0.11905484691950927,0.7227067430994338,1.252719693589151,-0.0005469648564186795,1.2532666584455696,0.0
268,5.36,idle,locomotion,1,24.19331626571609,-0.5046695372589394,0.10973345824050078,1.1822270584361452,0.11907002925667454,0.7227084133288663,1.2527190977156306,-0.0005473251550017141,1.2532664228706323,0.0
269,5.38,idle,locomotion,1,24.239981658674917,-0.5057418929547364,0.10973345824050078,1.1821965059913249,0.11908580364171564,0.7227102405060557,1.2527186417754972,-0.0005476827894287523,1.253266324564926,0.0
270,5.4,idle,locomotion,1,24.286647051633746,-0.5068142486505334,0.10973345824050078,1.1821659346204785,0.11910213655352647,0.7227122156925643,1.252718318737144,-0.0005480381218236005,1.2532663568589677,0.0
271,5.42,idle,locomotion,1,24.333312444592575,-0.5078866043463304,0.10973345824050078,1.1821353518248798,0.1191189950415304,0.7227143312144299,1.252718122515734,-0.000548391617830251,1.2532665141335642,0.0
272,5.44,idle,locomotion,1,24.379977837551404,-0.5089589600421274,0.10973345824050078,1.1821047653802204,0.11913634610476058,0.7227165692706473,1.2527180377862823,-0.0005487432728604989,1.253266781059143,0.0
273,5.46,idle,locomotion,1,24.426643230510233,-0.5100313157379244,0.10973345824050078,1.1820741809815616,0.11915415822932857,0.7227189127107128,1.2527180490764145,-0.0005490933766816655,1.2532671424530961,0.0
274,5.48,idle,locomotion,1,24.473308623469062,-0.5111036714337214,0.10973345824050078,1.1820436055648,0.11917239711855679,0.7227213520003152,1.2527181483308543,-0.0005494423803141454,1.2532675907111683,0.0
275,5.5,idle,locomotion,1,24.51997401642789,-0.5121760271295184,0.10973345824050078,1.1820130415116443,0.11919103358067115,0.722723885258077,1.252718335123235,-0.0005497904364205018,1.2532681255596554,0.0
276,5.52,idle,locomotion,1,24.56663940938672,-0.5132483828253154,0.10973345824050078,1.1819824879528062,0.11921008620027619,0.7227264403030975,1.252718543663209,-0.0005501367514322703,1.2532686804146411,0.0
277,5.54,idle,locomotion,1,24.61330480234555,-0.5143207385211124,0.10973345824050078,1.181951973038361,0.11922950359668211,0.722729029536488,1.2527187841907559,-0.0005504834483035168,1.2532692676390593,0.0
278,5.56,idle,locomotion,1,24.65997019530438,-0.5153930942169094,0.10973345824050078,1.1819215043868916,0.119249240414637,0.7227316850656275,1.2527190856241865,-0.0005508321259121221,1.2532699177500988,0.0
279,5.58,idle,locomotion,1,24.706635588263207,-0.5164654499127064,0.10973345824050078,1.1818910919669197,0.11926925852974307,0.7227344173657477,1.2527194590691737,-0.0005511833728096584,1.2532706424419833,0.0
280,5.6,idle,locomotion,1,24.753300981222036,-0.5175378056085034,0.10973345824050078,1.181860810586309,0.1192894188357679,0.7227372079545414,1.2527198795235561,-0.0005515429953372696,1.2532714225188935,0.0
281,5.62,idle,locomotion,1,24.799966374180865,-0.5186101613043004,0.10973345824050078,1.1818307150875371,0.11930961925691448,0.7227400924984649,1.2527203893635586,-0.0005519093599069096,1.2532722987234655,0.0
282,5.64,idle,locomotion,1,24.846631767139694,-0.5196825170000974,0.10973345824050078,1.1818008142579504,0.11932984105160228,0.7227430374309121,1.2527209503780121,-0.0005522814764879792,1.2532732318545001,0.0
283,5.66,idle,locomotion,1,24.893297160098523,-0.5207548726958944,0.10973345824050078,1.181771138944317,0.11935001881896812,0.7227461640122941,1.2527216768325584,-0.0005526615659506816,1.253274338398509,0.0
284,5.68,idle,locomotion,1,24.939962553057352,-0.5218272283916914,0.10973345824050078,1.181741695619134,0.11937013672177174,0.7227493614015077,1.2527224719464913,-0.0005530466593712154,1.2532755186058626,0.0
285,5.7,idle,locomotion,1,24.98662794601618,-0.5228995840874884,0.10973345824050078,1.1817125014293868,0.11939014707769785,0.7227526552194995,1.2527233577789816,-0.0005534361255920446,1.2532767939045737,0.0
286,5.72,idle,locomotion,1,25.03329333897501,-0.5239719397832854,0.10973345824050078,1.1816835722481107,0.11940999910779024,0.7227560463452616,1.2527243311313783,-0.0005538331939760957,1.2532781643253543,0.0
287,5.74,idle,locomotion,1,25.07995873193384,-0.5250442954790824,0.10973345824050078,1.18165489554137,0.11942969636135038,0.7227594437547166,1.2527253099517859,-0.0005542346103642425,1.25327954456215,0.0
288,5.76,idle,locomotion,1,25.12662412489267,-0.5261166511748794,0.10973345824050078,1.1816264928639197,0.11944917154839023,0.7227628665389533,1.252726313361828,-0.0005546417305795012,1.2532809550924076,0.0
289,5.78,idle,locomotion,1,25.173289517851497,-0.5271890068706764,0.10973345824050078,1.181598343635651,0.11946842295654632,0.7227663125985552,1.2527273413565692,-0.0005550548209246609,1.253282396177494,0.0
290,5.8,idle,locomotion,1,25.219954910810326,-0.5282613625664734,0.10973345824050078,1.1815703950306446,0.11948749889696367,0.7227698197942405,1.2527284272451296,-0.0005554708314261109,1.2532838980765557,0.0
291,5.82,idle,locomotion,1,25.266620303769155,-0.5293337182622704,0.10973345824050078,1.1815426034091185,0.11950641509891924,0.7227734628285057,1.2527296422564098,-0.0005558891176418064,1.2532855313740516,0.0
292,5.84,idle,locomotion,1,25.313285696727984,-0.5304060739580674,0.10973345824050078,1.1815149367050817,0.1195251655118853,0.7227772814513049,1.2527310230062445,-0.000556308691626161,1.2532873316978708,0.0
293,5.86,idle,locomotion,1,25.359951089686813,-0.5314784296538644,0.10973345824050078,1.181487354798927,0.11954376959552776,0.7227812890686252,1.2527325833402783,-0.0005567270097282979,1.2532893103500065,0.0
294,5.88,idle,locomotion,1,25.406616482645642,-0.5325507853496614,0.10973345824050078,1.181459831628517,0.11956225249081578,0.7227854384705064,1.2527342803180177,-0.0005571433980887247,1.2532914237161064,0.0
295,5.9,idle,locomotion,1,25.45328187560447,-0.5336231410454584,0.10973345824050078,1.18143234750598,0.11958063211965143,0.7227896591314064,1.25273604906097,-0.0005575582513087964,1.253293607312279,0.0
296,5.92,idle,locomotion,1,25.4999472685633,-0.5346954967412554,0.10973345824050078,1.181404885432764,0.11959892018545276,0.7227938836233725,1.252737827274136,-0.0005579728404437427,1.2532958001145797,0.0
297,5.94,idle,locomotion,1,25.54661266152213,-0.5357678524370524,0.10973345824050078,1.1813774271698525,0.11961712580704399,0.7227980597718926,1.2527395671395065,-0.0005583878050710485,1.2532979549445775,0.0
298,5.96,idle,locomotion,1,25.593278054480958,-0.5368402081328494,0.10973345824050078,1.181349950375689,0.11963525967122746,0.7228021533123263,1.2527412372375462,-0.0005588034395985035,1.2533000406771446,0.0
299,5.98,idle,locomotion,1,25.639943447439787,-0.5379125638286464,0.10973345824050078,1.1813224323505884,0.11965333195543695,0.722806149465181,1.2527428241490877,-0.0005592200022045482,1.2533020441512923,0.0
300,6.0,idle,locomotion,1,25.686608840398616,-0.5389849195244434,0.10973345824050078,1.1812948529612195,0.11967135118524869,0.7228100516503497,1.2527443311992406,-0.0005596378399615881,1.253303969039202,0.0
301,6.02,idle,locomotion,1,25.733274233357445,-0.5400572752202404,0.10973345824050078,1.1812671912773678,0.11968932877051132,0.7228138739490831,1.252745771476597,-0.0005600566843652205,1.2533058281609624,0.0
302,6.04,idle,locomotion,1,25.779939626316274,-0.5411296309160374,0.10973345824050078,1.1812394279157679,0.11970727823148988,0.7228176306367249,1.2527471579686296,-0.0005604761931922476,1.253307634161822,0.0
303,6.06,idle,locomotion,1,25.826605019275103,-0.5422019866118344,0.10973345824050078,1.1812115467336006,0.11972521368561279,0.7228213416933691,1.2527485086535801,-0.0005608960967928914,1.253309404750373,0.0
304,6.08,idle,locomotion,1,25.873270412233932,-0.5432743423076314,0.10973345824050078,1.1811835338847603,0.11974315101993552,0.7228250274387503,1.252749842167498,-0.0005613161014489769,1.2533111582689471,0.0
305,6.1,idle,locomotion,1,25.91993580519276,-0.5443466980034284,0.10973345824050078,1.1811553780020636,0.1197611055812435,0.7228287056963871,1.252751174244025,-0.0005617360123042307,1.2533129102563292,0.0
306,6.12,idle,locomotion,1,25.96660119815159,-0.5454190536992254,0.10973345824050078,1.1811270729791679,0.11977909212992499,0.722832393873101,1.252752520636014,-0.0005621557117165485,1.2533146763477305,0.0
307,6.14,idle,locomotion,1,26.01326659111042,-0.5464914093950224,0.10973345824050078,1.1810986157725674,0.11979712636748668,0.7228361035842834,1.252753891992056,-0.0005625749306078127,1.2533164669226637,0.0
308,6.16,idle,locomotion,1,26.059931984069248,-0.5475637650908194,0.10973345824050078,1.181070002271643,0.11981522446644156,0.7228398455122862,1.2527552976075131,-0.0005629934877040416,1.2533182910952172,0.0
309,6.18,idle,locomotion,1,26.106597377028077,-0.5486361207866164,0.10973345824050078,1.1810412312464476,0.1198334004967035,0.7228436316415753,1.2527567480893036,-0.0005634115031087489,1.2533201595924124,0.0
310,6.2,idle,locomotion,1,26.153262769986906,-0.5497084764824134,0.10973345824050078,1.1810123031337127,0.11985166957316791,0.722847462904279,1.2527582441427236,-0.0005638284200317825,1.2533220725627554,0.0
311,6.22,idle,locomotion,1,26.199928162945735,-0.5507808321782104,0.10973345824050078,1.1809832186014129,0.1198700467217815,0.7228513430153245,1.2527597885704937,-0.0005642443734997921,1.2533240329439936,0.0
312,6.24,idle,locomotion,1,26.246593555904564,-0.5518531878740074,0.10973345824050078,1.1809539765830561,0.11988854593260818,0.7228552742866348,1.2527613831989692,-0.0005646591480266729,1.2533260423469958,0.0
313,6.26,idle,locomotion,1,26.293258948863393,-0.5529255435698044,0.10973345824050078,1.1809245772590407,0.1199071815154519,0.7228592533757994,1.252763024190928,-0.0005650729060160606,1.253328097096944,0.0
314,6.28,idle,locomotion,1,26.339924341822222,-0.5539978992656014,0.10973345824050078,1.1808950317497555,0.11992595218492323,0.7228632834314574,1.2527647141649745,-0.000565497942872778,1.2533302121078473,0.0
315,6.3,idle,locomotion,1,26.38658973478105,-0.5550702549613984,0.10973345824050078,1.1808653949053938,0.11994479743043393,0.7228673718746892,1.252766459450694,-0.0005659424856553942,1.2533324019363494,0.0
316,6.32,idle,locomotion,1,26.43325512773988,-0.5561426106571954,0.10973345824050078,1.1808357620536027,0.1199636328506757,0.72287147029678,1.2527682140930787,-0.000566306835336431,1.2533345209284152,0.0
317,6.34,idle,locomotion,1,26.47992052069871,-0.5572149663529924,0.10973345824050078,1.1808061520538053,0.1199824621236351,0.7228755400698605,1.2527699394772465,-0.0005665730705374829,1.253336512547784,0.0
318,6.36,idle,locomotion,1,26.526585913657538,-0.5582873220487894,0.10973345824050078,1.1807765493315447,0.12000129956882594,0.7228796124403838,1.252771661123428,-0.0005668003798805429,1.2533384615033085,0.0
319,6.38,idle,locomotion,1,26.573251306616367,-0.5593596777445864,0.10973345824050078,1.1807469302972564,0.12002016585403347,0.7228837264981827,1.2527734142733682,-0.0005670351290509405,1.2533404494024192,0.0
320,6.4,idle,locomotion,1,26.619916699575196,-0.5604320334403834,0.10973345824050078,1.1807172882432335,0.1200390756941169,0.722887896775552,1.2527752115573045,-0.0005672570814103904,1.253342468638715,0.0
321,6.42,idle,locomotion,1,26.666582092534025,-0.5615043891361804,0.10973345824050078,1.1806875747577525,0.12005808061948284,0.7228921504128037,1.2527770721245868,-0.0005674877740758991,1.2533445598986628,0.0
322,6.44,idle,locomotion,1,26.713247485492854,-0.5625767448319774,0.10973345824050078,1.1806577854554459,0.1200772058853655,0.722896479222371,1.252778995069953,-0.0005677069867647683,1.2533467020567177,0.0
323,6.46,idle,locomotion,1,26.759912878451683,-0.5636491005277744,0.10973345824050078,1.1806278885715893,0.12009649967384166,0.7229008809706631,1.2527809783103134,-0.0005679302665401696,1.2533489085768537,0.0
324,6.48,idle,locomotion,1,26.806578271410512,-0.5647214562235714,0.10973345824050078,1.1805978545633609,0.12011599704865396,0.7229053485331859,1.2527830093696135,-0.0005681455487705593,1.253351154918384,0.0
325,6.5,idle,locomotion,1,26.85324366436934,-0.5657938119193684,0.10973345824050078,1.1805676480600478,0.12013574204117973,0.7229098853688566,1.2527850939423233,-0.0005683708251649211,1.2533534647674882,0.0
326,6.52,idle,locomotion,1,26.89990905732817,-0.5668661676151654,0.10973345824050078,1.1805372600772215,0.12015575976647172,0.7229144661788932,1.2527872111728042,-0.0005685894319146512,1.253355800604719,0.0
327,6.54,idle,locomotion,1,26.946574450287,-0.5679385233109624,0.10973345824050078,1.1805066679982166,0.1201760811410348,0.7229190731944208,1.2527893439352153,-0.0005688103195070314,1.2533581542547223,0.0
328,6.56,idle,locomotion,1,26.993239843245828,-0.5690108790067594,0.10973345824050078,1.1804758638100417,0.12019671938377398,0.7229236892775768,1.2527914793601922,-0.0005690301123722832,1.2533605094725644,0.0
329,6.58,idle,locomotion,1,27.039905236204657,-0.5700832347025564,0.10973345824050078,1.1804448218997041,0.12021769419027589,0.7229283165464375,1.2527936131592723,-0.0005697314780141877,1.2533633446372865,0.0
330,6.6,idle,locomotion,1,27.086570629163486,-0.5711555903983534,0.10973345824050078,1.1804135244924185,0.12023901739423296,0.7229329565552992,1.2527957512888637,-0.0005706622433735951,1.2533664135322373,0.0
331,6.62,idle,locomotion,1,27.133236022122315,-0.5722279460941504,0.10973345824050078,1.1803819553916903,0.12026069921959907,0.7229376108017759,1.2527978893365317,-0.0005715972382398724,1.2533694865747715,0.0
332,6.64,idle,locomotion,1,27.179901415081144,-0.5733003017899474,0.10973345824050078,1.1803501035007,0.12028275443505125,0.7229422741769622,1.2528000267447865,-0.0005725370056514599,1.253372563750438,0.0
333,6.66,idle,locomotion,1,27.226566808039973,-0.5743726574857444,0.10973345824050078,1.1803179293339723,0.1203052107562503,0.722946994953592,1.252802209403346,-0.0005734971527759022,1.253375706556122,0.0
334,6.68,idle,locomotion,1,27.2732322009988,-0.5754450131815414,0.10973345824050078,1.1802854471183757,0.12032804301488194,0.7229517841362891,1.252804450433878,-0.0005744784860719984,1.25337892891995,0.0
335,6.7,idle,locomotion,1,27.31989759395763,-0.5765173688773384,0.10973345824050078,1.1802526961747364,0.12035120885563981,0.7229566078216002,1.2528067208201072,-0.0005754888745813612,1.2533822096946885,0.0
336,6.72,idle,locomotion,1,27.36656298691646,-0.5775897245731354,0.10973345824050078,1.1802198838807696,0.12037441592681829,0.7229613060550283,1.2528088513375435,-0.0005766101557308709,1.2533854614932745,0.0
337,6.74,idle,locomotion,1,27.41322837987529,-0.5786620802689324,0.10973345824050078,1.180187093829603,0.12039761495592394,0.7229659081712128,1.2528108826850826,-0.0005775227964891251,1.2533884054815716,0.0
338,6.76,idle,locomotion,1,27.459893772834118,-0.5797344359647294,0.10973345824050078,1.1801543730170423,0.1204207608328094,0.7229704774291361,1.2528128734780328,-0.0005783529638342319,1.253391226441867,0.0
339,6.78,idle,locomotion,1,27.506559165792947,-0.5808067916605264,0.10973345824050078,1.1801217443675474,0.12044381354603176,0.7229751095970655,1.2528149098597507,-0.0005791551884437932,1.2533940650481945,0.0
340,6.8,idle,locomotion,1,27.553224558751776,-0.5818791473563234,0.10973345824050078,1.1800892380233552,0.12046674081748747,0.7229799172097875,1.2528170958004836,-0.0005799384765544716,1.2533970342770382,0.0
341,6.82,idle,locomotion,1,27.599889951710605,-0.5829515030521204,0.10973345824050078,1.1800569025401995,0.12048949928661326,0.7229849455300944,1.2528194745087027,-0.0005807177018806696,1.2534001922105833,0.0
342,6.84,idle,locomotion,1,27.646555344669434,-0.5840238587479174,0.10973345824050078,1.1800247840990354,0.12051205494929468,0.7229901998940012,1.2528220538828376,-0.0005814911458978701,1.2534035450287355,0.0
343,6.86,idle,locomotion,1,27.693220737628263,-0.5850962144437144,0.10973345824050078,1.1799928544917295,0.12053447573519935,0.7229957191631239,1.2528248763334324,-0.0005822186177198048,1.2534070949511522,0.0
344,6.88,idle,locomotion,1,27.73988613058709,-0.5861685701395114,0.10973345824050078,1.1799610288497617,0.12055688499918839,0.7230015113252914,1.2528279519297159,-0.0005830248655582515,1.2534109767952741,0.0
345,6.9,idle,locomotion,1,27.78655152354592,-0.5872409258353084,0.10973345824050078,1.1799292317827745,0.12057937876585442,0.7230075228082596,1.2528312284852503,-0.0005839431319297796,1.2534151716171802,0.0
346,6.92,idle,locomotion,1,27.83321691650475,-0.5883132815311054,0.10973345824050078,1.1798974118423584,0.12060202294237808,0.7230136650812297,1.2528346222924907,-0.000584955209200367,1.253419577501691,0.0
347,6.94,idle,locomotion,1,27.87988230946358,-0.5893856372269024,0.10973345824050078,1.1798655351621623,0.12062485899395717,0.7230198344174225,1.252838037082291,-0.0005860353692441408,1.253424072451535,0.0
348,6.96,idle,locomotion,1,27.926547702422408,-0.5904579929226994,0.10973345824050078,1.1798335797670039,0.12064791024647949,0.7230259296181378,1.2528413796942852,-0.0005871621813187296,1.253428541875604,0.0
349,6.98,idle,locomotion,1,27.973213095381237,-0.5915303486184964,0.10973345824050078,1.1798015292101303,0.12067118369668908,0.723031871648902,1.2528445775599135,-0.0005883203796001636,1.2534328979395137,0.0
350,7.0,idle,locomotion,1,28.019878488340066,-0.5926027043142934,0.10973345824050078,1.179769368148949,0.12069467869330279,0.7230376159260624,1.2528475898774172,-0.0005894996512178056,1.253437089528635,0.0
351,7.02,idle,locomotion,1,28.066543881298895,-0.5936750600100904,0.10973345824050078,1.179737081973625,0.12071839128622334,0.7230431439044738,1.2528504000070029,-0.0005906929994539505,1.2534410930064568,0.0
352,7.04,idle,locomotion,1,28.113209274257724,-0.5947474157058874,0.10973345824050078,1.1797046575872447,0.1207423169968977,0.7230484592277927,1.2528530113617262,-0.0005918962311069857,1.2534449075928331,0.0
353,7.06,idle,locomotion,1,28.159874667216553,-0.5958197714016844,0.10973345824050078,1.1796720835029868,0.12076645067616606,0.7230535776360127,1.2528554383448187,-0.0005931065998823933,1.253448544944701,0.0
354,7.08,idle,locomotion,1,28.20654006017538,-0.5968921270974814,0.10973345824050078,1.1796393508676328,0.12079078936397498,0.7230585246567548,1.2528577038127822,-0.0005943328085108134,1.253452036621293,0.0
355,7.1,idle,locomotion,1,28.25320545313421,-0.5979644827932784,0.10973345824050078,1.1796064517178433,0.12081533467823964,0.7230633380016995,1.2528598420119985,-0.000595574415344597,1.253455416427343,0.0
356,7.12,idle,locomotion,1,28.29987084609304,-0.5990368384890754,0.10973345824050078,1.1795733784036777,0.12084009465962091,0.7230680587324955,1.2528618902984994,-0.0005968211266284273,1.2534587114251279,0.0
357,7.14,idle,locomotion,1,28.34653623905187,-0.6001091941848724,0.10973345824050078,1.179540121494159,0.12086508335808763,0.7230727305956006,1.252863888671793,-0.0005980789622896943,1.2534619676340828,0.0
358,7.16,idle,locomotion,1,28.393201632010697,-0.6011815498806694,0.10973345824050078,1.17950667029433,0.12089032138313016,0.7230773955224514,1.2528658764407732,-0.0005993540071998586,1.253465230447973,0.0
359,7.18,idle,locomotion,1,28.439867024969526,-0.6022539055764664,0.10973345824050078,1.1794730215262015,0.12091583689035089,0.7230820792429993,1.2528678783665343,-0.0006006317778981841,1.2534685101444325,0.0
360,7.2,idle,locomotion,1,28.486532417928355,-0.6033262612722634,0.10973345824050078,1.1794391524292425,0.1209417326300249,0.7230867455646582,1.252869865174202,-0.0006018955453230175,1.2534717607195252,0.0
361,7.22,idle,locomotion,1,28.533197810887184,-0.6043986169680604,0.10973345824050078,1.1794050636450195,0.12096815384609634,0.7230912794058652,1.252871720377906,-0.0006030684809273414,1.2534747888588333,0.0
362,7.24,idle,locomotion,1,28.579863203846013,-0.6054709726638574,0.10973345824050078,1.1793707921024459,0.12099503118441876,0.7230957820591165,1.252873536272803,-0.0006042050383378537,1.2534777413111409,0.0
363,7.26,idle,locomotion,1,28.626528596804842,-0.6065433283596544,0.10973345824050078,1.1793363475389802,0.12102237124137077,0.7231003042835207,1.2528753593674107,-0.0006053153160648084,1.2534806746834755,0.0
364,7.28,idle,locomotion,1,28.67319398976367,-0.6076156840554514,0.10973345824050078,1.1793017651932662,0.1210501309177311,0.7231049178763052,1.2528772479376578,-0.0006064121266139005,1.2534836600642716,0.0
365,7.3,idle,locomotion,1,28.7198593827225,-0.6086880397512484,0.10973345824050078,1.1792670959691594,0.1210782411914071,0.7231096728297066,1.2528792502604778,-0.0006075020110263354,1.253486752271504,0.0
366,7.32,idle,locomotion,1,28.76652477568133,-0.6097603954470454,0.10973345824050078,1.1792324007693136,0.1211066223027429,0.7231145882950094,1.2528813796292133,-0.0006085856344034447,1.2534899652636167,0.0
367,7.34,idle,locomotion,1,28.81319016864016,-0.6108327511428424,0.10973345824050078,1.179197770246457,0.12113511537486818,0.7231197205610775,1.2528836839038706,-0.0006096991308120192,1.2534933830346826,0.0
368,7.36,idle,locomotion,1,28.859855561598987,-0.6119051068386394,0.10973345824050078,1.1791632479669572,0.12116361447782589,0.7231251313871967,1.2528862265463332,-0.0006109142166180782,1.2534971407629514,0.0
369,7.38,idle,locomotion,1,28.906520954557816,-0.6129774625344364,0.10973345824050078,1.1791287841501163,0.12119220619570335,0.7231307543513903,1.252888952654955,-0.0006122347322847707,1.2535011873872397,0.0
370,7.4,idle,locomotion,1,28.953186347516645,-0.6140498182302334,0.10973345824050078,1.1790943080080032,0.12122100391613963,0.7231364848405673,1.2528917695257427,-0.0006136405394286115,1.2535054100651712,0.0
371,7.42,idle,locomotion,1,28.999851740475474,-0.6151221739260304,0.10973345824050078,1.1790597346563036,0.12125012532440714,0.7231422291315526,1.2528945935132505,-0.0006151145615662344,1.2535097080748168,0.0
372,7.44,idle,locomotion,1,29.046517133434303,-0.6161945296218274,0.10973345824050078,1.179024979883678,0.12127967159278712,0.723147913079012,1.2528973583238892,-0.0006166430055734445,1.2535140013294626,0.0
373,7.46,idle,locomotion,1,29.093182526393132,-0.6172668853176244,0.10973345824050078,1.178989969754347,0.12130972222285841,0.7231534848573816,1.2529000175053888,-0.0006182149154632666,1.253518232420852,0.0
374,7.48,idle,locomotion,1,29.13984791935196,-0.6183392410134214,0.10973345824050078,1.1789546436089045,0.12134033493200727,0.7231589207814318,1.2529025503230913,-0.0006198221371165602,1.2535223724602078,0.0
375,7.5,idle,locomotion,1,29.18651331231079,-0.6194115967092184,0.10973345824050078,1.1789189530588542,0.12137154793445311,0.7231642162114562,1.252904952917963,-0.0006214590884793675,1.2535264120064424,0.0
376,7.52,idle,locomotion,1,29.23317870526962,-0.6204839524050154,0.10973345824050078,1.1788828624854908,0.12140338746054814,0.7231693717229215,1.2529072256202944,-0.0006231218594289906,1.2535303474797235,0.0
377,7.54,idle,locomotion,1,29.27984409822845,-0.6215563081008124,0.10973345824050078,1.1788463488819818,0.12143587221725156,0.723174395400437,1.252909375401627,-0.00062480744555371,1.2535341828471807,0.0
378,7.56,idle,locomotion,1,29.326509491187277,-0.6226286637966094,0.10973345824050078,1.1788093983232657,0.12146901683068757,0.723179312261857,1.2529114249799942,-0.0006265142970942016,1.2535379392770885,0.0
379,7.58,idle,locomotion,1,29.373174884146106,-0.6237010194924064,0.10973345824050078,1.1787720030913904,0.12150283502967191,0.723184153101632,1.2529134023714086,-0.0006282411049622766,1.2535416434763709,0.0
380,7.6,idle,locomotion,1,29.419840277104935,-0.6247733751882034,0.10973345824050078,1.1787341605288348,0.12153734073175723,0.7231889465447966,1.252915332958374,-0.0006299872803514871,1.2535453202387254,0.0
381,7.62,idle,locomotion,1,29.466505670063764,-0.6258457308840004,0.10973345824050078,1.1786958714196747,0.1215725517022398,0.7231937237526811,1.252917244727903,-0.0006317525169743203,1.2535489972448772,0.0
382,7.64,idle,locomotion,1,29.513171063022593,-0.6269180865797974,0.10973345824050078,1.1786571390521319,0.12160848744216896,0.7231985148435852,1.2529191645243238,-0.0006335359891565286,1.2535527005134803,0.0
383,7.66,idle,locomotion,1,29.559836455981422,-0.6279904422755944,0.10973345824050078,1.1786179687682272,0.12164516905437844,0.7232033438462074,1.2529211133964617,-0.0006353368555998204,1.2535564502520615,0.0
384,7.68,idle,locomotion,1,29.60650184894025,-0.6290627979713914,0.10973345824050078,1.1785783673137897,0.12168261977921478,0.723208235341822,1.2529231127071858,-0.0006371549314299271,1.2535602676386157,0.0
385,7.7,idle,locomotion,1,29.65316724189908,-0.6301351536671884,0.10973345824050078,1.1785383432773815,0.12172086374361522,0.7232132121441589,1.252925182611192,-0.000638989688745567,1.2535641722999376,0.0
386,7.72,idle,locomotion,1,29.69983263485791,-0.6312075093629854,0.10973345824050078,1.1784979069944432,0.12175992528509674,0.7232182901379914,1.2529273368612523,-0.0006408407472145612,1.2535681776084668,0.0
387,7.74,idle,locomotion,1,29.746498027816738,-0.6322798650587824,0.10973345824050078,1.1784570695190213,0.12179982915382644,0.7232234785852313,1.2529295832260448,-0.0006427077536272086,1.253572290979672,0.0
388,7.76,idle,locomotion,1,29.793163420775567,-0.6333522207545794,0.10973345824050078,1.1784158434375707,0.12184059980666968,0.7232287864065736,1.2529319295237595,-0.0006445905742944111,1.253576520098054,0.0
389,7.78,idle,locomotion,1,29.839828813734396,-0.6344245764503764,0.10973345824050078,1.178374242882827,0.12188225652584628,0.7232342205516227,1.2529343815494585,-0.0006464891165818172,1.2535808706660403,0.0
390,7.8,idle,locomotion,1,29.886494206693225,-0.6354969321461734,0.10973345824050078,1.1783322813262351,0.12192481816177606,0.7232397833067504,1.2529369405917583,-0.0006484033380059415,1.2535853439297642,0.0
391,7.82,idle,locomotion,1,29.933159599652054,-0.6365692878419704,0.10973345824050078,1.1782899723431348,0.12196830217548141,0.7232454773398164,1.2529396084508453,-0.0006503331917480613,1.2535899416425933,0.0
392,7.84,idle,locomotion,1,29.979824992610883,-0.6376416435377674,0.10973345824050078,1.1782473301183722,0.12201272390855913,0.7232513023107666,1.2529423846011287,-0.000652278448224717,1.2535946630493535,0.0
393,7.86,idle,locomotion,1,30.026490385569712,-0.6387139992335644,0.10973345824050078,1.1782043694615676,0.12205809467380055,0.7232572535528727,1.25294526431361,-0.0006542386621291099,1.2535995029757392,0.0
394,7.88,idle,locomotion,1,30.07315577852854,-0.6397863549293614,0.10973345824050078,1.1781611056418857,0.12210442162129735,0.7232633276462478,1.252948244096988,-0.0006562136472303623,1.2536044577442182,0.0
395,7.9,idle,locomotion,1,30.11982117148737,-0.6408587106251584,0.10973345824050078,1.178117553703601,0.1221517095427604,0.7232695226973659,1.2529513220419612,-0.0006582033947489727,1.2536095254367101,0.0
396,7.92,idle,locomotion,1,30.1664865644462,-0.6419310663209554,0.10973345824050078,1.178073730147056,0.12219995929147386,0.7232758362049869,1.2529544957160317,-0.0006602074727993686,1.253614703188831,0.0
397,7.94,idle,locomotion,1,30.213151957405028,-0.6430034220167524,0.10973345824050078,1.1780296529520684,0.122249168226626,0.7232822581417531,1.2529577558808398,-0.000662225068723786,1.2536199809495636,0.0
398,7.96,idle,locomotion,1,30.259817350363857,-0.6440757777125494,0.10973345824050078,1.1779853391520834,0.12229933037769139,0.7232887840548081,1.2529610980036927,-0.000664255944504883,1.2536253539481976,0.0
399,7.98,idle,locomotion,1,30.306482743322686,-0.6451481334083464,0.10973345824050078,1.1779408077970248,0.12235043899521457,0.723295416499585,1.252964525928843,-0.000666277105755203,1.2536308030345984,0.0
400,8.0,idle,locomotion,1,30.353148136281515,-0.6462204891041434,0.10973345824050078,1.1778960760430353,0.12240250545385462,0.7233021629242865,1.252968050959971,-0.0006682872825496955,1.2536363382425206,0.0
401,8.02,idle,locomotion,1,30.399813529240344,-0.6472928447999404,0.10973345824050078,1.1778511467344641,0.12245554715737329,0.7233090226373313,1.2529716730898401,-0.0006703226211121939,1.2536419957109524,0.0
402,8.04,idle,locomotion,1,30.446478922199173,-0.6483652004957374,0.10973345824050078,1.1778060227131535,0.12250957814888182,0.7233159890986737,1.2529753855156232,-0.0006723921215114441,1.2536477776371346,0.0
403,8.06,idle,locomotion,1,30.493144315158002,-0.6494375561915344,0.10973345824050078,1.1777608096543641,0.12256438765124521,0.7233229555583076,1.2529790639905976,-0.0006750238071051573,1.2536540877977027,0.0
404,8.08,idle,locomotion,1,30.53980970811683,-0.6505099118873314,0.10973345824050078,1.17771562103091,0.12261976133253523,0.7233297977046051,1.2529825545717803,-0.0006776451503227449,1.253660199722103,0.0
405,8.1,idle,locomotion,1,30.58647510107566,-0.6515822675831284,0.10973345824050078,1.1776705863834747,0.12267567963823628,0.7233366229418238,1.25298597492776,-0.0006800931087518752,1.253666068036512,0.0
406,8.12,idle,locomotion,1,30.63314049403449,-0.6526546232789254,0.10973345824050078,1.1776258523721144,0.12273210393036901,0.7233437072093383,1.252989613533817,-0.0006824641181312971,1.2536720776519483,0.0
407,8.14,idle,locomotion,1,30.679805886993318,-0.6537269789747224,0.10973345824050078,1.1775815013225757,0.12278903895185536,0.7233511866662261,1.2529936204163432,-0.0006847260109385904,1.2536783464272818,0.0
408,8.16,idle,locomotion,1,30.726471279952147,-0.6547993346705194,0.10973345824050078,1.1775375181382892,0.1228465787749882,0.7233591219113398,1.2529980645384706,-0.0006867535273298378,1.2536848180658005,0.0
409,8.18,idle,locomotion,1,30.773136672910976,-0.6558716903663164,0.10973345824050078,1.1774937598724886,0.12290490816379371,0.7233676453843568,1.253003066473955,-0.0006885576688057879,1.253691624142761,0.0
410,8.2,idle,locomotion,1,30.819802065869805,-0.6569440460621134,0.10973345824050078,1.1774501141358644,0.1229641201968634,0.723376808314352,1.253008658191662,-0.0006904072253845032,1.2536990654170466,0.0
411,8.22,idle,locomotion,1,30.866467458828634,-0.6580164017579104,0.10973345824050078,1.1774065127034912,0.12302427219660811,0.723386551550519,1.2530147750041822,-0.000692372096913408,1.2537071471010957,0.0
412,8.24,idle,locomotion,1,30.913132851787463,-0.6590887574537074,0.10973345824050078,1.1773629227405114,0.12308539066518073,0.7233967165485269,1.2530212669434688,-0.0006944469581487492,1.2537157139016175,0.0
413,8.26,idle,locomotion,1,30.959798244746292,-0.6601611131495044,0.10973345824050078,1.1773193305214564,0.12314746997868409,0.723407107384902,1.2530279519961651,-0.0006966113623288681,1.253724563358494,0.0
414,8.28,idle,locomotion,1,31.00646363770512,-0.6612334688453014,0.10973345824050078,1.1772757344413054,0.12321047236800138,0.7234175340852415,1.2530346557060936,-0.0006988432950375753,1.2537334990011313,0.0
415,8.3,idle,locomotion,1,31.05312903066395,-0.6623058245410984,0.10973345824050078,1.17723213723581,0.123274335672056,0.7234278312711986,1.2530412260773978,-0.0007011259894584634,1.2537423520668562,0.0
416,8.32,idle,locomotion,1,31.09979442362278,-0.6633781802368954,0.10973345824050078,1.177188537747162,0.12333898834747173,0.7234378690559826,1.2530475439945659,-0.0007034473557578184,1.2537509913503238,0.0
417,8.34,idle,locomotion,1,31.146459816581608,-0.6644505359326924,0.10973345824050078,1.1771449232989624,0.12340436167396043,0.7234475537230663,1.253053522077405,-0.0007057980585144022,1.2537593201359194,0.0
418,8.36,idle,locomotion,1,31.193125209540437,-0.6655228916284894,0.10973345824050078,1.1771012708011228,0.1234703908042661,0.7234568284926887,1.2530591044854893,-0.0007081716610822832,1.2537672761465717,0.0
419,8.38,idle,locomotion,1,31.239790602499266,-0.6665952473242864,0.10973345824050078,1.1770575516168296,0.12353702355319907,0.7234656800022482,1.2530642753458219,-0.000710564088495954,1.2537748394343178,0.0
420,8.4,idle,locomotion,1,31.286455995458095,-0.6676676030200834,0.10973345824050078,1.1770137405796455,0.12360421711715205,0.7234741379427785,1.2530690607091257,-0.0007129730821145985,1.2537820337912402,0.0
421,8.42,idle,locomotion,1,31.333121388416924,-0.6687399587158804,0.10973345824050078,1.176969817449784,0.12367194237331948,0.723482257807042,1.2530735133146207,-0.0007153969686402514,1.253788910283261,0.0
422,8.44,idle,locomotion,1,31.379786781375753,-0.6698123144116774,0.10973345824050078,1.1769257637845327,0.12374018054746623,0.7234901046884847,1.253077695451125,-0.0007178338315701541,1.253795529282695,0.0
423,8.46,idle,locomotion,1,31.42645217433458,-0.6708846701074744,0.10973345824050078,1.1768815681908358,0.12380891260095836,0.7234977439045448,1.253081669482111,-0.0007202821736436056,1.2538019516557546,0.0
424,8.48,idle,locomotion,1,31.47311756729341,-0.6719570258032714,0.10973345824050078,1.1768372248209784,0.12387812798323022,0.7235052261397683,1.2530854842201522,-0.0007227411081745655,1.2538082253283267,0.0
425,8.5,idle,locomotion,1,31.51978296025224,-0.6730293814990684,0.10973345824050078,1.176792745693428,0.12394781342684894,0.7235125764977431,1.2530891658936603,-0.0007252098814189943,1.2538143757750793,0.0
426,8.52,idle,locomotion,1,31.56644835321107,-0.6741017371948654,0.10973345824050078,1.1767481412114376,0.12401798810154063,0.7235197659016301,1.253092680456094,-0.0007276892172124322,1.2538203696733063,0.0
427,8.54,idle,locomotion,1,31.613113746169898,-0.6751740928906624,0.10973345824050078,1.1767033426228004,0.1240887254621151,0.7235268650708254,1.2530960971705711,-0.000730180770256314,1.2538262779408273,0.0
428,8.56,idle,locomotion,1,31.659779139128727,-0.6762464485864594,0.10973345824050078,1.1766583418379564,0.12416004320309582,0.7235338928291136,1.2530994362475834,-0.0007326849903917833,1.253832121237975,0.0
429,8.58,idle,locomotion,1,31.706444532087556,-0.6773188042822564,0.10973345824050078,1.176613100446543,0.12423196990442967,0.7235408933304305,1.253102730485814,-0.0007352007728176069,1.2538379312586316,0.0
430,8.6,idle,locomotion,1,31.753109925046385,-0.6783911599780534,0.10973345824050078,1.176567627811732,0.12430450425905652,0.723547863634905,1.2531059803836713,-0.0007377298311472928,1.2538437102148186,0.0
431,8.62,idle,locomotion,1,31.799775318005214,-0.6794635156738504,0.10973345824050078,1.1765219270999419,0.12437764048862987,0.7235548111671251,1.2531091926792517,-0.0007402712648323373,1.253849463944084,0.0
432,8.64,idle,locomotion,1,31.846440710964043,-0.6805358713696474,0.10973345824050078,1.1764759701560987,0.12445139810728201,0.7235617501253304,1.2531123760917646,-0.0007428237207627413,1.2538551998125274,0.0
433,8.66,idle,locomotion,1,31.89310610392287,-0.6816082270654444,0.10973345824050078,1.1764297587499308,0.12452577224793478,0.7235686694082295,1.2531155156850147,-0.0007453867910850974,1.2538609024760998,0.0
434,8.68,idle,locomotion,1,31.9397714968817,-0.6826805827612414,0.10973345824050078,1.1763832938774474,0.12460076571227484,0.7235755582810135,1.2531186011539124,-0.0007479611634612533,1.2538665623173737,0.0
435,8.7,idle,locomotion,1,31.98643688984053,-0.6837529384570384,0.10973345824050078,1.1763365739035179,0.12467638717210618,0.7235824043928143,1.2531216279441229,-0.0007505486077536289,1.2538721765518765,0.0
436,8.72,idle,locomotion,1,32.03310228279946,-0.6848252941528354,0.10973345824050078,1.1762896219670527,0.1247526185121422,0.7235891692128142,1.2531245547406704,-0.0007531479528734633,1.253877702693544,0.0
437,8.74,idle,locomotion,1,32.07976767575843,-0.6858976498486324,0.10973345824050078,1.1762424380745962,0.12482945171816935,0.7235958458197715,1.2531273820844906,-0.000755759208669611,1.2538831412931601,0.0
438,8.76,idle,locomotion,1,32.126433068717404,-0.6869700055444294,0.10973345824050078,1.1761950196997877,0.12490687415140256,0.723602433738407,1.2531300985654128,-0.0007583797549388718,1.2538884783203517,0.0
439,8.78,idle,locomotion,1,32.173098461676375,-0.6880423612402264,0.10973345824050078,1.176147357764774,0.12498488089599274,0.7236089530110605,1.2531327188612085,-0.0007610094038532841,1.2538937282650617,0.0
440,8.8,idle,locomotion,1,32.219763854635346,-0.6891147169360234,0.10973345824050078,1.1760994485880198,0.12506347627697287,0.7236154142316653,1.2531352580127537,-0.000763649558801479,1.2538989075715552,0.0
441,8.82,idle,locomotion,1,32.26642924759432,-0.6901870726318204,0.10973345824050078,1.1760512938474803,0.12514265880186975,0.7236218136656128,1.2531377129056143,-0.0007663005792940027,1.2539040134849082,0.0
442,8.84,idle,locomotion,1,32.31309464055329,-0.6912594283276174,0.10973345824050078,1.1760029056150583,0.12522241147225363,0.7236281390581224,1.2531400630991403,-0.0007689609061150258,1.2539090240052553,0.0
443,8.86,idle,locomotion,1,32.35976003351226,-0.6923317840234144,0.10973345824050078,1.1759543018108216,0.12530272285516514,0.723634380716755,1.2531423142644067,-0.0007716321746757994,1.2539139464390825,0.0
444,8.88,idle,locomotion,1,32.40642542647123,-0.6934041397192114,0.10973345824050078,1.1759055054588012,0.12538356212714327,0.7236405261229134,1.2531444427258467,-0.0007743122475085233,1.2539187549733553,0.0
445,8.9,idle,locomotion,1,32.4530908194302,-0.6944764954150084,0.10973345824050078,1.1758565152801255,0.12546492026727038,0.7236465970238666,1.2531464716755563,-0.0007770005961038016,1.2539234722716601,0.0
446,8.92,idle,locomotion,1,32.49975621238917,-0.6955488511108054,0.10973345824050078,1.1758073547873817,0.12554677775060247,0.7236525931009464,1.2531484005185345,-0.0007796976434711229,1.2539280981620056,0.0
447,8.94,idle,locomotion,1,32.546421605348144,-0.6966212068066024,0.10973345824050078,1.1757580240643015,0.12562913265019338,0.7236585267151538,1.2531502420108813,-0.0007824039896351664,1.2539326460005165,0.0
448,8.96,idle,locomotion,1,32.593086998307115,-0.6976935625023994,0.10973345824050078,1.1757085382254524,0.12571197161868877,0.7236643997380061,1.253151997438855,-0.0007851202257168725,1.253937117664572,0.0
449,8.98,idle,locomotion,1,32.639752391266086,-0.6987659181981964,0.10973345824050078,1.175658897168943,0.12579529328268219,0.7236702319273155,1.2531536876982583,-0.0007878463267212733,1.2539415340249795,0.0
450,9.0,idle,locomotion,1,32.68641778422506,-0.6998382738939934,0.10973345824050078,1.1756090959235224,0.12587910449063225,0.7236760424641973,1.2531553305557723,-0.000790582944516633,1.253945913500289,0.0
451,9.02,idle,locomotion,1,32.73308317718403,-0.7009106295897904,0.10973345824050078,1.1755591192608406,0.1259634162846691,0.7236819200345633,1.25315701904985,-0.0007933271298257785,1.2539503461796757,0.0
452,9.04,idle,locomotion,1,32.779748570143,-0.7019829852855874,0.10973345824050078,1.1755090125444132,0.12604818907675186,0.7236878758397685,1.253158770927209,-0.0007960761001599703,1.253954847027369,0.0
453,9.06,idle,locomotion,1,32.82641396310197,-0.7030553409813844,0.10973345824050078,1.1754588281127958,0.12613337204603606,0.7236938820795891,1.253160562233352,-0.0007988278855737621,1.2539593901189257,0.0
454,9.08,idle,locomotion,1,32.87307935606094,-0.7041276966771814,0.10973345824050078,1.1754086197674123,0.12621890896596952,0.7236998907311105,1.25316234798425,-0.0008015802291842442,1.2539639282134343,0.0
455,9.1,idle,locomotion,1,32.91974474901991,-0.7052000523729784,0.10973345824050078,1.1753584417852827,0.1263047426221915,0.7237058554797756,1.253164084445384,-0.0008043313745603915,1.2539684158199444,0.0
456,9.12,idle,locomotion,1,32.96641014197888,-0.7062724080687754,0.10973345824050078,1.175308345291166,0.12639082128032134,0.7237117569743421,1.2531657544633632,-0.0008070799775385974,1.2539728344409018,0.0
457,9.14,idle,locomotion,1,33.013075534937855,-0.7073447637645724,0.10973345824050078,1.1752583785307935,0.12647709494481701,0.7237175853852643,1.2531673506002607,-0.0008098241573853832,1.253977174757646,0.0
458,9.16,idle,locomotion,1,33.059740927896826,-0.7084171194603694,0.10973345824050078,1.1752085906098,0.12656350974451802,0.723723346558672,1.2531688790390099,-0.0008125624253813579,1.2539814414643913,0.0
459,9.18,idle,locomotion,1,33.1064063208558,-0.7094894751561664,0.10973345824050078,1.1751590286166296,0.12665000506148164,0.7237290582208872,1.2531703565447203,-0.0008152929529748332,1.253985649497695,0.0
460,9.2,idle,locomotion,1,33.15307171381477,-0.7105618308519634,0.10973345824050078,1.1751097329172013,0.12673652652989978,0.7237347339495354,1.2531717955043091,-0.0008180145747780886,1.2539898100790872,0.0
461,9.22,idle,locomotion,1,33.19973710677374,-0.7116341865477605,0.10973345824050078,1.175060739781651,0.12682302596587675,0.7237403839512887,1.253173206718723,-0.0008207261022469478,1.25399393282097,0.0
462,9.24,idle,locomotion,1,33.24640249973271,-0.7127065422435575,0.10973345824050078,1.1750119354379331,0.12690966136445864,0.7237459905509778,1.253174575330294,-0.0008234327723783373,1.2539980081026725,0.0
463,9.26,idle,locomotion,1,33.29306789269168,-0.7137788979393545,0.10973345824050078,1.1749632975759368,0.12699655977410992,0.7237516086061475,1.253175981803208,-0.0008261337668027564,1.2540021155700107,0.0
464,9.28,idle,locomotion,1,33.33973328565065,-0.7148512536351515,0.10973345824050078,1.1749148091519874,0.12708376313830994,0.7237572410975033,1.2531774319048163,-0.0008288304635996162,1.254006262368416,0.0
465,9.3,idle,locomotion,1,33.38639867860962,-0.7159236093309485,0.10973345824050078,1.1748664708171146,0.12717125587134398,0.7237628672240333,1.2531788998941995,-0.0008315232635837111,1.254010423157783,0.0
466,9.32,idle,locomotion,1,33.433064071568594,-0.7169959650267455,0.10973345824050078,1.174818299370077,0.12725899882839595,0.7237684612857741,1.2531803534372943,-0.0008342114271851428,1.2540145648644794,0.0
467,9.34,idle,locomotion,1,33.479729464527566,-0.7180683207225425,0.10973345824050078,1.1747703289581453,0.1273469460601574,0.723774018269196,1.2531817809005215,-0.000836893918013934,1.2540186748185354,0.0
468,9.36,idle,locomotion,1,33.52639485748654,-0.7191406764183395,0.10973345824050078,1.174722654921929,0.12743498684770668,0.7237795729469738,1.253183211627637,-0.0008395701238039684,1.2540227817514409,0.0
469,9.38,idle,locomotion,1,33.57306025044551,-0.7202130321141365,0.10973345824050078,1.174675415586713,0.12752294086595706,0.7237851789785207,1.25318468931949,-0.0008422378275350188,1.254026927147025,0.0
470,9.4,idle,locomotion,1,33.61972564340448,-0.7212853878099335,0.10973345824050078,1.1746287127398534,0.1276106512455193,0.7237908581069222,1.2531862233213453,-0.0008448934051841703,1.2540311167265294,0.0
471,9.42,idle,locomotion,1,33.66639103636345,-0.7223577435057305,0.10973345824050078,1.1745826320047583,0.12769799530386886,0.7237966198894198,1.253187816332653,-0.0008475332715843983,1.2540353496042376,0.0
472,9.44,idle,locomotion,1,33.71305642932242,-0.7234300992015275,0.10973345824050078,1.174537245426175,0.12778487974732003,0.7238024527827451,1.2531894563883308,-0.0008501541152680855,1.254039610503599,0.0
473,9.46,idle,locomotion,1,33.75972182228139,-0.7245024548973245,0.10973345824050078,1.1744926097968424,0.1278712345850394,0.723808328615537,1.2531911185869675,-0.0008527539821608608,1.2540438725691283,0.0
474,9.48,idle,locomotion,1,33.80638721524036,-0.7255748105931215,0.10973345824050078,1.1744487675277093,0.12795700736595245,0.7238142169818476,1.2531927780725463,-0.0008553314556006136,1.2540481095281468,0.0
475,9.5,idle,locomotion,1,33.853052608199334,-0.7266471662889185,0.10973345824050078,1.174405750507918,0.12804215479715597,0.7238200818957413,1.253194406021613,-0.0008578854195441799,1.2540522914411572,0.0
476,9.52,idle,locomotion,1,33.899718001158305,-0.7277195219847155,0.10973345824050078,1.1743635817933302,0.1281266382640443,0.7238258928218164,1.253195978804953,-0.0008604153150608036,1.2540563941200138,0.0
477,9.54,idle,locomotion,1,33.94638339411728,-0.7287918776805125,0.10973345824050078,1.1743222784566352,0.12821042164922886,0.7238316301997667,1.2531974834791748,-0.0008629205276948493,1.2540604040068697,0.0
478,9.56,idle,locomotion,1,33.99304878707625,-0.7298642333763095,0.10973345824050078,1.1742818565030952,0.12829346268753536,0.7238372888498975,1.2531989194943092,-0.0008654009846520462,1.2540643204789612,0.0
479,9.58,idle,locomotion,1,34.03971418003522,-0.7309365890721065,0.10973345824050078,1.174242329528601,0.12837571606560563,0.7238428776774264,1.2532002989359958,-0.0008678564830462247,1.254068155419042,0.0
480,9.6,idle,locomotion,1,34.08637957299419,-0.7320089447679035,0.10973345824050078,1.1742037078834924,0.12845713854449956,0.7238484056609512,1.2532016332987013,-0.0008702866257589148,1.25407191992446,0.0
481,9.62,idle,locomotion,1,34.13304496595316,-0.7330813004637005,0.10973345824050078,1.174166002245091,0.1285376864669889,0.7238538758502304,1.2532029285261777,-0.0008726906754300441,1.2540756192016076,0.0
482,9.64,idle,locomotion,1,34.17971035891213,-0.7341536561594975,0.10973345824050078,1.1741292255439109,0.12861731375497562,0.7238592867731504,1.25320418566701,-0.0008750679797203051,1.2540792536467302,0.0
483,9.66,idle,locomotion,1,34.2263757518711,-0.7352260118552945,0.10973345824050078,1.1740933914225182,0.1286959708282355,0.7238646358763854,1.2532054044096925,-0.0008774177709655953,1.2540828221806581,0.0
484,9.68,idle,locomotion,1,34.273041144830074,-0.7362983675510915,0.10973345824050078,1.1740585118245275,0.128773608365853,0.7238699174640877,1.2532065811096185,-0.0008797397977085321,1.254086320907327,0.0
485,9.7,idle,locomotion,1,34.319706537789045,-0.7373707232468885,0.10973345824050078,1.1740245993278897,0.1288501760131187,0.7238751295093877,1.2532077151663867,-0.0008820336855858146,1.2540897488519724,0.0
486,9.72,idle,locomotion,1,34.366371930748016,-0.7384430789426855,0.10973345824050078,1.173991670103016,0.12892561604563293,0.7238802699935497,1.253208805461039,-0.0008842984809427253,1.2540931039419818,0.0
487,9.74,idle,locomotion,1,34.41303732370699,-0.7395154346384825,0.10973345824050078,1.1739597372214665,0.12899987376076105,0.7238853340126472,1.253209847859245,-0.000886533981232257,1.2540963818404773,0.0
488,9.76,idle,locomotion,1,34.45970271666596,-0.7405877903342795,0.10973345824050078,1.1739288123078073,0.129072898185571,0.7238903217640188,1.253210842937689,-0.0008887398867654384,1.2540995828244543,0.0
489,9.78,idle,locomotion,1,34.50636810962493,-0.7416601460300765,0.10973345824050078,1.1738988977022695,0.12914465167420763,0.7238952370579124,1.2532117953400523,-0.0008909158754148785,1.2541027112154672,0.0
490,9.8,idle,locomotion,1,34.5530335025839,-0.7427325017258735,0.10973345824050078,1.1738699895879507,0.129215104856797,0.723900082720046,1.2532127087506673,-0.0008930620196549964,1.2541057707703223,0.0
491,9.82,idle,locomotion,1,34.59969889554287,-0.7438048574216705,0.10973345824050078,1.1738420799492402,0.12928423575441494,0.7239048609613353,1.2532135863839526,-0.000895178527306268,1.254108764911259,0.0
492,9.84,idle,locomotion,1,34.64636428850184,-0.7448772131174675,0.10973345824050078,1.1738151567642063,0.12935202962793377,0.723909572668824,1.2532144304986685,-0.0008972658765302108,1.2541116963751988,0.0
493,9.86,idle,locomotion,1,34.693029681460814,-0.7459495688132645,0.10973345824050078,1.1737892059519757,0.12941847434338674,0.7239142193264404,1.2532152436573487,-0.0008993241673767617,1.2541145678247254,0.0
494,9.88,idle,locomotion,1,34.739695074419785,-0.7470219245090615,0.10973345824050078,1.17376421411234,0.12948355358933944,0.7239187954660634,1.253216021391574,-0.0009013532058095852,1.2541173745973835,0.0
495,9.9,idle,locomotion,1,34.786360467378756,-0.7480942802048585,0.10973345824050078,1.1737401683644488,0.12954725305471387,0.7239232988434913,1.2532167619770416,-0.000903353556924405,1.254120115533966,0.0
496,9.92,idle,locomotion,1,34.83302586033773,-0.7491666359006555,0.10973345824050078,1.1737170568175486,0.12960956018324987,0.723927733689619,1.2532174703932561,-0.0009053248689548619,1.254122795262211,0.0
497,9.94,idle,locomotion,1,34.8796912532967,-0.7502389915964525,0.10973345824050078,1.1736948683939072,0.12967046104084073,0.7239320999306341,1.2532181472574673,-0.0009072669215382245,1.2541254141790055,0.0
498,9.96,idle,locomotion,1,34.92635664625567,-0.7513113472922495,0.10973345824050078,1.1736735948232675,0.12972993838764185,0.7239363970056955,1.253218792340589,-0.0009091796429687923,1.2541279719835579,0.0
499,9.98,idle,locomotion,1,34.97302203921464,-0.7523837029880465,0.10973345824050078,1.1736532333940246,0.1297879678563715,0.7239406231232126,1.2532194039315043,-0.0009110628029608825,1.2541304667344653,0.0
500,10.0,idle,locomotion,1,35.01968743217361,-0.7534560586838435,0.10973345824050078,1.1736337784483306,0.12984453081732458,0.7239447781863634,1.2532199820699568,-0.0009129165064640545,1.2541328985764209,0.0
501,10.02,idle,locomotion,1,35.06635282513258,-0.7545284143796405,0.10973345824050078,1.1736152162568556,0.12989962229210567,0.7239488667250791,1.2532205318282064,-0.0009147412019628355,1.2541352730301691,0.0
502,10.04,idle,locomotion,1,35.113018218091554,-0.7556007700754375,0.10973345824050078,1.1735975297376526,0.1299532445580519,0.7239528946883936,1.253221059924829,-0.0009165373569262648,1.2541375972817552,0.0
503,10.06,idle,locomotion,1,35.159683611050525,-0.7566731257712345,0.10973345824050078,1.1735807011618096,0.13000540118371842,0.7239568651675982,1.2532215700951648,-0.0009183054023783471,1.254139875497543,0.0
504,10.08,idle,locomotion,1,35.206349004009496,-0.7577454814670315,0.10973345824050078,1.1735647122024182,0.1300560950010027,0.7239607742064736,1.2532220587886111,-0.0009200456857785325,1.2541421044743897,0.0
505,10.1,idle,locomotion,1,35.25301439696847,-0.7588178371628285,0.10973345824050078,1.1735495431166807,0.1301053342734649,0.7239646281381117,1.253222532096479,-0.0009217590981962197,1.2541442911946752,0.0
506,10.12,idle,locomotion,1,35.29967978992744,-0.7598901928586255,0.10973345824050078,1.1735351744340323,0.1301531301621297,0.7239684396241751,1.2532230025000004,-0.0009234460466659294,1.2541464485466662,0.0
507,10.14,idle,locomotion,1,35.34634518288641,-0.7609625485544225,0.10973345824050078,1.1735215883827712,0.130199493284395,0.7239722222783133,1.2532234825748716,-0.0009251067920904368,1.254148589366962,0.0
508,10.16,idle,locomotion,1,35.39301057584538,-0.7620349042502195,0.10973345824050078,1.1735087668738382,0.130244435809951,0.7239759854435666,1.2532239804878138,-0.0009267414045828655,1.2541507218923966,0.0
509,10.18,idle,locomotion,1,35.43967596880435,-0.7631072599460165,0.10973345824050078,1.1734966936066986,0.13028797193058478,0.7239797306163224,1.2532244969843565,-0.0009283508644839684,1.2541528478488404,0.0
510,10.2,idle,locomotion,1,35.48634136176332,-0.7641796156418135,0.10973345824050078,1.1734853545135213,0.13033011711566483,0.7239834572810354,1.2532250314786009,-0.0009299355462972086,1.2541549670248981,0.0
511,10.22,idle,locomotion,1,35.533006754722294,-0.7652519713376105,0.10973345824050078,1.1734747340989802,0.1303708876257019,0.7239871654250525,1.2532255836665218,-0.0009314959169723913,1.2541570795834942,0.0
512,10.24,idle,locomotion,1,35.579672147681265,-0.7663243270334075,0.10973345824050078,1.173464815614168,0.13041029935191475,0.7239908530676441,1.2532261510447447,-0.0009330326893696311,1.2541591837341144,0.0
513,10.26,idle,locomotion,1,35.626337540640236,-0.7673966827292045,0.10973345824050078,1.1734555827028252,0.13044837049897348,0.7239945190194859,1.2532267319278023,-0.00093454620339916,1.2541612781312015,0.0
514,10.28,idle,locomotion,1,35.67300293359921,-0.7684690384250015,0.10973345824050078,1.173447018143897,0.13048512120996789,0.7239981619530591,1.253227324691473,-0.000936036784627902,1.2541633614761007,0.0
515,10.3,idle,locomotion,1,35.71966832655818,-0.7695413941207985,0.10973345824050078,1.1734391040128922,0.1305205722905128,0.7240017811626319,1.2532279280657996,-0.0009375051709856475,1.2541654332367853,0.0
516,10.32,idle,locomotion,1,35.76633371951715,-0.7706137498165955,0.10973345824050078,1.173431822900973,0.1305547451734986,0.7240053759215332,1.2532285409160302,-0.0009389519195294148,1.2541674928355595,0.0
517,10.34,idle,locomotion,1,35.81299911247612,-0.7716861055123925,0.10973345824050078,1.1734251574575736,0.13058766151992,0.7240089463869734,1.253229162868381,-0.0009403773315402771,1.254169540199921,0.0
518,10.36,idle,locomotion,1,35.85966450543509,-0.7727584612081895,0.10973345824050078,1.1734190893727048,0.13061934426127553,0.7240124933659124,1.2532297942243156,-0.0009417820395415909,1.2541715762638572,0.0
519,10.38,idle,locomotion,1,35.90632989839406,-0.7738308169039865,0.10973345824050078,1.1734135999776762,0.1306498181234296,0.7240160150293294,1.2532304328556576,-0.0009431666006499174,1.2541735994563075,0.0
520,10.4,idle,locomotion,1,35.952995291353034,-0.7749031725997835,0.10973345824050078,1.173408672239361,0.1306791066095694,0.7240195107663094,1.2532310775709725,-0.0009445311720379032,1.2541756087430105,0.0
521,10.42,idle,locomotion,1,35.999660684312005,-0.7759755282955805,0.10973345824050078,1.1734042894687386,0.1307072330911365,0.7240229808642926,1.2532317281812275,-0.0009458761033743282,1.2541776042846018,0.0
522,10.44,idle,locomotion,1,36.046326077270976,-0.7770478839913775,0.10973345824050078,1.1734004331930468,0.1307342236754178,0.7240264245136335,1.2532323835210595,-0.0009472021396988647,1.2541795856607583,0.0
523,10.46,idle,locomotion,1,36.09299147022995,-0.7781202396871745,0.10973345824050078,1.1733970858187945,0.13076010508067365,0.7240298423249473,1.2532330438381623,-0.000948510015883277,1.2541815538540455,0.0
524,10.48,idle,locomotion,1,36.13965686318892,-0.7791925953829715,0.10973345824050078,1.1733942307251397,0.13078490241703017,0.7240332353139367,1.2532337097226662,-0.0009497998077675242,1.2541835095304337,0.0
525,10.5,idle,locomotion,1,36.18632225614789,-0.7802649510787685,0.10973345824050078,1.1733918513389423,0.1308086411523499,0.7240366027889837,1.2532343800551065,-0.0009510720332374066,1.2541854520883438,0.0
526,10.52,idle,locomotion,1,36.23298764910686,-0.7813373067745655,0.10973345824050078,1.1733899315317218,0.1308313465627707,0.7240399442260534,1.2532350537937833,-0.0009523269226277206,1.254187380716411,0.0
527,10.54,idle,locomotion,1,36.27965304206583,-0.7824096624703625,0.10973345824050078,1.173388455068335,0.13085304400512374,0.7240432594793228,1.2532357302208015,-0.0009535651453838057,1.2541892953661853,0.0
528,10.56,idle,locomotion,1,36.3263184350248,-0.7834820181661595,0.10973345824050078,1.1733874069586605,0.1308737584779173,0.7240465486852045,1.2532364088854846,-0.0009547870192747575,1.2541911959047594,0.0
529,10.58,idle,locomotion,1,36.372983827983774,-0.7845543738619565,0.10973345824050078,1.1733867722768554,0.13089351504166463,0.7240498131297228,1.253237090426747,-0.0009559931137518365,1.2541930835404989,0.0
530,10.6,idle,locomotion,1,36.419649220942745,-0.7856267295577535,0.10973345824050078,1.1733865361991864,0.13091233918094844,0.7240530530247749,1.2532377745761443,-0.0009571836956404935,1.2541949582717848,0.0
531,10.62,idle,locomotion,1,36.466314613901716,-0.7866990852535505,0.10973345824050078,1.1733866849503225,0.13093025661942576,0.724056268490216,1.253238461025743,-0.0009583593150395663,1.2541968203407825,0.0
532,10.64,idle,locomotion,1,36.51298000686069,-0.7877714409493475,0.10973345824050078,1.173387205869466,0.13094729125742777,0.7240594599082765,1.2532391496526276,-0.0009595202275215174,1.254198669880149,0.0
533,10.66,idle,locomotion,1,36.55964539981966,-0.7888437966451445,0.10973345824050078,1.1733880857397945,0.13096346702969178,0.724062626600655,1.2532398391343664,-0.0009606666194553644,1.2542005057538217,0.0
534,10.68,idle,locomotion,1,36.60631079277863,-0.7899161523409415,0.10973345824050078,1.1733893110067606,0.1309788076796961,0.7240657682210019,1.2532405282888963,-0.0009617989934656256,1.254202327282362,0.0
535,10.7,idle,locomotion,1,36.6529761857376,-0.7909885080367385,0.10973345824050078,1.1733908691723205,0.1309933374490158,0.7240688867615978,1.2532412184210062,-0.0009629177320916379,1.2542041361530978,0.0
536,10.72,idle,locomotion,1,36.69964157869657,-0.7920608637325355,0.10973345824050078,1.173392748654855,0.13100708074325743,0.7240719826081705,1.2532419096593024,-0.0009640230684950755,1.2542059327277975,0.0
537,10.74,idle,locomotion,1,36.74630697165554,-0.7931332194283325,0.10973345824050078,1.173394938126575,0.13102006073165554,0.7240750551016217,1.2532426007873554,-0.0009651153455967412,1.2542077161329521,0.0
538,10.76,idle,locomotion,1,36.79297236461451,-0.7942055751241295,0.10973345824050078,1.173397426732653,0.13103229979380038,0.7240781047010846,1.2532432915779899,-0.0009661949363486688,1.2542094865143385,0.0
539,10.78,idle,locomotion,1,36.839637757573485,-0.7952779308199265,0.10973345824050078,1.1734002028963046,0.13104382130890907,0.7240811326971875,1.2532439826955448,-0.0009672622650445974,1.2542112449605893,0.0
540,10.8,idle,locomotion,1,36.886303150532456,-0.7963502865157235,0.10973345824050078,1.1734032555518052,0.13105464863668326,0.7240841394790316,1.253244674037754,-0.0009683177712947015,1.2542129918090488,0.0
541,10.82,idle,locomotion,1,36.93296854349143,-0.7974226422115205,0.10973345824050078,1.1734065747511377,0.13106480413991856,0.7240871246399321,1.2532453647569364,-0.0009693616645479984,1.2542147264214845,0.0
542,10.84,idle,locomotion,1,36.9796339364504,-0.7984949979073175,0.10973345824050078,1.173410150360289,0.13107430958394867,0.724090089476492,1.2532460555056522,-0.0009703941736390088,1.2542164496792911,0.0
543,10.86,idle,locomotion,1,37.02629932940937,-0.7995673536031145,0.10973345824050078,1.1734139723147243,0.1310831863327795,0.7240930347567016,1.2532467463804002,-0.0009714154680486933,1.254218161848449,0.0
544,10.88,idle,locomotion,1,37.07296472236834,-0.8006397092989115,0.10973345824050078,1.1734180312850904,0.13109145651520787,0.7240959602073929,1.253247436594357,-0.0009724256415955743,1.2542198622359524,0.0
545,10.9,idle,locomotion,1,37.11963011532731,-0.8017120649947085,0.10973345824050078,1.1734223145659148,0.13109915668608596,0.7240988804401973,1.253248141346985,-0.0009734245781354844,1.2542215659251204,0.0
546,10.92,idle,locomotion,1,37.16629550828628,-0.8027844206905055,0.10973345824050078,1.1734268126202043,0.13110631781308713,0.7241017977868592,1.2532488636685695,-0.0009744130978134001,1.2542232767663828,0.0
547,10.94,idle,locomotion,1,37.21296090124525,-0.8038567763863025,0.10973345824050078,1.173431517723079,0.13111296202486042,0.7241047062115442,1.2532495965384467,-0.0009753915864901541,1.2542249881249368,0.0
548,10.96,idle,locomotion,1,37.259626294204224,-0.8049291320820995,0.10973345824050078,1.1734364216600524,0.13111911055414913,0.7241076032834074,1.2532503363794136,-0.0009763606291316139,1.2542266970085452,0.0
549,10.98,idle,locomotion,1,37.306291687163196,-0.8060014877778965,0.10973345824050078,1.173441518770269,0.1311247832787624,0.7241104871833569,1.2532510807105504,-0.000977320507017005,1.2542284012175673,0.0
550,11.0,idle,locomotion,1,37.35295708012217,-0.8070738434736935,0.10973345824050078,1.1734468053320146,0.131129998820605,0.724113358147806,1.2532518292583839,-0.0009782711404876313,1.2542301003988714,0.0
551,11.02,idle,locomotion,1,37.39962247308114,-0.8081461991694905,0.10973345824050078,1.1734522762594417,0.13113477494576253,0.7241162149564496,1.2532525802865584,-0.0009792127999397708,1.2542317930864981,0.0
552,11.04,idle,locomotion,1,37.44628786604011,-0.8092185548652875,0.10973345824050078,1.1734579260575786,0.1311391304397293,0.7241190590846301,1.25325333452707,-0.0009801460105352544,1.2542334805376052,0.0
553,11.06,idle,locomotion,1,37.49295325899908,-0.8102909105610845,0.10973345824050078,1.173463748375194,0.1311430845587613,0.7241218914348981,1.2532540924726945,-0.0009810709675552483,1.2542351634402498,0.0
554,11.08,idle,locomotion,1,37.53961865195805,-0.8113632662568815,0.10973345824050078,1.1734697380320256,0.1311466553383907,0.7241247123885923,1.2532548539050532,-0.0009819881067939656,1.2542368420118473,0.0
555,11.1,idle,locomotion,1,37.58628404491702,-0.8124356219526785,0.10973345824050078,1.1734758911174858,0.13114985881036342,0.7241275239333325,1.2532556202620897,-0.0009828973123376487,1.2542385175744273,0.0
556,11.12,idle,locomotion,1,37.63294943787599,-0.8135079776484755,0.10973345824050078,1.1734822028876521,0.13115271157360825,0.724130327324751,1.2532563923732714,-0.0009837988336313976,1.2542401912069028,0.0
557,11.14,idle,locomotion,1,37.679614830834964,-0.8145803333442725,0.10973345824050078,1.1734886688265422,0.1311552294014034,0.7241331237527897,1.253257170955634,-0.000984692924586035,1.25424186388022,0.0
558,11.16,idle,locomotion,1,37.726280223793935,-0.8156526890400695,0.10973345824050078,1.1734952840284854,0.131157427257076,0.7241359127541456,1.2532579551187533,-0.0009855793517285633,1.2542435344704819,0.0
559,11.18,idle,locomotion,1,37.77294561675291,-0.8167250447358665,0.10973345824050078,1.1735020425133451,0.13115932084396303,0.7241386947810651,1.2532587446408283,-0.000986458524120215,1.2542452031649485,0.0
560,11.2,idle,locomotion,1,37.81961100971188,-0.8177974004316635,0.10973345824050078,1.1735089387076045,0.13116092534040807,0.7241414728808626,1.2532595419482253,-0.0009873309751304536,1.2542468729233558,0.0
561,11.22,idle,locomotion,1,37.86627640267085,-0.8188697561274605,0.10973345824050078,1.1735159693638888,0.13116225417514857,0.7241442458561195,1.253260345720653,-0.00098819648342088,1.254248542204074,0.0
562,11.24,idle,locomotion,1,37.91294179562982,-0.8199421118232575,0.10973345824050078,1.1735231317577013,0.1311633202617821,0.7241470127661334,1.253261154752184,-0.000989054780485426,1.2542502095326693,0.0
563,11.26,idle,locomotion,1,37.95960718858879,-0.8210144675190545,0.10973345824050078,1.1735304220702045,0.13116413616898764,0.72414977365132,1.2532619687646005,-0.0009899062766294056,1.25425187504123,0.0
564,11.28,idle,locomotion,1,38.00627258154776,-0.8220868232148515,0.10973345824050078,1.1735378363540674,0.13116471248866973,0.7241525300291346,1.2532627885066314,-0.000990751027079042,1.2542535395337104,0.0
565,11.3,idle,locomotion,1,38.05293797450673,-0.8231591789106485,0.10973345824050078,1.173545370595604,0.13116506138965847,0.7241552841890055,1.2532636158708637,-0.00099158957052441,1.254255205441388,0.0
566,11.32,idle,locomotion,1,38.099603367465704,-0.8242315346064455,0.10973345824050078,1.173553021187663,0.13116519542948946,0.7241580378877481,1.2532644524720022,-0.0009924219240821583,1.2542568743960845,0.0
567,11.34,idle,locomotion,1,38.146268760424675,-0.8253038903022425,0.10973345824050078,1.1735607836693762,0.1311651259281828,0.7241607899756567,1.253265296907475,-0.0009932483148398924,1.2542585452223147,0.0
568,11.36,idle,locomotion,1,38.192934153383646,-0.8263762459980395,0.10973345824050078,1.1735686540372763,0.1311648641944695,0.7241635402178651,1.2532661485633325,-0.0009940688350848041,1.2542602173984174,0.0
569,11.38,idle,locomotion,1,38.23959954634262,-0.8274486016938365,0.10973345824050078,1.1735766297103563,0.1311644209212082,0.7241662891906921,1.2532670079348356,-0.0009948833917818173,1.2542618913266175,0.0
570,11.4,idle,locomotion,1,38.28626493930159,-0.8285209573896335,0.10973345824050078,1.1735847074678516,0.131163806214994,0.7241690371534475,1.2532678750625068,-0.000995691818925292,1.2542635668814321,0.0
571,11.42,idle,locomotion,1,38.33293033226056,-0.8295933130854305,0.10973345824050078,1.1735928824052009,0.1311630312190838,0.7241717850568103,1.2532687505847422,-0.0009964947318128019,1.254265245316555,0.0
572,11.44,idle,locomotion,1,38.37959572521953,-0.8306656687812275,0.10973345824050078,1.173601150914397,0.13116210605315454,0.7241745333143181,1.2532696348093024,-0.0009972921446381733,1.2542669269539406,0.0
573,11.46,idle,locomotion,1,38.4262611181785,-0.8317380244770245,0.10973345824050078,1.1736095104660529,0.13116103992615227,0.7241772825293168,1.25327052817786,-0.0009980839599968983,1.254268612137857,0.0
574,11.48,idle,locomotion,1,38.47292651113747,-0.8328103801728215,0.10973345824050078,1.17361796142161,0.13115984201576072,0.724180050158535,1.2532714491223589,-0.0009988701367324333,1.2542703192590914,0.0
575,11.5,idle,locomotion,1,38.519591904096444,-0.8338827358686185,0.10973345824050078,1.1736263823375994,0.13115855137277313,0.724182624330434,1.2532721735334933,-0.0009996422963132016,1.2542718158298065,0.0
576,11.52,idle,locomotion,1,38.566257297055415,-0.8349550915644155,0.10973345824050078,1.1736347835863716,0.13115723429149057,0.7241851802823926,1.2532728666764947,-0.0010004002541344446,1.2542732669306291,0.0
577,11.54,idle,locomotion,1,38.612922690014386,-0.8360274472602125,0.10973345824050078,1.173643082460363,0.13115607674996685,0.7241877210268564,1.2532735563317776,-0.001001160171350584,1.2542747165031283,0.0
578,11.56,idle,locomotion,1,38.65958808297336,-0.8370998029560095,0.10973345824050078,1.1736511529171691,0.13115532272274072,0.7241902670860031,1.253274273893434,-0.0010019344938214242,1.2542762083872554,0.0
579,11.58,idle,locomotion,1,38.70625347593233,-0.8381721586518065,0.10973345824050078,1.1736588219690276,0.1311552557435071,0.7241928363509116,1.2532750671228317,-0.0010027320984356304,1.2542777992212673,0.0
580,11.6,idle,locomotion,1,38.7529188688913,-0.8392445143476035,0.10973345824050078,1.1736663070017306,0.13115568223522886,0.7241955692994675,1.2532760593194534,-0.0010035404970493017,1.2542795998165026,0.0
581,11.62,idle,locomotion,1,38.79958426185027,-0.8403168700434005,0.10973345824050078,1.173673811619331,0.13115634245297064,0.7241984334002718,1.2532771836911174,-0.0010043592513970384,1.2542815429425145,0.0
582,11.64,idle,locomotion,1,38.84624965480924,-0.8413892257391975,0.10973345824050078,1.1736814045434771,0.13115712402364088,0.724201394139168,1.253278390546874,-0.0010051826068622378,1.2542835731537363,0.0
583,11.66,idle,locomotion,1,38.89291504776821,-0.8424615814349945,0.10973345824050078,1.1736891271017267,0.13115796012779274,0.7242044369251381,1.253279661440739,-0.001006002884959934,1.254285664325699,0.0
584,11.68,idle,locomotion,1,38.939580440727184,-0.8435339371307915,0.10973345824050078,1.1736970146321644,0.13115879970147204,0.724207553094618,1.253280988181187,-0.0010068150187144305,1.2542878031999014,0.0
585,11.7,idle,locomotion,1,38.986245833686155,-0.8446062928265885,0.10973345824050078,1.1737050985151325,0.1311595989645959,0.7242107325921532,1.2532823629142091,-0.0010076162968960245,1.254289979211105,0.0
586,11.72,idle,locomotion,1,39.032911226645126,-0.8456786485223855,0.10973345824050078,1.1737134108812755,0.13116031488889152,0.7242139632547105,1.2532837759935889,-0.0010084051502106742,1.2542921811437995,0.0
587,11.74,idle,locomotion,1,39.0795766196041,-0.8467510042181825,0.10973345824050078,1.173721977733461,0.131160910465447,0.7242172342729489,1.2532852195209154,-0.0010091804880518994,1.2542944000089673,0.0
588,11.76,idle,locomotion,1,39.12624201256307,-0.8478233599139795,0.10973345824050078,1.1737308172120986,0.13116135410079804,0.7242205370221269,1.2532866875439723,-0.0010099423482095686,1.2542966298921818,0.0
589,11.78,idle,locomotion,1,39.17290740552204,-0.8488957156097765,0.10973345824050078,1.173739947455424,0.1311616134808354,0.7242238631137747,1.2532881739901394,-0.0010106907009900697,1.2542988646911295,0.0
590,11.8,idle,locomotion,1,39.21957279848101,-0.8499680713055735,0.10973345824050078,1.1737493831976848,0.13116165645852626,0.7242272058375249,1.253289673971855,-0.00101142512751436,1.2543010990993695,0.0
591,11.82,idle,locomotion,1,39.26623819143998,-0.8510404270013705,0.10973345824050078,1.1737591330387334,0.13116145585590513,0.7242305613199235,1.2532911853899338,-0.0010121456605920072,1.2543033310505258,0.0
592,11.84,idle,locomotion,1,39.31290358439895,-0.8521127826971675,0.10973345824050078,1.173769202605239,0.13116098723494643,0.7242339261626756,1.2532927066317483,-0.0010128526823501016,1.2543055593140984,0.0
593,11.86,idle,locomotion,1,39.359568977357924,-0.8531851383929645,0.10973345824050078,1.173779594640072,0.13116022710745623,0.7242372988416659,1.2532942374518792,-0.0010135465538621477,1.2543077840057413,0.0
594,11.88,idle,locomotion,1,39.406234370316895,-0.8542574940887615,0.10973345824050078,1.1737903093809907,0.13115915428312036,0.7242406769035923,1.2532957767903028,-0.0010142276319028525,1.2543100044222057,0.0
595,11.9,idle,locomotion,1,39.452899763275866,-0.8553298497845585,0.10973345824050078,1.1738013442641588,0.13115774978451517,0.7242440580025102,1.2532973235296092,-0.0010148960099385304,1.2543122195395477,0.0
596,11.92,idle,locomotion,1,39.49956515623484,-0.8564022054803555,0.10973345824050078,1.1738126944796525,0.1311559961031044,0.7242474404487578,1.2532988770204183,-0.0010155520265342916,1.2543144290469526,0.0
597,11.94,idle,locomotion,1,39.54623054919381,-0.8574745611761525,0.10973345824050078,1.1738243505041392,0.13115388045798806,0.7242508230317136,1.2533004372023662,-0.0010161961666231775,1.2543166333689892,0.0
598,11.96,idle,locomotion,1,39.59289594215278,-0.8585469168719495,0.10973345824050078,1.1738363034455186,0.13115139031391682,0.7242542053733245,1.253302004536904,-0.001016828997407588,1.2543188335343116,0.0
599,11.98,idle,locomotion,1,39.63956133511175,-0.8596192725677465,0.10973345824050078,1.1738485476487779,0.13114851166219332,0.7242575857054612,1.2533035781860191,-0.001017449839028045,1.2543210280250472,0.0
600,12.0,idle,locomotion,1,39.68622672807072,-0.8606916282635435,0.10973345824050078,1.1738610740622781,0.1311452333573113,0.7242609628156937,1.2533051578311345,-0.0010180583582254273,1.2543232161893598,0.0
601,12.02,idle,locomotion,1,39.73289212102969,-0.8617639839593405,0.10973345824050078,1.1738738714501364,0.1311415473442489,0.7242643348068816,1.2533067425937428,-0.0010186554946764632,1.2543253980884193,0.0
602,12.04,idle,locomotion,1,39.779557513988664,-0.8628363396551375,0.10973345824050078,1.1738869286056877,0.13113744680949888,0.7242676996010408,1.2533083312304145,-0.0010192419568508387,1.2543275731872654,0.0
603,12.06,idle,locomotion,1,39.826222906947635,-0.8639086953509345,0.10973345824050078,1.1739002342383331,0.13113292575012325,0.7242710550704092,1.253309922411465,-0.0010198179903770817,1.254329740401842,0.0
604,12.08,idle,locomotion,1,39.872888299906606,-0.8649810510467315,0.10973345824050078,1.1739137758309952,0.131127981773909,0.7242744000319418,1.2533115158586283,-0.0010203838836540385,1.2543318997422823,0.0
605,12.1,idle,locomotion,1,39.91955369286558,-0.8660534067425285,0.10973345824050078,1.1739275398109867,0.13112261229364366,0.724277733766526,1.253313111362647,-0.001020939855772847,1.2543340512184198,0.0
606,12.12,idle,locomotion,1,39.96621908582455,-0.8671257624383255,0.10973345824050078,1.173941512551718,0.13111681571385436,0.7242810530466796,1.2533147062062082,-0.001021486104763266,1.2543361923109715,0.0
607,12.14,idle,locomotion,1,40.01288447878352,-0.8681981181341225,0.10973345824050078,1.1739556818646852,0.13111059226756722,0.724284357365615,1.2533163002604972,-0.001022022987760076,1.2543383232482572,0.0
608,12.16,idle,locomotion,1,40.05954987174249,-0.8692704738299195,0.10973345824050078,1.1739700358554779,0.13110394282595128,0.7242876471936314,1.253317894490996,-0.001022550444629032,1.254340444935625,0.0
609,12.18,idle,locomotion,1,40.10621526470146,-0.8703428295257165,0.10973345824050078,1.173984561407426,0.1310968716999815,0.7242909214653227,1.2533194885134766,-0.0010230683636311064,1.2543425568771078,0.0
610,12.2,idle,locomotion,1,40.15288065766043,-0.8714151852215135,0.10973345824050078,1.1739992410899474,0.1310893886116147,0.7242941780925393,1.2533210811029833,-0.0010235759830273146,1.2543446570860106,0.0
611,12.22,idle,locomotion,1,40.199546050619404,-0.8724875409173105,0.10973345824050078,1.1740140542820607,0.1310815082191546,0.7242974153921873,1.253322671357409,-0.00102407364391182,1.2543467450013208,0.0
612,12.24,idle,locomotion,1,40.246211443578375,-0.8735598966131075,0.10973345824050078,1.1740289817525713,0.13107324541933002,0.7243006304865187,1.2533242570155692,-0.0010245625158205283,1.2543488195313897,0.0
613,12.26,idle,locomotion,1,40.292876836537346,-0.8746322523089045,0.10973345824050078,1.174044007162647,0.13106461204701325,0.7243038222845909,1.2533258369534679,-0.0010250439965427613,1.2543508809500106,0.0
614,12.28,idle,locomotion,1,40.33954222949632,-0.8757046080047015,0.10973345824050078,1.174059116892849,0.13105561767445073,0.7243069893030772,1.2533274096115659,-0.0010255184517073447,1.2543529280632733,0.0
615,12.3,idle,locomotion,1,40.38620762245529,-0.8767769637004985,0.10973345824050078,1.1740742965806534,0.13104627457832246,0.724310130189129,1.2533289737398696,-0.0010259862565436192,1.2543549599964132,0.0
616,12.32,idle,locomotion,1,40.43287301541426,-0.8778493193962955,0.10973345824050078,1.1740895348754727,0.13103659293290806,0.7243132443282142,1.25333052855962,-0.0010264478545388908,1.2543569764141589,0.0
617,12.34,idle,locomotion,1,40.47953840837323,-0.8789216750920925,0.10973345824050078,1.1741048219607637,0.13102658280818155,0.7243163327055555,1.253332074845254,-0.0010269033157297332,1.2543589781609839,0.0
618,12.36,idle,locomotion,1,40.5262038013322,-0.8799940307878895,0.10973345824050078,1.174120147464965,0.1310162554468207,0.7243193955589426,1.2533336127377137,-0.00102735282466547,1.254360965562379,0.0
619,12.38,idle,locomotion,1,40.57286919429117,-0.8810663864836865,0.10973345824050078,1.1741355024048894,0.13100562173945396,0.7243224307253437,1.2533351399693813,-0.001027796405409398,1.2543629363747906,0.0
620,12.4,idle,locomotion,1,40.61953458725014,-0.8821387421794835,0.10973345824050078,1.174150880305622,0.1309946915996456,0.7243254397718212,1.2533366576076872,-0.0010282340859092617,1.2543648916935966,0.0
621,12.42,idle,locomotion,1,40.666199980209115,-0.8832110978752805,0.10973345824050078,1.1741662751010018,0.13098347547765596,0.7243284217247631,1.2533381647258655,-0.0010286658600725286,1.254366830585938,0.0
622,12.44,idle,locomotion,1,40.712865373168086,-0.8842834535710775,0.10973345824050078,1.1741816795225632,0.13097198437713262,0.7243313745782703,1.2533396590338424,-0.0010290919118675045,1.2543687509457098,0.0
623,12.46,idle,locomotion,1,40.75953076612706,-0.8853558092668745,0.10973345824050078,1.1741970888407918,0.1309602279476051,0.7243343002339114,1.2533411418964884,-0.0010295123814325242,1.254370654277921,0.0
624,12.48,idle,locomotion,1,40.80619615908603,-0.8864281649626715,0.10973345824050078,1.1742124976395534,0.1309482158162177,0.7243371989326824,1.253342613162558,-0.0010299272812904284,1.2543725404438484,0.0
625,12.5,idle,locomotion,1,40.852861552045,-0.8875005206584685,0.10973345824050078,1.1742279014921737,0.1309359585079567,0.7243400706034812,1.2533440723488083,-0.0010303369029828376,1.2543744092517912,0.0
626,12.52,idle,locomotion,1,40.89952694500397,-0.8885728763542655,0.10973345824050078,1.1742432982589903,0.13092346694864085,0.724342915648162,1.2533455197824934,-0.0010307411900324914,1.254376260972526,0.0
627,12.54,idle,locomotion,1,40.94619233796294,-0.8896452320500625,0.10973345824050078,1.1742586851915704,0.13091075075535477,0.7243457333371467,1.2533469543560647,-0.0010311400266161536,1.2543780943826808,0.0
628,12.56,idle,locomotion,1,40.99285773092191,-0.8907175877458595,0.10973345824050078,1.174274059231984,0.13089781963205802,0.724348523736165,1.2533483755639068,-0.0010315333303574648,1.2543799088942642,0.0
629,12.58,idle,locomotion,1,41.03952312388088,-0.8917899434416565,0.10973345824050078,1.1742894180413472,0.13088468391256897,0.7243512876618292,1.2533497839093801,-0.0010319213640212835,1.2543817052734014,0.0
630,12.6,idle,locomotion,1,41.086188516839854,-0.8928622991374535,0.10973345824050078,1.17430475739132,0.13087135495653654,0.7243540240552891,1.2533511780866236,-0.0010323044244508646,1.2543834825110745,0.0
631,12.62,idle,locomotion,1,41.132853909798825,-0.8939346548332505,0.10973345824050078,1.1743200779418062,0.1308578421129402,0.724356733129507,1.2533525579287912,-0.0010326826874341236,1.2543852406162252,0.0
632,12.64,idle,locomotion,1,41.1795193027578,-0.8950070105290475,0.10973345824050078,1.1743353786360045,0.13084415452106357,0.7243594152813931,1.253353923467888,-0.0010330558762365813,1.2543869793441247,0.0
633,12.66,idle,locomotion,1,41.22618469571677,-0.8960793662248445,0.10973345824050078,1.1743506568854418,0.1308303021884552,0.7243620714839837,1.2533552751485892,-0.0010334243042543767,1.2543886994528437,0.0
634,12.68,idle,locomotion,1,41.27285008867574,-0.8971517219206415,0.10973345824050078,1.1743659123020005,0.13081629501453146,0.7243647035948297,1.2533566145921478,-0.0010337883059276382,1.2543904028980755,0.0
635,12.7,idle,locomotion,1,41.31951548163471,-0.8982240776164385,0.10973345824050078,1.1743811440151557,0.1308021426551426,0.7243673121106079,1.2533579420510947,-0.0010341478681291198,1.2543920899192238,0.0
636,12.72,idle,locomotion,1,41.36618087459368,-0.8992964333122355,0.10973345824050078,1.174396350293221,0.13078785462629516,0.7243698962265857,1.2533592563430669,-0.0010345029986279786,1.254393759341695,0.0
637,12.74,idle,locomotion,1,41.41284626755265,-0.9003687890080325,0.10973345824050078,1.1744115316865011,0.13077343918540438,0.7243724546320337,1.2533605558693375,-0.001034853801610492,1.254395409670948,0.0
638,12.76,idle,locomotion,1,41.45951166051162,-0.9014411447038295,0.10973345824050078,1.1744266875409508,0.1307589047998175,0.7243749875567588,1.2533618405178122,-0.0010352000118308245,1.254397040529643,0.0
639,12.78,idle,locomotion,1,41.506177053470594,-0.9025135003996265,0.10973345824050078,1.1744418166185142,0.13074425977007886,0.7243774954868826,1.2533631103768677,-0.001035541858779094,1.2543986522356467,0.0
640,12.8,idle,locomotion,1,41.552842446429565,-0.9035858560954235,0.10973345824050078,1.1744569207190887,0.13072951204479163,0.7243799800131817,1.2533643668690182,-0.0010358785002031988,1.2544002453692213,0.0
641,12.82,idle,locomotion,1,41.59950783938854,-0.9046582117912205,0.10973345824050078,1.174471998968981,0.13071466997026404,0.7243824410911055,1.253365609827426,-0.0010362102886214766,1.2544018201160474,0.0
642,12.84,idle,locomotion,1,41.64617323234751,-0.9057305674870175,0.10973345824050078,1.174487051362569,0.13069974018105351,0.7243848795604337,1.2533668395298796,-0.0010365380115744081,1.254403377541454,0.0
643,12.86,idle,locomotion,1,41.69283862530648,-0.9068029231828145,0.10973345824050078,1.1745020785859313,0.13068472951133764,0.7243872964112446,1.2533680567267778,-0.0010368619064914618,1.2544049186332693,0.0
644,12.88,idle,locomotion,1,41.73950401826545,-0.9078752788786115,0.10973345824050078,1.1745170796133404,0.13066964643580015,0.7243896903439081,1.253369260113217,-0.0010371819844883293,1.2544064420977052,0.0
645,12.9,idle,locomotion,1,41.78616941122442,-0.9089476345744085,0.10973345824050078,1.174532055205481,0.13065449728177744,0.7243920612615672,1.253370449279374,-0.0010374983074100223,1.254407947586784,0.0
646,12.92,idle,locomotion,1,41.83283480418339,-0.9100199902702055,0.10973345824050078,1.1745470048216027,0.13063928824471874,0.724394409953964,1.2533716247097586,-0.001037810952302761,1.2544094356620614,0.0
647,12.94,idle,locomotion,1,41.87950019714236,-0.9110923459660025,0.10973345824050078,1.1745619269142762,0.1306240266621649,0.7243967370283015,1.253372786726171,-0.0010381201323643938,1.2544109068585354,0.0
648,12.96,idle,locomotion,1,41.926165590101334,-0.9121647016617995,0.10973345824050078,1.1745768220778765,0.1306087193913779,0.7243990439775142,1.25337393663494,-0.0010384260504578968,1.2544123626853978,0.0
649,12.98,idle,locomotion,1,41.972830983060305,-0.9132370573575965,0.10973345824050078,1.1745916900976865,0.1305933728195063,0.7244013293311407,1.253375072917781,-0.0010387285209167117,1.2544138014386979,0.0
650,13.0,idle,locomotion,1,42.019496376019276,-0.9143094130533935,0.10973345824050078,1.174606530620928,0.1305779936319317,0.7244035936414704,1.2533761958684204,-0.001039027781529197,1.2544152236499495,0.0
651,13.02,idle,locomotion,1,42.06616176897825,-0.9153817687491905,0.10973345824050078,1.1746213420035165,0.13056258771292753,0.7244058360815141,1.253377304456441,-0.001039323629867011,1.2544166280863078,0.0
652,13.04,idle,locomotion,1,42.11282716193722,-0.9164541244449875,0.10973345824050078,1.174636125986863,0.13054716029160776,0.724408058566952,1.2533784002325499,-0.0010396162774328928,1.2544180165099827,0.0
653,13.06,idle,locomotion,1,42.15949255489619,-0.9175264801407845,0.10973345824050078,1.1746508820777173,0.13053171752045917,0.7244102611282679,1.2533794834056904,-0.0010399056093168269,1.2544193890150073,0.0
654,13.08,idle,locomotion,1,42.20615794785516,-0.9185988358365815,0.10973345824050078,1.1746656087923688,0.1305162660776857,0.7244124441151503,1.2533805541792349,-0.0010401921042901587,1.254420746283525,0.0
655,13.1,idle,locomotion,1,42.25282334081413,-0.9196711915323785,0.10973345824050078,1.174680306278113,0.13050081110901768,0.7244146068318713,1.2533816118765937,-0.0010404755754118526,1.2544220874520056,0.0
656,13.12,idle,locomotion,1,42.2994887337731,-0.9207435472281755,0.10973345824050078,1.1746949738512162,0.1304853565996933,0.7244167495063383,1.2533826562807207,-0.0010407561746438483,1.2544234124553646,0.0
657,13.14,idle,locomotion,1,42.346154126732074,-0.9218159029239725,0.10973345824050078,1.1747096116304951,0.13046990753608445,0.7244188732660056,1.2533836884995695,-0.0010410338757884281,1.254424722375358,0.0
658,13.16,idle,locomotion,1,42.392819519691045,-0.9228882586197695,0.10973345824050078,1.1747242202126857,0.13045446840839067,0.7244209786323071,1.2533847090687114,-0.001041308682285906,1.2544260177509972,0.0
659,13.18,idle,locomotion,1,42.439484912650016,-0.9239606143155665,0.10973345824050078,1.1747387993553093,0.13043904234298598,0.7244230642590639,1.2533857165064373,-0.0010415804224763354,1.2544272969289136,0.0
660,13.2,idle,locomotion,1,42.48615030560899,-0.9250329700113635,0.10973345824050078,1.1747533480605656,0.13042363311145516,0.7244251295634001,1.2533867100728369,-0.0010418492222632504,1.2544285592951,0.0
661,13.22,idle,locomotion,1,42.53281569856796,-0.9261053257071605,0.10973345824050078,1.1747678655750011,0.13040824529024994,0.7244271776065766,1.2533876926671432,-0.0010421153943395225,1.2544298080614829,0.0
662,13.24,idle,locomotion,1,42.57948109152693,-0.9271776814029575,0.10973345824050078,1.1747823532858133,0.130392882208808,0.7244292086518846,1.2533886647651098,-0.0010423788148514503,1.2544310435799613,0.0
663,13.26,idle,locomotion,1,42.6261464844859,-0.9282500370987545,0.10973345824050078,1.1747968110567666,0.13037754661244447,0.7244312212518158,1.2533896248392575,-0.0010426394953903621,1.254432264334648,0.0
664,13.28,idle,locomotion,1,42.67281187744487,-0.9293223927945515,0.10973345824050078,1.1748112366100123,0.13036224229547969,0.7244332156010695,1.2533905728892492,-0.0010428975399470047,1.2544334704291962,0.0
665,13.3,idle,locomotion,1,42.71947727040384,-0.9303947484903485,0.10973345824050078,1.1748256286094954,0.1303469733545848,0.7244351932243794,1.2533915103347506,-0.001043153101886518,1.254434663436637,0.0
666,13.32,idle,locomotion,1,42.766142663362814,-0.9314671041861455,0.10973345824050078,1.1748399878658449,0.13033174310615117,0.7244371542272006,1.253392437433066,-0.0010434061689897842,1.2544358436020557,0.0
667,13.34,idle,locomotion,1,42.812808056321785,-0.9325394598819425,0.10973345824050078,1.1748543135854954,0.13031655461832828,0.7244390966114156,1.2533933522233678,-0.0010436565538518988,1.2544370087772196,0.0
668,13.36,idle,locomotion,1,42.859473449280756,-0.9336118155777395,0.10973345824050078,1.1748686040543728,0.130301411568831,0.7244410227292192,1.253394256776686,-0.0010439045916717064,1.2544381613683577,0.0
669,13.38,idle,locomotion,1,42.90613884223973,-0.9346841712735365,0.10973345824050078,1.174882858404492,0.1302863166615978,0.7244429338751847,1.2533951524062676,-0.0010441503879934227,1.254439302794261,0.0
670,13.4,idle,locomotion,1,42.9528042351987,-0.9357565269693335,0.10973345824050078,1.1748970754332337,0.13027127328345395,0.7244448277676182,1.2533960369881787,-0.0010443938654544245,1.2544404308536332,0.0
671,13.42,idle,locomotion,1,42.99946962815767,-0.9368288826651305,0.10973345824050078,1.174911255782855,0.130256283296711,0.7244467046740887,1.2533969106561438,-0.0010446350648745627,1.2544415457210183,0.0
672,13.44,idle,locomotion,1,43.04613502111664,-0.9379012383609275,0.10973345824050078,1.1749253998578464,0.1302413468586292,0.7244485646270183,1.2533977732367891,-0.0010448737327178707,1.254442646969507,0.0
673,13.46,idle,locomotion,1,43.09280041407561,-0.9389735940567245,0.10973345824050078,1.1749395081709437,0.13022646648923483,0.7244504083016418,1.2533986255302663,-0.0010451098747587678,1.254443735405025,0.0
674,13.48,idle,locomotion,1,43.13946580703458,-0.9400459497525215,0.10973345824050078,1.1749535789800003,0.13021164592420775,0.7244522360017692,1.2533994681353364,-0.0010453436130846497,1.254444811748421,0.0
675,13.5,idle,locomotion,1,43.186131199993554,-0.9411183054483185,0.10973345824050078,1.1749676092293657,0.1301968876977361,0.7244540475365555,1.2534003006699481,-0.001045575395995587,1.2544458760659436,0.0
676,13.52,idle,locomotion,1,43.232796592952525,-0.9421906611441155,0.10973345824050078,1.1749815985868983,0.13018219353144247,0.7244558442023484,1.2534011243050769,-0.0010458053085200258,1.254446929613597,0.0
677,13.54,idle,locomotion,1,43.279461985911496,-0.9432630168399125,0.10973345824050078,1.174995546617171,0.1301675649251247,0.7244576259765051,1.2534019390130133,-0.0010460332488696489,1.2544479722618829,0.0
678,13.56,idle,locomotion,1,43.32612737887047,-0.9443353725357095,0.10973345824050078,1.1750094539135303,0.13015300303381375,0.7244593936287118,1.2534027454889853,-0.001046259169242024,1.2544490046582273,0.0
679,13.58,idle,locomotion,1,43.37279277182944,-0.9454077282315065,0.10973345824050078,1.1750233178846505,0.1301385105885817,0.7244611466361065,1.25340354345689,-0.001046483172478501,1.2544500266293686,0.0
680,13.6,idle,locomotion,1,43.41945816478841,-0.9464800839273035,0.10973345824050078,1.1750371363185488,0.1301240901811721,0.724462884558208,1.2534043325185675,-0.001046705710354437,1.254451038228922,0.0
681,13.62,idle,locomotion,1,43.46612355774738,-0.9475524396231005,0.10973345824050078,1.1750509078953808,0.13010974343300913,0.7244646076380218,1.2534051127867663,-0.001046926668501244,1.2544520394552674,0.0
682,13.64,idle,locomotion,1,43.51278895070635,-0.9486247953188975,0.10973345824050078,1.1750646332781052,0.13009547218226722,0.7244663177402715,1.2534058861124706,-0.0010471463405707787,1.2544530324530414,0.0
683,13.66,idle,locomotion,1,43.55945434366532,-0.9496971510146945,0.10973345824050078,1.175078312838459,0.13008127779120804,0.7244680140509977,1.2534066519175717,-0.0010473643470325436,1.2544540162646043,0.0
684,13.68,idle,locomotion,1,43.606119736624294,-0.9507695067104915,0.10973345824050078,1.175091945587714,0.1300671615907284,0.7244696959103364,1.2534074093637015,-0.001047580825484215,1.2544549901891857,0.0
685,13.7,idle,locomotion,1,43.652785129583265,-0.9518418624062885,0.10973345824050078,1.1751055318565231,0.13005312364616625,0.7244713649195994,1.2534081597844278,-0.0010477958556096394,1.2544559556400374,0.0
686,13.72,idle,locomotion,1,43.699450522542236,-0.9529142181020855,0.10973345824050078,1.1751190705998944,0.13003916641001337,0.7244730202210443,1.2534089026080986,-0.0010480090312418831,1.2544569116393405,0.0
687,13.74,idle,locomotion,1,43.74611591550121,-0.9539865737978825,0.10973345824050078,1.1751325611569776,0.1300252908706161,0.7244746616741328,1.2534096375441164,-0.0010482206006221968,1.2544578581447385,0.0
688,13.76,idle,locomotion,1,43.79278130846018,-0.9550589294936795,0.10973345824050078,1.1751460048135867,0.1300114956056737,0.7244762888521106,1.2534103639808305,-0.0010484302734274815,1.254458794254258,0.0
689,13.78,idle,locomotion,1,43.83944670141915,-0.9561312851894765,0.10973345824050078,1.1751594005930395,0.12999778259924097,0.724477901902434,1.2534110821608262,-0.0010486379476138397,1.25445972010844,0.0
690,13.8,idle,locomotion,1,43.88611209437812,-0.9572036408852735,0.10973345824050078,1.175172746761983,0.129984154742715,0.7244795024559194,1.2534117937388247,-0.0010488440008233416,1.254460637739648,0.0
691,13.82,idle,locomotion,1,43.93277748733709,-0.9582759965810705,0.10973345824050078,1.175186044188029,0.1299706111714508,0.7244810898742586,1.2534124978657422,-0.001049048323551991,1.254461546189294,0.0
692,13.84,idle,locomotion,1,43.97944288029606,-0.9593483522768675,0.10973345824050078,1.1751992936583397,0.12995715160037294,0.724482664856784,1.2534131950761536,-0.0010492509141886638,1.2544624459903422,0.0
693,13.86,idle,locomotion,1,44.02610827325503,-0.9604207079726645,0.10973345824050078,1.1752124941725777,0.1299437779608366,0.7244842276303989,1.2534138858233967,-0.0010494517499598857,1.2544633375733567,0.0
694,13.88,idle,locomotion,1,44.072773666214005,-0.9614930636684615,0.10973345824050078,1.1752256466419708,0.12993049007473376,0.7244857771825182,1.2534145691217553,-0.0010496510244824737,1.2544642201462377,0.0
695,13.9,idle,locomotion,1,44.119439059172976,-0.9625654193642585,0.10973345824050078,1.1752387517893517,0.12991728766319294,0.7244873136638698,1.2534152451214395,-0.0010498483044458322,1.2544650934258854,0.0
696,13.92,idle,locomotion,1,44.16610445213195,-0.9636377750600555,0.10973345824050078,1.1752518090197936,0.12990417121761558,0.7244888369444074,1.2534159137004242,-0.0010500435742850402,1.2544659572747092,0.0
697,13.94,idle,locomotion,1,44.21276984509092,-0.9647101307558525,0.10973345824050078,1.1752648182093768,0.12989114107207608,0.7244903468792897,1.2534165747563069,-0.0010502370330587665,1.2544668117893656,0.0
698,13.96,idle,locomotion,1,44.25943523804989,-0.9657824864516495,0.10973345824050078,1.175277779188597,0.12987819711486825,0.7244918457051488,1.2534172304399809,-0.001050428936642641,1.2544676593766235,0.0
699,13.98,idle,locomotion,1,44.30610063100886,-0.9668548421474465,0.10973345824050078,1.175290689583937,0.12986534084914048,0.7244933337429523,1.2534178811682193,-0.0010506191847950291,1.2544685003530143,0.0
700,14.0,idle,locomotion,1,44.35276602396783,-0.9679271978432435,0.10973345824050078,1.175303549203702,0.12985257219775934,0.7244948096782986,1.2534185255269448,-0.001050807995295125,1.2544693335222399,0.0
701,14.02,idle,locomotion,1,44.3994314169268,-0.9689995535390405,0.10973345824050078,1.1753163578022259,0.1298398902411189,0.7244962759014612,1.2534191655510627,-0.001050995425553189,1.2544701609766158,0.0
702,14.04,idle,locomotion,1,44.44609680988577,-0.9700719092348375,0.10973345824050078,1.1753291152578793,0.12982729573656032,0.7244977323225701,1.2534198014041378,-0.0010511812052199816,1.2544709826093579,0.0
703,14.06,idle,locomotion,1,44.492762202844744,-0.9711442649306345,0.10973345824050078,1.1753418212795386,0.12981478917927144,0.7244991787946975,1.2534204328666343,-0.0010513653999217332,1.254471798266556,0.0
704,14.08,idle,locomotion,1,44.539427595803716,-0.9722166206264315,0.10973345824050078,1.1753544757721202,0.12980237013880908,0.7245006149413995,1.253421059601472,-0.001051548011609199,1.2544726076130812,0.0
705,14.1,idle,locomotion,1,44.58609298876269,-0.9732889763222285,0.10973345824050078,1.175367078973128,0.1297900388079796,0.7245020402361275,1.2534216811981953,-0.00105172896363033,1.2544734101618256,0.0
706,14.12,idle,locomotion,1,44.63275838172166,-0.9743613320180255,0.10973345824050078,1.1753796300308184,0.1297777958705975,0.7245034540140676,1.2534222971007345,-0.0010519081527086555,1.2544742052534432,0.0
707,14.14,idle,locomotion,1,44.67942377468063,-0.9754336877138226,0.10973345824050078,1.175392128875474,0.12976564097565985,0.724504857319872,1.2534229081670656,-0.0010520858409871214,1.2544749940080526,0.0
708,14.16,idle,locomotion,1,44.7260891676396,-0.9765060434096196,0.10973345824050078,1.175404575554733,0.12975357415591746,0.7245062508561457,1.2534235152106759,-0.001052261877537257,1.2544757770882131,0.0
709,14.18,idle,locomotion,1,44.77275456059857,-0.9775783991054166,0.10973345824050078,1.1754169689949039,0.12974159593255977,0.7245076336508464,1.2534241173145912,-0.0010524362919640678,1.2544765536065554,0.0
710,14.2,idle,locomotion,1,44.81941995355754,-0.9786507548012136,0.10973345824050078,1.1754293078233997,0.12972970656631833,0.724509007148962,1.2534247156340914,-0.0010526092420401895,1.2544773248761316,0.0
711,14.22,idle,locomotion,1,44.86608534651651,-0.9797231104970106,0.10973345824050078,1.1754415924229376,0.1297179052699082,0.7245103722813196,1.2534253110706273,-0.0010527808837478905,1.2544780919543752,0.0
712,14.24,idle,locomotion,1,44.912750739475484,-0.9807954661928076,0.10973345824050078,1.175453824209476,0.12970619143589082,0.7245117281039831,1.25342590284817,-0.0010529509696880004,1.254478853817858,0.0
713,14.26,idle,locomotion,1,44.959416132434455,-0.9818678218886046,0.10973345824050078,1.1754660034393498,0.1296945647959476,0.72451307413808,1.2534264905928163,-0.001053119290785904,1.2544796098836022,0.0
714,14.28,idle,locomotion,1,45.00608152539343,-0.9829401775844016,0.10973345824050078,1.1754781292968057,0.12968302523374337,0.7245144099772755,1.2534270739852809,-0.0010532860279108165,1.2544803600131917,0.0
715,14.3,idle,locomotion,1,45.0527469183524,-0.9840125332801986,0.10973345824050078,1.1754902007796142,0.1296715714586946,0.7245157361153106,1.2534276532462256,-0.0010534513154158015,1.2544811045616415,0.0
716,14.32,idle,locomotion,1,45.09941231131137,-0.9850848889759956,0.10973345824050078,1.1755022181687709,0.1296602024127317,0.7245170533814683,1.2534282291662853,-0.0010536151978094432,1.2544818443640948,0.0
717,14.34,idle,locomotion,1,45.14607770427034,-0.9861572446717926,0.10973345824050078,1.1755141816284405,0.1296489183500437,0.7245183632394181,1.2534288033156133,-0.0010537775053863288,1.2544825808209996,0.0
718,14.36,idle,locomotion,1,45.19274309722931,-0.9872296003675896,0.10973345824050078,1.1755260918863655,0.12963771846295055,0.7245196649348783,1.2534293750482637,-0.001053938170591337,1.254483313218855,0.0
719,14.38,idle,locomotion,1,45.23940849018828,-0.9883019560633866,0.10973345824050078,1.1755379505060797,0.12962660047906197,0.724520957746593,1.2534299435182177,-0.0010540970844416832,1.2544840406026594,0.0
720,14.4,idle,locomotion,1,45.28607388314725,-0.9893743117591836,0.10973345824050078,1.175549757155423,0.12961556448348288,0.7245222418658079,1.2534305091167681,-0.0010542541194094278,1.2544847632361775,0.0
721,14.42,idle,locomotion,1,45.332739276106224,-0.9904466674549806,0.10973345824050078,1.1755615102127235,0.12960461088993644,0.7245235176040736,1.253431072169473,-0.0010544098374693257,1.2544854820069424,0.0
722,14.44,idle,locomotion,1,45.379404669065195,-0.9915190231507776,0.10973345824050078,1.175573208795791,0.12959373926732282,0.7245247864059039,1.253431633946476,-0.0010545643014836202,1.2544861982479596,0.0
723,14.46,idle,locomotion,1,45.426070062024166,-0.9925913788465746,0.10973345824050078,1.1755848511211755,0.12958295096513123,0.7245260480264384,1.2534321943921123,-0.0010547174364412444,1.2544869118285535,0.0
724,14.48,idle,locomotion,1,45.47273545498314,-0.9936637345423716,0.10973345824050078,1.175596437399137,0.12957224507347517,0.7245273018507657,1.253432752731297,-0.0010548693652694813,1.2544876220965664,0.0
725,14.5,idle,locomotion,1,45.51940084794211,-0.9947360902381686,0.10973345824050078,1.175607967182467,0.12956162098127846,0.724528547131703,1.2534333081529812,-0.0010550196944531971,1.2544883278474344,0.0
726,14.52,idle,locomotion,1,45.56606624090108,-0.9958084459339656,0.10973345824050078,1.175619439994062,0.12955107881732444,0.7245297848122049,1.2534338614715843,-0.0010551687306657176,1.25448903020225,0.0
727,14.54,idle,locomotion,1,45.61273163386005,-0.9968808016297626,0.10973345824050078,1.175630856982046,0.1295406166615726,0.7245310156973845,1.2534344134060362,-0.001055316423366804,1.254489729829403,0.0
728,14.56,idle,locomotion,1,45.65939702681902,-0.9979531573255596,0.10973345824050078,1.1756422192169433,0.129530233264268,0.7245322394020342,1.253434963668347,-0.0010554625700648183,1.2544904262384118,0.0
729,14.58,idle,locomotion,1,45.70606241977799,-0.9990255130213566,0.10973345824050078,1.1756535273210333,0.12951992778358823,0.7245334561714378,1.2534355125464114,-0.0010556070979216153,1.254491119644333,0.0
730,14.6,idle,locomotion,1,45.752727812736964,-1.0000978687171536,0.10973345824050078,1.1756647823880315,0.129509698847687,0.7245346675196593,1.2534360615423286,-0.0010557500887063004,1.2544918116310348,0.0
731,14.62,idle,locomotion,1,45.799393205695935,-1.0011702244129506,0.10973345824050078,1.1756759846995704,0.12949954567382332,0.724535871774496,1.2534366092136777,-0.0010558911941192378,1.254492500407797,0.0
732,14.64,idle,locomotion,1,45.846058598654906,-1.0022425801087476,0.10973345824050078,1.1756871320126958,0.1294894695148436,0.7245370685785918,1.2534371552035408,-0.0010560307853096258,1.2544931859888504,0.0
733,14.66,idle,locomotion,1,45.89272399161388,-1.0033149358045446,0.10973345824050078,1.1756982211808205,0.1294794709355916,0.7245382589927969,1.2534377003365227,-0.0010561692966325753,1.2544938696331553,0.0
734,14.68,idle,locomotion,1,45.93938938457285,-1.0043872915003416,0.10973345824050078,1.1757092538035236,0.12946954802886126,0.7245394427254525,1.2534382441374554,-0.001056306502541668,1.2544945506399972,0.0
735,14.7,idle,locomotion,1,45.98605477753182,-1.0054596471961386,0.10973345824050078,1.1757202334440386,0.12945969671180765,0.7245406213575373,1.2534387880362428,-0.001056442292921303,1.254495230329164,0.0
736,14.72,idle,locomotion,1,46.03272017049079,-1.0065320028919356,0.10973345824050078,1.1757311618064281,0.12944990961690678,0.7245417954187142,1.2534393322871218,-0.0010565764165233124,1.2544959087036451,0.0
737,14.74,idle,locomotion,1,46.07938556344976,-1.0076043585877326,0.10973345824050078,1.1757420405351338,0.1294401792212606,0.7245429640738512,1.253439875774205,-0.0010567087309246055,1.2544965845051295,0.0
738,14.76,idle,locomotion,1,46.12605095640873,-1.0086767142835296,0.10973345824050078,1.1757528725092032,0.12943049898268988,0.7245441273131382,1.2534404185914685,-0.0010568390653876575,1.254497257656856,0.0
739,14.78,idle,locomotion,1,46.172716349367704,-1.0097490699793266,0.10973345824050078,1.1757636597089127,0.1294208633205987,0.7245452833258527,1.2534409592532487,-0.0010569669440557497,1.2544979261973044,0.0
740,14.8,idle,locomotion,1,46.219381742326675,-1.0108214256751236,0.10973345824050078,1.1757744033818365,0.12941126737446132,0.7245464323369063,1.2534414980090693,-0.0010570925203171287,1.2544985905293864,0.0
741,14.82,idle,locomotion,1,46.266047135285646,-1.0118937813709206,0.10973345824050078,1.175785105476033,0.12940170656073582,0.7245475758958365,1.2534420365680128,-0.0010572158760327847,1.2544992524440455,0.0
742,14.84,idle,locomotion,1,46.31271252824462,-1.0129661370667176,0.10973345824050078,1.1757957687184684,0.12939217820130347,0.7245487086104028,1.2534425701466678,-0.0010573370674428102,1.2544999072141105,0.0
743,14.86,idle,locomotion,1,46.35937792120359,-1.0140384927625146,0.10973345824050078,1.1758063963787695,0.12938267862378305,0.72454982995325,1.2534430976532023,-0.0010574539769318998,1.2545005516301342,0.0
744,14.88,idle,locomotion,1,46.40604331416256,-1.0151108484583116,0.10973345824050078,1.1758169892574446,0.12937320377765255,0.7245509410312535,1.2534436206733488,-0.0010575670005811902,1.25450118767393,0.0
745,14.9,idle,locomotion,1,46.45270870712153,-1.0161832041541086,0.10973345824050078,1.1758275488316112,0.12936374637003087,0.724552045609855,1.2534441421997722,-0.0010576768223771668,1.2545018190221493,0.0
746,14.92,idle,locomotion,1,46.4993741000805,-1.0172555598499056,0.10973345824050078,1.175838079564823,0.12935429884161576,0.7245531423458345,1.2534446607334697,-0.001057783563071825,1.2545024442965416,0.0
747,14.94,idle,locomotion,1,46.54603949303947,-1.0183279155457026,0.10973345824050078,1.1758485854990501,0.12934485515350932,0.7245542307805845,1.25344517635456,-0.0010578869867533224,1.2545030633413132,0.0
748,14.96,idle,locomotion,1,46.592704885998444,-1.0194002712414996,0.10973345824050078,1.1758590683123726,0.1293354110599023,0.7245553112963015,1.2534456893421555,-0.0010579878191742213,1.2545036771613298,0.0
749,14.98,idle,locomotion,1,46.639370278957415,-1.0204726269372966,0.10973345824050078,1.175869529461884,0.1293259614588238,0.7245563849170495,1.253446200874676,-0.0010580856485253205,1.2545042865232015,0.0
750,15.0,idle,locomotion,1,46.686035671916386,-1.0215449826330936,0.10973345824050078,1.1758799710938803,0.12931650391109184,0.7245574481394136,1.25344670828949,-0.0010581807011169758,1.254504888990607,0.0
751,15.02,idle,locomotion,1,46.73270106487536,-1.0226173383288906,0.10973345824050078,1.1758903925154203,0.12930703332479393,0.7245585051618608,1.2534472143710527,-0.0010582734782776208,1.2545054878493302,0.0
752,15.04,idle,locomotion,1,46.77936645783433,-1.0236896940246876,0.10973345824050078,1.175900795084686,0.1292975469173341,0.7245595541607339,1.253447718463066,-0.0010583639077830949,1.254506082370849,0.0
753,15.06,idle,locomotion,1,46.8260318507933,-1.0247620497204846,0.10973345824050078,1.1759111816252745,0.12928804143617786,0.7245605949987449,1.2534482191562597,-0.001058452214193796,1.2545066713704536,0.0
754,15.08,idle,locomotion,1,46.87269724375227,-1.0258344054162816,0.10973345824050078,1.1759215512211814,0.12927851476304314,0.724561628244781,1.2534487178180234,-0.0010585378836348372,1.254507255701658,0.0
755,15.1,idle,locomotion,1,46.91936263671124,-1.0269067611120786,0.10973345824050078,1.1759319040629326,0.1292689645056105,0.7245626518540073,1.2534492133606219,-0.0010586204689605784,1.2545078338295825,0.0
756,15.12,idle,locomotion,1,46.96602802967021,-1.0279791168078756,0.10973345824050078,1.1759422405918158,0.12925938877304177,0.7245636660670496,1.2534497045750383,-0.001058700915249275,1.2545084054902875,0.0
757,15.14,idle,locomotion,1,47.012693422629184,-1.0290514725036726,0.10973345824050078,1.1759525589546684,0.12924978772397652,0.7245646714240414,1.253450193501847,-0.0010587790004999847,1.2545089725023468,0.0
758,15.16,idle,locomotion,1,47.059358815588155,-1.0301238281994696,0.10973345824050078,1.1759628578911583,0.1292401602202177,0.7245656695771447,1.2534506800756646,-0.0010588554520300844,1.2545095355276947,0.0
759,15.18,idle,locomotion,1,47.106024208547126,-1.0311961838952666,0.10973345824050078,1.175973138388492,0.12923050510437006,0.7245666573305405,1.2534511616985715,-0.0010589298210965312,1.254510091519668,0.0
760,15.2,idle,locomotion,1,47.1526896015061,-1.0322685395910636,0.10973345824050078,1.1759833994832347,0.1292208208148679,0.7245676357410459,1.2534516399927231,-0.001059001477487137,1.2545106414702103,0.0
761,15.22,idle,locomotion,1,47.19935499446507,-1.0333408952868606,0.10973345824050078,1.1759936394713533,0.1292111094249581,0.724568603262374,1.2534521130476621,-0.001059071236231484,1.2545111842838936,0.0
762,15.24,idle,locomotion,1,47.24602038742404,-1.0344132509826576,0.10973345824050078,1.176003857027344,0.129201370454893,0.7245695615911373,1.2534525822483387,-0.0010591387637502725,1.2545117210120889,0.0
763,15.26,idle,locomotion,1,47.29268578038301,-1.0354856066784546,0.10973345824050078,1.1760140505542491,0.12919160641822183,0.7245705080789234,1.2534530461382585,-0.0010592043569554142,1.254512250495214,0.0
764,15.28,idle,locomotion,1,47.33935117334198,-1.0365579623742516,0.10973345824050078,1.1760242154260234,0.1291818181802191,0.7245714454993512,1.253453506548974,-0.0010592682171374386,1.2545127747661116,0.0
765,15.3,idle,locomotion,1,47.38601656630095,-1.0376303180700486,0.10973345824050078,1.1760343472695332,0.1291720068149504,0.7245723751900534,1.2534539646794713,-0.0010593310145530117,1.2545132956940244,0.0
766,15.32,idle,locomotion,1,47.432681959259924,-1.0387026737658456,0.10973345824050078,1.1760444435972461,0.1291621726347608,0.7245733017183583,1.2534544253487507,-0.0010593938645027078,1.2545138192132534,0.0
767,15.34,idle,locomotion,1,47.479347352218895,-1.0397750294616426,0.10973345824050078,1.176054500759459,0.12915232046914016,0.7245742219902985,1.2534548859604586,-0.0010594573409234767,1.2545143433013821,0.0
768,15.36,idle,locomotion,1,47.526012745177866,-1.0408473851574396,0.10973345824050078,1.1760645127781908,0.12914245777028743,0.7245751323522613,1.2534553431537174,-0.0010595211058088555,1.2545148642595263,0.0
769,15.38,idle,locomotion,1,47.57267813813684,-1.0419197408532366,0.10973345824050078,1.176074474504718,0.12913259287517723,0.7245760327526319,1.2534557969591504,-0.0010595850994278566,1.2545153820585784,0.0
770,15.4,idle,locomotion,1,47.61934353109581,-1.0429920965490336,0.10973345824050078,1.176084380569687,0.1291227335246898,0.7245769234262938,1.2534562475829407,-0.0010596488963050578,1.2545158964792458,0.0
771,15.42,idle,locomotion,1,47.66600892405478,-1.0440644522448306,0.10973345824050078,1.1760942251785245,0.12911288764736184,0.7245778036701079,1.2534566942766157,-0.0010597124200646471,1.2545164066966803,0.0
772,15.44,idle,locomotion,1,47.71267431701375,-1.0451368079406276,0.10973345824050078,1.1761040040665094,0.12910306124939872,0.7245786724498033,1.2534571358364552,-0.0010597754737620632,1.2545169113102173,0.0
773,15.46,idle,locomotion,1,47.75933970997272,-1.0462091636364246,0.10973345824050078,1.1761137120298681,0.12909326103985455,0.7245795288731899,1.2534575713041791,-0.0010598377814074605,1.2545174090855866,0.0
774,15.48,idle,locomotion,1,47.80600510293169,-1.0472815193322216,0.10973345824050078,1.1761233447750155,0.12908349341176886,0.7245803742149686,1.2534580017531372,-0.001059899598954809,1.254517901352092,0.0
775,15.5,idle,locomotion,1,47.85267049589066,-1.0483538750280186,0.10973345824050078,1.1761328967336244,0.12907376466093254,0.7245812094091026,1.2534584278610477,-0.0010599608070293344,1.254518388668077,0.0
776,15.52,idle,locomotion,1,47.899335888849635,-1.0494262307238156,0.10973345824050078,1.1761423642038957,0.12906408088634216,0.7245820360469665,1.2534588509116984,-0.0010600218181271229,1.2545188727298255,0.0
777,15.54,idle,locomotion,1,47.946001281808606,-1.0504985864196126,0.10973345824050078,1.1761517452927321,0.12905444715308756,0.7245828533484729,1.2534592701244323,-0.0010600826002927846,1.2545193527247251,0.0
778,15.56,idle,locomotion,1,47.99266667476758,-1.0515709421154096,0.10973345824050078,1.1761610397570232,0.12904486689277722,0.7245836601898495,1.25345968418223,-0.0010601430340699582,1.2545198272163,0.0
779,15.58,idle,locomotion,1,48.03933206772655,-1.0526432978112066,0.10973345824050078,1.1761702482850194,0.1290353422685211,0.724584457360425,1.253460093654202,-0.0010602027339316304,1.2545202963881337,0.0
780,15.6,idle,locomotion,1,48.08599746068552,-1.0537156535070036,0.10973345824050078,1.1761793720479832,0.12902587364225823,0.724585243127395,1.2534604966283776,-0.0010602613363037312,1.2545207579646813,0.0
781,15.62,idle,locomotion,1,48.13266285364449,-1.0547880092028006,0.10973345824050078,1.176188412678568,0.12901646128097286,0.7245860198998983,1.2534608949410075,-0.0010603186058597662,1.2545212135468673,0.0
782,15.64,idle,locomotion,1,48.17932824660346,-1.0558603648985976,0.10973345824050078,1.1761973714885658,0.12900710559624498,0.7245867896434193,1.2534612903858369,-0.001060374475195941,1.254521664861033,0.0
783,15.66,idle,locomotion,1,48.22599363956243,-1.0569327205943946,0.10973345824050078,1.176206250810282,0.1289978064984545,0.7245875523980347,1.2534616827804657,-0.0010604290907986064,1.2545221118712642,0.0
784,15.68,idle,locomotion,1,48.2726590325214,-1.0580050762901916,0.10973345824050078,1.1762150523790784,0.1289885638392369,0.7245883073061236,1.2534620711473803,-0.0010604824119444176,1.2545225535593247,0.0
785,15.7,idle,locomotion,1,48.319324425480374,-1.0590774319859886,0.10973345824050078,1.176223779601458,0.1289793769800176,0.7245890533314988,1.253462454364189,-0.0010605341012672846,1.2545229884654563,0.0
786,15.72,idle,locomotion,1,48.365989818439346,-1.0601497876817856,0.10973345824050078,1.1762324374286053,0.1289702447864422,0.7245897913300565,1.253462833384454,-0.001060584270824623,1.2545234176552786,0.0
787,15.74,idle,locomotion,1,48.41265521139832,-1.0612221433775826,0.10973345824050078,1.1762410275940034,0.1289611657397636,0.7245905225788264,1.2534632092538924,-0.001060633096111832,1.2545238423500042,0.0
788,15.76,idle,locomotion,1,48.45932060435729,-1.0622944990733796,0.10973345824050078,1.1762495522485636,0.12895213883684015,0.7245912470192472,1.2534635818013722,-0.0010606805749126431,1.254524262376285,0.0
789,15.78,idle,locomotion,1,48.50598599731626,-1.0633668547691766,0.10973345824050078,1.1762580137258802,0.12894316337206926,0.7245919649158054,1.2534639512889199,-0.0010607268356301706,1.25452467812455,0.0
790,15.8,idle,locomotion,1,48.55265139027523,-1.0644392104649736,0.10973345824050078,1.176266414575752,0.12893423830048714,0.7245926760171296,1.2534643174532933,-0.0010607717620433783,1.2545250892153368,0.0
791,15.82,idle,locomotion,1,48.5993167832342,-1.0655115661607706,0.10973345824050078,1.1762747573401229,0.1289253632651273,0.7245933805340646,1.2534646805915974,-0.0010608154298664511,1.2545254960214638,0.0
792,15.84,idle,locomotion,1,48.64598217619317,-1.0665839218565676,0.10973345824050078,1.1762830424558681,0.1289165382590105,0.7245940788179808,1.2534650410379624,-0.001060857909968467,1.2545258989479309,0.0
793,15.86,idle,locomotion,1,48.69264756915214,-1.0676562775523646,0.10973345824050078,1.1762912720782024,0.1289077631197289,0.7245947718265416,1.253465399690798,-0.0010608992128518895,1.2545262989036499,0.0
794,15.88,idle,locomotion,1,48.739312962111114,-1.0687286332481616,0.10973345824050078,1.1762994476582074,0.1288990368148872,0.7245954592645614,1.2534657562132587,-0.0010609394562761214,1.254526695669535,0.0
795,15.9,idle,locomotion,1,48.785978355070085,-1.0698009889439586,0.10973345824050078,1.1763075697625056,0.12889035901843165,0.7245961417672435,1.2534661111559864,-0.0010609787578046252,1.254527089913791,0.0
796,15.92,idle,locomotion,1,48.83264374802906,-1.0708733446397556,0.10973345824050078,1.1763156389277167,0.12888172909254586,0.7245968182010719,1.2534664634526216,-0.0010610170018475994,1.2545274804544693,0.0
797,15.94,idle,locomotion,1,48.87930914098803,-1.0719457003355526,0.10973345824050078,1.1763236559375294,0.12887314634289374,0.7245974881654821,1.2534668125624473,-0.0010610540892906015,1.2545278666517379,0.0
798,15.96,idle,locomotion,1,48.925974533947,-1.0730180560313496,0.10973345824050078,1.1763316215639275,0.12886461186026194,0.7245981524774411,1.2534671595628823,-0.0010610901043543453,1.2545282496672368,0.0
799,15.98,idle,locomotion,1,48.97263992690597,-1.0740904117271466,0.10973345824050078,1.176339536525809,0.12885612567771276,0.7245988109116022,1.253467504305654,-0.0010611250512331076,1.2545286293568871,0.0
800,16.0,idle,locomotion,1,49.01930531986494,-1.0751627674229436,0.10973345824050078,1.1763474007104007,0.12884768572845662,0.7245994626482588,1.2534678456033739,-0.0010611590201099752,1.2545290046234838,0.0
801,16.02,idle,locomotion,1,49.06597071282391,-1.0762351231187406,0.10973345824050078,1.176355214409324,0.12883929156437093,0.7246001084946834,1.2534681841817443,-0.0010611920292045857,1.2545293762109488,0.0
802,16.04,idle,locomotion,1,49.11263610578288,-1.0773074788145376,0.10973345824050078,1.1763629794731403,0.1288309433847908,0.7246007485585125,1.2534685205698781,-0.0010612239752545612,1.2545297445451327,0.0
803,16.06,idle,locomotion,1,49.159301498741854,-1.0783798345103346,0.10973345824050078,1.1763706956514965,0.12882264089702763,0.7246013830807072,1.2534688550492996,-0.0010612549504206946,1.2545301099997204,0.0
804,16.08,idle,locomotion,1,49.205966891700825,-1.0794521902061316,0.10973345824050078,1.1763783620065456,0.12881438305017362,0.724602011509644,1.2534691868963903,-0.0010612850168883435,1.2545304719132786,0.0
805,16.1,idle,locomotion,1,49.252632284659796,-1.0805245459019286,0.10973345824050078,1.1763859797469942,0.1288061685801616,0.7246026338773381,1.2534695160932798,-0.0010613140695973494,1.2545308301628773,0.0
806,16.12,idle,locomotion,1,49.29929767761877,-1.0815969015977256,0.10973345824050078,1.1763935476129947,0.12879799749244722,0.7246032516833354,1.253469844146353,-0.0010613423687051461,1.2545311865150581,0.0
807,16.14,idle,locomotion,1,49.34596307057774,-1.0826692572935226,0.10973345824050078,1.1764010651514512,0.12878986981732138,0.7246038633497232,1.2534701696723853,-0.0010613699478913517,1.2545315396202767,0.0
808,16.16,idle,locomotion,1,49.39262846353671,-1.0837416129893196,0.10973345824050078,1.1764085334688152,0.12878178455227943,0.7246044691112539,1.253470492768384,-0.001061396728534992,1.2545318894969189,0.0
809,16.18,idle,locomotion,1,49.43929385649568,-1.0848139686851166,0.10973345824050078,1.1764159524211177,0.12877374109624254,0.72460506980439,1.2534708142637323,-0.0010614227450685965,1.2545322370088008,0.0
810,16.2,idle,locomotion,1,49.48595924945465,-1.0858863243809136,0.10973345824050078,1.176423320383145,0.12876574011692818,0.724605664437504,1.2534711332134891,-0.0010614480054511495,1.2545325812189403,0.0
811,16.22,idle,locomotion,1,49.53262464241362,-1.0869586800767106,0.10973345824050078,1.1764306367318336,0.12875778213444988,0.7246062535889599,1.2534714500969302,-0.0010614725305368201,1.254532922627467,0.0
812,16.24,idle,locomotion,1,49.579290035372594,-1.0880310357725076,0.10973345824050078,1.1764379019734366,0.12874986677438466,0.7246068362266629,1.2534717639928779,-0.001061496287501136,1.254533260280379,0.0
813,16.26,idle,locomotion,1,49.625955428331565,-1.0891033914683046,0.10973345824050078,1.1764451161547917,0.12874199356732782,0.7246074127578792,1.2534720751356334,-0.0010615192916016356,1.254533594427235,0.0
814,16.28,idle,locomotion,1,49.672620821290536,-1.0901757471641016,0.10973345824050078,1.1764522799649388,0.12873416249606306,0.7246079854095784,1.2534723858416936,-0.0010615415548261425,1.2545339273965197,0.0
815,16.3,idle,locomotion,1,49.71928621424951,-1.0912481028598986,0.10973345824050078,1.1764593932020828,0.1287263731045144,0.7246085519385281,1.2534726940541503,-0.0010615630773088414,1.254534257131459,0.0
816,16.32,idle,locomotion,1,49.76595160720848,-1.0923204585556956,0.10973345824050078,1.1764664543991679,0.12871862550664978,0.7246091115563713,1.253472998739877,-0.0010615839174835731,1.2545345826573606,0.0
817,16.34,idle,locomotion,1,49.81261700016745,-1.0933928142514926,0.10973345824050078,1.17647346424424,0.12871092021317912,0.7246096650861164,1.2534733008764907,-0.0010616040464396063,1.2545349049229302,0.0
818,16.36,idle,locomotion,1,49.85928239312642,-1.0944651699472896,0.10973345824050078,1.1764804222322813,0.12870325699042845,0.7246102107657548,1.2534735987444767,-0.0010616232670786208,1.2545352220115553,0.0
819,16.38,idle,locomotion,1,49.90594778608539,-1.0955375256430866,0.10973345824050078,1.1764873274807686,0.12869563706901732,0.7246107529004887,1.2534738963553047,-0.001061642100085556,1.2545355384553902,0.0
820,16.4,idle,locomotion,1,49.95261317904436,-1.0966098813388836,0.10973345824050078,1.1764941803026263,0.12868806090386412,0.7246112912285753,1.253474193825291,-0.0010616603961232166,1.2545358542214142,0.0
821,16.42,idle,locomotion,1,49.999278572003334,-1.0976822370346806,0.10973345824050078,1.1765009788806353,0.1286805285082989,0.7246118231796845,1.253474488360216,-0.001061678255619064,1.254536166615835,0.0
822,16.44,idle,locomotion,1,50.045943964962305,-1.0987545927304776,0.10973345824050078,1.1765077226622078,0.12867304049801795,0.7246123490928789,1.2534747801691162,-0.0010616956477168156,1.254536475816833,0.0
823,16.46,idle,locomotion,1,50.092609357921276,-1.0998269484262746,0.10973345824050078,1.1765144130385885,0.1286655965109243,0.724612868414997,1.2534750687949423,-0.001061712447545049,1.2545367812424875,0.0
824,16.48,idle,locomotion,1,50.13927475088025,-1.1008993041220716,0.10973345824050078,1.1765210488650806,0.12865819655555755,0.7246133806186162,1.25347535357107,-0.0010617287220585706,1.2545370822931288,0.0
825,16.5,idle,locomotion,1,50.18594014383922,-1.1019716598178686,0.10973345824050078,1.1765276302797545,0.12865084139245112,0.724613887799448,1.2534756365035655,-0.0010617445647617095,1.2545373810683271,0.0
826,16.52,idle,locomotion,1,50.23260553679819,-1.1030440155136656,0.10973345824050078,1.1765341574941208,0.12864353067461745,0.7246143908377849,1.2534759184826898,-0.0010617600040090762,1.2545376784866988,0.0
827,16.54,idle,locomotion,1,50.27927092975716,-1.1041163712094626,0.10973345824050078,1.1765406294729985,0.12863626362034103,0.7246148886507594,1.2534761981850013,-0.0010617749868180384,1.2545379731718194,0.0
828,16.56,idle,locomotion,1,50.32593632271613,-1.1051887269052596,0.10973345824050078,1.1765470475052267,0.128629040193523,0.7246153798272592,1.2534764743444458,-0.0010617893865656688,1.2545382637310114,0.0
829,16.58,idle,locomotion,1,50.3726017156751,-1.1062610826010566,0.10973345824050078,1.1765534122305925,0.1286218604057749,0.7246158636563703,1.253476746287412,-0.001061803007874576,1.2545385492952865,0.0
830,16.6,idle,locomotion,1,50.419267108634074,-1.1073334382968536,0.10973345824050078,1.1765597237826275,0.12861472516876465,0.7246163427754473,1.2534770165423337,-0.0010618162191754071,1.254538832761509,0.0
831,16.62,idle,locomotion,1,50.465932501593045,-1.1084057939926506,0.10973345824050078,1.176565982618626,0.128607634904564,0.7246168166853033,1.2534772848070865,-0.0010618289183758275,1.2545391137254625,0.0
832,16.64,idle,locomotion,1,50.512597894552016,-1.1094781496884476,0.10973345824050078,1.1765721884357536,0.12860058917213693,0.7246172835189861,1.253477549047108,-0.0010618411460921288,1.2545393901932,0.0
833,16.66,idle,locomotion,1,50.55926328751099,-1.1105505053842446,0.10973345824050078,1.1765783412229387,0.12859358771911059,0.7246177453240662,1.253477811009868,-0.0010618529575209083,1.254539663967389,0.0
834,16.68,idle,locomotion,1,50.60592868046996,-1.1116228610800416,0.10973345824050078,1.176584441824737,0.12858663017474467,0.7246182023068732,1.253478071024104,-0.0010618643350968349,1.2545399353592008,0.0
835,16.7,idle,locomotion,1,50.65259407342893,-1.1126952167758386,0.10973345824050078,1.1765904896196968,0.1285797166649729,0.7246186545913393,1.2534783291018863,-0.001061875279377681,1.254540204381264,0.0
836,16.72,idle,locomotion,1,50.6992594663879,-1.1137675724716356,0.10973345824050078,1.1765964844408714,0.12857284769534655,0.7246191015272021,1.2534785846509189,-0.0010618859210303477,1.2545404705719492,0.0
837,16.74,idle,locomotion,1,50.74592485934687,-1.1148399281674326,0.10973345824050078,1.1766024273442954,0.12856602385196989,0.7246195438813006,1.253478838456609,-0.0010618962518568371,1.2545407347084658,0.0
838,16.76,idle,locomotion,1,50.79259025230584,-1.1159122838632296,0.10973345824050078,1.1766083187416057,0.12855924478119507,0.7246199810999747,1.253479089992939,-0.0010619062064637988,1.254540996199403,0.0
839,16.78,idle,locomotion,1,50.839255645264814,-1.1169846395590266,0.10973345824050078,1.1766141591813142,0.1285525103706853,0.7246204125608311,1.2534793385965814,-0.0010619156876566227,1.254541254284238,0.0
840,16.8,idle,locomotion,1,50.885921038223785,-1.1180569952548236,0.10973345824050078,1.176619948119248,0.12854582070593484,0.7246208386720099,1.2534795845887365,-0.0010619247368905543,1.2545415093256271,0.0
841,16.82,idle,locomotion,1,50.932586431182756,-1.1191293509506206,0.10973345824050078,1.1766256855927402,0.12853917552614316,0.7246212595967871,1.2534798280044632,-0.001061933428173411,1.2545417614326366,0.0
842,16.84,idle,locomotion,1,50.97925182414173,-1.1202017066464176,0.10973345824050078,1.176631371981942,0.12853257458953243,0.72462167542037,1.2534800688723082,-0.0010619417796459245,1.2545420106519543,0.0
843,16.86,idle,locomotion,1,51.0259172171007,-1.1212740623422146,0.10973345824050078,1.1766370071672945,0.12852601832966695,0.7246220866443787,1.2534803076569283,-0.001061949888834627,1.254542257545763,0.0
844,16.88,idle,locomotion,1,51.07258261005967,-1.1223464180380116,0.10973345824050078,1.176642592475074,0.12851950684525365,0.7246224929642352,1.2534805441382764,-0.001061957523987047,1.2545425016622633,0.0
845,16.9,idle,locomotion,1,51.11924800301864,-1.1234187737338086,0.10973345824050078,1.1766481275550944,0.12851304089531163,0.7246228939702397,1.2534807779603254,-0.0010620307380461054,1.2545428086983714,0.0
846,16.92,idle,locomotion,1,51.16591339597761,-1.1244911294296056,0.10973345824050078,1.1766536115133734,0.12850662124112822,0.7246232913571143,1.253481010592513,-0.0010623311872820854,1.254543341779795,0.0
847,16.94,idle,locomotion,1,51.21257878893658,-1.1255634851254026,0.10973345824050078,1.1766590450644516,0.12850024696102563,0.724623684349738,1.253481241222786,-0.0010626285445513237,1.2545438697673374,0.0
848,16.96,idle,locomotion,1,51.25924418189555,-1.1266358408211996,0.10973345824050078,1.1766644284216887,0.1284939172162122,0.7246240706056921,1.2534814674050596,-0.0010629232079121809,1.2545443906129718,0.0
849,16.98,idle,locomotion,1,51.305909574854525,-1.1277081965169966,0.10973345824050078,1.1766697628593048,0.1284876326869074,0.7246244516454661,1.2534816907453585,-0.0010632152164888435,1.2545449059618474,0.0
850,17.0,idle,locomotion,1,51.352574967813496,-1.1287805522127936,0.10973345824050078,1.176675047985005,0.1284813939880959,0.7246248301255456,1.2534819138855122,-0.0010635040747764904,1.2545454179602886,0.0
851,17.02,idle,locomotion,1,51.39924036077247,-1.1298529079085906,0.10973345824050078,1.1766802831236507,0.12847520067486484,0.7246252042787968,1.2534821349277074,-0.0010637901464106252,1.254545925074118,0.0
852,17.04,idle,locomotion,1,51.44590575373144,-1.1309252636043876,0.10973345824050078,1.1766854696045579,0.12846905219383256,0.7246255720186393,1.2534823517399745,-0.0010640736384393522,1.2545464253784138,0.0
853,17.06,idle,locomotion,1,51.49257114669041,-1.1319976193001846,0.10973345824050078,1.1766906078980797,0.12846294968134458,0.7246259363913093,1.253482567410709,-0.0010643542229593767,1.2545469216336684,0.0
854,17.08,idle,locomotion,1,51.53923653964938,-1.1330699749959816,0.10973345824050078,1.1766956977561933,0.1284568934367039,0.724626297794183,1.2534827824167762,-0.0010646316666651189,1.2545474140834414,0.0
855,17.1,idle,locomotion,1,51.58590193260835,-1.1341423306917786,0.10973345824050078,1.1767007394060467,0.1284508826601174,0.7246266540851537,1.2534829943854935,-0.0010649065141523015,1.2545479008996459,0.0
856,17.12,idle,locomotion,1,51.63256732556732,-1.1352146863875756,0.10973345824050078,1.1767057333251616,0.12844491723293663,0.7246270052033496,1.2534832031356564,-0.0010651789717718678,1.2545483821074284,0.0
857,17.14,idle,locomotion,1,51.67923271852629,-1.1362870420833726,0.10973345824050078,1.1767106810361396,0.12843899788694507,0.7246273527234595,1.2534834104495722,-0.001065448704330632,1.254548859153903,0.0
858,17.16,idle,locomotion,1,51.725898111485265,-1.1373593977791696,0.10973345824050078,1.1767155822165527,0.12843312471004883,0.7246276957878945,1.253483615548626,-0.0010657156110448728,1.254549331159671,0.0
859,17.18,idle,locomotion,1,51.772563504444236,-1.1384317534749666,0.10973345824050078,1.1767204355727092,0.1284272977239733,0.7246280342637847,1.2534838179494672,-0.0010659799874269751,1.2545497979368943,0.0
860,17.2,idle,locomotion,1,51.81922889740321,-1.1395041091707636,0.10973345824050078,1.176725241623087,0.12842151746415043,0.7246283692978557,1.2534840187846135,-0.0010662417795590275,1.2545502605641725,0.0
861,17.22,idle,locomotion,1,51.86589429036218,-1.1405764648665606,0.10973345824050078,1.1767300012750537,0.12841578378079727,0.7246287003838043,1.2534842176153147,-0.00106650082123173,1.2545507184365465,0.0
862,17.24,idle,locomotion,1,51.91255968332115,-1.1416488205623576,0.10973345824050078,1.1767347146753895,0.12841009624448746,0.7246290273542871,1.2534844141705839,-0.0010667572447536772,1.2545511714153375,0.0
863,17.26,idle,locomotion,1,51.95922507628012,-1.1427211762581546,0.10973345824050078,1.1767393821133572,0.12840445441296436,0.7246293498128387,1.253484608031745,-0.0010670112146677173,1.2545516192464128,0.0
864,17.28,idle,locomotion,1,52.00589046923909,-1.1437935319539516,0.10973345824050078,1.1767440044177702,0.12839885852182648,0.7246296687994396,1.2534848002459809,-0.0010672626541765838,1.2545520629001574,0.0
865,17.3,idle,locomotion,1,52.05255586219806,-1.1448658876497486,0.10973345824050078,1.1767485819642645,0.128393308859127,0.7246299841804108,1.2534849908383177,-0.0010675114572215733,1.2545525022955393,0.0
866,17.32,idle,locomotion,1,52.09922125515703,-1.1459382433455456,0.10973345824050078,1.1767531152235762,0.12838780488398926,0.7246302966017699,1.2534851802356863,-0.0010677578636780483,1.2545529380993643,0.0
867,17.34,idle,locomotion,1,52.145886648116004,-1.1470105990413426,0.10973345824050078,1.1767576045869856,0.12838234651749336,0.7246306055402287,1.2534853680401221,-0.0010680016001581687,1.2545533696402802,0.0
868,17.36,idle,locomotion,1,52.192552041074975,-1.1480829547371396,0.10973345824050078,1.1767620500224347,0.1283769334809053,0.7246309095155934,1.253485552714721,-0.001068242935419652,1.2545537956501407,0.0
869,17.38,idle,locomotion,1,52.23921743403395,-1.1491553104329366,0.10973345824050078,1.176766451334548,0.12837156539058583,0.7246312098777378,1.2534857353692694,-0.0010684820537675034,1.2545542174230369,0.0
870,17.4,idle,locomotion,1,52.28588282699292,-1.1502276661287336,0.10973345824050078,1.1767708086197537,0.12836624274333167,0.7246315070163236,1.2534859165365444,-0.0010687187532258183,1.2545546352897703,0.0
871,17.42,idle,locomotion,1,52.33254821995189,-1.1513000218245306,0.10973345824050078,1.1767751224937053,0.12836096523304033,0.7246318000639475,1.2534860953236222,-0.0010689530087390417,1.2545550483323613,0.0
872,17.44,idle,locomotion,1,52.37921361291086,-1.1523723775203276,0.10973345824050078,1.176779393872713,0.1283557325989682,0.7246320894939745,1.2534862721314723,-0.0010691848042447168,1.2545554569357171,0.0
873,17.46,idle,locomotion,1,52.42587900586983,-1.1534447332161246,0.10973345824050078,1.1767836231456859,0.12835054475219718,0.7246323757496697,1.2534864474272587,-0.0010694140199122293,1.2545558614471708,0.0
874,17.48,idle,locomotion,1,52.4725443988288,-1.1545170889119216,0.10973345824050078,1.1767878101211917,0.1283454015663105,0.7246326589980352,1.2534866213110276,-0.0010696408417737793,1.2545562621528015,0.0
875,17.5,idle,locomotion,1,52.51920979178777,-1.1555894446077186,0.10973345824050078,1.1767919562421585,0.1283403024397929,0.7246329386448336,1.253486793242514,-0.001069865484608551,1.2545566587271226,0.0
876,17.52,idle,locomotion,1,52.565875184746744,-1.1566618003035156,0.10973345824050078,1.1767960620512603,0.1283352473520616,0.7246332149769283,1.2534869635296266,-0.0010700878946995757,1.2545570514243263,0.0
877,17.54,idle,locomotion,1,52.612540577705715,-1.1577341559993126,0.10973345824050078,1.1768001267503312,0.12833023667867333,0.7246334893943,1.253487133444191,-0.0010703080308673805,1.2545574414750584,0.0
878,17.56,idle,locomotion,1,52.659205970664686,-1.1588065116951096,0.10973345824050078,1.1768041489600016,0.12832526997046992,0.7246337612369032,1.2534873021719266,-0.0010705256793074915,1.2545578278512342,0.0
879,17.58,idle,locomotion,1,52.70587136362366,-1.1598788673909066,0.10973345824050078,1.1768081292296144,0.12832034766465011,0.724634030188382,1.2534874694327074,-0.001070741183769864,1.2545582106164772,0.0
880,17.6,idle,locomotion,1,52.75253675658263,-1.1609512230867036,0.10973345824050078,1.1768120681298344,0.12831546980380523,0.7246342947370508,1.2534876338586416,-0.0010709543746233556,1.254558588233265,0.0
881,17.62,idle,locomotion,1,52.7992021495416,-1.1620235787825006,0.10973345824050078,1.1768159670910967,0.12831063619325864,0.7246345562018468,1.2534877966253024,-0.0010711653295545735,1.254558961954857,0.0
882,17.64,idle,locomotion,1,52.84586754250057,-1.1630959344782976,0.10973345824050078,1.1768198264250045,0.12830584610027687,0.7246348139766197,1.2534879572093498,-0.0010713739177212085,1.254559331127071,0.0
883,17.66,idle,locomotion,1,52.89253293545954,-1.1641682901740946,0.10973345824050078,1.176823645691292,0.12830109978635593,0.7246350687185865,1.2534881160868492,-0.0010715805431836221,1.2545596966300328,0.0
884,17.68,idle,locomotion,1,52.93919832841851,-1.1652406458698916,0.10973345824050078,1.1768274254664057,0.12829639797638206,0.7246353211909482,1.2534882742365423,-0.0010717849684746296,1.254560059205017,0.0
885,17.7,idle,locomotion,1,52.985863721377484,-1.1663130015656886,0.10973345824050078,1.176831166137522,0.12829174102953247,0.7246355707778829,1.2534884311523553,-0.0010719869442602052,1.2545604180966154,0.0
886,17.72,idle,locomotion,1,53.032529114336455,-1.1673853572614856,0.10973345824050078,1.1768348665386354,0.1282871281795874,0.7246358173960895,1.2534885863896041,-0.0010721868377526894,1.254560773227357,0.0
887,17.74,idle,locomotion,1,53.079194507295426,-1.1684577129572826,0.10973345824050078,1.1768385271891548,0.128282559301553,0.7246360616270594,1.2534887404685822,-0.0010723847577862843,1.2545611252263684,0.0
888,17.76,idle,locomotion,1,53.1258599002544,-1.1695300686530796,0.10973345824050078,1.1768421487223129,0.12827803419500317,0.7246363020618157,1.2534888921962954,-0.001072580494956156,1.2545614726912515,0.0
889,17.78,idle,locomotion,1,53.17252529321337,-1.1706024243488766,0.10973345824050078,1.1768457313502718,0.12827355228191983,0.7246365394016087,1.2534890420745237,-0.001072774313587311,1.254561816388111,0.0
890,17.8,idle,locomotion,1,53.21919068617234,-1.1716747800446736,0.10973345824050078,1.1768492755843467,0.12826911328076732,0.7246367745362591,1.2534891910495847,-0.0010729660416969149,1.2545621570912815,0.0
891,17.82,idle,locomotion,1,53.26585607913131,-1.1727471357404706,0.10973345824050078,1.1768527821096826,0.12826471704388262,0.7246370062061444,1.253489337975332,-0.0010731556830269606,1.254562493658359,0.0
892,17.84,idle,locomotion,1,53.31252147209028,-1.1738194914362676,0.10973345824050078,1.1768562512128533,0.12826036356802453,0.7246372360759821,1.2534894843432698,-0.0010733434695231713,1.254562827812793,0.0
893,17.86,idle,locomotion,1,53.35918686504925,-1.1748918471320646,0.10973345824050078,1.1768596826120126,0.1282560521351391,0.724637463190926,1.2534896291954793,-0.0010735294477944926,1.254563158643274,0.0
894,17.88,idle,locomotion,1,53.405852258008224,-1.1759642028278616,0.10973345824050078,1.1768630767008927,0.1282517829607861,0.7246376870743004,1.2534897720516143,-0.0010737135532867537,1.254563485604901,0.0
895,17.9,idle,locomotion,1,53.452517650967195,-1.1770365585236586,0.10973345824050078,1.1768664334950372,0.12824755556162806,0.7246379077432296,1.25348991290995,-0.0010738955713300719,1.25456380848128,0.0
896,17.92,idle,locomotion,1,53.499183043926166,-1.1781089142194556,0.10973345824050078,1.1768697533315127,0.12824336953186644,0.7246381267023032,1.253490053059911,-0.0010740755755381422,1.254564128635449,0.0
897,17.94,idle,locomotion,1,53.54584843688514,-1.1791812699152526,0.10973345824050078,1.1768730362204676,0.1282392258805266,0.7246383453656586,1.2534901941149963,-0.001074253253532935,1.2545644473685291,0.0
898,17.96,idle,locomotion,1,53.59251382984411,-1.1802536256110496,0.10973345824050078,1.176876282216226,0.12823512480877347,0.7246385628665507,1.253490335248177,-0.0010744288387552238,1.2545647640869322,0.0
899,17.98,idle,locomotion,1,53.63917922280308,-1.1813259813068466,0.10973345824050078,1.1768794923565746,0.1282310656182605,0.7246387771616221,1.2534904743837052,-0.0010746026408005316,1.2545650770245058,0.0
900,18.0,idle,locomotion,1,53.68584461576205,-1.1823983370026436,0.10973345824050078,1.1768826673912993,0.12822704726232262,0.7246389857107695,1.2534906089673468,-0.0010747747558929842,1.2545653837232398,0.0
901,18.02,idle,locomotion,1,53.73251000872102,-1.1834706926984406,0.10973345824050078,1.1768858074284831,0.12822306971929,0.7246391915670606,1.253490741834586,-0.0010749449706462244,1.2545656868052322,0.0
902,18.04,idle,locomotion,1,53.77917540167999,-1.1845430483942376,0.10973345824050078,1.1768889133096023,0.1282191334386178,0.724639395865199,1.253490874502904,-0.0010751131359750046,1.254565987638879,0.0
903,18.06,idle,locomotion,1,53.825840794638964,-1.1856154040900346,0.10973345824050078,1.1768919857832174,0.12821523692226142,0.7246395963460831,1.2534910045735446,-0.0010752795122349577,1.2545662840857794,0.0
904,18.08,idle,locomotion,1,53.872506187597935,-1.1866877597858316,0.10973345824050078,1.1768950248312047,0.12821137911868058,0.7246397933900036,1.2534911321204247,-0.0010754442701767196,1.2545665763906015,0.0
905,18.1,idle,locomotion,1,53.919171580556906,-1.1877601154816286,0.10973345824050078,1.1768980305897792,0.12820756041983755,0.7246399888757838,1.253491259107779,-0.001075607210050785,1.2545668663178298,0.0
906,18.12,idle,locomotion,1,53.96583697351588,-1.1888324711774256,0.10973345824050078,1.1769010031367875,0.1282037808991041,0.724640182443543,1.2534913853062006,-0.001075768176859327,1.25456715348306,0.0
907,18.14,idle,locomotion,1,54.01250236647485,-1.1899048268732226,0.10973345824050078,1.1769039421730525,0.12820004115411113,0.7246403752392285,1.2534915117604628,-0.0010759272276840252,1.254567438988147,0.0
908,18.16,idle,locomotion,1,54.05916775943382,-1.1909771825690196,0.10973345824050078,1.1769068477534068,0.12819634151738815,0.7246405676324791,1.2534916388988495,-0.0010760843974970645,1.2545677232963466,0.0
909,18.18,idle,locomotion,1,54.10583315239279,-1.1920495382648166,0.10973345824050078,1.1769097204689214,0.12819268101314885,0.7246407570677547,1.2534917641159755,-0.001076239831311828,1.2545680039472873,0.0
910,18.2,idle,locomotion,1,54.15249854535176,-1.1931218939606136,0.10973345824050078,1.1769125606541884,0.12818905939051323,0.7246409441321556,1.2534918878924954,-0.0010763936573532397,1.2545682815498487,0.0
911,18.22,idle,locomotion,1,54.19916393831073,-1.1941942496564106,0.10973345824050078,1.1769153674014021,0.12818547678097655,0.724641130422935,1.2534920117841302,-0.0010765456554526973,1.2545685574395828,0.0
912,18.24,idle,locomotion,1,54.245829331269704,-1.1952666053522076,0.10973345824050078,1.176918141381713,0.12818193325336905,0.7246413144803328,1.2534921345088421,-0.0010766960702402704,1.2545688305790823,0.0
913,18.26,idle,locomotion,1,54.292494724228675,-1.1963389610480046,0.10973345824050078,1.1769208826221236,0.12817842847889077,0.7246414964665062,1.253492256081698,-0.0010768449392042113,1.2545691010209021,0.0
914,18.28,idle,locomotion,1,54.339160117187646,-1.1974113167438016,0.10973345824050078,1.1769235909146212,0.12817496303371217,0.7246416765947582,1.2534923768151605,-0.0010769921579726442,1.2545693689731332,0.0
915,18.3,idle,locomotion,1,54.38582551014662,-1.1984836724395986,0.10973345824050078,1.176926266334124,0.12817153704785297,0.7246418544527088,1.253492496245944,-0.0010771375794333092,1.2545696338253773,0.0
916,18.32,idle,locomotion,1,54.43249090310559,-1.1995560281353956,0.10973345824050078,1.176928909992412,0.12816814950074878,0.7246420291725059,1.2534926134372468,-0.0010772814228712062,1.254569894860118,0.0
917,18.34,idle,locomotion,1,54.47915629606456,-1.2006283838311926,0.10973345824050078,1.1769315239432137,0.12816479953954577,0.7246422016325071,1.253492729308759,-0.0010774235182174283,1.2545701528269764,0.0
918,18.36,idle,locomotion,1,54.52582168902353,-1.2017007395269896,0.10973345824050078,1.1769341076315334,0.12816148606047825,0.7246423727711656,1.2534928446571876,-0.0010775639642960945,1.2545704086214837,0.0
919,18.38,idle,locomotion,1,54.5724870819825,-1.2027730952227866,0.10973345824050078,1.1769366616230479,0.12815820810004433,0.7246425418155078,1.2534929587236765,-0.001077702993122192,1.2545706617167987,0.0
920,18.4,idle,locomotion,1,54.61915247494147,-1.2038454509185836,0.10973345824050078,1.1769391863244183,0.12815496586945183,0.7246427094368976,1.2534930722438593,-0.0010778406339016153,1.254570912877761,0.0
921,18.42,idle,locomotion,1,54.665817867900444,-1.2049178066143806,0.10973345824050078,1.176941681438215,0.1281517607758516,0.7246428767428297,1.2534931865336625,-0.0010779765333442173,1.2545711630670067,0.0
922,18.44,idle,locomotion,1,54.712483260859415,-1.2059901623101776,0.10973345824050078,1.176944146352743,0.12814859205975304,0.7246430409884949,1.2534932987867409,-0.0010781109098422711,1.2545714096965832,0.0
923,18.46,idle,locomotion,1,54.759148653818386,-1.2070625180059746,0.10973345824050078,1.17694658232287,0.1281454590431657,0.724643201705626,1.2534934083950595,-0.0010782438009869812,1.2545716521960466,0.0
924,18.48,idle,locomotion,1,54.80581404677736,-1.2081348737017716,0.10973345824050078,1.1769489898754102,0.12814236085243813,0.7246433614459067,1.253493517802988,-0.0010783749008337618,1.2545718927038219,0.0
925,18.5,idle,locomotion,1,54.85247943973633,-1.2092072293975686,0.10973345824050078,1.1769513690271292,0.12813929695411488,0.724643520708768,1.2534936275624258,-0.0010785041046447418,1.2545721316670706,0.0
926,18.52,idle,locomotion,1,54.8991448326953,-1.2102795850933656,0.10973345824050078,1.1769537199618707,0.12813626728193853,0.7246436780404075,1.2534937363053682,-0.0010786319511105688,1.2545723682564787,0.0
927,18.54,idle,locomotion,1,54.94581022565427,-1.2113519407891626,0.10973345824050078,1.1769560421883176,0.12813327194162566,0.7246438332667825,1.2534938437660479,-0.0010787585257792873,1.254572602291827,0.0
928,18.56,idle,locomotion,1,54.99247561861324,-1.2124242964849596,0.10973345824050078,1.1769583358486364,0.12813031122800575,0.7246439868788398,1.253493950416587,-0.0010788839006948547,1.2545728343172817,0.0
929,18.58,idle,locomotion,1,55.03914101157221,-1.2134966521807566,0.10973345824050078,1.1769606011967608,0.12812738498810142,0.7246441386185245,1.2534940559305787,-0.0010790076933351392,1.2545730636239139,0.0
930,18.6,idle,locomotion,1,55.08580640453118,-1.2145690078765536,0.10973345824050078,1.176962839155346,0.1281244928962533,0.7246442873849188,1.2534941592272641,-0.001079129850024417,1.2545732890772885,0.0
931,18.62,idle,locomotion,1,55.132471797490155,-1.2156413635723506,0.10973345824050078,1.1769650507649048,0.1281216342535056,0.724644433658775,1.253494260787615,-0.0010792505262774733,1.2545735113138925,0.0
932,18.64,idle,locomotion,1,55.179137190449126,-1.2167137192681476,0.10973345824050078,1.1769672355209064,0.12811880968935777,0.7246445791224444,1.253494362373821,-0.0010793697997629817,1.2545737321735841,0.0
933,18.66,idle,locomotion,1,55.2258025834081,-1.2177860749639446,0.10973345824050078,1.1769693935842986,0.1281160197287811,0.7246447230850944,1.2534944634379945,-0.0010794877497064537,1.254573951187701,0.0
934,18.68,idle,locomotion,1,55.27246797636707,-1.2188584306597416,0.10973345824050078,1.1769715253711286,0.12811326324392616,0.7246448650110107,1.2534945632439556,-0.0010796042896418917,1.2545741675335975,0.0
935,18.7,idle,locomotion,1,55.31913336932604,-1.2199307863555386,0.10973345824050078,1.1769736303114433,0.1281105399104408,0.7246450059272522,1.2534946626588275,-0.0010797193785990998,1.2545743820374267,0.0
936,18.72,idle,locomotion,1,55.36579876228501,-1.2210031420513356,0.10973345824050078,1.1769757087429011,0.12810785005760542,0.7246451459600904,1.253494761960007,-0.0010798329038130723,1.25457459486382,0.0
937,18.74,idle,locomotion,1,55.41246415524398,-1.2220754977471326,0.10973345824050078,1.1769777605728602,0.12810519324124806,0.7246452852512226,1.2534948611872796,-0.0010799450364282967,1.2545748062237079,0.0
938,18.76,idle,locomotion,1,55.45912954820295,-1.2231478534429296,0.10973345824050078,1.1769797859208622,0.12810256891757069,0.7246454235354304,1.2534949600429186,-0.0010800558939578868,1.2545750159368765,0.0
939,18.78,idle,locomotion,1,55.50579494116192,-1.2242202091387266,0.10973345824050078,1.1769817856923719,0.12809997621644414,0.7246455600975648,1.2534950578268238,-0.00108016559616754,1.2545752234229914,0.0
940,18.8,idle,locomotion,1,55.552460334120894,-1.2252925648345236,0.10973345824050078,1.176983759487471,0.1280974144306703,0.7246456955669295,1.2534951549953623,-0.0010802740974280266,1.2545754290927904,0.0
941,18.82,idle,locomotion,1,55.599125727079866,-1.2263649205303206,0.10973345824050078,1.176985708248375,0.12809488390472973,0.7246458299880245,1.253495251799268,-0.0010803814190907465,1.2545756332183586,0.0
942,18.84,idle,locomotion,1,55.64579112003884,-1.2274372762261176,0.10973345824050078,1.1769876339192609,0.12809238392076144,0.724645962190805,1.2534953472845987,-0.0010804872769805511,1.2545758345615792,0.0
943,18.86,idle,locomotion,1,55.69245651299781,-1.2285096319219146,0.10973345824050078,1.1769895354387312,0.12808991309669263,0.7246460933060702,1.253495442135015,-0.0010805918398950239,1.2545760339749101,0.0
944,18.88,idle,locomotion,1,55.73912190595678,-1.2295819876177116,0.10973345824050078,1.1769914121645157,0.12808747196199227,0.7246462243063744,1.2534955373824355,-0.001080695173902236,1.2545762325563377,0.0
945,18.9,idle,locomotion,1,55.78578729891575,-1.2306543433135086,0.10973345824050078,1.176993264734705,0.1280850611216496,0.7246463546656189,1.253495632705466,-0.0010807972118578903,1.2545764299173239,0.0
946,18.92,idle,locomotion,1,55.83245269187472,-1.2317266990093056,0.10973345824050078,1.1769950937749356,0.12808268039446982,0.7246464843227318,1.2534957280040868,-0.0010808980567179986,1.254576626060805,0.0
947,18.94,idle,locomotion,1,55.87911808483369,-1.2327990547051026,0.10973345824050078,1.1769968997017834,0.12808032988940993,0.724646612668492,1.2534958227384922,-0.0010809975796968116,1.254576820318189,0.0
948,18.96,idle,locomotion,1,55.92578347779266,-1.2338714104008996,0.10973345824050078,1.1769986831051034,0.12807800934950272,0.7246467395123669,1.2534959166706496,-0.0010810960912266653,1.2545770127618763,0.0
949,18.98,idle,locomotion,1,55.972448870751634,-1.2349437660966966,0.10973345824050078,1.1770004434511785,0.12807571785153204,0.7246468641209229,1.2534960089435672,-0.0010811934469888637,1.254577202390556,0.0
950,19.0,idle,locomotion,1,56.019114263710605,-1.2360161217924936,0.10973345824050078,1.1770021809976368,0.12807345526534486,0.7246469872638253,1.2534961002568084,-0.0010812896368077862,1.2545773898936161,0.0
951,19.02,idle,locomotion,1,56.06577965666958,-1.2370884774882906,0.10973345824050078,1.1770038965243463,0.12807122152999179,0.7246471088832329,1.253496190761936,-0.001081384249664686,1.2545775750116006,0.0
952,19.04,idle,locomotion,1,56.11244504962855,-1.2381608331840877,0.10973345824050078,1.1770055902055954,0.12806901607617824,0.724647228505229,1.2534962799391036,-0.0010814774882956443,1.2545777574273993,0.0
953,19.06,idle,locomotion,1,56.15911044258752,-1.2392331888798847,0.10973345824050078,1.1770072616902139,0.12806683819809464,0.72464734749457,1.2534963689620684,-0.0010815696082484873,1.2545779385703169,0.0
954,19.08,idle,locomotion,1,56.20577583554649,-1.2403055445756817,0.10973345824050078,1.1770089107096886,0.12806468749373923,0.7246474656068993,1.25349645764826,-0.001081660549326905,1.2545781181975868,0.0
955,19.1,idle,locomotion,1,56.25244122850546,-1.2413779002714787,0.10973345824050078,1.1770105372728796,0.12806256401465188,0.7246475833019284,1.2534965464023464,-0.0010817505202458735,1.2545782969225923,0.0
956,19.12,idle,locomotion,1,56.29910662146443,-1.2424502559672757,0.10973345824050078,1.1770121417659243,0.12806046718886657,0.7246477008776862,1.2534966354477486,-0.0010818395607361808,1.2545784750084847,0.0
957,19.14,idle,locomotion,1,56.3457720144234,-1.2435226116630727,0.10973345824050078,1.1770137259059597,0.12805839640472957,0.7246478165299157,1.2534967231860608,-0.0010819274717888717,1.2545786506578496,0.0
958,19.16,idle,locomotion,1,56.392437407382374,-1.2445949673588697,0.10973345824050078,1.1770152904107525,0.12805635132355286,0.724647930205424,1.2534968096149393,-0.0010820142218967918,1.254578823836836,0.0
959,19.18,idle,locomotion,1,56.439102800341345,-1.2456673230546667,0.10973345824050078,1.1770168343293552,0.12805433132414004,0.724648042337426,1.25349689499074,-0.0010820999010741801,1.254578994891814,0.0
960,19.2,idle,locomotion,1,56.485768193300316,-1.2467396787504637,0.10973345824050078,1.1770183588990855,0.12805233624855625,0.7246481530666747,1.2534969795254063,-0.0010821845710330437,1.2545791640964394,0.0
961,19.22,idle,locomotion,1,56.53243358625929,-1.2478120344462607,0.10973345824050078,1.177019864118047,0.12805036663804353,0.7246482629282819,1.2534970638721643,-0.0010822680923202287,1.2545793319644845,0.0
962,19.24,idle,locomotion,1,56.57909897921826,-1.2488843901420577,0.10973345824050078,1.1770213495427815,0.12804842254146503,0.7246483719665946,1.2534971480420414,-0.0010823504278230263,1.2545794984698644,0.0
963,19.26,idle,locomotion,1,56.62576437217723,-1.2499567458378547,0.10973345824050078,1.177022815679784,0.1280465030245391,0.7246484805674369,1.2534972322617748,-0.0010824318947796271,1.2545796641565543,0.0
964,19.28,idle,locomotion,1,56.6724297651362,-1.2510291015336517,0.10973345824050078,1.1770242621662863,0.12804460803294615,0.7246485895767912,1.2534973173036856,-0.0010825121808889643,1.2545798294845747,0.0
965,19.3,idle,locomotion,1,56.71909515809517,-1.2521014572294487,0.10973345824050078,1.177025689207195,0.12804273711947847,0.724648697973542,1.2534974021762042,-0.0010825915753747244,1.254579993751579,0.0
966,19.32,idle,locomotion,1,56.76576055105414,-1.2531738129252457,0.10973345824050078,1.1770270980105761,0.12804089016277462,0.7246488048960127,1.253497486187594,-0.001082669879861435,1.2545801560674554,0.0
967,19.34,idle,locomotion,1,56.812425944013114,-1.2542461686210427,0.10973345824050078,1.177028487770717,0.12803906731965817,0.7246489108909044,1.2534975698527278,-0.0010827469658265011,1.2545803168185543,0.0
968,19.36,idle,locomotion,1,56.859091336972085,-1.2553185243168397,0.10973345824050078,1.177029857238556,0.12803726882266628,0.7246490172416546,1.2534976543068614,-0.0010828231363346798,1.2545804774431961,0.0
969,19.38,idle,locomotion,1,56.905756729931056,-1.2563908800126367,0.10973345824050078,1.177031206873004,0.12803549458078603,0.7246491223351792,1.253497738113953,-0.0010828982957984436,1.2545806364097514,0.0
970,19.4,idle,locomotion,1,56.95242212289003,-1.2574632357084337,0.10973345824050078,1.1770325376998871,0.1280337437683878,0.7246492258140086,1.25349782078624,-0.0010829726121224965,1.2545807933983624,0.0
971,19.42,idle,locomotion,1,56.999087515849,-1.2585355914042307,0.10973345824050078,1.17703384969887,0.1280320153301552,0.7246493268609961,1.2534979014657506,-0.00108304616257417,1.2545809476283247,0.0
972,19.44,idle,locomotion,1,57.04575290880797,-1.2596079471000277,0.10973345824050078,1.17703514327049,0.12803030911723565,0.7246494261933876,1.253497980755299,-0.0010831188989333558,1.2545810996542324,0.0
973,19.46,idle,locomotion,1,57.09241830176694,-1.2606803027958247,0.10973345824050078,1.177036419365176,0.12802862508506477,0.724649525468374,1.2534980604213624,-0.0010831906519648375,1.2545812510733272,0.0
974,19.48,idle,locomotion,1,57.13908369472591,-1.2617526584916217,0.10973345824050078,1.1770376782874834,0.12802696305705655,0.7246496242172358,1.2534981400839995,-0.001083261343838831,1.2545814014278382,0.0
975,19.5,idle,locomotion,1,57.18574908768488,-1.2628250141874187,0.10973345824050078,1.1770389201775242,0.12802532237228134,0.7246497215955077,1.25349821876684,-0.0010833310969057403,1.2545815498637458,0.0
976,19.52,idle,locomotion,1,57.232414480643854,-1.2638973698832157,0.10973345824050078,1.1770401453750354,0.12802370305927693,0.7246498176404174,1.2534982965347579,-0.0010834000229973488,1.2545816965577552,0.0
977,19.54,idle,locomotion,1,57.279079873602825,-1.2649697255790127,0.10973345824050078,1.1770413538630764,0.1280221050895025,0.7246499126140132,1.25349837366206,-0.0010834680041739188,1.254581841666234,0.0
978,19.56,idle,locomotion,1,57.325745266561796,-1.2660420812748097,0.10973345824050078,1.1770425461921883,0.1280205281001386,0.7246500071486187,1.2534984507543612,-0.0010835350013371908,1.2545819857556983,0.0
979,19.58,idle,locomotion,1,57.37241065952077,-1.2671144369706067,0.10973345824050078,1.1770437228756736,0.12801897185837105,0.7246501005088293,1.2534985272280599,-0.0010836009992716764,1.2545821282273315,0.0
980,19.6,idle,locomotion,1,57.41907605247974,-1.2681867926664037,0.10973345824050078,1.1770448837360163,0.12801743613753847,0.724650192512025,1.2534986028629604,-0.001083666076266452,1.254582268939227,0.0
981,19.62,idle,locomotion,1,57.46574144543871,-1.2692591483622007,0.10973345824050078,1.1770460290028182,0.12801592018528934,0.7246502835987263,1.2534986780202766,-0.0010837304193270642,1.2545824084396036,0.0
982,19.64,idle,locomotion,1,57.51240683839768,-1.2703315040579977,0.10973345824050078,1.177047158407449,0.1280144241373959,0.724650374733043,1.2534987536484974,-0.0010837938554795062,1.254582547503977,0.0
983,19.66,idle,locomotion,1,57.55907223135665,-1.2714038597537947,0.10973345824050078,1.1770482716824635,0.1280129481263068,0.724650466411794,1.2534988302054,-0.001083856468762301,1.2545826866741623,0.0
984,19.68,idle,locomotion,1,57.60573762431562,-1.2724762154495917,0.10973345824050078,1.1770493692629234,0.12801149160343478,0.7246505570146965,1.2534989061391744,-0.0010839181899092339,1.2545828243290835,0.0
985,19.7,idle,locomotion,1,57.652403017274594,-1.2735485711453887,0.10973345824050078,1.1770504513567142,0.1280100542666035,0.724650645926737,1.2534989807922945,-0.0010839793230601712,1.2545829601153546,0.0
986,19.72,idle,locomotion,1,57.699068410233565,-1.2746209268411857,0.10973345824050078,1.1770515177578151,0.12800863570147214,0.7246507339701888,1.2534990548875902,-0.001084039750150357,1.2545830946377405,0.0
987,19.74,idle,locomotion,1,57.745733803192536,-1.2756932825369827,0.10973345824050078,1.1770525690905282,0.12800723547518283,0.724650821314298,1.2534991286581525,-0.0010840992338805103,1.254583227892033,0.0
988,19.76,idle,locomotion,1,57.79239919615151,-1.2767656382327797,0.10973345824050078,1.1770536054766445,0.1280058538173287,0.7246509084529501,1.2534992026621532,-0.0010841577465893794,1.2545833604087426,0.0
989,19.78,idle,locomotion,1,57.83906458911048,-1.2778379939285767,0.10973345824050078,1.1770546266095483,0.12800449031147998,0.7246509955305648,1.2534992769215294,-0.001084215361107664,1.254583492282637,0.0
990,19.8,idle,locomotion,1,57.88572998206945,-1.2789103496243737,0.10973345824050078,1.1770556330674085,0.12800314408591618,0.7246510820535713,1.253499350848007,-0.001084272463710418,1.2545836233117174,0.0
991,19.82,idle,locomotion,1,57.93239537502842,-1.2799827053201707,0.10973345824050078,1.1770566256827928,0.12800181499881721,0.7246511680090746,1.2534994245545432,-0.0010843289089753141,1.2545837534635185,0.0
992,19.84,idle,locomotion,1,57.97906076798739,-1.2810550610159677,0.10973345824050078,1.1770576044178382,0.12800050388647527,0.7246512536560046,1.2534994985735814,-0.00108438424085942,1.2545838828144409,0.0
993,19.86,idle,locomotion,1,58.02572616094636,-1.2821274167117647,0.10973345824050078,1.1770585684242016,0.1279992106522123,0.7246513386673774,1.2534995724928106,-0.001084438734764371,1.254584011227575,0.0
994,19.88,idle,locomotion,1,58.072391553905334,-1.2831997724075617,0.10973345824050078,1.1770595174505751,0.1279979345807598,0.724651422640655,1.253499645693363,-0.0010844926922737967,1.2545841383856366,0.0
995,19.9,idle,locomotion,1,58.119056946864305,-1.2842721281033587,0.10973345824050078,1.1770604516564018,0.1279966756728977,0.7246515058717756,1.2534997184739,-0.001084545966842227,1.2545842644407423,0.0
996,19.92,idle,locomotion,1,58.165722339823276,-1.2853444837991557,0.10973345824050078,1.1770613713479763,0.1279954341601587,0.7246515880252258,1.2534997906284335,-0.001084598541030539,1.2545843891694641,0.0
997,19.94,idle,locomotion,1,58.21238773278225,-1.2864168394949527,0.10973345824050078,1.1770622768490602,0.12799420993360794,0.7246516696068805,1.2534998625574734,-0.0010846504046015323,1.254584512962075,0.0
998,19.96,idle,locomotion,1,58.25905312574122,-1.2874891951907497,0.10973345824050078,1.1770631683216919,0.1279930026408839,0.7246517498618552,1.2534999335845387,-0.0010847013617105508,1.2545846349462493,0.0
999,19.98,idle,locomotion,1,58.30571851870019,-1.2885615508865467,0.10973345824050078,1.1770640459851291,0.12799181210803576,0.7246518286839274,1.2535000035463528,-0.0010847517281232129,1.254584755274476,0.0
1000,20.0,idle,locomotion,1,58.35238391165916,-1.2896339065823437,0.10973345824050078,1.1770649098131025,0.12799063856661896,0.7246519075727128,1.2535000739461528,-0.0010848012767931368,1.254584875222946,0.0
1001,20.02,idle,locomotion,1,58.39904930461813,-1.2907062622781407,0.10973345824050078,1.1770657600567183,0.1279894808095484,0.724651985974332,1.2535001441106313,-0.0010848500883707118,1.254584994199002,0.0
1002,20.04,idle,locomotion,1,58.4457146975771,-1.2917786179739377,0.10973345824050078,1.1770665975787258,0.12798833759414238,0.7246520631710415,1.2535002132182347,-0.0010848984645609044,1.2545851116827955,0.0
1003,20.06,idle,locomotion,1,58.492380090536074,-1.2928509736697347,0.10973345824050078,1.1770674217301411,0.12798720908147274,0.7246521399643671,1.2535002820716894,-0.0010849461363672784,1.2545852282080567,0.0
1004,20.08,idle,locomotion,1,58.539045483495045,-1.2939233293655317,0.10973345824050078,1.1770682318634922,0.12798609526074606,0.7246522168564461,1.2535003510824876,-0.0010849931481799469,1.2545853442306676,0.0
1005,20.1,idle,locomotion,1,58.585710876454016,-1.2949956850613287,0.10973345824050078,1.1770690301195228,0.12798499560767174,0.7246522931482067,1.2535004197272341,-0.0010850395762362595,1.2545854593034704,0.0
1006,20.12,idle,locomotion,1,58.63237626941299,-1.2960680407571257,0.10973345824050078,1.177069816805115,0.1279839105045395,0.7246523690845345,1.2535004883415035,-0.0010850853853429758,1.2545855737268465,0.0
1007,20.14,idle,locomotion,1,58.67904166237196,-1.2971403964529227,0.10973345824050078,1.1770705920241067,0.12798284061583468,0.7246524454870243,1.2535005578022147,-0.0010851305127841451,1.2545856883149988,0.0
1008,20.16,idle,locomotion,1,58.72570705533093,-1.2982127521487197,0.10973345824050078,1.1770713563947834,0.12798178578695052,0.7246525207826345,1.2535006266747504,-0.001085174907823585,1.254585801582574,0.0
1009,20.18,idle,locomotion,1,58.7723724482899,-1.2992851078445167,0.10973345824050078,1.1770721090517813,0.1279807460279903,0.7246525944739014,1.2535006943145515,-0.001085218726851564,1.254585913041403,0.0
1010,20.2,idle,locomotion,1,58.81903784124887,-1.3003574635403137,0.10973345824050078,1.1770728489901923,0.12797972110890388,0.7246526677964408,1.253500761742948,-0.001085261859475991,1.254586023602424,0.0
1011,20.22,idle,locomotion,1,58.86570323420784,-1.3014298192361107,0.10973345824050078,1.1770735765319116,0.12797871055213503,0.7246527402985715,1.253500828485785,-0.0010853044244866009,1.2545861329102714,0.0
1012,20.24,idle,locomotion,1,58.91236862716681,-1.3025021749319077,0.10973345824050078,1.1770742935281109,0.12797771461913127,0.7246528117404936,1.2535008945683341,-0.0010853461818249865,1.2545862407501591,0.0
1013,20.26,idle,locomotion,1,58.959034020125785,-1.3035745306277047,0.10973345824050078,1.1770750011307733,0.12797673205159066,0.7246528827238237,1.253500960561954,-0.0010853871239570982,1.2545863476859112,0.0
1014,20.28,idle,locomotion,1,59.005699413084756,-1.3046468863235017,0.10973345824050078,1.1770756988208615,0.127975762092431,0.724652953977326,1.2535010271068325,-0.0010854274029776026,1.2545864545098102,0.0
1015,20.3,idle,locomotion,1,59.05236480604373,-1.3057192420192987,0.10973345824050078,1.1770763858384587,0.1279748045897569,0.7246530242797938,1.2535010930443478,-0.0010854673351367791,1.2545865603794846,0.0
1016,20.32,idle,locomotion,1,59.0990301990027,-1.3067915977150957,0.10973345824050078,1.177077062213836,0.1279738592415217,0.7246530933984926,1.2535011580099467,-0.0010855069595415087,1.2545866649694881,0.0
1017,20.34,idle,locomotion,1,59.14569559196167,-1.3078639534108927,0.10973345824050078,1.1770777270269803,0.12797292631556562,0.7246531623015736,1.2535012229225913,-0.0010855460935060395,1.2545867690160972,0.0
1018,20.36,idle,locomotion,1,59.19236098492064,-1.3089363091066897,0.10973345824050078,1.1770783810708008,0.12797200599150055,0.7246532320983562,1.253501289004018,-0.0010855843695442673,1.2545868733735623,0.0
1019,20.38,idle,locomotion,1,59.23902637787961,-1.3100086648024867,0.10973345824050078,1.1770790253562766,0.12797109727112724,0.7246533025698557,1.2535013560647854,-0.001085621887656301,1.2545869779524417,0.0
1020,20.4,idle,locomotion,1,59.28569177083858,-1.3110810204982837,0.10973345824050078,1.1770796586323196,0.12797019972101345,0.7246533715610392,1.2535014218348821,-0.0010856589004057358,1.254587080735288,0.0
1021,20.42,idle,locomotion,1,59.33235716379755,-1.3121533761940807,0.10973345824050078,1.1770802816257184,0.12796931387341154,0.7246534401864575,1.2535014873888692,-0.0010856956705880237,1.2545871830594573,0.0
1022,20.44,idle,locomotion,1,59.379022556756524,-1.3132257318898777,0.10973345824050078,1.1770808953950094,0.1279684396878914,0.7246535089840811,1.253501553467963,-0.0010857318357489869,1.2545872853037119,0.0
1023,20.46,idle,locomotion,1,59.425687949715496,-1.3142980875856747,0.10973345824050078,1.1770814997003707,0.12796757674289896,0.7246535766065524,1.25350161867942,-0.0010857674363626835,1.2545873861157826,0.0
1024,20.48,idle,locomotion,1,59.47235334267447,-1.3153704432814717,0.10973345824050078,1.1770820945162905,0.1279667248428432,0.7246536426725734,1.2535016826008896,-0.0010858026735538345,1.2545874852744434,0.0
1025,20.5,idle,locomotion,1,59.51901873563344,-1.3164427989772687,0.10973345824050078,1.1770826798895393,0.12796588433469383,0.7246537088379568,1.25350174689848,-0.0010858373315136005,1.2545875842299936,0.0
1026,20.52,idle,locomotion,1,59.56568412859241,-1.3175151546730657,0.10973345824050078,1.1770832554137038,0.1279650554123131,0.7246537758126184,1.2535018123051105,-0.001085871358077483,1.254587683663188,0.0
1027,20.54,idle,locomotion,1,59.61234952155138,-1.3185875103688627,0.10973345824050078,1.177083820877653,0.1279642382287276,0.7246538424792143,1.2535018777510913,-0.0010859046261340773,1.2545877823772253,0.0
1028,20.56,idle,locomotion,1,59.65901491451035,-1.3196598660646597,0.10973345824050078,1.1770843758393514,0.12796343185022757,0.7246539080855533,1.2535019422817721,-0.0010859373992975034,1.2545878796810697,0.0
1029,20.58,idle,locomotion,1,59.70568030746932,-1.3207322217604567,0.10973345824050078,1.1770849203870268,0.12796263487536474,0.7246539726306721,1.2535020056478148,-0.0010859700692547672,1.2545879757170695,0.0
1030,20.6,idle,locomotion,1,59.75234570042829,-1.3218045774562537,0.10973345824050078,1.177085455993162,0.12796184671333463,0.72465403672372,1.2535020685095322,-0.0010860025071176733,1.25458807101665,0.0
1031,20.62,idle,locomotion,1,59.799011093387264,-1.3228769331520507,0.10973345824050078,1.1770859833046974,0.12796106807682067,0.7246541000303236,1.253502130913628,-0.0010860341246042293,1.2545881650382322,0.0
1032,20.64,idle,locomotion,1,59.845676486346235,-1.3239492888478477,0.10973345824050078,1.17708650154793,0.12796029943435513,0.7246541640775069,1.2535021942557605,-0.0010860652168844936,1.254588259472645,0.0
1033,20.66,idle,locomotion,1,59.89234187930521,-1.3250216445436447,0.10973345824050078,1.177087011344936,0.12795954027771636,0.724654227927383,1.253502257648586,-0.001086095994832316,1.2545883536434181,0.0
1034,20.68,idle,locomotion,1,59.93900727226418,-1.3260940002394417,0.10973345824050078,1.1770875135049585,0.12795879064456664,0.7246542909717886,1.253502320500175,-0.0010861264541299868,1.254588446954305,0.0
1035,20.7,idle,locomotion,1,59.98567266522315,-1.3271663559352387,0.10973345824050078,1.1770880070217635,0.1279580507766099,0.7246543526510586,1.2535023822549896,-0.0010861564404629556,1.2545885386954525,0.0
1036,20.72,idle,locomotion,1,60.03233805818212,-1.3282387116310357,0.10973345824050078,1.1770884912923154,0.12795732101047594,0.724654414603019,1.253502444322293,-0.0010861859176963286,1.2545886302399893,0.0
1037,20.74,idle,locomotion,1,60.07900345114109,-1.3293110673268327,0.10973345824050078,1.1770889668287723,0.12795660144493398,0.7246544770767255,1.2535025071441277,-0.001086214506783409,1.254588721650911,0.0
1038,20.76,idle,locomotion,1,60.12566884410006,-1.3303834230226297,0.10973345824050078,1.1770894338153777,0.12795589140544825,0.7246545395113312,1.2535025700665086,-0.0010862425729882448,1.2545888126394968,0.0
1039,20.78,idle,locomotion,1,60.17233423705903,-1.3314557787184267,0.10973345824050078,1.1770898927815203,0.12795519029967792,0.7246546015315737,1.2535026327399923,-0.0010862702928555387,1.2545889030328479,0.0
1040,20.8,idle,locomotion,1,60.218999630018004,-1.3325281344142237,0.10973345824050078,1.1770903435947688,0.12795449859136696,0.7246546630455182,1.2535026951556942,-0.0010862977025686837,1.254588992858263,0.0
1041,20.82,idle,locomotion,1,60.265665022976975,-1.3336004901100207,0.10973345824050078,1.177090786279806,0.1279538164911951,0.7246547231042216,1.2535027564315844,-0.0010863247293767427,1.254589081160961,0.0
1042,20.84,idle,locomotion,1,60.312330415935946,-1.3346728458058177,0.10973345824050078,1.1770912212865006,0.1279531434486472,0.7246547818182879,1.253502816544065,-0.0010863514198911454,1.254589167963956,0.0
1043,20.86,idle,locomotion,1,60.35899580889492,-1.3357452015016147,0.10973345824050078,1.1770916487507286,0.12795247884068714,0.7246548409017091,1.2535028770351673,-0.001086377837608666,1.254589254872776,0.0
1044,20.88,idle,locomotion,1,60.40566120185389,-1.3368175571974117,0.10973345824050078,1.177092068425397,0.127951823322208,0.7246549017731538,1.2535029393937867,-0.001086403705436504,1.2545893430992232,0.0
1045,20.9,idle,locomotion,1,60.45232659481286,-1.3378899128932087,0.10973345824050078,1.177092480876784,0.12795117678810788,0.7246549622265124,1.253503001639765,-0.0010864290435160621,1.254589430683281,0.0
1046,20.92,idle,locomotion,1,60.49899198777183,-1.3389622685890057,0.10973345824050078,1.1770928866422146,0.12795053876190354,0.7246550213623958,1.253503062832302,-0.0010864539196651576,1.2545895167519672,0.0
1047,20.94,idle,locomotion,1,60.5456573807308,-1.3400346242848027,0.10973345824050078,1.1770932850922522,0.12794990924092356,0.7246550789109528,1.2535031227813267,-0.0010864784170807225,1.2545896011984075,0.0
1048,20.96,idle,locomotion,1,60.59232277368977,-1.3411069799805997,0.10973345824050078,1.1770936766890014,0.12794928747319065,0.7246551359866177,1.2535031823851364,-0.001086502708555044,1.2545896850936915,0.0
1049,20.98,idle,locomotion,1,60.638988166648744,-1.3421793356763967,0.10973345824050078,1.1770940621291837,0.12794867266048857,0.7246551923141935,1.253503241425903,-0.0010865266583969767,1.2545897680843001,0.0
1050,21.0,idle,locomotion,1,60.685653559607715,-1.3432516913721937,0.10973345824050078,1.1770944404202743,0.12794806527970523,0.7246552482928927,1.253503300245627,-0.001086550208439778,1.254589850454067,0.0
1051,21.02,idle,locomotion,1,60.732318952566686,-1.3443240470679907,0.10973345824050078,1.1770948114061652,0.12794746516752087,0.7246553049903236,1.2535033598367067,-0.0010865734467467338,1.2545899332834534,0.0
1052,21.04,idle,locomotion,1,60.77898434552566,-1.3453964027637877,0.10973345824050078,1.1770951761722348,0.1279468720463562,0.7246553616044091,1.2535034195531374,-0.0010865962080292106,1.2545900157611667,0.0
1053,21.06,idle,locomotion,1,60.82564973848463,-1.3464687584595847,0.10973345824050078,1.177095534652231,0.12794628609862194,0.7246554192208566,1.2535034803764444,-0.0010866184883647906,1.2545900988648093,0.0
1054,21.08,idle,locomotion,1,60.8723151314436,-1.3475411141553817,0.10973345824050078,1.1770958865296448,0.12794570694893026,0.7246554765427791,1.2535035410959314,-0.0010866401626553196,1.2545901812585867,0.0
1055,21.1,idle,locomotion,1,60.91898052440257,-1.3486134698511787,0.10973345824050078,1.1770962319933391,0.1279451342339545,0.7246555325436194,1.253503600649179,-0.0010866615194144273,1.2545902621685936,0.0
1056,21.12,idle,locomotion,1,60.96564591736154,-1.3496858255469757,0.10973345824050078,1.177096570620767,0.12794456795117315,0.7246555877487261,1.253503659536937,-0.0010866826524408672,1.254590342189378,0.0
1057,21.14,idle,locomotion,1,61.01231131032051,-1.3507581812427727,0.10973345824050078,1.1770969020788555,0.12794400861476138,0.7246556433563498,1.2535037188955778,-0.0010867036397761744,1.254590422535354,0.0
1058,21.16,idle,locomotion,1,61.058976703279484,-1.3518305369385697,0.10973345824050078,1.177097226074119,0.12794345665282975,0.7246556979065117,1.2535037773990656,-0.0010867242616423509,1.254590501660708,0.0
1059,21.18,idle,locomotion,1,61.105642096238455,-1.3529028926343667,0.10973345824050078,1.1770975436110434,0.12794291173968073,0.7246557509981589,1.2535038345416456,-0.0010867447111315015,1.2545905792527772,0.0
1060,21.2,idle,locomotion,1,61.152307489197426,-1.3539752483301637,0.10973345824050078,1.1770978544050148,0.1279423732810731,0.7246558042727431,1.2535038918119583,-0.0010867646305665092,1.2545906564425249,0.0
1061,21.22,idle,locomotion,1,61.1989728821564,-1.3550476040259607,0.10973345824050078,1.1770981595257606,0.12794184078691898,0.7246558583078742,1.2535039498115097,-0.0010867842826386385,1.2545907340941482,0.0
1062,21.24,idle,locomotion,1,61.24563827511537,-1.3561199597217577,0.10973345824050078,1.1770984593432245,0.12794131497165218,0.7246559118251089,1.2535040075761452,-0.0010868034610997356,1.254590811037245,0.0
1063,21.26,idle,locomotion,1,61.29230366807434,-1.3571923154175547,0.10973345824050078,1.1770987532316044,0.12794079583473883,0.7246559646957377,1.253504064837336,-0.001086822339305269,1.2545908871766411,0.0
1064,21.28,idle,locomotion,1,61.33896906103331,-1.3582646711133517,0.10973345824050078,1.1770990418451128,0.1279402824988571,0.7246560177798099,1.2535041223446073,-0.0010868409685112282,1.2545909633131185,0.0
1065,21.3,idle,locomotion,1,61.38563445399228,-1.3593370268091487,0.10973345824050078,1.177099324413385,0.12793977548881577,0.724656071090712,1.2535041801948401,-0.0010868591900581037,1.2545910393848982,0.0
1066,21.32,idle,locomotion,1,61.43229984695125,-1.3604093825049457,0.10973345824050078,1.1770996001835936,0.12793927498894314,0.7246561237721822,1.2535042374695236,-0.0010868769885721344,1.2545911144580957,0.0
1067,21.34,idle,locomotion,1,61.478965239910224,-1.3614817382007427,0.10973345824050078,1.1770998705902094,0.12793878028252711,0.7246561762672152,1.2535042945498411,-0.0010868945033951187,1.2545911890532362,0.0
1068,21.36,idle,locomotion,1,61.525630632869195,-1.3625540938965397,0.10973345824050078,1.1771001355896622,0.12793829117663705,0.7246562280656975,1.2535043510437784,-0.0010869118023184993,1.254591262846097,0.0
1069,21.38,idle,locomotion,1,61.572296025828166,-1.3636264495923367,0.10973345824050078,1.1771003956178792,0.12793780727052217,0.7246562799742559,1.2535044076046977,-0.001086929046788799,1.2545913366514865,0.0
1070,21.4,idle,locomotion,1,61.61896141878714,-1.3646988052881337,0.10973345824050078,1.177100652187116,0.12793732823833237,0.7246563307203785,1.2535044633520163,-0.0010869457681350128,1.2545914091201513,0.0
1071,21.42,idle,locomotion,1,61.66562681174611,-1.3657711609839307,0.10973345824050078,1.177100904989534,0.12793685376867223,0.7246563800062015,1.2535045179023094,-0.0010869622561078505,1.2545914801584173,0.0
1072,21.44,idle,locomotion,1,61.71229220470508,-1.3668435166797277,0.10973345824050078,1.1771011532177063,0.12793638401827226,0.7246564301083642,1.253504573348571,-0.001086978628380978,1.254591551976952,0.0
1073,21.46,idle,locomotion,1,61.75895759766405,-1.3679158723755247,0.10973345824050078,1.1771013951237423,0.12793591930598727,0.7246564807216733,1.2535046293049492,-0.0010869946470150708,1.2545916239519643,0.0
1074,21.48,idle,locomotion,1,61.80562299062302,-1.3689882280713217,0.10973345824050078,1.1771016314543685,0.1279354590604537,0.7246565311987742,1.2535046849905815,-0.0010870106509582624,1.2545916956415397,0.0
1075,21.5,idle,locomotion,1,61.85228838358199,-1.3700605837671187,0.10973345824050078,1.1771018640143465,0.12793500323307921,0.7246565818505495,1.253504740964148,-0.0010870261786755965,1.2545917671428235,0.0
1076,21.52,idle,locomotion,1,61.898953776540964,-1.3711329394629157,0.10973345824050078,1.1771020925249758,0.12793455233236867,0.7246566330416672,1.253504797679545,-0.0010870413621123995,1.2545918390416575,0.0
1077,21.54,idle,locomotion,1,61.945619169499935,-1.3722052951587127,0.10973345824050078,1.1771023165775023,0.1279341069094652,0.7246566845142431,1.253504854902005,-0.0010870563076159807,1.2545919112096209,0.0
1078,21.56,idle,locomotion,1,61.992284562458906,-1.3732776508545097,0.10973345824050078,1.1771025365355277,0.12793366674751044,0.7246567343787648,1.2535049107978984,-0.0010870709836878628,1.2545919817815863,0.0
1079,21.58,idle,locomotion,1,62.03894995541788,-1.3743500065503067,0.10973345824050078,1.1771027527858149,0.12793323159872086,0.7246567824344173,1.2535049651211245,-0.001087085294058314,1.2545920504151828,0.0
1080,21.6,idle,locomotion,1,62.08561534837685,-1.3754223622461037,0.10973345824050078,1.17710296509338,0.1279328009220759,0.7246568292412248,1.2535050183813565,-0.001087098987085179,1.2545921173684418,0.0
1081,21.62,idle,locomotion,1,62.13228074133582,-1.3764947179419007,0.10973345824050078,1.177103172875459,0.12793237420204318,0.7246568763812175,1.2535050720207381,-0.0010871122915170062,1.2545921843122552,0.0
1082,21.64,idle,locomotion,1,62.17894613429479,-1.3775670736376977,0.10973345824050078,1.1771033758195435,0.12793195070489147,0.7246569238676268,1.2535051259884744,-0.001087125581475036,1.2545922515699495,0.0
1083,21.66,idle,locomotion,1,62.22561152725376,-1.3786394293334947,0.10973345824050078,1.1771035744778733,0.12793153042209948,0.724656971982475,1.2535051805761364,-0.0010871388160242253,1.2545923193921606,0.0
1084,21.68,idle,locomotion,1,62.27227692021273,-1.3797117850292917,0.10973345824050078,1.1771037688616175,0.1279311132944149,0.7246570202222304,1.253505235391505,-0.0010871518921779684,1.254592387283683,0.0
1085,21.7,idle,locomotion,1,62.3189423131717,-1.3807841407250887,0.10973345824050078,1.1771039582538356,0.12793069925173756,0.7246570675098277,1.253505289270588,-0.00108716500350255,1.2545924542740905,0.0
1086,21.72,idle,locomotion,1,62.365607706130675,-1.3818564964208857,0.10973345824050078,1.1771041429034363,0.12793028893788636,0.724657114565416,1.2535053429796958,-0.0010871778027311402,1.254592520782427,0.0
1087,21.74,idle,locomotion,1,62.412273099089646,-1.3829288521166827,0.10973345824050078,1.1771043230937923,0.12792988226107888,0.7246571604113667,1.2535053956089064,-0.001087190266316044,1.2545925858752225,0.0
1088,21.76,idle,locomotion,1,62.45893849204862,-1.3840012078124797,0.10973345824050078,1.1771044990806,0.12792947945679498,0.7246572067995217,1.2535054487522055,-0.0010872023849430798,1.2545926511371486,0.0
1089,21.78,idle,locomotion,1,62.50560388500759,-1.3850735635082767,0.10973345824050078,1.1771046704405996,0.12792908058721503,0.7246572531790253,1.25350550198537,-0.0010872141204540664,1.2545927161058241,0.0
1090,21.8,idle,locomotion,1,62.55226927796656,-1.3861459192040737,0.10973345824050078,1.177104837808513,0.12792868563928242,0.7246572996658767,1.2535055553003067,-0.0010872257461393905,1.2545927810464461,0.0
1091,21.82,idle,locomotion,1,62.59893467092553,-1.3872182748998707,0.10973345824050078,1.1771050015598736,0.12792829402435138,0.7246573456853928,1.253505608199822,-0.0010872372992922312,1.2545928454991142,0.0
1092,21.84,idle,locomotion,1,62.6456000638845,-1.3882906305956677,0.10973345824050078,1.1771051615911987,0.12792790564094572,0.7246573907855884,1.2535056601910717,-0.0010872487611880352,1.2545929089522596,0.0
1093,21.86,idle,locomotion,1,62.69226545684347,-1.3893629862914647,0.10973345824050078,1.1771053183000257,0.12792752068139018,0.7246574366666505,1.2535057129707312,-0.0010872601891803203,1.2545929731599115,0.0
1094,21.88,idle,locomotion,1,62.73893084980244,-1.3904353419872617,0.10973345824050078,1.1771054717747047,0.12792713935361935,0.7246574844139969,1.253505767680791,-0.0010872712420212406,1.2545930389228124,0.0
1095,21.9,idle,locomotion,1,62.785596242761414,-1.3915076976830587,0.10973345824050078,1.1771056213517541,0.12792676179340265,0.7246575316805444,1.2535058220949697,-0.0010872818439681409,1.254593103938938,0.0
1096,21.92,idle,locomotion,1,62.832261635720386,-1.3925800533788557,0.10973345824050078,1.1771057668007185,0.1279263876396019,0.7246575765465718,1.2535058741663676,-0.0010872924366228838,1.2545931666029906,0.0
1097,21.94,idle,locomotion,1,62.87892702867936,-1.3936524090746527,0.10973345824050078,1.1771059084625308,0.12792601668007972,0.7246576204987187,1.2535059252590974,-0.0010873029094352164,1.2545932281685326,0.0
1098,21.96,idle,locomotion,1,62.92559242163833,-1.3947247647704497,0.10973345824050078,1.1771060469051893,0.12792564876418866,0.7246576646317769,1.2535059765748802,-0.0010873130249296759,1.2545932895998098,0.0
1099,21.98,idle,locomotion,1,62.9722578145973,-1.3957971204662467,0.10973345824050078,1.1771061826582219,0.1279252835995424,0.7246577082524293,1.253506027515988,-0.0010873226987173773,1.2545933502147053,0.0
1100,22.0,idle,locomotion,1,63.01892320755627,-1.3968694761620437,0.10973345824050078,1.1771063149755419,0.127924920392281,0.7246577509934624,1.2535060774944025,-0.0010873324645904736,1.2545934099589928,0.0
1101,22.02,idle,locomotion,1,63.06558860051524,-1.3979418318578407,0.10973345824050078,1.1771064439708496,0.12792455975373093,0.7246577942746674,1.2535061279436979,-0.0010873421324344816,1.2545934700761323,0.0
1102,22.04,idle,locomotion,1,63.11225399347421,-1.3990141875536377,0.10973345824050078,1.1771065698768297,0.1279242023843207,0.7246578381318783,1.2535061791139517,-0.0010873514222962052,1.254593530536248,0.0
1103,22.06,idle,locomotion,1,63.15891938643318,-1.4000865432494347,0.10973345824050078,1.1771066919919186,0.12792384800858403,0.7246578821261609,1.253506230341638,-0.0010873607343967126,1.2545935910760346,0.0
1104,22.08,idle,locomotion,1,63.205584779392154,-1.4011588989452317,0.10973345824050078,1.1771068113794194,0.12792349680893364,0.7246579259628277,1.2535062814221836,-0.0010873698869234248,1.254593651309107,0.0
1105,22.1,idle,locomotion,1,63.252250172351125,-1.4022312546410287,0.10973345824050078,1.1771069282387974,0.12792314869072502,0.7246579696702077,1.2535063324321618,-0.0010873786592995836,1.2545937110914613,0.0
1106,22.12,idle,locomotion,1,63.2989155653101,-1.4033036103368257,0.10973345824050078,1.177107042584221,0.12792280309898169,0.7246580126980474,1.2535063828580788,-0.001087387169907028,1.2545937700279859,0.0
1107,22.14,idle,locomotion,1,63.34558095826907,-1.4043759660326227,0.10973345824050078,1.1771071541551184,0.1279224595440472,0.7246580550720271,1.2535064326623875,-0.0010873954444192875,1.2545938281068068,0.0
1108,22.16,idle,locomotion,1,63.39224635122804,-1.4054483217284197,0.10973345824050078,1.1771072629212287,0.1279221177580487,0.7246580975691739,1.2535064825340814,-0.0010874036950306414,1.254593886229112,0.0
1109,22.18,idle,locomotion,1,63.43891174418701,-1.4065206774242167,0.10973345824050078,1.1771073694789675,0.12792177745453256,0.7246581404188941,1.2535065327590846,-0.0010874116748501514,1.2545939444339347,0.0
1110,22.2,idle,locomotion,1,63.48557713714598,-1.4075930331200137,0.10973345824050078,1.1771074738208172,0.12792143863029412,0.7246581836939713,1.253506583499416,-0.0010874192909665764,1.2545940027903826,0.0
1111,22.22,idle,locomotion,1,63.53224253010495,-1.4086653888158107,0.10973345824050078,1.17710757575349,0.12792110123994072,0.7246582265666347,1.2535066339429715,-0.0010874269085042083,1.2545940608514756,0.0
1112,22.24,idle,locomotion,1,63.57890792306392,-1.4097377445116077,0.10973345824050078,1.1771076747326905,0.12792076592873952,0.7246582694548603,1.253506684443054,-0.0010874346120167758,1.254594119055071,0.0
1113,22.26,idle,locomotion,1,63.625573316022894,-1.4108101002074047,0.10973345824050078,1.1771077709116655,0.1279204332217102,0.7246583123211973,1.2535067350812026,-0.0010874419229420125,1.2545941770041447,0.0
1114,22.28,idle,locomotion,1,63.672238708981865,-1.4118824559032017,0.10973345824050078,1.1771078642120911,0.12792010234130674,0.7246583545452403,1.2535067851005142,-0.0010874490336488067,1.254594234134163,0.0
1115,22.3,idle,locomotion,1,63.718904101940836,-1.4129548115989987,0.10973345824050078,1.1771079542801846,0.12791977316320527,0.7246583960962689,1.2535068344042508,-0.0010874560679447302,1.2545942904721956,0.0
1116,22.32,idle,locomotion,1,63.76556949489981,-1.4140271672947957,0.10973345824050078,1.1771080418197015,0.1279194461976975,0.7246584374746269,1.2535068836270562,-0.0010874629700837503,1.2545943465971399,0.0
1117,22.34,idle,locomotion,1,63.81223488785878,-1.4150995229905927,0.10973345824050078,1.1771081265419694,0.1279191211205674,0.7246584776784672,1.2535069318051493,-0.001087469506669804,1.254594401311819,0.0
1118,22.36,idle,locomotion,1,63.85890028081775,-1.4161718786863897,0.10973345824050078,1.1771082084194646,0.12791879794349387,0.7246585181101534,1.2535069801340093,-0.0010874761632086137,1.254594456297218,0.0
1119,22.38,idle,locomotion,1,63.90556567377672,-1.4172442343821867,0.10973345824050078,1.1771082875850938,0.12791847651662602,0.7246585589088504,1.2535070288481676,-0.0010874827506398912,1.2545945115988075,0.0
1120,22.4,idle,locomotion,1,63.95223106673569,-1.4183165900779837,0.10973345824050078,1.1771083641378335,0.12791815659741992,0.7246585997172702,1.2535070775346941,-0.0010874891661550104,1.2545945667008491,0.0
1121,22.42,idle,locomotion,1,63.99889645969466,-1.4193889457737807,0.10973345824050078,1.177108438381908,0.12791783807157114,0.724658640130337,1.2535071258813781,-0.0010874954719709284,1.254594621353349,0.0
1122,22.44,idle,locomotion,1,64.04556185265363,-1.4204613014695777,0.10973345824050078,1.1771085100785068,0.12791752051401575,0.7246586792421748,1.2535071728987888,-0.0010875017400387432,1.2545946746388275,0.0
1123,22.46,idle,locomotion,1,64.0922272456126,-1.4215336571653747,0.10973345824050078,1.177108579625435,0.1279172048220741,0.7246587185773626,1.2535072201905282,-0.0010875078334623943,1.2545947280239906,0.0
1124,22.48,idle,locomotion,1,64.13889263857158,-1.4226060128611717,0.10973345824050078,1.1771086473686028,0.12791689153270974,0.7246587588855595,1.2535072686738742,-0.0010875135501116906,1.2545947822239858,0.0
1125,22.5,idle,locomotion,1,64.18555803153055,-1.4236783685569687,0.10973345824050078,1.1771087128146545,0.12791658006289716,0.724658798671201,1.2535073167143107,-0.0010875189986370888,1.2545948357129477,0.0
1126,22.52,idle,locomotion,1,64.23222342448952,-1.4247507242527657,0.10973345824050078,1.1771087757671874,0.12791627064340214,0.7246588383613766,1.253507364604244,-0.001087524444968773,1.254594889049213,0.0
1127,22.54,idle,locomotion,1,64.27888881744849,-1.4258230799485627,0.10973345824050078,1.1771088357504815,0.1279159631313553,0.7246588776057648,1.2535074119682281,-0.0010875298504627248,1.2545949418186908,0.0
1128,22.56,idle,locomotion,1,64.32555421040746,-1.4268954356443597,0.10973345824050078,1.1771088927498057,0.12791565763501653,0.7246589169108938,1.2535074591730362,-0.0010875352917062223,1.2545949944647423,0.0
1129,22.58,idle,locomotion,1,64.37221960336643,-1.4279677913401567,0.10973345824050078,1.177108947876435,0.12791535452681624,0.7246589564805954,1.2535075066446626,-0.0010875405349867473,1.2545950471796494,0.0
1130,22.6,idle,locomotion,1,64.4188849963254,-1.4290401470359537,0.10973345824050078,1.1771090014661172,0.12791505360898633,0.7246589959630033,1.2535075540800993,-0.0010875455071261385,1.2545950995872255,0.0
1131,22.62,idle,locomotion,1,64.46555038928437,-1.4301125027317507,0.10973345824050078,1.177109053143368,0.1279147547109791,0.7246590355023459,1.253507601567412,-0.0010875504043759109,1.254595151971788,0.0
1132,22.64,idle,locomotion,1,64.51221578224335,-1.4311848584275477,0.10973345824050078,1.177109102686282,0.1279144577805957,0.7246590741545618,1.253507648253824,-0.0010875551991130737,1.254595203452937,0.0
1133,22.66,idle,locomotion,1,64.55888117520232,-1.4322572141233447,0.10973345824050078,1.1771091499145947,0.1279141629189005,0.7246591126351722,1.2535076947828525,-0.0010875599375157752,1.2545952547203683,0.0
1134,22.68,idle,locomotion,1,64.60554656816129,-1.4333295698191417,0.10973345824050078,1.1771091946805403,0.12791386993487122,0.7246591516983617,1.2535077418732823,-0.0010875644290064754,1.2545953063022888,0.0
1135,22.7,idle,locomotion,1,64.65221196112026,-1.4344019255149387,0.10973345824050078,1.1771092373047178,0.12791357842147894,0.7246591911721247,1.2535077893109963,-0.0010875688628341103,1.2545953581738303,0.0
1136,22.72,idle,locomotion,1,64.69887735407923,-1.4354742812107357,0.10973345824050078,1.1771092777338283,0.12791328788164952,0.7246592290450283,1.253507835149962,-0.0010875732697485131,1.2545954084197106,0.0
1137,22.74,idle,locomotion,1,64.7455427470382,-1.4365466369065327,0.10973345824050078,1.1771093161494033,0.12791299860327135,0.7246592659931128,1.253507879968362,-0.0010875778170172518,1.2545954577853793,0.0
1138,22.76,idle,locomotion,1,64.79220813999717,-1.4376189926023297,0.10973345824050078,1.1771093527883048,0.1279127109834709,0.7246593028605397,1.253507924707365,-0.0010875821907470537,1.254595506898112,0.0
1139,22.78,idle,locomotion,1,64.83887353295614,-1.4386913482981267,0.10973345824050078,1.1771093886483375,0.12791242516841136,0.724659339024576,1.2535079688824031,-0.0010875863114729323,1.254595555193876,0.0
1140,22.8,idle,locomotion,1,64.88553892591511,-1.4397637039939237,0.10973345824050078,1.1771094230601764,0.12791214061194298,0.7246593745846988,1.2535080123927986,-0.0010875902168068323,1.2545956026096055,0.0
1141,22.82,idle,locomotion,1,64.93220431887408,-1.4408360596897207,0.10973345824050078,1.1771094561312154,0.12791185696332216,0.7246594109650044,1.253508056554479,-0.0010875938491975365,1.2545956504036764,0.0
1142,22.84,idle,locomotion,1,64.97886971183306,-1.4419084153855177,0.10973345824050078,1.1771094883606041,0.12791157415884555,0.7246594476229001,1.2535081010642797,-0.0010875971065424442,1.2545956981708222,0.0
1143,22.86,idle,locomotion,1,65.02553510479203,-1.4429807710813147,0.10973345824050078,1.1771095196071557,0.1279112922392314,0.7246594832809772,1.2535081447111058,-0.0010876002986056586,1.2545957450097114,0.0
1144,22.88,idle,locomotion,1,65.072200497751,-1.4440531267771117,0.10973345824050078,1.1771095500338493,0.12791101141344455,0.7246595186434553,1.253508188201655,-0.0010876034905510645,1.2545957916922061,0.0
1145,22.9,idle,locomotion,1,65.11886589070997,-1.4451254824729087,0.10973345824050078,1.1771095792568957,0.12791073106904818,0.7246595542275683,1.2535082319369288,-0.0010876066733392642,1.254595838610268,0.0
1146,22.92,idle,locomotion,1,65.16553128366894,-1.4461978381687057,0.10973345824050078,1.1771096070895934,0.12791045068692816,0.7246595901067925,1.2535082758780653,-0.0010876098574933123,1.2545958857355586,0.0
1147,22.94,idle,locomotion,1,65.21219667662791,-1.4472701938645027,0.10973345824050078,1.1771096334598052,0.12791017063827984,0.7246596269927574,1.2535083208193571,-0.0010876128023677156,1.254595933621725,0.0
1148,22.96,idle,locomotion,1,65.25886206958688,-1.4483425495602997,0.10973345824050078,1.1771096585063505,0.12790989105842035,0.7246596652296144,1.2535083671841907,-0.00108761566105392,1.2545959828452447,0.0
1149,22.98,idle,locomotion,1,65.30552746254585,-1.4494149052560967,0.10973345824050078,1.1771096808804393,0.12790961207464518,0.7246597024823836,1.2535084126993508,-0.0010876184581597621,1.2545960311575106,0.0
1150,23.0,idle,locomotion,1,65.35219285550482,-1.4504872609518937,0.10973345824050078,1.17710970134497,0.12790933337460833,0.7246597390508235,1.2535084574839794,-0.001087621368267632,1.254596078852247,0.0
1151,23.02,idle,locomotion,1,65.3988582484638,-1.4515596166476907,0.10973345824050078,1.1771097214780548,0.12790905428403207,0.7246597753498839,1.2535085020871788,-0.0010876240243425928,1.2545961261115215,0.0
1152,23.04,idle,locomotion,1,65.44552364142277,-1.4526319723434877,0.10973345824050078,1.1771097405955733,0.12790877490799638,0.7246598115930716,1.2535085466510636,-0.0010876265929359377,1.2545961732439996,0.0
1153,23.06,idle,locomotion,1,65.49218903438174,-1.4537043280392847,0.10973345824050078,1.1771097588006707,0.12790849519234818,0.7246598467462116,1.2535085902472234,-0.0010876291001061036,1.2545962193473295,0.0
1154,23.08,idle,locomotion,1,65.53885442734071,-1.4547766837350817,0.10973345824050078,1.1771097762006513,0.12790821514902453,0.7246598806875592,1.2535086327367342,-0.0010876315133574038,1.2545962642500916,0.0
1155,23.1,idle,locomotion,1,65.58551982029968,-1.4558490394308787,0.10973345824050078,1.1771097922648448,0.12790793477626908,0.7246599148687077,1.2535086754486282,-0.001087633985911711,1.2545963094345398,0.0
1156,23.12,idle,locomotion,1,65.63218521325865,-1.4569213951266757,0.10973345824050078,1.1771098070134662,0.1279076543066865,0.7246599497355191,1.2535087188617524,-0.0010876365176374359,1.2545963553793897,0.0
1157,23.14,idle,locomotion,1,65.67885060621762,-1.4579937508224727,0.10973345824050078,1.177109820202032,0.12790737439385252,0.7246599848521247,1.2535087626344155,-0.001087638816428798,1.2545964014508442,0.0
1158,23.16,idle,locomotion,1,65.7255159991766,-1.4590661065182697,0.10973345824050078,1.177109831223505,0.1279070954928673,0.7246600198204551,1.2535088063071205,-0.001087641027563556,1.254596447334684,0.0
1159,23.18,idle,locomotion,1,65.77218139213556,-1.4601384622140667,0.10973345824050078,1.177109840078713,0.12790681726625866,0.7246600541967901,1.2535088493102577,-0.0010876432745880252,1.2545964925848458,0.0
1160,23.2,idle,locomotion,1,65.81884678509454,-1.4612108179098637,0.10973345824050078,1.1771098471255355,0.12790653931247073,0.7246600883840266,1.2535088919700035,-0.00108764553636859,1.2545965375063721,0.0
1161,23.22,idle,locomotion,1,65.8655121780535,-1.4622831736056607,0.10973345824050078,1.1771098526928765,0.127906262017834,0.7246601220047787,1.2535089341201022,-0.0010876476780222362,1.2545965817981244,0.0
1162,23.24,idle,locomotion,1,65.91217757101248,-1.4633555293014577,0.10973345824050078,1.1771098570635616,0.12790598541402415,0.7246601550638819,1.253508975761848,-0.0010876495974123934,1.2545966253592604,0.0
1163,23.26,idle,locomotion,1,65.95884296397145,-1.4644278849972547,0.10973345824050078,1.1771098602956325,0.12790570913900115,0.7246601880961829,1.2535090173797645,-0.0010876514699357659,1.2545966688497003,0.0
1164,23.28,idle,locomotion,1,66.00550835693042,-1.4655002406930517,0.10973345824050078,1.177109862615135,0.12790543293804166,0.7246602212861545,1.2535090591550893,-0.0010876533364667894,1.254596712491556,0.0
1165,23.3,idle,locomotion,1,66.05217374988939,-1.4665725963888487,0.10973345824050078,1.1771098637780228,0.12790515674615988,0.7246602546600759,1.253509101097792,-0.0010876550557954272,1.2545967561535873,0.0
1166,23.32,idle,locomotion,1,66.09883914284836,-1.4676449520846457,0.10973345824050078,1.1771098637704498,0.12790488043672266,0.7246602880932395,1.2535091430875445,-0.0010876565688406684,1.2545967996563852,0.0
1167,23.34,idle,locomotion,1,66.14550453580733,-1.4687173077804427,0.10973345824050078,1.177109862550254,0.12790460412237886,0.7246603231457458,1.253509186600579,-0.001087658000194787,1.2545968446007738,0.0
1168,23.36,idle,locomotion,1,66.1921699287663,-1.4697896634762397,0.10973345824050078,1.177109858241946,0.12790432827196738,0.724660358097007,1.2535092300014663,-0.0010876591941518243,1.254596889195618,0.0
1169,23.38,idle,locomotion,1,66.23883532172528,-1.4708620191720367,0.10973345824050078,1.1771098507459534,0.12790405324889206,0.7246603915955793,1.253509271833907,-0.0010876605212539019,1.254596932355161,0.0
1170,23.4,idle,locomotion,1,66.28550071468425,-1.4719343748678337,0.10973345824050078,1.177109842540047,0.12790377859436738,0.724660424951548,1.253509313439582,-0.0010876618800779274,1.25459697531966,0.0
1171,23.42,idle,locomotion,1,66.33216610764322,-1.4730067305636307,0.10973345824050078,1.1771098343744055,0.12790350444198517,0.7246604576362496,1.2535093545179865,-0.0010876631788001717,1.2545970176967867,0.0
1172,23.44,idle,locomotion,1,66.37883150060219,-1.4740790862594277,0.10973345824050078,1.1771098253620502,0.12790323130544645,0.7246604899321281,1.253509395234969,-0.0010876646296969703,1.2545970598646659,0.0
1173,23.46,idle,locomotion,1,66.42549689356116,-1.4751514419552247,0.10973345824050078,1.1771098153020279,0.1279029591121019,0.7246605227098849,1.2535094363337471,-0.0010876660249582622,1.2545971023587055,0.0
1174,23.48,idle,locomotion,1,66.47216228652013,-1.4762237976510217,0.10973345824050078,1.1771098045193602,0.12790268763312268,0.7246605554820433,1.2535094773562063,-0.0010876672698277752,1.254597144626034,0.0
1175,23.5,idle,locomotion,1,66.5188276794791,-1.4772961533468187,0.10973345824050078,1.1771097935138637,0.12790241690002713,0.7246605874652382,1.2535095176739905,-0.0010876684614076516,1.2545971861353982,0.0
1176,23.52,idle,locomotion,1,66.56549307243807,-1.4783685090426157,0.10973345824050078,1.1771097822770378,0.12790214664408295,0.7246606191050735,1.2535095576727746,-0.0010876695973043062,1.254597227270079,0.0
1177,23.54,idle,locomotion,1,66.61215846539704,-1.4794408647384127,0.10973345824050078,1.177109769965072,0.127901877023354,0.7246606510068558,1.2535095978818063,-0.0010876706713045074,1.2545972685531108,0.0
1178,23.56,idle,locomotion,1,66.65882385835602,-1.4805132204342097,0.10973345824050078,1.177109756213428,0.12790160840870227,0.7246606831607386,1.2535096382787523,-0.001087671701512253,1.2545973099802645,0.0
1179,23.58,idle,locomotion,1,66.70548925131499,-1.4815855761300067,0.10973345824050078,1.1771097419861947,0.12790134041281265,0.7246607151140366,1.2535096784502275,-0.0010876727512545495,1.254597351201482,0.0
1180,23.6,idle,locomotion,1,66.75215464427396,-1.4826579318258037,0.10973345824050078,1.1771097267388126,0.12790107293717592,0.7246607459128855,1.2535097174721856,-0.0010876735503184652,1.2545973910225041,0.0
1181,23.62,idle,locomotion,1,66.79882003723293,-1.4837302875216007,0.10973345824050078,1.1771097096366874,0.1279008061272371,0.7246607765865255,1.2535097561890134,-0.001087674195276462,1.25459743038429,0.0
1182,23.64,idle,locomotion,1,66.8454854301919,-1.4848026432173977,0.10973345824050078,1.1771096909116856,0.12790053978502613,0.7246608075902093,1.253509795073588,-0.0010876746984008305,1.2545974697719888,0.0
1183,23.66,idle,locomotion,1,66.89215082315087,-1.4858749989131947,0.10973345824050078,1.1771096715018547,0.12790027326263495,0.7246608382061782,1.2535098334438801,-0.001087675072452058,1.2545975085163321,0.0
1184,23.68,idle,locomotion,1,66.93881621610984,-1.4869473546089917,0.10973345824050078,1.1771096528556342,0.12790000605011573,0.7246608684396493,1.2535098714133144,-0.0010876753863609118,1.2545975467996753,0.0
1185,23.7,idle,locomotion,1,66.98548160906881,-1.4880197103047887,0.10973345824050078,1.1771096348955408,0.12789973860538195,0.72466089820609,1.2535099090249653,-0.001087675788241569,1.254597584813207,0.0
1186,23.72,idle,locomotion,1,67.03214700202778,-1.4890920660005857,0.10973345824050078,1.1771096170477313,0.12789947197075946,0.72466092815091,1.2535099469471884,-0.0010876763274615224,1.2545976232746499,0.0
1187,23.74,idle,locomotion,1,67.07881239498676,-1.4901644216963827,0.10973345824050078,1.1771095992994798,0.1278992059305951,0.7246609580635052,1.2535099849248883,-0.0010876768457273867,1.2545976617706156,0.0
1188,23.76,idle,locomotion,1,67.12547778794573,-1.4912367773921797,0.10973345824050078,1.177109580268408,0.127898940458009,0.7246609881217382,1.2535100229374032,-0.0010876773134062753,1.2545977002508095,0.0
1189,23.78,idle,locomotion,1,67.1721431809047,-1.4923091330879767,0.10973345824050078,1.177109559945926,0.12789867552015072,0.7246610180776701,1.2535100607401821,-0.0010876778611356407,1.2545977386013178,0.0
1190,23.8,idle,locomotion,1,67.21880857386367,-1.4933814887837737,0.10973345824050078,1.1771095388170598,0.12789841106305858,0.724661048445317,1.2535100988185115,-0.0010876784163113655,1.254597777234823,0.0
1191,23.82,idle,locomotion,1,67.26547396682264,-1.4944538444795707,0.10973345824050078,1.1771095169704027,0.12789814683515158,0.7246610799565902,1.2535101378627949,-0.0010876787720796276,1.2545978166348746,0.0
1192,23.84,idle,locomotion,1,67.31213935978161,-1.4955262001753677,0.10973345824050078,1.1771094943639175,0.1278978826753625,0.7246611113428174,1.2535101766573933,-0.0010876790792527097,1.254597855736646,0.0
1193,23.86,idle,locomotion,1,67.35880475274058,-1.4965985558711647,0.10973345824050078,1.1771094711104317,0.12789761925961426,0.7246611415138599,1.2535102142473382,-0.001087679435468978,1.2545978936828073,0.0
1194,23.88,idle,locomotion,1,67.40547014569955,-1.4976709115669617,0.10973345824050078,1.1771094481956559,0.12789735616517145,0.7246611704311352,1.2535102506287288,-0.001087679531507766,1.2545979301602366,0.0
1195,23.9,idle,locomotion,1,67.45213553865852,-1.4987432672627587,0.10973345824050078,1.1771094259459551,0.12789709303539074,0.7246611990008869,1.2535102866837349,-0.0010876795080987968,1.2545979661918336,0.0
1196,23.92,idle,locomotion,1,67.4988009316175,-1.4998156229585557,0.10973345824050078,1.17710940357119,0.12789683014178208,0.7246612280248373,1.2535103232055185,-0.0010876793386045448,1.254598002544123,0.0
1197,23.94,idle,locomotion,1,67.54546632457647,-1.5008879786543528,0.10973345824050078,1.1771093804855484,0.12789656770668925,0.7246612576435262,1.2535103603178555,-0.0010876790199241503,1.2545980393377796,0.0
1198,23.96,idle,locomotion,1,67.59213171753544,-1.5019603343501498,0.10973345824050078,1.1771093563115544,0.12789630556956197,0.7246612879513451,1.2535103980338516,-0.0010876788354765854,1.2545980768693281,0.0
1199,23.98,idle,locomotion,1,67.63879711049441,-1.5030326900459468,0.10973345824050078,1.1771093314251766,0.1278960438389643,0.7246613177877844,1.2535104353640212,-0.0010876785814577447,1.254598113945479,0.0
1200,24.0,idle,locomotion,1,67.68546250345338,-1.5041050457417438,0.10973345824050078,1.17710930618439,0.12789578271320634,0.7246613460475674,1.2535104712804603,-0.0010876782668771436,1.2545981495473375,0.0
1201,24.02,idle,locomotion,1,67.73212789641235,-1.5051774014375408,0.10973345824050078,1.1771092806442833,0.1278955220498724,0.7246613738996868,1.2535105068041,-0.001087677986350663,1.2545981847904506,0.0
1202,24.04,idle,locomotion,1,67.77879328937132,-1.5062497571333378,0.10973345824050078,1.1771092541440604,0.12789526164735637,0.7246614024070974,1.25351054289838,-0.0010876776022589497,1.254598220500639,0.0
1203,24.06,idle,locomotion,1,67.8254586823303,-1.5073221128291348,0.10973345824050078,1.177109226655413,0.12789500048737304,0.7246614309290632,1.2535105787768295,-0.0010876772774555815,1.254598256054285,0.0
1204,24.08,idle,locomotion,1,67.87212407528926,-1.5083944685249318,0.10973345824050078,1.1771091991636236,0.12789473910508167,0.7246614609286062,1.253510616073092,-0.0010876767995503973,1.2545982928726425,0.0
1205,24.1,idle,locomotion,1,67.91878946824824,-1.5094668242207288,0.10973345824050078,1.177109170117645,0.12789447764143552,0.7246614919278659,1.2535106543232408,-0.0010876762669531324,1.254598330590194,0.0
1206,24.12,idle,locomotion,1,67.9654548612072,-1.5105391799165258,0.10973345824050078,1.17710914024871,0.12789421624232225,0.7246615236813901,1.2535106932544906,-0.0010876758484647739,1.2545983691029554,0.0
1207,24.14,idle,locomotion,1,68.01212025416618,-1.5116115356123228,0.10973345824050078,1.1771091101795732,0.12789395513504126,0.7246615545064341,1.2535107315212963,-0.0010876751579799622,1.2545984066792764,0.0
1208,24.16,idle,locomotion,1,68.05878564712515,-1.5126838913081198,0.10973345824050078,1.177109080083451,0.12789369340653026,0.7246615832297139,1.2535107678153368,-0.001087674414528856,1.2545984422298657,0.0
1209,24.18,idle,locomotion,1,68.10545104008412,-1.5137562470039168,0.10973345824050078,1.177109048754381,0.12789343017340118,0.7246616102501716,1.2535108022670967,-0.0010876739775031383,1.2545984762445999,0.0
1210,24.2,idle,locomotion,1,68.15211643304309,-1.5148286026997138,0.10973345824050078,1.1771090169021996,0.12789316586539745,0.7246616378868069,1.253510837196352,-0.0010876738541248515,1.2545985110504767,0.0
1211,24.22,idle,locomotion,1,68.19878182600206,-1.5159009583955108,0.10973345824050078,1.1771089847255705,0.1278929007275876,0.724661666187704,1.2535108728025903,-0.00108767359897783,1.254598546401568,0.0
1212,24.24,idle,locomotion,1,68.24544721896103,-1.5169733140913078,0.10973345824050078,1.177108952062726,0.1278926352478735,0.7246616946924238,1.2535109085522111,-0.001087673574042148,1.2545985821262533,0.0
1213,24.26,idle,locomotion,1,68.29211261192,-1.5180456697871048,0.10973345824050078,1.1771089201519143,0.12789237049309424,0.7246617237514668,1.2535109450787534,-0.0010876733451111523,1.2545986184238644,0.0
1214,24.28,idle,locomotion,1,68.33877800487898,-1.5191180254829018,0.10973345824050078,1.1771088890447567,0.1278921063774155,0.7246617531995854,1.2535109822489492,-0.0010876725649195292,1.2545986548138688,0.0
1215,24.3,idle,locomotion,1,68.38544339783795,-1.5201903811786988,0.10973345824050078,1.1771088571619432,0.1278918424164314,0.72466178343339,1.253511020179935,-0.0010876713774461803,1.2545986915573812,0.0
1216,24.32,idle,locomotion,1,68.43210879079692,-1.5212627368744958,0.10973345824050078,1.1771088230135314,0.12789157747811,0.7246618133231608,1.2535110574537227,-0.0010876703799988265,1.2545987278337216,0.0
1217,24.34,idle,locomotion,1,68.47877418375589,-1.5223350925702928,0.10973345824050078,1.1771087882748894,0.12789131136515372,0.7246618429440228,1.2535110941995316,-0.0010876696985154255,1.254598763898047,0.0
1218,24.36,idle,locomotion,1,68.52543957671486,-1.5234074482660898,0.10973345824050078,1.177108753589317,0.127891044877694,0.7246618721116748,1.2535111305960802,-0.0010876688472270524,1.2545987994433072,0.0
1219,24.38,idle,locomotion,1,68.57210496967383,-1.5244798039618868,0.10973345824050078,1.1771087184461353,0.12789077818515754,0.7246619007012133,1.2535111664218246,-0.0010876680318102037,1.2545988344536347,0.0
1220,24.4,idle,locomotion,1,68.6187703626328,-1.5255521596576838,0.10973345824050078,1.1771086829699535,0.12789051110477367,0.7246619287903239,1.2535112017053465,-0.001087667203855041,1.2545988689092016,0.0
1221,24.42,idle,locomotion,1,68.66543575559177,-1.5266245153534808,0.10973345824050078,1.1771086473058312,0.12789024348208194,0.7246619567238943,1.2535112367501335,-0.0010876663033166818,1.2545989030534501,0.0
1222,24.44,idle,locomotion,1,68.71210114855074,-1.5276968710492778,0.10973345824050078,1.1771086121736267,0.12788997522103124,0.7246619839245226,1.2535112711430465,-0.0010876653081689745,1.2545989364512156,0.0
1223,24.46,idle,locomotion,1,68.75876654150971,-1.5287692267450748,0.10973345824050078,1.177108576539911,0.1278897056606303,0.7246620109877764,1.2535113051963302,-0.001087664436202139,1.2545989696325324,0.0
1224,24.48,idle,locomotion,1,68.80543193446869,-1.5298415824408718,0.10973345824050078,1.1771085403128878,0.12788943518935836,0.7246620377671971,1.2535113388725276,-0.0010876636510343297,1.254599002523562,0.0
1225,24.5,idle,locomotion,1,68.85209732742766,-1.5309139381366688,0.10973345824050078,1.177108504349362,0.12788916434341124,0.7246620629386569,1.2535113710995356,-0.0010876628091703415,1.2545990339087059,0.0
1226,24.52,idle,locomotion,1,68.89876272038663,-1.5319862938324658,0.10973345824050078,1.1771084683143078,0.12788889354925775,0.7246620878051739,1.2535114030872965,-0.0010876619150097487,1.2545990650023062,0.0
1227,24.54,idle,locomotion,1,68.9454281133456,-1.5330586495282628,0.10973345824050078,1.1771084318278502,0.12788862249833832,0.7246621126653618,1.2535114350117547,-0.0010876612246506247,1.2545990962364053,0.0
1228,24.56,idle,locomotion,1,68.99209350630457,-1.5341310052240598,0.10973345824050078,1.177108395925476,0.1278883515153441,0.7246621389448689,1.2535114683427375,-0.0010876603644351703,1.2545991287071727,0.0
1229,24.58,idle,locomotion,1,69.03875889926354,-1.5352033609198568,0.10973345824050078,1.1771083601867023,0.12788808168709279,0.7246621664390425,1.2535115032196198,-0.001087659039482984,1.2545991622591028,0.0
1230,24.6,idle,locomotion,1,69.08542429222251,-1.5362757166156538,0.10973345824050078,1.1771083235735538,0.1278878128526962,0.7246621939655002,1.2535115382259256,-0.0010876575223285022,1.254599195748254,0.0
1231,24.62,idle,locomotion,1,69.13208968518148,-1.5373480723114508,0.10973345824050078,1.1771082867632563,0.12788754372255584,0.7246622203352826,1.253511572049493,-0.0010876560124554735,1.2545992280619485,0.0
1232,24.64,idle,locomotion,1,69.17875507814045,-1.5384204280072478,0.10973345824050078,1.1771082491756055,0.12788727429911217,0.7246622457116764,1.2535116048783084,-0.001087654479489334,1.2545992593577977,0.0
1233,24.66,idle,locomotion,1,69.22542047109943,-1.5394927837030448,0.10973345824050078,1.1771082093124963,0.12788700439693199,0.7246622702612552,1.2535116366998462,-0.0010876534155631022,1.2545992901154093,0.0
1234,24.68,idle,locomotion,1,69.2720858640584,-1.5405651393988418,0.10973345824050078,1.1771081674067494,0.1278867341410795,0.7246622956108473,1.2535116689538657,-0.0010876527583383276,1.254599321712204,0.0
1235,24.7,idle,locomotion,1,69.31875125701737,-1.5416374950946388,0.10973345824050078,1.177108124370677,0.12788646396492723,0.7246623219062782,1.2535117019926485,-0.0010876521110363135,1.2545993541036848,0.0
1236,24.72,idle,locomotion,1,69.36541664997634,-1.5427098507904358,0.10973345824050078,1.177108081958388,0.12788619416088676,0.7246623492474557,1.2535117360577324,-0.0010876513089922157,1.2545993873667245,0.0
1237,24.74,idle,locomotion,1,69.41208204293531,-1.5437822064862328,0.10973345824050078,1.177108039665232,0.12788592532438897,0.724662378104736,1.253511771709833,-0.0010876500983552674,1.2545994218081882,0.0
1238,24.76,idle,locomotion,1,69.45874743589428,-1.5448545621820298,0.10973345824050078,1.1771079961810476,0.12788565696800552,0.724662406325113,1.2535118067121038,-0.0010876488029443118,1.2545994555150481,0.0
1239,24.78,idle,locomotion,1,69.50541282885325,-1.5459269178778268,0.10973345824050078,1.1771079525476906,0.12788538879997613,0.7246624338782459,1.2535118410012902,-0.001087647693501722,1.254599488694792,0.0
1240,24.8,idle,locomotion,1,69.55207822181222,-1.5469992735736238,0.10973345824050078,1.1771079089311027,0.12788512145801328,0.7246624599109799,1.2535118740379079,-0.001087646547510996,1.2545995205854188,0.0
1241,24.82,idle,locomotion,1,69.5987436147712,-1.5480716292694208,0.10973345824050078,1.1771078645599413,0.12788485491668553,0.7246624836845792,1.2535119048356338,-0.001087645476962492,1.2545995503125962,0.0
1242,24.84,idle,locomotion,1,69.64540900773017,-1.5491439849652178,0.10973345824050078,1.1771078192841529,0.12788458920744541,0.724662507463936,1.2535119353883533,-0.0010876445652744093,1.2545995799536276,0.0
1243,24.86,idle,locomotion,1,69.69207440068914,-1.5502163406610148,0.10973345824050078,1.1771077738610958,0.12788432427273452,0.7246625313577933,1.2535119659563603,-0.0010876435957931432,1.2545996095521534,0.0
1244,24.88,idle,locomotion,1,69.73873979364811,-1.5512886963568118,0.10973345824050078,1.1771077291909628,0.12788405980696005,0.7246625554228938,1.2535119965570283,-0.0010876425264872945,1.2545996390835155,0.0
1245,24.9,idle,locomotion,1,69.78540518660708,-1.5523610520526088,0.10973345824050078,1.177107685269468,0.12788379650222081,0.724662578694131,1.2535120265020294,-0.001087641163923611,1.254599667665953,0.0
1246,24.92,idle,locomotion,1,69.83207057956605,-1.5534334077484058,0.10973345824050078,1.177107641139493,0.12788353447969533,0.7246626016489793,1.2535120560673405,-0.0010876398448390473,1.2545996959121795,0.0
1247,24.94,idle,locomotion,1,69.87873597252502,-1.5545057634442028,0.10973345824050078,1.1771075971480658,0.12788327397775054,0.72466262583419,1.253512086876752,-0.0010876382604721666,1.254599725137224,0.0
1248,24.96,idle,locomotion,1,69.92540136548399,-1.5555781191399998,0.10973345824050078,1.177107552657991,0.12788301415425687,0.7246626506208184,1.253512118214876,-0.0010876365498778337,1.2545997547647538,0.0
1249,24.98,idle,locomotion,1,69.97206675844296,-1.5566504748357968,0.10973345824050078,1.177107507951281,0.12788275423646359,0.7246626755691202,1.2535121494644805,-0.001087635092514385,1.254599784556995,0.0
1250,25.0,idle,locomotion,1,70.01873215140193,-1.5577228305315938,0.10973345824050078,1.177107463899853,0.1278824951936181,0.7246627003406747,1.253512180674155,-0.0010876334334345358,1.2545998141075894,0.0
1251,25.02,idle,locomotion,1,70.0653975443609,-1.5587951862273908,0.10973345824050078,1.1771074196621827,0.12788223692670944,0.7246627243319533,1.2535122112470536,-0.0010876315815610549,1.2545998428286147,0.0
1252,25.04,idle,locomotion,1,70.11206293731988,-1.5598675419231878,0.10973345824050078,1.177107375191358,0.12788197871747362,0.724662749195709,1.253512242535083,-0.001087629905333655,1.2545998724404168,0.0
1253,25.06,idle,locomotion,1,70.15872833027885,-1.5609398976189848,0.10973345824050078,1.1771073307303568,0.1278817205334236,0.7246627747699753,1.2535122745393177,-0.001087628244166989,1.2545999027834847,0.0
1254,25.08,idle,locomotion,1,70.20539372323782,-1.5620122533147818,0.10973345824050078,1.177107286046505,0.12788146204938278,0.7246627994351483,1.253512305626197,-0.0010876268635647973,1.2545999324897619,0.0
1255,25.1,idle,locomotion,1,70.25205911619679,-1.5630846090105788,0.10973345824050078,1.177107241001621,0.12788120326483834,0.7246628235428972,1.2535123360590599,-0.001087625766627135,1.2545999618256871,0.0
1256,25.12,idle,locomotion,1,70.29872450915576,-1.5641569647063758,0.10973345824050078,1.1771071965184563,0.12788094499831745,0.7246628484955723,1.2535123674356758,-0.0010876245178335874,1.2545999919535094,0.0
1257,25.14,idle,locomotion,1,70.34538990211473,-1.5652293204021728,0.10973345824050078,1.177107152177206,0.12788068674027595,0.7246628741674573,1.2535123996051027,-0.001087622828207499,1.2546000224333103,0.0
1258,25.16,idle,locomotion,1,70.3920552950737,-1.5663016760979698,0.10973345824050078,1.1771071075020372,0.12788042832234697,0.7246629002348983,1.2535124322193827,-0.0010876208735356371,1.2546000530929182,0.0
1259,25.18,idle,locomotion,1,70.43872068803267,-1.5673740317937668,0.10973345824050078,1.1771070626707678,0.12788016966628787,0.7246629257527734,1.2535124644776285,-0.0010876189195971782,1.2546000833972257,0.0
1260,25.2,idle,locomotion,1,70.48538608099165,-1.5684463874895638,0.10973345824050078,1.1771070168926598,0.12787990968430546,0.7246629497406524,1.2535124951241319,-0.0010876173102254937,1.2546001124343573,0.0
1261,25.22,idle,locomotion,1,70.53205147395062,-1.5695187431853608,0.10973345824050078,1.177106970098235,0.1278796486943858,0.7246629735116601,1.253512525377511,-0.001087615896405953,1.254600141273917,0.0
1262,25.24,idle,locomotion,1,70.57871686690959,-1.5705910988811578,0.10973345824050078,1.1771069230630127,0.1278793878608134,0.7246629977753842,1.2535125562904115,-0.001087614333690104,1.2546001706241017,0.0
1263,25.26,idle,locomotion,1,70.62538225986856,-1.5716634545769548,0.10973345824050078,1.1771068754072456,0.12787912711299856,0.7246630215393849,1.2535125868243984,-0.0010876126302042065,1.2546001994546025,0.0
1264,25.28,idle,locomotion,1,70.67204765282753,-1.5727358102727518,0.10973345824050078,1.1771068271061191,0.12787886622931624,0.7246630446642016,1.253512616669083,-0.001087610927501207,1.2546002275965844,0.0
1265,25.3,idle,locomotion,1,70.7187130457865,-1.5738081659685488,0.10973345824050078,1.1771067783204472,0.12787860565490225,0.7246630671273656,1.2535126458952308,-0.0010876092819597227,1.2546002551771904,0.0
1266,25.32,idle,locomotion,1,70.76537843874547,-1.5748805216643458,0.10973345824050078,1.1771067287899588,0.1278783451073373,0.7246630880547554,1.2535126735215159,-0.0010876077703859607,1.2546002812919017,0.0
1267,25.34,idle,locomotion,1,70.81204383170444,-1.5759528773601428,0.10973345824050078,1.1771066784584485,0.12787808498863296,0.7246631098350401,1.2535127017812848,-0.0010876062736118047,1.2546003080548966,0.0
1268,25.36,idle,locomotion,1,70.85870922466341,-1.5770252330559398,0.10973345824050078,1.177106627446449,0.12787782491380542,0.7246631336395366,1.2535127318494788,-0.0010876045831333565,1.2546003364326122,0.0
1269,25.38,idle,locomotion,1,70.90537461762239,-1.5780975887517368,0.10973345824050078,1.1771065770958213,0.1278775649222311,0.7246631591341675,1.253512763590053,-0.0010876027378789281,1.254600366327932,0.0
1270,25.4,idle,locomotion,1,70.95204001058136,-1.5791699444475338,0.10973345824050078,1.1771065271071848,0.12787730481367152,0.7246631841529473,1.2535127950041611,-0.0010876006787337751,1.2546003956828948,0.0
1271,25.42,idle,locomotion,1,70.99870540354033,-1.5802423001433308,0.10973345824050078,1.177106476850437,0.12787704388944232,0.7246632075063628,1.2535128246114098,-0.0010875990857039525,1.2546004236971138,0.0
1272,25.44,idle,locomotion,1,71.0453707964993,-1.5813146558391278,0.10973345824050078,1.1771064275369891,0.12787678237410388,0.7246632294239597,1.253512852789878,-0.0010875979356735066,1.2546004507255515,0.0
1273,25.46,idle,locomotion,1,71.09203618945827,-1.5823870115349248,0.10973345824050078,1.1771063799741646,0.1278765208671623,0.7246632513109945,1.2535128811223006,-0.001087596630780393,1.254600477753081,0.0
1274,25.48,idle,locomotion,1,71.13870158241724,-1.5834593672307218,0.10973345824050078,1.1771063317968544,0.12787625905318842,0.7246632731407038,1.2535129093531125,-0.0010875952607375741,1.2546005046138502,0.0
1275,25.5,idle,locomotion,1,71.18536697537621,-1.5845317229265188,0.10973345824050078,1.1771062829794736,0.12787599687758083,0.7246632954287325,1.2535129378058885,-0.001087593899478892,1.2546005317053674,0.0
1276,25.52,idle,locomotion,1,71.23203236833518,-1.5856040786223158,0.10973345824050078,1.17710623376815,0.12787573490163562,0.7246633176104845,1.2535129661368822,-0.001087592268612287,1.2546005584054944,0.0
1277,25.54,idle,locomotion,1,71.27869776129415,-1.5866764343181128,0.10973345824050078,1.177106184427185,0.1278754728500561,0.7246633388582503,1.2535129934730405,-0.0010875906039862146,1.2546005840770267,0.0
1278,25.56,idle,locomotion,1,71.32536315425313,-1.5877487900139098,0.10973345824050078,1.1771061354778138,0.12787521036446678,0.724663360657163,1.2535130211903656,-0.0010875888864333057,1.2546006100767988,0.0
1279,25.58,idle,locomotion,1,71.3720285472121,-1.5888211457097068,0.10973345824050078,1.1771060866293308,0.1278749474477128,0.7246633836070316,1.2535130499219602,-0.001087586937788279,1.2546006368597484,0.0
1280,25.6,idle,locomotion,1,71.41869394017107,-1.5898935014055038,0.10973345824050078,1.1771060385127985,0.1278746837332461,0.7246634068036922,1.2535130788442528,-0.001087585011925827,1.2546006638561786,0.0
1281,25.62,idle,locomotion,1,71.46535933313004,-1.5909658571013008,0.10973345824050078,1.1771059907676331,0.1278744195479547,0.724663428914211,1.2535131067714542,-0.001087583185080572,1.2546006899565347,0.0
1282,25.64,idle,locomotion,1,71.51202472608901,-1.5920382127970978,0.10973345824050078,1.1771059427365151,0.12787415519710932,0.7246634508116396,1.2535131344142978,-0.001087581577939284,1.254600715992237,0.0
1283,25.66,idle,locomotion,1,71.55869011904798,-1.5931105684928948,0.10973345824050078,1.177105895453284,0.1278738902421206,0.7246634725609153,1.253513161888429,-0.0010875799988471005,1.254600741887276,0.0
1284,25.68,idle,locomotion,1,71.60535551200695,-1.5941829241886918,0.10973345824050078,1.1771058499119753,0.12787362506821354,0.7246634937998592,1.2535131890208737,-0.001087578466861569,1.2546007674877353,0.0
1285,25.7,idle,locomotion,1,71.65202090496592,-1.5952552798844888,0.10973345824050078,1.1771058059869421,0.12787336026953594,0.7246635142641152,1.2535132156496738,-0.0010875769766703867,1.254600792626344,0.0
1286,25.72,idle,locomotion,1,71.6986862979249,-1.5963276355802858,0.10973345824050078,1.1771057626717867,0.12787309612941744,0.7246635354619776,1.2535132429971876,-0.00108757535508364,1.2546008183522712,0.0
1287,25.74,idle,locomotion,1,71.74535169088387,-1.5973999912760828,0.10973345824050078,1.1771057187732779,0.12787283253155415,0.7246635567984364,1.2535132703935725,-0.0010875737906085696,1.2546008441841812,0.0
1288,25.76,idle,locomotion,1,71.79201708384284,-1.5984723469718798,0.10973345824050078,1.1771056741254864,0.1278725698052231,0.7246635782663663,1.25351329775039,-0.0010875724071870811,1.254600870157577,0.0
1289,25.78,idle,locomotion,1,71.83868247680181,-1.5995447026676768,0.10973345824050078,1.177105629192447,0.12787230882068776,0.7246636010387342,1.253513326438381,-0.0010875708278782828,1.2546008972662595,0.0
1290,25.8,idle,locomotion,1,71.88534786976078,-1.6006170583634738,0.10973345824050078,1.1771055833059505,0.12787204970127156,0.7246636242054978,1.2535133556012794,-0.0010875688810989617,1.2546009244823784,0.0
1291,25.82,idle,locomotion,1,71.93201326271975,-1.6016894140592708,0.10973345824050078,1.1771055360013758,0.12787179136950635,0.7246636470610525,1.253513384258319,-0.0010875667243629601,1.254600950982682,0.0
1292,25.84,idle,locomotion,1,71.97867865567872,-1.6027617697550678,0.10973345824050078,1.177105488100122,0.127871532419832,0.7246636694184428,1.253513412112011,-0.0010875646395760753,1.254600976751587,0.0
1293,25.86,idle,locomotion,1,72.02534404863769,-1.6038341254508648,0.10973345824050078,1.1771054407350237,0.12787127332752926,0.7246636919686703,1.2535134400961179,-0.0010875626807429761,1.2546010027768608,0.0
1294,25.88,idle,locomotion,1,72.07200944159666,-1.6049064811466618,0.10973345824050078,1.1771053938095277,0.12787101486701172,0.7246637141734373,1.2535134679248752,-0.0010875607514245836,1.2546010286762999,0.0
1295,25.9,idle,locomotion,1,72.11867483455563,-1.6059788368424588,0.10973345824050078,1.1771053472645565,0.12787075699297928,0.7246637354070662,1.2535134949067772,-0.0010875590257995345,1.2546010539325767,0.0
1296,25.92,idle,locomotion,1,72.1653402275146,-1.6070511925382558,0.10973345824050078,1.1771053000984542,0.12787049966608718,0.7246637561700722,1.2535135214306117,-0.0010875572369802543,1.2546010786675919,0.0
1297,25.94,idle,locomotion,1,72.21200562047358,-1.6081235482340528,0.10973345824050078,1.1771052527256711,0.1278702421100855,0.7246637775352154,1.2535135484210962,-0.001087555567190146,1.2546011039882863,0.0
1298,25.96,idle,locomotion,1,72.25867101343255,-1.6091959039298498,0.10973345824050078,1.177105205011263,0.1278699841473762,0.7246637996286894,1.253513576033484,-0.0010875537295529265,1.2546011297630368,0.0
1299,25.98,idle,locomotion,1,72.30533640639152,-1.6102682596256468,0.10973345824050078,1.1771051566219068,0.12786972569847915,0.7246638209744619,1.2535136028430074,-0.0010875518557973037,1.2546011546988047,0.0
1300,26.0,idle,locomotion,1,72.35200179935049,-1.6113406153214438,0.10973345824050078,1.177105107791768,0.12786946680757505,0.7246638424640107,1.2535136296538698,-0.0010875499874409313,1.2546011796413108,0.0
1301,26.02,idle,locomotion,1,72.39866719230946,-1.6124129710172408,0.10973345824050078,1.1771050588416039,0.12786920723068299,0.7246638645147448,1.25351365686952,-0.0010875481663969455,1.254601205035917,0.0
1302,26.04,idle,locomotion,1,72.44533258526843,-1.6134853267130378,0.10973345824050078,1.1771050103128151,0.12786894744266195,0.7246638872305193,1.2535136846533663,-0.0010875465230105255,1.2546012311763768,0.0
1303,26.06,idle,locomotion,1,72.4919979782274,-1.6145576824088348,0.10973345824050078,1.1771049624322167,0.1278686885352546,0.7246639100449634,1.2535137127318978,-0.0010875449203948777,1.2546012576522927,0.0
1304,26.08,idle,locomotion,1,72.53866337118637,-1.6156300381046318,0.10973345824050078,1.1771049140580636,0.12786843108320597,0.7246639320326177,1.2535137401454068,-0.0010875430904047911,1.2546012832358115,0.0
1305,26.1,idle,locomotion,1,72.58532876414534,-1.6167023938004288,0.10973345824050078,1.1771048660082644,0.1278681741156078,0.7246639539434485,1.2535137673965608,-0.0010875412681094591,1.2546013086646703,0.0
1306,26.12,idle,locomotion,1,72.63199415710432,-1.6177747494962258,0.10973345824050078,1.1771048181291377,0.12786791725747768,0.7246639755165593,1.2535137943048826,-0.0010875391862633851,1.254601333491146,0.0
1307,26.14,idle,locomotion,1,72.67865955006329,-1.6188471051920228,0.10973345824050078,1.1771047693141823,0.1278676608199463,0.724663996209567,1.2535138202787657,-0.0010875371655977954,1.2546013574443635,0.0
1308,26.16,idle,locomotion,1,72.72532494302226,-1.6199194608878198,0.10973345824050078,1.1771047201199294,0.1278674046082624,0.7246640162140564,1.253513845479266,-0.0010875352097943491,1.2546013806890604,0.0
1309,26.18,idle,locomotion,1,72.77199033598123,-1.6209918165836168,0.10973345824050078,1.1771046712695592,0.1278671484254666,0.7246640350892805,1.2535138695733126,-0.0010875332979312438,1.2546014028712438,0.0
1310,26.2,idle,locomotion,1,72.8186557289402,-1.6220641722794138,0.10973345824050078,1.1771046231893565,0.12786689248536112,0.7246640539509425,1.2535138936585466,-0.0010875313879043398,1.254601425046451,0.0
1311,26.22,idle,locomotion,1,72.86532112189917,-1.6231365279752108,0.10973345824050078,1.1771045759225296,0.12786663713267216,0.7246640733926996,1.253513918397087,-0.0010875295505176769,1.2546014479476046,0.0
1312,26.24,idle,locomotion,1,72.91198651485814,-1.6242088836710078,0.10973345824050078,1.1771045282612305,0.12786638268441466,0.724664092361149,1.253513942713776,-0.0010875277189652428,1.2546014704327413,0.0
1313,26.26,idle,locomotion,1,72.95865190781711,-1.6252812393668048,0.10973345824050078,1.1771044807954292,0.127866128960594,0.724664111350978,1.2535139670363198,-0.001087525756743396,1.254601492793063,0.0
1314,26.28,idle,locomotion,1,73.00531730077608,-1.6263535950626018,0.10973345824050078,1.1771044332611706,0.12786587590727785,0.7246641306238358,1.253513991723629,-0.0010875234985888993,1.254601515222218,0.0
1315,26.3,idle,locomotion,1,73.05198269373506,-1.6274259507583988,0.10973345824050078,1.1771043847622236,0.12786562245941727,0.7246641498645578,1.2535140161586136,-0.0010875214493916811,1.2546015376080053,0.0
1316,26.32,idle,locomotion,1,73.09864808669403,-1.6284983064541958,0.10973345824050078,1.1771043351728827,0.1278653691731241,0.7246641689608329,1.253514040325285,-0.0010875195604834638,1.2546015598857683,0.0
1317,26.34,idle,locomotion,1,73.145313479653,-1.6295706621499928,0.10973345824050078,1.1771042838685564,0.1278651167897695,0.7246641881945769,1.2535140645051264,-0.001087517754859997,1.2546015822599863,0.0
1318,26.36,idle,locomotion,1,73.19197887261197,-1.6306430178457898,0.10973345824050078,1.1771042321936993,0.12786486497037552,0.7246642074549342,1.2535140885686185,-0.0010875161050096019,1.2546016046736281,0.0
1319,26.38,idle,locomotion,1,73.23864426557094,-1.6317153735415868,0.10973345824050078,1.1771041820339598,0.12786461396343132,0.7246642278210017,1.253514113754048,-0.0010875143700124386,1.2546016281240604,0.0
1320,26.4,idle,locomotion,1,73.28530965852991,-1.6327877292373838,0.10973345824050078,1.1771041322579845,0.12786436391829717,0.7246642494267093,1.2535141402682504,-0.0010875122725109952,1.2546016525407613,0.0
1321,26.42,idle,locomotion,1,73.33197505148888,-1.6338600849331808,0.10973345824050078,1.177104082903061,0.12786411400597608,0.7246642730468463,1.253514168662618,-0.0010875103293159494,1.2546016789919339,0.0
1322,26.44,idle,locomotion,1,73.37864044444785,-1.6349324406289778,0.10973345824050078,1.1771040347385078,0.1278638630646329,0.7246642962611374,1.2535141967274905,-0.0010875082393595678,1.25460170496685,0.0
1323,26.46,idle,locomotion,1,73.42530583740682,-1.6360047963247748,0.10973345824050078,1.1771039877623175,0.12786361079023484,0.7246643182812461,1.2535142236045937,-0.0010875063489819668,1.2546017299535757,0.0
1324,26.48,idle,locomotion,1,73.4719712303658,-1.6370771520205718,0.10973345824050078,1.1771039403558177,0.12786335785492484,0.7246643403656341,1.2535142505617576,-0.0010875043905925405,1.25460175495235,0.0
1325,26.5,idle,locomotion,1,73.51863662332477,-1.6381495077163688,0.10973345824050078,1.1771038917333991,0.1278631051624427,0.7246643619296435,1.2535142770551546,-0.0010875024908328507,1.2546017795459874,0.0
1326,26.52,idle,locomotion,1,73.56530201628374,-1.6392218634121658,0.10973345824050078,1.17710384278503,0.1278628530340087,0.7246643825479481,1.2535143026867284,-0.0010875005637222858,1.2546018032504507,0.0
1327,26.54,idle,locomotion,1,73.61196740924271,-1.6402942191079628,0.10973345824050078,1.1771037943947467,0.12786260094852475,0.7246644020047315,1.2535143272230518,-0.0010874985542933674,1.2546018257773452,0.0
1328,26.56,idle,locomotion,1,73.65863280220168,-1.6413665748037598,0.10973345824050078,1.1771037468581167,0.12786234881453934,0.7246644209774562,1.253514351346693,-0.0010874964424092935,1.2546018477891023,0.0
1329,26.58,idle,locomotion,1,73.70529819516065,-1.6424389304995568,0.10973345824050078,1.1771036991151553,0.12786209706050572,0.7246644398045401,1.2535143754686033,-0.0010874942468474362,1.2546018697154508,0.0
1330,26.6,idle,locomotion,1,73.75196358811962,-1.6435112861953538,0.10973345824050078,1.177103650470926,0.12786184552976443,0.7246644601299026,1.2535144009508115,-0.0010874921205017742,1.2546018930713132,0.0
1331,26.62,idle,locomotion,1,73.7986289810786,-1.6445836418911508,0.10973345824050078,1.177103600906051,0.12786159439319225,0.7246644823045275,1.2535144281776671,-0.0010874900958096796,1.254601918273477,0.0
1332,26.64,idle,locomotion,1,73.84529437403756,-1.6456559975869478,0.10973345824050078,1.1771035509784666,0.12786134389470857,0.7246645039095775,1.2535144549242,-0.0010874882236605876,1.2546019431478608,0.0
1333,26.66,idle,locomotion,1,73.89195976699654,-1.6467283532827448,0.10973345824050078,1.177103500955007,0.12786109401064752,0.7246645240232467,1.2535144802335854,-0.00108748654588273,1.2546019667794681,0.0
1334,26.68,idle,locomotion,1,73.9386251599555,-1.6478007089785418,0.10973345824050078,1.1771034507259726,0.1278608449808753,0.724664542941742,1.2535145044116143,-0.0010874848134042256,1.2546019892250184,0.0
1335,26.7,idle,locomotion,1,73.98529055291448,-1.6488730646743388,0.10973345824050078,1.1771034003716616,0.1278605967931959,0.7246645616202289,1.2535145283283853,-0.0010874830139800812,1.2546020113423653,0.0
1336,26.72,idle,locomotion,1,74.03195594587345,-1.6499454203701358,0.10973345824050078,1.1771033502777042,0.12786034911339028,0.7246645798625803,1.253514551823326,-0.0010874810407293795,1.2546020328640552,0.0
1337,26.74,idle,locomotion,1,74.07862133883242,-1.6510177760659328,0.10973345824050078,1.1771033003016078,0.12786010150291058,0.7246645973024807,1.2535145744776128,-0.0010874788996436506,1.2546020533772564,0.0
1338,26.76,idle,locomotion,1,74.12528673179139,-1.6520901317617298,0.10973345824050078,1.1771032501729815,0.12785985370533745,0.7246646159070345,1.2535145981085998,-0.0010874766923895766,1.2546020748009894,0.0
1339,26.78,idle,locomotion,1,74.17195212475036,-1.6531624874575268,0.10973345824050078,1.177103200236511,0.12785960547267497,0.724664636096966,1.253514623284125,-0.0010874743558118814,1.2546020976399368,0.0
1340,26.8,idle,locomotion,1,74.21861751770933,-1.6542348431533238,0.10973345824050078,1.177103150591189,0.127859356383581,0.7246646568872349,1.253514649051292,-0.0010874720700119432,1.254602121121304,0.0
1341,26.82,idle,locomotion,1,74.2652829106683,-1.6553071988491208,0.10973345824050078,1.1771031016067273,0.1278591062618985,0.7246646769311905,1.2535146741320324,-0.0010874701329957118,1.2546021442650281,0.0
1342,26.84,idle,locomotion,1,74.31194830362728,-1.6563795545449178,0.10973345824050078,1.1771030533552238,0.1278588552320772,0.7246646961835337,1.2535146984396044,-0.001087468420457833,1.2546021668600622,0.0
1343,26.86,idle,locomotion,1,74.35861369658625,-1.6574519102407148,0.10973345824050078,1.177103005346045,0.12785860353338008,0.7246647153890746,1.2535147226482704,-0.001087466739700959,1.2546021893879713,0.0
1344,26.88,idle,locomotion,1,74.40527908954522,-1.6585242659365118,0.10973345824050078,1.1771029578152263,0.12785835138518567,0.7246647344947216,1.2535147467632908,-0.0010874649758950486,1.2546022117391857,0.0
1345,26.9,idle,locomotion,1,74.45194448250419,-1.6595966216323088,0.10973345824050078,1.1771029104980488,0.12785809889864272,0.7246647538756001,1.2535147711059489,-0.0010874631272417556,1.2546022342331906,0.0
1346,26.92,idle,locomotion,1,74.49860987546316,-1.6606689773281058,0.10973345824050078,1.1771028630197855,0.12785784626493166,0.7246647733071236,1.2535147954559362,-0.0010874612523064132,1.2546022567082427,0.0
1347,26.94,idle,locomotion,1,74.54527526842213,-1.6617413330239028,0.10973345824050078,1.177102815661436,0.12785759359287388,0.7246647928965976,1.253514819911881,-0.0010874594876898215,1.2546022793995708,0.0
1348,26.96,idle,locomotion,1,74.5919406613811,-1.6628136887196998,0.10973345824050078,1.1771027689638949,0.12785734094014167,0.7246648124621807,1.253514844415096,-0.001087457574854487,1.2546023019899506,0.0
1349,26.98,idle,locomotion,1,74.63860605434007,-1.6638860444154968,0.10973345824050078,1.1771027226806605,0.12785708828490794,0.7246648316362192,1.253514868574106,-0.001087455758938767,1.2546023243330449,0.0
1350,27.0,idle,locomotion,1,74.68527144729904,-1.6649584001112938,0.10973345824050078,1.1771026764309844,0.12785683539589784,0.7246648499646469,1.2535148918578778,-0.0010874539618962835,1.2546023458197741,0.0
1351,27.02,idle,locomotion,1,74.73193684025802,-1.6660307558070908,0.10973345824050078,1.1771026305394947,0.12785658188538393,0.724664867843086,1.2535149146010567,-0.0010874522133029717,1.2546023668143595,0.0
1352,27.04,idle,locomotion,1,74.77860223321699,-1.6671031115028878,0.10973345824050078,1.1771025848532128,0.12785632793137444,0.7246648865239682,1.253514938114662,-0.0010874505385426343,1.2546023886532045,0.0
1353,27.06,idle,locomotion,1,74.82526762617596,-1.6681754671986848,0.10973345824050078,1.177102539124695,0.12785607347092606,0.7246649055259646,1.253514961947628,-0.0010874488225978904,1.2546024107702258,0.0
1354,27.08,idle,locomotion,1,74.87193301913493,-1.6692478228944818,0.10973345824050078,1.1771024940694073,0.12785581790140707,0.7246649245655065,1.253514985747076,-0.001087447067467863,1.2546024328145438,0.0
1355,27.1,idle,locomotion,1,74.9185984120939,-1.6703201785902788,0.10973345824050078,1.1771024497058082,0.12785556140750515,0.7246649437397397,1.2535150096878254,-0.0010874451744100067,1.2546024548622354,0.0
1356,27.12,idle,locomotion,1,74.96526380505287,-1.6713925342860758,0.10973345824050078,1.1771024059060216,0.12785530414076196,0.7246649623452124,1.2535150331461615,-0.0010874431873139252,1.2546024763334755,0.0
1357,27.14,idle,locomotion,1,75.01192919801184,-1.6724648899818728,0.10973345824050078,1.1771023625653179,0.12785504622121957,0.7246649810256615,1.2535150567129374,-0.0010874411354217378,1.2546024978483592,0.0
1358,27.16,idle,locomotion,1,75.05859459097081,-1.6735372456776698,0.10973345824050078,1.177102318891113,0.12785478777217033,0.7246649994726221,1.2535150800562034,-0.001087438998806655,1.25460251905501,0.0
1359,27.18,idle,locomotion,1,75.10525998392978,-1.6746096013734668,0.10973345824050078,1.1771022751976257,0.12785452872208383,0.7246650170918096,1.2535151025771234,-0.001087436936539652,1.254602539513663,0.0
1360,27.2,idle,locomotion,1,75.15192537688876,-1.6756819570692638,0.10973345824050078,1.1771022316337039,0.1278542690833503,0.7246650344098468,1.2535151247944625,-0.0010874350357277483,1.2546025598301902,0.0
1361,27.22,idle,locomotion,1,75.19859076984773,-1.6767543127650608,0.10973345824050078,1.1771021879293566,0.12785400924326829,0.724665052225555,1.2535151474416024,-0.0010874332630690826,1.2546025807046715,0.0
1362,27.24,idle,locomotion,1,75.2452561628067,-1.6778266684608578,0.10973345824050078,1.1771021442829337,0.12785374930839213,0.724665069346326,1.2535151694413327,-0.0010874314730083788,1.254602600914341,0.0
1363,27.26,idle,locomotion,1,75.29192155576567,-1.6788990241566548,0.10973345824050078,1.1771021015338448,0.12785348920276268,0.7246650863236808,1.2535151912985958,-0.001087429753498105,1.254602621052094,0.0
1364,27.28,idle,locomotion,1,75.33858694872464,-1.6799713798524518,0.10973345824050078,1.1771020594308732,0.12785322904767585,0.7246651035069859,1.253515213473278,-0.0010874277659490283,1.254602641239227,0.0
1365,27.3,idle,locomotion,1,75.38525234168361,-1.6810437355482488,0.10973345824050078,1.1771020175238607,0.12785296897121343,0.7246651201462352,1.253515235247052,-0.0010874258426283624,1.2546026610896803,0.0
1366,27.32,idle,locomotion,1,75.43191773464258,-1.6821160912440458,0.10973345824050078,1.1771019750614993,0.12785270910295787,0.7246651372242097,1.2535152574282429,-0.0010874240188015645,1.2546026814470443,0.0
1367,27.34,idle,locomotion,1,75.47858312760155,-1.6831884469398428,0.10973345824050078,1.1771019319793588,0.12785244964167136,0.7246651540394958,1.2535152793793778,-0.0010874221356741397,1.2546027015150518,0.0
1368,27.36,idle,locomotion,1,75.52524852056052,-1.6842608026356398,0.10973345824050078,1.1771018891724065,0.1278521904029417,0.7246651694759545,1.2535152999922827,-0.0010874204671499042,1.2546027204594326,0.0
1369,27.38,idle,locomotion,1,75.5719139135195,-1.6853331583314368,0.10973345824050078,1.1771018465618475,0.12785193127862657,0.7246651846292692,1.253515320284021,-0.001087418846009748,1.2546027391300307,0.0
1370,27.4,idle,locomotion,1,75.61857930647847,-1.6864055140272338,0.10973345824050078,1.177101803908051,0.12785167198785,0.7246652002739528,1.253515341012935,-0.0010874171286958147,1.2546027581416308,0.0
1371,27.42,idle,locomotion,1,75.66524469943744,-1.6874778697230308,0.10973345824050078,1.1771017609092684,0.12785141223474208,0.7246652163928692,1.2535153620664075,-0.0010874154362483547,1.2546027775026558,0.0
1372,27.44,idle,locomotion,1,75.71191009239641,-1.6885502254188278,0.10973345824050078,1.1771017176646617,0.1278511525621286,0.7246652333121303,1.2535153838260507,-0.001087413774722032,1.2546027976007728,0.0
1373,27.46,idle,locomotion,1,75.75857548535538,-1.6896225811146248,0.10973345824050078,1.1771016741944702,0.1278508936298327,0.7246652521381572,1.2535154074380417,-0.0010874119213586907,1.2546028193594003,0.0
1374,27.48,idle,locomotion,1,75.80524087831435,-1.6906949368104218,0.10973345824050078,1.1771016298882404,0.12785063554842965,0.7246652712090199,1.2535154312836538,-0.0010874099580380943,1.2546028412416919,0.0
1375,27.5,idle,locomotion,1,75.85190627127332,-1.6917672925062188,0.10973345824050078,1.177101584706667,0.1278503782492462,0.7246652893203203,1.253515454087788,-0.001087408157489738,1.2546028622452776,0.0
1376,27.52,idle,locomotion,1,75.89857166423229,-1.6928396482020158,0.10973345824050078,1.1771015398808808,0.12785012142166086,0.7246653065001986,1.2535154759868703,-0.001087406527408477,1.2546028825142788,0.0
1377,27.54,idle,locomotion,1,75.94523705719126,-1.6939120038978128,0.10973345824050078,1.1771014959412187,0.1278498648161491,0.7246653225693384,1.2535154968596776,-0.0010874049222630335,1.2546029017819407,0.0
1378,27.56,idle,locomotion,1,75.99190245015023,-1.6949843595936098,0.10973345824050078,1.1771014518276612,0.12784960905083978,0.7246653390490515,1.2535155181195794,-0.0010874032505137042,1.254602921370093,0.0
1379,27.58,idle,locomotion,1,76.0385678431092,-1.6960567152894068,0.10973345824050078,1.177101407099924,0.12784935456904795,0.7246653564621608,1.2535155403147347,-0.0010874014994932402,1.254602941814228,0.0
1380,27.6,idle,locomotion,1,76.08523323606818,-1.6971290709852038,0.10973345824050078,1.1771013622083437,0.1278491009667129,0.7246653738030355,1.2535155624294894,-0.0010873997082528515,1.2546029621377421,0.0
1381,27.62,idle,locomotion,1,76.13189862902715,-1.6982014266810008,0.10973345824050078,1.177101316343723,0.12784884824539638,0.7246653915801097,1.2535155848232948,-0.0010873979114595332,1.2546029827347545,0.0
1382,27.64,idle,locomotion,1,76.17856402198612,-1.6992737823767978,0.10973345824050078,1.1771012691038225,0.12784859701112258,0.7246654105598688,1.2535156083032886,-0.0010873960112635223,1.2546030043145522,0.0
1383,27.66,idle,locomotion,1,76.22522941494509,-1.7003461380725948,0.10973345824050078,1.1771012208687546,0.12784834741771728,0.7246654296261978,1.2535156318797387,-0.0010873939902562475,1.254603025869995,0.0
1384,27.68,idle,locomotion,1,76.27189480790406,-1.7014184937683918,0.10973345824050078,1.1771011722390936,0.12784809905751826,0.7246654476878974,1.253515654417082,-0.0010873921851967533,1.2546030466022788,0.0
1385,27.7,idle,locomotion,1,76.31856020086303,-1.7024908494641888,0.10973345824050078,1.1771011230486845,0.12784785137653026,0.7246654650041069,1.2535156760391128,-0.0010873905251409417,1.2546030665642538,0.0
1386,27.72,idle,locomotion,1,76.365225593822,-1.7035632051599858,0.10973345824050078,1.177101073815537,0.12784760430977316,0.7246654833185827,1.2535156984637492,-0.0010873888437243316,1.2546030873074736,0.0
1387,27.74,idle,locomotion,1,76.41189098678097,-1.7046355608557828,0.10973345824050078,1.1771010256453345,0.12784735769803307,0.7246655001049263,1.2535157195763218,-0.0010873870548430628,1.254603106631165,0.0
1388,27.76,idle,locomotion,1,76.45855637973995,-1.7057079165515798,0.10973345824050078,1.177100978875711,0.1278471114243546,0.7246655146911953,1.253515738655744,-0.001087385463617991,1.254603124119362,0.0
1389,27.78,idle,locomotion,1,76.50522177269892,-1.7067802722473768,0.10973345824050078,1.1771009317469623,0.12784686561725422,0.7246655279549017,1.2535157563988304,-0.0010873839742554792,1.254603140373086,0.0
1390,27.8,idle,locomotion,1,76.55188716565789,-1.7078526279431738,0.10973345824050078,1.1771008850583313,0.12784661992413587,0.7246655418560154,1.2535157745132213,-0.0010873825753162127,1.2546031570885374,0.0
1391,27.82,idle,locomotion,1,76.59855255861686,-1.7089249836389708,0.10973345824050078,1.1771008399993492,0.12784637447703776,0.7246655571590856,1.2535157940685795,-0.0010873808260922074,1.2546031748946718,0.0
1392,27.84,idle,locomotion,1,76.64521795157583,-1.7099973393347678,0.10973345824050078,1.1771007943211778,0.12784613020771582,0.7246655732377137,1.2535158144187035,-0.001087378771762508,1.254603193190466,0.0
1393,27.86,idle,locomotion,1,76.6918833445348,-1.7110696950305648,0.10973345824050078,1.1771007481518616,0.12784588671940258,0.724665590870861,1.2535158360680076,-0.0010873767930538389,1.2546032128610616,0.0
1394,27.88,idle,locomotion,1,76.73854873749377,-1.7121420507263618,0.10973345824050078,1.1771007022358515,0.12784564380794697,0.7246656095670388,1.253515858637857,-0.0010873747933701737,1.2546032334312271,0.0
1395,27.9,idle,locomotion,1,76.78521413045274,-1.7132144064221588,0.10973345824050078,1.1771006565392617,0.12784540175847958,0.7246656282536061,1.2535158811141356,-0.001087372864375706,1.2546032539785112,0.0
1396,27.92,idle,locomotion,1,76.83187952341171,-1.7142867621179558,0.10973345824050078,1.1771006100208352,0.12784516118349762,0.7246656464212444,1.2535159030282865,-0.0010873709914026378,1.254603274019689,0.0
1397,27.94,idle,locomotion,1,76.87854491637069,-1.7153591178137528,0.10973345824050078,1.1771005625390039,0.12784492212320878,0.7246656639811375,1.253515924241457,-0.0010873691218547393,1.2546032933633118,0.0
1398,27.96,idle,locomotion,1,76.92521030932966,-1.7164314735095498,0.10973345824050078,1.1771005156345309,0.12784468337641086,0.7246656819369509,1.2535159456672398,-0.001087367279858302,1.2546033129470981,0.0
1399,27.98,idle,locomotion,1,76.97187570228863,-1.7175038292053468,0.10973345824050078,1.177100468687615,0.12784444530261652,0.7246657000646665,1.2535159672292937,-0.0010873653104118974,1.2546033325397057,0.0
1400,28.0,idle,locomotion,1,77.0185410952476,-1.7185761849011438,0.10973345824050078,1.1771004217028058,0.12784420799125165,0.7246657180181867,1.2535159884985498,-0.001087363658210997,1.2546033521567608,0.0
1401,28.02,idle,locomotion,1,77.06520648820657,-1.7196485405969408,0.10973345824050078,1.1771003746515094,0.12784397147761511,0.7246657356439352,1.2535160093222064,-0.0010873620259908082,1.2546033713481972,0.0
1402,28.04,idle,locomotion,1,77.11187188116554,-1.7207208962927378,0.10973345824050078,1.1771003287249702,0.12784373619962633,0.7246657543538716,1.2535160311991738,-0.0010873603179927423,1.2546033915171666,0.0
1403,28.06,idle,locomotion,1,77.15853727412451,-1.7217932519885348,0.10973345824050078,1.1771002847341776,0.1278435018162723,0.7246657732772849,1.253516053499862,-0.0010873582345882586,1.2546034117344502,0.0
1404,28.08,idle,locomotion,1,77.20520266708348,-1.7228656076843318,0.10973345824050078,1.1771002418670267,0.12784326789281852,0.7246657910701254,1.253516074765162,-0.0010873563089508279,1.2546034310741128,0.0
1405,28.1,idle,locomotion,1,77.25186806004245,-1.7239379633801288,0.10973345824050078,1.1771001995676524,0.12784303436921857,0.7246658076239384,1.2535160948368935,-0.0010873545555299263,1.2546034493924234,0.0
1406,28.12,idle,locomotion,1,77.29853345300143,-1.7250103190759258,0.10973345824050078,1.1771001579200593,0.12784280141659374,0.7246658248409521,1.253516115533274,-0.0010873528295550425,1.2546034683628289,0.0
1407,28.14,idle,locomotion,1,77.3451988459604,-1.7260826747717228,0.10973345824050078,1.1771001166021173,0.12784256914969594,0.7246658424911483,1.2535161367581886,-0.0010873509124570552,1.2546034876706458,0.0
1408,28.16,idle,locomotion,1,77.39186423891937,-1.7271550304675198,0.10973345824050078,1.177100075513824,0.12784233727289968,0.7246658594905504,1.2535161573789682,-0.0010873490701791,1.2546035064491472,0.0
1409,28.18,idle,locomotion,1,77.43852963187834,-1.7282273861633168,0.10973345824050078,1.177100034150067,0.12784210575081734,0.7246658753509128,1.2535161769229848,-0.001087347074611486,1.2546035239975963,0.0
1410,28.2,idle,locomotion,1,77.48519502483731,-1.7292997418591138,0.10973345824050078,1.1770999921903653,0.12784187424360488,0.7246658901332595,1.2535161953151106,-0.0010873452676676068,1.2546035405827782,0.0
1411,28.22,idle,locomotion,1,77.53186041779628,-1.7303720975549108,0.10973345824050078,1.1770999506139834,0.1278416430175164,0.7246659053026162,1.2535162140539393,-0.0010873434873102245,1.2546035575412495,0.0
1412,28.24,idle,locomotion,1,77.57852581075525,-1.7314444532507078,0.10973345824050078,1.1770999096251933,0.12784141253990206,0.724665920427474,1.2535162329390348,-0.0010873413221435778,1.2546035742611783,0.0
1413,28.26,idle,locomotion,1,77.62519120371422,-1.7325168089465048,0.10973345824050078,1.1770998685054597,0.12784118250866938,0.7246659350823282,1.253516251377603,-0.001087339071865378,1.2546035904494683,0.0
1414,28.28,idle,locomotion,1,77.6718565966732,-1.7335891646423018,0.10973345824050078,1.1770998275250033,0.127840952417353,0.7246659499573701,1.253516269976494,-0.0010873368606949298,1.2546036068371889,0.0
1415,28.3,idle,locomotion,1,77.71852198963217,-1.7346615203380988,0.10973345824050078,1.1770997864621873,0.12784072247837575,0.7246659654420149,1.2535162892217429,-0.001087334652017092,1.25460362387376,0.0
1416,28.32,idle,locomotion,1,77.76518738259114,-1.7357338760338958,0.10973345824050078,1.1770997447597091,0.12784049282001833,0.7246659813677986,1.2535163089066488,-0.0010873325283405968,1.2546036414349895,0.0
1417,28.34,idle,locomotion,1,77.81185277555011,-1.7368062317296928,0.10973345824050078,1.1770997024433119,0.12784026327538683,0.7246659984598107,1.2535163296010936,-0.0010873304559957872,1.2546036600570893,0.0
1418,28.36,idle,locomotion,1,77.85851816850908,-1.7378785874254898,0.10973345824050078,1.1770996599552792,0.12784003351927078,0.7246660157789917,1.2535163504564946,-0.0010873284513990764,1.2546036789078936,0.0
1419,28.38,idle,locomotion,1,77.90518356146805,-1.7389509431212868,0.10973345824050078,1.1770996172097643,0.1278398031192349,0.7246660319345998,1.2535163700270566,-0.0010873266562922389,1.254603696683349,0.0
1420,28.4,idle,locomotion,1,77.95184895442702,-1.7400232988170838,0.10973345824050078,1.1770995744024,0.12783957249471134,0.7246660462763366,1.2535163877893625,-0.0010873251294401046,1.2546037129188026,0.0
1421,28.42,idle,locomotion,1,77.99851434738599,-1.7410956545128808,0.10973345824050078,1.1770995323802473,0.12783934203548952,0.7246660591323003,1.2535164041689364,-0.0010873238022324518,1.2546037279711688,0.0
1422,28.44,idle,locomotion,1,78.04517974034496,-1.7421680102086778,0.10973345824050078,1.1770994919497864,0.1278391121185866,0.7246660728308926,1.25351642150971,-0.0010873222087711132,1.2546037437184812,0.0
1423,28.46,idle,locomotion,1,78.09184513330393,-1.7432403659044748,0.10973345824050078,1.1770994522635672,0.1278388828516704,0.7246660877415136,1.2535164402125965,-0.0010873201549331975,1.2546037603675297,0.0
1424,28.48,idle,locomotion,1,78.1385105262629,-1.7443127216002718,0.10973345824050078,1.1770994124211929,0.12783865408510547,0.7246661026764141,1.2535164589666183,-0.0010873180674896323,1.254603777034108,0.0
1425,28.5,idle,locomotion,1,78.18517591922188,-1.7453850772960688,0.10973345824050078,1.177099372308937,0.12783842538240198,0.7246661171746469,1.253516477169769,-0.0010873162310985965,1.2546037934008678,0.0
1426,28.52,idle,locomotion,1,78.23184131218085,-1.7464574329918658,0.10973345824050078,1.1770993319431844,0.1278381967848904,0.7246661320771345,1.253516495589836,-0.0010873145767247988,1.2546038101665606,0.0
1427,28.54,idle,locomotion,1,78.27850670513982,-1.7475297886876628,0.10973345824050078,1.177099291765575,0.12783796903257236,0.7246661475668416,1.2535165146569403,-0.0010873127490210847,1.2546038274059614,0.0
1428,28.56,idle,locomotion,1,78.32517209809879,-1.7486021443834598,0.10973345824050078,1.1770992516792838,0.12783774229457678,0.7246661638636978,1.253516534622424,-0.0010873106689976327,1.2546038452914217,0.0
1429,28.58,idle,locomotion,1,78.37183749105776,-1.7496745000792568,0.10973345824050078,1.1770992108047404,0.12783751592303888,0.7246661806903956,1.2535165549900382,-0.0010873087257923,1.2546038637158305,0.0
1430,28.6,idle,locomotion,1,78.41850288401673,-1.7507468557750538,0.10973345824050078,1.1770991686173573,0.12783729036096128,0.7246661978182878,1.2535165755064428,-0.0010873068164665677,1.2546038823229093,0.0
1431,28.62,idle,locomotion,1,78.4651682769757,-1.7518192114708508,0.10973345824050078,1.1770991259435422,0.1278370659461005,0.724666213628039,1.2535165947985902,-0.0010873051074799453,1.2546038999060702,0.0
1432,28.64,idle,locomotion,1,78.51183366993467,-1.7528915671666478,0.10973345824050078,1.1770990836580069,0.1278368420694598,0.7246662283718455,1.2535166130072373,-0.0010873035554422074,1.2546039165626794,0.0
1433,28.66,idle,locomotion,1,78.55849906289365,-1.7539639228624448,0.10973345824050078,1.1770990414615272,0.12783661919437206,0.7246662440025262,1.253516632180326,-0.0010873016990807435,1.2546039338794066,0.0
1434,28.68,idle,locomotion,1,78.60516445585262,-1.7550362785582418,0.10973345824050078,1.1770989992340093,0.12783639708850303,0.7246662599486586,1.2535166517453724,-0.0010872999920934386,1.2546039517374659,0.0
1435,28.7,idle,locomotion,1,78.65182984881159,-1.7561086342540388,0.10973345824050078,1.1770989568708166,0.12783617555509946,0.7246662762398247,1.2535166716066621,-0.0010872981249187424,1.254603969731581,0.0
1436,28.72,idle,locomotion,1,78.69849524177056,-1.7571809899498358,0.10973345824050078,1.177098914367528,0.1278359548683526,0.7246662931001124,1.2535166920777643,-0.0010872962984409158,1.2546039883762052,0.0
1437,28.74,idle,locomotion,1,78.74516063472953,-1.7582533456456328,0.10973345824050078,1.1770988718606827,0.1278357341351819,0.7246663095024446,1.2535167120467363,-0.0010872943360204154,1.2546040063827568,0.0
1438,28.76,idle,locomotion,1,78.7918260276885,-1.7593257013414298,0.10973345824050078,1.1770988299175569,0.12783551234280277,0.7246663248729464,1.2535167309236728,-0.0010872923579926703,1.2546040232816655,0.0
1439,28.78,idle,locomotion,1,78.83849142064747,-1.7603980570372268,0.10973345824050078,1.1770987887681812,0.1278352888880525,0.7246663399133182,1.2535167494301087,-0.0010872904531193002,1.254604039883228,0.0
1440,28.8,idle,locomotion,1,78.88515681360644,-1.7614704127330238,0.10973345824050078,1.1770987479310844,0.12783506403681455,0.7246663553778672,1.2535167683433077,-0.001087288585178578,1.2546040569284862,0.0
1441,28.82,idle,locomotion,1,78.93182220656541,-1.7625427684288208,0.10973345824050078,1.177098706531542,0.1278348390284938,0.7246663717738208,1.253516788219561,-0.0010872865408930038,1.254604074760454,0.0
1442,28.84,idle,locomotion,1,78.97848759952439,-1.7636151241246179,0.10973345824050078,1.1770986649298285,0.12783461443840735,0.7246663873175213,1.2535168074293859,-0.0010872846408519626,1.254604092070238,0.0
1443,28.86,idle,locomotion,1,79.02515299248336,-1.7646874798204149,0.10973345824050078,1.1770986241189652,0.1278343898443347,0.724666401981941,1.253516825827082,-0.001087282885520166,1.254604108712602,0.0
1444,28.88,idle,locomotion,1,79.07181838544233,-1.7657598355162119,0.10973345824050078,1.1770985838388053,0.12783416501219239,0.7246664162289649,1.2535168438650537,-0.0010872810764277138,1.2546041249414814,0.0
1445,28.9,idle,locomotion,1,79.1184837784013,-1.7668321912120089,0.10973345824050078,1.1770985440130264,0.1278339395381113,0.7246664302597843,1.2535168616559667,-0.001087279426078145,1.2546041410820448,0.0
1446,28.92,idle,locomotion,1,79.16514917136027,-1.7679045469078059,0.10973345824050078,1.1770985051796758,0.12783371276009536,0.7246664443837305,1.2535168795113172,-0.0010872778242390045,1.2546041573355562,0.0
1447,28.94,idle,locomotion,1,79.21181456431924,-1.7689769026036029,0.10973345824050078,1.1770984673080267,0.12783348440338232,0.724666458318276,1.2535168971960187,-0.0010872761562965363,1.2546041733523152,0.0
1448,28.96,idle,locomotion,1,79.25847995727821,-1.7700492582993999,0.10973345824050078,1.1770984298293743,0.1278332547179226,0.7246664725014178,1.2535169151296164,-0.0010872743971987314,1.2546041895268152,0.0
1449,28.98,idle,locomotion,1,79.30514535023718,-1.7711216139951969,0.10973345824050078,1.1770983926458722,0.12783302401520097,0.7246664875850019,1.2535169339833772,-0.001087272536380142,1.2546042065197573,0.0
1450,29.0,idle,locomotion,1,79.35181074319615,-1.7721939696909939,0.10973345824050078,1.1770983545261002,0.1278327935705843,0.7246665043556102,1.2535169545713707,-0.0010872704419306566,1.2546042250133014,0.0
1451,29.02,idle,locomotion,1,79.39847613615513,-1.7732663253867909,0.10973345824050078,1.1770983148215755,0.12783256387784042,0.7246665208691808,1.253516974929146,-0.001087268512322142,1.2546042434414681,0.0
1452,29.04,idle,locomotion,1,79.4451415291141,-1.7743386810825879,0.10973345824050078,1.177098273943556,0.12783233519456932,0.7246665368490429,1.2535169946293077,-0.0010872667330455409,1.2546042613623531,0.0
1453,29.06,idle,locomotion,1,79.49180692207307,-1.7754110367783849,0.10973345824050078,1.1770982328567152,0.12783210834894793,0.7246665517332739,1.2535170134250069,-0.0010872649647934683,1.2546042783898004,0.0
1454,29.08,idle,locomotion,1,79.53847231503204,-1.7764833924741819,0.10973345824050078,1.1770981918987105,0.12783188297053805,0.7246665670751635,1.2535170326340852,-0.0010872631695989891,1.2546042958036843,0.0
1455,29.1,idle,locomotion,1,79.58513770799101,-1.7775557481699789,0.10973345824050078,1.1770981503441302,0.127831657914527,0.7246665827473057,1.2535170519744596,-0.0010872613130949206,1.2546043132875546,0.0
1456,29.12,idle,locomotion,1,79.63180310094998,-1.7786281038657759,0.10973345824050078,1.1770981082205947,0.12783143274071027,0.7246665978829067,1.2535170705259804,-0.0010872596772565288,1.2546043302032368,0.0
1457,29.14,idle,locomotion,1,79.67846849390895,-1.7797004595615729,0.10973345824050078,1.1770980663657618,0.12783120761664485,0.7246666132853921,1.2535170892411005,-0.0010872581909955187,1.254604347432096,0.0
1458,29.16,idle,locomotion,1,79.72513388686792,-1.7807728152573699,0.10973345824050078,1.177098025730051,0.12783098292070028,0.7246666282565537,1.2535171077671894,-0.0010872565841976295,1.2546043643513871,0.0
1459,29.18,idle,locomotion,1,79.7717992798269,-1.7818451709531669,0.10973345824050078,1.17709798625395,0.12783075864088386,0.7246666429020715,1.2535171261684113,-0.0010872549478239887,1.2546043811162353,0.0
1460,29.2,idle,locomotion,1,79.81846467278586,-1.7829175266489639,0.10973345824050078,1.1770979468881173,0.12783053421342452,0.7246666575229341,1.2535171444990902,-0.0010872533705031835,1.2546043978695933,0.0
1461,29.22,idle,locomotion,1,79.86513006574484,-1.7839898823447609,0.10973345824050078,1.1770979072479193,0.12783030964174938,0.7246666722389445,1.2535171627594774,-0.0010872518443616266,1.254604414603839,0.0
1462,29.24,idle,locomotion,1,79.9117954587038,-1.7850622380405579,0.10973345824050078,1.17709786766516,0.12783008580714467,0.7246666879437308,1.2535171820371487,-0.001087250071975212,1.2546044321091239,0.0
1463,29.26,idle,locomotion,1,79.95846085166278,-1.7861345937363549,0.10973345824050078,1.1770978281161344,0.1278298629380296,0.7246667048176126,1.2535172025867634,-0.0010872480525541718,1.2546044506393175,0.0
1464,29.28,idle,locomotion,1,80.00512624462175,-1.7872069494321519,0.10973345824050078,1.1770977888772727,0.12782964025736382,0.7246667211343126,1.253517222673092,-0.0010872458937176456,1.2546044685668096,0.0
1465,29.3,idle,locomotion,1,80.05179163758072,-1.7882793051279489,0.10973345824050078,1.177097749871358,0.1278294174987226,0.7246667357285768,1.2535172411408726,-0.0010872438046513576,1.254604484945524,0.0
1466,29.32,idle,locomotion,1,80.09845703053969,-1.7893516608237459,0.10973345824050078,1.1770977106754088,0.127829194727137,0.7246667493824712,1.2535172586851033,-0.0010872418393518858,1.2546045005244553,0.0
1467,29.34,idle,locomotion,1,80.14512242349866,-1.7904240165195429,0.10973345824050078,1.1770976711785013,0.12782897218647535,0.7246667643337298,1.2535172774747807,-0.001087239945770039,1.2546045174205507,0.0
1468,29.36,idle,locomotion,1,80.19178781645763,-1.7914963722153399,0.10973345824050078,1.1770976315143824,0.12782875003673946,0.7246667791627799,1.2535172963073373,-0.0010872381401163152,1.2546045344474537,0.0
1469,29.38,idle,locomotion,1,80.2384532094166,-1.7925687279111369,0.10973345824050078,1.1770975914650708,0.12782852839085668,0.7246667927382704,1.2535173139521147,-0.0010872364097884585,1.2546045503619032,0.0
1470,29.4,idle,locomotion,1,80.28511860237558,-1.7936410836069339,0.10973345824050078,1.177097550625116,0.1278283076788698,0.7246668070211437,1.2535173322717008,-0.0010872348048047882,1.2546045670765056,0.0
1471,29.42,idle,locomotion,1,80.33178399533455,-1.7947134393027309,0.10973345824050078,1.1770975089645408,0.12782808774867163,0.7246668222678609,1.2535173515216007,-0.0010872331957517273,1.2546045847173524,0.0
1472,29.44,idle,locomotion,1,80.37844938829352,-1.7957857949985279,0.10973345824050078,1.1770974663494296,0.12782786844084948,0.724666838171448,1.2535173713221373,-0.00108723152312434,1.2546046028452615,0.0
1473,29.46,idle,locomotion,1,80.42511478125249,-1.7968581506943249,0.10973345824050078,1.1770974228191775,0.12782764983871753,0.7246668538882489,1.2535173909465918,-0.0010872297914231895,1.254604620738015,0.0
1474,29.48,idle,locomotion,1,80.47178017421146,-1.7979305063901219,0.10973345824050078,1.1770973782432086,0.12782743210570582,0.7246668695648002,1.2535174104652584,-0.0010872282114728765,1.2546046386767313,0.0
1475,29.5,idle,locomotion,1,80.51844556717043,-1.7990028620859189,0.10973345824050078,1.1770973328082648,0.12782721522560084,0.7246668850034103,1.2535174297076233,-0.0010872266838577865,1.254604656391481,0.0
1476,29.52,idle,locomotion,1,80.5651109601294,-1.8000752177817159,0.10973345824050078,1.1770972868332077,0.1278269990522933,0.7246668998445667,1.2535174483336535,-0.0010872250115648678,1.2546046733452183,0.0
1477,29.54,idle,locomotion,1,80.61177635308837,-1.8011475734775129,0.10973345824050078,1.1770972408016844,0.12782678362573188,0.7246669142512121,1.2535174665564641,-0.0010872233106447166,1.2546046898671088,0.0
1478,29.56,idle,locomotion,1,80.65844174604734,-1.8022199291733099,0.10973345824050078,1.1770971953640907,0.12782656867965944,0.7246669270429861,1.2535174832590483,-0.0010872216865568628,1.2546047049456053,0.0
1479,29.58,idle,locomotion,1,80.70510713900632,-1.8032922848691069,0.10973345824050078,1.177097150550499,0.12782635407675308,0.7246669384448725,1.253517498577557,-0.0010872201715604775,1.2546047187491174,0.0
1480,29.6,idle,locomotion,1,80.75177253196529,-1.8043646405649039,0.10973345824050078,1.1770971060375528,0.12782613996119468,0.7246669490753094,1.2535175131400638,-0.001087218693678206,1.2546047318337419,0.0
1481,29.62,idle,locomotion,1,80.79843792492426,-1.8054369962607009,0.10973345824050078,1.1770970606353663,0.12782592698864698,0.7246669614097471,1.2535175292383107,-0.0010872170463099018,1.2546047462846206,0.0
1482,29.64,idle,locomotion,1,80.84510331788323,-1.8065093519564979,0.10973345824050078,1.1770970142090853,0.12782571540552462,0.7246669760962807,1.2535175475395428,-0.0010872153150940159,1.2546047628546368,0.0
1483,29.66,idle,locomotion,1,80.8917687108422,-1.8075817076522949,0.10973345824050078,1.1770969679066114,0.1278255047136287,0.7246669917003186,1.253517566659783,-0.0010872134947206152,1.2546047801545037,0.0
1484,29.68,idle,locomotion,1,80.93843410380117,-1.8086540633480919,0.10973345824050078,1.1770969220159815,0.12782529462508824,0.7246670057848447,1.2535175843371724,-0.0010872116765414386,1.2546047960137139,0.0
1485,29.7,idle,locomotion,1,80.98509949676014,-1.8097264190438889,0.10973345824050078,1.1770968756453,0.12782508540784382,0.7246670195706959,1.2535176015695182,-0.0010872098804129288,1.254604811449931,0.0
1486,29.72,idle,locomotion,1,81.03176488971911,-1.8107987747396859,0.10973345824050078,1.1770968292896318,0.1278248771129612,0.7246670342979775,1.2535176196371747,-0.0010872081198127527,1.2546048277569875,0.0
1487,29.74,idle,locomotion,1,81.07843028267808,-1.8118711304354829,0.10973345824050078,1.177096783797397,0.12782466939733386,0.7246670486883765,1.2535176373889898,-0.0010872064191128905,1.2546048438081028,0.0
1488,29.76,idle,locomotion,1,81.12509567563706,-1.8129434861312799,0.10973345824050078,1.1770967384690099,0.1278244623900117,0.7246670635718798,1.2535176555340608,-0.0010872045586826432,1.2546048600927435,0.0
1489,29.78,idle,locomotion,1,81.17176106859603,-1.8140158418270769,0.10973345824050078,1.1770966924106283,0.12782425693094357,0.7246670789535302,1.2535176742131129,-0.0010872026530245188,1.2546048768661373,0.0
1490,29.8,idle,locomotion,1,81.218426461555,-1.8150881975228739,0.10973345824050078,1.1770966457099759,0.12782405350773812,0.7246670942208843,1.2535176928426832,-0.0010872008180244815,1.2546048936607077,0.0
1491,29.82,idle,locomotion,1,81.26509185451397,-1.8161605532186709,0.10973345824050078,1.1770965986132096,0.12782385188753115,0.7246671085891574,1.2535177106045967,-0.0010871990742192979,1.254604909678816,0.0
1492,29.84,idle,locomotion,1,81.31175724747294,-1.8172329089144679,0.10973345824050078,1.1770965521723395,0.12782365085885045,0.7246671213473734,1.2535177266870934,-0.0010871975314744355,1.2546049242185677,0.0
1493,29.86,idle,locomotion,1,81.35842264043191,-1.8183052646102649,0.10973345824050078,1.177096506539106,0.1278234496342585,0.7246671325743583,1.2535177411737448,-0.0010871959987951048,1.2546049371725398,0.0
1494,29.88,idle,locomotion,1,81.40508803339088,-1.8193776203060619,0.10973345824050078,1.1770964620558981,0.12782324761610317,0.724667143942621,1.2535177556822303,-0.0010871944896741412,1.2546049501719045,0.0
1495,29.9,idle,locomotion,1,81.45175342634985,-1.8204499760018589,0.10973345824050078,1.1770964183310315,0.12782304522501253,0.7246671567702601,1.2535177716385024,-0.0010871927410156246,1.254604964379518,0.0
1496,29.92,idle,locomotion,1,81.49841881930882,-1.8215223316976559,0.10973345824050078,1.1770963752801982,0.1278228430297706,0.7246671701268588,1.2535177882155242,-0.00108719102690788,1.254604979242432,0.0
1497,29.94,idle,locomotion,1,81.5450842122678,-1.8225946873934529,0.10973345824050078,1.1770963330778388,0.12782264033848093,0.7246671830785277,1.2535178043328752,-0.0010871895487770053,1.2546049938816521,0.0
1498,29.96,idle,locomotion,1,81.59174960522677,-1.8236670430892499,0.10973345824050078,1.1770962915258174,0.12782243733190654,0.7246671957469728,1.2535178201238877,-0.0010871881223190778,1.2546050082462068,0.0
1499,29.98,idle,locomotion,1,81.63841499818574,-1.8247393987850469,0.10973345824050078,1.177096249707254,0.12782223479894583,0.7246672089787477,1.2535178364164126,-0.00108718640234165,1.2546050228187542,0.0
1500,30.0,idle,locomotion,1,81.68508039114471,-1.8258117544808439,0.10973345824050078,1.1770962081437049,0.12782203236731127,0.7246672224412639,1.2535178528031956,-0.0010871848198439511,1.2546050376230395,0.0
1501,30.02,idle,locomotion,1,81.73174578410368,-1.8268841101766409,0.10973345824050078,1.1770961684042858,0.12782182978947385,0.7246672354968934,1.2535178688149928,-0.0010871832337688812,1.2546050520487617,0.0
1502,30.04,idle,locomotion,1,81.77841117706265,-1.8279564658724379,0.10973345824050078,1.177096129542457,0.12782162793212656,0.7246672497514195,1.253517886095417,-0.0010871813462322785,1.2546050674416493,0.0
1503,30.06,idle,locomotion,1,81.82507657002162,-1.8290288215682349,0.10973345824050078,1.1770960904210896,0.12782142714114067,0.7246672643191855,1.2535179037939512,-0.0010871795079726194,1.2546050833019238,0.0
1504,30.08,idle,locomotion,1,81.8717419629806,-1.8301011772640319,0.10973345824050078,1.1770960511058144,0.12782122671806187,0.7246672791826158,1.2535179216352514,-0.0010871777486826072,1.254605099383934,0.0
1505,30.1,idle,locomotion,1,81.91840735593956,-1.8311735329598289,0.10973345824050078,1.1770960121800174,0.12782102580636687,0.724667293902263,1.2535179392435367,-0.0010871758653316632,1.2546051151088684,0.0
1506,30.12,idle,locomotion,1,81.96507274889854,-1.8322458886556259,0.10973345824050078,1.1770959747288878,0.12782082372339357,0.7246673071881046,1.253517955451498,-0.001087174047576564,1.2546051294990745,0.0
1507,30.14,idle,locomotion,1,82.0117381418575,-1.8333182443514229,0.10973345824050078,1.177095938526155,0.12782062068177513,0.7246673196549764,1.2535179709170199,-0.0010871723823035265,1.2546051432993235,0.0
1508,30.16,idle,locomotion,1,82.05840353481648,-1.8343906000472199,0.10973345824050078,1.177095903271961,0.12782041678252806,0.7246673319569655,1.2535179862934096,-0.0010871706929995416,1.2546051569864092,0.0
1509,30.18,idle,locomotion,1,82.10506892777545,-1.8354629557430169,0.10973345824050078,1.177095868207928,0.12782021210489383,0.7246673447952466,1.2535180021764651,-0.001087168889773723,1.254605171066239,0.0
1510,30.2,idle,locomotion,1,82.15173432073442,-1.8365353114388139,0.10973345824050078,1.1770958328200922,0.12782000652116607,0.7246673577890649,1.2535180181613068,-0.00108716698207122,1.254605185143378,0.0
1511,30.22,idle,locomotion,1,82.19839971369339,-1.8376076671346109,0.10973345824050078,1.1770957977845127,0.12781980008031202,0.7246673718466115,1.253518035117483,-0.0010871652609041188,1.2546052003783872,0.0
1512,30.24,idle,locomotion,1,82.24506510665236,-1.8386800228304079,0.10973345824050078,1.177095763199423,0.12781959321864209,0.7246673865767546,1.2535180528379972,-0.0010871635718344291,1.2546052164098316,0.0
1513,30.26,idle,locomotion,1,82.29173049961133,-1.8397523785262049,0.10973345824050078,1.177095728514839,0.12781938603048315,0.7246674005402958,1.253518069820542,-0.0010871619309554721,1.2546052317514973,0.0
1514,30.28,idle,locomotion,1,82.3383958925703,-1.8408247342220019,0.10973345824050078,1.177095693406018,0.127819178826829,0.7246674139801625,1.2535180862405213,-0.001087160386159254,1.2546052466266806,0.0
1515,30.3,idle,locomotion,1,82.38506128552928,-1.8418970899177989,0.10973345824050078,1.1770956578087435,0.12781897211951868,0.7246674278434027,1.2535181030676257,-0.0010871587872030991,1.2546052618548287,0.0
1516,30.32,idle,locomotion,1,82.43172667848825,-1.8429694456135959,0.10973345824050078,1.1770956218688662,0.12781876613134774,0.724667441990631,1.2535181202251044,-0.0010871571810767075,1.254605277406181,0.0
1517,30.34,idle,locomotion,1,82.47839207144722,-1.8440418013093929,0.10973345824050078,1.177095585898447,0.12781856057603255,0.7246674556411743,1.2535181369035555,-0.0010871556301625639,1.254605292533718,0.0
1518,30.36,idle,locomotion,1,82.52505746440619,-1.8451141570051899,0.10973345824050078,1.177095550183891,0.12781835516344467,0.7246674686286746,1.2535181529205925,-0.0010871541120447796,1.2546053070326373,0.0
1519,30.38,idle,locomotion,1,82.57172285736516,-1.8461865127009869,0.10973345824050078,1.1770955147492574,0.1278181500771171,0.7246674807869523,1.253518168214799,-0.0010871524221865887,1.2546053206369854,0.0
1520,30.4,idle,locomotion,1,82.61838825032413,-1.8472588683967839,0.10973345824050078,1.1770954793990458,0.1278179454747671,0.7246674923974497,1.2535181830256676,-0.0010871508787040872,1.2546053339043717,0.0
1521,30.42,idle,locomotion,1,82.6650536432831,-1.8483312240925809,0.10973345824050078,1.177095443892232,0.12781774159823406,0.7246675044460684,1.2535181982814998,-0.0010871493103543975,1.2546053475918542,0.0
1522,30.44,idle,locomotion,1,82.71171903624207,-1.8494035797883779,0.10973345824050078,1.1770954079598925,0.12781753845159324,0.7246675173313454,1.253518214359567,-0.001087147597858041,1.254605361957425,0.0
1523,30.46,idle,locomotion,1,82.75838442920104,-1.8504759354841749,0.10973345824050078,1.1770953717202046,0.12781733595026057,0.7246675312393981,1.2535182314131257,-0.0010871457977415441,1.2546053772108672,0.0
1524,30.48,idle,locomotion,1,82.80504982216002,-1.8515482911799719,0.10973345824050078,1.1770953353384264,0.12781713401368525,0.7246675451246248,1.2535182484960938,-0.0010871439457457235,1.2546053924418397,0.0
1525,30.5,idle,locomotion,1,82.85171521511899,-1.8526206468757689,0.10973345824050078,1.177095298723781,0.12781693274356118,0.7246675584310727,1.2535182650638181,-0.0010871420951147522,1.254605407158933,0.0
1526,30.52,idle,locomotion,1,82.89838060807796,-1.8536930025715659,0.10973345824050078,1.1770952615497257,0.12781673226739515,0.7246675707800562,1.2535182807760978,-0.0010871403357652874,1.2546054211118631,0.0
1527,30.54,idle,locomotion,1,82.94504600103693,-1.8547653582673629,0.10973345824050078,1.1770952236022958,0.12781653258546907,0.724667583039221,1.2535182963653033,-0.0010871387532659128,1.2546054351185691,0.0
1528,30.56,idle,locomotion,1,82.9917113939959,-1.8558377139631599,0.10973345824050078,1.1770951850933562,0.12781633351679983,0.7246675950012084,1.2535183116632567,-0.0010871371864931978,1.2546054488497498,0.0
1529,30.58,idle,locomotion,1,83.03837678695487,-1.8569100696589569,0.10973345824050078,1.1770951463391042,0.12781613495553082,0.7246676060742145,1.2535183260734635,-0.001087135653598456,1.2546054617270619,0.0
1530,30.6,idle,locomotion,1,83.08504217991384,-1.8579824253547539,0.10973345824050078,1.1770951072439144,0.12781593668288496,0.7246676174145288,1.2535183405864885,-0.0010871342340116469,1.2546054748205002,0.0
1531,30.62,idle,locomotion,1,83.13170757287281,-1.8590547810505509,0.10973345824050078,1.1770950675478526,0.12781573954865277,0.7246676304415867,1.2535183567288348,-0.0010871326451052515,1.25460548937394,0.0
1532,30.64,idle,locomotion,1,83.17837296583178,-1.8601271367463479,0.10973345824050078,1.1770950273609562,0.12781554369056433,0.7246676454296035,1.253518374842229,-0.00108713074302845,1.2546055055852574,0.0
1533,30.66,idle,locomotion,1,83.22503835879075,-1.8611994924421449,0.10973345824050078,1.1770949872516019,0.1278153483128073,0.7246676608462773,1.2535183933912872,-0.0010871288535091797,1.2546055222447965,0.0
1534,30.68,idle,locomotion,1,83.27170375174973,-1.8622718481379419,0.10973345824050078,1.1770949476061991,0.12781515313782538,0.7246676745460715,1.2535184103292245,-0.0010871272068377728,1.2546055375360623,0.0
1535,30.7,idle,locomotion,1,83.3183691447087,-1.8633442038337389,0.10973345824050078,1.1770949084044504,0.12781495852892366,0.7246676873170239,1.2535184264118162,-0.001087125720203315,1.2546055521320196,0.0
1536,30.72,idle,locomotion,1,83.36503453766767,-1.8644165595295359,0.10973345824050078,1.1770948690413336,0.1278147646124542,0.7246676996022501,1.2535184420869516,-0.0010871241804918871,1.2546055662674436,0.0
1537,30.74,idle,locomotion,1,83.41169993062664,-1.8654889152253329,0.10973345824050078,1.177094828660314,0.1278145707983538,0.724667712187957,1.2535184577992393,-0.0010871228852589246,1.2546055806844982,0.0
1538,30.76,idle,locomotion,1,83.45836532358561,-1.86656127092113,0.10973345824050078,1.1770947881837897,0.12781437709367274,0.7246677255030581,1.2535184740903507,-0.001087121576462794,1.2546055956668134,0.0
1539,30.78,idle,locomotion,1,83.50503071654458,-1.867633626616927,0.10973345824050078,1.177094748532987,0.12781418378753945,0.7246677390608456,1.2535184907187926,-0.0010871201055083733,1.2546056108243009,0.0
1540,30.8,idle,locomotion,1,83.55169610950355,-1.868705982312724,0.10973345824050078,1.177094709119979,0.12781399056347673,0.7246677523605713,1.25351850706336,-0.0010871186535143726,1.2546056257168745,0.0
1541,30.82,idle,locomotion,1,83.59836150246252,-1.869778338008521,0.10973345824050078,1.1770946699765148,0.12781379820271585,0.7246677649560032,1.2535185228172985,-0.0010871172291202665,1.2546056400464187,0.0
1542,30.84,idle,locomotion,1,83.6450268954215,-1.870850693704318,0.10973345824050078,1.1770946310240338,0.12781360649065285,0.7246677778504934,1.2535185388088457,-0.001087115703897388,1.254605654512743,0.0
1543,30.86,idle,locomotion,1,83.69169228838047,-1.871923049400115,0.10973345824050078,1.1770945916034592,0.12781341514702058,0.72466779054493,1.2535185544675396,-0.001087114087597034,1.2546056685551366,0.0
1544,30.88,idle,locomotion,1,83.73835768133944,-1.872995405095912,0.10973345824050078,1.1770945528200691,0.12781322432945963,0.724667802983791,1.2535185698018159,-0.0010871124678407153,1.2546056822696565,0.0
1545,30.9,idle,locomotion,1,83.78502307429841,-1.874067760791709,0.10973345824050078,1.1770945149204095,0.12781303383409073,0.7246678159488531,1.2535185856297255,-0.0010871108752231774,1.2546056965049488,0.0
1546,30.92,idle,locomotion,1,83.83168846725738,-1.875140116487506,0.10973345824050078,1.177094476847939,0.12781284374782909,0.7246678283964314,1.253518600853822,-0.0010871093477648683,1.2546057102015868,0.0
1547,30.94,idle,locomotion,1,83.87835386021635,-1.876212472183303,0.10973345824050078,1.1770944394740974,0.12781265441077216,0.7246678396889492,1.2535186149284858,-0.0010871078632854712,1.2546057227917713,0.0
1548,30.96,idle,locomotion,1,83.92501925317532,-1.8772848278791,0.10973345824050078,1.1770944033122872,0.12781246602356347,0.7246678503661741,1.2535186285352535,-0.0010871060919336074,1.254605734627187,0.0
1549,30.98,idle,locomotion,1,83.97168464613429,-1.878357183574897,0.10973345824050078,1.1770943679159365,0.12781227836204834,0.7246678621157271,1.2535186432532257,-0.0010871041041491843,1.2546057473573748,0.0
1550,31.0,idle,locomotion,1,84.01835003909326,-1.879429539270694,0.10973345824050078,1.1770943327756413,0.1278120906892083,0.724667874330879,1.25351865848109,-0.001087102003659815,1.2546057604847498,0.0
1551,31.02,idle,locomotion,1,84.06501543205223,-1.880501894966491,0.10973345824050078,1.1770942976551448,0.1278119029285618,0.7246678857592215,1.2535186729716636,-0.0010871000729724793,1.254605773044636,0.0
1552,31.04,idle,locomotion,1,84.1116808250112,-1.881574250662288,0.10973345824050078,1.1770942623941136,0.1278117151146464,0.7246678966151209,1.2535186868993844,-0.001087098149813212,1.2546057850491976,0.0
1553,31.06,idle,locomotion,1,84.15834621797018,-1.882646606358085,0.10973345824050078,1.177094227086689,0.1278115271258597,0.724667907960843,1.2535187012601234,-0.0010870961703350682,1.2546057974304585,0.0
1554,31.08,idle,locomotion,1,84.20501161092915,-1.883718962053882,0.10973345824050078,1.1770941917303688,0.1278113391293893,0.7246679203005136,1.2535187166232578,-0.0010870943349928289,1.2546058109582505,0.0
1555,31.1,idle,locomotion,1,84.25167700388812,-1.884791317749679,0.10973345824050078,1.1770941562567057,0.1278111511333189,0.7246679337853387,1.2535187331359592,-0.0010870925477668228,1.254605825683726,0.0
1556,31.12,idle,locomotion,1,84.29834239684709,-1.885863673445476,0.10973345824050078,1.1770941203561587,0.12781096310778647,0.7246679467140986,1.2535187492039117,-0.0010870907363620744,1.2546058399402737,0.0
1557,31.14,idle,locomotion,1,84.34500778980606,-1.886936029141273,0.10973345824050078,1.177094083030471,0.12781077486696688,0.7246679585064686,1.2535187640269059,-0.0010870893018787124,1.2546058533287845,0.0
1558,31.16,idle,locomotion,1,84.39167318276503,-1.88800838483707,0.10973345824050078,1.1770940452595022,0.12781058647520385,0.7246679702884202,1.2535187787406206,-0.0010870880767257646,1.2546058668173463,0.0
1559,31.18,idle,locomotion,1,84.438338575724,-1.889080740532867,0.10973345824050078,1.1770940079617025,0.12781039747206335,0.7246679818036578,1.2535187931579221,-0.0010870868307702383,1.2546058799886923,0.0
1560,31.2,idle,locomotion,1,84.48500396868297,-1.890153096228664,0.10973345824050078,1.1770939716785955,0.1278102075768174,0.724667993304768,1.2535188074558625,-0.001087085707327684,1.2546058931631903,0.0
1561,31.22,idle,locomotion,1,84.53166936164195,-1.891225451924461,0.10973345824050078,1.1770939369867026,0.12781001735103814,0.7246680055451576,1.2535188225621687,-0.0010870844912784852,1.2546059070534472,0.0
1562,31.24,idle,locomotion,1,84.57833475460092,-1.892297807620258,0.10973345824050078,1.1770939029186867,0.12780982691141246,0.7246680176484738,1.2535188375865485,-0.0010870831308876817,1.2546059207174363,0.0
1563,31.26,idle,locomotion,1,84.62500014755989,-1.893370163316055,0.10973345824050078,1.1770938695442357,0.12780963658239358,0.7246680292392522,1.2535188521680602,-0.0010870816199461883,1.2546059337880064,0.0
1564,31.28,idle,locomotion,1,84.67166554051886,-1.894442519011852,0.10973345824050078,1.1770938364797088,0.12780944590562474,0.7246680404031245,1.2535188662808505,-0.0010870801099802235,1.2546059463908308,0.0
1565,31.3,idle,locomotion,1,84.71833093347783,-1.895514874707649,0.10973345824050078,1.1770938040617944,0.12780925493755618,0.7246680517450678,1.2535188805498843,-0.001087078440863254,1.2546059589907474,0.0
1566,31.32,idle,locomotion,1,84.7649963264368,-1.896587230403446,0.10973345824050078,1.177093771936039,0.1278090634769087,0.7246680629807986,1.2535188947012723,-0.001087076770424581,1.2546059714716968,0.0
1567,31.34,idle,locomotion,1,84.81166171939577,-1.897659586099243,0.10973345824050078,1.1770937397491374,0.1278088715544795,0.7246680739906302,1.253518908522753,-0.0010870752852710254,1.254605983808024,0.0
1568,31.36,idle,locomotion,1,84.85832711235474,-1.89873194179504,0.10973345824050078,1.1770937080425334,0.1278086793264425,0.7246680851985624,1.2535189224692342,-0.0010870739010415652,1.2546059963702758,0.0
1569,31.38,idle,locomotion,1,84.90499250531371,-1.899804297490837,0.10973345824050078,1.177093677668197,0.12780848745046222,0.7246680969670652,1.2535189371293118,-0.0010870724007156114,1.2546060095300275,0.0
1570,31.4,idle,locomotion,1,84.95165789827269,-1.900876653186634,0.10973345824050078,1.1770936476149296,0.12780829589719245,0.7246681088452628,1.2535189519757255,-0.00108707094228825,1.2546060229180138,0.0
1571,31.42,idle,locomotion,1,84.99832329123166,-1.901949008882431,0.10973345824050078,1.1770936175227869,0.12780810522463257,0.7246681214444359,1.2535189675965464,-0.0010870696011797756,1.2546060371977261,0.0
1572,31.44,idle,locomotion,1,85.04498868419063,-1.903021364578228,0.10973345824050078,1.177093587511147,0.12780791543570122,0.7246681345831719,1.253518983902742,-0.0010870679961850586,1.254606051898927,0.0
1573,31.46,idle,locomotion,1,85.0916540771496,-1.904093720274025,0.10973345824050078,1.1770935573355552,0.1278077259465773,0.7246681474892817,1.2535189999672,-0.0010870662961883285,1.2546060662633884,0.0
1574,31.48,idle,locomotion,1,85.13831947010857,-1.905166075969822,0.10973345824050078,1.1770935266664455,0.1278075365887168,0.7246681593154254,1.253519014944278,-0.0010870646269218846,1.2546060795712,0.0
1575,31.5,idle,locomotion,1,85.18498486306754,-1.906238431665619,0.10973345824050078,1.1770934954049028,0.12780734791391452,0.7246681711825165,1.2535190299556807,-0.0010870630543507141,1.2546060930100313,0.0
1576,31.52,idle,locomotion,1,85.23165025602651,-1.907310787361416,0.10973345824050078,1.1770934636724242,0.12780715950907484,0.7246681831643692,1.2535190451230522,-0.0010870614435034356,1.2546061065665557,0.0
1577,31.54,idle,locomotion,1,85.27831564898548,-1.908383143057213,0.10973345824050078,1.177093431796645,0.12780697069581343,0.7246681943739058,1.2535190595342331,-0.001087059966047528,1.2546061195002807,0.0
1578,31.56,idle,locomotion,1,85.32498104194445,-1.90945549875301,0.10973345824050078,1.1770933996338193,0.12780678163870077,0.7246682054793924,1.2535190738411441,-0.0010870586186538488,1.254606132459798,0.0
1579,31.58,idle,locomotion,1,85.37164643490343,-1.910527854448807,0.10973345824050078,1.177093366819097,0.127806592589007,0.724668217688446,1.2535190891851928,-0.0010870572499281743,1.254606146435121,0.0
1580,31.6,idle,locomotion,1,85.4183118278624,-1.911600210144604,0.10973345824050078,1.1770933334489875,0.12780640354539777,0.7246682298425254,1.2535191045300489,-0.0010870556821306228,1.2546061602121794,0.0
1581,31.62,idle,locomotion,1,85.46497722082137,-1.912672565840401,0.10973345824050078,1.1770932994944117,0.12780621387656868,0.7246682416213399,1.2535191193400848,-0.0010870544196452218,1.25460617375973,0.0
1582,31.64,idle,locomotion,1,85.51164261378034,-1.913744921536198,0.10973345824050078,1.1770932639343006,0.12780602466863497,0.7246682545790177,1.2535191351160042,-0.0010870532806352244,1.2546061883966395,0.0
1583,31.66,idle,locomotion,1,85.55830800673931,-1.914817277231995,0.10973345824050078,1.1770932278448987,0.12780583732925252,0.724668267866748,1.2535191513745605,-0.0010870520759594937,1.2546062034505199,0.0
1584,31.68,idle,locomotion,1,85.60497339969828,-1.915889632927792,0.10973345824050078,1.1770931924102817,0.12780565122060175,0.7246682803262396,1.253519166911727,-0.0010870507590211229,1.254606217670748,0.0
1585,31.7,idle,locomotion,1,85.65163879265725,-1.916961988623589,0.10973345824050078,1.1770931567707859,0.12780546539668866,0.7246682915595377,1.2535191810922444,-0.0010870494241363507,1.2546062305163808,0.0
1586,31.72,idle,locomotion,1,85.69830418561622,-1.918034344319386,0.10973345824050078,1.1770931209810274,0.12780528006481565,0.7246683023325221,1.2535191946989284,-0.0010870480499244675,1.254606242748853,0.0
1587,31.74,idle,locomotion,1,85.7449695785752,-1.919106700015183,0.10973345824050078,1.1770930850267551,0.12780509523662564,0.7246683119370917,1.2535192071645973,-0.001087046622835871,1.2546062537874332,0.0
1588,31.76,idle,locomotion,1,85.79163497153417,-1.92017905571098,0.10973345824050078,1.1770930499869943,0.1278049113006827,0.7246683218500857,1.253519219975411,-0.0010870452697213928,1.2546062652451324,0.0
1589,31.78,idle,locomotion,1,85.83830036449314,-1.921251411406777,0.10973345824050078,1.1770930157627055,0.12780472796840753,0.7246683329224912,1.2535192340037078,-0.0010870435684317073,1.2546062775721396,0.0
1590,31.8,idle,locomotion,1,85.88496575745211,-1.922323767102574,0.10973345824050078,1.177092981517176,0.12780454502245972,0.7246683448045145,1.2535192487777516,-0.0010870418090023308,1.2546062905867539,0.0
1591,31.82,idle,locomotion,1,85.93163115041108,-1.923396122798371,0.10973345824050078,1.1770929455635697,0.12780436322967323,0.7246683598147414,1.2535192664327603,-0.0010870399981771778,1.2546063064309376,0.0
1592,31.84,idle,locomotion,1,85.97829654337005,-1.924468478494168,0.10973345824050078,1.1770929081066317,0.12780418290884693,0.7246683768383197,1.2535192860868232,-0.0010870382036926203,1.2546063242905159,0.0
1593,31.86,idle,locomotion,1,86.02496193632902,-1.925540834189965,0.10973345824050078,1.1770928690484421,0.12780400385920163,0.7246683934134764,1.2535193052535911,-0.0010870363953207514,1.254606341648912,0.0
1594,31.88,idle,locomotion,1,86.07162732928799,-1.926613189885762,0.10973345824050078,1.1770928284633593,0.12780382643906166,0.7246684083027696,1.2535193227372259,-0.0010870347260461474,1.254606357463272,0.0
1595,31.9,idle,locomotion,1,86.11829272224696,-1.927685545581559,0.10973345824050078,1.1770927877437547,0.12780365063101062,0.724668420147795,1.2535193373501798,-0.001087033320983876,1.2546063706711637,0.0
1596,31.92,idle,locomotion,1,86.16495811520593,-1.928757901277356,0.10973345824050078,1.1770927474197042,0.1278034758613993,0.7246684290736286,1.253519349145116,-0.0010870319906589113,1.2546063811357748,0.0
1597,31.94,idle,locomotion,1,86.2116235081649,-1.929830256973153,0.10973345824050078,1.1770927071918225,0.12780330147791577,0.7246684375195646,1.253519360368645,-0.0010870305677148362,1.2546063909363598,0.0
1598,31.96,idle,locomotion,1,86.25828890112388,-1.93090261266895,0.10973345824050078,1.17709266707087,0.12780312746675399,0.7246684472832698,1.2535193728614904,-0.0010870291435080663,1.2546064020049985,0.0
1599,31.98,idle,locomotion,1,86.30495429408285,-1.931974968364747,0.10973345824050078,1.1770926271289452,0.1278029540820654,0.7246684569083299,1.2535193853309594,-0.0010870277857226163,1.254606413116682,0.0
1600,32.0,idle,locomotion,1,86.35161968704182,-1.933047324060544,0.10973345824050078,1.1770925866628172,0.12780278209191306,0.7246684678659286,1.2535193990515052,-0.0010870264636124762,1.2546064255151177,0.0
1601,32.02,idle,locomotion,1,86.39828508000079,-1.934119679756341,0.10973345824050078,1.1770925452730001,0.12780261205114174,0.7246684805990542,1.2535194145540447,-0.0010870248979211183,1.2546064394519658,0.0
1602,32.04,idle,locomotion,1,86.44495047295976,-1.935192035452138,0.10973345824050078,1.1770925031391979,0.12780244392041307,0.7246684931190204,1.2535194298868468,-0.0010870230972956155,1.2546064529841425,0.0
1603,32.06,idle,locomotion,1,86.49161586591873,-1.936264391147935,0.10973345824050078,1.1770924600845483,0.12780227764789684,0.7246685051934688,1.253519444692622,-0.001087021453839064,1.254606466146461,0.0
1604,32.08,idle,locomotion,1,86.5382812588777,-1.937336746843732,0.10973345824050078,1.1770924166175964,0.12780211334685293,0.7246685175822587,1.253519459773058,-0.0010870199122383628,1.2546064796852963,0.0
1605,32.1,idle,locomotion,1,86.58494665183667,-1.938409102539529,0.10973345824050078,1.1770923732832248,0.12780195054839452,0.7246685286205374,1.2535194735902975,-0.0010870183615737904,1.2546064919518713,0.0
1606,32.12,idle,locomotion,1,86.63161204479565,-1.939481458235326,0.10973345824050078,1.1770923301711211,0.12780178840374667,0.7246685388033683,1.2535194864145411,-0.0010870166621351138,1.2546065030766762,0.0
1607,32.14,idle,locomotion,1,86.67827743775462,-1.940553813931123,0.10973345824050078,1.1770922866482296,0.12780162724978322,0.7246685495950542,1.2535194997472023,-0.0010870149609839216,1.2546065147081862,0.0
1608,32.16,idle,locomotion,1,86.72494283071359,-1.94162616962692,0.10973345824050078,1.1770922420523937,0.1278014676536879,0.7246685612050934,1.2535195138007706,-0.0010870132344776816,1.2546065270352482,0.0
1609,32.18,idle,locomotion,1,86.77160822367256,-1.942698525322717,0.10973345824050078,1.17709219734909,0.12780130941267856,0.7246685725407735,1.253519527575635,-0.0010870116746098425,1.2546065392502448,0.0
1610,32.2,idle,locomotion,1,86.81827361663153,-1.943770881018514,0.10973345824050078,1.1770921544467698,0.12780115201230177,0.7246685830055661,1.2535195405985056,-0.0010870102317923035,1.254606550830298,0.0
1611,32.22,idle,locomotion,1,86.8649390095905,-1.944843236714311,0.10973345824050078,1.1770921136834127,0.12780099455831773,0.7246685925657728,1.2535195528374055,-0.0010870086909392923,1.2546065615283448,0.0
1612,32.24,idle,locomotion,1,86.91160440254947,-1.945915592410108,0.10973345824050078,1.17709207438364,0.1278008357385714,0.724668602582842,1.2535195653407283,-0.001087007280614366,1.2546065726213427,0.0
1613,32.26,idle,locomotion,1,86.95826979550844,-1.946987948105905,0.10973345824050078,1.1770920360679689,0.12780067551700977,0.724668614022363,1.2535195791275964,-0.0010870057787614185,1.254606584906358,0.0
1614,32.28,idle,locomotion,1,87.00493518846741,-1.948060303801702,0.10973345824050078,1.1770919988093604,0.12780051368019602,0.7246686259461963,1.253519593362932,-0.0010870043670867628,1.2546065977300187,0.0
1615,32.3,idle,locomotion,1,87.05160058142638,-1.949132659497499,0.10973345824050078,1.177091962158014,0.127800350319663,0.7246686377598404,1.2535196074647428,-0.001087003045438125,1.254606610510181,0.0
1616,32.32,idle,locomotion,1,87.09826597438536,-1.950205015193296,0.10973345824050078,1.1770919257628774,0.1278001858056616,0.7246686493879324,1.253519621377518,-0.0010870017483812257,1.2546066231258992,0.0
1617,32.34,idle,locomotion,1,87.14493136734433,-1.951277370889093,0.10973345824050078,1.1770918900456844,0.12780002024595155,0.7246686609313895,1.2535196351812623,-0.001087000521530504,1.2546066357027927,0.0
1618,32.36,idle,locomotion,1,87.1915967603033,-1.95234972658489,0.10973345824050078,1.1770918558393608,0.12779985355589676,0.7246686728510867,1.2535196493282232,-0.0010869991031279246,1.2546066484313512,0.0
1619,32.38,idle,locomotion,1,87.23826215326227,-1.953422082280687,0.10973345824050078,1.177091823741399,0.12779968544620735,0.7246686851056071,1.2535196638197168,-0.0010869974691704275,1.2546066612888873,0.0
1620,32.4,idle,locomotion,1,87.28492754622124,-1.954494437976484,0.10973345824050078,1.1770917933494183,0.12779951607604892,0.7246686971866715,1.2535196782003324,-0.0010869957579849147,1.2546066739583173,0.0
1621,32.42,idle,locomotion,1,87.33159293918021,-1.955566793672281,0.10973345824050078,1.177091763856471,0.12779934621624658,0.7246687090328428,1.253519692524594,-0.0010869938716107572,1.2546066863962047,0.0
1622,32.44,idle,locomotion,1,87.37825833213918,-1.956639149368078,0.10973345824050078,1.17709173494234,0.12779917583786662,0.7246687209211841,1.2535197070075752,-0.001086991953369313,1.2546066989609446,0.0
1623,32.46,idle,locomotion,1,87.42492372509815,-1.957711505063875,0.10973345824050078,1.1770917058915227,0.12779900417870574,0.7246687320100309,1.2535197206379196,-0.0010869899876452989,1.254606710625565,0.0
1624,32.48,idle,locomotion,1,87.47158911805712,-1.958783860759672,0.10973345824050078,1.17709167718517,0.12779883128235886,0.7246687421899577,1.2535197333096941,-0.001086988324061039,1.254606721633755,0.0
1625,32.5,idle,locomotion,1,87.5182545110161,-1.959856216455469,0.10973345824050078,1.1770916488143417,0.12779865800111123,0.7246687513345476,1.253519745064252,-0.0010869867778495051,1.2546067318421015,0.0
1626,32.52,idle,locomotion,1,87.56491990397507,-1.960928572151266,0.10973345824050078,1.177091620986817,0.12779848465288213,0.7246687606279899,1.2535197569783443,-0.0010869853976999792,1.2546067423760443,0.0
1627,32.54,idle,locomotion,1,87.61158529693404,-1.962000927847063,0.10973345824050078,1.1770915933163568,0.12779831130450164,0.7246687703859658,1.2535197693854805,-0.0010869838613633762,1.254606753246844,0.0
1628,32.56,idle,locomotion,1,87.65825068989301,-1.96307328354286,0.10973345824050078,1.1770915655067957,0.12779813787334204,0.7246687810272396,1.2535197825982909,-0.0010869821256625535,1.2546067647239534,0.0
1629,32.58,idle,locomotion,1,87.70491608285198,-1.964145639238657,0.10973345824050078,1.1770915373230617,0.1277979651164662,0.7246687927080626,1.2535197969711926,-0.0010869801974821708,1.2546067771686749,0.0
1630,32.6,idle,locomotion,1,87.75158147581095,-1.965217994934454,0.10973345824050078,1.1770915073676058,0.12779779343019884,0.7246688054063234,1.2535198123569016,-0.0010869782911756831,1.2546067906480773,0.0
1631,32.62,idle,locomotion,1,87.79824686876992,-1.966290350630251,0.10973345824050078,1.1770914767258305,0.12779762268800346,0.7246688184243905,1.2535198281151938,-0.0010869766314812838,1.2546068047466752,0.0
1632,32.64,idle,locomotion,1,87.8449122617289,-1.967362706326048,0.10973345824050078,1.1770914461764723,0.12779745233625714,0.7246688312656698,1.2535198437600379,-0.0010869750211966005,1.2546068187812345,0.0
1633,32.66,idle,locomotion,1,87.89157765468786,-1.968435062021845,0.10973345824050078,1.1770914148365377,0.12779728168212648,0.7246688437301722,1.253519858905257,-0.0010869736766470593,1.254606832581904,0.0
1634,32.68,idle,locomotion,1,87.93824304764684,-1.969507417717642,0.10973345824050078,1.1770913827178497,0.12779711033018956,0.7246688558582199,1.2535198735318889,-0.0010869725681957355,1.2546068461000845,0.0
1635,32.7,idle,locomotion,1,87.9849084406058,-1.970579773413439,0.10973345824050078,1.1770913504650522,0.12779693843226128,0.7246688681667992,1.2535198882777985,-0.0010869715601844535,1.254606859837983,0.0
1636,32.72,idle,locomotion,1,88.03157383356478,-1.971652129109236,0.10973345824050078,1.1770913186665728,0.1277967662826237,0.7246688807579933,1.253519903374072,-0.0010869704731066715,1.2546068738471787,0.0
1637,32.74,idle,locomotion,1,88.07823922652375,-1.972724484805033,0.10973345824050078,1.1770912867068402,0.12779659401884513,0.7246688926667072,1.2535199178687104,-0.0010869693642425841,1.254606887232953,0.0
1638,32.76,idle,locomotion,1,88.12490461948272,-1.97379684050083,0.10973345824050078,1.1770912547295962,0.1277964217485189,0.7246689034764695,1.2535199312954683,-0.001086968426481389,1.2546068997219497,0.0
1639,32.78,idle,locomotion,1,88.17157001244169,-1.974869196196627,0.10973345824050078,1.1770912231420574,0.12779624976374543,0.7246689132334431,1.2535199437380296,-0.001086967526272093,1.2546069112643017,0.0
1640,32.8,idle,locomotion,1,88.21823540540066,-1.975941551892424,0.10973345824050078,1.1770911920761982,0.12779607851544794,0.724668922461075,1.2535199557748435,-0.0010869662180458851,1.2546069219928895,0.0
1641,32.82,idle,locomotion,1,88.26490079835963,-1.977013907588221,0.10973345824050078,1.1770911610624997,0.12779590762141732,0.7246689313827583,1.2535199675389053,-0.001086964780302204,1.2546069323192075,0.0
1642,32.84,idle,locomotion,1,88.3115661913186,-1.978086263284018,0.10973345824050078,1.1770911302424396,0.12779573692905322,0.724668940303863,1.2535199792918286,-0.001086963370611753,1.2546069426624402,0.0
1643,32.86,idle,locomotion,1,88.35823158427758,-1.979158618979815,0.10973345824050078,1.1770911002652138,0.12779556606648865,0.7246689499757105,1.2535199917588657,-0.0010869618726298928,1.2546069536314957,0.0
1644,32.88,idle,locomotion,1,88.40489697723655,-1.980230974675612,0.10973345824050078,1.1770910709525915,0.12779539496910383,0.7246689601973828,1.2535200047696073,-0.0010869601977025224,1.25460696496731,0.0
1645,32.9,idle,locomotion,1,88.45156237019552,-1.981303330371409,0.10973345824050078,1.1770910416564166,0.12779522375341731,0.7246689704040532,1.2535200177596857,-0.0010869583503347081,1.2546069761100205,0.0
1646,32.92,idle,locomotion,1,88.49822776315449,-1.982375686067206,0.10973345824050078,1.1770910122309934,0.1277950524774069,0.724668980152659,1.2535200303558296,-0.0010869565987437074,1.2546069869545733,0.0
1647,32.94,idle,locomotion,1,88.54489315611346,-1.983448041763003,0.10973345824050078,1.1770909821213198,0.12779488095806152,0.7246689892158343,1.2535200422289219,-0.0010869551354748055,1.2546069973643967,0.0
1648,32.96,idle,locomotion,1,88.59155854907243,-1.9845203974588,0.10973345824050078,1.1770909513474759,0.12779470950611188,0.724668998572915,1.2535200543161231,-0.0010869538646605115,1.2546070081807836,0.0
1649,32.98,idle,locomotion,1,88.6382239420314,-1.985592753154597,0.10973345824050078,1.1770909199220714,0.127794538304769,0.7246690089040964,1.2535200672839075,-0.001086952531924524,1.2546070198158321,0.0
1650,33.0,idle,locomotion,1,88.68488933499037,-1.986665108850394,0.10973345824050078,1.1770908882028193,0.12779436732818825,0.7246690199403258,1.253520080874378,-0.0010869512168634292,1.2546070320912415,0.0
1651,33.02,idle,locomotion,1,88.73155472794934,-1.987737464546191,0.10973345824050078,1.1770908572978473,0.12779419653193885,0.7246690304973679,1.2535200940927744,-0.0010869499929723504,1.2546070440857469,0.0
1652,33.04,idle,locomotion,1,88.77822012090832,-1.988809820241988,0.10973345824050078,1.1770908265224096,0.12779402663825273,0.7246690397959908,1.2535201062260284,-0.0010869487008268591,1.2546070549268553,0.0
1653,33.06,idle,locomotion,1,88.82488551386729,-1.989882175937785,0.10973345824050078,1.1770907959602037,0.1277938576141536,0.7246690489251117,1.2535201182119682,-0.0010869474662405197,1.2546070656782087,0.0
1654,33.08,idle,locomotion,1,88.87155090682626,-1.990954531633582,0.10973345824050078,1.1770907657087397,0.12779368919844075,0.724669058276898,1.253520130435285,-0.001086946238387218,1.254607076673672,0.0
1655,33.1,idle,locomotion,1,88.91821629978523,-1.992026887329379,0.10973345824050078,1.1770907354653255,0.12779352121993365,0.7246690670545507,1.253520142099452,-0.0010869450391205737,1.2546070871385726,0.0
1656,33.12,idle,locomotion,1,88.9648816927442,-1.993099243025176,0.10973345824050078,1.1770907049040933,0.1277933536698593,0.7246690756133917,1.2535201535044145,-0.0010869438242003815,1.254607097328615,0.0
1657,33.14,idle,locomotion,1,89.01154708570317,-1.994171598720973,0.10973345824050078,1.1770906730620676,0.12779318743304074,0.724669086298984,1.2535201668921545,-0.001086942518163457,1.254607109410318,0.0
1658,33.16,idle,locomotion,1,89.05821247866214,-1.99524395441677,0.10973345824050078,1.1770906411359854,0.1277930224197108,0.7246690988144631,1.2535201820630413,-0.0010869411355272605,1.2546071231985685,0.0
1659,33.18,idle,locomotion,1,89.10487787162111,-1.996316310112567,0.10973345824050078,1.1770906096778393,0.12779285817869573,0.7246691104132592,1.253520196392617,-0.001086939548983066,1.2546071359416,0.0
1660,33.2,idle,locomotion,1,89.15154326458008,-1.997388665808364,0.10973345824050078,1.17709057897536,0.12779269435041823,0.7246691216281881,1.2535202103447993,-0.001086937903363925,1.2546071482481633,0.0
1661,33.22,idle,locomotion,1,89.19820865753906,-1.998461021504161,0.10973345824050078,1.1770905483544458,0.12779253078200198,0.7246691324909628,1.2535202240457208,-0.00108693635871486,1.2546071604044358,0.0
1662,33.24,idle,locomotion,1,89.24487405049803,-1.999533377199958,0.10973345824050078,1.1770905173968678,0.12779236725233392,0.7246691432879301,1.2535202375897923,-0.001086935293320896,1.2546071728831132,0.0
1663,33.26,idle,locomotion,1,89.291539443457,-2.000605732895755,0.10973345824050078,1.1770904857937592,0.12779220427347407,0.7246691548753387,1.2535202518561153,-0.0010869341992619935,1.2546071860553774,0.0
1664,33.28,idle,locomotion,1,89.33820483641597,-2.001678088591552,0.10973345824050078,1.1770904535026243,0.12779204258637575,0.7246691669941709,1.253520266674673,-0.0010869332717120782,1.254607199946385,0.0
1665,33.3,idle,locomotion,1,89.38487022937494,-2.002750444287349,0.10973345824050078,1.177090420350114,0.12779188259893487,0.7246691794407931,1.253520281836794,-0.001086932323412105,1.2546072141602063,0.0
1666,33.32,idle,locomotion,1,89.43153562233391,-2.003822799983146,0.10973345824050078,1.177090385827179,0.12779172502842204,0.7246691923764967,1.2535202975111224,-0.0010869311081395591,1.254607228619262,0.0
1667,33.34,idle,locomotion,1,89.47820101529288,-2.004895155678943,0.10973345824050078,1.177090350717188,0.12779156964189822,0.7246692046620287,1.2535203126239978,-0.0010869299272309486,1.2546072425512287,0.0
1668,33.36,idle,locomotion,1,89.52486640825185,-2.00596751137474,0.10973345824050078,1.1770903149504497,0.1277914160309562,0.7246692166416538,1.2535203273726638,-0.0010869286221614378,1.2546072559948254,0.0
1669,33.38,idle,locomotion,1,89.57153180121082,-2.007039867070537,0.10973345824050078,1.177090278072583,0.12779126419995787,0.7246692279217289,1.253520341420946,-0.001086927281112645,1.2546072687020586,0.0
1670,33.4,idle,locomotion,1,89.6181971941698,-2.008112222766334,0.10973345824050078,1.1770902395486833,0.12779111364579523,0.7246692390678037,1.2535203551058205,-0.0010869258671726452,1.2546072809729931,0.0
1671,33.42,idle,locomotion,1,89.66486258712877,-2.009184578462131,0.10973345824050078,1.1770901989086844,0.12779096477046045,0.724669250393343,1.2535203687979974,-0.001086924337368976,1.2546072931353665,0.0
1672,33.44,idle,locomotion,1,89.71152798008774,-2.010256934157928,0.10973345824050078,1.1770901580091815,0.12779081668454176,0.7246692608158998,1.2535203814604206,-0.0010869229904713062,1.2546073044508919,0.0
1673,33.46,idle,locomotion,1,89.75819337304671,-2.011329289853725,0.10973345824050078,1.1770901186824072,0.1277906679772485,0.7246692698770828,1.2535203926536171,-0.0010869217340018535,1.254607314387619,0.0
1674,33.48,idle,locomotion,1,89.80485876600568,-2.012401645549522,0.10973345824050078,1.1770900813482232,0.12779051848723086,0.7246692784936459,1.2535204033605263,-0.001086920390725471,1.2546073237512518,0.0
1675,33.5,idle,locomotion,1,89.85152415896465,-2.013474001245319,0.10973345824050078,1.1770900454984752,0.12779036921077094,0.7246692870741794,1.2535204141528746,-0.0010869190148795546,1.254607333167754,0.0
1676,33.52,idle,locomotion,1,89.89818955192362,-2.014546356941116,0.10973345824050078,1.1770900105061168,0.1277902199662568,0.7246692959101,1.253520425191918,-0.0010869176150693043,1.2546073428069875,0.0
1677,33.54,idle,locomotion,1,89.9448549448826,-2.015618712636913,0.10973345824050078,1.17708997544666,0.12779007061444964,0.7246693065459859,1.2535204378642908,-0.0010869159230342436,1.254607353787325,0.0
1678,33.56,idle,locomotion,1,89.99152033784156,-2.01669106833271,0.10973345824050078,1.1770899403962694,0.12778992105457915,0.7246693175201937,1.253520450860476,-0.0010869143427861133,1.254607365203262,0.0
1679,33.58,idle,locomotion,1,90.03818573080054,-2.017763424028507,0.10973345824050078,1.1770899054991613,0.12778977130659294,0.7246693281706325,1.2535204634665433,-0.0010869127651019043,1.2546073762316452,0.0
1680,33.6,idle,locomotion,1,90.0848511237595,-2.018835779724304,0.10973345824050078,1.1770898714227853,0.12778962141119468,0.7246693376471159,1.253520474956116,-0.001086911383855995,1.254607386339972,0.0
1681,33.62,idle,locomotion,1,90.13151651671848,-2.019908135420101,0.10973345824050078,1.1770898392916604,0.12778947104783955,0.7246693457086643,1.2535204851204118,-0.0010869101526455108,1.2546073952730574,0.0
1682,33.64,idle,locomotion,1,90.17818190967745,-2.020980491115898,0.10973345824050078,1.1770898091220954,0.12778931983473915,0.7246693534658966,1.2535204950374395,-0.0010869088015905033,1.25460740383903,0.0
1683,33.66,idle,locomotion,1,90.22484730263642,-2.022052846811695,0.10973345824050078,1.17708978105232,0.12778916747948024,0.7246693616951057,1.253520505499819,-0.001086907312916753,1.2546074128127358,0.0
1684,33.68,idle,locomotion,1,90.27151269559539,-2.023125202507492,0.10973345824050078,1.1770897541029142,0.12778901454556119,0.7246693713000983,1.2535205174330573,-0.0010869055743656514,1.254607423007423,0.0
1685,33.7,idle,locomotion,1,90.31817808855436,-2.024197558203289,0.10973345824050078,1.177089726874784,0.12778886132338374,0.7246693814465429,1.2535205298950864,-0.0010869040371305552,1.254607433932217,0.0
1686,33.72,idle,locomotion,1,90.36484348151333,-2.025269913899086,0.10973345824050078,1.1770896992468798,0.12778870827494934,0.7246693925543258,1.2535205432139072,-0.0010869024854607903,1.2546074456993679,0.0
1687,33.74,idle,locomotion,1,90.4115088744723,-2.026342269594883,0.10973345824050078,1.1770896715140604,0.1277885552720095,0.7246694029314743,1.253520555861342,-0.0010869009896053126,1.2546074568509473,0.0
1688,33.76,idle,locomotion,1,90.45817426743127,-2.02741462529068,0.10973345824050078,1.177089642940533,0.12778840261753543,0.7246694132470867,1.253520568322985,-0.0010868995596162445,1.2546074678826014,0.0
1689,33.78,idle,locomotion,1,90.50483966039025,-2.028486980986477,0.10973345824050078,1.177089613291416,0.1277882512842497,0.7246694238088943,1.2535205811115977,-0.0010868981616598272,1.2546074792732576,0.0
1690,33.8,idle,locomotion,1,90.55150505334922,-2.029559336682274,0.10973345824050078,1.1770895828840413,0.1277881019148514,0.7246694335651848,1.2535205932444473,-0.0010868967112941386,1.2546074899557413,0.0
1691,33.82,idle,locomotion,1,90.59817044630819,-2.030631692378071,0.10973345824050078,1.1770895515414699,0.12778795463257353,0.7246694430587841,1.2535206051360286,-0.0010868952265461508,1.2546075003625747,0.0
1692,33.84,idle,locomotion,1,90.64483583926716,-2.031704048073868,0.10973345824050078,1.177089518978551,0.12778780937226283,0.7246694536103349,1.2535206179762828,-0.0010868936927046872,1.2546075116689874,0.0
1693,33.86,idle,locomotion,1,90.69150123222613,-2.032776403769665,0.10973345824050078,1.1770894854779772,0.12778766619805706,0.7246694645058326,1.2535206311969682,-0.0010868922157067536,1.254607523412675,0.0
1694,33.88,idle,locomotion,1,90.7381666251851,-2.033848759465462,0.10973345824050078,1.177089450642533,0.1277875251419839,0.7246694752649248,1.2535206442412814,-0.0010868908290222676,1.2546075350703036,0.0
1695,33.9,idle,locomotion,1,90.78483201814407,-2.034921115161259,0.10973345824050078,1.1770894144823634,0.1277873860067283,0.7246694868486934,1.2535206579734717,-0.0010868894243386898,1.2546075473978104,0.0
1696,33.92,idle,locomotion,1,90.83149741110304,-2.035993470857056,0.10973345824050078,1.1770893778313296,0.1277872486607528,0.7246694983037757,1.2535206716464766,-0.0010868880601497093,1.2546075597066264,0.0
1697,33.94,idle,locomotion,1,90.87816280406201,-2.037065826552853,0.10973345824050078,1.1770893403347205,0.1277871128938612,0.7246695097551671,1.2535206851954614,-0.001086886782442214,1.2546075719779037,0.0
1698,33.96,idle,locomotion,1,90.92482819702099,-2.03813818224865,0.10973345824050078,1.1770893030844387,0.1277869776109821,0.724669520207874,1.253520697710957,-0.0010868856879766332,1.2546075833989336,0.0
1699,33.98,idle,locomotion,1,90.97149358997996,-2.039210537944447,0.10973345824050078,1.1770892668003565,0.12778684222325742,0.7246695299514718,1.253520709529908,-0.001086884332040114,1.254607593861948,0.0
1700,34.0,idle,locomotion,1,91.01815898293893,-2.040282893640244,0.10973345824050078,1.177089230801269,0.12778670711216727,0.7246695402002783,1.2535207219068096,-0.0010868828688324825,1.254607604775642,0.0
1701,34.02,idle,locomotion,1,91.0648243758979,-2.041355249336041,0.10973345824050078,1.1770891947221773,0.12778657268455557,0.7246695514861259,1.2535207353576945,-0.0010868814457764622,1.254607616803471,0.0
1702,34.04,idle,locomotion,1,91.11148976885687,-2.042427605031838,0.10973345824050078,1.17708915920482,0.127786438040302,0.7246695619816093,1.2535207480499095,-0.0010868803311499635,1.2546076283810594,0.0
1703,34.06,idle,locomotion,1,91.15815516181584,-2.043499960727635,0.10973345824050078,1.177089124964945,0.1277863020030242,0.7246695706038628,1.2535207587683173,-0.001086879371872667,1.2546076381401898,0.0
1704,34.08,idle,locomotion,1,91.20482055477481,-2.044572316423432,0.10973345824050078,1.1770890915266607,0.12778616483949504,0.7246695788650164,1.2535207690253733,-0.0010868782258637195,1.254607647251237,0.0
1705,34.1,idle,locomotion,1,91.25148594773378,-2.045644672119229,0.10973345824050078,1.1770890593744612,0.12778602668198924,0.724669588210365,1.253520780269052,-0.0010868770381135574,1.2546076573071656,0.0
1706,34.12,idle,locomotion,1,91.29815134069275,-2.046717027815026,0.10973345824050078,1.1770890294579972,0.12778588710699404,0.7246695977287472,1.253520791714665,-0.001086875804951256,1.254607667519616,0.0
1707,34.14,idle,locomotion,1,91.34481673365173,-2.047789383510823,0.10973345824050078,1.1770890006434063,0.12778574649609808,0.7246696081607213,1.2535208040260624,-0.0010868743045158759,1.2546076783305782,0.0
1708,34.16,idle,locomotion,1,91.3914821266107,-2.04886173920662,0.10973345824050078,1.1770889712340786,0.12778560597566838,0.7246696198403123,1.2535208175882555,-0.0010868726101862028,1.2546076901984418,0.0
1709,34.18,idle,locomotion,1,91.43814751956967,-2.049934094902417,0.10973345824050078,1.177088942113681,0.12778546560697984,0.7246696310716434,1.2535208308066506,-0.0010868710906229533,1.2546077018972734,0.0
1710,34.2,idle,locomotion,1,91.48481291252864,-2.051006450598214,0.10973345824050078,1.17708891437447,0.12778532460988193,0.7246696407198445,1.253520842631792,-0.0010868695377188285,1.254607712169511,0.0
1711,34.22,idle,locomotion,1,91.53147830548761,-2.052078806294011,0.10973345824050078,1.1770888879029842,0.12778518204714231,0.7246696495432203,1.2535208536310471,-0.0010868680727289214,1.254607721703776,0.0
1712,34.24,idle,locomotion,1,91.57814369844658,-2.053151161989808,0.10973345824050078,1.1770888623962272,0.12778503763279073,0.724669657991511,1.253520864237117,-0.0010868664998155524,1.2546077307369325,0.0
1713,34.26,idle,locomotion,1,91.62480909140555,-2.054223517685605,0.10973345824050078,1.1770888378543132,0.12778489098813106,0.7246696661337944,1.2535208744919337,-0.0010868649824530216,1.2546077394743866,0.0
1714,34.28,idle,locomotion,1,91.67147448436452,-2.055295873381402,0.10973345824050078,1.1770888133965478,0.12778474314525742,0.724669675339856,1.253520885821317,-0.0010868634633149146,1.254607749284632,0.0
1715,34.3,idle,locomotion,1,91.7181398773235,-2.056368229077199,0.10973345824050078,1.1770887883969905,0.12778459560012617,0.7246696859755573,1.2535208987445754,-0.00108686201099761,1.254607760755573,0.0
1716,34.32,idle,locomotion,1,91.76480527028247,-2.057440584772996,0.10973345824050078,1.1770887625970645,0.12778444895552618,0.724669696653206,1.253520911855387,-0.0010868606846771087,1.254607772540064,0.0
1717,34.34,idle,locomotion,1,91.81147066324144,-2.058512940468793,0.10973345824050078,1.1770887366515834,0.12778430336779584,0.7246697060017967,1.2535209238050131,-0.0010868594974326531,1.2546077833024458,0.0
1718,34.36,idle,locomotion,1,91.85813605620041,-2.05958529616459,0.10973345824050078,1.1770887110335992,0.1277841579037356,0.7246697142720983,1.253520934662825,-0.001086858364366606,1.2546077930271917,0.0
1719,34.38,idle,locomotion,1,91.90480144915938,-2.060657651860387,0.10973345824050078,1.177088685794985,0.12778401166983344,0.724669722400478,1.253520945243512,-0.001086857266940397,1.2546078025104526,0.0
1720,34.4,idle,locomotion,1,91.95146684211835,-2.061730007556184,0.10973345824050078,1.1770886609482198,0.12778386443241818,0.7246697311547531,1.2535209563474776,-0.0010868561518067206,1.2546078124992843,0.0
1721,34.42,idle,locomotion,1,91.99813223507732,-2.062802363251981,0.10973345824050078,1.1770886364604334,0.12778371604359237,0.7246697399900056,1.2535209675217138,-0.0010868549693958986,1.2546078224911097,0.0
1722,34.44,idle,locomotion,1,92.04479762803629,-2.063874718947778,0.10973345824050078,1.1770886123695685,0.12778356645276162,0.724669749171953,1.2535209789834847,-0.0010868537627114448,1.254607832746196,0.0
1723,34.46,idle,locomotion,1,92.09146302099526,-2.064947074643575,0.10973345824050078,1.177088588746883,0.1277834156795446,0.7246697591839516,1.2535209912972283,-0.0010868524690991546,1.2546078437663275,0.0
1724,34.48,idle,locomotion,1,92.13812841395423,-2.066019430339372,0.10973345824050078,1.1770885660081156,0.1277832636255669,0.724669768782222,1.2535210033325166,-0.0010868512613208536,1.2546078545938375,0.0
1725,34.5,idle,locomotion,1,92.1847938069132,-2.067091786035169,0.10973345824050078,1.1770885435360585,0.12778311085189034,0.7246697782473606,1.253521015280347,-0.0010868500881277034,1.254607865368475,0.0
1726,34.52,idle,locomotion,1,92.23145919987218,-2.068164141730966,0.10973345824050078,1.1770885207748387,0.12778295798948391,0.7246697878388408,1.253521027417037,-0.0010868488878701503,1.254607876304907,0.0
1727,34.54,idle,locomotion,1,92.27812459283115,-2.069236497426763,0.10973345824050078,1.1770884979096023,0.12778280550172222,0.7246697979521421,1.2535210401549368,-0.00108684761041139,1.2546078877653482,0.0
1728,34.56,idle,locomotion,1,92.32478998579012,-2.07030885312256,0.10973345824050078,1.1770884742761938,0.12778265345591033,0.7246698078303451,1.2535210527508927,-0.0010868463516022914,1.254607899102495,0.0
1729,34.58,idle,locomotion,1,92.37145537874909,-2.071381208818357,0.10973345824050078,1.1770884496898681,0.12778250170091945,0.7246698178652797,1.2535210653931248,-0.0010868451744542387,1.2546079105675791,0.0
1730,34.6,idle,locomotion,1,92.41812077170806,-2.072453564514154,0.10973345824050078,1.1770884246263948,0.1277823503066555,0.7246698274634995,1.2535210776553714,-0.0010868438863606347,1.254607921541732,0.0
1731,34.62,idle,locomotion,1,92.46478616466703,-2.073525920209951,0.10973345824050078,1.177088399042339,0.12778219919418407,0.7246698368523163,1.2535210897203661,-0.001086842491212263,1.2546079322115784,0.0
1732,34.64,idle,locomotion,1,92.511451557626,-2.074598275905748,0.10973345824050078,1.1770883722135521,0.12778204827892603,0.7246698456146852,1.2535211011669634,-0.0010868411861398655,1.2546079423531031,0.0
1733,34.66,idle,locomotion,1,92.55811695058497,-2.075670631601545,0.10973345824050078,1.1770883441319842,0.1277818975993266,0.7246698540203895,1.253521112122077,-0.0010868400641520122,1.254607952186229,0.0
1734,34.68,idle,locomotion,1,92.60478234354395,-2.076742987297342,0.10973345824050078,1.17708831515429,0.12778174729213643,0.7246698628084002,1.253521123350675,-0.001086838873492365,1.2546079622241673,0.0
1735,34.7,idle,locomotion,1,92.65144773650292,-2.077815342993139,0.10973345824050078,1.1770882857947935,0.12778159760743155,0.7246698720122351,1.2535211350217281,-0.0010868375418352436,1.2546079725635633,0.0
1736,34.72,idle,locomotion,1,92.69811312946189,-2.078887698688936,0.10973345824050078,1.1770882569249983,0.12778144838759084,0.7246698823585233,1.2535211478954345,-0.0010868362789548877,1.2546079841743893,0.0
1737,34.74,idle,locomotion,1,92.74477852242086,-2.079960054384733,0.10973345824050078,1.1770882282003519,0.1277812995588634,0.7246698927810187,1.2535211609639214,-0.001086835023094715,1.2546079959870162,0.0
1738,34.76,idle,locomotion,1,92.79144391537983,-2.08103241008053,0.10973345824050078,1.1770881991881423,0.12778115090273973,0.7246699030888768,1.253521173799879,-0.0010868340143762416,1.2546080078142552,0.0
1739,34.78,idle,locomotion,1,92.8381093083388,-2.082104765776327,0.10973345824050078,1.1770881698923101,0.12778100241689822,0.7246699125286323,1.2535211857098232,-0.0010868330261167847,1.25460801873594,0.0
1740,34.8,idle,locomotion,1,92.88477470129777,-2.083177121472124,0.10973345824050078,1.1770881410920693,0.1277808540803035,0.7246699206825686,1.2535211962983466,-0.0010868320093361424,1.2546080283076828,0.0
1741,34.82,idle,locomotion,1,92.93144009425674,-2.084249477167921,0.10973345824050078,1.1770881134619005,0.12778070596020424,0.7246699277227008,1.2535212058742458,-0.0010868310452999616,1.2546080369195458,0.0
1742,34.84,idle,locomotion,1,92.97810548721571,-2.085321832863718,0.10973345824050078,1.177088086198547,0.1277805586386186,0.7246699339748334,1.2535212147548185,-0.0010868301238912727,1.2546080448787098,0.0
1743,34.86,idle,locomotion,1,93.02477088017469,-2.086394188559515,0.10973345824050078,1.1770880593656012,0.12778041199891046,0.7246699398713827,1.2535212232777913,-0.0010868291102241363,1.2546080523880154,0.0
1744,34.88,idle,locomotion,1,93.07143627313366,-2.087466544255312,0.10973345824050078,1.1770880329434137,0.12778026600376424,0.7246699463032322,1.2535212323059686,-0.0010868277690058506,1.2546080600749745,0.0
1745,34.9,idle,locomotion,1,93.11810166609263,-2.088538899951109,0.10973345824050078,1.177088006481494,0.1277801204869035,0.7246699538113758,1.2535212423263564,-0.0010868262331124035,1.254608068559469,0.0
1746,34.92,idle,locomotion,1,93.1647670590516,-2.089611255646906,0.10973345824050078,1.1770879796360747,0.12777997487619647,0.7246699613752069,1.253521252218669,-0.0010868248588789542,1.2546080770775478,0.0
1747,34.94,idle,locomotion,1,93.21143245201057,-2.090683611342703,0.10973345824050078,1.177087952914541,0.12777982988216086,0.7246699697101663,1.2535212627687904,-0.0010868236722809538,1.2546080864410714,0.0
1748,34.96,idle,locomotion,1,93.25809784496954,-2.0917559670385,0.10973345824050078,1.1770879262948657,0.12777968545509033,0.7246699791076776,1.2535212743122373,-0.0010868225664107112,1.254608096878648,0.0
1749,34.98,idle,locomotion,1,93.30476323792851,-2.092828322734297,0.10973345824050078,1.1770879003252008,0.12777954187094326,0.7246699887534127,1.253521286160794,-0.0010868214850513515,1.2546081076458455,0.0
1750,35.0,idle,locomotion,1,93.35142863088748,-2.093900678430094,0.10973345824050078,1.177087874671342,0.127779398938961,0.7246699971632823,1.2535212968130698,-0.0010868205710775486,1.2546081173841472,0.0
1751,35.02,idle,locomotion,1,93.39809402384645,-2.094973034125891,0.10973345824050078,1.177087849177778,0.1277792570858292,0.7246700051725002,1.2535213070957825,-0.001086819720791006,1.2546081268165734,0.0
1752,35.04,idle,locomotion,1,93.44475941680543,-2.096045389821688,0.10973345824050078,1.1770878239087725,0.12777911650512655,0.7246700135923054,1.2535213179599223,-0.0010868185833308765,1.254608136543253,0.0
1753,35.06,idle,locomotion,1,93.4914248097644,-2.097117745517485,0.10973345824050078,1.1770877986519617,0.12777897651172665,0.7246700219294807,1.2535213288213987,-0.0010868171068745824,1.2546081459282732,0.0
1754,35.08,idle,locomotion,1,93.53809020272337,-2.098190101213282,0.10973345824050078,1.177087773155742,0.12777883654812605,0.7246700302251521,1.253521339633421,-0.0010868155247301496,1.2546081551581512,0.0
1755,35.1,idle,locomotion,1,93.58475559568234,-2.099262456909079,0.10973345824050078,1.1770877469938172,0.1277786956694735,0.7246700371146972,1.253521348927955,-0.001086814381066517,1.2546081633090216,0.0
1756,35.12,idle,locomotion,1,93.63142098864131,-2.100334812604876,0.10973345824050078,1.1770877208338526,0.12777855435999988,0.7246700433082053,1.253521357443776,-0.0010868135363738783,1.25460817098015,0.0
1757,35.14,idle,locomotion,1,93.67808638160028,-2.101407168300673,0.10973345824050078,1.177087695016215,0.1277784131974157,0.7246700508561775,1.253521367354687,-0.0010868124222054368,1.2546081797768924,0.0
1758,35.16,idle,locomotion,1,93.72475177455925,-2.10247952399647,0.10973345824050078,1.1770876687865948,0.12777827181507492,0.7246700594372292,1.2535213782174501,-0.001086811341628545,1.2546081895590786,0.0
1759,35.18,idle,locomotion,1,93.77141716751822,-2.103551879692267,0.10973345824050078,1.1770876423896588,0.1277781299746568,0.7246700670032973,1.25352138799854,-0.0010868105174774226,1.2546081985160176,0.0
1760,35.2,idle,locomotion,1,93.8180825604772,-2.104624235388064,0.10973345824050078,1.1770876167874091,0.1277779879027072,0.7246700743409409,1.25352139752109,-0.0010868096882611991,1.2546082072093512,0.0
1761,35.22,idle,locomotion,1,93.86474795343617,-2.105696591083861,0.10973345824050078,1.1770875918686767,0.12777784580428786,0.7246700821817103,1.2535214076199215,-0.0010868085432837599,1.2546082161632053,0.0
1762,35.24,idle,locomotion,1,93.91141334639514,-2.106768946779658,0.10973345824050078,1.1770875667376406,0.1277777035133596,0.7246700901901316,1.2535214177725578,-0.0010868074839415244,1.2546082252564994,0.0
1763,35.26,idle,locomotion,1,93.95807873935411,-2.107841302475455,0.10973345824050078,1.1770875418352718,0.1277775613750273,0.7246700988492032,1.2535214285044063,-0.0010868063626220982,1.2546082348670284,0.0
1764,35.28,idle,locomotion,1,94.00474413231308,-2.108913658171252,0.10973345824050078,1.177087518064448,0.12777741900447087,0.7246701081062303,1.2535214398756183,-0.0010868049484558384,1.254608244824074,0.0
1765,35.3,idle,locomotion,1,94.05140952527205,-2.109986013867049,0.10973345824050078,1.17708749427221,0.1277772758488181,0.7246701176375432,1.2535214513574788,-0.0010868035729331912,1.254608254930412,0.0
1766,35.32,idle,locomotion,1,94.09807491823102,-2.111058369562846,0.10973345824050078,1.1770874709190569,0.1277771324152388,0.7246701271351673,1.2535214628434352,-0.001086802254379654,1.254608265097815,0.0
1767,35.34,idle,locomotion,1,94.14474031118999,-2.112130725258643,0.10973345824050078,1.1770874478297386,0.1277769885727653,0.7246701364280861,1.2535214741888427,-0.0010868011132142592,1.254608275302057,0.0
1768,35.36,idle,locomotion,1,94.19140570414896,-2.11320308095444,0.10973345824050078,1.1770874239650473,0.127776844447441,0.7246701458382903,1.2535214855309476,-0.0010868001631702782,1.2546082856941179,0.0
1769,35.38,idle,locomotion,1,94.23807109710793,-2.114275436650237,0.10973345824050078,1.1770874002687624,0.12777670091451138,0.7246701557593657,1.2535214974849744,-0.0010867991716184792,1.254608296656593,0.0
1770,35.4,idle,locomotion,1,94.2847364900669,-2.115347792346034,0.10973345824050078,1.1770873772171346,0.12777655796387036,0.7246701659530651,1.2535215099408625,-0.001086798053174673,1.254608307994037,0.0
1771,35.42,idle,locomotion,1,94.33140188302588,-2.116420148041831,0.10973345824050078,1.1770873537330462,0.12777641475284546,0.7246701757264281,1.2535215219044362,-0.0010867970678640343,1.2546083189723003,0.0
1772,35.44,idle,locomotion,1,94.37806727598485,-2.117492503737628,0.10973345824050078,1.1770873289058192,0.12777627152436136,0.7246701847869917,1.253521532967151,-0.0010867962693083683,1.2546083292364594,0.0
1773,35.46,idle,locomotion,1,94.42473266894382,-2.118564859433425,0.10973345824050078,1.1770873043375174,0.12777612885889406,0.7246701938613821,1.253521544077573,-0.0010867954227309524,1.254608339500304,0.0
1774,35.48,idle,locomotion,1,94.47139806190279,-2.119637215129222,0.10973345824050078,1.1770872799153156,0.12777598643069188,0.7246702020244532,1.2535215543737024,-0.0010867945484928782,1.2546083489221953,0.0
1775,35.5,idle,locomotion,1,94.51806345486176,-2.120709570825019,0.10973345824050078,1.1770872555446328,0.12777584375305862,0.7246702097140958,1.2535215640135273,-0.0010867938380699112,1.2546083578515972,0.0
1776,35.52,idle,locomotion,1,94.56472884782073,-2.121781926520816,0.10973345824050078,1.1770872312714986,0.12777570108505976,0.7246702173412563,1.2535215735081215,-0.0010867929365415523,1.254608366444663,0.0
1777,35.54,idle,locomotion,1,94.6113942407797,-2.122854282216613,0.10973345824050078,1.1770872082095576,0.1277755589084539,0.7246702251461439,1.2535215832862827,-0.0010867917986749215,1.2546083750849577,0.0
1778,35.56,idle,locomotion,1,94.65805963373867,-2.12392663791241,0.10973345824050078,1.1770871859433047,0.1277754176864824,0.7246702326135397,1.2535215929811991,-0.0010867903357074833,1.2546083833169066,0.0
1779,35.58,idle,locomotion,1,94.70472502669764,-2.124998993608207,0.10973345824050078,1.1770871640985965,0.12777527730356097,0.7246702395474055,1.253521602303282,-0.0010867888305964059,1.2546083911338783,0.0
1780,35.6,idle,locomotion,1,94.75139041965662,-2.126071349304004,0.10973345824050078,1.177087143061295,0.1277751368518749,0.7246702461875077,1.2535216114055545,-0.0010867872875607656,1.2546083986931154,0.0
1781,35.62,idle,locomotion,1,94.79805581261559,-2.127143704999801,0.10973345824050078,1.1770871209159217,0.12777499580161206,0.7246702530642638,1.2535216205280062,-0.001086786050776313,1.2546084065787826,0.0
1782,35.64,idle,locomotion,1,94.84472120557456,-2.128216060695598,0.10973345824050078,1.1770870978304695,0.12777485495634838,0.7246702609160092,1.2535216305354229,-0.0010867849462628393,1.2546084154816857,0.0
1783,35.66,idle,locomotion,1,94.89138659853353,-2.129288416391395,0.10973345824050078,1.1770870749507434,0.12777471480551494,0.7246702693008436,1.2535216412500731,-0.0010867835575803057,1.2546084248076534,0.0
1784,35.68,idle,locomotion,1,94.9380519914925,-2.130360772087192,0.10973345824050078,1.1770870521369237,0.1277745749860425,0.7246702782575839,1.2535216525764037,-0.0010867823039274332,1.254608434880331,0.0
1785,35.7,idle,locomotion,1,94.98471738445147,-2.131433127782989,0.10973345824050078,1.177087028813026,0.12777443506999278,0.7246702881785535,1.2535216647631373,-0.0010867810396022783,1.2546084458027396,0.0
1786,35.72,idle,locomotion,1,95.03138277741044,-2.132505483478786,0.10973345824050078,1.177087004904714,0.12777429495780904,0.7246702986471087,1.2535216774510558,-0.0010867799617646744,1.2546084574128205,0.0
1787,35.74,idle,locomotion,1,95.07804817036941,-2.133577839174583,0.10973345824050078,1.1770869800705726,0.1277741547191863,0.7246703088812223,1.253521689878651,-0.0010867791236860123,1.254608469002337,0.0
1788,35.76,idle,locomotion,1,95.12471356332838,-2.13465019487038,0.10973345824050078,1.1770869543077374,0.1277740149498095,0.7246703193095005,1.2535217025203722,-0.0010867782102629044,1.254608480730635,0.0
1789,35.78,idle,locomotion,1,95.17137895628736,-2.135722550566177,0.10973345824050078,1.1770869275441556,0.12777387510950627,0.7246703293918714,1.2535217147312852,-0.001086777406682126,1.2546084921379672,0.0
1790,35.8,idle,locomotion,1,95.21804434924633,-2.136794906261974,0.10973345824050078,1.1770869005238793,0.12777373537886327,0.7246703385254624,1.2535217259746825,-0.001086776723940218,1.2546085026986227,0.0
1791,35.82,idle,locomotion,1,95.2647097422053,-2.137867261957771,0.10973345824050078,1.1770868728086372,0.12777359650036324,0.7246703473336531,1.253521736944051,-0.001086776017249859,1.254608512961301,0.0
1792,35.84,idle,locomotion,1,95.31137513516427,-2.138939617653568,0.10973345824050078,1.1770868440681663,0.1277734585441393,0.7246703556395017,1.2535217474462397,-0.0010867750300776469,1.2546085224763173,0.0
1793,35.86,idle,locomotion,1,95.35804052812324,-2.140011973349365,0.10973345824050078,1.177086816125694,0.12777332043569767,0.7246703632888399,1.2535217572700699,-0.0010867738715632305,1.254608531141633,0.0
1794,35.88,idle,locomotion,1,95.40470592108221,-2.141084329045162,0.10973345824050078,1.1770867899510107,0.12777318174600683,0.7246703702550236,1.2535217665053702,-0.0010867725734032135,1.2546085390787733,0.0
1795,35.9,idle,locomotion,1,95.45137131404118,-2.142156684740959,0.10973345824050078,1.17708676472051,0.12777304265160364,0.7246703769069961,1.2535217754824632,-0.001086771333685753,1.254608546816149,0.0
1796,35.92,idle,locomotion,1,95.49803670700015,-2.143229040436756,0.10973345824050078,1.1770867392387423,0.12777290284573778,0.7246703835595676,1.2535217843022066,-0.0010867704303120888,1.2546085547325188,0.0
1797,35.94,idle,locomotion,1,95.54470209995912,-2.144301396132553,0.10973345824050078,1.1770867138378003,0.12777276321310282,0.7246703911135631,1.2535217939940795,-0.0010867696297846459,1.2546085636238642,0.0
1798,35.96,idle,locomotion,1,95.5913674929181,-2.14537375182835,0.10973345824050078,1.1770866883021114,0.12777262482151022,0.7246703997407868,1.253521804906443,-0.0010867686362027,1.2546085735426455,0.0
1799,35.98,idle,locomotion,1,95.63803288587707,-2.146446107524147,0.10973345824050078,1.1770866624763732,0.12777248754135803,0.7246704079536379,1.2535218154967263,-0.0010867675210672577,1.2546085830177935,0.0
1800,36.0,idle,locomotion,1,95.68469827883604,-2.147518463219944,0.10973345824050078,1.1770866366488992,0.12777235121717534,0.7246704156832465,1.2535218256498164,-0.00108676638435138,1.2546085920341679,0.0
1801,36.02,idle,locomotion,1,95.73136367179501,-2.148590818915741,0.10973345824050078,1.177086610555973,0.12777221599102742,0.7246704240858459,1.2535218364850036,-0.0010867651131671076,1.2546086015981708,0.0
1802,36.04,idle,locomotion,1,95.77802906475398,-2.149663174611538,0.10973345824050078,1.1770865841523193,0.12777208184296623,0.7246704328709531,1.2535218477258985,-0.0010867637611148874,1.2546086114870134,0.0
1803,36.06,idle,locomotion,1,95.82469445771295,-2.150735530307335,0.10973345824050078,1.177086557792168,0.1277719482290784,0.7246704400911929,1.2535218574355569,-0.001086762511777268,1.254608619947334,0.0
1804,36.08,idle,locomotion,1,95.87135985067192,-2.151807886003132,0.10973345824050078,1.1770865305840708,0.12777181570805665,0.7246704462238294,1.253521866010429,-0.0010867613099806127,1.2546086273204096,0.0
1805,36.1,idle,locomotion,1,95.9180252436309,-2.152880241698929,0.10973345824050078,1.1770865017434358,0.12777168457533175,0.7246704534311289,1.253521875475957,-0.0010867601279621816,1.2546086356039192,0.0
1806,36.12,idle,locomotion,1,95.96469063658986,-2.153952597394726,0.10973345824050078,1.1770864717227636,0.12777155432438386,0.7246704618915379,1.2535218859789667,-0.0010867588167555661,1.2546086447957223,0.0
1807,36.14,idle,locomotion,1,96.01135602954884,-2.155024953090523,0.10973345824050078,1.177086442429497,0.12777142416454856,0.7246704709300369,1.253521896933031,-0.0010867575412809513,1.254608654474312,0.0
1808,36.16,idle,locomotion,1,96.0580214225078,-2.15609730878632,0.10973345824050078,1.1770864134368786,0.1277712944448965,0.7246704796029051,1.2535219076155073,-0.0010867561408625,1.2546086637563698,0.0
1809,36.18,idle,locomotion,1,96.10468681546678,-2.157169664482117,0.10973345824050078,1.1770863835745822,0.12777116548918674,0.7246704879575538,1.253521917962205,-0.0010867549150227473,1.2546086728772279,0.0
1810,36.2,idle,locomotion,1,96.15135220842575,-2.158242020177914,0.10973345824050078,1.1770863531223865,0.12777103695931435,0.7246704962828172,1.2535219282036063,-0.001086753755223345,1.2546086819588296,0.0
1811,36.22,idle,locomotion,1,96.19801760138472,-2.159314375873711,0.10973345824050078,1.1770863227621278,0.12777090781569334,0.7246705046120554,1.2535219381704539,-0.0010867531478921735,1.254608691318346,0.0
1812,36.24,idle,locomotion,1,96.24468299434369,-2.160386731569508,0.10973345824050078,1.1770862937920565,0.12777077877496476,0.7246705134451781,1.2535219485774474,-0.0010867527093566774,1.2546087012868041,0.0
1813,36.26,idle,locomotion,1,96.29134838730266,-2.161459087265305,0.10973345824050078,1.1770862655250862,0.1277706512390278,0.7246705225080802,1.2535219594230504,-0.0010867519488751108,1.2546087113719255,0.0
1814,36.28,idle,locomotion,1,96.33801378026163,-2.162531442961102,0.10973345824050078,1.1770862378878355,0.12777052462865623,0.724670531406592,1.2535219701133724,-0.0010867510606682729,1.2546087211740407,0.0
1815,36.3,idle,locomotion,1,96.3846791732206,-2.163603798656899,0.10973345824050078,1.1770862114850726,0.1277703985138513,0.7246705400329388,1.25352198052914,-0.0010867500831911701,1.2546087306123312,0.0
1816,36.32,idle,locomotion,1,96.43134456617958,-2.164676154352696,0.10973345824050078,1.1770861860715471,0.127770272978522,0.7246705493835718,1.2535219916852571,-0.0010867489630132059,1.2546087406482704,0.0
1817,36.34,idle,locomotion,1,96.47800995913855,-2.165748510048493,0.10973345824050078,1.1770861607808185,0.12777014758147767,0.7246705593515675,1.253522003459352,-0.0010867476335523207,1.2546087510929043,0.0
1818,36.36,idle,locomotion,1,96.52467535209752,-2.16682086574429,0.10973345824050078,1.1770861355107736,0.12777002214524322,0.7246705689130569,1.2535220148478456,-0.0010867465084732665,1.2546087613563188,0.0
1819,36.38,idle,locomotion,1,96.57134074505649,-2.167893221440087,0.10973345824050078,1.1770861096849332,0.12776989681500414,0.7246705779313294,1.2535220256737647,-0.0010867454417247194,1.2546087711154894,0.0
1820,36.4,idle,locomotion,1,96.61800613801546,-2.168965577135884,0.10973345824050078,1.177086083959594,0.1277697713669751,0.7246705872848084,1.2535220367685131,-0.0010867441452930456,1.2546087809138062,0.0
1821,36.42,idle,locomotion,1,96.66467153097443,-2.170037932831681,0.10973345824050078,1.1770860587687726,0.1277696456518331,0.7246705969270416,1.2535220481282618,-0.0010867427110461299,1.254608790839308,0.0
1822,36.44,idle,locomotion,1,96.7113369239334,-2.171110288527478,0.10973345824050078,1.1770860335616473,0.12776952021024032,0.7246706061035746,1.2535220590479557,-0.001086741471779968,1.2546088005197356,0.0
1823,36.46,idle,locomotion,1,96.75800231689237,-2.172182644223275,0.10973345824050078,1.1770860078770928,0.12776939525349415,0.7246706146136881,1.253522069277307,-0.0010867404164284639,1.2546088096937356,0.0
1824,36.48,idle,locomotion,1,96.80466770985134,-2.173254999919072,0.10973345824050078,1.177085981762502,0.12776927081429706,0.7246706227950447,1.25352207909863,-0.0010867393679366774,1.2546088184665665,0.0
1825,36.5,idle,locomotion,1,96.85133310281032,-2.174327355614869,0.10973345824050078,1.177085955261782,0.12776914783045923,0.7246706318891323,1.2535220898600146,-0.001086737980321606,1.2546088278403362,0.0
1826,36.52,idle,locomotion,1,96.89799849576929,-2.175399711310666,0.10973345824050078,1.177085927905374,0.12776902699255896,0.7246706414997469,1.2535221012435798,-0.0010867365234855236,1.2546088377670652,0.0
1827,36.54,idle,locomotion,1,96.94466388872826,-2.176472067006463,0.10973345824050078,1.1770859001822365,0.1277689080502864,0.7246706510065315,1.2535221125093876,-0.0010867351469083138,1.254608847656296,0.0
1828,36.56,idle,locomotion,1,96.99132928168723,-2.17754442270226,0.10973345824050078,1.1770858723174744,0.12776879049495868,0.7246706603052825,1.2535221235766736,-0.0010867336976078806,1.2546088572742815,0.0
1829,36.58,idle,locomotion,1,97.0379946746462,-2.178616778398057,0.10973345824050078,1.1770858439626455,0.12776867373766632,0.7246706690939345,1.25352213405553,-0.0010867324200621309,1.254608866475592,0.0
1830,36.6,idle,locomotion,1,97.08466006760517,-2.179689134093854,0.10973345824050078,1.177085815309756,0.12776855751688138,0.7246706774892006,1.253522144035933,-0.001086731317788272,1.2546088753537212,0.0
1831,36.62,idle,locomotion,1,97.13132546056414,-2.180761489789651,0.10973345824050078,1.177085786598024,0.1277684417149974,0.7246706861822274,1.2535221542461565,-0.0010867303128806634,1.2546088845590373,0.0
1832,36.64,idle,locomotion,1,97.17799085352311,-2.181833845485448,0.10973345824050078,1.1770857581900145,0.12776832625300874,0.7246706955038518,1.2535221650880721,-0.0010867293739471283,1.2546088944620193,0.0
1833,36.66,idle,locomotion,1,97.22465624648208,-2.182906201181245,0.10973345824050078,1.1770857303974964,0.12776821100192307,0.7246707035691932,1.2535221748278744,-0.0010867284500827926,1.2546089032779573,0.0
1834,36.68,idle,locomotion,1,97.27132163944106,-2.183978556877042,0.10973345824050078,1.1770857030331252,0.1277680963257548,0.7246707108682973,1.2535221838996462,-0.0010867274832022412,1.2546089113828485,0.0
1835,36.7,idle,locomotion,1,97.31798703240003,-2.185050912572839,0.10973345824050078,1.1770856754806838,0.12776798289198854,0.7246707180162266,1.253522193006729,-0.0010867263125116794,1.2546089193192407,0.0
1836,36.72,idle,locomotion,1,97.364652425359,-2.186123268268636,0.10973345824050078,1.1770856478732117,0.12776787020904773,0.7246707250321165,1.253522201968818,-0.00108672524323334,1.2546089272120513,0.0
1837,36.74,idle,locomotion,1,97.41131781831797,-2.187195623964433,0.10973345824050078,1.1770856207453462,0.12776775758083403,0.7246707315892711,1.2535222104309012,-0.0010867241600056171,1.2546089345909068,0.0
1838,36.76,idle,locomotion,1,97.45798321127694,-2.18826797966023,0.10973345824050078,1.177085594278177,0.1277676451458595,0.7246707383544195,1.2535222190829443,-0.0010867229294898237,1.254608942012434,0.0
1839,36.78,idle,locomotion,1,97.50464860423591,-2.189340335356027,0.10973345824050078,1.1770855676070193,0.1277675333723217,0.7246707470920376,1.253522229644558,-0.0010867214933355032,1.2546089511378935,0.0
1840,36.8,idle,locomotion,1,97.55131399719488,-2.190412691051824,0.10973345824050078,1.1770855403463985,0.12776742235856836,0.724670756438792,1.2535222408569708,-0.0010867201330096374,1.2546089609899804,0.0
1841,36.82,idle,locomotion,1,97.59797939015385,-2.191485046747621,0.10973345824050078,1.177085513008574,0.1277673118998155,0.7246707660035362,1.2535222522489509,-0.001086718935838657,1.2546089711847894,0.0
1842,36.84,idle,locomotion,1,97.64464478311282,-2.192557402443418,0.10973345824050078,1.1770854855395696,0.12776720166586095,0.7246707759117447,1.2535222639281796,-0.0010867176851507912,1.2546089816133303,0.0
1843,36.86,idle,locomotion,1,97.6913101760718,-2.193629758139215,0.10973345824050078,1.1770854578668588,0.1277670915190804,0.724670785117486,1.2535222749218442,-0.0010867164005202747,1.2546089913223646,0.0
1844,36.88,idle,locomotion,1,97.73797556903077,-2.194702113835012,0.10973345824050078,1.1770854302829092,0.12776698094628022,0.7246707934257006,1.253522285014337,-0.0010867153648943806,1.2546090003792314,0.0
1845,36.9,idle,locomotion,1,97.78464096198974,-2.195774469530809,0.10973345824050078,1.1770854031067741,0.12776686982777258,0.7246708015189056,1.253522294883573,-0.0010867145411946263,1.2546090094247675,0.0
1846,36.92,idle,locomotion,1,97.83130635494871,-2.196846825226606,0.10973345824050078,1.1770853763022813,0.127766758320255,0.7246708093905736,1.2535223045753612,-0.0010867136061411611,1.2546090181815024,0.0
1847,36.94,idle,locomotion,1,97.87797174790768,-2.197919180922403,0.10973345824050078,1.1770853500579561,0.12776664648783567,0.7246708168196089,1.2535223139362588,-0.0010867125561909302,1.2546090264924497,0.0
1848,36.96,idle,locomotion,1,97.92463714086665,-2.1989915366182,0.10973345824050078,1.1770853242088706,0.12776653419704323,0.7246708237989119,1.2535223229117824,-0.001086711477779865,1.2546090343895624,0.0
1849,36.98,idle,locomotion,1,97.97130253382562,-2.200063892313997,0.10973345824050078,1.1770852981458988,0.12776642151077425,0.724670831335547,1.2535223323571234,-0.0010867104100733063,1.2546090427671968,0.0
1850,37.0,idle,locomotion,1,98.01796792678459,-2.201136248009794,0.10973345824050078,1.1770852718382994,0.1277663081931664,0.724670839258123,1.2535223421166037,-0.0010867093967451072,1.2546090515133488,0.0
1851,37.02,idle,locomotion,1,98.06463331974356,-2.202208603705591,0.10973345824050078,1.1770852458357646,0.12776619429836247,0.7246708471572331,1.253522351843656,-0.0010867084071848956,1.2546090602508408,0.0
1852,37.04,idle,locomotion,1,98.11129871270253,-2.203280959401388,0.10973345824050078,1.1770852205406863,0.12776608025574004,0.7246708553494063,1.253522361946017,-0.0010867073315464632,1.2546090692775633,0.0
1853,37.06,idle,locomotion,1,98.1579641056615,-2.204353315097185,0.10973345824050078,1.1770851958157749,0.12776596615965702,0.7246708635141749,1.2535223720709099,-0.0010867062338695277,1.2546090783047794,0.0
1854,37.08,idle,locomotion,1,98.20462949862048,-2.205425670792982,0.10973345824050078,1.1770851714694404,0.1277658520490285,0.7246708716928408,1.2535223821600976,-0.0010867050713688244,1.2546090872314664,0.0
1855,37.1,idle,locomotion,1,98.25129489157945,-2.206498026488779,0.10973345824050078,1.1770851470860768,0.1277657378344214,0.7246708802811715,1.2535223925256103,-0.0010867038607456185,1.2546090963863559,0.0
1856,37.12,idle,locomotion,1,98.29796028453842,-2.207570382184576,0.10973345824050078,1.1770851227857184,0.12776562328684926,0.7246708885845267,1.2535224025080798,-0.0010867027750937307,1.2546091052831736,0.0
1857,37.14,idle,locomotion,1,98.34462567749739,-2.208642737880373,0.10973345824050078,1.1770850987233206,0.1277655088044951,0.7246708962640211,1.253522411927303,-0.0010867017493737495,1.2546091136766766,0.0
1858,37.16,idle,locomotion,1,98.39129107045636,-2.20971509357617,0.10973345824050078,1.1770850747467545,0.12776539442000795,0.7246709040514563,1.2535224214536034,-0.0010867007129898472,1.2546091221665931,0.0
1859,37.18,idle,locomotion,1,98.43795646341533,-2.210787449271967,0.10973345824050078,1.177085051501022,0.12776527986531322,0.724670911815797,1.2535224309936288,-0.0010866996176328823,1.2546091306112617,0.0
1860,37.2,idle,locomotion,1,98.4846218563743,-2.211859804967764,0.10973345824050078,1.1770850297014095,0.12776516473881105,0.7246709193284385,1.2535224403688594,-0.0010866984211706544,1.25460913879003,0.0
1861,37.22,idle,locomotion,1,98.53128724933327,-2.212932160663561,0.10973345824050078,1.177085008371625,0.12776504885605494,0.7246709262230756,1.2535224491809869,-0.0010866972028351352,1.254609146383822,0.0
1862,37.24,idle,locomotion,1,98.57795264229225,-2.214004516359358,0.10973345824050078,1.1770849874271676,0.12776493214710402,0.7246709324346706,1.2535224573224646,-0.0010866960466010822,1.2546091533690658,0.0
1863,37.26,idle,locomotion,1,98.62461803525122,-2.215076872055155,0.10973345824050078,1.1770849667954308,0.1277648146060567,0.7246709389024167,1.2535224656759951,-0.0010866950133154758,1.2546091606893106,0.0
1864,37.28,idle,locomotion,1,98.67128342821019,-2.216149227750952,0.10973345824050078,1.1770849463430904,0.12776469628813858,0.7246709467362425,1.2535224752770529,-0.001086693984938738,1.2546091692619916,0.0
1865,37.3,idle,locomotion,1,98.71794882116916,-2.217221583446749,0.10973345824050078,1.177084925912534,0.12776457788529574,0.7246709555659715,1.2535224858998462,-0.0010866929741756466,1.254609178874022,0.0
1866,37.32,idle,locomotion,1,98.76461421412813,-2.218293939142546,0.10973345824050078,1.177084905812499,0.12776445980267329,0.7246709646252641,1.2535224968340888,-0.0010866919356028633,1.2546091887696917,0.0
1867,37.34,idle,locomotion,1,98.8112796070871,-2.219366294838343,0.10973345824050078,1.1770848861790524,0.12776434148812682,0.7246709727118531,1.253522506851014,-0.0010866908674133646,1.2546091977184275,0.0
1868,37.36,idle,locomotion,1,98.85794500004607,-2.22043865053414,0.10973345824050078,1.1770848659062616,0.12776422305211085,0.7246709795580467,1.2535225156002285,-0.0010866897629457015,1.2546092053631743,0.0
1869,37.38,idle,locomotion,1,98.90461039300504,-2.221511006229937,0.10973345824050078,1.1770848454479719,0.12776410465131585,0.7246709862609713,1.2535225241936785,-0.001086688870553798,1.2546092130642323,0.0
1870,37.4,idle,locomotion,1,98.95127578596401,-2.222583361925734,0.10973345824050078,1.1770848257923707,0.12776398615532952,0.7246709928976065,1.2535225328323967,-0.0010866879210685403,1.2546092207534651,0.0
1871,37.42,idle,locomotion,1,98.99794117892299,-2.223655717621531,0.10973345824050078,1.1770848062151122,0.1277638677061781,0.7246709992238339,1.2535225412428739,-0.0010866868373521528,1.2546092280802261,0.0
1872,37.44,idle,locomotion,1,99.04460657188196,-2.224728073317328,0.10973345824050078,1.1770847868398773,0.12776374893206285,0.7246710056016208,1.253522549668473,-0.0010866857538840147,1.254609235422357,0.0
1873,37.46,idle,locomotion,1,99.09127196484093,-2.225800429013125,0.10973345824050078,1.1770847680969816,0.12776362963168583,0.7246710120237276,1.2535225581722738,-0.001086684614372984,1.2546092427866467,0.0
1874,37.48,idle,locomotion,1,99.1379373577999,-2.226872784708922,0.10973345824050078,1.1770847488540574,0.12776351004037792,0.7246710185778141,1.2535225668128638,-0.001086683560386395,1.2546092503732502,0.0
1875,37.5,idle,locomotion,1,99.18460275075887,-2.227945140404719,0.10973345824050078,1.1770847293508946,0.12776339010573964,0.7246710258837225,1.253522576131756,-0.0010866825689869082,1.254609258700743,0.0
1876,37.52,idle,locomotion,1,99.23126814371784,-2.229017496100516,0.10973345824050078,1.1770847097272912,0.12776326999876847,0.7246710327761415,1.2535225851533902,-0.0010866814502118426,1.254609266603602,0.0
1877,37.54,idle,locomotion,1,99.27793353667681,-2.230089851796313,0.10973345824050078,1.1770846902331873,0.1277631496329866,0.7246710396307887,1.2535225941423305,-0.0010866803690315029,1.254609274511362,0.0
1878,37.56,idle,locomotion,1,99.32459892963578,-2.23116220749211,0.10973345824050078,1.1770846705421663,0.12776302894072092,0.7246710468247236,1.2535226034530131,-0.001086679266459327,1.2546092827194724,0.0
1879,37.58,idle,locomotion,1,99.37126432259475,-2.232234563187907,0.10973345824050078,1.1770846500017127,0.12776290835632934,0.7246710540074407,1.2535226127001686,-0.0010866782698068823,1.2546092909699755,0.0
1880,37.6,idle,locomotion,1,99.41792971555373,-2.233306918883704,0.10973345824050078,1.1770846287728476,0.1277627880202379,0.7246710610150582,1.2535226217442275,-0.0010866773135147188,1.2546092990577422,0.0
1881,37.62,idle,locomotion,1,99.4645951085127,-2.234379274579501,0.10973345824050078,1.177084607200493,0.12776266815619822,0.7246710681736297,1.25352263092756,-0.0010866764917658138,1.2546093074193259,0.0
1882,37.64,idle,locomotion,1,99.51126050147167,-2.235451630275298,0.10973345824050078,1.177084585561882,0.12776254883047353,0.7246710752050016,1.2535226400201018,-0.0010866758312124275,1.2546093158513143,0.0
1883,37.66,idle,locomotion,1,99.55792589443064,-2.236523985971095,0.10973345824050078,1.177084563776194,0.12776243000668755,0.7246710818271574,1.2535226487365516,-0.0010866751295923079,1.254609323866144,0.0
1884,37.68,idle,locomotion,1,99.60459128738961,-2.237596341666892,0.10973345824050078,1.1770845416024973,0.12776231189531678,0.7246710879393838,1.25352265700097,-0.0010866743458861107,1.2546093313468563,0.0
1885,37.7,idle,locomotion,1,99.65125668034858,-2.238668697362689,0.10973345824050078,1.1770845190539285,0.12776219484743515,0.7246710940414403,1.2535226653117264,-0.0010866735624149408,1.2546093388741413,0.0
1886,37.72,idle,locomotion,1,99.69792207330755,-2.239741053058486,0.10973345824050078,1.1770844960308824,0.12776207830137165,0.7246711004164732,1.253522673819477,-0.0010866727119994701,1.2546093465314763,0.0
1887,37.74,idle,locomotion,1,99.74458746626652,-2.240813408754283,0.10973345824050078,1.17708447278254,0.12776196161611214,0.7246711062811096,1.2535226816965985,-0.0010866718576066255,1.254609353554205,0.0
1888,37.76,idle,locomotion,1,99.7912528592255,-2.24188576445008,0.10973345824050078,1.177084449699199,0.12776184460702775,0.724671111061906,1.2535226884027393,-0.0010866710331652873,1.2546093594359045,0.0
1889,37.78,idle,locomotion,1,99.83791825218447,-2.242958120145877,0.10973345824050078,1.1770844266498437,0.12776172771483021,0.7246711167073353,1.2535226958443384,-0.0010866702272790858,1.2546093660716175,0.0
1890,37.8,idle,locomotion,1,99.88458364514344,-2.244030475841674,0.10973345824050078,1.1770844032263175,0.127761611462841,0.7246711240057959,1.253522704904317,-0.0010866693471187072,1.2546093742514357,0.0
1891,37.82,idle,locomotion,1,99.93124903810241,-2.245102831537471,0.10973345824050078,1.1770843798557293,0.12776149606077278,0.7246711323565987,1.2535227150231738,-0.0010866685451440226,1.2546093835683179,0.0
1892,37.84,idle,locomotion,1,99.97791443106138,-2.246175187233268,0.10973345824050078,1.177084356782824,0.12776138148246696,0.7246711407283986,1.253522725204965,-0.0010866676811314945,1.2546093928860964,0.0
1893,37.86,idle,locomotion,1,100.02457982402035,-2.247247542929065,0.10973345824050078,1.1770843336579009,0.12776126791588016,0.7246711478767502,1.253522734233605,-0.0010866668637428759,1.2546094010973479,0.0
1894,37.88,idle,locomotion,1,100.07124521697932,-2.248319898624862,0.10973345824050078,1.17708431027909,0.12776115548598146,0.7246711541019479,1.2535227423230688,-0.0010866660525198045,1.2546094083755885,0.0
1895,37.9,idle,locomotion,1,100.11791060993829,-2.249392254320659,0.10973345824050078,1.1770842868626206,0.12776104401709437,0.7246711610930662,1.2535227510548081,-0.0010866651363141827,1.2546094161911223,0.0
1896,37.92,idle,locomotion,1,100.16457600289726,-2.250464610016456,0.10973345824050078,1.1770842625397573,0.12776093386127035,0.7246711688412169,1.2535227604862784,-0.0010866639564737282,1.2546094244427521,0.0
1897,37.94,idle,locomotion,1,100.21124139585623,-2.251536965712253,0.10973345824050078,1.1770842371717152,0.12776082550288131,0.7246711766053825,1.253522769878502,-0.0010866630097295972,1.2546094328882318,0.0
1898,37.96,idle,locomotion,1,100.2579067888152,-2.25260932140805,0.10973345824050078,1.1770842114006543,0.12776071858910135,0.7246711844056725,1.2535227791832595,-0.0010866620258816913,1.254609441209141,0.0
1899,37.98,idle,locomotion,1,100.30457218177418,-2.253681677103847,0.10973345824050078,1.1770841860915142,0.12776061235219263,0.7246711922715002,1.253522788469563,-0.0010866610543834795,1.2546094495239464,0.0
1900,38.0,idle,locomotion,1,100.35123757473315,-2.254754032799644,0.10973345824050078,1.1770841611076193,0.12776050647312312,0.7246711998799974,1.2535227974706902,-0.0010866601194272733,1.2546094575901174,0.0
1901,38.02,idle,locomotion,1,100.39790296769212,-2.255826388495441,0.10973345824050078,1.1770841362296007,0.1277604010931015,0.7246712065064468,1.2535228055346783,-0.0010866591967836452,1.254609464731462,0.0
1902,38.04,idle,locomotion,1,100.44456836065109,-2.256898744191238,0.10973345824050078,1.177084111687106,0.12776029619070733,0.72467121234128,1.2535228128517155,-0.0010866583295711524,1.2546094711812867,0.0
1903,38.06,idle,locomotion,1,100.49123375361006,-2.257971099887035,0.10973345824050078,1.1770840871024475,0.1277601922500026,0.7246712180902215,1.253522820184856,-0.0010866573901961718,1.2546094775750523,0.0
1904,38.08,idle,locomotion,1,100.53789914656903,-2.259043455582832,0.10973345824050078,1.1770840626020367,0.1277600899880526,0.7246712239513651,1.2535228278124269,-0.001086656324311451,1.2546094841367383,0.0
1905,38.1,idle,locomotion,1,100.584564539528,-2.260115811278629,0.10973345824050078,1.1770840381739613,0.12775998922447016,0.7246712294927168,1.2535228351765328,-0.0010866552634831751,1.254609490440016,0.0
1906,38.12,idle,locomotion,1,100.63122993248697,-2.261188166974426,0.10973345824050078,1.1770840142065662,0.12775988927855259,0.7246712350408074,1.253522842454916,-0.0010866542677275513,1.2546094967226435,0.0
1907,38.14,idle,locomotion,1,100.67789532544595,-2.262260522670223,0.10973345824050078,1.1770839904169832,0.12775978966346668,0.7246712405435918,1.253522849585638,-0.001086653326015808,1.254609502911654,0.0
1908,38.16,idle,locomotion,1,100.72456071840492,-2.26333287836602,0.10973345824050078,1.1770839663440096,0.12775968995102638,0.7246712463252377,1.2535228567799415,-0.0010866524282268537,1.2546095092081684,0.0
1909,38.18,idle,locomotion,1,100.77122611136389,-2.264405234061817,0.10973345824050078,1.1770839427009905,0.12775958966522266,0.7246712530927055,1.2535228648121275,-0.0010866514763650005,1.2546095162884925,0.0
1910,38.2,idle,locomotion,1,100.81789150432286,-2.265477589757614,0.10973345824050078,1.1770839198592147,0.1277594885570682,0.7246712613893665,1.2535228743172926,-0.0010866504068268272,1.2546095247241194,0.0
1911,38.22,idle,locomotion,1,100.86455689728183,-2.266549945453411,0.10973345824050078,1.177083897948227,0.12775938656269065,0.7246712696534893,1.2535228838950891,-0.0010866493542919867,1.2546095332493812,0.0
1912,38.24,idle,locomotion,1,100.9112222902408,-2.267622301149208,0.10973345824050078,1.1770838759890792,0.12775928440660375,0.7246712778389346,1.253522893447925,-0.001086648310941466,1.2546095417588665,0.0
1913,38.26,idle,locomotion,1,100.95788768319977,-2.268694656845005,0.10973345824050078,1.1770838541326463,0.1277591828124992,0.7246712868315809,1.253522903886259,-0.0010866474900803128,1.2546095513763393,0.0
1914,38.28,idle,locomotion,1,101.00455307615874,-2.269767012540802,0.10973345824050078,1.1770838326502824,0.1277590816107074,0.7246712953404232,1.253522913958865,-0.001086646551410074,1.2546095605102752,0.0
1915,38.3,idle,locomotion,1,101.05121846911771,-2.270839368236599,0.10973345824050078,1.1770838113852227,0.12775898032977992,0.7246713027747326,1.253522922957186,-0.0010866455980799543,1.254609568555266,0.0
1916,38.32,idle,locomotion,1,101.09788386207669,-2.271911723932396,0.10973345824050078,1.1770837896270832,0.1277588794734169,0.7246713106322786,1.2535229323448425,-0.001086644556055675,1.2546095769008982,0.0
1917,38.34,idle,locomotion,1,101.14454925503566,-2.272984079628193,0.10973345824050078,1.177083767586894,0.12775877958385234,0.7246713201545285,1.2535229433903974,-0.0010866435494372474,1.2546095869398346,0.0
1918,38.36,idle,locomotion,1,101.19121464799463,-2.27405643532399,0.10973345824050078,1.177083745402247,0.12775868006597393,0.7246713296397931,1.2535229544154445,-0.0010866424245869685,1.2546095968400315,0.0
1919,38.38,idle,locomotion,1,101.2378800409536,-2.275128791019787,0.10973345824050078,1.1770837229984874,0.12775858045541813,0.7246713383899746,1.2535229645964698,-0.001086641346977675,1.2546096059434475,0.0
1920,38.4,idle,locomotion,1,101.28454543391257,-2.276201146715584,0.10973345824050078,1.1770837006509098,0.12775848062458398,0.724671346375499,1.2535229739828488,-0.001086640309221388,1.2546096142920702,0.0
1921,38.42,idle,locomotion,1,101.33121082687154,-2.277273502411381,0.10973345824050078,1.1770836787077839,0.12775838062825412,0.7246713539652189,1.2535229829790593,-0.001086639480010372,1.2546096224590697,0.0
1922,38.44,idle,locomotion,1,101.37787621983051,-2.278345858107178,0.10973345824050078,1.1770836569192873,0.12775828060236233,0.7246713617773933,1.2535229921914162,-0.0010866386880816516,1.2546096308794978,0.0
1923,38.46,idle,locomotion,1,101.42454161278948,-2.279418213802975,0.10973345824050078,1.1770836343437956,0.127758180928114,0.7246713708036764,1.2535230024969333,-0.0010866376748274557,1.2546096401717608,0.0
1924,38.48,idle,locomotion,1,101.47120700574845,-2.280490569498772,0.10973345824050078,1.1770836116898247,0.12775808166241068,0.7246713795923111,1.2535230126223071,-0.0010866367544435825,1.2546096493767507,0.0
1925,38.5,idle,locomotion,1,101.51787239870742,-2.281562925194569,0.10973345824050078,1.177083589228549,0.1277579830666384,0.7246713880751422,1.253523022472476,-0.001086635837669523,1.2546096583101456,0.0
1926,38.52,idle,locomotion,1,101.5645377916664,-2.282635280890366,0.10973345824050078,1.1770835660646017,0.12775788587234677,0.7246713966532916,1.253523032476565,-0.0010866348116984753,1.2546096672882634,0.0
1927,38.54,idle,locomotion,1,101.61120318462537,-2.283707636586163,0.10973345824050078,1.1770835429609228,0.1277577898064979,0.7246714040951387,1.2535230414115899,-0.0010866338140261243,1.254609675225616,0.0
1928,38.56,idle,locomotion,1,101.65786857758434,-2.28477999228196,0.10973345824050078,1.1770835197473752,0.12775769479784763,0.7246714112475069,1.253523049993593,-0.0010866325965560447,1.254609682590149,0.0
1929,38.58,idle,locomotion,1,101.70453397054331,-2.285852347977757,0.10973345824050078,1.1770834969498523,0.12775760047236184,0.7246714178231062,1.2535230580126266,-0.001086631523755089,1.2546096895363816,0.0
1930,38.6,idle,locomotion,1,101.75119936350228,-2.286924703673554,0.10973345824050078,1.1770834752746344,0.127757505928799,0.7246714241834267,1.2535230657571617,-0.0010866306371558714,1.2546096963943176,0.0
1931,38.62,idle,locomotion,1,101.79786475646125,-2.287997059369351,0.10973345824050078,1.177083454106473,0.1277574106193822,0.7246714311070666,1.2535230739663694,-0.0010866297192761581,1.2546097036856456,0.0
1932,38.64,idle,locomotion,1,101.84453014942022,-2.289069415065148,0.10973345824050078,1.177083433576962,0.12775731435146087,0.724671438475125,1.2535230825551194,-0.0010866289363488865,1.2546097114914683,0.0
1933,38.66,idle,locomotion,1,101.8911955423792,-2.290141770760945,0.10973345824050078,1.1770834138612463,0.1277572175280126,0.7246714459463984,1.2535230913015956,-0.0010866282297691335,1.2546097195313648,0.0
1934,38.68,idle,locomotion,1,101.93786093533816,-2.291214126456742,0.10973345824050078,1.177083394036165,0.12775712053358032,0.7246714525812976,1.253523099299569,-0.001086627345030823,1.2546097266445997,0.0
1935,38.7,idle,locomotion,1,101.98452632829714,-2.292286482152539,0.10973345824050078,1.1770833739447775,0.12775702410693746,0.7246714584188666,1.2535231065986523,-0.0010866263802652605,1.2546097329789176,0.0
1936,38.72,idle,locomotion,1,102.0311917212561,-2.293358837848336,0.10973345824050078,1.1770833534227323,0.12775692824871546,0.7246714627151185,1.2535231124449757,-0.0010866252115834425,1.2546097376565593,0.0
1937,38.74,idle,locomotion,1,102.07785711421508,-2.294431193544133,0.10973345824050078,1.177083332776826,0.12775683237597799,0.7246714666817367,1.2535231178145574,-0.0010866240760706025,1.254609741890628,0.0
1938,38.76,idle,locomotion,1,102.12452250717405,-2.29550354923993,0.10973345824050078,1.177083312783264,0.12775673648733663,0.724671471604141,1.2535231241837967,-0.001086622741269895,1.2546097469250665,0.0
1939,38.78,idle,locomotion,1,102.17118790013302,-2.296575904935727,0.10973345824050078,1.1770832935116329,0.12775664040758122,0.7246714764394955,1.2535231306400183,-0.0010866212110034641,1.2546097518510217,0.0
1940,38.8,idle,locomotion,1,102.21785329309199,-2.297648260631524,0.10973345824050078,1.1770832742990651,0.12775654398734965,0.7246714807432979,1.2535231366437538,-0.0010866196915845887,1.2546097563353384,0.0
1941,38.82,idle,locomotion,1,102.26451868605096,-2.298720616327321,0.10973345824050078,1.177083255096036,0.1277564469498323,0.724671486019144,1.253523143553136,-0.0010866184314859556,1.254609761984622,0.0
1942,38.84,idle,locomotion,1,102.31118407900993,-2.299792972023118,0.10973345824050078,1.1770832364707826,0.12775634902838687,0.7246714917639412,1.2535231510035203,-0.0010866172817826023,1.2546097682853028,0.0
1943,38.86,idle,locomotion,1,102.3578494719689,-2.300865327718915,0.10973345824050078,1.1770832178285622,0.12775625040292052,0.724671497551263,1.253523158519256,-0.0010866161902430907,1.2546097747094993,0.0
1944,38.88,idle,locomotion,1,102.40451486492788,-2.301937683414712,0.10973345824050078,1.1770831982069465,0.12775615140979532,0.7246715038403607,1.2535231664568298,-0.001086615239409873,1.2546097816962396,0.0
1945,38.9,idle,locomotion,1,102.45118025788685,-2.303010039110509,0.10973345824050078,1.1770831777159292,0.1277560521453201,0.7246715101356397,1.2535231743442365,-0.0010866143082148942,1.2546097886524514,0.0
1946,38.92,idle,locomotion,1,102.49784565084582,-2.304082394806306,0.10973345824050078,1.177083156645275,0.12775595236563192,0.7246715157805961,1.2535231815030223,-0.0010866135404403246,1.2546097950434627,0.0
1947,38.94,idle,locomotion,1,102.54451104380479,-2.305154750502103,0.10973345824050078,1.1770831354789064,0.12775585249255647,0.724671521678884,1.2535231888591423,-0.00108661292496013,1.2546098017841023,0.0
1948,38.96,idle,locomotion,1,102.59117643676376,-2.3062271061979,0.10973345824050078,1.177083114616886,0.12775575268466502,0.724671528542224,1.2535231971913723,-0.0010866120671820592,1.2546098092585543,0.0
1949,38.98,idle,locomotion,1,102.63784182972273,-2.307299461893697,0.10973345824050078,1.1770830945027315,0.12775565283398446,0.7246715355325464,1.2535232057725219,-0.0010866109070993245,1.2546098166796211,0.0
1950,39.0,idle,locomotion,1,102.6845072226817,-2.308371817589494,0.10973345824050078,1.1770830746214376,0.1277555529511042,0.7246715418496961,1.2535232138099721,-0.0010866097171861495,1.2546098235271583,0.0
1951,39.02,idle,locomotion,1,102.73117261564067,-2.309444173285291,0.10973345824050078,1.1770830544841264,0.12775545298169627,0.7246715481133932,1.253523221811542,-0.0010866088047023145,1.2546098306162443,0.0
1952,39.04,idle,locomotion,1,102.77783800859964,-2.310516528981088,0.10973345824050078,1.1770830341019565,0.12775535291002907,0.7246715545277411,1.2535232299631462,-0.0010866079912208448,1.254609837954367,0.0
1953,39.06,idle,locomotion,1,102.82450340155862,-2.311588884676885,0.10973345824050078,1.1770830136002053,0.127755252628935,0.7246715603511156,1.2535232375206016,-0.0010866071409154424,1.254609844661517,0.0
1954,39.08,idle,locomotion,1,102.87116879451759,-2.312661240372682,0.10973345824050078,1.1770829930966888,0.12775515219372635,0.7246715664081078,1.253523245257764,-0.001086606395290752,1.2546098516530548,0.0
1955,39.1,idle,locomotion,1,102.91783418747656,-2.313733596068479,0.10973345824050078,1.177082972338516,0.12775505174955423,0.7246715725007173,1.2535232530666576,-0.0010866056455320176,1.2546098587121897,0.0
1956,39.12,idle,locomotion,1,102.96449958043553,-2.314805951764276,0.10973345824050078,1.1770829515238563,0.12775495136631798,0.7246715785018345,1.2535232607860718,-0.0010866048804455512,1.2546098656665174,0.0
1957,39.14,idle,locomotion,1,103.0111649733945,-2.315878307460073,0.10973345824050078,1.1770829306311021,0.12775485080554339,0.7246715842886975,1.2535232682768105,-0.001086604033990423,1.254609872310801,0.0
1958,39.16,idle,locomotion,1,103.05783036635347,-2.31695066315587,0.10973345824050078,1.17708290982864,0.1277547499223128,0.7246715901537092,1.2535232757822907,-0.0010866031925711034,1.2546098789748619,0.0
1959,39.18,idle,locomotion,1,103.10449575931244,-2.318023018851667,0.10973345824050078,1.1770828896951913,0.12775464904199177,0.7246715962615932,1.253523283629335,-0.0010866024490548132,1.2546098860783899,0.0
1960,39.2,idle,locomotion,1,103.15116115227141,-2.319095374547464,0.10973345824050078,1.177082869831629,0.12775454823962207,0.7246716028130283,1.253523291920182,-0.0010866016281003803,1.2546098935482823,0.0
1961,39.22,idle,locomotion,1,103.19782654523038,-2.320167730243261,0.10973345824050078,1.177082849842702,0.1277544475787233,0.7246716102831484,1.2535233010689586,-0.0010866008174786994,1.2546099018864374,0.0
1962,39.24,idle,locomotion,1,103.24449193818936,-2.321240085939058,0.10973345824050078,1.1770828296839582,0.12775434718272688,0.7246716180611864,1.2535233105327948,-0.0010866000307968963,1.2546099105635917,0.0
1963,39.26,idle,locomotion,1,103.29115733114833,-2.322312441634855,0.10973345824050078,1.1770828093512318,0.12775424704685404,0.7246716253941698,1.25352331956669,-0.0010865991825929448,1.254609918749283,0.0
1964,39.28,idle,locomotion,1,103.3378227241073,-2.323384797330652,0.10973345824050078,1.1770827888950381,0.12775414713456484,0.7246716319828382,1.2535233278969595,-0.0010865983791010642,1.2546099262760606,0.0
1965,39.3,idle,locomotion,1,103.38448811706627,-2.324457153026449,0.10973345824050078,1.1770827684402794,0.1277540472390838,0.7246716373529366,1.2535233350515989,-0.001086597581225878,1.2546099326328248,0.0
1966,39.32,idle,locomotion,1,103.43115351002524,-2.325529508722246,0.10973345824050078,1.177082748370368,0.12775394726818137,0.7246716420144134,1.253523341503789,-0.0010865968227156235,1.2546099383265046,0.0
1967,39.34,idle,locomotion,1,103.47781890298421,-2.326601864418043,0.10973345824050078,1.1770827284278294,0.12775384746170987,0.7246716469402023,1.253523348237664,-0.0010865960349630832,1.254609944272627,0.0
1968,39.36,idle,locomotion,1,103.52448429594318,-2.32767422011384,0.10973345824050078,1.1770827081208195,0.12775374794582314,0.7246716526453633,1.2535233557088763,-0.0010865952140261884,1.2546099509229025,0.0
1969,39.38,idle,locomotion,1,103.57114968890215,-2.328746575809637,0.10973345824050078,1.177082687524492,0.1277536486451593,0.7246716589467372,1.2535233637451624,-0.0010865944087917016,1.254609958153954,0.0
1970,39.4,idle,locomotion,1,103.61781508186112,-2.329818931505434,0.10973345824050078,1.177082667519512,0.12775354956626994,0.7246716653857875,1.2535233720188443,-0.0010865935847465674,1.254609965603591,0.0
1971,39.42,idle,locomotion,1,103.6644804748201,-2.330891287201231,0.10973345824050078,1.1770826481124876,0.12775345042931688,0.7246716721485399,1.2535233806425197,-0.0010865926718598637,1.2546099733143796,0.0
1972,39.44,idle,locomotion,1,103.71114586777907,-2.331963642897028,0.10973345824050078,1.177082628750688,0.12775335122447137,0.7246716793703715,1.2535233896634899,-0.0010865918194073315,1.2546099814828973,0.0
1973,39.46,idle,locomotion,1,103.75781126073804,-2.333035998592825,0.10973345824050078,1.1770826093861535,0.12775325216155092,0.7246716869371737,1.2535233990004846,-0.0010865910470395715,1.2546099900475243,0.0
1974,39.48,idle,locomotion,1,103.80447665369701,-2.334108354288622,0.10973345824050078,1.1770825897161699,0.1277531534965192,0.724671694875198,1.2535234086872316,-0.0010865902209234654,1.254609998908155,0.0
1975,39.5,idle,locomotion,1,103.85114204665598,-2.335180709984419,0.10973345824050078,1.1770825698940792,0.12775305521722685,0.7246717029635342,1.2535234185248956,-0.0010865893756692793,1.2546100079005649,0.0
1976,39.52,idle,locomotion,1,103.89780743961495,-2.336253065680216,0.10973345824050078,1.1770825500080042,0.12775295732364908,0.724671710199108,1.2535234275753753,-0.0010865885383021731,1.2546100161136775,0.0
1977,39.54,idle,locomotion,1,103.94447283257392,-2.337325421376013,0.10973345824050078,1.177082529916562,0.12775285993616303,0.724671716503113,1.2535234356951106,-0.0010865877361788678,1.2546100234312894,0.0
1978,39.56,idle,locomotion,1,103.9911382255329,-2.33839777707181,0.10973345824050078,1.1770825102329725,0.1277527629549655,0.7246717223669571,1.2535234434046352,-0.0010865868034283903,1.2546100302080636,0.0
1979,39.58,idle,locomotion,1,104.03780361849186,-2.339470132767607,0.10973345824050078,1.1770824905984791,0.12775266619535525,0.7246717275946283,1.2535234504776962,-0.0010865858547185678,1.2546100363324149,0.0
1980,39.6,idle,locomotion,1,104.08446901145084,-2.340542488463404,0.10973345824050078,1.177082470636743,0.1277525697913504,0.7246717331414769,1.2535234577644065,-0.0010865848889119074,1.2546100426533184,0.0
1981,39.62,idle,locomotion,1,104.1311344044098,-2.341614844159201,0.10973345824050078,1.1770824502435366,0.12775247341846563,0.7246717384273001,1.253523464757511,-0.0010865838682123131,1.2546100486257235,0.0
1982,39.64,idle,locomotion,1,104.17779979736878,-2.342687199854998,0.10973345824050078,1.1770824295858064,0.12775237704131237,0.7246717433934655,1.2535234713756298,-0.0010865830548431182,1.254610054430473,0.0
1983,39.66,idle,locomotion,1,104.22446519032775,-2.343759555550795,0.10973345824050078,1.177082409227406,0.12775228075234044,0.7246717485755355,1.2535234782402946,-0.001086582129741765,1.2546100603700363,0.0
1984,39.68,idle,locomotion,1,104.27113058328672,-2.344831911246592,0.10973345824050078,1.1770823887609823,0.12775218445435463,0.7246717542685358,1.2535234855741033,-0.0010865812190458332,1.2546100667931492,0.0
1985,39.7,idle,locomotion,1,104.31779597624569,-2.345904266942389,0.10973345824050078,1.1770823677388045,0.12775208814264183,0.7246717607824372,1.253523493597957,-0.001086580389988056,1.2546100739879449,0.0
1986,39.72,idle,locomotion,1,104.36446136920466,-2.346976622638186,0.10973345824050078,1.1770823463217246,0.12775199191254824,0.7246717680078084,1.2535235022087443,-0.0010865795318857306,1.25461008174063,0.0
1987,39.74,idle,locomotion,1,104.41112676216363,-2.348048978333983,0.10973345824050078,1.1770823252226608,0.127751895981185,0.724671776040049,1.2535235116235803,-0.001086578567672379,1.2546100901912527,0.0
1988,39.76,idle,locomotion,1,104.4577921551226,-2.34912133402978,0.10973345824050078,1.1770823043355605,0.1277518002113074,0.7246717841156497,1.2535235211522475,-0.0010865775980786162,1.2546100987503261,0.0
1989,39.78,idle,locomotion,1,104.50445754808158,-2.350193689725577,0.10973345824050078,1.1770822833448764,0.1277517045639056,0.724671792255532,1.2535235307295,-0.0010865768835586417,1.2546101076130587,0.0
1990,39.8,idle,locomotion,1,104.55112294104055,-2.351266045421374,0.10973345824050078,1.1770822616291488,0.12775160943032582,0.7246718006628274,1.2535235405738796,-0.0010865762922097552,1.2546101168660893,0.0
1991,39.82,idle,locomotion,1,104.59778833399952,-2.352338401117171,0.10973345824050078,1.1770822394050375,0.12775151475613727,0.7246718094152417,1.253523550720612,-0.0010865757236701544,1.2546101264442822,0.0
1992,39.84,idle,locomotion,1,104.64445372695849,-2.353410756812968,0.10973345824050078,1.1770822170327546,0.12775142018876517,0.7246718179793027,1.2535235606145383,-0.0010865750857134808,1.2546101357002517,0.0
1993,39.86,idle,locomotion,1,104.69111911991746,-2.354483112508765,0.10973345824050078,1.177082194704364,0.12775132564301153,0.7246718256955972,1.2535235695772755,-0.0010865743558106135,1.2546101439330861,0.0
1994,39.88,idle,locomotion,1,104.73778451287643,-2.355555468204562,0.10973345824050078,1.1770821736779828,0.12775123145401737,0.7246718320387837,1.2535235773220448,-0.001086573633925024,1.2546101509559697,0.0
1995,39.9,idle,locomotion,1,104.7844499058354,-2.356627823900359,0.10973345824050078,1.1770821542189158,0.12775113781013353,0.7246718381186829,1.253523584980932,-0.0010865728233049078,1.254610157804237,0.0
1996,39.92,idle,locomotion,1,104.83111529879437,-2.357700179596156,0.10973345824050078,1.1770821354250955,0.1277510443219721,0.7246718443914515,1.253523592868711,-0.0010865718165626558,1.2546101646852736,0.0
1997,39.94,idle,locomotion,1,104.87778069175334,-2.358772535291953,0.10973345824050078,1.1770821162531127,0.12775095103529585,0.7246718505565617,1.2535236005981738,-0.0010865707740672775,1.254610171372241,0.0
1998,39.96,idle,locomotion,1,104.92444608471232,-2.35984489098775,0.10973345824050078,1.1770820964642754,0.1277508575472597,0.724671857300237,1.253523608697141,-0.0010865699260083246,1.2546101786231494,0.0
1999,39.98,idle,locomotion,1,104.97111147767129,-2.360917246683547,0.10973345824050078,1.1770820769854409,0.12775076393834245,0.7246718651499221,1.2535236178355689,-0.0010865689950688914,1.2546101868306379,0.0
2000,40.0,idle,locomotion,1,105.01777687063026,-2.361989602379344,0.10973345824050078,1.177082057040352,0.12775067047970048,0.7246718728275028,1.2535236268220529,-0.001086568003364461,1.2546101948254174,0.0
2001,40.02,idle,locomotion,1,105.06444226358923,-2.363061958075141,0.10973345824050078,1.1770820369552226,0.12775057694441463,0.7246718799635903,1.2535236351902135,-0.0010865672577327935,1.2546102024479462,0.0
2002,40.04,idle,locomotion,1,105.1111076565482,-2.364134313770938,0.10973345824050078,1.1770820169659115,0.1277504835879823,0.72467188674684,1.2535236432271284,-0.0010865666123630047,1.2546102098394913,0.0
2003,40.06,idle,locomotion,1,105.15777304950717,-2.365206669466735,0.10973345824050078,1.1770819974608526,0.1277503904672302,0.7246718931959127,1.2535236509233114,-0.001086566009792709,1.2546102169331041,0.0
2004,40.08,idle,locomotion,1,105.20443844246614,-2.366279025162532,0.10973345824050078,1.1770819792622178,0.12775029792434592,0.7246718999269628,1.2535236590303316,-0.0010865651326193056,1.2546102241629509,0.0
2005,40.1,idle,locomotion,1,105.25110383542511,-2.367351380858329,0.10973345824050078,1.1770819616136448,0.1277502057060886,0.7246719063597906,1.2535236669418321,-0.001086564173274785,1.2546102311151068,0.0
2006,40.12,idle,locomotion,1,105.29776922838408,-2.368423736554126,0.10973345824050078,1.177081944143086,0.1277501135450901,0.7246719114062532,1.2535236734581412,-0.0010865634514183632,1.2546102369095595,0.0
2007,40.14,idle,locomotion,1,105.34443462134305,-2.369496092249923,0.10973345824050078,1.1770819271721538,0.12775002158437082,0.7246719153109874,1.2535236788368522,-0.0010865629862711612,1.2546102418231233,0.0
2008,40.16,idle,locomotion,1,105.39110001430203,-2.37056844794572,0.10973345824050078,1.1770819111023971,0.1277499303695752,0.7246719198975441,1.2535236849818707,-0.0010865624168260868,1.2546102473986969,0.0
2009,40.18,idle,locomotion,1,105.437765407261,-2.371640803641517,0.10973345824050078,1.1770818951873374,0.12774983956313196,0.7246719252624416,1.2535236919011348,-0.0010865616513768828,1.2546102535525117,0.0
2010,40.2,idle,locomotion,1,105.48443080021997,-2.372713159337314,0.10973345824050078,1.1770818794091094,0.12774974901086278,0.7246719312146751,1.2535236993549312,-0.001086560808189651,1.2546102601631208,0.0
2011,40.22,idle,locomotion,1,105.53109619317894,-2.373785515033111,0.10973345824050078,1.177081862882023,0.12774965860341594,0.7246719370253187,1.2535237066095488,-0.001086559934778606,1.2546102665443275,0.0
2012,40.24,idle,locomotion,1,105.57776158613791,-2.374857870728908,0.10973345824050078,1.1770818463323116,0.12774956794251188,0.7246719420404074,1.253523713035355,-0.00108655906931392,1.2546102721046688,0.0
2013,40.26,idle,locomotion,1,105.62442697909688,-2.375930226424705,0.10973345824050078,1.1770818305263797,0.1277494760124252,0.7246719468267517,1.253523719139233,-0.0010865580767073224,1.2546102772159404,0.0
2014,40.28,idle,locomotion,1,105.67109237205585,-2.377002582120502,0.10973345824050078,1.1770818153567595,0.1277493820933878,0.7246719517540429,1.253523725232617,-0.001086557047859281,1.2546102822804763,0.0
2015,40.3,idle,locomotion,1,105.71775776501482,-2.378074937816299,0.10973345824050078,1.1770818016822417,0.12774928582883446,0.7246719563852587,1.2535237310436234,-0.0010865560677432266,1.2546102871113667,0.0
2016,40.32,idle,locomotion,1,105.7644231579738,-2.379147293512096,0.10973345824050078,1.1770817891763312,0.12774918736461938,0.7246719604124442,1.2535237363357494,-0.0010865552509446777,1.2546102915866941,0.0
2017,40.34,idle,locomotion,1,105.81108855093277,-2.380219649207893,0.10973345824050078,1.177081777634811,0.12774908730911316,0.7246719653374816,1.253523742573172,-0.0010865544510684222,1.2546102970242403,0.0
2018,40.36,idle,locomotion,1,105.85775394389174,-2.38129200490369,0.10973345824050078,1.1770817664222764,0.12774898618461616,0.7246719718085459,1.2535237504490382,-0.0010865534188593054,1.2546103038678975,0.0
2019,40.38,idle,locomotion,1,105.90441933685071,-2.382364360599487,0.10973345824050078,1.1770817546084131,0.12774888424089972,0.7246719792323154,1.253523759231883,-0.001086552428060352,1.2546103116599434,0.0
2020,40.4,idle,locomotion,1,105.95108472980968,-2.383436716295284,0.10973345824050078,1.1770817427495346,0.1277487819103595,0.7246719862886671,1.2535237677213267,-0.0010865515916535472,1.2546103193129803,0.0
2021,40.42,idle,locomotion,1,105.99775012276865,-2.384509071991081,0.10973345824050078,1.1770817312796154,0.12774867862030062,0.7246719923703977,1.253523775245618,-0.0010865509290706628,1.2546103261746888,0.0
2022,40.44,idle,locomotion,1,106.04441551572762,-2.385581427686878,0.10973345824050078,1.177081720329499,0.12774857445765245,0.7246719974240995,1.2535237818344558,-0.0010865502033935853,1.2546103320378494,0.0
2023,40.46,idle,locomotion,1,106.09108090868659,-2.386653783382675,0.10973345824050078,1.1770817089748382,0.12774847025426622,0.7246720013814912,1.2535237874290672,-0.0010865495709316622,1.2546103369999988,0.0
2024,40.48,idle,locomotion,1,106.13774630164556,-2.387726139078472,0.10973345824050078,1.1770816968957456,0.12774836635262302,0.7246720055963483,1.2535237931954328,-0.0010865490184356272,1.2546103422138684,0.0
2025,40.5,idle,locomotion,1,106.18441169460453,-2.388798494774269,0.10973345824050078,1.177081684518402,0.1277482632770718,0.7246720106171514,1.2535237998243154,-0.001086548310376901,1.2546103481346922,0.0
2026,40.52,idle,locomotion,1,106.2310770875635,-2.389870850470066,0.10973345824050078,1.1770816712877639,0.12774816218591536,0.7246720163342123,1.2535238073292352,-0.0010865472961387214,1.254610354625374,0.0
2027,40.54,idle,locomotion,1,106.27774248052248,-2.390943206165863,0.10973345824050078,1.1770816567559357,0.12774806289546695,0.7246720211792684,1.2535238140262837,-0.0010865463420126793,1.2546103603682963,0.0
2028,40.56,idle,locomotion,1,106.32440787348145,-2.39201556186166,0.10973345824050078,1.1770816409593396,0.12774796462718468,0.7246720255161895,1.253523820005409,-0.0010865455315307963,1.2546103655369398,0.0
2029,40.58,idle,locomotion,1,106.37107326644042,-2.393087917557457,0.10973345824050078,1.1770816242268876,0.12774786740265426,0.7246720310891137,1.2535238270410112,-0.0010865447497838236,1.254610371790795,0.0
2030,40.6,idle,locomotion,1,106.41773865939939,-2.394160273253254,0.10973345824050078,1.1770816068747618,0.12774777169089918,0.7246720377000639,1.25352383514759,-0.0010865438771242436,1.254610379024714,0.0
2031,40.62,idle,locomotion,1,106.46440405235836,-2.395232628949051,0.10973345824050078,1.1770815892571098,0.12774767651105273,0.7246720435564105,1.2535238424886659,-0.0010865431655174285,1.2546103856541833,0.0
2032,40.64,idle,locomotion,1,106.51106944531733,-2.396304984644848,0.10973345824050078,1.1770815721050585,0.1277475807182723,0.7246720484677054,1.2535238487452638,-0.0010865427542066201,1.2546103914994704,0.0
2033,40.66,idle,locomotion,1,106.5577348382763,-2.397377340340645,0.10973345824050078,1.1770815556884977,0.12774748487626508,0.7246720532274366,1.2535238549594003,-0.0010865421932529234,1.2546103971526532,0.0
2034,40.68,idle,locomotion,1,106.60440023123527,-2.398449696036442,0.10973345824050078,1.1770815387160218,0.12774738956083148,0.7246720586738264,1.2535238619109825,-0.0010865416040035346,1.254610403514986,0.0
2035,40.7,idle,locomotion,1,106.65106562419425,-2.399522051732239,0.10973345824050078,1.17708152128296,0.12774729512382393,0.7246720657201418,1.2535238704639013,-0.0010865409162752748,1.2546104113801766,0.0
2036,40.72,idle,locomotion,1,106.69773101715322,-2.400594407428036,0.10973345824050078,1.1770815032082058,0.12774720163459558,0.7246720740789319,1.2535238803305004,-0.001086540112047521,1.254610420442548,0.0
2037,40.74,idle,locomotion,1,106.74439641011219,-2.401666763123833,0.10973345824050078,1.1770814848112188,0.12774710883207305,0.7246720831018858,1.2535238908394515,-0.0010865393569377338,1.2546104301963892,0.0
2038,40.76,idle,locomotion,1,106.79106180307116,-2.40273911881963,0.10973345824050078,1.17708146586555,0.12774701660638632,0.7246720910838648,1.253523900389279,-0.001086538629145064,1.254610439018424,0.0
2039,40.78,idle,locomotion,1,106.83772719603013,-2.403811474515427,0.10973345824050078,1.1770814453161627,0.1277469253841765,0.7246720987527674,1.253523909510045,-0.001086537896910187,1.2546104474069553,0.0
2040,40.8,idle,locomotion,1,106.8843925889891,-2.404883830211224,0.10973345824050078,1.1770814231178308,0.12774683600410858,0.7246721061942177,1.2535239184234357,-0.0010865371776594829,1.254610455601095,0.0
2041,40.82,idle,locomotion,1,106.93105798194807,-2.405956185907021,0.10973345824050078,1.1770814004365533,0.12774674889176307,0.7246721135304189,1.2535239272981564,-0.0010865363379382285,1.2546104636360946,0.0
2042,40.84,idle,locomotion,1,106.97772337490704,-2.407028541602818,0.10973345824050078,1.177081377653446,0.12774666381393912,0.7246721195690223,1.253523935039545,-0.0010865353691419527,1.2546104704086871,0.0
2043,40.86,idle,locomotion,1,107.02438876786601,-2.408100897298615,0.10973345824050078,1.1770813537816247,0.1277465804845707,0.7246721252733105,1.2535239423337872,-0.0010865344360964022,1.2546104767698836,0.0
2044,40.88,idle,locomotion,1,107.07105416082499,-2.409173252994412,0.10973345824050078,1.1770813282447359,0.12774649896683923,0.7246721312601987,1.2535239497821404,-0.0010865335047949738,1.2546104832869354,0.0
2045,40.9,idle,locomotion,1,107.11771955378396,-2.410245608690209,0.10973345824050078,1.1770813020580073,0.12774641901654876,0.7246721365353933,1.2535239564369742,-0.0010865327801642122,1.2546104892171384,0.0
2046,40.92,idle,locomotion,1,107.16438494674293,-2.411317964386006,0.10973345824050078,1.1770812760463372,0.12774633994240087,0.7246721416839035,1.2535239628358912,-0.0010865320724409225,1.254610494908332,0.0
2047,40.94,idle,locomotion,1,107.2110503397019,-2.412390320081803,0.10973345824050078,1.1770812502323236,0.12774626144069956,0.7246721476490945,1.25352396994455,-0.0010865312276878945,1.254610501172238,0.0
2048,40.96,idle,locomotion,1,107.25771573266087,-2.4134626757776,0.10973345824050078,1.1770812251698688,0.12774618370463717,0.7246721531131769,1.2535239766648438,-0.0010865304863625982,1.2546105071512064,0.0
2049,40.98,idle,locomotion,1,107.30438112561984,-2.414535031473397,0.10973345824050078,1.1770812005861773,0.12774610699332303,0.7246721583940433,1.2535239832377754,-0.00108652969925176,1.254610512937027,0.0
2050,41.0,idle,locomotion,1,107.35104651857881,-2.415607387169194,0.10973345824050078,1.177081175852282,0.12774603162962292,0.7246721642443261,1.253523990404571,-0.0010865288857348256,1.2546105192903059,0.0
2051,41.02,idle,locomotion,1,107.39771191153778,-2.416679742864991,0.10973345824050078,1.1770811510949573,0.12774595777364606,0.7246721704808256,1.2535239979907324,-0.0010865280322348535,1.2546105260229672,0.0
2052,41.04,idle,locomotion,1,107.44437730449675,-2.417752098560788,0.10973345824050078,1.1770811259849254,0.12774588595556538,0.7246721769656116,1.2535240058902226,-0.0010865270107086565,1.2546105329009312,0.0
2053,41.06,idle,locomotion,1,107.49104269745573,-2.418824454256585,0.10973345824050078,1.1770811002883321,0.1277458159149269,0.724672183075607,1.253524013410977,-0.001086525950429372,1.2546105393614064,0.0
2054,41.08,idle,locomotion,1,107.5377080904147,-2.419896809952382,0.10973345824050078,1.1770810745488078,0.12774574691006751,0.7246721885185291,1.2535240201468696,-0.0010865249844025336,1.2546105451312721,0.0
2055,41.1,idle,locomotion,1,107.58437348337367,-2.420969165648179,0.10973345824050078,1.1770810494479094,0.1277456786475301,0.7246721928362936,1.2535240257466616,-0.0010865241439097853,1.2546105498905713,0.0
2056,41.12,idle,locomotion,1,107.63103887633264,-2.422041521343976,0.10973345824050078,1.1770810246929213,0.12774561059414138,0.7246721968145518,1.2535240309082818,-0.0010865233320892058,1.254610554240371,0.0
2057,41.14,idle,locomotion,1,107.67770426929161,-2.423113877039773,0.10973345824050078,1.1770809994797578,0.1277455424740339,0.7246722018398362,1.2535240369172305,-0.0010865223758946309,1.2546105592931251,0.0
2058,41.16,idle,locomotion,1,107.72436966225058,-2.42418623273557,0.10973345824050078,1.1770809751378333,0.12774547349106094,0.7246722056392808,1.253524041687619,-0.0010865215633950875,1.254610563251014,0.0
2059,41.18,idle,locomotion,1,107.77103505520955,-2.425258588431367,0.10973345824050078,1.1770809524927457,0.12774540312094243,0.7246722088085503,1.253524045726463,-0.001086520843651996,1.2546105665701148,0.0
2060,41.2,idle,locomotion,1,107.81770044816852,-2.426330944127164,0.10973345824050078,1.177080931594172,0.12774533147512832,0.7246722131944501,1.2535240509996213,-0.0010865199453711262,1.2546105709449924,0.0
2061,41.22,idle,locomotion,1,107.8643658411275,-2.427403299822961,0.10973345824050078,1.1770809120518633,0.12774525894680022,0.7246722192120015,1.2535240579861773,-0.0010865187954146455,1.2546105767815918,0.0
2062,41.24,idle,locomotion,1,107.91103123408647,-2.428475655518758,0.10973345824050078,1.1770808935794426,0.1277451860288444,0.7246722254569413,1.2535240654152706,-0.0010865177256745503,1.254610583140945,0.0
2063,41.26,idle,locomotion,1,107.95769662704544,-2.429548011214555,0.10973345824050078,1.177080875551922,0.1277451127012466,0.7246722306179552,1.2535240719016585,-0.0010865167666856447,1.254610588668344,0.0
2064,41.28,idle,locomotion,1,108.00436202000441,-2.430620366910352,0.10973345824050078,1.1770808566855482,0.1277450388626026,0.7246722366854635,1.2535240790857043,-0.0010865159195060405,1.2546105950052104,0.0
2065,41.3,idle,locomotion,1,108.05102741296338,-2.431692722606149,0.10973345824050078,1.1770808380039133,0.12774496473199928,0.7246722432170224,1.253524086763553,-0.0010865150527693407,1.2546106018163223,0.0
2066,41.32,idle,locomotion,1,108.09769280592235,-2.432765078301946,0.10973345824050078,1.177080819290758,0.12774489078963505,0.7246722493178812,1.2535240940946375,-0.0010865139684086804,1.2546106080630461,0.0
2067,41.34,idle,locomotion,1,108.14435819888132,-2.433837433997743,0.10973345824050078,1.1770808001309467,0.12774481743887398,0.7246722563818361,1.2535241023760224,-0.001086512959326394,1.254610615335349,0.0
2068,41.36,idle,locomotion,1,108.19102359184029,-2.43490978969354,0.10973345824050078,1.1770807808028136,0.1277447448303165,0.7246722637997055,1.2535241111103785,-0.0010865119743619887,1.2546106230847405,0.0
2069,41.38,idle,locomotion,1,108.23768898479926,-2.435982145389337,0.10973345824050078,1.177080760317164,0.1277446734444261,0.7246722711246109,1.2535241197583948,-0.0010865110505311089,1.254610630808926,0.0
2070,41.4,idle,locomotion,1,108.28435437775823,-2.437054501085134,0.10973345824050078,1.1770807380402881,0.12774460351014566,0.7246722787383513,1.2535241286080854,-0.0010865101623596524,1.254610638770445,0.0
2071,41.42,idle,locomotion,1,108.3310197707172,-2.438126856780931,0.10973345824050078,1.1770807150313334,0.12774453448421805,0.7246722862804189,1.2535241373476111,-0.0010865092178552124,1.2546106465654663,0.0
2072,41.44,idle,locomotion,1,108.37768516367618,-2.439199212476728,0.10973345824050078,1.1770806918884877,0.12774446576659285,0.7246722925728695,1.253524144882488,-0.0010865082604681435,1.2546106531429562,0.0
2073,41.46,idle,locomotion,1,108.42435055663515,-2.440271568172525,0.10973345824050078,1.177080667735791,0.12774439686246888,0.7246722980848892,1.2535241514501092,-0.0010865075471673015,1.2546106589972765,0.0
2074,41.48,idle,locomotion,1,108.47101594959412,-2.441343923868322,0.10973345824050078,1.1770806429727596,0.12774432823163562,0.7246723035575606,1.2535241579177459,-0.001086506874980981,1.2546106647927269,0.0
2075,41.5,idle,locomotion,1,108.51768134255309,-2.442416279564119,0.10973345824050078,1.1770806191265826,0.12774425963401106,0.7246723081364911,1.2535241636123022,-0.0010865062555267847,1.254610669867829,0.0
2076,41.52,idle,locomotion,1,108.56434673551206,-2.443488635259916,0.10973345824050078,1.1770805961445034,0.12774419059776881,0.7246723129108187,1.2535241694621952,-0.0010865053618397576,1.254610674824035,0.0
2077,41.54,idle,locomotion,1,108.61101212847103,-2.444560990955713,0.10973345824050078,1.17708057368993,0.1277441212511792,0.7246723183247527,1.2535241760060483,-0.0010865043269302072,1.2546106803329784,0.0
2078,41.56,idle,locomotion,1,108.65767752143,-2.44563334665151,0.10973345824050078,1.177080552031066,0.12774405156154822,0.7246723235414158,1.2535241824316807,-0.001086503500373804,1.2546106859320545,0.0
2079,41.58,idle,locomotion,1,108.70434291438897,-2.446705702347307,0.10973345824050078,1.177080531011828,0.12774398101095563,0.7246723289961386,1.2535241889646156,-0.0010865028913376873,1.2546106918559532,0.0
2080,41.6,idle,locomotion,1,108.75100830734794,-2.447778058043104,0.10973345824050078,1.1770805103584505,0.12774390976631833,0.724672335267674,1.253524196221514,-0.001086502179057973,1.254610698400572,0.0
2081,41.62,idle,locomotion,1,108.79767370030692,-2.448850413738901,0.10973345824050078,1.177080490097836,0.12774383844345408,0.7246723423528416,1.2535242043102808,-0.0010865014006017498,1.2546107057108826,0.0
2082,41.64,idle,locomotion,1,108.84433909326589,-2.449922769434698,0.10973345824050078,1.1770804695850385,0.12774376714850352,0.7246723488729082,1.2535242118679493,-0.0010865005937857435,1.254610712461735,0.0
2083,41.66,idle,locomotion,1,108.89100448622486,-2.450995125130495,0.10973345824050078,1.1770804491846283,0.12774369631531338,0.7246723551280175,1.2535242191781604,-0.001086499973813937,1.2546107191519744,0.0
2084,41.68,idle,locomotion,1,108.93766987918383,-2.452067480826292,0.10973345824050078,1.1770804299896716,0.12774362565440855,0.7246723612295541,1.2535242264369137,-0.0010864993065042294,1.254610725743418,0.0
2085,41.7,idle,locomotion,1,108.9843352721428,-2.453139836522089,0.10973345824050078,1.1770804122428635,0.1277435540195704,0.7246723665603783,1.2535242329090082,-0.0010864984611665268,1.2546107313701746,0.0
2086,41.72,idle,locomotion,1,109.03100066510177,-2.454212192217886,0.10973345824050078,1.1770803958577822,0.12774348061888,0.7246723712994776,1.2535242387466636,-0.0010864975349137995,1.2546107362815775,0.0
2087,41.74,idle,locomotion,1,109.07766605806074,-2.455284547913683,0.10973345824050078,1.1770803802567182,0.12774340503052609,0.7246723751223597,1.2535242436389924,-0.0010864967325967534,1.2546107403715892,0.0
2088,41.76,idle,locomotion,1,109.12433145101971,-2.45635690360948,0.10973345824050078,1.1770803656200535,0.1277433278149937,0.7246723791274777,1.2535242487418206,-0.0010864960154749886,1.2546107447572956,0.0
2089,41.78,idle,locomotion,1,109.17099684397868,-2.457429259305277,0.10973345824050078,1.1770803521420172,0.1277432489833912,0.7246723832336298,1.2535242540707792,-0.0010864954657727431,1.254610749536552,0.0
2090,41.8,idle,locomotion,1,109.21766223693766,-2.458501615001074,0.10973345824050078,1.177080339818237,0.12774316835536723,0.7246723870066794,1.253524259057465,-0.0010864950105078305,1.2546107540679727,0.0
2091,41.82,idle,locomotion,1,109.26432762989663,-2.459573970696871,0.10973345824050078,1.1770803289818472,0.12774308641038257,0.7246723918455573,1.2535242651010494,-0.0010864944041854493,1.254610759505235,0.0
2092,41.84,idle,locomotion,1,109.3109930228556,-2.460646326392668,0.10973345824050078,1.1770803193513675,0.127743003317046,0.724672398129123,1.2535242726626183,-0.0010864934128277416,1.2546107660754462,0.0
2093,41.86,idle,locomotion,1,109.35765841581457,-2.461718682088465,0.10973345824050078,1.1770803096141689,0.1277429195544362,0.7246724055041719,1.2535242813589549,-0.0010864922277364318,1.2546107735866914,0.0
2094,41.88,idle,locomotion,1,109.40432380877354,-2.462791037784262,0.10973345824050078,1.1770802984484983,0.12774283591648591,0.7246724137045479,1.2535242908517594,-0.0010864912615736813,1.2546107821133332,0.0
2095,41.9,idle,locomotion,1,109.45098920173251,-2.463863393480059,0.10973345824050078,1.1770802865824601,0.12774275238450958,0.7246724205137091,1.2535242990052031,-0.0010864906918774016,1.2546107896970806,0.0
2096,41.92,idle,locomotion,1,109.49765459469148,-2.464935749175856,0.10973345824050078,1.1770802752011336,0.12774266848405522,0.7246724257423869,1.253524305528877,-0.0010864904269081987,1.254610795955785,0.0
2097,41.94,idle,locomotion,1,109.54431998765045,-2.466008104871653,0.10973345824050078,1.177080264706753,0.12774258377581085,0.7246724297584457,1.253524310838703,-0.0010864901030492938,1.2546108009417525,0.0
2098,41.96,idle,locomotion,1,109.59098538060942,-2.46708046056745,0.10973345824050078,1.177080254902194,0.1277424981905874,0.7246724329035934,1.253524315262867,-0.0010864897323929028,1.25461080499526,0.0
2099,41.98,idle,locomotion,1,109.6376507735684,-2.468152816263247,0.10973345824050078,1.1770802459329086,0.12774241230023328,0.724672436947377,1.2535243206461517,-0.0010864891541192377,1.2546108098002708,0.0
2100,42.0,idle,locomotion,1,109.68431616652737,-2.469225171959044,0.10973345824050078,1.1770802375516058,0.12774232628518245,0.7246724418391474,1.2535243270347203,-0.0010864883054775357,1.2546108153401978,0.0
2101,42.02,idle,locomotion,1,109.73098155948634,-2.470297527654841,0.10973345824050078,1.177080228462399,0.12774223994326167,0.7246724471459297,1.2535243337704922,-0.001086487301887623,1.2546108210723799,0.0
2102,42.04,idle,locomotion,1,109.77764695244531,-2.471369883350638,0.10973345824050078,1.177080217851104,0.12774215411646483,0.7246724530697471,1.2535243410066552,-0.0010864864141513948,1.2546108274208065,0.0
2103,42.06,idle,locomotion,1,109.82431234540428,-2.472442239046435,0.10973345824050078,1.1770802066239452,0.12774206954356154,0.7246724589569197,1.2535243482891016,-0.001086485569008866,1.2546108338581106,0.0
2104,42.08,idle,locomotion,1,109.87097773836325,-2.473514594742232,0.10973345824050078,1.177080195689204,0.12774198517335744,0.7246724633020917,1.2535243541460273,-0.0010864846532656729,1.254610838799293,0.0
2105,42.1,idle,locomotion,1,109.91764313132222,-2.474586950438029,0.10973345824050078,1.1770801846856114,0.12774189999355842,0.7246724656069509,1.2535243578996766,-0.0010864837545262185,1.2546108416542028,0.0
2106,42.12,idle,locomotion,1,109.9643085242812,-2.475659306133826,0.10973345824050078,1.1770801729647222,0.12774181485561345,0.7246724680765402,1.2535243617479754,-0.001086482812472634,1.254610844560448,0.0
2107,42.14,idle,locomotion,1,110.01097391724016,-2.476731661829623,0.10973345824050078,1.1770801605740207,0.1277417303088167,0.724672472255925,1.253524367307548,-0.0010864820151223302,1.2546108493226704,0.0
2108,42.16,idle,locomotion,1,110.05763931019914,-2.47780401752542,0.10973345824050078,1.1770801468356336,0.12774164606106733,0.7246724771511903,1.253524373500601,-0.0010864810703523006,1.2546108545709533,0.0
2109,42.18,idle,locomotion,1,110.1043047031581,-2.478876373221217,0.10973345824050078,1.1770801317774513,0.12774156299975928,0.7246724821805571,1.2535243798413849,-0.0010864801171328944,1.2546108599585177,0.0
2110,42.2,idle,locomotion,1,110.15097009611708,-2.479948728917014,0.10973345824050078,1.1770801164412124,0.12774148111397132,0.7246724863209609,1.2535243854706932,-0.0010864792455139438,1.254610864716207,0.0
2111,42.22,idle,locomotion,1,110.19763548907605,-2.481021084612811,0.10973345824050078,1.177080100822785,0.1277413997884095,0.7246724899167174,1.2535243905998106,-0.0010864783222719575,1.2546108689220825,0.0
2112,42.24,idle,locomotion,1,110.24430088203502,-2.482093440308608,0.10973345824050078,1.1770800843344582,0.12774131850130035,0.724672492685445,1.253524394843208,-0.0010864777207767948,1.2546108725639848,0.0
2113,42.26,idle,locomotion,1,110.29096627499399,-2.483165796004405,0.10973345824050078,1.1770800667855241,0.12774123725182504,0.7246724950711013,1.2535243985404327,-0.0010864772498207012,1.2546108757902534,0.0
2114,42.28,idle,locomotion,1,110.33763166795296,-2.484238151700202,0.10973345824050078,1.1770800495321205,0.12774115671529843,0.7246724982871879,1.2535244031619714,-0.0010864768721587509,1.2546108800341302,0.0
2115,42.3,idle,locomotion,1,110.38429706091193,-2.485310507395999,0.10973345824050078,1.1770800329225581,0.12774107595179188,0.724672501106457,1.2535244074816658,-0.0010864764007887835,1.2546108838824546,0.0
2116,42.32,idle,locomotion,1,110.4309624538709,-2.486382863091796,0.10973345824050078,1.1770800171216134,0.12774099457915275,0.7246725035084361,1.2535244114062714,-0.0010864760112099282,1.2546108874174813,0.0
2117,42.34,idle,locomotion,1,110.47762784682988,-2.487455218787593,0.10973345824050078,1.1770800022452452,0.1277409125430227,0.7246725066034417,1.253524416085916,-0.0010864755277229347,1.254610891613639,0.0
2118,42.36,idle,locomotion,1,110.52429323978885,-2.48852757448339,0.10973345824050078,1.1770799873990114,0.1277408294221997,0.7246725099671482,1.2535244209297665,-0.0010864750389477165,1.2546108959687141,0.0
2119,42.38,idle,locomotion,1,110.57095863274782,-2.489599930179187,0.10973345824050078,1.177079972860934,0.12774074567474764,0.7246725131211127,1.253524425532011,-0.0010864746696371448,1.2546109002016481,0.0
2120,42.4,idle,locomotion,1,110.61762402570679,-2.490672285874984,0.10973345824050078,1.1770799589583045,0.12774066105497792,0.7246725160685263,1.2535244298530444,-0.0010864744273223273,1.2546109042803666,0.0
2121,42.42,idle,locomotion,1,110.66428941866576,-2.491744641570781,0.10973345824050078,1.1770799462446897,0.12774057570078956,0.7246725191293956,1.2535244342833654,-0.001086474135752885,1.2546109084191182,0.0
2122,42.44,idle,locomotion,1,110.71095481162473,-2.492816997266578,0.10973345824050078,1.177079934605022,0.12774048961099801,0.724672521854532,1.2535244384556241,-0.0010864738476393833,1.2546109123032636,0.0
2123,42.46,idle,locomotion,1,110.7576202045837,-2.493889352962375,0.10973345824050078,1.1770799232759221,0.12774040385242705,0.7246725252966751,1.2535244434447455,-0.0010864732709987106,1.2546109167157442,0.0
2124,42.48,idle,locomotion,1,110.80428559754267,-2.494961708658172,0.10973345824050078,1.1770799122763203,0.12774031890402304,0.724672528951176,1.25352444890501,-0.001086472549616524,1.2546109214546264,0.0
2125,42.5,idle,locomotion,1,110.85095099050164,-2.496034064353969,0.10973345824050078,1.177079900967156,0.1277402345554495,0.724672532700096,1.2535244545316007,-0.0010864716201257826,1.2546109261517264,0.0
2126,42.52,idle,locomotion,1,110.89761638346062,-2.497106420049766,0.10973345824050078,1.1770798890924326,0.12774015067817027,0.724672536160914,1.2535244599043494,-0.0010864706473676343,1.254610930551717,0.0
2127,42.54,idle,locomotion,1,110.94428177641959,-2.498178775745563,0.10973345824050078,1.177079876795241,0.12774006632216334,0.724672539202969,1.2535244647255432,-0.0010864698264837977,1.254610934552027,0.0
2128,42.56,idle,locomotion,1,110.99094716937856,-2.49925113144136,0.10973345824050078,1.17707986366104,0.12773998081531615,0.7246725426163406,1.2535244696452783,-0.0010864692529528874,1.2546109388982312,0.0
2129,42.58,idle,locomotion,1,111.03761256233753,-2.500323487137157,0.10973345824050078,1.1770798503159712,0.1277398945210194,0.724672546926716,1.2535244753575243,-0.0010864687496766647,1.254610944107201,0.0
2130,42.6,idle,locomotion,1,111.0842779552965,-2.501395842832954,0.10973345824050078,1.1770798375923732,0.1277398076551802,0.7246725509388737,1.2535244809542816,-0.0010864679686128711,1.2546109489228945,0.0
2131,42.62,idle,locomotion,1,111.13094334825547,-2.502468198528751,0.10973345824050078,1.1770798254965305,0.12773972005827855,0.7246725545177876,1.2535244862518842,-0.001086467172115163,1.2546109534239993,0.0
2132,42.64,idle,locomotion,1,111.17760874121444,-2.503540554224548,0.10973345824050078,1.177079812625144,0.12773963160206334,0.7246725579780413,1.2535244913622057,-0.0010864664983858477,1.2546109578605915,0.0
2133,42.66,idle,locomotion,1,111.22427413417341,-2.504612909920345,0.10973345824050078,1.1770797987687187,0.1277395425579585,0.7246725617725079,1.2535244966243893,-0.0010864660800495966,1.2546109627044388,0.0
2134,42.68,idle,locomotion,1,111.27093952713238,-2.505685265616142,0.10973345824050078,1.1770797850747283,0.12773945330952477,0.7246725668050475,1.2535245030623101,-0.0010864656041693205,1.2546109686664795,0.0
2135,42.7,idle,locomotion,1,111.31760492009136,-2.506757621311939,0.10973345824050078,1.1770797719516608,0.1277393640337417,0.7246725728421203,1.2535245105618682,-0.0010864649435525474,1.2546109755054207,0.0
2136,42.72,idle,locomotion,1,111.36427031305033,-2.507829977007736,0.10973345824050078,1.177079758850154,0.1277392747961355,0.7246725793179709,1.2535245185336412,-0.001086464182933955,1.2546109827165752,0.0
2137,42.74,idle,locomotion,1,111.4109357060093,-2.508902332703533,0.10973345824050078,1.177079745337981,0.12773918586027766,0.7246725858086658,1.2535245265596207,-0.001086463523747725,1.2546109900833684,0.0
2138,42.76,idle,locomotion,1,111.45760109896827,-2.50997468839933,0.10973345824050078,1.1770797309633088,0.12773909739824493,0.7246725918698163,1.2535245340925463,-0.0010864631840524705,1.2546109972765986,0.0
2139,42.78,idle,locomotion,1,111.50426649192724,-2.511047044095127,0.10973345824050078,1.1770797160502766,0.12773900997712467,0.7246725972520629,1.2535245409713134,-0.0010864629028640022,1.2546110038741773,0.0
2140,42.8,idle,locomotion,1,111.55093188488621,-2.512119399790924,0.10973345824050078,1.1770797010964125,0.12773892366674375,0.7246726025149922,1.2535245477703216,-0.0010864624644208523,1.2546110102347425,0.0
2141,42.82,idle,locomotion,1,111.59759727784518,-2.513191755486721,0.10973345824050078,1.1770796857251389,0.12773883794313817,0.7246726074310053,1.2535245541240472,-0.0010864621619245396,1.2546110162859718,0.0
2142,42.84,idle,locomotion,1,111.64426267080415,-2.514264111182518,0.10973345824050078,1.1770796703392428,0.12773875320454758,0.7246726126059684,1.253524560645705,-0.0010864619051598225,1.2546110225508649,0.0
2143,42.86,idle,locomotion,1,111.69092806376312,-2.515336466878315,0.10973345824050078,1.177079655131271,0.12773866972772002,0.7246726178196455,1.253524567258089,-0.0010864614295623964,1.2546110286876515,0.0
2144,42.88,idle,locomotion,1,111.7375934567221,-2.516408822574112,0.10973345824050078,1.1770796395136829,0.12773858752458808,0.7246726232646448,1.2535245740540921,-0.0010864608043170826,1.2546110348584092,0.0
2145,42.9,idle,locomotion,1,111.78425884968107,-2.517481178269909,0.10973345824050078,1.177079622728605,0.12773850607335632,0.7246726292738734,1.2535245812085407,-0.0010864602221526166,1.2546110414306932,0.0
2146,42.92,idle,locomotion,1,111.83092424264004,-2.518553533965706,0.10973345824050078,1.1770796056012394,0.12773842531000085,0.7246726354336093,1.253524588418562,-0.0010864598323450693,1.254611048250907,0.0
2147,42.94,idle,locomotion,1,111.87758963559901,-2.519625889661503,0.10973345824050078,1.1770795892100534,0.1277383456432943,0.7246726416776587,1.2535245958420773,-0.0010864592123449451,1.2546110550544223,0.0
2148,42.96,idle,locomotion,1,111.92425502855798,-2.5206982453573,0.10973345824050078,1.1770795732792625,0.12773826663153567,0.7246726475265198,1.2535246029700515,-0.0010864583873404776,1.254611061357392,0.0
2149,42.98,idle,locomotion,1,111.97092042151695,-2.521770601053097,0.10973345824050078,1.177079557188491,0.12773818796571873,0.7246726525892955,1.253524609304521,-0.0010864575449653843,1.2546110668494863,0.0
2150,43.0,idle,locomotion,1,112.01758581447592,-2.522842956748894,0.10973345824050078,1.1770795409765287,0.12773810933168972,0.7246726572003915,1.253524615110515,-0.0010864569412208057,1.2546110720517358,0.0
2151,43.02,idle,locomotion,1,112.06425120743489,-2.523915312444691,0.10973345824050078,1.1770795251484003,0.12773803095965516,0.7246726613721084,1.2535246204988206,-0.0010864564225455606,1.254611076921366,0.0
2152,43.04,idle,locomotion,1,112.11091660039386,-2.524987668140488,0.10973345824050078,1.177079509984102,0.12773795328101767,0.7246726656933598,1.2535246261181965,-0.0010864558570024274,1.254611081975199,0.0
2153,43.06,idle,locomotion,1,112.15758199335284,-2.526060023836285,0.10973345824050078,1.177079495098392,0.12773787624954866,0.7246726707203598,1.2535246325084821,-0.0010864550350575403,1.2546110875435397,0.0
2154,43.08,idle,locomotion,1,112.2042473863118,-2.527132379532082,0.10973345824050078,1.1770794798007578,0.12773779970830362,0.7246726757279984,1.2535246389468728,-0.0010864541951753279,1.2546110931420482,0.0
2155,43.1,idle,locomotion,1,112.25091277927078,-2.528204735227879,0.10973345824050078,1.1770794642188787,0.12773772334762012,0.724672680892379,1.253524645496115,-0.0010864535644157028,1.2546110990605308,0.0
2156,43.12,idle,locomotion,1,112.29757817222975,-2.529277090923676,0.10973345824050078,1.1770794485914828,0.12773764678326888,0.7246726856486148,1.253524651634561,-0.00108645296457913,1.2546111045991402,0.0
2157,43.14,idle,locomotion,1,112.34424356518872,-2.530349446619473,0.10973345824050078,1.177079433037222,0.1277375694246568,0.7246726895516177,1.2535246568405913,-0.0010864523876629138,1.2546111092282541,0.0
2158,43.16,idle,locomotion,1,112.39090895814769,-2.53142180231527,0.10973345824050078,1.1770794177668555,0.12773749118843128,0.7246726934622562,1.2535246620179856,-0.0010864517768249746,1.2546111137948106,0.0
2159,43.18,idle,locomotion,1,112.43757435110666,-2.532494158011067,0.10973345824050078,1.1770794021815985,0.12773741247849257,0.7246726975637823,1.2535246674259106,-0.0010864511105282693,1.2546111185364388,0.0
2160,43.2,idle,locomotion,1,112.48423974406563,-2.533566513706864,0.10973345824050078,1.1770793866867282,0.12773733367091503,0.7246727015396194,1.2535246728195706,-0.0010864505202707632,1.2546111233398414,0.0
2161,43.22,idle,locomotion,1,112.5309051370246,-2.534638869402661,0.10973345824050078,1.1770793716989845,0.12773725511658174,0.7246727057703164,1.2535246785822554,-0.0010864499476619487,1.2546111285299173,0.0
2162,43.24,idle,locomotion,1,112.57757052998357,-2.535711225098458,0.10973345824050078,1.1770793568458031,0.12773717690236872,0.7246727099903908,1.2535246843778496,-0.001086449216337309,1.254611133594187,0.0
2163,43.26,idle,locomotion,1,112.62423592294255,-2.536783580794255,0.10973345824050078,1.1770793416631145,0.1277370990539467,0.7246727148775541,1.2535246906984918,-0.0010864485631049518,1.2546111392615968,0.0
2164,43.28,idle,locomotion,1,112.67090131590152,-2.537855936490052,0.10973345824050078,1.1770793261063168,0.12773702186792674,0.7246727203193813,1.2535246975430734,-0.0010864478063636815,1.254611145349437,0.0
2165,43.3,idle,locomotion,1,112.71756670886049,-2.538928292185849,0.10973345824050078,1.1770793100116665,0.12773694516546344,0.724672725987794,1.2535247045233304,-0.0010864471215980276,1.2546111516449285,0.0
2166,43.32,idle,locomotion,1,112.76423210181946,-2.540000647881646,0.10973345824050078,1.1770792936686074,0.12773686904143217,0.7246727325089131,1.2535247122851383,-0.0010864465108053022,1.2546111587959436,0.0
2167,43.34,idle,locomotion,1,112.81089749477843,-2.541073003577443,0.10973345824050078,1.17707927696683,0.12773679332057936,0.7246727393441256,1.253524720315875,-0.0010864459298186337,1.2546111662456936,0.0
2168,43.36,idle,locomotion,1,112.8575628877374,-2.54214535927324,0.10973345824050078,1.1770792598695046,0.12773671779789483,0.7246727457506756,1.2535247278512238,-0.001086445396052231,1.254611173247276,0.0
2169,43.38,idle,locomotion,1,112.90422828069637,-2.543217714969037,0.10973345824050078,1.1770792425963357,0.12773664259597084,0.7246727522565383,1.2535247354500727,-0.0010864450961291065,1.254611180546202,0.0
2170,43.4,idle,locomotion,1,112.95089367365534,-2.544290070664834,0.10973345824050078,1.1770792249850013,0.12773656792587865,0.7246727589046812,1.253524743203067,-0.0010864447642960143,1.254611187967363,0.0
2171,43.42,idle,locomotion,1,112.99755906661431,-2.545362426360631,0.10973345824050078,1.1770792073461749,0.12773649373463888,0.7246727653481979,1.2535247507336378,-0.0010864443851647324,1.2546111951188026,0.0
2172,43.44,idle,locomotion,1,113.04422445957329,-2.546434782056428,0.10973345824050078,1.1770791900541824,0.12773641988237935,0.7246727713135325,1.25352475773846,-0.0010864439027916811,1.2546112016412518,0.0
2173,43.46,idle,locomotion,1,113.09088985253226,-2.547507137752225,0.10973345824050078,1.1770791732697974,0.12773634635376646,0.7246727764815384,1.2535247639359093,-0.0010864434244011525,1.2546112073603104,0.0
2174,43.48,idle,locomotion,1,113.13755524549123,-2.548579493448022,0.10973345824050078,1.1770791572129462,0.12773627334392854,0.7246727813612798,1.2535247698703476,-0.001086442916777331,1.254611212787125,0.0
2175,43.5,idle,locomotion,1,113.1842206384502,-2.549651849143819,0.10973345824050078,1.177079141845696,0.12773620078682324,0.7246727862752134,1.2535247758751895,-0.0010864422478198237,1.2546112181230094,0.0
2176,43.52,idle,locomotion,1,113.23088603140917,-2.550724204839616,0.10973345824050078,1.1770791269247411,0.1277361284399037,0.7246727916809182,1.2535247823593916,-0.001086441504634935,1.2546112238640266,0.0
2177,43.54,idle,locomotion,1,113.27755142436814,-2.551796560535413,0.10973345824050078,1.1770791120619455,0.12773605606901214,0.724672797256516,1.2535247889833312,-0.0010864409061266574,1.2546112298894578,0.0
2178,43.56,idle,locomotion,1,113.32421681732711,-2.55286891623121,0.10973345824050078,1.1770790968807323,0.12773598346184206,0.7246728027197666,1.2535247953198534,-0.0010864406201254173,1.2546112359399788,0.0
2179,43.58,idle,locomotion,1,113.37088221028608,-2.553941271927007,0.10973345824050078,1.1770790820509858,0.1277359111669316,0.7246728080392593,1.2535248014709641,-0.0010864404144030546,1.2546112418853672,0.0
2180,43.6,idle,locomotion,1,113.41754760324505,-2.555013627622804,0.10973345824050078,1.1770790681109828,0.12773583964105217,0.7246728133670078,1.253524807726692,-0.0010864400601033747,1.2546112477867954,0.0
2181,43.62,idle,locomotion,1,113.46421299620403,-2.556085983318601,0.10973345824050078,1.1770790549181358,0.1277357688652296,0.7246728191137857,1.2535248144728974,-0.0010864394921583538,1.2546112539650558,0.0
2182,43.64,idle,locomotion,1,113.510878389163,-2.557158339014398,0.10973345824050078,1.1770790423885586,0.12773569886428737,0.7246728251766016,1.2535248216259434,-0.0010864386788916568,1.254611260304835,0.0
2183,43.66,idle,locomotion,1,113.55754378212197,-2.558230694710195,0.10973345824050078,1.1770790303237764,0.1277356294425668,0.7246728314809789,1.2535248290664431,-0.0010864377819493863,1.2546112668483924,0.0
2184,43.68,idle,locomotion,1,113.60420917508094,-2.559303050405992,0.10973345824050078,1.1770790182644957,0.1277355601170488,0.7246728379910987,1.253524836649772,-0.0010864369303190818,1.2546112735800912,0.0
2185,43.7,idle,locomotion,1,113.65087456803991,-2.560375406101789,0.10973345824050078,1.1770790060238396,0.12773549078805946,0.7246728444524352,1.2535248441144804,-0.0010864361796450624,1.2546112802941254,0.0
2186,43.72,idle,locomotion,1,113.69753996099888,-2.561447761797586,0.10973345824050078,1.177078993708044,0.12773542153947662,0.7246728505586092,1.253524851209138,-0.0010864354746002794,1.2546112866837382,0.0
2187,43.74,idle,locomotion,1,113.74420535395785,-2.562520117493383,0.10973345824050078,1.1770789815385396,0.12773535256224522,0.7246728570441276,1.253524858667501,-0.0010864349083316363,1.2546112935758327,0.0
2188,43.76,idle,locomotion,1,113.79087074691682,-2.56359247318918,0.10973345824050078,1.1770789693850556,0.1277352836108721,0.7246728632876713,1.2535248658935263,-0.0010864342028445474,1.2546113000963708,0.0
2189,43.78,idle,locomotion,1,113.8375361398758,-2.564664828884977,0.10973345824050078,1.1770789572385199,0.12773521472222982,0.7246728688365505,1.2535248724354253,-0.001086433610681118,1.2546113060461064,0.0
2190,43.8,idle,locomotion,1,113.88420153283477,-2.565737184580774,0.10973345824050078,1.1770789451356705,0.12773514610839515,0.7246728740778277,1.2535248787299578,-0.0010864330401653757,1.2546113117701232,0.0
2191,43.82,idle,locomotion,1,113.93086692579374,-2.566809540276571,0.10973345824050078,1.1770789331412466,0.12773507771655676,0.7246728792933688,1.2535248850334806,-0.001086432445629379,1.25461131747911,0.0
2192,43.84,idle,locomotion,1,113.97753231875271,-2.567881895972368,0.10973345824050078,1.1770789212669754,0.12773500945380786,0.7246728843510093,1.2535248912004622,-0.001086431752923396,1.2546113229533855,0.0
2193,43.86,idle,locomotion,1,114.02419771171168,-2.568954251668165,0.10973345824050078,1.1770789094477807,0.12773494135226246,0.7246728889101195,1.2535248968863648,-0.0010864310194034568,1.2546113279057682,0.0
2194,43.88,idle,locomotion,1,114.07086310467065,-2.570026607363962,0.10973345824050078,1.1770788979400828,0.1277348734721391,0.7246728929354047,1.2535249020696788,-0.0010864302042567983,1.2546113322739356,0.0
2195,43.9,idle,locomotion,1,114.11752849762962,-2.571098963059759,0.10973345824050078,1.1770788868627102,0.1277348057331932,0.7246728964965974,1.2535249068404077,-0.00108642938141508,1.2546113362218227,0.0
2196,43.92,idle,locomotion,1,114.16419389058859,-2.572171318755556,0.10973345824050078,1.1770788755365555,0.12773473774461264,0.7246728999067225,1.2535249113649707,-0.0010864286041145609,1.2546113399690852,0.0
2197,43.94,idle,locomotion,1,114.21085928354756,-2.573243674451353,0.10973345824050078,1.1770788638231067,0.12773466953993617,0.7246729040240397,1.253524916446138,-0.0010864280453988379,1.2546113444915368,0.0
2198,43.96,idle,locomotion,1,114.25752467650653,-2.57431603014715,0.10973345824050078,1.1770788523599711,0.12773460166460357,0.7246729086712992,1.2535249221275462,-0.0010864273733757375,1.254611349500922,0.0
2199,43.98,idle,locomotion,1,114.3041900694655,-2.575388385842947,0.10973345824050078,1.177078841355457,0.1277345338297475,0.7246729131170797,1.2535249276971607,-0.0010864266605215347,1.2546113543576822,0.0
2200,44.0,idle,locomotion,1,114.35085546242448,-2.576460741538744,0.10973345824050078,1.1770788307789692,0.12773446559884272,0.7246729169947105,1.2535249327602391,-0.0010864259192476348,1.2546113586794867,0.0
2201,44.02,idle,locomotion,1,114.39752085538345,-2.577533097234541,0.10973345824050078,1.1770788200631295,0.12773439669444533,0.724672919978931,1.253524936915234,-0.0010864253518359443,1.2546113622670698,0.0
2202,44.04,idle,locomotion,1,114.44418624834242,-2.578605452930338,0.10973345824050078,1.1770788090723865,0.1277343273861918,0.7246729226424151,1.2535249406892572,-0.0010864250403796114,1.254611365729637,0.0
2203,44.06,idle,locomotion,1,114.49085164130139,-2.579677808626135,0.10973345824050078,1.1770787981965587,0.12773425827063323,0.7246729254656651,1.2535249447177308,-0.0010864246317821395,1.254611369349513,0.0
2204,44.08,idle,locomotion,1,114.53751703426036,-2.580750164321932,0.10973345824050078,1.177078787449241,0.12773418934940026,0.72467292860334,1.253524949178638,-0.0010864240827177102,1.2546113732613557,0.0
2205,44.1,idle,locomotion,1,114.58418242721933,-2.581822520017729,0.10973345824050078,1.1770787765109667,0.12773412030049786,0.7246729317882232,1.253524953746803,-0.0010864234421014245,1.2546113771889045,0.0
2206,44.12,idle,locomotion,1,114.6308478201783,-2.582894875713526,0.10973345824050078,1.1770787650021737,0.12773405093728804,0.7246729349025165,1.2535249582098393,-0.00108642276913027,1.2546113809789696,0.0
2207,44.14,idle,locomotion,1,114.67751321313727,-2.583967231409323,0.10973345824050078,1.1770787527325304,0.12773398120421658,0.7246729384342021,1.2535249629605196,-0.001086422152879702,1.2546113851133993,0.0
2208,44.16,idle,locomotion,1,114.72417860609625,-2.58503958710512,0.10973345824050078,1.1770787395149362,0.12773391121009864,0.7246729427923874,1.253524968384491,-0.0010864216044418028,1.2546113899889326,0.0
2209,44.18,idle,locomotion,1,114.77084399905522,-2.586111942800917,0.10973345824050078,1.177078725883742,0.12773384156797216,0.724672948212686,1.2535249748465023,-0.0010864210660240237,1.2546113959125262,0.0
2210,44.2,idle,locomotion,1,114.81750939201419,-2.587184298496714,0.10973345824050078,1.17707871202414,0.12773377229482813,0.7246729537910116,1.2535249815083256,-0.0010864204927381813,1.2546114020010637,0.0
2211,44.22,idle,locomotion,1,114.86417478497316,-2.588256654192511,0.10973345824050078,1.177078698065808,0.127733703275585,0.7246729589775303,1.253524987805749,-0.0010864199570121622,1.2546114077627613,0.0
2212,44.24,idle,locomotion,1,114.91084017793213,-2.589329009888308,0.10973345824050078,1.1770786837593228,0.12773363430200455,0.7246729635495583,1.2535249934939394,-0.0010864194827224644,1.254611412976662,0.0
2213,44.26,idle,locomotion,1,114.9575055708911,-2.590401365584105,0.10973345824050078,1.1770786694458104,0.12773356556786997,0.7246729681024163,1.2535249991856097,-0.001086419037168794,1.2546114182227786,0.0
2214,44.28,idle,locomotion,1,115.00417096385007,-2.591473721279902,0.10973345824050078,1.1770786549707242,0.12773349700442868,0.7246729729386793,1.253525005152342,-0.0010864186224936664,1.2546114237748358,0.0
2215,44.3,idle,locomotion,1,115.05083635680904,-2.592546076975699,0.10973345824050078,1.1770786404184332,0.12773342885975766,0.7246729784630375,1.2535250117900898,-0.0010864181313790591,1.2546114299214688,0.0
2216,44.32,idle,locomotion,1,115.09750174976801,-2.593618432671496,0.10973345824050078,1.1770786258835724,0.1277333611621914,0.7246729841471178,1.2535250186522018,-0.0010864174177178283,1.2546114360699196,0.0
2217,44.34,idle,locomotion,1,115.14416714272699,-2.594690788367293,0.10973345824050078,1.1770786111232066,0.12773329345468332,0.7246729891153367,1.2535250248104979,-0.001086416729531428,1.2546114415400293,0.0
2218,44.36,idle,locomotion,1,115.19083253568596,-2.59576314406309,0.10973345824050078,1.1770785962545955,0.12773322569313098,0.7246729938763913,1.253525030770602,-0.001086416150470275,1.2546114469210723,0.0
2219,44.38,idle,locomotion,1,115.23749792864493,-2.596835499758887,0.10973345824050078,1.177078581196291,0.12773315779846295,0.7246729993815755,1.2535250374319573,-0.0010864156882901994,1.2546114531202475,0.0
2220,44.4,idle,locomotion,1,115.2841633216039,-2.597907855454684,0.10973345824050078,1.177078565765689,0.1277330896530619,0.7246730055086188,1.2535250446389523,-0.0010864152304154127,1.2546114598693676,0.0
2221,44.42,idle,locomotion,1,115.33082871456287,-2.598980211150481,0.10973345824050078,1.1770785499402223,0.1277330212172297,0.7246730112876102,1.2535250514535121,-0.0010864147980267462,1.2546114662515389,0.0
2222,44.44,idle,locomotion,1,115.37749410752184,-2.600052566846278,0.10973345824050078,1.1770785344961945,0.12773295293885475,0.7246730164561892,1.2535250577574732,-0.0010864143221216115,1.254611472079595,0.0
2223,44.46,idle,locomotion,1,115.42415950048081,-2.601124922542075,0.10973345824050078,1.1770785195121727,0.12773288508946187,0.7246730216185598,1.2535250641637876,-0.0010864136064401703,1.2546114777702277,0.0
2224,44.48,idle,locomotion,1,115.47082489343978,-2.602197278237872,0.10973345824050078,1.1770785049587493,0.12773281740656833,0.7246730265079374,1.2535250703671563,-0.0010864127698036255,1.25461148313696,0.0
2225,44.5,idle,locomotion,1,115.51749028639875,-2.603269633933669,0.10973345824050078,1.1770784907732215,0.12773274974723903,0.7246730310049686,1.2535250762168648,-0.0010864119157301157,1.254611488132595,0.0
2226,44.52,idle,locomotion,1,115.56415567935773,-2.604341989629466,0.10973345824050078,1.1770784766294238,0.1277326820548779,0.7246730361069551,1.253525082626639,-0.001086411229306125,1.2546114938559452,0.0
2227,44.54,idle,locomotion,1,115.6108210723167,-2.605414345325263,0.10973345824050078,1.1770784624666288,0.1277326142921407,0.724673041851366,1.2535250896963095,-0.0010864106073280727,1.2546115003036376,0.0
2228,44.56,idle,locomotion,1,115.65748646527567,-2.60648670102106,0.10973345824050078,1.1770784478768423,0.12773254646078588,0.7246730478748826,1.2535250970355685,-0.0010864100407225116,1.2546115070762909,0.0
2229,44.58,idle,locomotion,1,115.70415185823464,-2.607559056716857,0.10973345824050078,1.1770784330184898,0.12773247853910602,0.7246730537595315,1.2535251042191837,-0.001086409599939494,1.2546115138191232,0.0
2230,44.6,idle,locomotion,1,115.75081725119361,-2.608631412412654,0.10973345824050078,1.1770784182488114,0.12773241042131503,0.7246730588954473,1.2535251106729588,-0.0010864091482279854,1.2546115198211867,0.0
2231,44.62,idle,locomotion,1,115.79748264415258,-2.609703768108451,0.10973345824050078,1.1770784034018666,0.1277323423260177,0.7246730644388153,1.253525117518276,-0.0010864086847306303,1.2546115262030066,0.0
2232,44.64,idle,locomotion,1,115.84414803711155,-2.610776123804248,0.10973345824050078,1.177078387968844,0.12773227461096248,0.7246730704604689,1.2535251248871475,-0.001086408055889946,1.2546115329430374,0.0
2233,44.66,idle,locomotion,1,115.89081343007052,-2.611848479500045,0.10973345824050078,1.1770783722972873,0.12773220715998596,0.7246730759919572,1.2535251317918863,-0.001086407361496896,1.2546115391533832,0.0
2234,44.68,idle,locomotion,1,115.9374788230295,-2.612920835195842,0.10973345824050078,1.1770783564943288,0.12773214003886982,0.7246730808989879,1.2535251381126522,-0.0010864066730513697,1.2546115447857036,0.0
2235,44.7,idle,locomotion,1,115.98414421598847,-2.613993190891639,0.10973345824050078,1.1770783398558973,0.12773207300232925,0.7246730852045749,1.2535251436980945,-0.0010864061045087504,1.2546115498026034,0.0
2236,44.72,idle,locomotion,1,116.03080960894744,-2.615065546587436,0.10973345824050078,1.1770783232970867,0.12773200631701462,0.7246730893448234,1.2535251490656283,-0.0010864056513570017,1.2546115547169854,0.0
2237,44.74,idle,locomotion,1,116.07747500190641,-2.616137902283233,0.10973345824050078,1.177078307049508,0.12773193999339746,0.724673093918953,1.2535251548393151,-0.0010864052641321835,1.2546115601034473,0.0
2238,44.76,idle,locomotion,1,116.12414039486538,-2.61721025797903,0.10973345824050078,1.1770782912449624,0.12773187426806895,0.7246730994563098,1.253525161548254,-0.0010864048986621438,1.2546115664469162,0.0
2239,44.78,idle,locomotion,1,116.17080578782435,-2.618282613674827,0.10973345824050078,1.1770782759900629,0.12773180924096608,0.7246731052130829,1.253525168559228,-0.0010864043725954432,1.2546115729318235,0.0
2240,44.8,idle,locomotion,1,116.21747118078332,-2.619354969370624,0.10973345824050078,1.1770782607747459,0.12773174470309262,0.7246731099057007,1.2535251745358722,-0.0010864038118730754,1.2546115783477452,0.0
2241,44.82,idle,locomotion,1,116.26413657374229,-2.620427325066421,0.10973345824050078,1.177078245264966,0.12773168056856132,0.7246731137654803,1.2535251796086875,-0.001086403220513,1.2546115828292004,0.0
2242,44.84,idle,locomotion,1,116.31080196670126,-2.621499680762218,0.10973345824050078,1.177078229620191,0.12773161664111934,0.7246731172593649,1.2535251842481419,-0.0010864025533046523,1.2546115868014465,0.0
2243,44.86,idle,locomotion,1,116.35746735966023,-2.622572036458015,0.10973345824050078,1.1770782144121237,0.12773155276343864,0.7246731207758799,1.2535251888702432,-0.001086401855620426,1.2546115907258637,0.0
2244,44.88,idle,locomotion,1,116.4041327526192,-2.623644392153812,0.10973345824050078,1.1770781999359319,0.1277314890286461,0.7246731240936688,1.2535251933687963,-0.0010864011243332528,1.2546115944931295,0.0
2245,44.9,idle,locomotion,1,116.45079814557818,-2.624716747849609,0.10973345824050078,1.1770781860263004,0.1277314256535241,0.7246731271925005,1.253525197743752,-0.0010864004323937401,1.2546115981761459,0.0
2246,44.92,idle,locomotion,1,116.49746353853715,-2.625789103545406,0.10973345824050078,1.177078172088447,0.12773136281263137,0.7246731302655126,1.253525202145928,-0.0010863997330713554,1.2546116018789994,0.0
2247,44.94,idle,locomotion,1,116.54412893149612,-2.626861459241203,0.10973345824050078,1.1770781577517473,0.12773130006985975,0.7246731335664414,1.2535252066084437,-0.001086399231541916,1.2546116058399857,0.0
2248,44.96,idle,locomotion,1,116.59079432445509,-2.627933814937,0.10973345824050078,1.1770781436334017,0.12773123772030964,0.724673137605856,1.253525211706913,-0.0010863987551955993,1.2546116104621086,0.0
2249,44.98,idle,locomotion,1,116.63745971741406,-2.629006170632797,0.10973345824050078,1.1770781300804019,0.12773117599644943,0.7246731420025307,1.2535252172431095,-0.0010863981208807452,1.2546116153639904,0.0
2250,45.0,idle,locomotion,1,116.68412511037303,-2.630078526328594,0.10973345824050078,1.177078116658542,0.1277311148245526,0.7246731462634034,1.2535252226859093,-0.0010863974551453583,1.2546116201410547,0.0
2251,45.02,idle,locomotion,1,116.730790503332,-2.631150882024391,0.10973345824050078,1.1770781029563524,0.1277310536602469,0.7246731506379916,1.253525228073408,-0.0010863970107679102,1.254611625084176,0.0
2252,45.04,idle,locomotion,1,116.77745589629097,-2.632223237720188,0.10973345824050078,1.177078088433077,0.12773099312278932,0.7246731552748946,1.253525233630824,-0.0010863966068642254,1.2546116302376882,0.0
2253,45.06,idle,locomotion,1,116.82412128924994,-2.633295593415985,0.10973345824050078,1.1770780740532114,0.12773093304464353,0.7246731607294373,1.2535252399031718,-0.0010863961154943154,1.254611636018666,0.0
2254,45.08,idle,locomotion,1,116.87078668220892,-2.634367949111782,0.10973345824050078,1.1770780604185316,0.1277308729984603,0.7246731662830194,1.2535252462647752,-0.0010863953837627685,1.254611641648538,0.0
2255,45.1,idle,locomotion,1,116.91745207516789,-2.635440304807579,0.10973345824050078,1.1770780474013358,0.12773081291312616,0.7246731715662906,1.2535252523451894,-0.0010863946164460375,1.2546116469616355,0.0
2256,45.12,idle,locomotion,1,116.96411746812686,-2.636512660503376,0.10973345824050078,1.177078034735343,0.12773075288073532,0.7246731766081526,1.253525258242043,-0.0010863939722258985,1.254611652214269,0.0
2257,45.14,idle,locomotion,1,117.01078286108583,-2.637585016199173,0.10973345824050078,1.1770780228656317,0.12773069268989584,0.724673181009895,1.2535252635688545,-0.0010863935528852842,1.2546116571217398,0.0
2258,45.16,idle,locomotion,1,117.0574482540448,-2.63865737189497,0.10973345824050078,1.1770780123079492,0.12773063167259927,0.7246731843110453,1.2535252678489333,-0.0010863932091065842,1.2546116610580398,0.0
2259,45.18,idle,locomotion,1,117.10411364700377,-2.639729727590767,0.10973345824050078,1.177078002558005,0.12773056924159606,0.7246731861725614,1.253525270635142,-0.001086393037993908,1.254611663673136,0.0
2260,45.2,idle,locomotion,1,117.15077903996274,-2.640802083286564,0.10973345824050078,1.1770779934922526,0.12773050604776007,0.7246731887498304,1.2535252740590606,-0.00108639284768898,1.2546116669067495,0.0
2261,45.22,idle,locomotion,1,117.19744443292171,-2.641874438982361,0.10973345824050078,1.1770779846741457,0.1277304428732361,0.7246731931441303,1.2535252793435236,-0.0010863923274323471,1.2546116716709559,0.0
2262,45.24,idle,locomotion,1,117.24410982588068,-2.642946794678158,0.10973345824050078,1.1770779754174607,0.12773038008078408,0.7246731979011486,1.2535252850627785,-0.0010863916475489337,1.2546116767103275,0.0
2263,45.26,idle,locomotion,1,117.29077521883966,-2.644019150373955,0.10973345824050078,1.1770779650803969,0.12773031749961855,0.724673202980444,1.2535252909591017,-0.001086391083664321,1.254611682042766,0.0
2264,45.28,idle,locomotion,1,117.33744061179863,-2.645091506069752,0.10973345824050078,1.1770779542002574,0.12773025546596417,0.7246732084631047,1.2535252972311428,-0.0010863905648764334,1.2546116877960192,0.0
2265,45.3,idle,locomotion,1,117.3841060047576,-2.646163861765549,0.10973345824050078,1.177077943352599,0.1277301941091711,0.7246732138222647,1.2535253034714244,-0.0010863899151473087,1.2546116933865716,0.0
2266,45.32,idle,locomotion,1,117.43077139771657,-2.647236217461346,0.10973345824050078,1.1770779327352932,0.12773013282687706,0.7246732185493108,1.2535253091074856,-0.0010863892196906512,1.2546116983271762,0.0
2267,45.34,idle,locomotion,1,117.47743679067554,-2.648308573157143,0.10973345824050078,1.177077921516131,0.1277300713199778,0.7246732223080361,1.2535253137459264,-0.0010863884157064768,1.2546117021616328,0.0
2268,45.36,idle,locomotion,1,117.52410218363451,-2.64938092885294,0.10973345824050078,1.1770779107976777,0.12773000867148568,0.7246732252310726,1.2535253174755303,-0.001086387821312304,1.2546117052968426,0.0
2269,45.38,idle,locomotion,1,117.57076757659348,-2.650453284548737,0.10973345824050078,1.177077900728305,0.12772994526569315,0.7246732280363498,1.253525321159952,-0.0010863871467101799,1.2546117083066621,0.0
2270,45.4,idle,locomotion,1,117.61743296955245,-2.651525640244534,0.10973345824050078,1.1770778895432155,0.12772988260513415,0.7246732305916207,1.253525324750681,-0.001086386521469817,1.2546117112721509,0.0
2271,45.42,idle,locomotion,1,117.66409836251142,-2.652597995940331,0.10973345824050078,1.1770778779126645,0.12772982035915337,0.724673233077776,1.2535253282621979,-0.0010863860591743754,1.2546117143213722,0.0
2272,45.44,idle,locomotion,1,117.7107637554704,-2.653670351636128,0.10973345824050078,1.1770778667683115,0.12772975814486912,0.7246732362333546,1.2535253324213658,-0.0010863855816523015,1.254611718003018,0.0
2273,45.46,idle,locomotion,1,117.75742914842937,-2.654742707331925,0.10973345824050078,1.1770778549207022,0.1277296963224621,0.7246732397269376,1.2535253369087933,-0.0010863849060168927,1.2546117218148103,0.0
2274,45.48,idle,locomotion,1,117.80409454138834,-2.655815063027722,0.10973345824050078,1.177077842712525,0.12772963452979183,0.7246732435200138,1.2535253416082468,-0.0010863842182242088,1.254611725826471,0.0
2275,45.5,idle,locomotion,1,117.85075993434731,-2.656887418723519,0.10973345824050078,1.1770778293962512,0.1277295732083081,0.724673248172159,1.2535253470829717,-0.0010863833912168573,1.2546117304741886,0.0
2276,45.52,idle,locomotion,1,117.89742532730628,-2.657959774419316,0.10973345824050078,1.1770778146861973,0.12772951269493643,0.7246732535033266,1.2535253530948482,-0.0010863827827943921,1.2546117358776427,0.0
2277,45.54,idle,locomotion,1,117.94409072026525,-2.659032130115113,0.10973345824050078,1.1770777998173214,0.1277294534802278,0.7246732578946707,1.25352535826286,-0.001086382285280664,1.2546117405481407,0.0
2278,45.56,idle,locomotion,1,117.99075611322422,-2.66010448581091,0.10973345824050078,1.1770777849923504,0.12772939534017905,0.7246732611229562,1.2535253622737588,-0.001086381605347471,1.2546117438791062,0.0
2279,45.58,idle,locomotion,1,118.0374215061832,-2.661176841506707,0.10973345824050078,1.1770777707343947,0.12772933767965086,0.7246732645236871,1.2535253663660542,-0.001086380727255195,1.2546117470933094,0.0
2280,45.6,idle,locomotion,1,118.08408689914216,-2.662249197202504,0.10973345824050078,1.1770777570545576,0.12772928088553023,0.7246732681388218,1.2535253707524348,-0.001086379904703616,1.2546117506571384,0.0
2281,45.62,idle,locomotion,1,118.13075229210114,-2.663321552898301,0.10973345824050078,1.177077743451235,0.12772922557752697,0.7246732720486295,1.2535253755192497,-0.0010863792468288613,1.2546117547660787,0.0
2282,45.64,idle,locomotion,1,118.1774176850601,-2.664393908594098,0.10973345824050078,1.177077727948906,0.12772917224561847,0.7246732748346739,1.253525379183888,-0.0010863787192820565,1.2546117579031701,0.0
2283,45.66,idle,locomotion,1,118.22408307801908,-2.665466264289895,0.10973345824050078,1.177077710874752,0.1277291209509713,0.724673276292905,1.2535253814242076,-0.001086378386304935,1.2546117598105124,0.0
2284,45.68,idle,locomotion,1,118.27074847097805,-2.666538619985692,0.10973345824050078,1.1770776937453264,0.12772907066420436,0.7246732776110093,1.2535253834388733,-0.0010863777217024195,1.2546117611605758,0.0
2285,45.7,idle,locomotion,1,118.31741386393702,-2.667610975681489,0.10973345824050078,1.1770776774277933,0.12772902048655987,0.7246732797694976,1.2535253861973747,-0.0010863767803406983,1.2546117629777154,0.0
2286,45.72,idle,locomotion,1,118.36407925689599,-2.668683331377286,0.10973345824050078,1.177077661268997,0.12772897028137864,0.7246732809842735,1.2535253880110102,-0.0010863758967176243,1.2546117639077279,0.0
2287,45.74,idle,locomotion,1,118.41074464985496,-2.669755687073083,0.10973345824050078,1.1770776463456933,0.12772891984812051,0.7246732817050662,1.253525389265122,-0.0010863753051741608,1.254611764570296,0.0
2288,45.76,idle,locomotion,1,118.45741004281393,-2.67082804276888,0.10973345824050078,1.1770776315452651,0.12772886956309135,0.724673282718719,1.2535253908211683,-0.0010863745190976826,1.254611765340266,0.0
2289,45.78,idle,locomotion,1,118.5040754357729,-2.671900398464677,0.10973345824050078,1.1770776161095804,0.12772881985975057,0.7246732840874258,1.2535253926383372,-0.0010863740318511513,1.2546117666701884,0.0
2290,45.8,idle,locomotion,1,118.55074082873188,-2.672972754160474,0.10973345824050078,1.1770776006797234,0.12772877109608433,0.7246732873318152,1.2535253962438206,-0.0010863733345012096,1.2546117695783219,0.0
2291,45.82,idle,locomotion,1,118.59740622169085,-2.674045109856271,0.10973345824050078,1.177077586179313,0.12772872327724058,0.7246732935049004,1.2535254027714857,-0.0010863724537923183,1.2546117752252781,0.0
2292,45.84,idle,locomotion,1,118.64407161464982,-2.675117465552068,0.10973345824050078,1.1770775730408836,0.12772867528856072,0.7246732982893326,1.2535254080432672,-0.0010863716884245214,1.2546117797316918,0.0
2293,45.86,idle,locomotion,1,118.69073700760879,-2.676189821247865,0.10973345824050078,1.1770775603824002,0.12772862658586479,0.7246733004557832,1.2535254105904383,-0.0010863713470312536,1.2546117819374696,0.0
2294,45.88,idle,locomotion,1,118.73740240056776,-2.677262176943662,0.10973345824050078,1.177077548554408,0.12772857759217252,0.7246733037589908,1.253525414187491,-0.0010863709624792071,1.25461178514997,0.0
2295,45.9,idle,locomotion,1,118.78406779352673,-2.678334532639459,0.10973345824050078,1.177077538335852,0.12772852841320712,0.7246733071467184,1.2535254181650464,-0.00108637036191421,1.2546117885269605,0.0
2296,45.92,idle,locomotion,1,118.8307331864857,-2.679406888335256,0.10973345824050078,1.1770775280159644,0.12772847869609522,0.724673309366869,1.253525420996043,-0.001086369905808817,1.2546117909018517,0.0
2297,45.94,idle,locomotion,1,118.87739857944467,-2.680479244031053,0.10973345824050078,1.1770775174686599,0.12772842853468208,0.72467331283089,1.253525424918491,-0.0010863695623778702,1.254611794480869,0.0
2298,45.96,idle,locomotion,1,118.92406397240364,-2.68155159972685,0.10973345824050078,1.177077507060235,0.12772837840269113,0.724673315545075,1.253525428299881,-0.0010863690539795988,1.2546117973538604,0.0
2299,45.98,idle,locomotion,1,118.97072936536262,-2.682623955422647,0.10973345824050078,1.1770774978332996,0.12772832809685022,0.7246733178702913,1.2535254313635509,-0.001086368541334485,1.2546117999048854,0.0
2300,46.0,idle,locomotion,1,119.01739475832159,-2.683696311118444,0.10973345824050078,1.1770774903721815,0.1277282771145566,0.7246733201948407,1.25352543463125,-0.001086367740189182,1.2546118023714392,0.0
2301,46.02,idle,locomotion,1,119.06406015128056,-2.684768666814241,0.10973345824050078,1.1770774825774324,0.1277282257450055,0.7246733232120474,1.2535254384839003,-0.0010863669987677682,1.254611805482668,0.0
2302,46.04,idle,locomotion,1,119.11072554423953,-2.685841022510038,0.10973345824050078,1.1770774740180792,0.12772817442657716,0.7246733264277914,1.2535254424671833,-0.0010863664818788372,1.254611808949062,0.0
2303,46.06,idle,locomotion,1,119.1573909371985,-2.686913378205835,0.10973345824050078,1.1770774653984863,0.12772812335394237,0.7246733295922558,1.2535254463873748,-0.0010863661074923259,1.254611812494867,0.0
2304,46.08,idle,locomotion,1,119.20405633015747,-2.687985733901632,0.10973345824050078,1.1770774565048592,0.12772807359690994,0.7246733332449786,1.253525450955038,-0.0010863655212715144,1.2546118164763096,0.0
2305,46.1,idle,locomotion,1,119.25072172311644,-2.689058089597429,0.10973345824050078,1.177077446439533,0.12772802544925904,0.7246733367068214,1.2535254554838942,-0.0010863647311952218,1.2546118202150893,0.0
2306,46.12,idle,locomotion,1,119.29738711607541,-2.690130445293226,0.10973345824050078,1.1770774352922526,0.12772797788391482,0.7246733407989813,1.253525460496607,-0.0010863638585688028,1.2546118243551758,0.0
2307,46.14,idle,locomotion,1,119.34405250903438,-2.691202800989023,0.10973345824050078,1.1770774239487443,0.12772793020683973,0.7246733452811371,1.2535254658663542,-0.0010863629640934618,1.2546118288304475,0.0
2308,46.16,idle,locomotion,1,119.39071790199336,-2.69227515668482,0.10973345824050078,1.177077412022962,0.1277278824633077,0.7246733505076488,1.253525471912693,-0.0010863621375254914,1.2546118340502184,0.0
2309,46.18,idle,locomotion,1,119.43738329495233,-2.693347512380617,0.10973345824050078,1.1770773985132745,0.12772783526068557,0.7246733563936052,1.25352547862302,-0.0010863613344980864,1.2546118399575181,0.0
2310,46.2,idle,locomotion,1,119.4840486879113,-2.694419868076414,0.10973345824050078,1.1770773840601731,0.12772778838818605,0.7246733621868082,1.2535254852529456,-0.0010863607873323883,1.254611846040278,0.0
2311,46.22,idle,locomotion,1,119.53071408087027,-2.695492223772211,0.10973345824050078,1.1770773692298377,0.12772774132595616,0.7246733677458306,1.2535254916608616,-0.0010863602056571386,1.2546118518665188,0.0
2312,46.24,idle,locomotion,1,119.57737947382924,-2.696564579468008,0.10973345824050078,1.1770773543570716,0.1277276938844535,0.724673372696457,1.2535254975503056,-0.0010863597485980814,1.2546118572989038,0.0
2313,46.26,idle,locomotion,1,119.62404486678821,-2.697636935163805,0.10973345824050078,1.177077338616493,0.1277276458406705,0.724673377482295,1.2535255032216548,-0.0010863593591209225,1.2546118625807756,0.0
2314,46.28,idle,locomotion,1,119.67071025974718,-2.698709290859602,0.10973345824050078,1.1770773217393824,0.1277275981160851,0.7246733820352362,1.253525508746166,-0.001086358907576003,1.254611867653742,0.0
2315,46.3,idle,locomotion,1,119.71737565270615,-2.699781646555399,0.10973345824050078,1.1770773052544645,0.1277275506134903,0.7246733860897607,1.2535255139123327,-0.001086358528846726,1.2546118724411794,0.0
2316,46.32,idle,locomotion,1,119.76404104566512,-2.700854002251196,0.10973345824050078,1.177077290424069,0.1277275020254417,0.7246733891473409,1.253525518199977,-0.0010863580931477698,1.2546118762931247,0.0
2317,46.34,idle,locomotion,1,119.8107064386241,-2.701926357946993,0.10973345824050078,1.177077276857391,0.1277274517446618,0.7246733901913623,1.2535255205906197,-0.0010863576285299013,1.2546118782191495,0.0
2318,46.36,idle,locomotion,1,119.85737183158307,-2.70299871364279,0.10973345824050078,1.1770772639247022,0.1277274000758122,0.7246733911942986,1.2535255229004652,-0.0010863571564673213,1.2546118800569324,0.0
2319,46.38,idle,locomotion,1,119.90403722454204,-2.704071069338587,0.10973345824050078,1.1770772515339483,0.1277273475832489,0.7246733935559111,1.2535255266214491,-0.0010863566303102035,1.2546118832517594,0.0
2320,46.4,idle,locomotion,1,119.95070261750101,-2.705143425034384,0.10973345824050078,1.1770772401340972,0.12772729372689615,0.7246733962825359,1.2535255307367752,-0.0010863561440717096,1.254611886880847,0.0
2321,46.42,idle,locomotion,1,119.99736801045998,-2.706215780730181,0.10973345824050078,1.1770772294320786,0.127727237862493,0.7246733974331703,1.2535255332175792,-0.0010863557537918109,1.254611888971371,0.0
2322,46.44,idle,locomotion,1,120.04403340341895,-2.707288136425978,0.10973345824050078,1.1770772189902625,0.1277271802282424,0.724673397957972,1.253525534849205,-0.0010863555341186736,1.2546118903833237,0.0
2323,46.46,idle,locomotion,1,120.09069879637792,-2.708360492121775,0.10973345824050078,1.1770772086710537,0.1277271216455942,0.7246733999737609,1.2535255378486072,-0.0010863551886564488,1.2546118930372636,0.0
2324,46.48,idle,locomotion,1,120.13736418933689,-2.709432847817572,0.10973345824050078,1.1770771984419406,0.12772706302112005,0.7246734035813877,1.2535255424409648,-0.0010863547554357256,1.2546118971964004,0.0
2325,46.5,idle,locomotion,1,120.18402958229586,-2.710505203513369,0.10973345824050078,1.1770771884672082,0.12772700426106506,0.7246734075703948,1.253525547392855,-0.0010863541910427384,1.2546119015838977,0.0
2326,46.52,idle,locomotion,1,120.23069497525483,-2.711577559209166,0.10973345824050078,1.17707717826986,0.1277269457642254,0.7246734115712443,1.2535255523398898,-0.0010863534792478168,1.2546119058191376,0.0
2327,46.54,idle,locomotion,1,120.2773603682138,-2.712649914904963,0.10973345824050078,1.1770771678893113,0.1277268877968797,0.72467341621992,1.253525557839231,-0.0010863529351590635,1.25461191077439,0.0
2328,46.56,idle,locomotion,1,120.32402576117278,-2.71372227060076,0.10973345824050078,1.1770771579757104,0.12772683038048485,0.7246734220449959,1.2535255644842387,-0.0010863521108867222,1.2546119165951255,0.0
2329,46.58,idle,locomotion,1,120.37069115413175,-2.714794626296557,0.10973345824050078,1.1770771465584025,0.12772677430885268,0.7246734277030543,1.2535255709928157,-0.00108635112805067,1.2546119221208665,0.0
2330,46.6,idle,locomotion,1,120.41735654709072,-2.715866981992354,0.10973345824050078,1.1770771337175645,0.12772671962029103,0.7246734326267035,1.2535255766812123,-0.0010863504209385373,1.254611927102151,0.0
2331,46.62,idle,locomotion,1,120.46402194004969,-2.716939337688151,0.10973345824050078,1.177077121521352,0.12772666490514134,0.7246734378050355,1.2535255825162732,-0.0010863498475921045,1.2546119323638654,0.0
2332,46.64,idle,locomotion,1,120.51068733300866,-2.718011693383948,0.10973345824050078,1.1770771108098843,0.1277266088366236,0.7246734425817212,1.253525587948249,-0.001086349158145667,1.2546119371063946,0.0
2333,46.66,idle,locomotion,1,120.55735272596763,-2.719084049079745,0.10973345824050078,1.1770771005111103,0.12772655130701302,0.7246734460970286,1.2535255921394455,-0.001086348577137724,1.2546119407165832,0.0
2334,46.68,idle,locomotion,1,120.6040181189266,-2.720156404775542,0.10973345824050078,1.1770770890745956,0.12772649314998802,0.724673450766036,1.2535255973490624,-0.0010863481018631473,1.2546119454509257,0.0
2335,46.7,idle,locomotion,1,120.65068351188557,-2.721228760471339,0.10973345824050078,1.1770770780290574,0.12772643428621716,0.7246734570044456,1.253525604124659,-0.001086347752483969,1.254611951877143,0.0
2336,46.72,idle,locomotion,1,120.69734890484455,-2.722301116167136,0.10973345824050078,1.1770770671571913,0.1277263744505473,0.7246734622101337,1.2535256099359489,-0.001086347325029921,1.2546119572609788,0.0
2337,46.74,idle,locomotion,1,120.74401429780352,-2.723373471862933,0.10973345824050078,1.1770770571187719,0.1277263133097627,0.7246734663785123,1.2535256146580043,-0.001086347210739004,1.2546119618687432,0.0
2338,46.76,idle,locomotion,1,120.79067969076249,-2.72444582755873,0.10973345824050078,1.177077049217875,0.1277262513451351,0.7246734705301054,1.2535256195907607,-0.001086346896793114,1.254611966487554,0.0
2339,46.78,idle,locomotion,1,120.83734508372146,-2.725518183254527,0.10973345824050078,1.177077042939745,0.12772618892025453,0.7246734746473587,1.25352562478306,-0.001086346450411571,1.2546119712334716,0.0
2340,46.8,idle,locomotion,1,120.88401047668043,-2.726590538950324,0.10973345824050078,1.177077036740607,0.1277261260461001,0.724673477883523,1.2535256292621122,-0.0010863457877235555,1.2546119750498357,0.0
2341,46.82,idle,locomotion,1,120.9306758696394,-2.727662894646121,0.10973345824050078,1.1770770301071602,0.12772606200644654,0.7246734804829483,1.253525632954382,-0.0010863453499308402,1.2546119783043128,0.0
2342,46.84,idle,locomotion,1,120.97734126259837,-2.728735250341918,0.10973345824050078,1.1770770241921489,0.12772599684602493,0.7246734833415868,1.2535256368680086,-0.0010863449579853225,1.254611981825994,0.0
2343,46.86,idle,locomotion,1,121.02400665555734,-2.729807606037715,0.10973345824050078,1.17707701910239,0.12772593098656396,0.7246734870613064,1.253525641692598,-0.0010863443772918119,1.2546119860698897,0.0
2344,46.88,idle,locomotion,1,121.07067204851631,-2.730879961733512,0.10973345824050078,1.177077013857633,0.12772586421727447,0.7246734913800128,1.2535256470155933,-0.0010863438131472059,1.2546119908287405,0.0
2345,46.9,idle,locomotion,1,121.11733744147529,-2.731952317429309,0.10973345824050078,1.1770770093357457,0.12772579666700012,0.7246734962677974,1.2535256529174292,-0.0010863432160098212,1.254611996133439,0.0
2346,46.92,idle,locomotion,1,121.16400283443426,-2.733024673125106,0.10973345824050078,1.1770770052716966,0.1277257283710281,0.724673500960737,1.253525658705147,-0.001086342684084616,1.2546120013892317,0.0
2347,46.94,idle,locomotion,1,121.21066822739323,-2.734097028820903,0.10973345824050078,1.177077001633094,0.12772565988078136,0.7246735055246368,1.2535256644436588,-0.0010863422731567582,1.2546120067168156,0.0
2348,46.96,idle,locomotion,1,121.2573336203522,-2.7351693845167,0.10973345824050078,1.1770769978795692,0.1277255913901347,0.7246735092578707,1.2535256694965646,-0.0010863419719807296,1.2546120114685453,0.0
2349,46.98,idle,locomotion,1,121.30399901331117,-2.736241740212497,0.10973345824050078,1.1770769934789205,0.1277255228355541,0.7246735120631587,1.2535256735989297,-0.00108634176713817,1.2546120153660678,0.0
2350,47.0,idle,locomotion,1,121.35066440627014,-2.737314095908294,0.10973345824050078,1.1770769886752699,0.12772545422790457,0.7246735138258948,1.2535256766644265,-0.0010863414637186618,1.254612018128145,0.0
2351,47.02,idle,locomotion,1,121.39732979922911,-2.738386451604091,0.10973345824050078,1.1770769841316984,0.12772538606908324,0.7246735157690144,1.253525680027288,-0.0010863410184820746,1.25461202104577,0.0
2352,47.04,idle,locomotion,1,121.44399519218808,-2.739458807299888,0.10973345824050078,1.1770769796801486,0.1277253184085547,0.7246735183615578,1.2535256841949685,-0.0010863404843096218,1.254612024679278,0.0
2353,47.06,idle,locomotion,1,121.49066058514705,-2.740531162995685,0.10973345824050078,1.1770769748721248,0.12772525092850748,0.724673521438724,1.2535256888227704,-0.0010863400172182944,1.2546120288399887,0.0
2354,47.08,idle,locomotion,1,121.53732597810603,-2.741603518691482,0.10973345824050078,1.1770769694561958,0.12772518350724765,0.7246735251754005,1.2535256940430592,-0.0010863396069567266,1.254612033650016,0.0
2355,47.1,idle,locomotion,1,121.583991371065,-2.7426758743872792,0.10973345824050078,1.177076963367257,0.12772511611961432,0.7246735296300212,1.2535256999341478,-0.0010863391929049337,1.2546120391270528,0.0
2356,47.12,idle,locomotion,1,121.63065676402397,-2.7437482300830762,0.10973345824050078,1.1770769566801909,0.12772504873596882,0.7246735344506009,1.2535257061941831,-0.0010863387218469113,1.25461204491603,0.0
2357,47.14,idle,locomotion,1,121.67732215698294,-2.7448205857788732,0.10973345824050078,1.177076949285414,0.12772498127550358,0.7246735391897758,1.2535257123757275,-0.0010863382142385185,1.254612050589966,0.0
2358,47.16,idle,locomotion,1,121.72398754994191,-2.7458929414746702,0.10973345824050078,1.1770769407669825,0.1277249138145175,0.724673543718569,1.2535257183135147,-0.0010863378124773282,1.254612056125992,0.0
2359,47.18,idle,locomotion,1,121.77065294290088,-2.7469652971704672,0.10973345824050078,1.1770769309431024,0.127724845963798,0.7246735478665743,1.2535257237029793,-0.0010863374827794064,1.2546120611857587,0.0
2360,47.2,idle,locomotion,1,121.81731833585985,-2.7480376528662642,0.10973345824050078,1.1770769204006157,0.12772477777919214,0.7246735512662862,1.2535257282482433,-0.0010863373575985408,1.2546120656058417,0.0
2361,47.22,idle,locomotion,1,121.86398372881882,-2.7491100085620612,0.10973345824050078,1.1770769096662,0.12772471028097926,0.7246735544019256,1.2535257326534754,-0.0010863371477681065,1.2546120698012435,0.0
2362,47.24,idle,locomotion,1,121.9106491217778,-2.7501823642578582,0.10973345824050078,1.1770768984897748,0.12772464318690654,0.7246735579730053,1.2535257374364919,-0.001086336941175426,1.2546120743776672,0.0
2363,47.26,idle,locomotion,1,121.95731451473677,-2.7512547199536552,0.10973345824050078,1.1770768866737633,0.1277245763547605,0.7246735620735285,1.2535257425830113,-0.0010863367460418188,1.2546120793290532,0.0
2364,47.28,idle,locomotion,1,122.00397990769574,-2.7523270756494522,0.10973345824050078,1.1770768746349614,0.12772451052794434,0.7246735659367111,1.2535257475421633,-0.0010863365139292952,1.2546120840560926,0.0
2365,47.3,idle,locomotion,1,122.05064530065471,-2.7533994313452492,0.10973345824050078,1.17707686273262,0.1277244452571124,0.7246735689028985,1.253525751615301,-0.0010863363708222065,1.2546120879861233,0.0
2366,47.32,idle,locomotion,1,122.09731069361368,-2.7544717870410462,0.10973345824050078,1.1770768516580377,0.12772438044614387,0.7246735708471446,1.2535257547753047,-0.001086336088610907,1.2546120908639156,0.0
2367,47.34,idle,locomotion,1,122.14397608657265,-2.7555441427368432,0.10973345824050078,1.1770768411061399,0.12772431578179588,0.7246735717515497,1.2535257569385378,-0.001086335760402294,1.2546120926989401,0.0
2368,47.36,idle,locomotion,1,122.19064147953162,-2.7566164984326402,0.10973345824050078,1.17707683031898,0.1277242512580016,0.7246735729601298,1.2535257592451903,-0.0010863354839667771,1.254612094729157,0.0
2369,47.38,idle,locomotion,1,122.23730687249059,-2.7576888541284372,0.10973345824050078,1.1770768192136878,0.1277241873406842,0.7246735756072451,1.253525762851738,-0.0010863351842412584,1.2546120980359792,0.0
2370,47.4,idle,locomotion,1,122.28397226544956,-2.7587612098242342,0.10973345824050078,1.177076808215958,0.1277241249600122,0.7246735801962895,1.2535257684289176,-0.0010863346807259873,1.2546121031096436,0.0
2371,47.42,idle,locomotion,1,122.33063765840853,-2.7598335655200312,0.10973345824050078,1.1770767967282716,0.12772406413772935,0.7246735855709963,1.2535257748127657,-0.0010863341189369692,1.2546121089317026,0.0
2372,47.44,idle,locomotion,1,122.3773030513675,-2.7609059212158282,0.10973345824050078,1.1770767846096886,0.1277240044338485,0.724673591449918,1.2535257815090772,-0.0010863338287835783,1.2546121153378609,0.0
2373,47.46,idle,locomotion,1,122.42396844432648,-2.7619782769116252,0.10973345824050078,1.1770767724318447,0.12772394600970927,0.7246735973647787,1.2535257882631945,-0.0010863334768860151,1.2546121217400805,0.0
2374,47.48,idle,locomotion,1,122.47063383728545,-2.7630506326074222,0.10973345824050078,1.1770767599607317,0.12772388870861512,0.724673601917344,1.253525793712411,-0.0010863331799160075,1.254612126892327,0.0
2375,47.5,idle,locomotion,1,122.51729923024442,-2.7641229883032192,0.10973345824050078,1.177076747005278,0.12772383241803514,0.7246736051810211,1.2535257978141767,-0.0010863330120780938,1.2546121308262548,0.0
2376,47.52,idle,locomotion,1,122.56396462320339,-2.7651953439990162,0.10973345824050078,1.1770767338898422,0.12772377710263602,0.7246736066463326,1.2535258001520349,-0.0010863329047786953,1.2546121330568136,0.0
2377,47.54,idle,locomotion,1,122.61063001616236,-2.7662676996948132,0.10973345824050078,1.1770767209963353,0.12772372244617483,0.7246736078120553,1.2535258020750981,-0.001086332922236314,1.2546121349973345,0.0
2378,47.56,idle,locomotion,1,122.65729540912133,-2.7673400553906102,0.10973345824050078,1.177076708152102,0.12772366832161997,0.7246736101017521,1.25352580498628,-0.001086332725141928,1.254612137711422,0.0
2379,47.58,idle,locomotion,1,122.7039608020803,-2.7684124110864072,0.10973345824050078,1.1770766960991086,0.12772361507266033,0.7246736130665946,1.2535258086477479,-0.0010863322500145253,1.2546121408977624,0.0
2380,47.6,idle,locomotion,1,122.75062619503927,-2.7694847667822042,0.10973345824050078,1.177076684421993,0.12772356269087015,0.7246736155828287,1.253525811947751,-0.001086331742485236,1.2546121436902362,0.0
2381,47.62,idle,locomotion,1,122.79729158799825,-2.7705571224780012,0.10973345824050078,1.1770766729162627,0.12772351096562246,0.7246736182872038,1.2535258153130233,-0.001086331349558909,1.2546121466625821,0.0
2382,47.64,idle,locomotion,1,122.84395698095722,-2.7716294781737982,0.10973345824050078,1.1770766618707473,0.12772345956359674,0.7246736207757528,1.2535258184449478,-0.0010863309461013222,1.2546121493910491,0.0
2383,47.66,idle,locomotion,1,122.89062237391619,-2.7727018338695952,0.10973345824050078,1.1770766515509223,0.12772340816128477,0.7246736230820121,1.2535258213295024,-0.0010863306029651014,1.2546121519324676,0.0
2384,47.68,idle,locomotion,1,122.93728776687516,-2.7737741895653922,0.10973345824050078,1.1770766420647973,0.12772335671767096,0.72467362585402,1.2535258246305743,-0.0010863302873526971,1.254612154917927,0.0
2385,47.7,idle,locomotion,1,122.98395315983413,-2.7748465452611892,0.10973345824050078,1.1770766337482452,0.12772330553837852,0.724673629304239,1.2535258286813558,-0.0010863297983009085,1.2546121584796566,0.0
2386,47.72,idle,locomotion,1,123.0306185527931,-2.7759189009569862,0.10973345824050078,1.177076626381611,0.12772325441801197,0.7246736334282045,1.2535258334980777,-0.0010863290248284765,1.254612162522906,0.0
2387,47.74,idle,locomotion,1,123.07728394575207,-2.7769912566527832,0.10973345824050078,1.1770766193903641,0.12772320293714026,0.7246736379938766,1.2535258388178376,-0.0010863281273462526,1.254612166945184,0.0
2388,47.76,idle,locomotion,1,123.12394933871104,-2.7780636123485802,0.10973345824050078,1.1770766122249507,0.12772315045045862,0.7246736421333266,1.2535258436628351,-0.0010863274461166833,1.2546121711089517,0.0
2389,47.78,idle,locomotion,1,123.17061473167001,-2.7791359680443772,0.10973345824050078,1.1770766045663248,0.1277230970630845,0.724673645473956,1.2535258476045632,-0.0010863271335634916,1.2546121747381267,0.0
2390,47.8,idle,locomotion,1,123.21728012462899,-2.7802083237401742,0.10973345824050078,1.177076596678527,0.12772304326275175,0.7246736492363387,1.2535258518327428,-0.00108632700104647,1.2546121788337892,0.0
2391,47.82,idle,locomotion,1,123.26394551758796,-2.7812806794359712,0.10973345824050078,1.1770765891654356,0.12772298943979468,0.7246736532020553,1.2535258562432556,-0.0010863269069860022,1.2546121831502417,0.0
2392,47.84,idle,locomotion,1,123.31061091054693,-2.7823530351317682,0.10973345824050078,1.1770765818973414,0.12772293591800185,0.724673656780207,1.2535258602552486,-0.001086326606533801,1.2546121868617823,0.0
2393,47.86,idle,locomotion,1,123.3572763035059,-2.7834253908275652,0.10973345824050078,1.1770765746373608,0.12772288265399281,0.7246736600510199,1.253525863907612,-0.001086326163986833,1.2546121900715987,0.0
2394,47.88,idle,locomotion,1,123.40394169646487,-2.7844977465233622,0.10973345824050078,1.1770765679937594,0.12772282925115477,0.7246736627408498,1.253525866961218,-0.0010863256212710823,1.254612192582489,0.0
2395,47.9,idle,locomotion,1,123.45060708942384,-2.7855701022191592,0.10973345824050078,1.1770765619992873,0.12772277574134444,0.7246736649339516,1.2535258695515379,-0.001086325185957502,1.2546121947374953,0.0
2396,47.92,idle,locomotion,1,123.49727248238281,-2.7866424579149562,0.10973345824050078,1.1770765566527415,0.12772272214913488,0.7246736666207326,1.2535258717240312,-0.0010863248458573352,1.2546121965698884,0.0
2397,47.94,idle,locomotion,1,123.54393787534178,-2.7877148136107532,0.10973345824050078,1.177076551992611,0.12772266849848007,0.724673668028126,1.2535258737000508,-0.0010863244827421618,1.254612198182793,0.0
2398,47.96,idle,locomotion,1,123.59060326830075,-2.7887871693065502,0.10973345824050078,1.1770765474326994,0.12772261496986717,0.7246736693386432,1.253525875638982,-0.001086324112186933,1.254612199751169,0.0
2399,47.98,idle,locomotion,1,123.63726866125972,-2.7898595250023472,0.10973345824050078,1.1770765424056469,0.1277225617448815,0.7246736710866529,1.2535258780005623,-0.0010863237773052724,1.2546122017778676,0.0
2400,48.0,idle,locomotion,1,123.6839340542187,-2.7909318806981442,0.10973345824050078,1.1770765373081078,0.12772250876373145,0.7246736740828067,1.2535258815555563,-0.0010863234253136872,1.2546122049808701,0.0
2401,48.02,idle,locomotion,1,123.73059944717767,-2.7920042363939412,0.10973345824050078,1.1770765324788837,0.1277224558344249,0.7246736773719256,1.2535258854062243,-0.0010863229393222873,1.2546122083455467,0.0
2402,48.04,idle,locomotion,1,123.77726484013664,-2.7930765920897382,0.10973345824050078,1.177076527807762,0.12772240304568272,0.7246736798237368,1.253525888462666,-0.001086322381971705,1.2546122108446378,0.0
2403,48.06,idle,locomotion,1,123.82393023309561,-2.7941489477855352,0.10973345824050078,1.1770765231841933,0.1277223504966959,0.7246736818468149,1.2535258911467122,-0.0010863218620081154,1.2546122130087203,0.0
2404,48.08,idle,locomotion,1,123.87059562605458,-2.7952213034813322,0.10973345824050078,1.1770765183331995,0.1277222979499005,0.7246736832582544,1.253525893251594,-0.0010863213905467628,1.2546122146421408,0.0
2405,48.1,idle,locomotion,1,123.91726101901355,-2.7962936591771292,0.10973345824050078,1.1770765128329073,0.12772224553492412,0.7246736846365653,1.2535258952405628,-0.0010863210283499,1.2546122162689126,0.0
2406,48.12,idle,locomotion,1,123.96392641197252,-2.7973660148729262,0.10973345824050078,1.177076506467241,0.12772219387892805,0.7246736872040129,1.2535258983903292,-0.0010863205461857164,1.254612218936515,0.0
2407,48.14,idle,locomotion,1,124.0105918049315,-2.7984383705687232,0.10973345824050078,1.1770764997382026,0.1277221429906683,0.7246736905338751,1.2535259023407854,-0.0010863198930670705,1.2546122222338525,0.0
2408,48.16,idle,locomotion,1,124.05725719789046,-2.7995107262645202,0.10973345824050078,1.1770764928031432,0.12772209262669837,0.724673694413606,1.25352590680603,-0.0010863192092433888,1.2546122260152734,0.0
2409,48.18,idle,locomotion,1,124.10392259084944,-2.8005830819603172,0.10973345824050078,1.1770764857192857,0.1277220432276045,0.7246736985851113,1.2535259116766309,-0.001086318531106207,1.2546122302077372,0.0
2410,48.2,idle,locomotion,1,124.1505879838084,-2.8016554376561142,0.10973345824050078,1.1770764779259335,0.12772199473191143,0.7246737023293345,1.253525916184703,-0.0010863179349172684,1.2546122341196202,0.0
2411,48.22,idle,locomotion,1,124.19725337676738,-2.8027277933519112,0.10973345824050078,1.1770764690379056,0.12772194689761054,0.7246737053068188,1.2535259198837267,-0.0010863174283525963,1.2546122373120794,0.0
2412,48.24,idle,locomotion,1,124.24391876972635,-2.8038001490477082,0.10973345824050078,1.1770764592520868,0.12772189982917273,0.7246737078615614,1.2535259231478437,-0.0010863170582623531,1.2546122402061062,0.0
2413,48.26,idle,locomotion,1,124.29058416268532,-2.8048725047435052,0.10973345824050078,1.1770764483910683,0.12772185373333075,0.7246737102854716,1.253525926306073,-0.0010863166522742662,1.2546122429583473,0.0
2414,48.28,idle,locomotion,1,124.33724955564429,-2.8059448604393022,0.10973345824050078,1.1770764363608015,0.12772180853448456,0.7246737128671364,1.2535259295745877,-0.001086316203752439,1.2546122457783402,0.0
2415,48.3,idle,locomotion,1,124.38391494860326,-2.8070172161350992,0.10973345824050078,1.1770764237308602,0.12772176391395387,0.7246737158678266,1.2535259331933282,-0.0010863157123115683,1.2546122489056397,0.0
2416,48.32,idle,locomotion,1,124.43058034156223,-2.8080895718308962,0.10973345824050078,1.1770764104248956,0.12772171988690817,0.7246737190679347,1.253525936993471,-0.00108631525874393,1.254612252252215,0.0
2417,48.34,idle,locomotion,1,124.4772457345212,-2.8091619275266932,0.10973345824050078,1.1770763965963666,0.12772167646572088,0.7246737228016961,1.2535259412834459,-0.001086314952697693,1.2546122562361435,0.0
2418,48.36,idle,locomotion,1,124.52391112748018,-2.8102342832224902,0.10973345824050078,1.177076382598061,0.12772163360979077,0.724673727226979,1.2535259462907817,-0.0010863146516051393,1.2546122609423869,0.0
2419,48.38,idle,locomotion,1,124.57057652043915,-2.8113066389182872,0.10973345824050078,1.177076368062496,0.12772159149813134,0.7246737317035042,1.2535259514049728,-0.0010863142975960742,1.254612265702569,0.0
2420,48.4,idle,locomotion,1,124.61724191339812,-2.8123789946140842,0.10973345824050078,1.1770763533529691,0.12772154963334878,0.7246737355426008,1.2535259558671052,-0.0010863139166266376,1.2546122697837319,0.0
2421,48.42,idle,locomotion,1,124.66390730635709,-2.8134513503098812,0.10973345824050078,1.1770763386768992,0.12772150749152444,0.7246737392970507,1.2535259601091808,-0.0010863134590870516,1.2546122735682679,0.0
2422,48.44,idle,locomotion,1,124.71057269931606,-2.8145237060056782,0.10973345824050078,1.1770763244032496,0.12772146497401912,0.7246737429356291,1.2535259641939809,-0.0010863131186941155,1.2546122773126749,0.0
2423,48.46,idle,locomotion,1,124.75723809227503,-2.8155960617014753,0.10973345824050078,1.1770763112908749,0.1277214218125093,0.7246737464852986,1.2535259681745725,-0.00108631285574564,1.2546122810303182,0.0
2424,48.48,idle,locomotion,1,124.803903485234,-2.8166684173972723,0.10973345824050078,1.1770762993250539,0.12772137782089166,0.7246737496371285,1.2535259717638352,-0.0010863126222378575,1.254612284386073,0.0
2425,48.5,idle,locomotion,1,124.85056887819297,-2.8177407730930693,0.10973345824050078,1.177076288422463,0.1277213332735769,0.7246737527371772,1.2535259752888794,-0.0010863123781116452,1.2546122876669912,0.0
2426,48.52,idle,locomotion,1,124.89723427115194,-2.8188131287888663,0.10973345824050078,1.1770762785536142,0.12772128842240585,0.7246737562792986,1.2535259793234226,-0.0010863120077297082,1.2546122913311524,0.0
2427,48.54,idle,locomotion,1,124.94389966411092,-2.8198854844846633,0.10973345824050078,1.1770762695731347,0.12772124313861158,0.724673759619764,1.2535259832359809,-0.0010863115955443044,1.2546122948315253,0.0
2428,48.56,idle,locomotion,1,124.99056505706989,-2.8209578401804603,0.10973345824050078,1.177076261549585,0.12772119704265178,0.7246737625443176,1.2535259867101183,-0.0010863112837883847,1.2546122979939067,0.0
2429,48.58,idle,locomotion,1,125.03723045002886,-2.8220301958762573,0.10973345824050078,1.1770762542550803,0.12772115038344825,0.7246737647856457,1.2535259895331505,-0.0010863110803860272,1.2546123006135366,0.0
2430,48.6,idle,locomotion,1,125.08389584298783,-2.8231025515720543,0.10973345824050078,1.1770762476550907,0.12772110361598296,0.7246737667521714,1.2535259921336086,-0.0010863108875968398,1.2546123030212055,0.0
2431,48.62,idle,locomotion,1,125.1305612359468,-2.8241749072678513,0.10973345824050078,1.177076241724592,0.12772105673448553,0.7246737688418634,1.2535259949175455,-0.00108631060292326,1.2546123055204688,0.0
2432,48.64,idle,locomotion,1,125.17722662890577,-2.8252472629636483,0.10973345824050078,1.1770762361331857,0.12772100949532617,0.7246737706210205,1.2535259974144637,-0.001086310246953704,1.2546123076614173,0.0
2433,48.66,idle,locomotion,1,125.22389202186474,-2.8263196186594453,0.10973345824050078,1.1770762311240455,0.12772096199963828,0.724673773263228,1.253526000740537,-0.0010863098795518035,1.2546123106200888,0.0
2434,48.68,idle,locomotion,1,125.27055741482371,-2.8273919743552423,0.10973345824050078,1.1770762266087413,0.1277209143330983,0.7246737765096504,1.253526004777361,-0.0010863093211994808,1.2546123140985606,0.0
2435,48.7,idle,locomotion,1,125.31722280778268,-2.8284643300510393,0.10973345824050078,1.1770762213904258,0.12772086669376426,0.7246737799509031,1.2535260089949398,-0.0010863087207485626,1.2546123177156885,0.0
2436,48.72,idle,locomotion,1,125.36388820074166,-2.8295366857468363,0.10973345824050078,1.1770762152631573,0.1277208195150968,0.724673784114316,1.2535260138918223,-0.0010863081385026757,1.254612322030325,0.0
2437,48.74,idle,locomotion,1,125.41055359370063,-2.8306090414426333,0.10973345824050078,1.1770762086808966,0.12772077263235884,0.7246737881455261,1.2535260186724737,-0.001086307545860636,1.2546123262183344,0.0
2438,48.76,idle,locomotion,1,125.4572189866596,-2.8316813971384303,0.10973345824050078,1.1770762018761023,0.1277207257588447,0.7246737912563772,1.2535260225284195,-0.0010863069419834517,1.254612329470403,0.0
2439,48.78,idle,locomotion,1,125.50388437961857,-2.8327537528342273,0.10973345824050078,1.1770761946137063,0.12772067854425065,0.7246737947781026,1.2535260266524624,-0.0010863063396236543,1.254612332992086,0.0
2440,48.8,idle,locomotion,1,125.55054977257754,-2.8338261085300243,0.10973345824050078,1.177076187016079,0.12772063107058051,0.7246737986404581,1.2535260311331011,-0.0010863057148679037,1.2546123368479691,0.0
2441,48.82,idle,locomotion,1,125.59721516553651,-2.8348984642258213,0.10973345824050078,1.1770761793620652,0.1277205835114662,0.7246738019053438,1.2535260351284354,-0.0010863051389488239,1.2546123402673843,0.0
2442,48.84,idle,locomotion,1,125.64388055849548,-2.8359708199216183,0.10973345824050078,1.1770761712423927,0.12772053585745388,0.724673804828333,1.2535260387994367,-0.0010863045505657316,1.2546123433500025,0.0
2443,48.86,idle,locomotion,1,125.69054595145445,-2.8370431756174153,0.10973345824050078,1.1770761628318755,0.1277204877467899,0.7246738075596527,1.2535260422479484,-0.0010863041566161018,1.2546123464045644,0.0
2444,48.88,idle,locomotion,1,125.73721134441342,-2.8381155313132123,0.10973345824050078,1.1770761543687305,0.1277204393766456,0.724673810339032,1.2535260457396296,-0.0010863038677833628,1.2546123496074129,0.0
2445,48.9,idle,locomotion,1,125.7838767373724,-2.8391878870090093,0.10973345824050078,1.1770761459377241,0.12772039110571204,0.7246738132273445,1.2535260493617428,-0.0010863036772575316,1.2546123530390003,0.0
2446,48.92,idle,locomotion,1,125.83054213033137,-2.8402602427048063,0.10973345824050078,1.177076137783969,0.12772034296636403,0.7246738161893623,1.2535260530688772,-0.0010863036231095816,1.254612356691987,0.0
2447,48.94,idle,locomotion,1,125.87720752329034,-2.8413325984006033,0.10973345824050078,1.1770761300796284,0.12772029499962578,0.7246738193537627,1.2535260569838926,-0.001086303642212856,1.2546123606261055,0.0
2448,48.96,idle,locomotion,1,125.92387291624931,-2.8424049540964003,0.10973345824050078,1.1770761227144948,0.127720247465458,0.7246738225516604,1.2535260610018668,-0.0010863034748072667,1.254612364476674,0.0
2449,48.98,idle,locomotion,1,125.97053830920828,-2.8434773097921973,0.10973345824050078,1.177076115149458,0.12772020051382207,0.7246738255736708,1.253526064866356,-0.0010863033411388327,1.2546123682074948,0.0
2450,49.0,idle,locomotion,1,126.01720370216725,-2.8445496654879943,0.10973345824050078,1.1770761076552605,0.12772015422663244,0.7246738284998799,1.253526068643128,-0.0010863032030877379,1.2546123718462157,0.0
2451,49.02,idle,locomotion,1,126.06386909512622,-2.8456220211837913,0.10973345824050078,1.1770761002124643,0.12772010857106042,0.724673830377535,1.2535260714352494,-0.0010863029673076723,1.254612374402557,0.0
2452,49.04,idle,locomotion,1,126.1105344880852,-2.8466943768795883,0.10973345824050078,1.1770760925497903,0.1277200639809593,0.724673831970457,1.2535260739348062,-0.0010863028241216016,1.254612376758928,0.0
2453,49.06,idle,locomotion,1,126.15719988104416,-2.8477667325753853,0.10973345824050078,1.1770760841850325,0.1277200207191983,0.7246738335495646,1.2535260764495497,-0.0010863025772625719,1.2546123790268122,0.0
2454,49.08,idle,locomotion,1,126.20386527400314,-2.8488390882711823,0.10973345824050078,1.177076075429179,0.12771997860187173,0.7246738353589036,1.2535260791765677,-0.0010863022602241035,1.2546123814367918,0.0
2455,49.1,idle,locomotion,1,126.2505306669621,-2.8499114439669793,0.10973345824050078,1.1770760663738842,0.12771993717799593,0.7246738369466528,1.2535260816919704,-0.001086301808691726,1.2546123835006622,0.0
2456,49.12,idle,locomotion,1,126.29719605992108,-2.8509837996627763,0.10973345824050078,1.177076057052623,0.12771989609697815,0.724673838148569,1.2535260837326583,-0.0010863014301875605,1.254612385162846,0.0
2457,49.14,idle,locomotion,1,126.34386145288005,-2.8520561553585733,0.10973345824050078,1.1770760475543682,0.12771985531875787,0.7246738397441559,1.2535260860515203,-0.00108630102555652,1.254612387077077,0.0
2458,49.16,idle,locomotion,1,126.39052684583902,-2.8531285110543703,0.10973345824050078,1.1770760381029448,0.12771981480277783,0.7246738413828763,1.253526088393004,-0.0010863005580765799,1.2546123889510805,0.0
2459,49.18,idle,locomotion,1,126.43719223879799,-2.8542008667501673,0.10973345824050078,1.1770760287273327,0.1277197745584272,0.7246738432677012,1.2535260909831791,-0.001086299953522673,1.2546123909367017,0.0
2460,49.2,idle,locomotion,1,126.48385763175696,-2.8552732224459643,0.10973345824050078,1.177076019081404,0.12771973477650883,0.724673845079388,1.2535260936057673,-0.0010862992391094325,1.2546123928448767,0.0
2461,49.22,idle,locomotion,1,126.53052302471593,-2.8563455781417613,0.10973345824050078,1.1770760089599275,0.12771969554024676,0.7246738468177617,1.253526096215529,-0.001086298664699635,1.2546123948802286,0.0
2462,49.24,idle,locomotion,1,126.5771884176749,-2.8574179338375583,0.10973345824050078,1.1770759983222459,0.12771965682244593,0.724673848998266,1.2535260992764556,-0.0010862982406128867,1.2546123975170684,0.0
2463,49.26,idle,locomotion,1,126.62385381063388,-2.8584902895333553,0.10973345824050078,1.177075986315559,0.12771961872279347,0.7246738511655709,1.2535261022757984,-0.0010862978291715404,1.2546124001049699,0.0
2464,49.28,idle,locomotion,1,126.67051920359285,-2.8595626452291523,0.10973345824050078,1.1770759736710041,0.12771958104990078,0.7246738538762105,1.2535261056814124,-0.0010862974595483264,1.2546124031409607,0.0
2465,49.3,idle,locomotion,1,126.71718459655182,-2.8606350009249493,0.10973345824050078,1.1770759608393089,0.12771954392581233,0.7246738574202707,1.2535261098987487,-0.0010862969934702371,1.2546124068922189,0.0
2466,49.32,idle,locomotion,1,126.76384998951079,-2.8617073566207463,0.10973345824050078,1.1770759471295638,0.12771950726421574,0.724673860644584,1.2535261137322526,-0.0010862966091514104,1.254612410341404,0.0
2467,49.34,idle,locomotion,1,126.81051538246976,-2.8627797123165433,0.10973345824050078,1.177075933021886,0.1277194707442249,0.7246738637118195,1.2535261172180603,-0.0010862963520446162,1.254612413570105,0.0
2468,49.36,idle,locomotion,1,126.85718077542873,-2.8638520680123403,0.10973345824050078,1.1770759194122342,0.1277194343574663,0.7246738675777438,1.2535261213812623,-0.0010862960514975394,1.2546124174327598,0.0
2469,49.38,idle,locomotion,1,126.9038461683877,-2.8649244237081373,0.10973345824050078,1.177075906781616,0.12771939838190283,0.7246738717630374,1.253526125943997,-0.0010862955653498478,1.2546124215093468,0.0
2470,49.4,idle,locomotion,1,126.95051156134667,-2.8659967794039343,0.10973345824050078,1.1770758942794621,0.1277193631585721,0.7246738747803442,1.2535261295003763,-0.0010862949226738798,1.2546124244230503,0.0
2471,49.42,idle,locomotion,1,126.99717695430564,-2.8670691350997313,0.10973345824050078,1.177075882077022,0.12771932832049063,0.7246738769773252,1.2535261322659932,-0.0010862943933449276,1.2546124266593381,0.0
2472,49.44,idle,locomotion,1,127.04384234726462,-2.8681414907955283,0.10973345824050078,1.177075870521428,0.12771929337486895,0.724673878515112,1.2535261344173154,-0.001086293873317653,1.254612428290633,0.0
2473,49.46,idle,locomotion,1,127.09050774022359,-2.8692138464913253,0.10973345824050078,1.1770758589572254,0.12771925852489815,0.7246738795618237,1.2535261360654983,-0.0010862934528453674,1.2546124295183436,0.0
2474,49.48,idle,locomotion,1,127.13717313318256,-2.8702862021871223,0.10973345824050078,1.1770758475061007,0.1277192238328311,0.724673880814117,1.2535261378863654,-0.0010862931278968896,1.2546124310142623,0.0
2475,49.5,idle,locomotion,1,127.18383852614153,-2.8713585578829193,0.10973345824050078,1.1770758366965715,0.1277191895084061,0.7246738825959919,1.253526140303619,-0.0010862926638099436,1.254612432967429,0.0
2476,49.52,idle,locomotion,1,127.2305039191005,-2.8724309135787163,0.10973345824050078,1.1770758264711185,0.1277191555651889,0.724673884798932,1.2535261432107219,-0.0010862920666461356,1.254612435277368,0.0
2477,49.54,idle,locomotion,1,127.27716931205947,-2.8735032692745133,0.10973345824050078,1.1770758163551265,0.12771912156804055,0.724673886950887,1.2535261460085694,-0.001086291491789175,1.2546124375003584,0.0
2478,49.56,idle,locomotion,1,127.32383470501844,-2.8745756249703103,0.10973345824050078,1.1770758061730386,0.12771908738063265,0.7246738891465694,1.2535261487317666,-0.0010862910503333795,1.2546124397821,0.0
2479,49.58,idle,locomotion,1,127.37050009797741,-2.8756479806661073,0.10973345824050078,1.177075796038343,0.1277190531004461,0.7246738915506571,1.2535261516044682,-0.001086290658943053,1.2546124422634113,0.0
2480,49.6,idle,locomotion,1,127.41716549093638,-2.8767203363619043,0.10973345824050078,1.1770757859968881,0.12771901885021655,0.7246738942716751,1.2535261547654277,-0.0010862902694385272,1.2546124450348664,0.0
2481,49.62,idle,locomotion,1,127.46383088389535,-2.8777926920577013,0.10973345824050078,1.177075776035855,0.12771898468702547,0.7246738974196809,1.253526158334404,-0.0010862899465236553,1.2546124482809276,0.0
2482,49.64,idle,locomotion,1,127.51049627685433,-2.8788650477534983,0.10973345824050078,1.177075766410744,0.1277189506563185,0.724673901463668,1.2535261627937344,-0.0010862896511840275,1.2546124524449185,0.0
2483,49.66,idle,locomotion,1,127.5571616698133,-2.8799374034492953,0.10973345824050078,1.1770757558447207,0.12771891716917902,0.7246739060000016,1.2535261677631204,-0.0010862891684432253,1.2546124569315638,0.0
2484,49.68,idle,locomotion,1,127.60382706277227,-2.8810097591450923,0.10973345824050078,1.1770757442137685,0.1277188845565908,0.7246739101198231,1.2535261723360298,-0.0010862887213848628,1.2546124610574148,0.0
2485,49.7,idle,locomotion,1,127.65049245573124,-2.8820821148408893,0.10973345824050078,1.1770757324664882,0.1277188520548342,0.7246739137986555,1.2535261763768937,-0.0010862882723942577,1.254612464649288,0.0
2486,49.72,idle,locomotion,1,127.69715784869021,-2.8831544705366863,0.10973345824050078,1.1770757200130808,0.12771881975861793,0.7246739181049175,1.2535261808885096,-0.001086287693093782,1.2546124685816034,0.0
2487,49.74,idle,locomotion,1,127.74382324164918,-2.8842268262324833,0.10973345824050078,1.1770757067781195,0.12771878814688759,0.7246739222942375,1.2535261852752297,-0.001086287109690602,1.2546124723849204,0.0
2488,49.76,idle,locomotion,1,127.79048863460815,-2.8852991819282803,0.10973345824050078,1.1770756937520443,0.1277187567661757,0.724673925535013,1.2535261887017504,-0.001086286558021201,1.2546124752597716,0.0
2489,49.78,idle,locomotion,1,127.83715402756712,-2.8863715376240773,0.10973345824050078,1.1770756809895644,0.1277187253004775,0.7246739284323924,1.2535261917406713,-0.0010862860320783319,1.2546124777727496,0.0
2490,49.8,idle,locomotion,1,127.8838194205261,-2.8874438933198743,0.10973345824050078,1.1770756683137304,0.12771869352694368,0.7246739311554158,1.2535261945523264,-0.0010862855710119454,1.2546124801233383,0.0
2491,49.82,idle,locomotion,1,127.93048481348507,-2.8885162490156713,0.10973345824050078,1.1770756563186118,0.12771866118014935,0.7246739340210001,1.2535261974640077,-0.0010862851694892761,1.254612482633497,0.0
2492,49.84,idle,locomotion,1,127.97715020644404,-2.8895886047114683,0.10973345824050078,1.1770756454731155,0.12771862838605302,0.7246739369281354,1.2535262005292591,-0.0010862847546096906,1.2546124852838687,0.0
2493,49.86,idle,locomotion,1,128.02381559940272,-2.8906609604072653,0.10973345824050078,1.1770756352752296,0.12771859519151946,0.7246739392963536,1.2535262031445022,-0.001086284468417499,1.2546124876129197,0.0
2494,49.88,idle,locomotion,1,128.07048099236113,-2.8917333161030623,0.10973345824050078,1.1770756258691015,0.12771856150142724,0.724673941059495,1.2535262051914025,-0.001086284161575378,1.2546124893529778,0.0
2495,49.9,idle,locomotion,1,128.11714638531953,-2.8928056717988593,0.10973345824050078,1.1770756174766412,0.12771852727968588,0.7246739426251624,1.2535262071015199,-0.0010862836516414391,1.2546124907531613,0.0
2496,49.92,idle,locomotion,1,128.16381177827793,-2.8938780274946563,0.10973345824050078,1.1770756089473666,0.12771849282503092,0.7246739444078201,1.253526209229142,-0.0010862829146808285,1.2546124921438229,0.0
2497,49.94,idle,locomotion,1,128.21047717123633,-2.8949503831904533,0.10973345824050078,1.1770756003076386,0.12771845861629094,0.7246739460024688,1.2535262112531318,-0.0010862822338530628,1.254612493486985,0.0
2498,49.96,idle,locomotion,1,128.25714256419474,-2.8960227388862503,0.10973345824050078,1.177075591838317,0.1277184244500647,0.724673947371547,1.253526213112233,-0.0010862815795463603,1.2546124946917792,0.0
2499,49.98,idle,locomotion,1,128.30380795715314,-2.8970950945820473,0.10973345824050078,1.1770755832468591,0.12771839032537805,0.7246739489438118,1.2535262152189874,-0.0010862808877007968,1.2546124961066882,0.0
2500,50.0,idle,locomotion,1,128.35047335011154,-2.8981674502778443,0.10973345824050078,1.1770755743039185,0.1277183560406218,0.7246739511063313,1.2535262179015,-0.0010862801470447672,1.254612498048545,0.0
2501,50.02,idle,locomotion,1,128.39713874306995,-2.8992398059736413,0.10973345824050078,1.1770755648266187,0.12771832108161577,0.7246739535868264,1.2535262208056295,-0.0010862795227218162,1.2546125003283513,0.0
2502,50.04,idle,locomotion,1,128.44380413602835,-2.9003121616694383,0.10973345824050078,1.1770755550874232,0.12771828527895945,0.724673955457592,1.2535262230444941,-0.0010862791077215425,1.2546125021522156,0.0
2503,50.06,idle,locomotion,1,128.49046952898675,-2.9013845173652353,0.10973345824050078,1.1770755460935096,0.12771824850836297,0.7246739571834283,1.2535262250961505,-0.0010862788613155358,1.254612503957466,0.0
2504,50.08,idle,locomotion,1,128.53713492194515,-2.9024568730610323,0.10973345824050078,1.1770755381732663,0.12771821107054174,0.7246739595907467,1.2535262279089392,-0.0010862786207138722,1.2546125065296532,0.0
2505,50.1,idle,locomotion,1,128.58380031490356,-2.9035292287568293,0.10973345824050078,1.177075530370327,0.1277181735182426,0.7246739619584234,1.2535262307960044,-0.0010862784292850654,1.2546125092252896,0.0
2506,50.12,idle,locomotion,1,128.63046570786196,-2.9046015844526263,0.10973345824050078,1.1770755222878209,0.12771813619966788,0.724673965056026,1.2535262343834608,-0.0010862782102565686,1.2546125125937173,0.0
2507,50.14,idle,locomotion,1,128.67713110082036,-2.9056739401484233,0.10973345824050078,1.1770755138416689,0.12771809888149882,0.7246739691085915,1.2535262389230868,-0.0010862777566939645,1.2546125166797808,0.0
2508,50.16,idle,locomotion,1,128.72379649377876,-2.9067462958442203,0.10973345824050078,1.177075505476383,0.12771806099264066,0.7246739730998126,1.2535262434271726,-0.0010862772077034066,1.254612520634876,0.0
2509,50.18,idle,locomotion,1,128.77046188673717,-2.9078186515400173,0.10973345824050078,1.1770754975424975,0.12771802244810368,0.7246739767222217,1.253526247640799,-0.0010862767125292758,1.2546125243533282,0.0
2510,50.2,idle,locomotion,1,128.81712727969557,-2.9088910072358143,0.10973345824050078,1.1770754896426148,0.1277179833085746,0.7246739798266966,1.2535262513811076,-0.001086276286872346,1.25461252766798,0.0
2511,50.22,idle,locomotion,1,128.86379267265397,-2.9099633629316113,0.10973345824050078,1.1770754813725697,0.12771794402908773,0.7246739825251899,1.2535262547645,-0.0010862757533285118,1.2546125305178286,0.0
2512,50.24,idle,locomotion,1,128.91045806561237,-2.9110357186274083,0.10973345824050078,1.177075473033073,0.12771790461310267,0.7246739844860728,1.2535262574999104,-0.0010862751095133787,1.2546125326094237,0.0
2513,50.26,idle,locomotion,1,128.95712345857078,-2.9121080743232053,0.10973345824050078,1.1770754645806798,0.12771786501348228,0.7246739861012729,1.2535262599095094,-0.0010862743334431393,1.2546125342429526,0.0
2514,50.28,idle,locomotion,1,129.00378885152918,-2.9131804300190023,0.10973345824050078,1.177075455873647,0.12771782498509757,0.7246739879328005,1.253526262490653,-0.0010862737770920457,1.254612536267745,0.0
2515,50.3,idle,locomotion,1,129.05045424448758,-2.9142527857147993,0.10973345824050078,1.1770754467302749,0.12771778466117817,0.7246739895978399,1.2535262649008443,-0.0010862733170600297,1.2546125382179043,0.0
2516,50.32,idle,locomotion,1,129.09711963744599,-2.9153251414105963,0.10973345824050078,1.1770754365129157,0.12771774485348952,0.7246739920425936,1.253526268031446,-0.0010862729095214192,1.2546125409409674,0.0
2517,50.34,idle,locomotion,1,129.1437850304044,-2.9163974971063933,0.10973345824050078,1.1770754258232141,0.12771770614345074,0.7246739956794606,1.253526272421038,-0.0010862724887638342,1.254612544909802,0.0
2518,50.36,idle,locomotion,1,129.1904504233628,-2.9174698528021903,0.10973345824050078,1.177075415357451,0.1277176678618781,0.7246739994767244,1.2535262769846636,-0.0010862720398521278,1.2546125490245157,0.0
2519,50.38,idle,locomotion,1,129.2371158163212,-2.9185422084979873,0.10973345824050078,1.1770754056469257,0.12771762949984738,0.7246740032002252,1.253526281450445,-0.0010862716950186327,1.2546125531454637,0.0
2520,50.4,idle,locomotion,1,129.2837812092796,-2.9196145641937843,0.10973345824050078,1.1770753958141065,0.12771759107483277,0.7246740062988106,1.253526285297488,-0.0010862714559513494,1.2546125567534394,0.0
2521,50.42,idle,locomotion,1,129.330446602238,-2.9206869198895813,0.10973345824050078,1.1770753857784266,0.12771755271781432,0.7246740092513555,1.2535262889568692,-0.001086271337698775,1.254612560294568,0.0
2522,50.44,idle,locomotion,1,129.3771119951964,-2.9217592755853783,0.10973345824050078,1.1770753758611774,0.1277175142770573,0.7246740119409438,1.2535262923925203,-0.0010862711200790298,1.2546125635125993,0.0
2523,50.46,idle,locomotion,1,129.4237773881548,-2.9228316312811753,0.10973345824050078,1.1770753660752833,0.12771747561639885,0.7246740139206548,1.2535262951120936,-0.0010862708818999908,1.2546125659939935,0.0
2524,50.48,idle,locomotion,1,129.4704427811132,-2.9239039869769723,0.10973345824050078,1.177075355705171,0.1277174374188585,0.724674016024005,1.2535262979296602,-0.001086270549419583,1.2546125684790799,0.0
2525,50.5,idle,locomotion,1,129.5171081740716,-2.9249763426727693,0.10973345824050078,1.177075344952482,0.12771740032597104,0.7246740180291137,1.2535263007190314,-0.0010862701790515274,1.2546125708980829,0.0
2526,50.52,idle,locomotion,1,129.56377356703,-2.9260486983685663,0.10973345824050078,1.1770753346285336,0.12771736373647732,0.7246740194934588,1.2535263029571,-0.0010862698091663354,1.2546125727662663,0.0
2527,50.54,idle,locomotion,1,129.61043895998841,-2.9271210540643633,0.10973345824050078,1.1770753248242884,0.12771732741750993,0.7246740206511342,1.2535263049043908,-0.0010862692499959345,1.2546125741543868,0.0
2528,50.56,idle,locomotion,1,129.65710435294682,-2.9281934097601603,0.10973345824050078,1.177075315443308,0.1277172909708178,0.7246740211469758,1.25352630623176,-0.0010862686977082953,1.2546125749294683,0.0
2529,50.58,idle,locomotion,1,129.70376974590522,-2.9292657654559573,0.10973345824050078,1.1770753064895862,0.12771725422162894,0.7246740212636761,1.2535263071860574,-0.0010862682737343698,1.2546125754597917,0.0
2530,50.6,idle,locomotion,1,129.75043513886362,-2.9303381211517543,0.10973345824050078,1.1770752976117524,0.12771721760038687,0.7246740220732293,1.2535263088493884,-0.0010862678437982762,1.2546125766931866,0.0
2531,50.62,idle,locomotion,1,129.79710053182203,-2.9314104768475513,0.10973345824050078,1.1770752888078189,0.1277171809173808,0.7246740234597162,1.2535263110954058,-0.001086267304746237,1.254612578400152,0.0
2532,50.64,idle,locomotion,1,129.84376592478043,-2.9324828325433483,0.10973345824050078,1.177075279852693,0.12771714390093067,0.7246740250274769,1.2535263134447578,-0.0010862669157987725,1.2546125803605566,0.0
2533,50.66,idle,locomotion,1,129.89043131773883,-2.9335551882391453,0.10973345824050078,1.177075271113582,0.1277171066326131,0.7246740268770162,1.2535263160263443,-0.0010862665549123303,1.2546125825812566,0.0
2534,50.68,idle,locomotion,1,129.93709671069723,-2.9346275439349423,0.10973345824050078,1.1770752629297987,0.1277170691627674,0.724674029319402,1.2535263192038002,-0.001086266206095518,1.2546125854098957,0.0
2535,50.7,idle,locomotion,1,129.98376210365564,-2.9356998996307393,0.10973345824050078,1.177075254625903,0.12771703161168052,0.7246740323116544,1.2535263229119418,-0.001086265812973032,1.2546125887249149,0.0
2536,50.72,idle,locomotion,1,130.03042749661404,-2.9367722553265363,0.10973345824050078,1.177075245862099,0.12771699373980058,0.7246740359201747,1.2535263271073769,-0.001086265379636367,1.2546125924870133,0.0
2537,50.74,idle,locomotion,1,130.07709288957244,-2.9378446110223333,0.10973345824050078,1.1770752369461135,0.12771695551789602,0.7246740397242695,1.2535263314754976,-0.0010862650143969935,1.2546125964898946,0.0
2538,50.76,idle,locomotion,1,130.12375828253084,-2.9389169667181303,0.10973345824050078,1.177075227566645,0.12771691769682844,0.7246740438950057,1.253526336243714,-0.0010862645517655985,1.2546126007954794,0.0
2539,50.78,idle,locomotion,1,130.17042367548925,-2.9399893224139273,0.10973345824050078,1.1770752180625346,0.12771688072911144,0.7246740478459371,1.253526340914189,-0.0010862641578925636,1.2546126050720816,0.0
2540,50.8,idle,locomotion,1,130.21708906844765,-2.9410616781097243,0.10973345824050078,1.1770752087961858,0.1277168442784626,0.7246740510733923,1.253526344903317,-0.0010862637836946236,1.2546126086870115,0.0
2541,50.82,idle,locomotion,1,130.26375446140605,-2.9421340338055213,0.10973345824050078,1.177075198891746,0.12771680863801646,0.7246740549750923,1.2535263494866713,-0.001086263274069653,1.2546126127607409,0.0
2542,50.84,idle,locomotion,1,130.31041985436445,-2.9432063895013183,0.10973345824050078,1.1770751874795287,0.1277167742844802,0.7246740589969625,1.253526354207533,-0.0010862626987654979,1.2546126169062986,0.0
2543,50.86,idle,locomotion,1,130.35708524732286,-2.9442787451971153,0.10973345824050078,1.1770751745832335,0.1277167415837444,0.724674062721449,1.2535263586292356,-0.0010862622564161081,1.2546126208856516,0.0
2544,50.88,idle,locomotion,1,130.40375064028126,-2.9453511008929123,0.10973345824050078,1.1770751610225358,0.12771671023863018,0.724674065939136,1.253526362574317,-0.0010862620174273072,1.2546126245917442,0.0
2545,50.9,idle,locomotion,1,130.45041603323966,-2.9464234565887093,0.10973345824050078,1.1770751473041665,0.12771667942402903,0.7246740688576291,1.2535263661193452,-0.0010862617552573409,1.2546126278746026,0.0
2546,50.92,idle,locomotion,1,130.49708142619806,-2.9474958122845063,0.10973345824050078,1.1770751336403544,0.1277166488944355,0.7246740724024855,1.2535263701999477,-0.0010862613855730958,1.2546126315855208,0.0
2547,50.94,idle,locomotion,1,130.54374681915647,-2.9485681679803033,0.10973345824050078,1.1770751200723153,0.12771661820665642,0.7246740757012465,1.2535263740196727,-0.0010862609066392796,1.254612634926312,0.0
2548,50.96,idle,locomotion,1,130.59041221211487,-2.9496405236761003,0.10973345824050078,1.1770751069550707,0.12771658681959533,0.7246740782407416,1.253526376991136,-0.0010862606249565712,1.2546126376160927,0.0
2549,50.98,idle,locomotion,1,130.63707760507327,-2.9507128793718973,0.10973345824050078,1.177075094437507,0.12771655456433229,0.7246740809622406,1.2535263800440997,-0.0010862602602107613,1.2546126403043105,0.0
2550,51.0,idle,locomotion,1,130.68374299803168,-2.9517852350676943,0.10973345824050078,1.1770750825600238,0.1277165215970105,0.7246740840205684,1.2535263834189414,-0.0010862599740470782,1.2546126433929885,0.0
2551,51.02,idle,locomotion,1,130.73040839099008,-2.9528575907634913,0.10973345824050078,1.1770750715392857,0.1277164879191091,0.7246740872302168,1.2535263869486049,-0.001086259736623487,1.2546126466852283,0.0
2552,51.04,idle,locomotion,1,130.77707378394848,-2.9539299464592883,0.10973345824050078,1.1770750613929073,0.12771645345749916,0.7246740898708217,1.2535263899677946,-0.00108625945037533,1.25461264941817,0.0
2553,51.06,idle,locomotion,1,130.82373917690688,-2.9550023021550853,0.10973345824050078,1.1770750521465967,0.12771641858064428,0.7246740929519013,1.2535263934365222,-0.0010862591018316638,1.2546126525383539,0.0
2554,51.08,idle,locomotion,1,130.8704045698653,-2.9560746578508823,0.10973345824050078,1.177075042883456,0.12771638382035594,0.7246740970927689,1.2535263979819016,-0.0010862586051422068,1.2546126565870437,0.0
2555,51.1,idle,locomotion,1,130.9170699628237,-2.9571470135466793,0.10973345824050078,1.177075032932999,0.12771635001329884,0.7246741019578803,1.253526403254082,-0.0010862581456182463,1.2546126613997002,0.0
2556,51.12,idle,locomotion,1,130.9637353557821,-2.9582193692424763,0.10973345824050078,1.1770750222872084,0.1277163177887045,0.7246741067621881,1.2535264085356252,-0.0010862577562346723,1.25461266629186,0.0
2557,51.14,idle,locomotion,1,131.0104007487405,-2.9592917249382733,0.10973345824050078,1.1770750116909845,0.1277162869570275,0.7246741107513694,1.2535264130445316,-0.0010862574264917865,1.2546126704710234,0.0
2558,51.16,idle,locomotion,1,131.0570661416989,-2.9603640806340703,0.10973345824050078,1.1770750011095241,0.12771625713149865,0.7246741143314244,1.2535264171386291,-0.001086256940115677,1.2546126740787449,0.0
2559,51.18,idle,locomotion,1,131.1037315346573,-2.9614364363298673,0.10973345824050078,1.177074990379767,0.1277162278198364,0.7246741168768841,1.253526420207473,-0.0010862565849624334,1.2546126767924355,0.0
2560,51.2,idle,locomotion,1,131.1503969276157,-2.9625087920256643,0.10973345824050078,1.1770749798597837,0.12771619849147386,0.724674118623882,1.2535264224009057,-0.0010862563676923946,1.254612678768598,0.0
2561,51.22,idle,locomotion,1,131.1970623205741,-2.9635811477214613,0.10973345824050078,1.177074969848245,0.12771616906844807,0.7246741202751534,1.2535264245010658,-0.0010862559839224482,1.2546126804849882,0.0
2562,51.24,idle,locomotion,1,131.2437277135325,-2.9646535034172583,0.10973345824050078,1.1770749598485895,0.12771613980491628,0.7246741227881358,1.2535264274691598,-0.0010862553993796938,1.2546126828685396,0.0
2563,51.26,idle,locomotion,1,131.2903931064909,-2.9657258591130553,0.10973345824050078,1.177074949843675,0.12771611068647842,0.7246741257859642,1.2535264309968395,-0.0010862548540310456,1.2546126858508706,0.0
2564,51.28,idle,locomotion,1,131.3370584994493,-2.9667982148088523,0.10973345824050078,1.177074939975754,0.1277160810667534,0.7246741284909732,1.2535264341945758,-0.0010862543727779006,1.2546126885673536,0.0
2565,51.3,idle,locomotion,1,131.38372389240772,-2.9678705705046493,0.10973345824050078,1.1770749300081018,0.12771605123868268,0.7246741313790411,1.2535264375638777,-0.0010862538405808433,1.2546126914044586,0.0
2566,51.32,idle,locomotion,1,131.43038928536612,-2.9689429262004463,0.10973345824050078,1.1770749201426323,0.12771602141239805,0.7246741335889296,1.2535264403695612,-0.0010862535167695947,1.2546126938863307,0.0
2567,51.34,idle,locomotion,1,131.47705467832452,-2.9700152818962433,0.10973345824050078,1.1770749102216376,0.1277159916242551,0.7246741351413579,1.2535264424926869,-0.001086253265675935,1.2546126957583628,0.0
2568,51.36,idle,locomotion,1,131.52372007128292,-2.9710876375920403,0.10973345824050078,1.1770749003789485,0.12771596207277455,0.7246741363746476,1.2535264442638192,-0.0010862531803594588,1.2546126974441787,0.0
2569,51.38,idle,locomotion,1,131.57038546424133,-2.9721599932878373,0.10973345824050078,1.1770748911880495,0.12771593249236485,0.7246741374860252,1.2535264458582362,-0.0010862531586625056,1.2546126990168986,0.0
2570,51.4,idle,locomotion,1,131.61705085719973,-2.9732323489836343,0.10973345824050078,1.177074883096556,0.1277159025765345,0.7246741383485619,1.2535264472270262,-0.0010862530240161525,1.2546127002510423,0.0
2571,51.42,idle,locomotion,1,131.66371625015813,-2.9743047046794313,0.10973345824050078,1.1770748760928613,0.12771587191664766,0.7246741382964108,1.2535264477371681,-0.0010862528428714144,1.2546127005800396,0.0
2572,51.44,idle,locomotion,1,131.71038164311653,-2.9753770603752283,0.10973345824050078,1.1770748701347469,0.12771584044754852,0.7246741378951377,1.2535264479270367,-0.0010862526050974194,1.2546127005321341,0.0
2573,51.46,idle,locomotion,1,131.75704703607494,-2.9764494160710253,0.10973345824050078,1.1770748650314529,0.12771580832910961,0.7246741379481499,1.253526448664923,-0.0010862521809888864,1.2546127008459118,0.0
2574,51.48,idle,locomotion,1,131.80371242903334,-2.9775217717668223,0.10973345824050078,1.1770748604285193,0.1277157754700491,0.7246741382200769,1.2535264497121184,-0.0010862515579079662,1.2546127012700263,0.0
2575,51.5,idle,locomotion,1,131.85037782199174,-2.9785941274626193,0.10973345824050078,1.1770748560412416,0.12771574181609338,0.7246741390166679,1.2535264512747015,-0.0010862509628816533,1.2546127022375833,0.0
2576,51.52,idle,locomotion,1,131.89704321495014,-2.9796664831584163,0.10973345824050078,1.1770748515399778,0.12771570738134752,0.7246741405470788,1.253526453526667,-0.0010862505105372552,1.2546127040372044,0.0
2577,51.54,idle,locomotion,1,131.94370860790855,-2.9807388388542133,0.10973345824050078,1.1770748469595893,0.12771567225999914,0.7246741422543312,1.2535264559163815,-0.0010862501973991807,1.2546127061137806,0.0
2578,51.56,idle,locomotion,1,131.99037400086695,-2.9818111945500103,0.10973345824050078,1.1770748426264197,0.12771563674119243,0.7246741444255759,1.253526458751857,-0.0010862498455041364,1.2546127085973613,0.0
2579,51.58,idle,locomotion,1,132.03703939382535,-2.9828835502458073,0.10973345824050078,1.1770748385463377,0.12771560090757061,0.7246741469467886,1.253526461961861,-0.0010862494480553125,1.2546127114099161,0.0
2580,51.6,idle,locomotion,1,132.08370478678376,-2.9839559059416043,0.10973345824050078,1.1770748344631619,0.12771556474410034,0.7246741497548325,1.2535264654238871,-0.001086248986528416,1.2546127144104156,0.0
2581,51.62,idle,locomotion,1,132.13037017974216,-2.9850282616374013,0.10973345824050078,1.177074829991955,0.12771552806728909,0.7246741525948033,1.2535264688347942,-0.0010862485127245344,1.2546127173475188,0.0
2582,51.64,idle,locomotion,1,132.17703557270056,-2.9861006173331983,0.10973345824050078,1.1770748252947911,0.12771549103921154,0.7246741551943785,1.253526471945825,-0.0010862480710815588,1.2546127200169066,0.0
2583,51.66,idle,locomotion,1,132.22370096565896,-2.9871729730289953,0.10973345824050078,1.1770748205942074,0.12771545389535735,0.7246741572515059,1.2535264745820844,-0.0010862476102571315,1.2546127221923415,0.0
2584,51.68,idle,locomotion,1,132.27036635861737,-2.9882453287247923,0.10973345824050078,1.177074815876573,0.1277154166389459,0.7246741584327054,1.2535264764681946,-0.0010862471072024676,1.254612723575397,0.0
2585,51.7,idle,locomotion,1,132.31703175157577,-2.9893176844205893,0.10973345824050078,1.177074810695038,0.1277153792888551,0.7246741592280858,1.2535264780109698,-0.0010862466048101246,1.2546127246157799,0.0
2586,51.72,idle,locomotion,1,132.36369714453417,-2.9903900401163863,0.10973345824050078,1.1770748048597262,0.12771534159932152,0.7246741593033121,1.2535264788547347,-0.0010862462009532323,1.254612725055688,0.0
2587,51.74,idle,locomotion,1,132.41036253749257,-2.9914623958121833,0.10973345824050078,1.1770747990724488,0.12771530357139022,0.7246741593832323,1.2535264796790482,-0.001086245918351908,1.2546127255974,0.0
2588,51.76,idle,locomotion,1,132.45702793045098,-2.9925347515079803,0.10973345824050078,1.1770747935549495,0.1277152654076727,0.724674160359832,1.2535264814269207,-0.0010862455309707912,1.2546127269578915,0.0
2589,51.78,idle,locomotion,1,132.50369332340938,-2.9936071072037773,0.10973345824050078,1.177074787821189,0.1277152270823752,0.7246741620006024,1.2535264838128792,-0.001086245151904159,1.2546127289647835,0.0
2590,51.8,idle,locomotion,1,132.55035871636778,-2.9946794628995743,0.10973345824050078,1.1770747819205776,0.12771518892137088,0.7246741644069878,1.2535264869663323,-0.00108624489383791,1.2546127318601703,0.0
2591,51.82,idle,locomotion,1,132.59702410932618,-2.9957518185953713,0.10973345824050078,1.1770747756357216,0.12771515098169473,0.7246741672105094,1.2535264905316548,-0.001086244638103681,1.2546127351697585,0.0
2592,51.84,idle,locomotion,1,132.6436895022846,-2.9968241742911683,0.10973345824050078,1.177074769088895,0.1277151131114314,0.7246741698653127,1.253526493946695,-0.0010862443576065972,1.2546127383043015,0.0
2593,51.86,idle,locomotion,1,132.690354895243,-2.9978965299869653,0.10973345824050078,1.1770747624327436,0.1277150750897242,0.7246741718837794,1.25352649673458,-0.001086244094428087,1.2546127408290082,0.0
2594,51.88,idle,locomotion,1,132.7370202882014,-2.9989688856827623,0.10973345824050078,1.1770747557832624,0.12771503686950597,0.7246741732700149,1.2535264988782704,-0.0010862439952293163,1.2546127428734997,0.0
2595,51.9,idle,locomotion,1,132.7836856811598,-3.0000412413785593,0.10973345824050078,1.1770747494178944,0.12771499882353476,0.7246741748386796,1.2535265012295755,-0.0010862438486550878,1.2546127450782307,0.0
2596,51.92,idle,locomotion,1,132.8303510741182,-3.0011135970743563,0.10973345824050078,1.177074743126574,0.12771496101394234,0.7246741770142634,1.2535265041880659,-0.0010862435250515376,1.2546127477131175,0.0
2597,51.94,idle,locomotion,1,132.8770164670766,-3.0021859527701533,0.10973345824050078,1.1770747364018754,0.12771492321560296,0.7246741797334015,1.253526507588961,-0.0010862431419319842,1.254612750730893,0.0
2598,51.96,idle,locomotion,1,132.923681860035,-3.0032583084659503,0.10973345824050078,1.177074729061347,0.12771488556298702,0.7246741830669164,1.2535265114993877,-0.0010862428433100549,1.2546127543426977,0.0
2599,51.98,idle,locomotion,1,132.9703472529934,-3.0043306641617473,0.10973345824050078,1.1770747214229025,0.12771484830196927,0.7246741868447703,1.2535265158602218,-0.0010862424474230824,1.254612758307645,0.0
2600,52.0,idle,locomotion,1,133.0170126459518,-3.0054030198575443,0.10973345824050078,1.1770747136829325,0.12771481145162228,0.7246741902897152,1.2535265199870602,-0.0010862419984194183,1.2546127619854797,0.0
2601,52.02,idle,locomotion,1,133.0636780389102,-3.0064753755533413,0.10973345824050078,1.1770747055530288,0.12771477470490597,0.724674193750496,1.2535265240626898,-0.001086241635607988,1.2546127656982977,0.0
2602,52.04,idle,locomotion,1,133.1103434318686,-3.0075477312491383,0.10973345824050078,1.1770746972563764,0.1277147379727818,0.7246741971361367,1.2535265280565722,-0.001086241298457101,1.2546127693550293,0.0
2603,52.06,idle,locomotion,1,133.15700882482702,-3.0086200869449353,0.10973345824050078,1.1770746890857735,0.12771470136143812,0.7246742000703089,1.2535265316653832,-0.0010862409466423778,1.2546127726120255,0.0
2604,52.08,idle,locomotion,1,133.20367421778542,-3.0096924426407323,0.10973345824050078,1.1770746808532173,0.12771466472954873,0.7246742023945927,1.2535265346885993,-0.0010862406344294105,1.2546127753230287,0.0
2605,52.1,idle,locomotion,1,133.25033961074382,-3.0107647983365293,0.10973345824050078,1.1770746727111512,0.1277146282489609,0.7246742048351204,1.2535265378172256,-0.0010862403274664381,1.254612778144692,0.0
2606,52.12,idle,locomotion,1,133.29700500370222,-3.0118371540323263,0.10973345824050078,1.1770746645744845,0.12771459170726593,0.7246742071090901,1.2535265407785683,-0.0010862398299176304,1.254612780608486,0.0
2607,52.14,idle,locomotion,1,133.34367039666063,-3.0129095097281233,0.10973345824050078,1.1770746565743757,0.1277145552267631,0.7246742095619745,1.253526543887168,-0.0010862393452719318,1.25461278323244,0.0
2608,52.16,idle,locomotion,1,133.39033578961903,-3.0139818654239203,0.10973345824050078,1.177074648111799,0.12771451942254802,0.7246742129683336,1.2535265479679492,-0.0010862386909162546,1.2546127866588654,0.0
2609,52.18,idle,locomotion,1,133.43700118257743,-3.0150542211197173,0.10973345824050078,1.1770746391217333,0.12771448440170233,0.7246742164089749,1.253526552135899,-0.00108623815224421,1.2546127902881432,0.0
2610,52.2,idle,locomotion,1,133.48366657553584,-3.0161265768155143,0.10973345824050078,1.1770746298230963,0.12771444947116056,0.7246742189509696,1.2535265553476271,-0.0010862378321254487,1.2546127931797526,0.0
2611,52.22,idle,locomotion,1,133.53033196849424,-3.0171989325113113,0.10973345824050078,1.1770746203117295,0.12771441430593403,0.7246742211912134,1.2535265581354362,-0.0010862376505616153,1.2546127957859978,0.0
2612,52.24,idle,locomotion,1,133.57699736145264,-3.0182712882071083,0.10973345824050078,1.1770746110591435,0.12771437910751476,0.7246742236673892,1.2535265611768491,-0.001086237457954227,1.2546127986348035,0.0
2613,52.26,idle,locomotion,1,133.62366275441104,-3.0193436439029053,0.10973345824050078,1.1770746015135993,0.12771434441930232,0.7246742263587206,1.2535265644784113,-0.0010862370914523078,1.2546128015698637,0.0
2614,52.28,idle,locomotion,1,133.67032814736945,-3.0204159995987023,0.10973345824050078,1.1770745915570662,0.1277143105959265,0.7246742288962472,1.2535265676637264,-0.0010862367845560425,1.2546128044482825,0.0
2615,52.3,idle,locomotion,1,133.71699354032785,-3.0214883552944993,0.10973345824050078,1.1770745814499852,0.12771427711265182,0.7246742303918263,1.2535265698139313,-0.0010862365648940872,1.2546128063788253,0.0
2616,52.32,idle,locomotion,1,133.76365893328625,-3.0225607109902963,0.10973345824050078,1.1770745715240962,0.12771424371322887,0.7246742314565161,1.253526571464457,-0.0010862364861635478,1.2546128079506205,0.0
2617,52.34,idle,locomotion,1,133.81032432624465,-3.0236330666860933,0.10973345824050078,1.1770745619660306,0.12771421037257383,0.7246742327703687,1.2535265733557082,-0.0010862364033516515,1.2546128097590599,0.0
2618,52.36,idle,locomotion,1,133.85698971920306,-3.0247054223818903,0.10973345824050078,1.177074552754287,0.1277141769254156,0.7246742340576572,1.2535265752298181,-0.0010862362361998001,1.254612811466018,0.0
2619,52.38,idle,locomotion,1,133.90365511216146,-3.0257777780776873,0.10973345824050078,1.17707454402238,0.1277141432411613,0.7246742347504829,1.253526576543567,-0.0010862360315308031,1.254612812575098,0.0
2620,52.4,idle,locomotion,1,133.95032050511986,-3.0268501337734843,0.10973345824050078,1.1770745358975485,0.12771410921256718,0.7246742345711399,1.253526577015075,-0.0010862357951394314,1.2546128128102143,0.0
2621,52.42,idle,locomotion,1,133.99698589807826,-3.0279224894692813,0.10973345824050078,1.177074528344021,0.1277140749263669,0.7246742339491216,1.2535265770647805,-0.0010862354636001284,1.2546128125283806,0.0
2622,52.44,idle,locomotion,1,134.04365129103667,-3.0289948451650783,0.10973345824050078,1.177074521267779,0.12771404037512663,0.7246742331719583,1.2535265769785748,-0.0010862349461248297,1.2546128119246998,0.0
2623,52.46,idle,locomotion,1,134.09031668399507,-3.0300672008608753,0.10973345824050078,1.1770745145456678,0.12771400553507392,0.7246742331158147,1.253526577540084,-0.0010862344001262639,1.2546128119402102,0.0
2624,52.48,idle,locomotion,1,134.13698207695347,-3.0311395565566723,0.10973345824050078,1.1770745079749243,0.12771397039455396,0.7246742334418459,1.2535265784594283,-0.0010862337626936398,1.2546128122221218,0.0
2625,52.5,idle,locomotion,1,134.18364746991188,-3.0322119122524693,0.10973345824050078,1.1770745014025723,0.12771393493613392,0.724674234085706,1.2535265796505475,-0.0010862331321268744,1.2546128127826743,0.0
2626,52.52,idle,locomotion,1,134.23031286287028,-3.0332842679482663,0.10973345824050078,1.1770744949022318,0.127713899159562,0.7246742347941357,1.2535265809419138,-0.001086232672771758,1.2546128136146857,0.0
2627,52.54,idle,locomotion,1,134.27697825582868,-3.0343566236440633,0.10973345824050078,1.1770744884487951,0.12771386295195167,0.724674235117633,1.2535265818531343,-0.0010862324221097876,1.254612814275244,0.0
2628,52.56,idle,locomotion,1,134.32364364878708,-3.0354289793398603,0.10973345824050078,1.1770744822515444,0.12771382655276756,0.7246742352885492,1.2535265826470596,-0.0010862322056051123,1.2546128148526647,0.0
2629,52.58,idle,locomotion,1,134.3703090417455,-3.0365013350356573,0.10973345824050078,1.1770744762522436,0.1277137901387445,0.7246742356953999,1.2535265837060394,-0.0010862319453567928,1.2546128156513963,0.0
2630,52.6,idle,locomotion,1,134.4169744347039,-3.0375736907314543,0.10973345824050078,1.1770744703991516,0.12771375363405446,0.724674235858852,1.2535265845324173,-0.0010862317128185195,1.2546128162452357,0.0
2631,52.62,idle,locomotion,1,134.4636398276623,-3.0386460464272513,0.10973345824050078,1.177074464818262,0.12771371702304077,0.724674236135006,1.2535265854298276,-0.0010862315949662638,1.2546128170247939,0.0
2632,52.64,idle,locomotion,1,134.5103052206207,-3.0397184021230483,0.10973345824050078,1.1770744593800568,0.12771368035505476,0.7246742368516984,1.2535265867526169,-0.0010862315095614382,1.2546128182621783,0.0
2633,52.66,idle,locomotion,1,134.5569706135791,-3.0407907578188453,0.10973345824050078,1.1770744540312077,0.12771364365581342,0.7246742377447318,1.253526588248426,-0.001086231312887747,1.2546128195613138,0.0
2634,52.68,idle,locomotion,1,134.6036360065375,-3.0418631135146423,0.10973345824050078,1.1770744487498308,0.12771360685616387,0.7246742391602723,1.253526590218048,-0.0010862310725030348,1.254612821290551,0.0
2635,52.7,idle,locomotion,1,134.6503013994959,-3.0429354692104393,0.10973345824050078,1.1770744426132422,0.12771357032772002,0.7246742415146976,1.2535265930349038,-0.001086230759625953,1.2546128237945298,0.0
2636,52.72,idle,locomotion,1,134.6969667924543,-3.0440078249062363,0.10973345824050078,1.1770744357101097,0.12771353462960175,0.7246742437761803,1.2535265957910016,-0.001086230553026802,1.2546128263440284,0.0
2637,52.74,idle,locomotion,1,134.7436321854127,-3.0450801806020333,0.10973345824050078,1.1770744287481933,0.1277134996869396,0.7246742454872959,1.253526598009329,-0.0010862304106221583,1.2546128284199511,0.0
2638,52.76,idle,locomotion,1,134.7902975783711,-3.0461525362978303,0.10973345824050078,1.177074421827681,0.12771346527616897,0.7246742476560473,1.2535266005988106,-0.00108623026202994,1.2546128308608406,0.0
2639,52.78,idle,locomotion,1,134.8369629713295,-3.0472248919936273,0.10973345824050078,1.1770744144740017,0.12771343183104883,0.7246742515712867,1.253526604845762,-0.0010862299417309408,1.254612834787493,0.0
2640,52.8,idle,locomotion,1,134.88362836428792,-3.0482972476894243,0.10973345824050078,1.1770744064967122,0.127713399316413,0.7246742558172262,1.2535266094055342,-0.0010862296336497865,1.254612839039184,0.0
2641,52.82,idle,locomotion,1,134.93029375724632,-3.0493696033852213,0.10973345824050078,1.1770743984132863,0.12771336716910492,0.7246742588214518,1.2535266126779292,-0.001086229467600619,1.2546128421455298,0.0
2642,52.84,idle,locomotion,1,134.97695915020472,-3.0504419590810183,0.10973345824050078,1.1770743905424925,0.127713335217863,0.7246742613860384,1.2535266154341729,-0.0010862294217587436,1.2546128448559317,0.0
2643,52.86,idle,locomotion,1,135.02362454316312,-3.0515143147768153,0.10973345824050078,1.1770743830535708,0.12771330363208644,0.7246742644016612,1.253526618652454,-0.0010862292233271321,1.2546128478757812,0.0
2644,52.88,idle,locomotion,1,135.07028993612153,-3.0525866704726123,0.10973345824050078,1.1770743760712374,0.1277132722823622,0.7246742676275216,1.2535266221869585,-0.001086228898633787,1.2546128510855923,0.0
2645,52.9,idle,locomotion,1,135.11695532907993,-3.0536590261684093,0.10973345824050078,1.17707436959807,0.12771324041820178,0.7246742703750529,1.2535266252441197,-0.0010862286417652849,1.254612853885885,0.0
2646,52.92,idle,locomotion,1,135.16362072203833,-3.0547313818642063,0.10973345824050078,1.1770743636859167,0.12771320757508248,0.7246742725837505,1.2535266276956307,-0.0010862284027629635,1.2546128560983938,0.0
2647,52.94,idle,locomotion,1,135.21028611499673,-3.0558037375600033,0.10973345824050078,1.177074358436486,0.12771317420104863,0.7246742749071282,1.2535266303031454,-0.0010862282692278083,1.2546128585723733,0.0
2648,52.96,idle,locomotion,1,135.25695150795514,-3.0568760932558003,0.10973345824050078,1.1770743535817039,0.12771314045387683,0.7246742775353325,1.2535266332389683,-0.0010862282294036851,1.254612861468372,0.0
2649,52.98,idle,locomotion,1,135.30361690091354,-3.0579484489515973,0.10973345824050078,1.177074348982885,0.12771310636781258,0.7246742799662125,1.2535266359766448,-0.001086228221722503,1.2546128641983674,0.0
2650,53.0,idle,locomotion,1,135.35028229387194,-3.0590208046473943,0.10973345824050078,1.177074344919017,0.12771307232680276,0.7246742822043727,1.2535266385733879,-0.0010862281315625506,1.2546128667049503,0.0
2651,53.02,idle,locomotion,1,135.39694768683034,-3.0600931603431913,0.10973345824050078,1.177074341331232,0.12771303845501,0.7246742842776711,1.2535266410652817,-0.0010862279432160109,1.2546128690084977,0.0
2652,53.04,idle,locomotion,1,135.44361307978875,-3.0611655160389883,0.10973345824050078,1.17707433792497,0.12771300456971274,0.7246742863076304,1.2535266434839025,-0.0010862276626472933,1.2546128711465498,0.0
2653,53.06,idle,locomotion,1,135.49027847274715,-3.0622378717347853,0.10973345824050078,1.1770743348108574,0.1277129704841418,0.7246742882690607,1.2535266458555439,-0.0010862272898094667,1.2546128731453534,0.0
2654,53.08,idle,locomotion,1,135.53694386570555,-3.0633102274305823,0.10973345824050078,1.177074332646155,0.12771293571030654,0.7246742899401174,1.2535266479919904,-0.0010862269362580945,1.2546128749282486,0.0
2655,53.1,idle,locomotion,1,135.58360925866396,-3.0643825831263793,0.10973345824050078,1.1770743313887508,0.1277128999329119,0.7246742911155295,1.2535266496837671,-0.0010862266667044755,1.2546128763504716,0.0
2656,53.12,idle,locomotion,1,135.63027465162236,-3.0654549388221763,0.10973345824050078,1.1770743300129873,0.1277128632177014,0.724674293026177,1.2535266519830857,-0.0010862263525429731,1.2546128783356287,0.0
2657,53.14,idle,locomotion,1,135.67694004458076,-3.0665272945179733,0.10973345824050078,1.1770743284187735,0.12771282599470618,0.7246742953062445,1.2535266546767732,-0.001086225965262113,1.2546128806420354,0.0
2658,53.16,idle,locomotion,1,135.72360543753916,-3.0675996502137703,0.10973345824050078,1.177074326763606,0.1277127885222574,0.7246742968907778,1.2535266567572667,-0.001086225663249677,1.2546128824205165,0.0
2659,53.18,idle,locomotion,1,135.77027083049757,-3.0686720059095673,0.10973345824050078,1.1770743249039561,0.127712751116739,0.7246742984293525,1.2535266588085932,-0.0010862254608880045,1.2546128842694813,0.0
2660,53.2,idle,locomotion,1,135.81693622345597,-3.0697443616053643,0.10973345824050078,1.1770743228862348,0.12771271428369374,0.7246743008289122,1.2535266617559162,-0.0010862251275159558,1.254612886883432,0.0
2661,53.22,idle,locomotion,1,135.86360161641437,-3.0708167173011613,0.10973345824050078,1.1770743204918084,0.1277126779141965,0.7246743034599008,1.2535266649472865,-0.0010862246568352843,1.2546128896041218,0.0
2662,53.24,idle,locomotion,1,135.91026700937277,-3.0718890729969583,0.10973345824050078,1.1770743176490077,0.12771264184921852,0.7246743063142344,1.253526668290653,-0.0010862242550550155,1.254612892545708,0.0
2663,53.26,idle,locomotion,1,135.95693240233118,-3.0729614286927553,0.10973345824050078,1.1770743142076379,0.1277126061019229,0.7246743094019452,1.2535266718090052,-0.0010862239836074566,1.2546128957926126,0.0
2664,53.28,idle,locomotion,1,136.00359779528958,-3.0740337843885523,0.10973345824050078,1.1770743101579149,0.1277125705930365,0.7246743118965265,1.253526674707285,-0.0010862237280880455,1.254612898435373,0.0
2665,53.3,idle,locomotion,1,136.05026318824798,-3.0751061400843493,0.10973345824050078,1.1770743058434956,0.12771253529429216,0.7246743137933709,1.2535266770399986,-0.0010862236314718478,1.2546129006714706,0.0
2666,53.32,idle,locomotion,1,136.09692858120638,-3.0761784957801463,0.10973345824050078,1.177074301332458,0.12771250020986358,0.7246743161178224,1.2535266797758637,-0.0010862237295697422,1.2546129035054334,0.0
2667,53.34,idle,locomotion,1,136.1435939741648,-3.0772508514759433,0.10973345824050078,1.1770742962093388,0.1277124658126965,0.7246743190034063,1.25352668308828,-0.0010862235814713718,1.2546129066697516,0.0
2668,53.36,idle,locomotion,1,136.1902593671232,-3.0783232071717403,0.10973345824050078,1.1770742904949714,0.12771243229101772,0.7246743216049741,1.2535266861777792,-0.0010862234437786396,1.254612909621558,0.0
2669,53.38,idle,locomotion,1,136.2369247600816,-3.0793955628675374,0.10973345824050078,1.1770742851290117,0.12771239896737566,0.7246743236298021,1.25352668871624,-0.001086223532622773,1.2546129122488627,0.0
2670,53.4,idle,locomotion,1,136.28359015304,-3.0804679185633344,0.10973345824050078,1.1770742802836374,0.12771236563970007,0.7246743253951072,1.2535266910479619,-0.001086223618485413,1.2546129146664473,0.0
2671,53.42,idle,locomotion,1,136.3302555459984,-3.0815402742591314,0.10973345824050078,1.1770742755876429,0.12771233198396556,0.7246743263463535,1.2535266925872763,-0.0010862236330462134,1.2546129162203226,0.0
2672,53.44,idle,locomotion,1,136.3769209389568,-3.0826126299549284,0.10973345824050078,1.1770742711352435,0.1277122978732365,0.7246743268313538,1.2535266936524276,-0.0010862234243917274,1.2546129170768194,0.0
2673,53.46,idle,locomotion,1,136.4235863319152,-3.0836849856507254,0.10973345824050078,1.177074267304373,0.12771226307375988,0.7246743276852994,1.2535266951176907,-0.001086223055416339,1.254612918173107,0.0
2674,53.48,idle,locomotion,1,136.4702517248736,-3.0847573413465224,0.10973345824050078,1.1770742639394993,0.1277122274194566,0.7246743290800399,1.2535266971948409,-0.0010862225470414238,1.2546129197418823,0.0
2675,53.5,idle,locomotion,1,136.516917117832,-3.0858296970423194,0.10973345824050078,1.177074260246996,0.12771219138777004,0.724674331119273,1.2535266999955235,-0.0010862221825276852,1.254612922178051,0.0
2676,53.52,idle,locomotion,1,136.5635825107904,-3.0869020527381164,0.10973345824050078,1.1770742557365304,0.12771215522272317,0.7246743333564376,1.2535267030076305,-0.0010862218295089633,1.2546129248371394,0.0
2677,53.54,idle,locomotion,1,136.6102479037488,-3.0879744084339134,0.10973345824050078,1.177074250951237,0.1277121185640703,0.7246743349581507,1.2535267053772419,-0.0010862215317261129,1.254612926908968,0.0
2678,53.56,idle,locomotion,1,136.65691329670722,-3.0890467641297104,0.10973345824050078,1.177074245922145,0.12771208129294304,0.7246743364585236,1.2535267075623093,-0.0010862213664138767,1.2546129289287231,0.0
2679,53.58,idle,locomotion,1,136.70357868966562,-3.0901191198255074,0.10973345824050078,1.1770742408878956,0.1277120437704043,0.7246743384193555,1.2535267102054477,-0.0010862211517254777,1.2546129313571732,0.0
2680,53.6,idle,locomotion,1,136.75024408262402,-3.0911914755213044,0.10973345824050078,1.1770742359431399,0.12771200579772668,0.7246743404744784,1.2535267129014054,-0.0010862209031890849,1.2546129338045944,0.0
2681,53.62,idle,locomotion,1,136.79690947558242,-3.0922638312171014,0.10973345824050078,1.1770742311169449,0.1277119677896795,0.7246743425411835,1.2535267155993395,-0.0010862206684047887,1.2546129362677443,0.0
2682,53.64,idle,locomotion,1,136.84357486854083,-3.0933361869128984,0.10973345824050078,1.1770742260944558,0.12771193029342226,0.7246743444362156,1.253526718221793,-0.0010862204239089589,1.2546129386457021,0.0
2683,53.66,idle,locomotion,1,136.89024026149923,-3.0944085426086954,0.10973345824050078,1.1770742202989273,0.12771189311440295,0.7246743461784692,1.2535267206537082,-0.0010862202809673212,1.2546129409346756,0.0
2684,53.68,idle,locomotion,1,136.93690565445763,-3.0954808983044924,0.10973345824050078,1.1770742138442198,0.12771185634295285,0.7246743481700102,1.2535267232912946,-0.0010862200985996481,1.2546129433898943,0.0
2685,53.7,idle,locomotion,1,136.98357104741604,-3.0965532540002894,0.10973345824050078,1.1770742070117377,0.1277118201691706,0.724674350425906,1.2535267262529697,-0.001086219782193549,1.2546129460351632,0.0
2686,53.72,idle,locomotion,1,137.03023644037444,-3.0976256096960864,0.10973345824050078,1.17707419981939,0.12771178435597327,0.7246743525889541,1.2535267291504142,-0.0010862193597526819,1.254612948510167,0.0
2687,53.74,idle,locomotion,1,137.07690183333284,-3.0986979653918834,0.10973345824050078,1.1770741923069687,0.12771174862542412,0.7246743540281695,1.2535267313616794,-0.0010862189283953917,1.2546129502900747,0.0
2688,53.76,idle,locomotion,1,137.12356722629124,-3.0997703210876804,0.10973345824050078,1.177074184265165,0.12771171267923498,0.7246743547972108,1.2535267328712274,-0.0010862185962782142,1.2546129514675055,0.0
2689,53.78,idle,locomotion,1,137.17023261924965,-3.1008426767834774,0.10973345824050078,1.17707417581508,0.12771167651868562,0.7246743554939294,1.2535267342545673,-0.0010862185038725443,1.2546129527584398,0.0
2690,53.8,idle,locomotion,1,137.21689801220805,-3.1019150324792744,0.10973345824050078,1.1770741674765868,0.12771164038702612,0.7246743567182751,1.2535267361492597,-0.0010862184540487638,1.2546129546033085,0.0
2691,53.82,idle,locomotion,1,137.26356340516645,-3.1029873881750714,0.10973345824050078,1.1770741595007428,0.12771160472062565,0.7246743590685887,1.253526739194636,-0.0010862182819141933,1.2546129574765503,0.0
2692,53.84,idle,locomotion,1,137.31022879812485,-3.1040597438708684,0.10973345824050078,1.1770741515932261,0.12771156952558796,0.724674361695243,1.2535267425486525,-0.0010862180859462015,1.2546129606345986,0.0
2693,53.86,idle,locomotion,1,137.35689419108326,-3.1051320995666654,0.10973345824050078,1.1770741437240966,0.12771153487107464,0.7246743646904692,1.2535267462117998,-0.0010862178555119222,1.2546129640673118,0.0
2694,53.88,idle,locomotion,1,137.40355958404166,-3.1062044552624624,0.10973345824050078,1.1770741352318503,0.12771150064536363,0.7246743679068487,1.2535267500031366,-0.0010862175494276531,1.2546129675525644,0.0
2695,53.9,idle,locomotion,1,137.45022497700006,-3.1072768109582594,0.10973345824050078,1.1770741264927216,0.12771146678778758,0.7246743714099073,1.2535267539871713,-0.0010862173139163586,1.2546129713010876,0.0
2696,53.92,idle,locomotion,1,137.49689036995846,-3.1083491666540564,0.10973345824050078,1.1770741175386406,0.12771143346600886,0.7246743748858799,1.253526757982394,-0.0010862169799940452,1.2546129749623882,0.0
2697,53.94,idle,locomotion,1,137.54355576291687,-3.1094215223498534,0.10973345824050078,1.1770741088278018,0.12771140030167144,0.7246743782538358,1.2535267618422334,-0.0010862166878542814,1.2546129785300877,0.0
2698,53.96,idle,locomotion,1,137.59022115587527,-3.1104938780456504,0.10973345824050078,1.177074100721271,0.12771136686647366,0.7246743811203419,1.2535267651628665,-0.0010862164673665527,1.2546129816302332,0.0
2699,53.98,idle,locomotion,1,137.63688654883367,-3.1115662337414474,0.10973345824050078,1.1770740927501695,0.12771133361725667,0.7246743833001819,1.2535267678193225,-0.0010862161926397974,1.2546129840119622,0.0
2700,54.0,idle,locomotion,1,137.68355194179208,-3.1126385894372444,0.10973345824050078,1.1770740846609458,0.1277113007028483,0.7246743853838379,1.2535267704076178,-0.0010862158947875927,1.2546129863024054,0.0
2701,54.02,idle,locomotion,1,137.73021733475048,-3.1137109451330414,0.10973345824050078,1.1770740768160077,0.12771126772378902,0.7246743878774731,1.2535267734021909,-0.0010862155781045726,1.2546129889802955,0.0
2702,54.04,idle,locomotion,1,137.77688272770888,-3.1147833008288384,0.10973345824050078,1.177074069138693,0.12771123437045062,0.7246743902212285,1.2535267762111837,-0.0010862154085736798,1.2546129916197575,0.0
2703,54.06,idle,locomotion,1,137.82354812066728,-3.1158556565246354,0.10973345824050078,1.1770740615152855,0.12771120094149843,0.7246743923428585,1.2535267787553426,-0.0010862153665027047,1.2546129941218453,0.0
2704,54.08,idle,locomotion,1,137.87021351362569,-3.1169280122204324,0.10973345824050078,1.1770740539566198,0.12771116781266473,0.7246743944541738,1.2535267813122053,-0.0010862153051168742,1.254612996617322,0.0
2705,54.1,idle,locomotion,1,137.9168789065841,-3.1180003679162294,0.10973345824050078,1.1770740463304559,0.12771113536846626,0.7246743968092774,1.2535267841921973,-0.0010862150844660468,1.2546129992766635,0.0
2706,54.12,idle,locomotion,1,137.9635442995425,-3.1190727236120264,0.10973345824050078,1.1770740387829153,0.12771110335604788,0.7246744000836214,1.2535267880063183,-0.0010862147704754944,1.2546130027767939,0.0
2707,54.14,idle,locomotion,1,138.0102096925009,-3.1201450793078234,0.10973345824050078,1.1770740317733341,0.12771107115132357,0.724674403596829,1.2535267920727338,-0.0010862144836076837,1.2546130065563414,0.0
2708,54.16,idle,locomotion,1,138.0568750854593,-3.1212174350036204,0.10973345824050078,1.1770740252147396,0.1277110384995943,0.7246744076905876,1.2535267966251178,-0.0010862143297524045,1.25461301095487,0.0
2709,54.18,idle,locomotion,1,138.1035404784177,-3.1222897906994174,0.10973345824050078,1.1770740186967947,0.127711005545693,0.7246744124164873,1.2535268017755035,-0.0010862142506071204,1.2546130160261106,0.0
2710,54.2,idle,locomotion,1,138.1502058713761,-3.1233621463952144,0.10973345824050078,1.1770740121552274,0.127710972484782,0.7246744171266599,1.253526806929125,-0.0010862141714379457,1.2546130211005628,0.0
2711,54.22,idle,locomotion,1,138.1968712643345,-3.1244345020910114,0.10973345824050078,1.177074005683336,0.127710939453865,0.7246744213976994,1.2535268117231082,-0.001086213991274839,1.254613025714383,0.0
2712,54.24,idle,locomotion,1,138.2435366572929,-3.1255068577868084,0.10973345824050078,1.177073999130006,0.12771090618576272,0.7246744247797845,1.2535268156532904,-0.0010862138231460781,1.2546130294764364,0.0
2713,54.26,idle,locomotion,1,138.2902020502513,-3.1265792134826054,0.10973345824050078,1.177073992701132,0.1277108727149172,0.7246744270472195,1.2535268185331208,-0.0010862137870370075,1.2546130323201579,0.0
2714,54.28,idle,locomotion,1,138.3368674432097,-3.1276515691784024,0.10973345824050078,1.177073986645171,0.1277108389942168,0.7246744293039081,1.2535268213831317,-0.0010862136803142484,1.254613035063446,0.0
2715,54.3,idle,locomotion,1,138.38353283616811,-3.1287239248741994,0.10973345824050078,1.1770739808446795,0.12771080511394847,0.724674432125941,1.2535268247847084,-0.0010862133570286488,1.254613038141737,0.0
2716,54.32,idle,locomotion,1,138.43019822912652,-3.1297962805699964,0.10973345824050078,1.177073974748783,0.12771077143502488,0.7246744354620821,1.2535268286824273,-0.001086212962017205,1.2546130416444445,0.0
2717,54.34,idle,locomotion,1,138.47686362208492,-3.1308686362657934,0.10973345824050078,1.1770739685212201,0.12771073793652893,0.7246744387598157,1.2535268325519775,-0.0010862125951803282,1.2546130451471578,0.0
2718,54.36,idle,locomotion,1,138.52352901504332,-3.1319409919615904,0.10973345824050078,1.177073962509358,0.12771070455111397,0.7246744417192053,1.253526836099144,-0.0010862122420431872,1.2546130483411873,0.0
2719,54.38,idle,locomotion,1,138.57019440800173,-3.1330133476573874,0.10973345824050078,1.1770739566772588,0.12771067138071374,0.7246744444549209,1.253526839444275,-0.0010862119912490656,1.254613051435524,0.0
2720,54.4,idle,locomotion,1,138.61685980096013,-3.1340857033531844,0.10973345824050078,1.177073951183338,0.1277106384553478,0.7246744468123224,1.2535268424750872,-0.0010862118964637332,1.2546130543715508,0.0
2721,54.42,idle,locomotion,1,138.66352519391853,-3.1351580590489814,0.10973345824050078,1.177073945962857,0.12771060563230663,0.7246744488711325,1.2535268451990726,-0.0010862118390471062,1.2546130570381198,0.0
2722,54.44,idle,locomotion,1,138.71019058687693,-3.1362304147447784,0.10973345824050078,1.1770739409906168,0.12771057286687007,0.7246744503091861,1.2535268473105616,-0.0010862118266653266,1.2546130591372269,0.0
2723,54.46,idle,locomotion,1,138.75685597983534,-3.1373027704405754,0.10973345824050078,1.177073936306782,0.1277105403101474,0.7246744512795423,1.253526848978469,-0.0010862118616139123,1.254613060840083,0.0
2724,54.48,idle,locomotion,1,138.80352137279374,-3.1383751261363724,0.10973345824050078,1.1770739318108117,0.12771050804027043,0.7246744526014867,1.2535268509810995,-0.0010862119237960363,1.2546130629048955,0.0
2725,54.5,idle,locomotion,1,138.85018676575214,-3.1394474818321694,0.10973345824050078,1.1770739273838111,0.12771047603049376,0.7246744542063608,1.253526853236939,-0.001086211970776317,1.2546130652077154,0.0
2726,54.52,idle,locomotion,1,138.89685215871054,-3.1405198375279664,0.10973345824050078,1.1770739222556352,0.12771044447287713,0.7246744557868883,1.2535268553583458,-0.0010862119866572213,1.254613067345003,0.0
2727,54.54,idle,locomotion,1,138.94351755166895,-3.1415921932237634,0.10973345824050078,1.17707391688303,0.12771041306066705,0.7246744576924765,1.2535268576255518,-0.0010862119648987097,1.2546130695904505,0.0
2728,54.56,idle,locomotion,1,138.99018294462735,-3.1426645489195604,0.10973345824050078,1.1770739120658145,0.12771038166901438,0.7246744596484811,1.253526859924002,-0.001086211823377918,1.2546130717473798,0.0
2729,54.58,idle,locomotion,1,139.03684833758575,-3.1437369046153574,0.10973345824050078,1.1770739072978356,0.12771035066301073,0.7246744615221845,1.253526862184694,-0.0010862116792957795,1.2546130738639898,0.0
2730,54.6,idle,locomotion,1,139.08351373054415,-3.1448092603111544,0.10973345824050078,1.1770739025334012,0.1277103194789028,0.7246744632749514,1.2535268642629507,-0.001086211345202235,1.2546130756081528,0.0
2731,54.62,idle,locomotion,1,139.13017912350256,-3.1458816160069514,0.10973345824050078,1.1770738972867494,0.1277102887680805,0.7246744650159531,1.2535268663276669,-0.0010862108438219747,1.2546130771714887,0.0
2732,54.64,idle,locomotion,1,139.17684451646096,-3.1469539717027484,0.10973345824050078,1.1770738915707637,0.12771025953579113,0.724674467316755,1.2535268690091868,-0.0010862104288642503,1.254613079438051,0.0
2733,54.66,idle,locomotion,1,139.22350990941936,-3.1480263273985454,0.10973345824050078,1.1770738858497438,0.1277102315050459,0.7246744693377327,1.2535268714430197,-0.0010862100038122116,1.254613081446832,0.0
2734,54.68,idle,locomotion,1,139.27017530237777,-3.1490986830943424,0.10973345824050078,1.1770738804433472,0.12771020438054553,0.7246744714556012,1.253526873938519,-0.0010862097259098716,1.254613083664429,0.0
2735,54.7,idle,locomotion,1,139.31684069533617,-3.1501710387901394,0.10973345824050078,1.1770738752301113,0.12771017766722106,0.7246744732162574,1.2535268760955747,-0.0010862094578230584,1.2546130855533977,0.0
2736,54.72,idle,locomotion,1,139.36350608829457,-3.1512433944859364,0.10973345824050078,1.1770738702106756,0.12771015121526244,0.7246744754613106,1.2535268786760256,-0.001086209088134421,1.2546130877641601,0.0
2737,54.74,idle,locomotion,1,139.41017148125297,-3.1523157501817334,0.10973345824050078,1.1770738653088657,0.12771012491159656,0.7246744785183887,1.2535268821033687,-0.0010862086035627432,1.2546130907069315,0.0
2738,54.76,idle,locomotion,1,139.45683687421138,-3.1533881058775304,0.10973345824050078,1.1770738604279891,0.12771009844957779,0.7246744817971801,1.2535268857361201,-0.001086208142185418,1.2546130938783056,0.0
2739,54.78,idle,locomotion,1,139.50350226716978,-3.1544604615733274,0.10973345824050078,1.1770738553040356,0.1277100716511461,0.7246744852292818,1.2535268894536924,-0.001086207928639872,1.2546130973823322,0.0
2740,54.8,idle,locomotion,1,139.55016766012818,-3.1555328172691244,0.10973345824050078,1.1770738502132638,0.12771004461173685,0.7246744880540282,1.2535268926312668,-0.0010862078290989792,1.2546131004603658,0.0
2741,54.82,idle,locomotion,1,139.59683305308658,-3.1566051729649214,0.10973345824050078,1.1770738450186808,0.1277100174544687,0.7246744903010548,1.253526895282549,-0.001086207687899736,1.2546131029704486,0.0
2742,54.84,idle,locomotion,1,139.643498446045,-3.1576775286607184,0.10973345824050078,1.1770738397469207,0.12770999001675098,0.724674492416882,1.2535268978140082,-0.0010862074933885128,1.2546131053073968,0.0
2743,54.86,idle,locomotion,1,139.6901638390034,-3.1587498843565154,0.10973345824050078,1.177073834350107,0.12770996236995275,0.7246744943250342,1.2535269001731413,-0.0010862071890053726,1.2546131073621467,0.0
2744,54.88,idle,locomotion,1,139.7368292319618,-3.1598222400523124,0.10973345824050078,1.1770738288457885,0.12770993441499506,0.7246744958244167,1.2535269020994155,-0.0010862069688505026,1.254613109068266,0.0
2745,54.9,idle,locomotion,1,139.7834946249202,-3.1608945957481094,0.10973345824050078,1.1770738236170957,0.1277099062944641,0.7246744975139634,1.253526904176495,-0.0010862067639050323,1.2546131109404,0.0
2746,54.92,idle,locomotion,1,139.8301600178786,-3.1619669514439064,0.10973345824050078,1.1770738185396266,0.12770987804661124,0.7246744990570999,1.2535269061301728,-0.0010862065191061185,1.254613112649279,0.0
2747,54.94,idle,locomotion,1,139.876825410837,-3.1630393071397034,0.10973345824050078,1.1770738132089735,0.1277098499018476,0.7246745005608084,1.2535269080312954,-0.0010862063613751548,1.2546131143926706,0.0
2748,54.96,idle,locomotion,1,139.9234908037954,-3.1641116628355004,0.10973345824050078,1.1770738080887622,0.1277098219990725,0.7246745028320366,1.2535269107061409,-0.0010862062518625475,1.2546131169580035,0.0
2749,54.98,idle,locomotion,1,139.9701561967538,-3.1651840185312974,0.10973345824050078,1.177073803126329,0.127709794247801,0.724674505232408,1.2535269135268017,-0.0010862061187271038,1.2546131196455288,0.0
2750,55.0,idle,locomotion,1,140.0168215897122,-3.1662563742270944,0.10973345824050078,1.1770737982115975,0.12770976655176028,0.7246745075787799,1.2535269161957154,-0.001086206025608296,1.2546131222213237,0.0
2751,55.02,idle,locomotion,1,140.0634869826706,-3.1673287299228914,0.10973345824050078,1.1770737937581772,0.12770973904002342,0.7246745099941573,1.253526918957466,-0.0010862059169900462,1.254613124874456,0.0
2752,55.04,idle,locomotion,1,140.110152375629,-3.1684010856186884,0.10973345824050078,1.1770737894148364,0.1277097117930183,0.7246745123950097,1.253526921778045,-0.0010862057017857717,1.2546131274798307,0.0
2753,55.06,idle,locomotion,1,140.15681776858742,-3.1694734413144854,0.10973345824050078,1.1770737848241808,0.12770968426933796,0.7246745150649764,1.2535269247744367,-0.0010862054513831078,1.2546131302258199,0.0
2754,55.08,idle,locomotion,1,140.20348316154582,-3.1705457970102824,0.10973345824050078,1.1770737801794642,0.12770965635556927,0.7246745175941616,1.2535269275974688,-0.001086205330916936,1.2546131329283856,0.0
2755,55.1,idle,locomotion,1,140.25014855450422,-3.1716181527060794,0.10973345824050078,1.1770737758993126,0.1277096284976254,0.7246745201656088,1.2535269305303909,-0.001086205243003742,1.2546131357733947,0.0
2756,55.12,idle,locomotion,1,140.29681394746262,-3.1726905084018764,0.10973345824050078,1.1770737720966997,0.12770960041000276,0.7246745224372277,1.2535269332066954,-0.001086205063279222,1.2546131382699746,0.0
2757,55.14,idle,locomotion,1,140.34347934042103,-3.1737628640976734,0.10973345824050078,1.1770737688145203,0.12770957197436347,0.7246745247536398,1.2535269358962424,-0.00108620481486002,1.2546131407111025,0.0
2758,55.16,idle,locomotion,1,140.39014473337943,-3.1748352197934704,0.10973345824050078,1.1770737653719803,0.12770954338739765,0.7246745268682879,1.2535269383812544,-0.0010862045562450018,1.2546131429374994,0.0
2759,55.18,idle,locomotion,1,140.43681012633783,-3.1759075754892674,0.10973345824050078,1.177073762072419,0.1277095148123807,0.7246745287743163,1.253526940654131,-0.001086204323270716,1.2546131449774016,0.0
2760,55.2,idle,locomotion,1,140.48347551929623,-3.1769799311850644,0.10973345824050078,1.1770737592796465,0.1277094863141155,0.7246745308875828,1.253526943176017,-0.001086204012972436,1.2546131471889894,0.0
2761,55.22,idle,locomotion,1,140.53014091225464,-3.1780522868808614,0.10973345824050078,1.1770737567514815,0.12770945788542648,0.7246745330774895,1.253526945810337,-0.0010862036015771397,1.2546131494119142,0.0
2762,55.24,idle,locomotion,1,140.57680630521304,-3.1791246425766584,0.10973345824050078,1.1770737543367165,0.12770942952501463,0.7246745349979169,1.2535269482106353,-0.0010862031892747669,1.25461315139991,0.0
2763,55.26,idle,locomotion,1,140.62347169817144,-3.1801969982724554,0.10973345824050078,1.177073752303494,0.1277094010196241,0.7246745361024907,1.25352694987515,-0.0010862028444417644,1.2546131527195918,0.0
2764,55.28,idle,locomotion,1,140.67013709112985,-3.1812693539682524,0.10973345824050078,1.1770737506326634,0.12770937207476724,0.7246745359415282,1.2535269503550783,-0.00108620244979599,1.2546131528048743,0.0
2765,55.3,idle,locomotion,1,140.71680248408825,-3.1823417096640494,0.10973345824050078,1.1770737485650393,0.12770934286427357,0.7246745357260564,1.2535269507109006,-0.001086202038742573,1.2546131527496431,0.0
2766,55.32,idle,locomotion,1,140.76346787704665,-3.1834140653598464,0.10973345824050078,1.1770737460121399,0.12770931349431483,0.7246745364915443,1.2535269519556274,-0.0010862017402043511,1.2546131536958316,0.0
2767,55.34,idle,locomotion,1,140.81013327000505,-3.1844864210556434,0.10973345824050078,1.1770737427508762,0.1277092839772087,0.7246745380027311,1.2535269538456186,-0.0010862014879228117,1.2546131553335413,0.0
2768,55.36,idle,locomotion,1,140.85679866296346,-3.1855587767514404,0.10973345824050078,1.1770737391336341,0.1277092544223634,0.7246745400633345,1.2535269562428182,-0.0010862011684683835,1.2546131574112867,0.0
2769,55.38,idle,locomotion,1,140.90346405592186,-3.1866311324472374,0.10973345824050078,1.1770737355101046,0.12770922491582956,0.7246745421089206,1.2535269587012783,-0.001086200792530058,1.2546131594938084,0.0
2770,55.4,idle,locomotion,1,140.95012944888026,-3.1877034881430344,0.10973345824050078,1.1770737308676307,0.12770919552951643,0.7246745432609045,1.2535269602587358,-0.0010862004212104023,1.2546131606799462,0.0
2771,55.42,idle,locomotion,1,140.99679484183866,-3.1887758438388314,0.10973345824050078,1.1770737252226202,0.12770916638312518,0.7246745436873044,1.2535269610293496,-0.0010862001994342355,1.2546131612287839,0.0
2772,55.44,idle,locomotion,1,141.04346023479707,-3.1898481995346284,0.10973345824050078,1.177073720197748,0.1277091369640856,0.7246745439082861,1.2535269616235523,-0.0010862000646863386,1.2546131616882386,0.0
2773,55.46,idle,locomotion,1,141.09012562775547,-3.1909205552304254,0.10973345824050078,1.1770737157016027,0.12770910690667772,0.7246745433742365,1.2535269615073052,-0.0010861998552591026,1.2546131613625644,0.0
2774,55.48,idle,locomotion,1,141.13679102071387,-3.1919929109262224,0.10973345824050078,1.1770737116980454,0.12770907674199705,0.7246745429066209,1.2535269614954299,-0.0010861996949704973,1.2546131611904003,0.0
2775,55.5,idle,locomotion,1,141.18345641367227,-3.1930652666220194,0.10973345824050078,1.1770737081801932,0.12770904674932826,0.7246745433049397,1.253526962437162,-0.001086199445028805,1.254613161882191,0.0
2776,55.52,idle,locomotion,1,141.23012180663068,-3.1941376223178164,0.10973345824050078,1.1770737046825799,0.12770901697600417,0.724674544413862,1.2535269641047366,-0.001086199218344349,1.254613163323081,0.0
2777,55.54,idle,locomotion,1,141.27678719958908,-3.1952099780136134,0.10973345824050078,1.1770737003084903,0.12770898768055247,0.7246745449750176,1.253526965230234,-0.0010861989977505003,1.2546131642279845,0.0
2778,55.56,idle,locomotion,1,141.32345259254748,-3.1962823337094104,0.10973345824050078,1.1770736949974618,0.12770895889677025,0.7246745447078159,1.2535269654273624,-0.0010861989268078145,1.2546131643541703,0.0
2779,55.58,idle,locomotion,1,141.37011798550589,-3.1973546894052074,0.10973345824050078,1.1770736896330014,0.12770893062337474,0.7246745440680495,1.2535269652252143,-0.0010861988715735287,1.254613164096788,0.0
2780,55.6,idle,locomotion,1,141.4167833784643,-3.1984270451010044,0.10973345824050078,1.1770736849214276,0.1277089026434229,0.7246745433058466,1.2535269649177017,-0.0010861987360169384,1.2546131636537186,0.0
2781,55.62,idle,locomotion,1,141.4634487714227,-3.1994994007968014,0.10973345824050078,1.1770736805185285,0.12770887483460983,0.7246745428768779,1.253526964917768,-0.001086198419677456,1.2546131633374455,0.0
2782,55.64,idle,locomotion,1,141.5101141643811,-3.2005717564925984,0.10973345824050078,1.1770736766050698,0.1277088467055425,0.724674541839922,1.2535269643372815,-0.001086198115630311,1.2546131624529118,0.0
2783,55.66,idle,locomotion,1,141.5567795573395,-3.2016441121883954,0.10973345824050078,1.1770736737471619,0.1277088175501059,0.7246745403245654,1.2535269632149018,-0.0010861980859055848,1.2546131613008074,0.0
2784,55.68,idle,locomotion,1,141.6034449502979,-3.2027164678841924,0.10973345824050078,1.1770736715495742,0.1277087877274267,0.7246745398478246,1.253526963087305,-0.0010861980618585183,1.2546131611491635,0.0
2785,55.7,idle,locomotion,1,141.6501103432563,-3.2037888235799894,0.10973345824050078,1.1770736693376083,0.12770875788210914,0.7246745410128813,1.2535269646243399,-0.0010861978742273577,1.2546131624985672,0.0
2786,55.72,idle,locomotion,1,141.6967757362147,-3.2048611792757864,0.10973345824050078,1.177073666176982,0.12770872810083975,0.7246745422523806,1.253526966250257,-0.0010861975195482175,1.2546131637698053,0.0
2787,55.74,idle,locomotion,1,141.7434411291731,-3.2059335349715834,0.10973345824050078,1.1770736627022274,0.12770869795204184,0.7246745429719379,1.2535269673125693,-0.0010861972929378724,1.2546131646055072,0.0
2788,55.76,idle,locomotion,1,141.7901065221315,-3.2070058906673804,0.10973345824050078,1.1770736593728885,0.12770866719333682,0.7246745433132169,1.2535269680160344,-0.0010861970319235859,1.254613165047958,0.0
2789,55.78,idle,locomotion,1,141.8367719150899,-3.2080782463631774,0.10973345824050078,1.1770736559026767,0.12770863581050276,0.7246745437491227,1.2535269687749315,-0.0010861967277288782,1.2546131655026604,0.0
2790,55.8,idle,locomotion,1,141.88343730804831,-3.2091506020589744,0.10973345824050078,1.1770736527434462,0.127708603548169,0.7246745442779752,1.2535269696095575,-0.001086196456752963,1.2546131660663105,0.0
2791,55.82,idle,locomotion,1,141.93010270100672,-3.2102229577547714,0.10973345824050078,1.1770736500861365,0.12770857045892298,0.7246745457325416,1.253526971352596,-0.0010861961121814319,1.2546131674647776,0.0
2792,55.84,idle,locomotion,1,141.97676809396512,-3.2112953134505684,0.10973345824050078,1.1770736467677871,0.12770853702084958,0.7246745479865369,1.253526973912384,-0.001086195941004682,1.2546131698533887,0.0
2793,55.86,idle,locomotion,1,142.02343348692352,-3.2123676691463654,0.10973345824050078,1.1770736430645232,0.12770850371867884,0.7246745499743993,1.2535269762882413,-0.001086196034457143,1.2546131723226983,0.0
2794,55.88,idle,locomotion,1,142.07009887988193,-3.2134400248421624,0.10973345824050078,1.1770736397482193,0.12770847062432,0.7246745518306924,1.2535269786136198,-0.0010861961206521525,1.254613174734272,0.0
2795,55.9,idle,locomotion,1,142.11676427284033,-3.2145123805379594,0.10973345824050078,1.1770736362144876,0.12770843790905326,0.7246745539787555,1.2535269812192067,-0.00108619611415783,1.2546131773333644,0.0
2796,55.92,idle,locomotion,1,142.16342966579873,-3.2155847362337564,0.10973345824050078,1.17707363264389,0.12770840581792545,0.7246745565282331,1.2535269842162604,-0.001086196113016847,1.2546131803292773,0.0
2797,55.94,idle,locomotion,1,142.21009505875713,-3.2166570919295534,0.10973345824050078,1.1770736289289803,0.1277083743042008,0.7246745592272265,1.2535269873270132,-0.0010861959961263878,1.2546131833231395,0.0
2798,55.96,idle,locomotion,1,142.25676045171554,-3.2177294476253504,0.10973345824050078,1.1770736247896982,0.1277083429484596,0.724674562148962,1.2535269905011686,-0.0010861958298688107,1.2546131863310375,0.0
2799,55.98,idle,locomotion,1,142.30342584467394,-3.2188018033211474,0.10973345824050078,1.1770736205544747,0.12770831134461777,0.7246745642416875,1.2535269927561468,-0.0010861956045268295,1.2546131883606737,0.0
2800,56.0,idle,locomotion,1,142.35009123763234,-3.2198741590169444,0.10973345824050078,1.1770736165828444,0.1277082794700619,0.7246745655936316,1.253526994188881,-0.0010861954708298732,1.2546131896597108,0.0
2801,56.02,idle,locomotion,1,142.39675663059074,-3.2209465147127414,0.10973345824050078,1.1770736135470286,0.12770824749140422,0.7246745674144648,1.2535269961490008,-0.0010861951862849197,1.2546131913352856,0.0
2802,56.04,idle,locomotion,1,142.44342202354915,-3.2220188704085384,0.10973345824050078,1.177073610552189,0.1277082158523834,0.724674569650089,1.2535269986398212,-0.0010861948454338986,1.2546131934852551,0.0
2803,56.06,idle,locomotion,1,142.49008741650755,-3.2230912261043354,0.10973345824050078,1.1770736075676154,0.1277081847298828,0.7246745718497672,1.2535270011500466,-0.0010861947090703983,1.254613195859117,0.0
2804,56.08,idle,locomotion,1,142.53675280946595,-3.2241635818001324,0.10973345824050078,1.1770736043557652,0.12770815400995633,0.7246745744316793,1.2535270039860045,-0.0010861945091910977,1.2546131984951956,0.0
2805,56.1,idle,locomotion,1,142.58341820242435,-3.2252359374959294,0.10973345824050078,1.1770736004347795,0.12770812368461143,0.7246745767746291,1.253527006539056,-0.0010861943099056623,1.2546132008489617,0.0
2806,56.12,idle,locomotion,1,142.63008359538276,-3.2263082931917264,0.10973345824050078,1.177073596253778,0.12770809388611093,0.7246745781763397,1.2535270081652117,-0.001086194286238188,1.2546132024514498,0.0
2807,56.14,idle,locomotion,1,142.67674898834116,-3.2273806488875234,0.10973345824050078,1.1770735928941216,0.12770806456036543,0.7246745785466563,1.2535270088901054,-0.001086194292446229,1.2546132031825517,0.0
2808,56.16,idle,locomotion,1,142.72341438129956,-3.2284530045833204,0.10973345824050078,1.1770735899818179,0.12770803582146295,0.7246745794834405,1.2535270102259555,-0.0010861941139964845,1.254613204339952,0.0
2809,56.18,idle,locomotion,1,142.77007977425797,-3.2295253602791174,0.10973345824050078,1.1770735873062863,0.12770800748763256,0.724674581003577,1.2535270122222422,-0.0010861937636879385,1.25461320598593,0.0
2810,56.2,idle,locomotion,1,142.81674516721637,-3.2305977159749144,0.10973345824050078,1.1770735845878586,0.12770797926780866,0.7246745816422403,1.2535270133781553,-0.001086193512559435,1.2546132068907148,0.0
2811,56.22,idle,locomotion,1,142.86341056017477,-3.2316700716707114,0.10973345824050078,1.1770735812124011,0.12770795128462442,0.7246745821657997,1.2535270143275166,-0.0010861932991844195,1.254613207626701,0.0
2812,56.24,idle,locomotion,1,142.91007595313317,-3.2327424273665084,0.10973345824050078,1.1770735769818716,0.12770792357069596,0.7246745829608341,1.2535270154857066,-0.0010861930385270765,1.2546132085242336,0.0
2813,56.26,idle,locomotion,1,142.95674134609158,-3.2338147830623054,0.10973345824050078,1.1770735721976981,0.1277078962060671,0.7246745836310129,1.2535270164608943,-0.001086192817153487,1.2546132092780478,0.0
2814,56.28,idle,locomotion,1,143.00340673904998,-3.2348871387581024,0.10973345824050078,1.1770735675409918,0.12770786906515422,0.7246745833669546,1.2535270165169954,-0.0010861925679560916,1.2546132090849516,0.0
2815,56.3,idle,locomotion,1,143.05007213200838,-3.2359594944538994,0.10973345824050078,1.177073563857361,0.12770784175386196,0.7246745827405046,1.2535270161851615,-0.001086192284409513,1.254613208469571,0.0
2816,56.32,idle,locomotion,1,143.09673752496678,-3.2370318501496964,0.10973345824050078,1.1770735602231375,0.12770781430237765,0.7246745827722211,1.25352701643485,-0.0010861918115061993,1.2546132082463561,0.0
2817,56.34,idle,locomotion,1,143.1434029179252,-3.2381042058454934,0.10973345824050078,1.1770735567466244,0.12770778691533005,0.7246745833541451,1.253527017248258,-0.0010861913922547532,1.2546132086405128,0.0
2818,56.36,idle,locomotion,1,143.1900683108836,-3.2391765615412904,0.10973345824050078,1.177073553745275,0.12770775927641123,0.7246745841019177,1.2535270182551597,-0.0010861910452996879,1.2546132093004594,0.0
2819,56.38,idle,locomotion,1,143.236733703842,-3.2402489172370874,0.10973345824050078,1.177073551049319,0.12770773131526036,0.7246745852083737,1.2535270196436314,-0.0010861907238826005,1.254613210367514,0.0
2820,56.4,idle,locomotion,1,143.2833990968004,-3.2413212729328844,0.10973345824050078,1.177073548160115,0.1277077032637522,0.7246745868985911,1.253527021643908,-0.0010861903333693433,1.2546132119772775,0.0
2821,56.42,idle,locomotion,1,143.3300644897588,-3.2423936286286814,0.10973345824050078,1.1770735446405685,0.12770767532814092,0.7246745882899575,1.2535270234263614,-0.0010861899710225276,1.254613213397384,0.0
2822,56.44,idle,locomotion,1,143.3767298827172,-3.2434659843244784,0.10973345824050078,1.1770735408432897,0.12770764784905947,0.7246745891564553,1.2535270248053574,-0.0010861897384541984,1.2546132145438116,0.0
2823,56.46,idle,locomotion,1,143.4233952756756,-3.2445383400202754,0.10973345824050078,1.1770735367171068,0.12770762091366492,0.724674589948762,1.2535270261929345,-0.0010861895564644626,1.254613215749399,0.0
2824,56.48,idle,locomotion,1,143.470060668634,-3.2456106957160724,0.10973345824050078,1.1770735321884913,0.12770759444568058,0.7246745904808229,1.253527027362047,-0.0010861894020153737,1.2546132167640622,0.0
2825,56.5,idle,locomotion,1,143.5167260615924,-3.2466830514118694,0.10973345824050078,1.1770735271203208,0.1277075683173158,0.7246745906829007,1.2535270281697912,-0.0010861893594136147,1.2546132175292048,0.0
2826,56.52,idle,locomotion,1,143.5633914545508,-3.2477554071076664,0.10973345824050078,1.1770735218643893,0.12770754245085048,0.7246745901669787,1.2535270282749484,-0.0010861894234432193,1.2546132176983917,0.0
2827,56.54,idle,locomotion,1,143.6100568475092,-3.2488277628034634,0.10973345824050078,1.1770735164381179,0.12770751693271826,0.7246745904718936,1.2535270291454885,-0.001086189368211067,1.2546132185136996,0.0
2828,56.56,idle,locomotion,1,143.65672224046762,-3.2499001184992604,0.10973345824050078,1.1770735102979946,0.1277074916358741,0.7246745915142044,1.253527030739375,-0.0010861891256851303,1.2546132198650601,0.0
2829,56.58,idle,locomotion,1,143.70338763342602,-3.2509724741950574,0.10973345824050078,1.177073503365676,0.12770746661423207,0.7246745920151105,1.2535270317666403,-0.0010861889411361084,1.2546132207077765,0.0
2830,56.6,idle,locomotion,1,143.75005302638442,-3.2520448298908544,0.10973345824050078,1.1770734961489746,0.1277074422445121,0.7246745925420877,1.2535270328550725,-0.0010861887483034315,1.2546132216033758,0.0
2831,56.62,idle,locomotion,1,143.79671841934282,-3.2531171855866514,0.10973345824050078,1.1770734888485306,0.12770741820477188,0.7246745934198432,1.2535270342905032,-0.0010861886466917159,1.254613222937195,0.0
2832,56.64,idle,locomotion,1,143.84338381230123,-3.2541895412824484,0.10973345824050078,1.17707348127816,0.127707394436667,0.7246745951182975,1.2535270364559763,-0.00108618848920293,1.2546132249451791,0.0
2833,56.66,idle,locomotion,1,143.89004920525963,-3.2552618969782454,0.10973345824050078,1.1770734735994741,0.12770737092859338,0.7246745976657127,1.253527039450457,-0.001086188288784106,1.254613227739241,0.0
2834,56.68,idle,locomotion,1,143.93671459821803,-3.2563342526740424,0.10973345824050078,1.1770734656112039,0.12770734727645566,0.7246746003690981,1.2535270425329776,-0.0010861880887903727,1.254613230621768,0.0
2835,56.7,idle,locomotion,1,143.98337999117643,-3.2574066083698394,0.10973345824050078,1.1770734573665058,0.12770732373979005,0.7246746031534078,1.2535270456559786,-0.0010861879006684796,1.2546132335566471,0.0
2836,56.72,idle,locomotion,1,144.03004538413484,-3.2584789640656364,0.10973345824050078,1.1770734488395622,0.12770730043167444,0.7246746064067437,1.2535270491684016,-0.0010861877469813888,1.254613236915383,0.0
2837,56.74,idle,locomotion,1,144.07671077709324,-3.2595513197614334,0.10973345824050078,1.1770734400916958,0.12770727720841782,0.7246746096895692,1.2535270526497118,-0.0010861876298043326,1.254613240279516,0.0
2838,56.76,idle,locomotion,1,144.12337617005164,-3.2606236754572304,0.10973345824050078,1.1770734318786813,0.1277072537175781,0.7246746126182946,1.2535270557703109,-0.001086187585348928,1.2546132433556598,0.0
2839,56.78,idle,locomotion,1,144.17004156301005,-3.2616960311530274,0.10973345824050078,1.1770734240759821,0.12770722995869357,0.724674615172453,1.253527058502597,-0.0010861874504755412,1.2546132459530726,0.0
2840,56.8,idle,locomotion,1,144.21670695596845,-3.2627683868488244,0.10973345824050078,1.1770734165893026,0.12770720625238505,0.7246746185586238,1.2535270619947563,-0.0010861873800644822,1.2546132493748208,0.0
2841,56.82,idle,locomotion,1,144.26337234892685,-3.2638407425446214,0.10973345824050078,1.1770734095450976,0.12770718277150697,0.7246746224991594,1.2535270660812292,-0.0010861872840957597,1.254613253365325,0.0
2842,56.84,idle,locomotion,1,144.31003774188525,-3.2649130982404184,0.10973345824050078,1.177073402752785,0.12770715971087623,0.7246746262847928,1.2535270700104304,-0.0010861871338759856,1.2546132571443065,0.0
2843,56.86,idle,locomotion,1,144.35670313484366,-3.2659854539362154,0.10973345824050078,1.1770733961670432,0.12770713721899582,0.7246746297336847,1.2535270736192317,-0.001086187026152475,1.2546132606453841,0.0
2844,56.88,idle,locomotion,1,144.40336852780206,-3.2670578096320124,0.10973345824050078,1.177073390229732,0.12770711527302384,0.7246746322514351,1.2535270763967006,-0.0010861868941976112,1.2546132632908982,0.0
2845,56.9,idle,locomotion,1,144.45003392076046,-3.2681301653278094,0.10973345824050078,1.1770733847662893,0.12770709364032543,0.7246746337054545,1.2535270781424486,-0.0010861867131514713,1.2546132648556,0.0
2846,56.92,idle,locomotion,1,144.49669931371886,-3.2692025210236064,0.10973345824050078,1.1770733797727067,0.1277070724442779,0.7246746348797793,1.2535270796358549,-0.0010861865501993195,1.254613266186054,0.0
2847,56.94,idle,locomotion,1,144.54336470667727,-3.2702748767194034,0.10973345824050078,1.1770733749268005,0.1277070517203302,0.7246746361513592,1.2535270812319392,-0.0010861862950995414,1.2546132675270387,0.0
2848,56.96,idle,locomotion,1,144.59003009963567,-3.2713472324152004,0.10973345824050078,1.1770733700092018,0.12770703137501604,0.724674637853231,1.2535270832166994,-0.001086185922650123,1.2546132691393495,0.0
2849,56.98,idle,locomotion,1,144.63669549259407,-3.2724195881109974,0.10973345824050078,1.1770733652746257,0.1277070114268528,0.7246746398373245,1.2535270855350702,-0.0010861854046470693,1.2546132709397173,0.0
2850,57.0,idle,locomotion,1,144.68336088555247,-3.2734919438067944,0.10973345824050078,1.1770733601560919,0.12770699176733166,0.7246746416340346,1.2535270876525506,-0.0010861848744317011,1.2546132725269823,0.0
2851,57.02,idle,locomotion,1,144.73002627851088,-3.2745642995025914,0.10973345824050078,1.1770733541068417,0.1277069725768111,0.7246746433247014,1.2535270895781536,-0.001086184394307365,1.254613273972461,0.0
2852,57.04,idle,locomotion,1,144.77669167146928,-3.2756366551983884,0.10973345824050078,1.177073347746761,0.12770695416149527,0.7246746442080131,1.2535270907536695,-0.0010861840138581443,1.2546132747675276,0.0
2853,57.06,idle,locomotion,1,144.82335706442768,-3.2767090108941854,0.10973345824050078,1.1770733418620265,0.1277069361022158,0.7246746442823143,1.2535270911635268,-0.0010861838007366446,1.2546132749642633,0.0
2854,57.08,idle,locomotion,1,144.87002245738609,-3.2777813665899824,0.10973345824050078,1.1770733364035082,0.12770691802158962,0.7246746448196008,1.2535270919920856,-0.0010861836298668957,1.2546132756219524,0.0
2855,57.1,idle,locomotion,1,144.9166878503445,-3.2788537222857794,0.10973345824050078,1.1770733313482165,0.1277068997265644,0.724674646120309,1.2535270935362395,-0.001086183511268362,1.2546132770475078,0.0
2856,57.12,idle,locomotion,1,144.9633532433029,-3.2799260779815764,0.10973345824050078,1.1770733265949922,0.12770688106544228,0.7246746479062547,1.2535270955113855,-0.0010861834421175241,1.254613278953503,0.0
2857,57.14,idle,locomotion,1,145.0100186362613,-3.2809984336773734,0.10973345824050078,1.1770733219776681,0.1277068621174188,0.724674649950777,1.2535270977238153,-0.0010861833142398677,1.2546132810380553,0.0
2858,57.16,idle,locomotion,1,145.0566840292197,-3.2820707893731704,0.10973345824050078,1.177073317510863,0.12770684303219748,0.724674652238207,1.2535271001670893,-0.0010861831691038604,1.2546132833361932,0.0
2859,57.18,idle,locomotion,1,145.1033494221781,-3.2831431450689674,0.10973345824050078,1.1770733133473417,0.12770682410322493,0.724674654474967,1.2535271026414012,-0.0010861828872247743,1.254613285528626,0.0
2860,57.2,idle,locomotion,1,145.1500148151365,-3.2842155007647644,0.10973345824050078,1.1770733094998165,0.1277068052624478,0.7246746561938,1.2535271047208214,-0.001086182532849849,1.2546132872536713,0.0
2861,57.22,idle,locomotion,1,145.1966802080949,-3.2852878564605614,0.10973345824050078,1.1770733055695322,0.12770678614253378,0.7246746572782942,1.2535271061592752,-0.001086182273777988,1.2546132884330532,0.0
2862,57.24,idle,locomotion,1,145.2433456010533,-3.2863602121563584,0.10973345824050078,1.1770733013799521,0.12770676669627845,0.7246746583538997,1.25352710747815,-0.0010861821395237031,1.2546132896176736,0.0
2863,57.26,idle,locomotion,1,145.2900109940117,-3.2874325678521554,0.10973345824050078,1.177073297275949,0.12770674687709924,0.7246746599829851,1.2535271092695301,-0.001086182018901323,1.2546132912884316,0.0
2864,57.28,idle,locomotion,1,145.3366763869701,-3.2885049235479524,0.10973345824050078,1.1770732935024413,0.12770672686931978,0.7246746620203526,1.253527111484619,-0.0010861819186579191,1.2546132934032768,0.0
2865,57.3,idle,locomotion,1,145.38334177992851,-3.2895772792437494,0.10973345824050078,1.1770732899620668,0.1277067068457878,0.7246746639912705,1.2535271136696042,-0.001086181781246632,1.2546132954508509,0.0
2866,57.32,idle,locomotion,1,145.43000717288692,-3.2906496349395464,0.10973345824050078,1.1770732863710933,0.1277066869071486,0.7246746664948766,1.2535271163160269,-0.0010861815934036755,1.2546132979094304,0.0
2867,57.34,idle,locomotion,1,145.47667256584532,-3.2917219906353434,0.10973345824050078,1.1770732826723258,0.12770666704138614,0.7246746694489743,1.2535271193861102,-0.001086181337862667,1.2546133007239728,0.0
2868,57.36,idle,locomotion,1,145.52333795880372,-3.2927943463311404,0.10973345824050078,1.1770732789351368,0.12770664712568683,0.7246746721979483,1.2535271222579139,-0.001086181069391283,1.254613303327305,0.0
2869,57.38,idle,locomotion,1,145.57000335176213,-3.2938667020269374,0.10973345824050078,1.1770732752113209,0.12770662706974775,0.7246746739469658,1.2535271241759935,-0.0010861809518573629,1.254613305127851,0.0
2870,57.4,idle,locomotion,1,145.61666874472053,-3.2949390577227344,0.10973345824050078,1.1770732715859595,0.12770660701995687,0.7246746751007616,1.2535271255124263,-0.001086180897633949,1.2546133064100602,0.0
2871,57.42,idle,locomotion,1,145.66333413767893,-3.2960114134185314,0.10973345824050078,1.177073268026236,0.12770658713453337,0.7246746757798326,1.253527126422422,-0.001086180772645308,1.2546133071950671,0.0
2872,57.44,idle,locomotion,1,145.70999953063733,-3.2970837691143284,0.10973345824050078,1.177073264491094,0.12770656746677098,0.7246746763513842,1.2535271272204858,-0.001086180555407601,1.2546133077758934,0.0
2873,57.46,idle,locomotion,1,145.75666492359574,-3.2981561248101254,0.10973345824050078,1.1770732608503465,0.1277065480075243,0.7246746767955297,1.2535271279150992,-0.001086180230882909,1.254613308145982,0.0
2874,57.48,idle,locomotion,1,145.80333031655414,-3.2992284805059224,0.10973345824050078,1.1770732573271199,0.12770652885849984,0.7246746770595273,1.253527128488813,-0.001086179863129054,1.254613308351942,0.0
2875,57.5,idle,locomotion,1,145.84999570951254,-3.3003008362017194,0.10973345824050078,1.1770732537711213,0.12770650972477465,0.7246746773047351,1.2535271290723482,-0.001086179488681352,1.2546133085610296,0.0
2876,57.52,idle,locomotion,1,145.89666110247094,-3.3013731918975164,0.10973345824050078,1.1770732499658654,0.12770649039613316,0.7246746775840269,1.2535271296755692,-0.00108617916265746,1.2546133088382267,0.0
2877,57.54,idle,locomotion,1,145.94332649542935,-3.3024455475933134,0.10973345824050078,1.1770732461948572,0.12770647110720748,0.7246746781190828,1.25352713059258,-0.0010861788652431134,1.2546133094578231,0.0
2878,57.56,idle,locomotion,1,145.98999188838775,-3.3035179032891104,0.10973345824050078,1.1770732424424415,0.127706451683087,0.7246746790548038,1.2535271319122747,-0.0010861784685525823,1.2546133103808272,0.0
2879,57.58,idle,locomotion,1,146.03665728134615,-3.3045902589849074,0.10973345824050078,1.1770732383131617,0.12770643217500008,0.7246746794869897,1.2535271327398911,-0.0010861780703383672,1.2546133108102295,0.0
2880,57.6,idle,locomotion,1,146.08332267430455,-3.3056626146807044,0.10973345824050078,1.1770732338434253,0.12770641275337244,0.7246746791931099,1.253527132829704,-0.0010861777495179796,1.2546133105792219,0.0
2881,57.62,idle,locomotion,1,146.12998806726296,-3.3067349703765014,0.10973345824050078,1.1770732293100101,0.1277063933915067,0.724674678455522,1.2535271324913,-0.001086177458178239,1.2546133099494783,0.0
2882,57.64,idle,locomotion,1,146.17665346022136,-3.3078073260722984,0.10973345824050078,1.1770732248369868,0.12770637419186087,0.7246746779044164,1.2535271323339874,-0.0010861773191487116,1.254613309653136,0.0
2883,57.66,idle,locomotion,1,146.22331885317976,-3.3088796817680954,0.10973345824050078,1.1770732207696466,0.12770635538438357,0.7246746778488983,1.2535271327283597,-0.0010861770996983197,1.254613309828058,0.0
2884,57.68,idle,locomotion,1,146.26998424613816,-3.3099520374638924,0.10973345824050078,1.1770732168807223,0.12770633667087075,0.7246746779469799,1.253527133275192,-0.0010861767285034914,1.2546133100036956,0.0
2885,57.7,idle,locomotion,1,146.31664963909657,-3.3110243931596894,0.10973345824050078,1.1770732128957222,0.1277063178479796,0.7246746784018921,1.2535271341182732,-0.0010861764795684035,1.2546133105978416,0.0
2886,57.72,idle,locomotion,1,146.36331503205497,-3.3120967488554864,0.10973345824050078,1.177073208809751,0.12770629899309166,0.7246746792503499,1.2535271353422361,-0.0010861763202068067,1.254613311662443,0.0
2887,57.74,idle,locomotion,1,146.40998042501337,-3.3131691045512834,0.10973345824050078,1.177073204563437,0.12770628008648857,0.7246746802564605,1.2535271366982834,-0.0010861762086766848,1.25461331290696,0.0
2888,57.76,idle,locomotion,1,146.45664581797178,-3.3142414602470804,0.10973345824050078,1.1770732001881383,0.12770626102679353,0.724674681215356,1.2535271379800588,-0.0010861761480529843,1.2546133141281117,0.0
2889,57.78,idle,locomotion,1,146.50331121093018,-3.3153138159428774,0.10973345824050078,1.1770731958864027,0.1277062419306347,0.7246746828404219,1.2535271399013046,-0.0010861760485462273,1.254613315949851,0.0
2890,57.8,idle,locomotion,1,146.54997660388858,-3.3163861716386744,0.10973345824050078,1.1770731914919166,0.12770622266209916,0.7246746840966676,1.2535271415173028,-0.0010861758143586794,1.2546133173316616,0.0
2891,57.82,idle,locomotion,1,146.59664199684698,-3.3174585273344714,0.10973345824050078,1.1770731871139672,0.12770620325288784,0.7246746849453644,1.2535271427225898,-0.0010861756173147046,1.2546133183399044,0.0
2892,57.84,idle,locomotion,1,146.6433073898054,-3.3185308830302684,0.10973345824050078,1.1770731825116687,0.12770618370913842,0.724674685529126,1.2535271436396345,-0.0010861754514749702,1.2546133190911095,0.0
2893,57.86,idle,locomotion,1,146.6899727827638,-3.3196032387260654,0.10973345824050078,1.1770731778673507,0.12770616425145784,0.7246746861997825,1.2535271446341059,-0.0010861753164820437,1.254613319950588,0.0
2894,57.88,idle,locomotion,1,146.7366381757222,-3.3206755944218624,0.10973345824050078,1.1770731732649358,0.1277061449065527,0.7246746869581552,1.2535271457841024,-0.0010861751005625288,1.254613320884665,0.0
2895,57.9,idle,locomotion,1,146.7833035686806,-3.3217479501176594,0.10973345824050078,1.1770731684793618,0.12770612555093758,0.7246746878947246,1.2535271471363187,-0.0010861748245226052,1.2546133219608413,0.0
2896,57.92,idle,locomotion,1,146.829968961639,-3.3228203058134564,0.10973345824050078,1.1770731632085933,0.12770610593504064,0.7246746889753698,1.2535271486113717,-0.0010861746340393372,1.254613323245411,0.0
2897,57.94,idle,locomotion,1,146.8766343545974,-3.3238926615092534,0.10973345824050078,1.1770731574601596,0.12770608605529513,0.7246746908883748,1.25352715080861,-0.0010861745806061175,1.2546133253892162,0.0
2898,57.96,idle,locomotion,1,146.9232997475558,-3.3249650172050504,0.10973345824050078,1.1770731516764394,0.12770606616348779,0.724674693782994,1.253527154001782,-0.0010861743987293677,1.2546133284005114,0.0
2899,57.98,idle,locomotion,1,146.9699651405142,-3.3260373729008474,0.10973345824050078,1.1770731457874763,0.12770604606751537,0.724674696979914,1.2535271574864222,-0.001086174104081336,1.2546133315905035,0.0
2900,58.0,idle,locomotion,1,147.0166305334726,-3.3271097285966444,0.10973345824050078,1.177073139754584,0.12770602572324832,0.7246746999064299,1.2535271606916067,-0.0010861738897128478,1.2546133345813195,0.0
2901,58.02,idle,locomotion,1,147.063295926431,-3.3281820842924414,0.10973345824050078,1.1770731337197986,0.12770600539017282,0.7246747023985247,1.2535271635002452,-0.0010861736901906262,1.2546133371904358,0.0
2902,58.04,idle,locomotion,1,147.1099613193894,-3.3292544399882384,0.10973345824050078,1.177073127916897,0.12770598531938726,0.7246747043496201,1.253527165864029,-0.0010861733204018814,1.254613339184431,0.0
2903,58.06,idle,locomotion,1,147.15662671234782,-3.3303267956840354,0.10973345824050078,1.1770731220982227,0.127705965370807,0.7246747059111394,1.253527167855578,-0.0010861727801156837,1.2546133406356936,0.0
2904,58.08,idle,locomotion,1,147.20329210530622,-3.3313991513798324,0.10973345824050078,1.1770731160301522,0.12770594538550883,0.7246747073258532,1.2535271696621078,-0.0010861722360473794,1.254613341898155,0.0
2905,58.1,idle,locomotion,1,147.24995749826462,-3.3324715070756294,0.10973345824050078,1.1770731097403238,0.1277059255700637,0.7246747089962216,1.2535271717182015,-0.0010861718046031518,1.2546133435228046,0.0
2906,58.12,idle,locomotion,1,147.29662289122302,-3.3335438627714264,0.10973345824050078,1.1770731032760395,0.12770590597653683,0.7246747108885919,1.2535271740025349,-0.0010861714742184739,1.2546133454767534,0.0
2907,58.14,idle,locomotion,1,147.34328828418143,-3.3346162184672234,0.10973345824050078,1.1770730966516205,0.1277058865738693,0.724674713220663,1.2535271767001763,-0.0010861712770825621,1.254613347977259,0.0
2908,58.16,idle,locomotion,1,147.38995367713983,-3.3356885741630204,0.10973345824050078,1.177073089635314,0.12770586748425938,0.7246747162440267,1.2535271800663061,-0.0010861710730680069,1.2546133511393742,0.0
2909,58.18,idle,locomotion,1,147.43661907009823,-3.3367609298588174,0.10973345824050078,1.1770730823379194,0.12770584879803895,0.7246747199761551,1.253527184133493,-0.0010861707834451916,1.254613354916938,0.0
2910,58.2,idle,locomotion,1,147.48328446305663,-3.3378332855546144,0.10973345824050078,1.1770730745759543,0.12770583024411641,0.7246747239205656,1.2535271883876244,-0.0010861703872474676,1.254613358774872,0.0
2911,58.22,idle,locomotion,1,147.52994985601504,-3.3389056412504114,0.10973345824050078,1.1770730665412685,0.12770581178803442,0.724674727630672,1.253527192406235,-0.0010861701316728853,1.254613362537908,0.0
2912,58.24,idle,locomotion,1,147.57661524897344,-3.3399779969462084,0.10973345824050078,1.177073058505695,0.12770579343555816,0.7246747306348826,1.253527195788727,-0.0010861699636172222,1.2546133657523444,0.0
2913,58.26,idle,locomotion,1,147.62328064193184,-3.3410503526420054,0.10973345824050078,1.1770730505921285,0.12770577483152912,0.7246747328599562,1.2535271983961294,-0.0010861698724055797,1.254613368268535,0.0
2914,58.28,idle,locomotion,1,147.66994603489024,-3.3421227083378025,0.10973345824050078,1.1770730427585538,0.12770575631012282,0.7246747351046421,1.2535272010545433,-0.0010861697445592074,1.2546133707991025,0.0
2915,58.3,idle,locomotion,1,147.71661142784865,-3.3431950640335995,0.10973345824050078,1.1770730342231277,0.1277057385266844,0.724674737935644,1.2535272043562253,-0.001086169417597295,1.2546133737738225,0.0
2916,58.32,idle,locomotion,1,147.76327682080705,-3.3442674197293965,0.10973345824050078,1.1770730254057309,0.1277057213814408,0.7246747405688942,1.2535272075054542,-0.001086169211399049,1.2546133767168532,0.0
2917,58.34,idle,locomotion,1,147.80994221376545,-3.3453397754251935,0.10973345824050078,1.177073016470337,0.127705704317666,0.7246747420743811,1.2535272095052883,-0.001086169127580524,1.2546133786328688,0.0
2918,58.36,idle,locomotion,1,147.85660760672386,-3.3464121311209905,0.10973345824050078,1.1770730075600317,0.12770568739011176,0.7246747432428986,1.253527211136772,-0.0010861691688042671,1.2546133803055761,0.0
2919,58.38,idle,locomotion,1,147.90327299968226,-3.3474844868167875,0.10973345824050078,1.177072998391821,0.12770567099372304,0.7246747445182071,1.253527212908966,-0.0010861689561762408,1.2546133818651424,0.0
2920,58.4,idle,locomotion,1,147.94993839264066,-3.3485568425125845,0.10973345824050078,1.177072989119635,0.1277056552216339,0.724674745506047,1.2535272144033593,-0.0010861687680607697,1.2546133831714201,0.0
2921,58.42,idle,locomotion,1,147.99660378559906,-3.3496291982083815,0.10973345824050078,1.177072980180055,0.1277056396104516,0.7246747457466389,1.2535272151144181,-0.0010861685761444188,1.2546133836905626,0.0
2922,58.44,idle,locomotion,1,148.04326917855747,-3.3507015539041785,0.10973345824050078,1.1770729720670507,0.1277056237674331,0.724674744801294,1.2535272146806613,-0.0010861683848275364,1.2546133830654889,0.0
2923,58.46,idle,locomotion,1,148.08993457151587,-3.3517739095999755,0.10973345824050078,1.1770729640042066,0.1277056082332734,0.7246747441512175,1.2535272145508767,-0.001086168060900474,1.2546133826117771,0.0
2924,58.48,idle,locomotion,1,148.13659996447427,-3.3528462652957725,0.10973345824050078,1.1770729554619215,0.12770559367524717,0.7246747443193445,1.2535272152920058,-0.0010861676260700594,1.254613382918076,0.0
2925,58.5,idle,locomotion,1,148.18326535743267,-3.3539186209915695,0.10973345824050078,1.1770729467931826,0.127705580094793,0.7246747444601471,1.2535272160662156,-0.0010861672106494552,1.2546133832768651,0.0
2926,58.52,idle,locomotion,1,148.22993075039108,-3.3549909766873665,0.10973345824050078,1.17707293800003,0.12770556666604366,0.724674743984958,1.2535272161305169,-0.0010861668775873044,1.254613383008104,0.0
2927,58.54,idle,locomotion,1,148.27659614334948,-3.3560633323831635,0.10973345824050078,1.1770729294029818,0.12770555304310635,0.7246747436659964,1.253527216193377,-0.0010861666128262372,1.2546133828062034,0.0
2928,58.56,idle,locomotion,1,148.32326153630788,-3.3571356880789605,0.10973345824050078,1.1770729210519115,0.12770553898766507,0.7246747435895883,1.2535272163960594,-0.0010861663858941252,1.2546133827819534,0.0
2929,58.58,idle,locomotion,1,148.36992692926628,-3.3582080437747575,0.10973345824050078,1.177072912632085,0.1277055250127848,0.724674744381062,1.2535272173640009,-0.0010861661538931824,1.254613383517894,0.0
2930,58.6,idle,locomotion,1,148.4165923222247,-3.3592803994705545,0.10973345824050078,1.1770729041090155,0.1277055114508389,0.7246747455608576,1.2535272187274158,-0.0010861659842493314,1.2546133847116652,0.0
2931,58.62,idle,locomotion,1,148.4632577151831,-3.3603527551663515,0.10973345824050078,1.1770728959379197,0.12770549782236967,0.7246747462677479,1.253527219576846,-0.0010861658330625981,1.2546133854099086,0.0
2932,58.64,idle,locomotion,1,148.5099231081415,-3.3614251108621485,0.10973345824050078,1.177072888554492,0.12770548375645355,0.7246747460067258,1.2535272194671088,-0.0010861656813305857,1.2546133851484393,0.0
2933,58.66,idle,locomotion,1,148.5565885010999,-3.3624974665579455,0.10973345824050078,1.1770728823169263,0.12770546926614484,0.7246747453416965,1.2535272190012288,-0.0010861655674842784,1.254613384568713,0.0
2934,58.68,idle,locomotion,1,148.6032538940583,-3.3635698222537425,0.10973345824050078,1.1770728770381642,0.12770545441567568,0.7246747452963952,1.2535272192005464,-0.001086165486174729,1.2546133846867211,0.0
2935,58.7,idle,locomotion,1,148.6499192870167,-3.3646421779495395,0.10973345824050078,1.1770728717304255,0.12770543954169858,0.7246747461987777,1.2535272203346988,-0.0010861652101148665,1.2546133855448136,0.0
2936,58.72,idle,locomotion,1,148.6965846799751,-3.3657145336453365,0.10973345824050078,1.1770728662582377,0.12770542489053033,0.7246747472744964,1.2535272216607658,-0.001086164897476389,1.2546133865582423,0.0
2937,58.74,idle,locomotion,1,148.7432500729335,-3.3667868893411335,0.10973345824050078,1.177072860797161,0.1277054101001356,0.7246747477802468,1.2535272223991958,-0.0010861645775640007,1.2546133869767597,0.0
2938,58.76,idle,locomotion,1,148.7899154658919,-3.3678592450369305,0.10973345824050078,1.1770728557330334,0.1277053949113285,0.7246747474970786,1.2535272223704026,-0.0010861643381427713,1.2546133867085454,0.0
2939,58.78,idle,locomotion,1,148.8365808588503,-3.3689316007327275,0.10973345824050078,1.1770728506963486,0.12770537953321173,0.7246747468357378,1.2535272219712699,-0.0010861641238818637,1.2546133860951518,0.0
2940,58.8,idle,locomotion,1,148.8832462518087,-3.3700039564285245,0.10973345824050078,1.177072845750039,0.12770536455106224,0.7246747469842145,1.2535272223831708,-0.001086163962189357,1.2546133863453601,0.0
2941,58.82,idle,locomotion,1,148.92991164476712,-3.3710763121243215,0.10973345824050078,1.177072841263074,0.1277053498018748,0.7246747475234763,1.2535272232615045,-0.00108616366669783,1.2546133869282023,0.0
2942,58.84,idle,locomotion,1,148.97657703772552,-3.3721486678201185,0.10973345824050078,1.1770728373148371,0.12770533478700558,0.7246747474013284,1.2535272235235362,-0.0010861632829359015,1.2546133868064722,0.0
2943,58.86,idle,locomotion,1,149.02324243068392,-3.3732210235159155,0.10973345824050078,1.177072833930987,0.127705319131359,0.7246747467362976,1.253527223245015,-0.001086162921320754,1.2546133861663358,0.0
2944,58.88,idle,locomotion,1,149.06990782364232,-3.3742933792117125,0.10973345824050078,1.1770728310955723,0.12770530271838204,0.72467474585366,1.2535272227568819,-0.0010861625885331821,1.254613385345415,0.0
2945,58.9,idle,locomotion,1,149.11657321660073,-3.3753657349075095,0.10973345824050078,1.1770728286974363,0.12770528557585695,0.7246747454584431,1.2535272227626792,-0.0010861622861915894,1.2546133850488708,0.0
2946,58.92,idle,locomotion,1,149.16323860955913,-3.3764380906033065,0.10973345824050078,1.1770728264842252,0.12770526785245465,0.724674745865783,1.253527223598934,-0.0010861619374830413,1.2546133855364172,0.0
2947,58.94,idle,locomotion,1,149.20990400251753,-3.3775104462991035,0.10973345824050078,1.177072824180916,0.1277052495394513,0.7246747466482732,1.253527224799529,-0.0010861615608226058,1.2546133863603517,0.0
2948,58.96,idle,locomotion,1,149.25656939547594,-3.3785828019949005,0.10973345824050078,1.1770728217242927,0.12770523064645023,0.7246747476784386,1.253527226202901,-0.001086161212637493,1.2546133874155383,0.0
2949,58.98,idle,locomotion,1,149.30323478843434,-3.3796551576906975,0.10973345824050078,1.1770728190437332,0.12770521133581964,0.7246747488546936,1.2535272277418452,-0.0010861609282730549,1.2546133886701183,0.0
2950,59.0,idle,locomotion,1,149.34990018139274,-3.3807275133864945,0.10973345824050078,1.177072816025934,0.1277051918373754,0.7246747505334777,1.2535272297416173,-0.0010861606892584412,1.2546133904308758,0.0
2951,59.02,idle,locomotion,1,149.39656557435114,-3.3817998690822915,0.10973345824050078,1.1770728124616374,0.12770517219453453,0.7246747526435123,1.2535272321179733,-0.001086160382507674,1.254613392500481,0.0
2952,59.04,idle,locomotion,1,149.44323096730955,-3.3828722247780885,0.10973345824050078,1.1770728076177,0.12770515283013392,0.7246747552424898,1.253527234921347,-0.0010861600579363945,1.2546133949792835,0.0
2953,59.06,idle,locomotion,1,149.48989636026795,-3.3839445804738855,0.10973345824050078,1.1770728016611185,0.12770513412543574,0.724674757636665,1.253527237537436,-0.001086159946108469,1.2546133974835445,0.0
2954,59.08,idle,locomotion,1,149.53656175322635,-3.3850169361696825,0.10973345824050078,1.1770727954007894,0.12770511576904278,0.7246747598782961,1.2535272399200683,-0.0010861600275753197,1.2546133999476436,0.0
2955,59.1,idle,locomotion,1,149.58322714618475,-3.3860892918654795,0.10973345824050078,1.17707278854223,0.12770509782801415,0.7246747629572721,1.2535272430480955,-0.0010861599434864935,1.254613402991582,0.0
2956,59.12,idle,locomotion,1,149.62989253914316,-3.3871616475612765,0.10973345824050078,1.1770727808148884,0.1277050810375276,0.7246747674123896,1.2535272475302273,-0.001086159840907975,1.2546134073711352,0.0
2957,59.14,idle,locomotion,1,149.67655793210156,-3.3882340032570735,0.10973345824050078,1.1770727733857096,0.12770506533995096,0.7246747713392211,1.2535272516560572,-0.0010861598128950704,1.2546134114689522,0.0
2958,59.16,idle,locomotion,1,149.72322332505996,-3.3893063589528705,0.10973345824050078,1.1770727669332908,0.12770504959567525,0.7246747740742796,1.25352725466393,-0.0010861598048882391,1.2546134144688181,0.0
2959,59.18,idle,locomotion,1,149.76988871801836,-3.3903787146486675,0.10973345824050078,1.177072760021449,0.12770503370486774,0.7246747769236054,1.2535272577636374,-0.0010861596690475359,1.2546134174326848,0.0
2960,59.2,idle,locomotion,1,149.81655411097677,-3.3914510703444645,0.10973345824050078,1.1770727520710933,0.12770501829558453,0.7246747804490768,1.2535272615456206,-0.0010861595550171674,1.2546134211006377,0.0
2961,59.22,idle,locomotion,1,149.86321950393517,-3.3925234260402615,0.10973345824050078,1.1770727434289436,0.12770500335679494,0.724674783912145,1.2535272652857845,-0.0010861595842150754,1.2546134248699996,0.0
2962,59.24,idle,locomotion,1,149.90988489689357,-3.3935957817360585,0.10973345824050078,1.1770727351838581,0.12770498830152335,0.7246747871634502,1.2535272687657208,-0.0010861596976701193,1.254613428463391,0.0
2963,59.26,idle,locomotion,1,149.95655028985198,-3.3946681374318555,0.10973345824050078,1.1770727269832082,0.1277049731242739,0.7246747900180731,1.2535272718454487,-0.0010861593745534505,1.2546134312200021,0.0
2964,59.28,idle,locomotion,1,150.00321568281038,-3.3957404931276525,0.10973345824050078,1.1770727186215098,0.12770495816463853,0.724674792097562,1.2535272741943582,-0.0010861590845582941,1.2546134332789165,0.0
2965,59.3,idle,locomotion,1,150.04988107576878,-3.3968128488234495,0.10973345824050078,1.1770727097671827,0.1277049434687776,0.7246747937547455,1.2535272760940757,-0.0010861587568295125,1.2546134348509053,0.0
2966,59.32,idle,locomotion,1,150.09654646872718,-3.3978852045192465,0.10973345824050078,1.17707270133361,0.1277049289656916,0.7246747957835776,1.2535272783431013,-0.0010861586001607026,1.254613436943262,0.0
2967,59.34,idle,locomotion,1,150.1432118616856,-3.3989575602150435,0.10973345824050078,1.1770726932406856,0.12770491466451925,0.7246747980492932,1.2535272808912015,-0.001086158191814842,1.2546134390830164,0.0
2968,59.36,idle,locomotion,1,150.189877254644,-3.4000299159108405,0.10973345824050078,1.1770726856526321,0.12770490023018904,0.7246747996686165,1.253527282821145,-0.0010861579653316453,1.2546134407864766,0.0
2969,59.38,idle,locomotion,1,150.2365426476024,-3.4011022716066375,0.10973345824050078,1.1770726790513648,0.12770488503882604,0.7246748007607151,1.2535272841769276,-0.0010861577913480296,1.2546134419682757,0.0
2970,59.4,idle,locomotion,1,150.2832080405608,-3.4021746273024345,0.10973345824050078,1.1770726723934115,0.12770486949136378,0.724674802318115,1.2535272858962965,-0.0010861574189252217,1.2546134433152216,0.0
2971,59.42,idle,locomotion,1,150.3298734335192,-3.4032469829982315,0.10973345824050078,1.177072665459639,0.12770485447520388,0.7246748043347836,1.25352728808307,-0.0010861571479199514,1.2546134452309898,0.0
2972,59.44,idle,locomotion,1,150.3765388264776,-3.4043193386940285,0.10973345824050078,1.1770726589987863,0.12770484034394786,0.7246748068926839,1.2535272908443622,-0.0010861571504409348,1.2546134479948032,0.0
2973,59.46,idle,locomotion,1,150.423204219436,-3.4053916943898255,0.10973345824050078,1.1770726529536755,0.12770482714819917,0.724674810040104,1.2535272942364106,-0.0010861569751429885,1.2546134512115537,0.0
2974,59.48,idle,locomotion,1,150.4698696123944,-3.4064640500856225,0.10973345824050078,1.177072647151523,0.127704814348205,0.7246748124954632,1.2535272969267135,-0.001086156907127496,1.254613453833841,0.0
2975,59.5,idle,locomotion,1,150.5165350053528,-3.4075364057814195,0.10973345824050078,1.1770726412461159,0.12770480166074866,0.7246748143764824,1.2535272989293436,-0.0010861567252527758,1.2546134556545963,0.0
2976,59.52,idle,locomotion,1,150.5632003983112,-3.4086087614772165,0.10973345824050078,1.1770726356790433,0.12770478901785576,0.7246748155544283,1.2535273002803566,-0.0010861565389942533,1.254613456819351,0.0
2977,59.54,idle,locomotion,1,150.6098657912696,-3.4096811171730135,0.10973345824050078,1.1770726305320982,0.1277047760839099,0.7246748166636006,1.2535273015459771,-0.0010861561898805154,1.2546134577358576,0.0
2978,59.56,idle,locomotion,1,150.65653118422802,-3.4107534728688105,0.10973345824050078,1.1770726259466127,0.12770476287286683,0.7246748179547032,1.2535273030523955,-0.001086155883419402,1.2546134589358149,0.0
2979,59.58,idle,locomotion,1,150.70319657718642,-3.4118258285646075,0.10973345824050078,1.1770726225888728,0.12770474856454464,0.7246748189298523,1.2535273042889168,-0.0010861555908393238,1.254613459879756,0.0
2980,59.6,idle,locomotion,1,150.74986197014482,-3.4128981842604045,0.10973345824050078,1.1770726199731514,0.12770473277227198,0.7246748189797122,1.2535273046030098,-0.001086155364860241,1.25461345996787,0.0
2981,59.62,idle,locomotion,1,150.79652736310322,-3.4139705399562015,0.10973345824050078,1.177072617585154,0.12770471591375374,0.7246748190084731,1.2535273048001168,-0.0010861552729647984,1.2546134600730816,0.0
2982,59.64,idle,locomotion,1,150.84319275606163,-3.4150428956519985,0.10973345824050078,1.1770726157416578,0.12770469834720047,0.7246748194680651,1.25352730542387,-0.0010861550813306836,1.2546134605052006,0.0
2983,59.66,idle,locomotion,1,150.88985814902003,-3.4161152513477955,0.10973345824050078,1.1770726146538601,0.1277046802404586,0.7246748200218663,1.2535273062137589,-0.0010861547859813553,1.2546134609997401,0.0
2984,59.68,idle,locomotion,1,150.93652354197843,-3.4171876070435925,0.10973345824050078,1.1770726135126466,0.12770466194974178,0.7246748209237874,1.2535273073518363,-0.0010861544625727984,1.2546134618144091,0.0
2985,59.7,idle,locomotion,1,150.98318893493683,-3.4182599627393895,0.10973345824050078,1.1770726120413928,0.1277046443903272,0.7246748226621386,1.2535273093386545,-0.0010861541385905234,1.254613463477245,0.0
2986,59.72,idle,locomotion,1,151.02985432789524,-3.4193323184351865,0.10973345824050078,1.1770726107283631,0.12770462761900353,0.7246748248660104,1.2535273118256114,-0.001086153923402243,1.2546134657490136,0.0
2987,59.74,idle,locomotion,1,151.07651972085364,-3.4204046741309835,0.10973345824050078,1.1770726096146609,0.12770461082475745,0.7246748272707754,1.2535273144395314,-0.0010861535971398162,1.2546134680366712,0.0
2988,59.76,idle,locomotion,1,151.12318511381204,-3.4214770298267805,0.10973345824050078,1.1770726078494114,0.12770459413294993,0.7246748304888041,1.2535273177660224,-0.0010861531883553585,1.2546134709543777,0.0
2989,59.78,idle,locomotion,1,151.16985050677044,-3.4225493855225775,0.10973345824050078,1.1770726060447756,0.12770457740687852,0.7246748336260802,1.253527321027039,-0.0010861529099550765,1.254613473936994,0.0
2990,59.8,idle,locomotion,1,151.21651589972885,-3.4236217412183745,0.10973345824050078,1.1770726046444953,0.12770455971185354,0.7246748354768352,1.2535273229880026,-0.0010861527590967333,1.2546134757470992,0.0
2991,59.82,idle,locomotion,1,151.26318129268725,-3.4246940969141715,0.10973345824050078,1.1770726029513046,0.12770454118510166,0.7246748369018942,1.2535273244603597,-0.0010861527511832475,1.254613477211543,0.0
2992,59.84,idle,locomotion,1,151.30984668564565,-3.4257664526099685,0.10973345824050078,1.1770726007574677,0.1277045230334165,0.7246748389551629,1.2535273266360054,-0.0010861528029287616,1.254613479438934,0.0
2993,59.86,idle,locomotion,1,151.35651207860406,-3.4268388083057655,0.10973345824050078,1.177072599051336,0.12770450521243437,0.7246748408321757,1.2535273287730841,-0.001086152890960295,1.2546134816640444,0.0
2994,59.88,idle,locomotion,1,151.40317747156246,-3.4279111640015625,0.10973345824050078,1.177072597779565,0.12770448746004923,0.7246748432464607,1.2535273314791482,-0.0010861527826222725,1.2546134842617704,0.0
2995,59.9,idle,locomotion,1,151.44984286452086,-3.4289835196973595,0.10973345824050078,1.177072595507259,0.1277044704717846,0.7246748459635117,1.2535273345445408,-0.0010861525211723726,1.254613487065713,0.0
