tick,t_s,phase,task_mode,curr_motion_timestep,ball_x,ball_y,ball_z,base_x,base_y,base_z,robot_top_z,robot_bottom_z,robot_height,kick_aim_theta_deg
0,0.0,idle,locomotion,0,1.3899999856948853,0.019999999552965164,0.10989091315873106,-0.0004817575599189521,-1.9126573408493298e-05,0.7549764090899542,1.287029943887313,-0.0006266255271084459,1.2876565694144213,0.0
1,0.02,idle,locomotion,0,1.3899999856948853,0.019999999552965164,0.10980902141344312,-0.0018369538571503963,-0.00012083748533260627,0.7511212165062173,1.2831797629220854,-0.00047234204502021385,1.2836521049671055,0.0
2,0.04,idle,locomotion,0,1.3899999856948853,0.019999999552965164,0.10976503447145444,-0.003913218476164693,-0.00028983668061311976,0.7451480015031587,1.2771386826751385,-0.0005393463315045248,1.277678029006643,0.0
3,0.06,idle,locomotion,0,1.3899999856948853,0.019999999552965164,0.10974518062216254,-0.006379271128208594,-0.0005087250531462569,0.737926205859461,1.2697428402057136,-0.0005950031330307914,1.2703378433387444,0.0
4,0.08,idle,locomotion,0,1.3899999856948853,0.019999999552965164,0.10973731266832155,-0.008802547218721654,-0.0007407240836614385,0.7306663949353114,1.2622278784908798,-0.00047667299948276134,1.2627045514903625,0.0
5,0.1,idle,locomotion,0,1.3899999856948853,0.019999999552965164,0.10973454404443848,-0.010926511035407488,-0.0009495983253042267,0.7242895570076482,1.2555704368402176,-0.000461889592953655,1.2560323264331712,0.0
6,0.12,idle,locomotion,0,1.3899999856948853,0.019999999552965164,0.10973369052927323,-0.012647607632484412,-0.0011273359874817775,0.719286423233043,1.2503058955394566,-0.00044245504582026904,1.2507483505852768,0.0
7,0.14,idle,locomotion,0,1.3899999856948853,0.019999999552965164,0.1097334732878534,-0.013965408780987967,-0.0012883051924314963,0.7158753295188127,1.246679703290775,-0.000464846934489449,1.2471445502252645,0.0
8,0.16,idle,locomotion,0,1.3899999856948853,0.019999999552965164,0.10973343775080387,-0.014922581884869137,-0.0014626324255716313,0.7140497850341457,1.244699053267351,-0.0004854902305354014,1.2451845434978863,0.0
9,0.18,idle,locomotion,0,1.3899999856948853,0.019999999552965164,0.10973344222612894,-0.015560750386067232,-0.0016642136172276604,0.7136088718278998,1.2441769835944516,-0.0004959612452034752,1.2446729448396552,0.0
10,0.2,idle,locomotion,0,1.3899999856948853,0.019999999552965164,0.10973344999820983,-0.0160008952019287,-0.0018994306942691393,0.7142227033287737,1.2447700786304319,-0.0004997073640227792,1.2452697859944546,0.0
11,0.22,idle,locomotion,0,1.3899999856948853,0.019999999552965164,0.1097334547231311,-0.016347001601866678,-0.0021730283834078307,0.7155310735579862,1.2461011296260411,-0.0004977259522245848,1.2465988555782657,0.0
12,0.24,idle,locomotion,0,1.3899999856948853,0.019999999552965164,0.10973345692610834,-0.016667807438732325,-0.002497211979110901,0.7171696991186897,1.2477942780709772,-0.0004853219807417937,1.248279600051719,0.0
13,0.26,idle,locomotion,0,1.3899999856948853,0.019999999552965164,0.10973345780729221,-0.01700802969726848,-0.0028663156604772652,0.7188269793577063,1.2495286401337133,-0.00047197168721756916,1.2500006118209308,0.0
14,0.28,idle,locomotion,0,1.3899999856948853,0.019999999552965164,0.10973345811827714,-0.017391422339184556,-0.003244418509918455,0.7202805838063471,1.2510728268740763,-0.00046638906228796753,1.2515392159363643,0.0
15,0.3,idle,locomotion,0,1.3899999856948853,0.019999999552965164,0.10973345821428342,-0.01785023533258711,-0.003600281267502638,0.7214018223129786,1.2522852524261925,-0.0004688473908144031,1.2527540998170068,0.0
16,0.32,idle,locomotion,0,1.3899999856948853,0.019999999552965164,0.10973345823876013,-0.018387029970822588,-0.003923860180858165,0.722143244754381,1.253110966372697,-0.000477909198559584,1.2535888755712565,0.0
17,0.34,idle,locomotion,0,1.3899999856948853,0.019999999552965164,0.10973345824278434,-0.019005674877117146,-0.004222522831156221,0.7225246863267255,1.2535614024571622,-0.0004871088837643811,1.2540485113409265,0.0
18,0.36,idle,locomotion,0,1.3899999856948853,0.019999999552965164,0.10973345824229395,-0.019702642407033944,-0.004495724110395906,0.7226120236099731,1.253697325640536,-0.0004933170814852735,1.2541906427220213,0.0
19,0.38,idle,locomotion,0,1.3899999856948853,0.019999999552965164,0.10973345824142507,-0.02043613238141734,-0.004749012502696669,0.7224949747093163,1.2536147599817737,-0.0004975176903868894,1.2541122776721607,0.0
20,0.4,idle,locomotion,0,1.3899999856948853,0.019999999552965164,0.10973345824089552,-0.021182040623251398,-0.004984555250689015,0.7222486697852176,1.253392438280991,-0.0005010348580132065,1.2538934731390041,0.0
21,0.42,idle,locomotion,0,1.3899999856948853,0.019999999552965164,0.10973345824064834,-0.02192597074558799,-0.005203701171459368,0.7219428499235613,1.2531024143639542,-0.0005039707472984517,1.2536063851112527,0.0
22,0.44,idle,locomotion,0,1.3899999856948853,0.019999999552965164,0.10973345824054938,-0.022654808265673083,-0.005408800279781786,0.7216342484309086,1.2528041137531267,-0.0005064328482505646,1.2533105466013772,0.0
23,0.46,idle,locomotion,0,1.3899999856948853,0.019999999552965164,0.10973345824051445,-0.023364725253499686,-0.0056029137923052546,0.7213628920846019,1.252538832942077,-0.0005083993535093499,1.2530472322955863,0.0
24,0.48,idle,locomotion,0,1.3899999856948853,0.019999999552965164,0.10973345824050364,-0.024063826765594116,-0.0057896590367826975,0.7211509912203256,1.252327896865814,-0.0005098872477022655,1.2528377841135163,0.0
25,0.5,idle,locomotion,0,1.3899999856948853,0.019999999552965164,0.10973345824050088,-0.024746761214921986,-0.0059684685964706075,0.7210086757485485,1.2521832345948098,-0.0005109466825488421,1.2526941812773587,0.0
26,0.52,idle,locomotion,0,1.3899999856948853,0.019999999552965164,0.10973345824050044,-0.025405477639729675,-0.006133612388074987,0.7209361609045486,1.2521071350007509,-0.0005117625049279526,1.252618897505679,0.0
27,0.54,idle,locomotion,0,1.3899999856948853,0.019999999552965164,0.10973345824050044,-0.026035338683968894,-0.006281665374598176,0.7209090092994904,1.2520772617934877,-0.0005119319673787467,1.2525891937608664,0.0
28,0.56,idle,locomotion,0,1.3899999856948853,0.019999999552965164,0.10973345824050044,-0.026633221534499475,-0.006410872121774417,0.7209110013502722,1.2520773829757779,-0.0005122478217023663,1.2525896307974802,0.0
29,0.58,idle,locomotion,0,1.3899999856948853,0.019999999552965164,0.10973345824050044,-0.02719592597178199,-0.006521932855924247,0.7209374061158924,1.2521035070012105,-0.0005126446049969063,1.2526161516062075,0.0
30,0.6,idle,locomotion,0,1.3899999856948853,0.019999999552965164,0.10973345824050044,-0.027722821028342004,-0.00661630428289347,0.7209811689103479,1.2521488199933606,-0.0005130960525265779,1.2526619160458872,0.0
31,0.62,idle,locomotion,0,1.3899999856948853,0.019999999552965164,0.10973345824050044,-0.028214744958405605,-0.0066947139922676905,0.7210348521047525,1.2522057558992419,-0.000513707198858012,1.2527194630980998,0.0
32,0.64,idle,locomotion,0,1.3899999856948853,0.019999999552965164,0.10973345824050044,-0.028673145274523994,-0.006757717225076271,0.721091828279244,1.2522673784927294,-0.0005145108932981778,1.2527818893860276,0.0
33,0.66,idle,locomotion,0,1.3899999856948853,0.019999999552965164,0.10973345824050044,-0.029100024191126634,-0.006805813162835181,0.7211469610613652,1.2523280543462947,-0.0005158198718391814,1.2528438742181338,0.0
34,0.68,idle,locomotion,0,1.3899999856948853,0.019999999552965164,0.10973345824050044,-0.029497255274143413,-0.006840208432811715,0.7211967911017245,1.2523837306731533,-0.0005164246825832969,1.2529001553557366,0.0
35,0.7,idle,locomotion,0,1.3899999856948853,0.019999999552965164,0.10973345824050044,-0.02986614729762624,-0.00686088802594989,0.7212392210185173,1.2524319154011188,-0.000517038758217292,1.252948954159336,0.0
36,0.72,idle,locomotion,0,1.3899999856948853,0.019999999552965164,0.10973345824050044,-0.03020774897908252,-0.006868302942206649,0.7212735714816275,1.2524716822140625,-0.0005176908257505004,1.252989373039813,0.0
37,0.74,idle,locomotion,0,1.3899999856948853,0.019999999552965164,0.10973345824050044,-0.030522794446492717,-0.006863202011169165,0.7213004231037535,1.2525034755460789,-0.0005183518486971891,1.253021827394776,0.0
38,0.76,idle,locomotion,0,1.3899999856948853,0.019999999552965164,0.10973345824050044,-0.03081180837091659,-0.006846609237572552,0.7213210613231541,1.252528527998338,-0.000518909163567477,1.2530474371619056,0.0
39,0.78,idle,locomotion,0,1.3899999856948853,0.019999999552965164,0.10973345824050044,-0.031075240796431945,-0.006819524892229643,0.7213370756747961,1.252548424343004,-0.0005194544459273774,1.2530678787889313,0.0
40,0.8,idle,locomotion,0,1.3899999856948853,0.019999999552965164,0.10973345824050044,-0.03131355475968864,-0.0067829280551124325,0.7213500749512266,1.2525647966795566,-0.0005200319958903465,1.2530848286754468,0.0
41,0.82,idle,locomotion,0,1.3899999856948853,0.019999999552965164,0.10973345824050044,-0.03152727884126522,-0.006737986806795486,0.7213614691321328,1.2525790916030914,-0.0005206308608506072,1.253099722463942,0.0
42,0.84,idle,locomotion,0,1.3899999856948853,0.019999999552965164,0.10973345824050044,-0.03171715433489343,-0.006686356464365927,0.7213723559980602,1.252592440047202,-0.0005212170474330861,1.253113657094635,0.0
43,0.86,idle,locomotion,0,1.3899999856948853,0.019999999552965164,0.10973345824050044,-0.03188437433654851,-0.006629138260487273,0.7213832919606448,1.2526053504618206,-0.0005218551745358596,1.2531272056363565,0.0
44,0.88,idle,locomotion,0,1.3899999856948853,0.019999999552965164,0.10973345824050044,-0.03203025381509083,-0.006567249158055101,0.7213946233168058,1.2526180996689429,-0.0005225903522249643,1.253140690021168,0.0
45,0.9,idle,locomotion,0,1.3899999856948853,0.019999999552965164,0.10973345824050044,-0.03215599333148996,-0.006501778233700363,0.7214065587710012,1.2526308697512398,-0.0005233381340671861,1.253154207885307,0.0
46,0.92,idle,locomotion,0,1.3899999856948853,0.019999999552965164,0.10973345824050044,-0.03226265706426728,-0.006433757329245055,0.7214191094153737,1.252643691152174,-0.0005240623053045651,1.2531677534574788,0.0
47,0.94,idle,locomotion,0,1.3899999856948853,0.019999999552965164,0.10973345824050044,-0.0323512387778926,-0.006364192265697691,0.7214321725277565,1.2526565065119888,-0.000524750331507215,1.253181256843496,0.0
48,0.96,idle,locomotion,0,1.3899999856948853,0.019999999552965164,0.10973345824050044,-0.032422894202837706,-0.0062941525068295045,0.7214456650263935,1.252669269751472,-0.0005254147876831983,1.2531946845391553,0.0
49,0.98,idle,locomotion,0,1.3899999856948853,0.019999999552965164,0.10973345824050044,-0.03247899509653393,-0.006224714203030932,0.7214595524934554,1.2526819798249933,-0.0005260558339824258,1.2532080356589756,0.0
50,1.0,idle,locomotion,0,1.3899999856948853,0.019999999552965164,0.10973345824050044,-0.03252087689210067,-0.006156588445386546,0.7214736730111484,1.2526945214527552,-0.0005266834037430355,1.2532212048564981,0.0
51,1.02,idle,locomotion,0,1.3899999856948853,0.019999999552965164,0.10973345824050044,-0.03254980500624791,-0.006090515126058579,0.7214878163676738,1.2527067373140237,-0.0005272504054114856,1.2532339877194352,0.0
52,1.04,idle,locomotion,0,1.3899999856948853,0.019999999552965164,0.10973345824050044,-0.032566987117863044,-0.006027127366830794,0.7215017461302228,1.2527184473357598,-0.0005277567024783852,1.2532462040382382,0.0
53,1.06,idle,locomotion,0,1.3899999856948853,0.019999999552965164,0.10973345824050044,-0.03257357086919316,-0.005966845353186537,0.721515209907177,1.2527294546180363,-0.0005282410990278749,1.2532576957170642,0.0
54,1.08,idle,locomotion,0,1.3899999856948853,0.019999999552965164,0.10973345824050044,-0.03257065140388936,-0.0059102093530955056,0.7215280090941263,1.2527396128323063,-0.0005286057280132067,1.2532682185603194,0.0
55,1.1,idle,locomotion,0,1.3899999856948853,0.019999999552965164,0.10973345824050044,-0.03255931946052073,-0.0058575514154762046,0.7215400130077824,1.252748831351054,-0.0005289189940773861,1.2532777503451313,0.0
56,1.12,idle,locomotion,0,1.3899999856948853,0.019999999552965164,0.10973345824050044,-0.03254060793183292,-0.005809239617300252,0.721551104195904,1.2527570295357533,-0.0005291098015795179,1.253286139337333,0.0
57,1.14,idle,locomotion,0,1.3899999856948853,0.019999999552965164,0.10973345824050044,-0.032515481756285894,-0.0057655797226495945,0.7215611532501752,1.2527641173399806,-0.0005291906369016032,1.2532933079768822,0.0
58,1.16,idle,locomotion,0,1.3899999856948853,0.019999999552965164,0.10973345824050044,-0.03248482159644403,-0.005726996239559028,0.7215700094730605,1.25276997762366,-0.0005290173859695962,1.2532989950096296,0.0
59,1.18,idle,locomotion,0,1.3899999856948853,0.019999999552965164,0.10973345824050044,-0.032449500883331636,-0.005693651155006096,0.7215775891475025,1.2527745495191767,-0.0005286928140695729,1.2533032423332462,0.0
60,1.2,idle,locomotion,0,1.3899999856948853,0.019999999552965164,0.10973345824050044,-0.03241034825676966,-0.00566559641850216,0.7215838535654617,1.2527778130719853,-0.0005283000699656086,1.253306113141951,0.0
61,1.22,idle,locomotion,0,1.3899999856948853,0.019999999552965164,0.10973345824050044,-0.03236813079820574,-0.005642809712341613,0.7215887836509709,1.2527797651282544,-0.0005278745284542051,1.2533076396567087,0.0
62,1.24,idle,locomotion,0,1.3899999856948853,0.019999999552965164,0.10973345824050044,-0.032323572119050986,-0.005625108118375858,0.7215927010955211,1.2527807148594294,-0.0005274418851289424,1.2533081567445583,0.0
63,1.26,idle,locomotion,0,1.3899999856948853,0.019999999552965164,0.10973345824050044,-0.032277301807131245,-0.005612595424245426,0.7215960264257437,1.2527810829687263,-0.0005270055801911248,1.2533080885489174,0.0
64,1.28,idle,locomotion,0,1.3899999856948853,0.019999999552965164,0.10973345824050044,-0.03222981138205957,-0.0056055474727802115,0.7215988594882199,1.2527809896137159,-0.0005265471817628431,1.2533075367954787,0.0
65,1.3,idle,locomotion,0,1.3899999856948853,0.019999999552965164,0.10973345824050044,-0.03218155814139797,-0.005603760536274089,0.7216011931509078,1.2527804386661225,-0.0005260656994972822,1.2533065043656197,0.0
66,1.32,idle,locomotion,0,1.3899999856948853,0.019999999552965164,0.10973345824050044,-0.032132951330024376,-0.005606833208914512,0.7216030072388695,1.2527794176841238,-0.0005255732941080379,1.253304990978232,0.0
67,1.34,idle,locomotion,0,1.3899999856948853,0.019999999552965164,0.10973345824050044,-0.032084352641219664,-0.0056142898375740324,0.7216042877693817,1.252777919894373,-0.0005250801751138442,1.2533030000694867,0.0
68,1.36,idle,locomotion,0,1.3899999856948853,0.019999999552965164,0.10973345824050044,-0.032036083096146466,-0.005625631647109154,0.7216050282216474,1.2527759451466236,-0.0005245927590835295,1.2533005379057072,0.0
69,1.38,idle,locomotion,0,1.3899999856948853,0.019999999552965164,0.10973345824050044,-0.031988426551208246,-0.0056403607785056,0.7216052275644501,1.252773497924456,-0.0005241150758667976,1.2532976130003228,0.0
70,1.4,idle,locomotion,0,1.3899999856948853,0.019999999552965164,0.10973345824050044,-0.03194163565775725,-0.0056579908361340065,0.7216048841250942,1.2527705807782303,-0.0005236492230119294,1.2532942300012422,0.0
71,1.42,idle,locomotion,0,1.3899999856948853,0.019999999552965164,0.10973345824050044,-0.03189593249608877,-0.005678052399707231,0.7216040013482429,1.2527671996733896,-0.000523196866689956,1.2532903965400795,0.0
72,1.44,idle,locomotion,0,1.3899999856948853,0.019999999552965164,0.10973345824050044,-0.031851510133366866,-0.005700096496595854,0.7216025890273068,1.252763366007851,-0.0005227639831882104,1.2532861299910392,0.0
73,1.46,idle,locomotion,0,1.3899999856948853,0.019999999552965164,0.10973345824050044,-0.03180853499326016,-0.005723685336281106,0.721600665517829,1.2527590993594995,-0.0005223723677919082,1.2532814717272913,0.0
74,1.48,idle,locomotion,0,1.3899999856948853,0.019999999552965164,0.10973345824050044,-0.0317671463401023,-0.005748398962043181,0.7215982399600686,1.2527544093795493,-0.0005220193717034999,1.2532764287512528,0.0
75,1.5,idle,locomotion,0,1.3899999856948853,0.019999999552965164,0.10973345824050044,-0.031727459610813684,-0.00577384946065294,0.7215953208162362,1.2527493043837246,-0.0005216939683342636,1.253270998352059,0.0
76,1.52,idle,locomotion,0,1.3899999856948853,0.019999999552965164,0.10973345824050044,-0.03168957171988463,-0.005799637648045986,0.7215917215812755,1.2527436103308403,-0.0005213783408095536,1.2532649886716498,0.0
77,1.54,idle,locomotion,0,1.3899999856948853,0.019999999552965164,0.10973345824050044,-0.03165355342203487,-0.005825399431752931,0.7215872021926081,1.2527370959291846,-0.0005210780612692999,1.2532581739904538,0.0
78,1.56,idle,locomotion,0,1.3899999856948853,0.019999999552965164,0.10973345824050044,-0.0316194829909026,-0.005850784012869988,0.7215817258427615,1.2527297287703558,-0.0005209178933518396,1.2532506466637077,0.0
79,1.58,idle,locomotion,0,1.3899999856948853,0.019999999552965164,0.10973345824050044,-0.03158743296010142,-0.005875371013155949,0.7215753734726358,1.2527215938285847,-0.0005209970516458634,1.2532425908802305,0.0
80,1.6,idle,locomotion,0,1.3899999856948853,0.019999999552965164,0.10973345824050044,-0.031557452854476156,-0.00589918461386961,0.7215682718994143,1.2527128122471825,-0.0005210732315755855,1.2532338854787581,0.0
81,1.62,idle,locomotion,0,1.3899999856948853,0.019999999552965164,0.10973345824050044,-0.03152959995734443,-0.005922203898053008,0.7215605663018447,1.2527035156593567,-0.0005211464121549943,1.2532246620715117,0.0
82,1.64,idle,locomotion,0,1.3899999856948853,0.019999999552965164,0.10973345824050044,-0.03150391645342677,-0.005944428140512926,0.721552262379414,1.2526937021115576,-0.000521218663986401,1.253214920775544,0.0
83,1.66,idle,locomotion,0,1.3899999856948853,0.019999999552965164,0.10973345824050044,-0.03148041724518601,-0.0059657955190996585,0.7215433990448304,1.2526833925870966,-0.0005212868917899675,1.2532046794788865,0.0
84,1.68,idle,locomotion,0,1.3899999856948853,0.019999999552965164,0.10973345824050044,-0.031459077122043516,-0.005986220679373263,0.7215340772356549,1.2526726832548707,-0.0005213617067007167,1.2531940449615715,0.0
85,1.7,idle,locomotion,0,1.3899999856948853,0.019999999552965164,0.10973345824050044,-0.03143985328579091,-0.006005608674498128,0.7215243818504724,1.252661649473678,-0.000521418535640597,1.2531830680093186,0.0
86,1.72,idle,locomotion,0,1.3899999856948853,0.019999999552965164,0.10973345824050044,-0.03142269219999036,-0.006023824178516427,0.7215144226019213,1.2526503921811987,-0.0005214938958150311,1.2531718860770138,0.0
87,1.74,idle,locomotion,0,1.3899999856948853,0.019999999552965164,0.10973345824050044,-0.03140751654248481,-0.006040794087235828,0.7215043328651443,1.2526390362160273,-0.00052154093065249,1.2531605771466798,0.0
88,1.76,idle,locomotion,0,1.3899999856948853,0.019999999552965164,0.10973345824050044,-0.03139423455699193,-0.006056431367026702,0.7214942505090068,1.2526277155866747,-0.0005215919656608864,1.2531493075523357,0.0
89,1.78,idle,locomotion,0,1.3899999856948853,0.019999999552965164,0.10973345824050044,-0.03138274861769796,-0.006070684593987811,0.721484287595773,1.2526165340787454,-0.0005216493697514889,1.253138183448497,0.0
90,1.8,idle,locomotion,0,1.3899999856948853,0.019999999552965164,0.10973345824050044,-0.03137295934148941,-0.006083528886070279,0.7214745418341352,1.2526055806459293,-0.000521695690409666,1.253127276336339,0.0
91,1.82,idle,locomotion,0,1.3899999856948853,0.019999999552965164,0.10973345824050044,-0.03136476075674865,-0.006094943551483816,0.7214650965409158,1.2525949354491257,-0.000521756756160667,1.2531166922052863,0.0
92,1.84,idle,locomotion,0,1.3899999856948853,0.019999999552965164,0.10973345824050044,-0.03135804390102921,-0.006104943639519544,0.7214560061420302,1.2525846466795278,-0.0005217987396261836,1.253106445419154,0.0
93,1.86,idle,locomotion,0,1.3899999856948853,0.019999999552965164,0.10973345824050044,-0.031352705598245836,-0.00611352534160182,0.7214473151974137,1.2525747533727318,-0.000521849570695225,1.253096602943427,0.0
94,1.88,idle,locomotion,0,1.3899999856948853,0.019999999552965164,0.10973345824050044,-0.03134863205215787,-0.006120745269802112,0.7214390425955167,1.2525652744275655,-0.0005218787636438148,1.2530871531912093,0.0
95,1.9,idle,locomotion,0,1.3899999856948853,0.019999999552965164,0.10973345824050044,-0.0313457163004109,-0.0061266221621510296,0.7214311933097877,1.2525562130746828,-0.000521922082598901,1.2530781351572817,0.0
96,1.92,idle,locomotion,0,1.3899999856948853,0.019999999552965164,0.10973345824050044,-0.03134385411022712,-0.00613123470274399,0.7214237473967112,1.2525475493804223,-0.0005219605585812387,1.2530695099390037,0.0
97,1.94,idle,locomotion,0,1.3899999856948853,0.019999999552965164,0.10973345824050044,-0.03134295568007401,-0.00613462491228569,0.7214166975881591,1.2525392713006354,-0.0005220105921237353,1.2530612818927591,0.0
98,1.96,idle,locomotion,0,1.3899999856948853,0.019999999552965164,0.10973345824050044,-0.03134292214503427,-0.006136894658895148,0.721410006179161,1.2525313490424814,-0.0005220454962473545,1.2530533945387288,0.0
99,1.98,idle,locomotion,0,1.3899999856948853,0.019999999552965164,0.10973345824050044,-0.03134367465293227,-0.006138099993296696,0.7214035915575527,1.2525237004647762,-0.0005220791985127426,1.253045779663289,0.0
100,2.0,idle,locomotion,0,1.3899999856948853,0.019999999552965164,0.10973345824050044,-0.031345152727207184,-0.006138324612926268,0.7213973840429254,1.2525162534089147,-0.0005221178010584582,1.253038371209973,0.0
101,2.02,idle,locomotion,0,1.3899999856948853,0.019999999552965164,0.10973345824050044,-0.03134729684884695,-0.00613763604398434,0.7213913527406028,1.2525089802544271,-0.0005221597478961455,1.2530311400023233,0.0
102,2.04,idle,locomotion,0,1.3899999856948853,0.019999999552965164,0.10973345824050044,-0.03135004300286856,-0.006136141403083036,0.7213854236557748,1.2525018136712067,-0.0005221767767098449,1.2530239904479166,0.0
103,2.06,idle,locomotion,0,1.3899999856948853,0.019999999552965164,0.10973345824050044,-0.031353345312444325,-0.006133903572435074,0.7213795684864024,1.2524947220840372,-0.0005222082945114288,1.2530169303785486,0.0
104,2.08,idle,locomotion,0,1.3899999856948853,0.019999999552965164,0.10973345824050044,-0.03135716038175948,-0.006131039774922984,0.7213737754003419,1.2524876970413539,-0.0005222314676419856,1.253009928508996,0.0
105,2.1,idle,locomotion,0,1.3899999856948853,0.019999999552965164,0.10973345824050044,-0.031361452468711144,-0.006127626870912329,0.7213680527735061,1.2524807458180973,-0.0005222820976599901,1.2530030279157574,0.0
106,2.12,idle,locomotion,0,1.3899999856948853,0.019999999552965164,0.10973345824050044,-0.031366184574821376,-0.006123796864986159,0.7213623933349741,1.2524738615661526,-0.0005223086201222131,1.2529961701862748,0.0
107,2.14,idle,locomotion,0,1.3899999856948853,0.019999999552965164,0.10973345824050044,-0.03137132913149579,-0.006119621091025376,0.7213568081770896,1.2524670533016002,-0.0005223360375267126,1.2529893893391268,0.0
108,2.16,idle,locomotion,0,1.3899999856948853,0.019999999552965164,0.10973345824050044,-0.031376856867475045,-0.006115185958681654,0.7213513007263209,1.2524603239461496,-0.0005223626236713734,1.252982686569821,0.0
109,2.18,idle,locomotion,0,1.3899999856948853,0.019999999552965164,0.10973345824050044,-0.03138273828409849,-0.006110570961393058,0.7213458725203543,1.2524536765469594,-0.0005223966049003222,1.2529760731518598,0.0
110,2.2,idle,locomotion,0,1.3899999856948853,0.019999999552965164,0.10973345824050044,-0.03138894664194867,-0.006105856507452279,0.7213405225939995,1.2524471080224808,-0.0005224195647158189,1.2529695275871966,0.0
111,2.22,idle,locomotion,0,1.3899999856948853,0.019999999552965164,0.10973345824050044,-0.03139545688335069,-0.006101109816154643,0.721335252537249,1.252440619736108,-0.0005224326495885771,1.2529630523856965,0.0
112,2.24,idle,locomotion,0,1.3899999856948853,0.019999999552965164,0.10973345824050044,-0.031402242295552295,-0.006096391079093867,0.7213300614152144,1.2524342125609471,-0.0005224424286974852,1.2529566549896447,0.0
113,2.26,idle,locomotion,0,1.3899999856948853,0.019999999552965164,0.10973345824050044,-0.03140927939441178,-0.006091740773702488,0.7213249522479548,1.2524278881415432,-0.000522476304952401,1.2529503644464957,0.0
114,2.28,idle,locomotion,0,1.3899999856948853,0.019999999552965164,0.10973345824050044,-0.031416542551661375,-0.006087244593644651,0.7213199169371539,1.252421638939848,-0.0005224708511008466,1.2529441097909488,0.0
115,2.3,idle,locomotion,0,1.3899999856948853,0.019999999552965164,0.10973345824050044,-0.03142400924650442,-0.006082951935929647,0.7213149542913406,1.2524154630989988,-0.0005224336625601414,1.252937896761559,0.0
116,2.32,idle,locomotion,0,1.3899999856948853,0.019999999552965164,0.10973345824050044,-0.03143166194698064,-0.006078896594624459,0.7213100648289643,1.2524093606520157,-0.0005223810789150435,1.2529317417309307,0.0
117,2.34,idle,locomotion,0,1.3899999856948853,0.019999999552965164,0.10973345824050044,-0.03143948463470531,-0.006075103298254783,0.7213052479643665,1.2524033305798132,-0.0005223213055462368,1.2529256518853595,0.0
118,2.36,idle,locomotion,0,1.3899999856948853,0.019999999552965164,0.10973345824050044,-0.031447462461926506,-0.006071590815534468,0.7213005023862301,1.252397371297103,-0.0005222580854121438,1.252919629382515,0.0
119,2.38,idle,locomotion,0,1.3899999856948853,0.019999999552965164,0.10973345824050044,-0.03145558106603808,-0.006068375800891569,0.7212958278487045,1.2523914823704738,-0.0005221937453701968,1.252913676115844,0.0
120,2.4,idle,locomotion,0,1.3899999856948853,0.019999999552965164,0.10973345824050044,-0.031463828121510856,-0.0060654698462143134,0.721291221946082,1.2523856613932016,-0.0005221310820075903,1.2529077924752092,0.0
121,2.42,idle,locomotion,0,1.3899999856948853,0.019999999552965164,0.10973345824050044,-0.03147219171265187,-0.006062878697845528,0.7212866829643029,1.252379906452882,-0.000522069147983615,1.2529019756008657,0.0
122,2.44,idle,locomotion,0,1.3899999856948853,0.019999999552965164,0.10973345824050044,-0.03148066082230925,-0.00606060578603895,0.7212822099480124,1.2523742165593803,-0.0005220067121930357,1.2528962232715732,0.0
123,2.46,idle,locomotion,0,1.3899999856948853,0.019999999552965164,0.10973345824050044,-0.031489225248566864,-0.006058651037451559,0.7212778027104234,1.2523685913604867,-0.0005219433673746519,1.2528905347278614,0.0
124,2.48,idle,locomotion,0,1.3899999856948853,0.019999999552965164,0.10973345824050044,-0.03149787541753358,-0.006057012712740563,0.7212734594914657,1.2523630291521797,-0.0005218790345698082,1.2528849081867495,0.0
125,2.5,idle,locomotion,0,1.3899999856948853,0.019999999552965164,0.10973345824050044,-0.03150660234982441,-0.006055686859246395,0.7212691768611921,1.2523575264506037,-0.0005218136407416536,1.2528793400913454,0.0
126,2.52,idle,locomotion,0,1.3899999856948853,0.019999999552965164,0.10973345824050044,-0.03151539852060634,-0.006054664683058474,0.7212649513935888,1.2523520796477157,-0.0005217472004733874,1.2528738268481892,0.0
127,2.54,idle,locomotion,0,1.3899999856948853,0.019999999552965164,0.10973345824050044,-0.03152425601737917,-0.006053935499764412,0.721260783286095,1.2523466887440733,-0.0005216796324266568,1.2528683683764998,0.0
128,2.56,idle,locomotion,0,1.3899999856948853,0.019999999552965164,0.10973345824050044,-0.03153316808911707,-0.0060534887266374526,0.7212566714613285,1.2523413526768061,-0.0005216109546564984,1.2528629636314625,0.0
129,2.58,idle,locomotion,0,1.3899999856948853,0.019999999552965164,0.10973345824050044,-0.03154212853653437,-0.006053313584063695,0.7212526130890186,1.2523360684763578,-0.0005215414407768286,1.2528576099171347,0.0
130,2.6,idle,locomotion,0,1.3899999856948853,0.019999999552965164,0.10973345824050044,-0.03155113175659774,-0.0060533968823354035,0.7212486067501446,1.2523308346069804,-0.0005214709801888776,1.2528523055871692,0.0
131,2.62,idle,locomotion,0,1.3899999856948853,0.019999999552965164,0.10973345824050044,-0.03156017242004349,-0.0060537253546317825,0.7212446525373167,1.2523256510674965,-0.0005213995596481252,1.2528470506271445,0.0
132,2.64,idle,locomotion,0,1.3899999856948853,0.019999999552965164,0.10973345824050044,-0.0315692448844097,-0.006054286131197597,0.7212407477410422,1.2523205153405483,-0.0005213273270203295,1.2528418426675687,0.0
133,2.66,idle,locomotion,0,1.3899999856948853,0.019999999552965164,0.10973345824050044,-0.03157834369285655,-0.006055064207055724,0.7212368912332229,1.2523154263236962,-0.0005212542198754465,1.2528366805435716,0.0
134,2.68,idle,locomotion,0,1.3899999856948853,0.019999999552965164,0.10973345824050044,-0.03158746521708339,-0.006056042406492478,0.7212330823649776,1.2523103833709737,-0.000521180347928394,1.252831563718902,0.0
135,2.7,idle,locomotion,0,1.3899999856948853,0.019999999552965164,0.10973345824050044,-0.03159660656307014,-0.006057204310775222,0.7212293212753711,1.2523053863709788,-0.0005211056812392464,1.252826492052218,0.0
136,2.72,idle,locomotion,0,1.3899999856948853,0.019999999552965164,0.10973345824050044,-0.03160576408170526,-0.006058535544227994,0.7212256069119477,1.2523004343338926,-0.000521030533074382,1.2528214648669669,0.0
137,2.74,idle,locomotion,0,1.3899999856948853,0.019999999552965164,0.10973345824050044,-0.03161493464971271,-0.006060021224651758,0.7212219376245885,1.2522955256078498,-0.0005209537752660261,1.2528164793831158,0.0
138,2.76,idle,locomotion,0,1.3899999856948853,0.019999999552965164,0.10973345824050044,-0.031624116646345665,-0.006061649445451439,0.7212183130418539,1.2522906596659371,-0.0005208739983211634,1.2528115336642582,0.0
139,2.78,idle,locomotion,0,1.3899999856948853,0.019999999552965164,0.10973345824050044,-0.031633308698676546,-0.006063406248270605,0.7212147308110981,1.2522858341222467,-0.0005207925078065632,1.2528066266300533,0.0
140,2.8,idle,locomotion,0,1.3899999856948853,0.019999999552965164,0.10973345824050044,-0.03164250851039653,-0.006065276577832461,0.7212111901522724,1.2522810481451772,-0.0005207100024755378,1.2528017581476527,0.0
141,2.82,idle,locomotion,0,1.3899999856948853,0.019999999552965164,0.10973345824050044,-0.031651713495002474,-0.006067246746473688,0.7212076901110074,1.2522763009807591,-0.0005206269909585962,1.2527969279717177,0.0
142,2.84,idle,locomotion,0,1.3899999856948853,0.019999999552965164,0.10973345824050044,-0.03166092191097751,-0.0060693036947022366,0.721204229064587,1.2522715910617173,-0.0005205435266806557,1.2527921345883979,0.0
143,2.86,idle,locomotion,0,1.3899999856948853,0.019999999552965164,0.10973345824050044,-0.0316701314425005,-0.006071436363619475,0.7212008070528739,1.25226691852729,-0.0005204597237290949,1.2527873782510193,0.0
144,2.88,idle,locomotion,0,1.3899999856948853,0.019999999552965164,0.10973345824050044,-0.03167934109623507,-0.006073631733055136,0.7211974230655079,1.2522622825441505,-0.0005203753726387463,1.2527826579167893,0.0
145,2.9,idle,locomotion,0,1.3899999856948853,0.019999999552965164,0.10973345824050044,-0.03168855001524543,-0.00607587894656672,0.7211940748701399,1.2522576808998707,-0.0005202909117024146,1.252777971811573,0.0
146,2.92,idle,locomotion,0,1.3899999856948853,0.019999999552965164,0.10973345824050044,-0.031697757076470885,-0.006078166975023251,0.7211907629574101,1.2522531140297706,-0.000520205941870109,1.2527733199716407,0.0
147,2.94,idle,locomotion,0,1.3899999856948853,0.019999999552965164,0.10973345824050044,-0.03170696142485316,-0.006080484302650717,0.721187486985327,1.2522485817375448,-0.0005201205395591463,1.252768702277104,0.0
148,2.96,idle,locomotion,0,1.3899999856948853,0.019999999552965164,0.10973345824050044,-0.03171616339520489,-0.006082821959655747,0.7211842453254218,1.2522440822899987,-0.0005200348505777462,1.2527641171405766,0.0
149,2.98,idle,locomotion,0,1.3899999856948853,0.019999999552965164,0.10973345824050044,-0.03172536273994917,-0.006085171599188916,0.7211810386716994,1.2522396162499931,-0.0005199490295897911,1.2527595652795829,0.0
150,3.0,idle,locomotion,0,1.3899999856948853,0.019999999552965164,0.10973345824050044,-0.03173455885271903,-0.0060875253546812625,0.7211778677875598,1.2522351844617183,-0.0005198629104587391,1.2527550473721771,0.0
151,3.02,idle,locomotion,0,1.3899999856948853,0.019999999552965164,0.10973345824050044,-0.031743750639601824,-0.006089875333142944,0.7211747313452387,1.2522307858349042,-0.0005197766735055911,1.2527505625084099,0.0
152,3.04,idle,locomotion,0,1.3899999856948853,0.019999999552965164,0.10973345824050044,-0.03175293857621455,-0.006092215700162159,0.7211716276691656,1.2522264187092422,-0.0005196902824013035,1.2527461089916436,0.0
153,3.06,idle,locomotion,0,1.3899999856948853,0.019999999552965164,0.10973345824050044,-0.03176212256286534,-0.006094542110035319,0.7211685570378656,1.252222083310845,-0.0005196036340865962,1.2527416869449317,0.0
154,3.08,idle,locomotion,0,1.3899999856948853,0.019999999552965164,0.10973345824050044,-0.03177130163529425,-0.006096850011894104,0.7211655206756695,1.2522177810463113,-0.0005195167296905487,1.2527372977760018,0.0
155,3.1,idle,locomotion,0,1.3899999856948853,0.019999999552965164,0.10973345824050044,-0.03178047565880586,-0.006099136124018822,0.7211625175626007,1.2522135111167279,-0.0005194296184798802,1.2527329407352077,0.0
156,3.12,idle,locomotion,0,1.3899999856948853,0.019999999552965164,0.10973345824050044,-0.03178964504730931,-0.006101395997415817,0.7211595463160233,1.2522092721434817,-0.0005193422367796297,1.2527286143802612,0.0
157,3.14,idle,locomotion,0,1.3899999856948853,0.019999999552965164,0.10973345824050044,-0.0317988101773896,-0.006103626065358408,0.7211566063984608,1.2522050636139397,-0.0005192547389644524,1.2527243183529042,0.0
158,3.16,idle,locomotion,0,1.3899999856948853,0.019999999552965164,0.10973345824050044,-0.03180797089259872,-0.0061058237606646144,0.7211536975452735,1.2522008854071054,-0.0005191670578207387,1.2527200524649262,0.0
159,3.18,idle,locomotion,0,1.3899999856948853,0.019999999552965164,0.10973345824050044,-0.03181712721214199,-0.006107987637802545,0.7211508201148412,1.252196737981468,-0.000519079122557959,1.252715817104026,0.0
160,3.2,idle,locomotion,0,1.3899999856948853,0.019999999552965164,0.10973345824050044,-0.031826279489300835,-0.006110117022253404,0.7211479739435614,1.2521926212412597,-0.000518990944334493,1.2527116121855941,0.0
161,3.22,idle,locomotion,0,1.3899999856948853,0.019999999552965164,0.10973345824050044,-0.03183542816117888,-0.006112209853896804,0.7211451580659609,1.2521885342518426,-0.0005189026152101067,1.2527074368670528,0.0
162,3.24,idle,locomotion,0,1.3899999856948853,0.019999999552965164,0.10973345824050044,-0.03184457388943923,-0.006114265084246933,0.721142372553003,1.252184477053036,-0.0005188140714366893,1.2527032911244727,0.0
163,3.26,idle,locomotion,0,1.3899999856948853,0.019999999552965164,0.10973345824050044,-0.03185371687986543,-0.006116282559339424,0.721139617349058,1.2521804497390399,-0.0005187254345428195,1.2526991751735828,0.0
164,3.28,idle,locomotion,0,1.3899999856948853,0.019999999552965164,0.10973345824050044,-0.031862857522141325,-0.006118262615915364,0.7211368894666574,1.252176449517306,-0.0005186367717576572,1.2526950862890636,0.0
165,3.3,idle,locomotion,0,1.3899999856948853,0.019999999552965164,0.10973345824050044,-0.03187199602000605,-0.0061202050398676796,0.7211341899006609,1.25217247721484,-0.0005185478329575374,1.2526910250477974,0.0
166,3.32,idle,locomotion,0,1.3899999856948853,0.019999999552965164,0.10973345824050044,-0.03188113186350549,-0.006122111327747484,0.7211315220732725,1.2521685364696362,-0.000518458670092467,1.2526869951397286,0.0
167,3.34,idle,locomotion,0,1.3899999856948853,0.019999999552965164,0.10973345824050044,-0.031890265756640813,-0.00612398248372456,0.721128883720733,1.252164625296998,-0.0005183692759410836,1.2526829945729392,0.0
168,3.36,idle,locomotion,0,1.3899999856948853,0.019999999552965164,0.10973345824050044,-0.03189939832931508,-0.006125818277791939,0.7211262723751972,1.2521607411141522,-0.0005182798246367339,1.252679020938789,0.0
169,3.38,idle,locomotion,0,1.3899999856948853,0.019999999552965164,0.10973345824050044,-0.031908529687374954,-0.006127620436119952,0.7211236883491821,1.2521568842741324,-0.0005181900939040425,1.2526750743680364,0.0
170,3.4,idle,locomotion,0,1.3899999856948853,0.019999999552965164,0.10973345824050044,-0.03191766025089318,-0.006129390105610159,0.7211211328303638,1.252153055983841,-0.0005180999876238275,1.2526711559714647,0.0
171,3.42,idle,locomotion,0,1.3899999856948853,0.019999999552965164,0.10973345824050044,-0.031926790990701864,-0.006131128465545798,0.721118604184823,1.2521492546272412,-0.0005180098552876114,1.252667264482529,0.0
172,3.44,idle,locomotion,0,1.3899999856948853,0.019999999552965164,0.10973345824050044,-0.03193592114714774,-0.006132836102757654,0.7211161046478771,1.2521454824324392,-0.0005179195613901517,1.2526634019938294,0.0
173,3.46,idle,locomotion,0,1.3899999856948853,0.019999999552965164,0.10973345824050044,-0.031945050947314764,-0.006134514540200905,0.7211136327920734,1.2521417383762379,-0.0005178290488551777,1.252659567425093,0.0
174,3.48,idle,locomotion,0,1.3899999856948853,0.019999999552965164,0.10973345824050044,-0.031954180390120185,-0.006136167275938784,0.7211111868803584,1.252138020664424,-0.0005177384917293658,1.2526557591561533,0.0
175,3.5,idle,locomotion,0,1.3899999856948853,0.019999999552965164,0.10973345824050044,-0.03196330964670352,-0.006137795451842891,0.7211087681624698,1.2521343306401442,-0.0005176475079108726,1.2526519781480552,0.0
176,3.52,idle,locomotion,0,1.3899999856948853,0.019999999552965164,0.10973345824050044,-0.031972439808983615,-0.006139399842806598,0.7211063754404036,1.2521306671791024,-0.0005175563697460799,1.2526482235488485,0.0
177,3.54,idle,locomotion,0,1.3899999856948853,0.019999999552965164,0.10973345824050044,-0.03198157171277935,-0.00614098055753895,0.7211040090863603,1.2521270304778833,-0.000517465027180631,1.252644495505064,0.0
178,3.56,idle,locomotion,0,1.3899999856948853,0.019999999552965164,0.10973345824050044,-0.031990706098268464,-0.006142540174890907,0.7211016674756551,1.252123418981555,-0.0005173735460333242,1.2526407925275884,0.0
179,3.58,idle,locomotion,0,1.3899999856948853,0.019999999552965164,0.10973345824050044,-0.03199984225177043,-0.006144081986071904,0.7210993514709266,1.2521198335089376,-0.0005172819607540333,1.2526371154696916,0.0
180,3.6,idle,locomotion,0,1.3899999856948853,0.019999999552965164,0.10973345824050044,-0.03200898032335189,-0.0061456074203160025,0.7210970620700358,1.252116275297066,-0.0005171900787891356,1.252633465375855,0.0
181,3.62,idle,locomotion,0,1.3899999856948853,0.019999999552965164,0.10973345824050044,-0.03201812097277334,-0.00614711616342152,0.7210947974316614,1.2521127424979732,-0.0005170979402944476,1.2526298404382676,0.0
182,3.64,idle,locomotion,0,1.3899999856948853,0.019999999552965164,0.10973345824050044,-0.03202726357962855,-0.006148609682041388,0.7210925578378095,1.2521092353923278,-0.0005170057599332631,1.252626241152261,0.0
183,3.66,idle,locomotion,0,1.3899999856948853,0.019999999552965164,0.10973345824050044,-0.032036407518338986,-0.0061500900834926256,0.7210903444877775,1.2521057554136334,-0.0005169134099113938,1.252622668823545,0.0
184,3.68,idle,locomotion,0,1.3899999856948853,0.019999999552965164,0.10973345824050044,-0.03204555911852728,-0.00615149886800828,0.7210881716638866,1.252102317046747,-0.0005168958276109831,1.2526192128743578,0.0
185,3.7,idle,locomotion,0,1.3899999856948853,0.019999999552965164,0.10973345824050044,-0.03205471753924877,-0.006152850261192633,0.7210860253435184,1.252098906450309,-0.0005168808353712834,1.2526157872856802,0.0
186,3.72,idle,locomotion,0,1.3899999856948853,0.019999999552965164,0.10973345824050044,-0.03206388135328205,-0.0061541465136492396,0.721083906466979,1.25209552547315,-0.0005168610125055872,1.2526123864856555,0.0
187,3.74,idle,locomotion,0,1.3899999856948853,0.019999999552965164,0.10973345824050044,-0.032073050811859544,-0.006155379210614901,0.7210818174205076,1.2520921751140406,-0.0005168487295537962,1.2526090238435943,0.0
188,3.76,idle,locomotion,0,1.3899999856948853,0.019999999552965164,0.10973345824050044,-0.032082224177013056,-0.00615655891965846,0.7210797551400299,1.2520888538334465,-0.0005168327898790875,1.2526056866233255,0.0
189,3.78,idle,locomotion,0,1.3899999856948853,0.019999999552965164,0.10973345824050044,-0.03209140157856258,-0.006157681901343518,0.7210777218491129,1.2520855632037304,-0.0005168181308454964,1.252602381334576,0.0
190,3.8,idle,locomotion,0,1.3899999856948853,0.019999999552965164,0.10973345824050044,-0.03210058391401014,-0.006158753328717086,0.7210757160291331,1.2520823013650915,-0.0005168016974852405,1.2525991030625767,0.0
191,3.82,idle,locomotion,0,1.3899999856948853,0.019999999552965164,0.10973345824050044,-0.03210977135223795,-0.006159761766827867,0.7210737432834731,1.2520790734280658,-0.0005168046039207529,1.2525958780319866,0.0
192,3.84,idle,locomotion,0,1.3899999856948853,0.019999999552965164,0.10973345824050044,-0.03211895918884123,-0.006160738740983622,0.7210717939540958,1.2520758709018374,-0.0005167730469969496,1.2525926439488344,0.0
193,3.86,idle,locomotion,0,1.3899999856948853,0.019999999552965164,0.10973345824050044,-0.03212814816580676,-0.006161660661783861,0.7210698781590602,1.2520727040207087,-0.0005167620068765345,1.2525894660275851,0.0
194,3.88,idle,locomotion,0,1.3899999856948853,0.019999999552965164,0.10973345824050044,-0.03213733436675266,-0.0061625446727654395,0.72106799019399,1.252069566498772,-0.0005167402160073734,1.2525863067147793,0.0
195,3.9,idle,locomotion,0,1.3899999856948853,0.019999999552965164,0.10973345824050044,-0.03214651598205622,-0.006163389589149419,0.7210661320337864,1.2520664616455643,-0.0005167207705755114,1.2525831824161398,0.0
196,3.92,idle,locomotion,0,1.3899999856948853,0.019999999552965164,0.10973345824050044,-0.032155693590329174,-0.006164196602912096,0.7210643050211284,1.2520633877973246,-0.0005167016227836524,1.2525800894201082,0.0
197,3.94,idle,locomotion,0,1.3899999856948853,0.019999999552965164,0.10973345824050044,-0.032164863969275787,-0.006164975202781425,0.7210625072673238,1.2520603479464607,-0.0005166921680810899,1.2525770401145417,0.0
198,3.96,idle,locomotion,0,1.3899999856948853,0.019999999552965164,0.10973345824050044,-0.03217402657652381,-0.0061657276518392945,0.7210607397317246,1.2520573381178115,-0.0005166704158882894,1.2525740085336998,0.0
199,3.98,idle,locomotion,0,1.3899999856948853,0.019999999552965164,0.10973345824050044,-0.03218318220399981,-0.006166456110262787,0.7210590038701243,1.2520543634464616,-0.0005166548353266465,1.2525710182817882,0.0
200,4.0,idle,locomotion,0,1.3899999856948853,0.019999999552965164,0.10973345824050044,-0.032192331785326586,-0.006167158594691259,0.7210573021403978,1.252051423596786,-0.0005166406364330092,1.2525680642332189,0.0
201,4.02,idle,locomotion,0,1.3899999856948853,0.019999999552965164,0.10973345824050044,-0.032201476547359525,-0.006167843811643531,0.7210556302205532,1.2520485149558667,-0.0005166201641935639,1.2525651351200602,0.0
202,4.04,idle,locomotion,0,1.3899999856948853,0.019999999552965164,0.10973345824050044,-0.03221061711522285,-0.00616850702836444,0.7210539904012019,1.2520456400023874,-0.0005166059110044627,1.2525622459133918,0.0
203,4.06,idle,locomotion,0,1.3899999856948853,0.019999999552965164,0.10973345824050044,-0.032219751454527365,-0.006169156502561212,0.7210523815655853,1.2520427988800618,-0.0005165973094344717,1.2525593961894963,0.0
204,4.08,idle,locomotion,0,1.3899999856948853,0.019999999552965164,0.10973345824050044,-0.032228879782750325,-0.006169800469795626,0.7210508021087919,1.2520399867365533,-0.000516570673552711,1.252556557410106,0.0
205,4.1,idle,locomotion,0,1.3899999856948853,0.019999999552965164,0.10973345824050044,-0.03223799989656587,-0.006170436446949348,0.72104925515432,1.2520372121203915,-0.0005165584123785864,1.25255377053277,0.0
206,4.12,idle,locomotion,0,1.3899999856948853,0.019999999552965164,0.10973345824050044,-0.03224711034598892,-0.006171071160471773,0.7210477381359225,1.2520344685843559,-0.0005165395615190672,1.2525510081458748,0.0
207,4.14,idle,locomotion,0,1.3899999856948853,0.019999999552965164,0.10973345824050044,-0.032256212789021244,-0.00617170537783331,0.7210462509298886,1.2520317566872001,-0.0005165209639569415,1.2525482776511572,0.0
208,4.16,idle,locomotion,0,1.3899999856948853,0.019999999552965164,0.10973345824050044,-0.032265307120533104,-0.0061723397643657805,0.7210447946421291,1.252029078507161,-0.0005165058910621308,1.2525455843982232,0.0
209,4.18,idle,locomotion,0,1.3899999856948853,0.019999999552965164,0.10973345824050044,-0.032274394644959827,-0.0061729728517331064,0.721043371452679,1.252026432314039,-0.0005164845626957695,1.2525429168767348,0.0
210,4.2,idle,locomotion,0,1.3899999856948853,0.019999999552965164,0.10973345824050044,-0.03228347218109676,-0.006173611132266389,0.7210419762807707,1.2520238192654596,-0.0005164676457233945,1.252540286911183,0.0
211,4.22,idle,locomotion,0,1.3899999856948853,0.019999999552965164,0.10973345824050044,-0.03229253625363555,-0.006174260318696361,0.7210406094649914,1.2520212367511367,-0.0005164408041987874,1.2525376775553356,0.0
212,4.24,idle,locomotion,0,1.3899999856948853,0.019999999552965164,0.10973345824050044,-0.03230158845289983,-0.006174912243151381,0.7210392742614805,1.2520186884648532,-0.0005164305388418201,1.252535119003695,0.0
213,4.26,idle,locomotion,0,1.3899999856948853,0.019999999552965164,0.10973345824050044,-0.032310628687572354,-0.006175578528832344,0.7210379663320002,1.2520161692250995,-0.0005164099550950679,1.2525325791801947,0.0
214,4.28,idle,locomotion,0,1.3899999856948853,0.019999999552965164,0.10973345824050044,-0.03231965884795204,-0.006176252116397442,0.7210366892412675,1.2520136837674098,-0.0005163967088301601,1.25253008047624,0.0
215,4.3,idle,locomotion,0,1.3899999856948853,0.019999999552965164,0.10973345824050044,-0.0323286804238272,-0.006176936583920483,0.7210354438585825,1.2520112306593365,-0.0005163804944399997,1.2525276111537764,0.0
216,4.32,idle,locomotion,0,1.3899999856948853,0.019999999552965164,0.10973345824050044,-0.03233769342987683,-0.006177633933789289,0.7210342301672882,1.2520088111241674,-0.0005163610494454442,1.2525251721736128,0.0
217,4.34,idle,locomotion,0,1.3899999856948853,0.019999999552965164,0.10973345824050044,-0.032346697519019106,-0.006178340894315219,0.7210330469828701,1.2520064253921057,-0.0005163466950552087,1.252522772087161,0.0
218,4.36,idle,locomotion,0,1.3899999856948853,0.019999999552965164,0.10973345824050044,-0.032355692665501416,-0.006179064369855125,0.7210318911607191,1.2520040689456151,-0.0005163241369054508,1.2525203930825206,0.0
219,4.38,idle,locomotion,0,1.3899999856948853,0.019999999552965164,0.10973345824050044,-0.03236467945864337,-0.006179799123270571,0.7210307641456424,1.2520017435734085,-0.0005163097005979056,1.2525180532740063,0.0
220,4.4,idle,locomotion,0,1.3899999856948853,0.019999999552965164,0.10973345824050044,-0.0323736575620778,-0.006180554369092837,0.7210296641212675,1.2519994470474538,-0.0005162857726099916,1.2525157328200638,0.0
221,4.42,idle,locomotion,0,1.3899999856948853,0.019999999552965164,0.10973345824050044,-0.03238262751609936,-0.00618132621355208,0.721028594249431,1.2519971827420409,-0.0005162623819102395,1.252513445123951,0.0
222,4.44,idle,locomotion,0,1.3899999856948853,0.019999999552965164,0.10973345824050044,-0.03239158748458497,-0.006182115187952874,0.7210275513265254,1.2519949486846689,-0.0005162402441964593,1.2525111889288654,0.0
223,4.46,idle,locomotion,0,1.3899999856948853,0.019999999552965164,0.10973345824050044,-0.03240053771614978,-0.006182912829710916,0.721026538376385,1.2519927470664733,-0.0005162293941383574,1.2525089764606117,0.0
224,4.48,idle,locomotion,0,1.3899999856948853,0.019999999552965164,0.10973345824050044,-0.032409478229390845,-0.00618373085379234,0.7210255524194349,1.251990574406094,-0.0005162107443907049,1.2525067851504847,0.0
225,4.5,idle,locomotion,0,1.3899999856948853,0.019999999552965164,0.10973345824050044,-0.03241841041147761,-0.006184568886460318,0.7210245949676257,1.25198843200623,-0.0005161875367824462,1.2525046195430125,0.0
226,4.52,idle,locomotion,0,1.3899999856948853,0.019999999552965164,0.10973345824050044,-0.03242733542574658,-0.006185420386069914,0.721023668181092,1.251986322405343,-0.0005161762980042568,1.252502498703347,0.0
227,4.54,idle,locomotion,0,1.3899999856948853,0.019999999552965164,0.10973345824050044,-0.032436251453979686,-0.006186302411664513,0.7210227638104796,1.251984237709622,-0.0005161461509499282,1.252500383860572,0.0
228,4.56,idle,locomotion,0,1.3899999856948853,0.019999999552965164,0.10973345824050044,-0.03244516033614625,-0.006187201197370031,0.7210218883174025,1.2519821835727765,-0.000516122750104632,1.2524983063228812,0.0
229,4.58,idle,locomotion,0,1.3899999856948853,0.019999999552965164,0.10973345824050044,-0.032454063562054616,-0.006188103804998547,0.7210210435674397,1.2519801620949564,-0.0005161139812804652,1.2524962760762368,0.0
230,4.6,idle,locomotion,0,1.3899999856948853,0.019999999552965164,0.10973345824050044,-0.03246295902434254,-0.006189041808945786,0.7210202180726533,1.251978161348076,-0.0005160676577074669,1.2524942290057834,0.0
231,4.62,idle,locomotion,0,1.3899999856948853,0.019999999552965164,0.10973345824050044,-0.03247184683552226,-0.006190029025999654,0.7210194116098291,1.2519761805865735,-0.0005159984700037652,1.2524921790565773,0.0
232,4.64,idle,locomotion,0,1.3899999856948853,0.019999999552965164,0.10973345824050044,-0.032480726679235385,-0.006191069053911867,0.721018626187258,1.2519742215990948,-0.0005159189360659303,1.2524901405351607,0.0
233,4.66,idle,locomotion,0,1.3899999856948853,0.019999999552965164,0.10973345824050044,-0.03248959843910933,-0.006192161487763397,0.7210178637689616,1.251972286431047,-0.0005158351276082392,1.2524881215586552,0.0
234,4.68,idle,locomotion,0,1.3899999856948853,0.019999999552965164,0.10973345824050044,-0.032498462826419,-0.006193306783548119,0.7210171243767284,1.251970375045676,-0.0005157496989157857,1.252486124744592,0.0
235,4.7,idle,locomotion,0,1.3899999856948853,0.019999999552965164,0.10973345824050044,-0.03250732011754116,-0.00619450447142511,0.7210164071913933,1.2519684866711824,-0.0005156638196348179,1.2524841504908173,0.0
236,4.72,idle,locomotion,0,1.3899999856948853,0.019999999552965164,0.10973345824050044,-0.0325161711451022,-0.006195750404504557,0.7210157118022693,1.2519666209444515,-0.0005155776924485982,1.2524821986369001,0.0
237,4.74,idle,locomotion,0,1.3899999856948853,0.019999999552965164,0.10973345824050044,-0.03252501738685639,-0.0061970419276898385,0.7210150374279259,1.2519647769980593,-0.0005154914680751237,1.2524802684661345,0.0
238,4.76,idle,locomotion,0,1.3899999856948853,0.019999999552965164,0.10973345824050044,-0.03253385926155398,-0.006198378197246581,0.7210143843209214,1.2519629550015483,-0.0005154050603801558,1.2524783600619285,0.0
239,4.78,idle,locomotion,0,1.3899999856948853,0.019999999552965164,0.10973345824050044,-0.03254269669588002,-0.006199757674603616,0.7210137527825281,1.2519611554281542,-0.0005153186116747636,1.252476474039829,0.0
240,4.8,idle,locomotion,0,1.3899999856948853,0.019999999552965164,0.10973345824050044,-0.03255152985560671,-0.006201177216975503,0.7210131409228288,1.2519593765728072,-0.0005152319768306525,1.2524746085496379,0.0
241,4.82,idle,locomotion,0,1.3899999856948853,0.019999999552965164,0.10973345824050044,-0.03256035913681097,-0.0062026333630725945,0.7210125489541617,1.2519576185856574,-0.0005151452164337926,1.2524727638020912,0.0
242,4.84,idle,locomotion,0,1.3899999856948853,0.019999999552965164,0.10973345824050044,-0.03256918565887097,-0.006204123413099015,0.7210119765491876,1.2519558811971803,-0.0005150582603354395,1.2524709394575158,0.0
243,4.86,idle,locomotion,0,1.3899999856948853,0.019999999552965164,0.10973345824050044,-0.03257801008101308,-0.006205645582006747,0.7210114226388029,1.2519541633071942,-0.0005149711588782781,1.2524691344660726,0.0
244,4.88,idle,locomotion,0,1.3899999856948853,0.019999999552965164,0.10973345824050044,-0.032586832528802456,-0.0062071976722251595,0.7210108863207674,1.25195246409728,-0.0005148839328302512,1.25246734803011,0.0
245,4.9,idle,locomotion,0,1.3899999856948853,0.019999999552965164,0.10973345824050044,-0.03259565318103264,-0.006208776933417609,0.7210103672855439,1.2519507832776546,-0.0005147965807709362,1.2524655798584257,0.0
246,4.92,idle,locomotion,0,1.3899999856948853,0.019999999552965164,0.10973345824050044,-0.032604472988030875,-0.006210380617351552,0.721009866808165,1.251949122023893,-0.0005147113681507227,1.2524638333920437,0.0
247,4.94,idle,locomotion,0,1.3899999856948853,0.019999999552965164,0.10973345824050044,-0.03261329224031367,-0.006212004959675956,0.7210093846670947,1.2519474802904542,-0.0005146298475840125,1.2524621101380382,0.0
248,4.96,idle,locomotion,0,1.3899999856948853,0.019999999552965164,0.10973345824050044,-0.032622111691821394,-0.006213644006873211,0.7210089194320655,1.2519458567416657,-0.000514550124959573,1.2524604068666252,0.0
249,4.98,idle,locomotion,0,1.3899999856948853,0.019999999552965164,0.10973345824050044,-0.03263093157057246,-0.0062152943038865285,0.7210084709086796,1.251944251144519,-0.0005144711186717832,1.2524587222631907,0.0
250,5.0,idle,locomotion,0,1.3899999856948853,0.019999999552965164,0.10973345824050044,-0.032639752455019,-0.0062169537110089235,0.7210080388550335,1.2519426632061579,-0.0005143921964491129,1.252457055402607,0.0
251,5.02,idle,locomotion,0,1.3899999856948853,0.019999999552965164,0.10973345824050044,-0.03264857356891063,-0.00621862031232549,0.721007624042709,1.2519410937392381,-0.000514313304893977,1.252455407044132,0.0
252,5.04,idle,locomotion,0,1.3899999856948853,0.019999999552965164,0.10973345824050044,-0.03265739458848308,-0.006220293167925718,0.7210072250212346,1.251939541493652,-0.000514234342042539,1.2524537758356946,0.0
253,5.06,idle,locomotion,0,1.3899999856948853,0.019999999552965164,0.10973345824050044,-0.03266621552733309,-0.006221969325420274,0.721006840104846,1.2519380047507185,-0.0005141552783236719,1.2524521600290421,0.0
254,5.08,idle,locomotion,0,1.3899999856948853,0.019999999552965164,0.10973345824050044,-0.03267503598376341,-0.006223646086146693,0.721006471291387,1.2519364854099806,-0.0005140761205236315,1.2524505615305042,0.0
255,5.1,idle,locomotion,0,1.3899999856948853,0.019999999552965164,0.10973345824050044,-0.03268385568344052,-0.0062253215996444285,0.7210061188660284,1.2519349838953933,-0.0005139968162634866,1.2524489807116568,0.0
256,5.12,idle,locomotion,0,1.3899999856948853,0.019999999552965164,0.10973345824050044,-0.03269267496618702,-0.006226993112087877,0.7210057809787316,1.2519334982917165,-0.0005139174633905369,1.252447415755107,0.0
257,5.14,idle,locomotion,0,1.3899999856948853,0.019999999552965164,0.10973345824050044,-0.03270149434443268,-0.006228658746605483,0.7210054573821714,1.2519320281728323,-0.0005138381152508392,1.252445866288083,0.0
258,5.16,idle,locomotion,0,1.3899999856948853,0.019999999552965164,0.10973345824050044,-0.0327103140460792,-0.006230317712542442,0.7210051482593526,1.2519305736847484,-0.0005137587245875805,1.252444332409336,0.0
259,5.18,idle,locomotion,0,1.3899999856948853,0.019999999552965164,0.10973345824050044,-0.032719134257043044,-0.006231968251197618,0.7210048538224998,1.251929134943326,-0.0005136791442125789,1.2524428140875385,0.0
260,5.2,idle,locomotion,0,1.3899999856948853,0.019999999552965164,0.10973345824050044,-0.03272795426862741,-0.0062336084331474735,0.7210045752322292,1.251927713133705,-0.0005135996314304322,1.2524413127651355,0.0
261,5.22,idle,locomotion,0,1.3899999856948853,0.019999999552965164,0.10973345824050044,-0.03273677320115353,-0.006235237452864537,0.7210043138064862,1.2519263096928845,-0.0005135200797051417,1.2524398297725896,0.0
262,5.24,idle,locomotion,0,1.3899999856948853,0.019999999552965164,0.10973345824050044,-0.03274559078667353,-0.0062368544859664,0.721004067957708,1.2519249231560219,-0.0005134404005484872,1.2524383635565703,0.0
263,5.26,idle,locomotion,0,1.3899999856948853,0.019999999552965164,0.10973345824050044,-0.032754406706902967,-0.006238458387043232,0.721003836345496,1.2519235521372394,-0.0005133606226862368,1.2524369127599255,0.0
264,5.28,idle,locomotion,0,1.3899999856948853,0.019999999552965164,0.10973345824050044,-0.032763220888169374,-0.0062400486760544665,0.7210036182504883,1.2519221959014688,-0.0005132807613109601,1.2524354766627797,0.0
265,5.3,idle,locomotion,0,1.3899999856948853,0.019999999552965164,0.10973345824050044,-0.03277203365989481,-0.006241625506373778,0.721003413291386,1.2519208540025097,-0.0005132009670037636,1.2524340549695134,0.0
266,5.32,idle,locomotion,0,1.3899999856948853,0.019999999552965164,0.10973345824050044,-0.032780845309830234,-0.006243187603843432,0.7210032226073432,1.2519195274735886,-0.0005131210236038256,1.2524326484971924,0.0
267,5.34,idle,locomotion,0,1.3899999856948853,0.019999999552965164,0.10973345824050044,-0.03278965572573263,-0.006244735565782442,0.7210030471454701,1.251918217253282,-0.0005130411457919641,1.2524312583990738,0.0
268,5.36,idle,locomotion,0,1.3899999856948853,0.019999999552965164,0.10973345824050044,-0.03279846412296338,-0.006246272982882973,0.721002886596065,1.25191692314632,-0.0005129612771744702,1.2524298844234945,0.0
269,5.38,idle,locomotion,0,1.3899999856948853,0.019999999552965164,0.10973345824050044,-0.032807269729428705,-0.006247799665923901,0.7210027398955936,1.251915644247547,-0.0005128812906592915,1.2524285255382062,0.0
270,5.4,idle,locomotion,0,1.3899999856948853,0.019999999552965164,0.10973345824050044,-0.032816072573878495,-0.006249313472979674,0.7210026080101753,1.251914381395555,-0.0005128010917346756,1.2524271824872897,0.0
271,5.42,idle,locomotion,0,1.3899999856948853,0.019999999552965164,0.10973345824050044,-0.03282487297111747,-0.006250814116725085,0.7210024901171695,1.2519131337602636,-0.0005127209377309462,1.2524258546979945,0.0
272,5.44,idle,locomotion,0,1.3899999856948853,0.019999999552965164,0.10973345824050044,-0.03283367073617013,-0.006252301863992889,0.7210023855709085,1.2519119005847377,-0.0005126407565059637,1.2524245413412436,0.0
273,5.46,idle,locomotion,0,1.3899999856948853,0.019999999552965164,0.10973345824050044,-0.03284246548820045,-0.006253777347142741,0.721002293473681,1.251910681078486,-0.0005125605831400315,1.2524232416616259,0.0
274,5.48,idle,locomotion,0,1.3899999856948853,0.019999999552965164,0.10973345824050044,-0.032851257367206475,-0.006255240639253746,0.7210022146199714,1.2519094759195435,-0.0005124803561022059,1.2524219562756458,0.0
275,5.5,idle,locomotion,0,1.3899999856948853,0.019999999552965164,0.10973345824050044,-0.03286004674444823,-0.006256689735420919,0.7210021498847216,1.2519082859719424,-0.0005124000113023025,1.2524206859832447,0.0
276,5.52,idle,locomotion,0,1.3899999856948853,0.019999999552965164,0.10973345824050044,-0.03286883397790975,-0.006258124743798383,0.7210020985406429,1.2519071104499586,-0.0005123196600047633,1.2524194301099634,0.0
277,5.54,idle,locomotion,0,1.3899999856948853,0.019999999552965164,0.10973345824050044,-0.03287761901422672,-0.006259547316781571,0.7210020618102867,1.2519059504857029,-0.0005122393027807218,1.2524181897884836,0.0
278,5.56,idle,locomotion,0,1.3899999856948853,0.019999999552965164,0.10973345824050044,-0.032886401562603994,-0.0062609575915819485,0.7210020401348798,1.2519048066621394,-0.0005121589033870791,1.2524169655655266,0.0
279,5.58,idle,locomotion,0,1.3899999856948853,0.019999999552965164,0.10973345824050044,-0.03289518173992408,-0.006262356887158971,0.7210020327584392,1.2519036781955033,-0.0005120783783241732,1.2524157565738274,0.0
280,5.6,idle,locomotion,0,1.3899999856948853,0.019999999552965164,0.10973345824050044,-0.03290395917137397,-0.006263747717686282,0.7210020375431525,1.2519025630449445,-0.0005119978807068756,1.2524145609256514,0.0
281,5.62,idle,locomotion,0,1.3899999856948853,0.019999999552965164,0.10973345824050044,-0.032912732625199934,-0.006265132206797759,0.7210020560106911,1.2519014627925076,-0.0005119173559011633,1.2524133801484088,0.0
282,5.64,idle,locomotion,0,1.3899999856948853,0.019999999552965164,0.10973345824050044,-0.032921502665791184,-0.006266510701411337,0.7210020888008671,1.2519003781276756,-0.0005118365754276169,1.2524122147031032,0.0
283,5.66,idle,locomotion,0,1.3899999856948853,0.019999999552965164,0.10973345824050044,-0.032930270157618347,-0.0062678811561362865,0.7210021344549327,1.2518993073899558,-0.000511755749060927,1.2524110631390166,0.0
284,5.68,idle,locomotion,0,1.3899999856948853,0.019999999552965164,0.10973345824050044,-0.03293903401727877,-0.006269244694331457,0.7210021939323685,1.2518982515269128,-0.000511674939407538,1.2524099264663204,0.0
285,5.7,idle,locomotion,0,1.3899999856948853,0.019999999552965164,0.10973345824050044,-0.03294779395561814,-0.006270603598340426,0.7210022660022753,1.2518972094952983,-0.0005115940629141814,1.2524088035582124,0.0
286,5.72,idle,locomotion,0,1.3899999856948853,0.019999999552965164,0.10973345824050044,-0.03295655024219233,-0.006271957109746155,0.7210023504768377,1.2518961809758704,-0.0005115131123463457,1.2524076940882167,0.0
287,5.74,idle,locomotion,0,1.3899999856948853,0.019999999552965164,0.10973345824050044,-0.03296530246237846,-0.006273305325960089,0.7210024475016646,1.2518951662455509,-0.0005114321546693668,1.2524065984002202,0.0
288,5.76,idle,locomotion,0,1.3899999856948853,0.019999999552965164,0.10973345824050044,-0.03297405132576335,-0.0062746480289975455,0.7210025566174,1.251894164750507,-0.0005113511073028057,1.2524055158578098,0.0
289,5.78,idle,locomotion,0,1.3899999856948853,0.019999999552965164,0.10973345824050044,-0.03298279697865412,-0.006275985471398762,0.7210026783522239,1.2518931769059982,-0.0005112700454722938,1.2524044469514706,0.0
290,5.8,idle,locomotion,0,1.3899999856948853,0.019999999552965164,0.10973345824050044,-0.03299153888255917,-0.006277319106502511,0.7210028127212748,1.2518922027921697,-0.0005111889567072821,1.252403391748877,0.0
291,5.82,idle,locomotion,0,1.3899999856948853,0.019999999552965164,0.10973345824050044,-0.03300027624920396,-0.006278649214139016,0.7210029588671913,1.2518912416892163,-0.0005111078495910922,1.2524023495388075,0.0
292,5.84,idle,locomotion,0,1.3899999856948853,0.019999999552965164,0.10973345824050044,-0.033009008991272536,-0.0062799751699906346,0.7210031160890061,1.2518902928946523,-0.0005110267035017893,1.252401319598154,0.0
293,5.86,idle,locomotion,0,1.3899999856948853,0.019999999552965164,0.10973345824050044,-0.03301773772127291,-0.006281295509378548,0.7210032859541523,1.2518893577783492,-0.0005109453377844797,1.2524003031161337,0.0
294,5.88,idle,locomotion,0,1.3899999856948853,0.019999999552965164,0.10973345824050044,-0.033026463420916564,-0.0062826097075809285,0.721003468200178,1.251888436001045,-0.0005108638509548381,1.2523992998519997,0.0
295,5.9,idle,locomotion,0,1.3899999856948853,0.019999999552965164,0.10973345824050044,-0.03303518619258181,-0.0062839188641211855,0.7210036635489175,1.2518875281417967,-0.0005107824168710182,1.2523983105586678,0.0
296,5.92,idle,locomotion,0,1.3899999856948853,0.019999999552965164,0.10973345824050044,-0.033043905602541425,-0.006285224248455145,0.7210038715752735,1.2518866339407557,-0.0005107009308534388,1.252397334871609,0.0
297,5.94,idle,locomotion,0,1.3899999856948853,0.019999999552965164,0.10973345824050044,-0.03305262158567535,-0.006286526292308961,0.7210040916011483,1.251885752670864,-0.0005106194324433141,1.2523963721033073,0.0
298,5.96,idle,locomotion,0,1.3899999856948853,0.019999999552965164,0.10973345824050044,-0.03306133364380143,-0.006287825230537658,0.7210043233929544,1.2518848842170407,-0.0005105379722851015,1.2523954221893259,0.0
299,5.98,idle,locomotion,0,1.3899999856948853,0.019999999552965164,0.10973345824050044,-0.03307004123215478,-0.006289122101119317,0.7210045674180885,1.2518840291648852,-0.000510456456967432,1.2523944856218525,0.0
300,6.0,idle,locomotion,0,1.3899999856948853,0.019999999552965164,0.10973345824050044,-0.033078744668721655,-0.006290416403977464,0.7210048235621805,1.2518831874553507,-0.0005103747950552587,1.2523935622504059,0.0
301,6.02,idle,locomotion,0,1.3899999856948853,0.019999999552965164,0.10973345824050044,-0.03308744426583559,-0.006291708122227032,0.7210050907246659,1.2518823579555127,-0.0005102931363312954,1.252392651091844,0.0
302,6.04,idle,locomotion,0,1.3899999856948853,0.019999999552965164,0.10973345824050044,-0.03309613949673785,-0.006292999106583099,0.7210053694374828,1.2518815411356534,-0.0005102113652116838,1.2523917525008652,0.0
303,6.06,idle,locomotion,0,1.3899999856948853,0.019999999552965164,0.10973345824050044,-0.03310483068022215,-0.0062942889997711785,0.7210056587442374,1.2518807360925108,-0.0005101295392495458,1.2523908656317604,0.0
304,6.08,idle,locomotion,0,1.3899999856948853,0.019999999552965164,0.10973345824050044,-0.033113518027277765,-0.0062955768970124415,0.7210059585017272,1.2518799425716456,-0.0005100476826638695,1.2523899902543094,0.0
305,6.1,idle,locomotion,0,1.3899999856948853,0.019999999552965164,0.10973345824050044,-0.03312220161521733,-0.006296862996111027,0.721006270088653,1.2518791619310476,-0.0005099657685705763,1.2523891276996182,0.0
306,6.12,idle,locomotion,0,1.3899999856948853,0.019999999552965164,0.10973345824050044,-0.03313088185627305,-0.006298147020620981,0.7210065940264536,1.251878394658223,-0.0005098837610336623,1.2523882784192566,0.0
307,6.14,hold,kick,2,1.3899999856948853,0.019999999552965164,0.10973345824050044,-0.0346123868924366,-0.0075367269090648396,0.7246036514813506,1.2547018055988213,-0.0009531326047106346,1.2556549382035318,0.0
308,6.16,hold,kick,3,1.3899999856948853,0.019999999552965164,0.10973345824050044,-0.03452779783730111,-0.009119810273961708,0.7325843715957232,1.262029975140093,-0.0014575692346090949,1.263487544374702,0.0
309,6.18,hold,kick,4,1.3899999856948853,0.019999999552965164,0.10973345824050044,-0.032130742294248074,-0.010315225443873253,0.7426323231537745,1.2720706467849547,-0.0016951123830942043,1.273765759168049,0.0
310,6.2,hold,kick,5,1.3899999856948853,0.019999999552965164,0.10973345824050044,-0.028238774482053003,-0.011239937912209603,0.752951843294272,1.2828397026506169,-0.0019036926934978063,1.2847433953441147,0.0
311,6.22,hold,kick,6,1.3899999856948853,0.019999999552965164,0.10973345824050044,-0.023687856571326348,-0.011772826921612807,0.7622199790078777,1.2927288708921132,-0.002116219967480043,1.2948450908595932,0.0
312,6.24,hold,kick,7,1.3899999856948853,0.019999999552965164,0.10973345824050044,-0.019238946478786934,-0.012055881235923398,0.7698090432182934,1.3008605259778285,-0.0019637020379155365,1.302824228015744,0.0
313,6.26,hold,kick,8,1.3899999856948853,0.019999999552965164,0.10973345824050044,-0.015385807513284238,-0.012194462092471822,0.7754307464762678,1.306862202472567,-0.002222206213842646,1.3090844086864095,0.0
314,6.28,hold,kick,9,1.3899999856948853,0.019999999552965164,0.10973345824050044,-0.012394002490415426,-0.012673203069461231,0.7790835658570273,1.3107151544744966,-0.0024455971159783214,1.3131607515904749,0.0
315,6.3,hold,kick,10,1.3899999856948853,0.019999999552965164,0.10973345824050044,-0.010349266169400316,-0.013407221898842433,0.7812082262943353,1.3129131398450182,-0.002682666425215953,1.3155958062702342,0.0
316,6.32,hold,kick,11,1.3899999856948853,0.019999999552965164,0.10973345824050044,-0.009068528758369977,-0.014429423220809619,0.7822452015683964,1.3139575390060927,-0.00356179321555955,1.3175193322216523,0.0
317,6.34,hold,kick,12,1.3899999856948853,0.019999999552965164,0.10973345824050044,-0.008384992135141349,-0.015566142066609452,0.7828759101944744,1.3145542613858847,-0.004359815532689007,1.3189140769185737,0.0
318,6.36,hold,kick,13,1.3899999856948853,0.019999999552965164,0.10973345824050044,-0.008079247303584062,-0.016700560958726112,0.7834537443116598,1.3151013908686087,-0.004281507222871,1.3193828980914797,0.0
319,6.38,hold,kick,14,1.3899999856948853,0.019999999552965164,0.10973345824050044,-0.007813154717045218,-0.01778159732519607,0.7838903713043021,1.3155026272297503,-0.004331092017960059,1.3198337192477103,0.0
320,6.4,hold,kick,15,1.3899999856948853,0.019999999552965164,0.10973345824050044,-0.007524085025332148,-0.018740050880310423,0.7842583078144006,1.3158359146592669,-0.004398002920129471,1.3202339175793962,0.0
321,6.42,hold,kick,16,1.3899999856948853,0.019999999552965164,0.10973345824050044,-0.007154565800671539,-0.019552585482643724,0.7845848324446412,1.3161296674039356,-0.004460026261563572,1.320589693665499,0.0
322,6.44,hold,kick,17,1.3899999856948853,0.019999999552965164,0.10973345824050044,-0.006659817197402923,-0.020199975899862267,0.7848760158691171,1.3163884617760697,-0.0045068250841364815,1.3208952868602062,0.0
323,6.46,hold,kick,18,1.3899999856948853,0.019999999552965164,0.10973345824050044,-0.006060905030378831,-0.02067537186574497,0.7851253518390698,1.3166036776789272,-0.004540697122487888,1.3211443748014151,0.0
324,6.48,hold,kick,19,1.3899999856948853,0.019999999552965164,0.10973345824050044,-0.005345168182920371,-0.02097009445466447,0.7853316011777577,1.3167743302250638,-0.004562548243403113,1.321336878468467,0.0
325,6.5,hold,kick,20,1.3899999856948853,0.019999999552965164,0.10973345824050044,-0.004505913608319672,-0.021092669613542385,0.7854946342728977,1.3169010447712917,-0.004571683601428116,1.3214727283727197,0.0
326,6.52,hold,kick,21,1.3899999856948853,0.019999999552965164,0.10973345824050044,-0.0035472566667698402,-0.021049254663949937,0.7856199590749032,1.3169896313994238,-0.004571109725335108,1.321560741124759,0.0
327,6.54,hold,kick,22,1.3899999856948853,0.019999999552965164,0.10973345824050044,-0.002472753216837733,-0.02084572736755266,0.7857139721406111,1.3170471321432975,-0.004562540409599913,1.3216096725528974,0.0
328,6.56,hold,kick,23,1.3899999856948853,0.019999999552965164,0.10973345824050044,-0.0012811742440273278,-0.020496412695219228,0.7857844862128538,1.3170814986367745,-0.004546561675394228,1.3216280603121686,0.0
329,6.58,hold,kick,24,1.3899999856948853,0.019999999552965164,0.10973345824050044,2.8368490370919316e-05,-0.020028471056492775,0.7858354485164549,1.3170961298623372,-0.004520909034818096,1.3216170388971553,0.0
330,6.6,hold,kick,25,1.3899999856948853,0.019999999552965164,0.10973345824050044,0.001453224841106053,-0.019475615372329332,0.78586735491386,1.3170906543501264,-0.004482588818126822,1.3215732431682532,0.0
331,6.62,hold,kick,26,1.3899999856948853,0.019999999552965164,0.10973345824050044,0.0029868825993710443,-0.01885366633338967,0.7858824649200692,1.317067439230629,-0.004432496156125915,1.321499935386755,0.0
332,6.64,hold,kick,27,1.3899999856948853,0.019999999552965164,0.10973345824050044,0.004625534760385294,-0.01817542323623494,0.7858844253447808,1.317030906079275,-0.004373870300275213,1.3214047763795502,0.0
333,6.66,hold,kick,28,1.3899999856948853,0.019999999552965164,0.10973345824050044,0.006365201280790589,-0.017454400267586215,0.7858767790719968,1.3169858710840847,-0.004308084685811495,1.3212939557698962,0.0
334,6.68,hold,kick,29,1.3899999856948853,0.019999999552965164,0.10973345824050044,0.008199803225089593,-0.016704304378309946,0.7858651408618843,1.3169387901326703,-0.004237793026008321,1.3211765831586786,0.0
335,6.7,hold,kick,30,1.3899999856948853,0.019999999552965164,0.10973345824050044,0.010124580346579959,-0.015936289150728127,0.7858543816227268,1.3168954588187591,-0.004162812515094545,1.3210582713338537,0.0
336,6.72,hold,kick,31,1.3899999856948853,0.019999999552965164,0.10973345824050044,0.012137104812202832,-0.01515395206104826,0.7858490596510033,1.3168616990233246,-0.004083078377131007,1.3209447774004557,0.0
337,6.74,hold,kick,32,1.3899999856948853,0.019999999552965164,0.10973345824050044,0.014240195650187226,-0.014366960334462858,0.7858544675219017,1.3168432032836541,-0.003998919183081748,1.320842122466736,0.0
338,6.76,hold,kick,33,1.3899999856948853,0.019999999552965164,0.10973345824050044,0.016433884782926508,-0.013586448298682404,0.7858731561390392,1.3168425098476515,-0.003911027070820583,1.3207535369184722,0.0
339,6.78,hold,kick,34,1.3899999856948853,0.019999999552965164,0.10973345824050044,0.018718959281034245,-0.012820560499500849,0.7859053820911158,1.3168591202390998,-0.00382066202710633,1.3206797822662062,0.0
340,6.8,hold,kick,35,1.3899999856948853,0.019999999552965164,0.10973345824050044,0.021087555907175502,-0.012075311106809428,0.7859494213077874,1.3168913089926617,-0.003726392088097885,1.3206177010807596,0.0
341,6.82,hold,kick,36,1.3899999856948853,0.019999999552965164,0.10973345824050044,0.023528850051294622,-0.01135317529542087,0.7860045071535158,1.3169390018691938,-0.003626169632979539,1.3205651715021733,0.0
342,6.84,hold,kick,37,1.3899999856948853,0.019999999552965164,0.10973345824050044,0.026042770357792518,-0.010649359933125999,0.7860650993562986,1.3169972513464068,-0.0035208173218694225,1.3205180686682763,0.0
343,6.86,hold,kick,38,1.3899999856948853,0.019999999552965164,0.10973345824050044,0.02862031878241457,-0.009976203373240901,0.7861269364840543,1.3170623515658204,-0.003411408355827459,1.3204737599216478,0.0
344,6.88,hold,kick,39,1.3899999856948853,0.019999999552965164,0.10973345824050044,0.031245745448626967,-0.009340882888397663,0.7861883995185189,1.3171326051043064,-0.0033000154060273366,1.3204326205103338,0.0
345,6.9,hold,kick,40,1.3899999856948853,0.019999999552965164,0.10973345824050044,0.03387347896968927,-0.008752775444811022,0.7862468456070197,1.3172033725350552,-0.003183883892367338,1.3203872564274224,0.0
346,6.92,hold,kick,41,1.3899999856948853,0.019999999552965164,0.10973345824050044,0.036526576773208426,-0.00820238747160529,0.7863107267897641,1.3172769080878803,-0.0030643873795053317,1.3203412954673857,0.0
347,6.94,hold,kick,42,1.3899999856948853,0.019999999552965164,0.10973345824050044,0.03921042952359959,-0.007688660457689228,0.7863797514745362,1.3173517064274187,-0.0029415084532723457,1.320293214880691,0.0
348,6.96,hold,kick,43,1.3899999856948853,0.019999999552965164,0.10973345824050044,0.04190215983356679,-0.007209558060315673,0.7864487061685655,1.3174236719693333,-0.0028095358116875906,1.3202332077810208,0.0
349,6.98,hold,kick,44,1.3899999856948853,0.019999999552965164,0.10973345824050044,0.04457714761680385,-0.006765134119901881,0.7865097638337425,1.3174839099981774,-0.002696466853898429,1.320180376852076,0.0
350,7.0,hold,kick,45,1.3899999856948853,0.019999999552965164,0.10973345824050044,0.04722054177384633,-0.00635334555251524,0.786565219112787,1.3175344632583375,-0.002574223020034183,1.3201086862783717,0.0
351,7.02,hold,kick,46,1.3899999856948853,0.019999999552965164,0.10973345824050044,0.049842127592536596,-0.005978976493343298,0.7866116035093076,1.3175697542079323,-0.002452543172723167,1.3200222973806555,0.0
352,7.04,hold,kick,47,1.3899999856948853,0.019999999552965164,0.10973345824050044,0.05243742703039589,-0.0056559288178297884,0.7866642711756928,1.3176019075096987,-0.0023256725340583158,1.319927580043757,0.0
353,7.06,hold,kick,48,1.3899999856948853,0.019999999552965164,0.10973345824050044,0.05499047890253479,-0.005386200507813822,0.7867228271084199,1.317633182345369,-0.002193690775092058,1.3198268731204612,0.0
354,7.08,hold,kick,49,1.3899999856948853,0.019999999552965164,0.10973345824050044,0.057491961501319216,-0.005163318718627042,0.7867776745538337,1.3176546230247228,-0.0020610453596695243,1.3197156683843922,0.0
355,7.1,hold,kick,50,1.3899999856948853,0.019999999552965164,0.10973345824050044,0.059938671982691615,-0.004986525563779746,0.7868209499864918,1.3176583052614366,-0.0019286665033823765,1.319586971764819,0.0
356,7.12,hold,kick,51,1.3899999856948853,0.019999999552965164,0.10973345824050044,0.06232755581663298,-0.004854555981986227,0.7868468573919014,1.3176394475392634,-0.0017905267716066195,1.31942997431087,0.0
357,7.14,hold,kick,52,1.3899999856948853,0.019999999552965164,0.10973345824050044,0.06452437622012243,-0.004619201500338534,0.7868384031268127,1.317561142194176,-0.0017347770149506343,1.3192959192091267,0.0
358,7.16,hold,kick,53,1.3899999856948853,0.019999999552965164,0.10973345824050044,0.06577894591542122,-0.003940141222463287,0.7871067538408829,1.3178004615456302,-0.0018099313876028533,1.319610392933233,0.0
359,7.18,hold,kick,54,1.3899999856948853,0.019999999552965164,0.10973345824050044,0.06562291438776718,-0.0035484404168154887,0.7870572790106927,1.3179308764455266,-0.0020684136151838187,1.3199992900607105,0.0
360,7.2,hold,kick,55,1.3899999856948853,0.019999999552965164,0.10973345824050044,0.06500262881749204,-0.0035557898735201886,0.7868396656373844,1.3179737385223864,-0.002209025635405693,1.3201827641577921,0.0
361,7.22,hold,kick,56,1.3899999856948853,0.019999999552965164,0.10973345824050044,0.06481370776608758,-0.004062676267205301,0.786429202622829,1.317748345707462,-0.0022806712213158248,1.3200290169287778,0.0
362,7.24,hold,kick,57,1.3899999856948853,0.019999999552965164,0.10973345824050044,0.06516825132049892,-0.004955012722456675,0.7860136640612463,1.3174462402846125,-0.002322967302897449,1.31976920758751,0.0
363,7.26,hold,kick,58,1.3899999856948853,0.019999999552965164,0.10973345824050044,0.06599885130016028,-0.006023430521020718,0.7858171933948623,1.3173161529870787,-0.0023522391760959944,1.3196683921631747,0.0
364,7.28,hold,kick,59,1.3899999856948853,0.019999999552965164,0.10973345824050044,0.06715273937159005,-0.007296988992626519,0.7858688399673575,1.3174229366766215,-0.0023817798295551786,1.3198047165061766,0.0
365,7.3,hold,kick,60,1.3899999856948853,0.019999999552965164,0.10973345824050044,0.06837219445441023,-0.009031397289090103,0.7859313288121741,1.317533578549172,-0.0023965607017714906,1.3199301392509435,0.0
366,7.32,hold,kick,61,1.3899999856948853,0.019999999552965164,0.10973345824050044,0.06951201561610738,-0.011181329025046769,0.7860026705300864,1.3176429997138048,-0.0023872540618923403,1.3200302537756972,0.0
367,7.34,hold,kick,62,1.3899999856948853,0.019999999552965164,0.10973345824050044,0.0705179830248744,-0.013666911652044901,0.7861184643769596,1.3177809347260878,-0.0023435272775313987,1.3201244620036192,0.0
368,7.36,hold,kick,63,1.3899999856948853,0.019999999552965164,0.10973345824050044,0.07135399107654185,-0.016472302153972048,0.7863743800012384,1.318034308462182,-0.002280626637546551,1.3203149350997285,0.0
369,7.38,hold,kick,64,1.3899999856948853,0.019999999552965164,0.10973345824050044,0.07195666211402546,-0.019577732259731827,0.786764155310597,1.3184003762972551,-0.00225924826318729,1.3206596245604425,0.0
370,7.4,hold,kick,65,1.3899999856948853,0.019999999552965164,0.10973345824050044,0.07223847295607815,-0.022894705191339834,0.787132471565372,1.3187332743777342,-0.0022209277834768573,1.320954202161211,0.0
371,7.42,hold,kick,66,1.3899999856948853,0.019999999552965164,0.10973345824050044,0.07217317698447615,-0.026463626356268855,0.7874500908153338,1.3190042555566601,-0.0020774622499788627,1.321081717806639,0.0
372,7.44,hold,kick,67,1.3899999856948853,0.019999999552965164,0.10973345824050044,0.07175548759431831,-0.030251007061296617,0.7877625972754296,1.319273346210905,-0.001900651688609617,1.3211739978995145,0.0
373,7.46,hold,kick,68,1.3899999856948853,0.019999999552965164,0.10973345824050044,0.07116212031800008,-0.03409989297792262,0.7880407942538089,1.3195283880949469,-0.0018174713077784913,1.3213458594027254,0.0
374,7.48,hold,kick,69,1.3899999856948853,0.019999999552965164,0.10973345824050044,0.07077057937022639,-0.0377458589448651,0.7880690938507948,1.3195581779385013,-0.001837122494466388,1.3213953004329677,0.0
375,7.5,hold,kick,70,1.3899999856948853,0.019999999552965164,0.10973345824050044,0.07088305166601297,-0.04114739339650216,0.7880006492023319,1.3195038750724581,-0.0005113494637740343,1.3200152245362322,0.0
376,7.52,hold,kick,71,1.3899999856948853,0.019999999552965164,0.10973345824050044,0.07134446593779126,-0.04438630723770366,0.7881004682856404,1.3196330256793556,-0.0005217911178957077,1.3201548167972512,0.0
377,7.54,hold,kick,72,1.3899999856948853,0.019999999552965164,0.10973345824050044,0.07196084602259807,-0.04734430791294425,0.7884025338809157,1.319954631995298,-0.000526164350537258,1.3204807963458352,0.0
378,7.56,hold,kick,73,1.3899999856948853,0.019999999552965164,0.10973345824050044,0.07268589539632717,-0.04979192656748697,0.7888318968593555,1.3203768237170908,-0.0005186438006905686,1.3208954675177813,0.0
379,7.58,hold,kick,74,1.3899999856948853,0.019999999552965164,0.10973345824050044,0.07351935469524644,-0.051522416276142805,0.7892185062214343,1.320721737033946,-0.0005058577146351412,1.321227594748581,0.0
380,7.6,hold,kick,75,1.3899999856948853,0.019999999552965164,0.10973345824050044,0.07454881792923321,-0.052450688463640885,0.7894076798105892,1.3208458989592238,-0.0004986966094883208,1.3213445955687122,0.0
381,7.62,hold,kick,76,1.3899999856948853,0.019999999552965164,0.10973345824050044,0.07587771323018754,-0.052603895970082665,0.7893124730817567,1.3206733786589477,-0.0004960120705481234,1.321169390729496,0.0
382,7.64,hold,kick,77,1.3899999856948853,0.019999999552965164,0.10973345824050044,0.07769829440316156,-0.052116669077846456,0.7889388151763819,1.320231408422666,-0.0004973059774056252,1.3207287144000717,0.0
383,7.66,hold,kick,78,1.3899999856948853,0.019999999552965164,0.10973345824050044,0.08018164604807859,-0.05113193058157804,0.788380482217834,1.3196297030800463,-0.000509468467183697,1.3201391715472302,0.0
384,7.68,hold,kick,79,1.3899999856948853,0.019999999552965164,0.10973345824050044,0.08336658244217486,-0.049721267592202176,0.7877288486421764,1.318952451559979,-0.0005286290129479579,1.3194810805729271,0.0
385,7.7,hold,kick,80,1.3899999856948853,0.019999999552965164,0.10973345824050044,0.08728940871672754,-0.04792501874706952,0.7869804667767852,1.3182034700149279,-0.000552309295122743,1.3187557793100506,0.0
386,7.72,hold,kick,81,1.3899999856948853,0.019999999552965164,0.10973345824050044,0.09199090972579356,-0.0457923681095448,0.786097240475754,1.31735239732276,-0.0005856987831695595,1.3179380961059297,0.0
387,7.74,hold,kick,82,1.3899999856948853,0.019999999552965164,0.10973345824050044,0.0976096457071385,-0.043371505767276136,0.7851258154511879,1.3164574766245811,-0.0006116840480935026,1.3170691606726745,0.0
388,7.76,hold,kick,83,1.3899999856948853,0.019999999552965164,0.10973345824050044,0.10419358632996424,-0.040732980076944085,0.7841748545331645,1.3156265399755984,-0.0006305327873294825,1.316257072762928,0.0
389,7.78,hold,kick,84,1.3899999856948853,0.019999999552965164,0.10973345824050044,0.11155776557059553,-0.037885159982460906,0.7832231631596827,1.314812277808466,-0.0006621591346904661,1.3154744369431566,0.0
390,7.8,hold,kick,85,1.3899999856948853,0.019999999552965164,0.10973345824050044,0.11959947228385588,-0.0347470195446701,0.7822366166139548,1.3139495232268716,-0.0006912518692832707,1.3146407750961548,0.0
391,7.82,hold,kick,86,1.3899999856948853,0.019999999552965164,0.10973345824050044,0.12840558654525436,-0.03122773437250762,0.7812504649023487,1.3130568360469455,-0.000697123582501135,1.3137539596294465,0.0
392,7.84,hold,kick,87,1.3899999856948853,0.019999999552965164,0.10973345824050044,0.13800907007438623,-0.027270211927939894,0.7802539856497601,1.3121091360134804,-0.0006822691194502163,1.3127914051329306,0.0
393,7.86,hold,kick,88,1.3899999856948853,0.019999999552965164,0.10973345824050044,0.1483828805508392,-0.022838062884768088,0.7791736042356064,1.3110231774989494,-0.0006551464012779645,1.3116783239002274,0.0
394,7.88,hold,kick,89,1.3899999856948853,0.019999999552965164,0.10973345824050044,0.15951874924464382,-0.0179064460648402,0.7778874898549735,1.309674937897401,-0.0006224996586250871,1.3102974375560261,0.0
395,7.9,hold,kick,90,1.3899999856948853,0.019999999552965164,0.10973345824050044,0.17134609467050538,-0.01244474073143348,0.7762079561486578,1.3078857487281774,-0.0005792587622450787,1.3084650074904225,0.0
396,7.92,hold,kick,91,1.3899999856948853,0.019999999552965164,0.10973345824050044,0.1837253931926134,-0.006408530753351597,0.7738712667451418,1.3054169278335856,-0.0005414662868314102,1.3059583941204171,0.0
397,7.94,hold,kick,92,1.3899999856948853,0.019999999552965164,0.10973345824050044,0.19642208199541633,0.0002273353632382184,0.7704947508911766,1.301935023779593,-0.0014336451160633576,1.3033686688956563,0.0
398,7.96,hold,kick,93,1.3899999856948853,0.019999999552965164,0.10973345824050044,0.20860816424352327,0.006669042469533705,0.7666097909422307,1.298008822795653,-0.003185449974206646,1.3011942727698596,0.0
399,7.98,hold,kick,94,1.3899999856948853,0.019999999552965164,0.10973345824050044,0.2196275281006399,0.01202967846262027,0.7641710138367124,1.2956116860177105,-0.00354623820741614,1.2991579242251265,0.0
400,8.0,hold,kick,95,1.3899999856948853,0.019999999552965164,0.10973345824050044,0.22903234377635912,0.017282607411032845,0.7641350127642338,1.2957550248943621,-0.0025396234897833297,1.2982946483841455,0.0
401,8.02,hold,kick,96,1.3899999856948853,0.019999999552965164,0.10973345824050044,0.23736143930515852,0.02279063725032356,0.7655653359136994,1.297418054440629,-0.0023845520586075024,1.2998026064992365,0.0
402,8.04,hold,kick,97,1.3899999856948853,0.019999999552965164,0.10973345824050044,0.24526248418934643,0.02814597061109173,0.7675259285939144,1.2995418141816468,-0.002399830417499256,1.301941644599146,0.0
403,8.06,hold,kick,98,1.3899999856948853,0.019999999552965164,0.10973345824050044,0.25295458261325215,0.0332139041483671,0.7695822732816971,1.301678801049356,-0.0023983508527791603,1.3040771519021352,0.0
404,8.08,hold,kick,99,1.3899999856948853,0.019999999552965164,0.10973345824050044,0.26066358143482077,0.038005145073213155,0.7715877328391338,1.3036907617848732,-0.002379128287680783,1.306069890072554,0.0
405,8.1,hold,kick,100,1.3899999856948853,0.019999999552965164,0.10973345824050044,0.2685720325093179,0.042588500198668,0.7736899393466902,1.3057453648400064,-0.0025924754991223653,1.3083378403391288,0.0
406,8.12,hold,kick,101,1.3899999856948853,0.019999999552965164,0.10973345824050044,0.27666576582503927,0.04713534941784029,0.7761772817328625,1.3081690816831066,-0.002977267475978561,1.3111463491590851,0.0
407,8.14,hold,kick,102,1.3899999856948853,0.019999999552965164,0.10973345824050044,0.2847573976095676,0.051780036037897985,0.7789559036297659,1.3109074473603686,-0.0033142235401218134,1.3142216709004904,0.0
408,8.16,hold,kick,103,1.3899999856948853,0.019999999552965164,0.10973345824050044,0.29268060294786746,0.05638436884927638,0.7816370415860306,1.3135615276679948,-0.003579587574755877,1.3171411152427508,0.0
409,8.18,hold,kick,104,1.3899999856948853,0.019999999552965164,0.10973345824050044,0.30017105451357246,0.060751975630337865,0.7838832715660063,1.3157771092743487,-0.003867299107557287,1.3196444083819059,0.0
410,8.2,hold,kick,105,1.3899999856948853,0.019999999552965164,0.10973345824050044,0.30687383447206273,0.06463948002360319,0.7855110266845148,1.317366783443421,-0.0036361844424796508,1.3210029678859008,0.0
411,8.22,hold,kick,106,1.3899999856948853,0.019999999552965164,0.10973345824050044,0.31273463408193014,0.06807364256902283,0.7865548360864134,1.3183743049662917,-0.0026316131034125473,1.3210059180697042,0.0
412,8.24,hold,kick,107,1.3899999856948853,0.019999999552965164,0.10973345824050044,0.31797848993580735,0.07124596609510876,0.7871483260638393,1.3189555264763304,-0.0019506421246316165,1.320906168600962,0.0
413,8.26,hold,kick,108,1.3899999856948853,0.019999999552965164,0.10973345824050044,0.3227211760929731,0.07418285106936942,0.7874359181069795,1.3192537224022136,-0.001759964716154385,1.321013687118368,0.0
414,8.28,hold,kick,109,1.3899999856948853,0.019999999552965164,0.10973345824050044,0.32700436796677995,0.07701173598648928,0.7876045264422301,1.319446969088666,-0.0015510193143371716,1.3209979884030032,0.0
415,8.3,hold,kick,110,1.3899999856948853,0.019999999552965164,0.10973345824050044,0.3310134002213143,0.07977738079963577,0.7878185919629244,1.3196792664195125,-0.0013629714175472235,1.3210422378370597,0.0
416,8.32,hold,kick,111,1.3899999856948853,0.019999999552965164,0.10973345824050044,0.3349905216831848,0.08226569193326523,0.7881327466267121,1.3199802736267627,-0.001257825133965832,1.3212380987607286,0.0
417,8.34,hold,kick,112,1.3899999856948853,0.019999999552965164,0.10973345824050044,0.3390770832716021,0.08418498984489671,0.7884204797532276,1.320224374061165,-0.0011783111302426028,1.3214026851914076,0.0
418,8.36,hold,kick,113,1.3899999856948853,0.019999999552965164,0.10973345824050044,0.3433232414597552,0.08539282018330842,0.7885000199107266,1.3202481878263999,-0.0011382954770454423,1.3213864833034452,0.0
419,8.38,hold,kick,114,1.3899999856948853,0.019999999552965164,0.10973345824050044,0.3477658345161824,0.0858886163624684,0.788283078736194,1.319982533577261,-0.0011191787887493282,1.3211017123660103,0.0
420,8.4,hold,kick,115,1.3899999856948853,0.019999999552965164,0.10973345824050044,0.3523524500372486,0.08578735838754739,0.787778477208142,1.3194340398886182,-0.0010967272085183992,1.3205307670971367,0.0
421,8.42,hold,kick,116,1.3899999856948853,0.019999999552965164,0.10973345824050044,0.3570167648364195,0.0851503951169067,0.7870226981901687,1.3186332980190745,-0.0010356634418106983,1.3196689614608852,0.0
422,8.44,hold,kick,117,1.3899999856948853,0.019999999552965164,0.10973345824050044,0.3620592875543339,0.08391801787861498,0.7858388782501936,1.3174578385650642,-0.0009784749663158676,1.3184363135313801,0.0
423,8.46,hold,kick,118,1.3899999856948853,0.019999999552965164,0.10973345824050044,0.3677415677223525,0.08210802931388365,0.7840467261703474,1.3157465001252027,-0.0009372627717117929,1.3166837628969144,0.0
424,8.48,hold,kick,119,1.3899999856948853,0.019999999552965164,0.10973345824050044,0.3740615172190429,0.07977078559855338,0.781691940310717,1.3134980743120903,-0.0008709159167340046,1.3143689902288243,0.0
425,8.5,hold,kick,120,1.3899999856948853,0.019999999552965164,0.10973345824050044,0.38097478262139517,0.07672950181536235,0.7789234814457119,1.3108068858945574,-0.003836437260939539,1.314643323155497,0.0
426,8.52,hold,kick,121,1.3899999856948853,0.019999999552965164,0.10973345824050044,0.38851662587829183,0.07382260381902474,0.7775675521593711,1.3094175231965242,-0.004004528669187102,1.3134220518657114,0.0
427,8.54,hold,kick,122,1.3899999856948853,0.019999999552965164,0.10973345824050044,0.39701021307887924,0.07113736556064872,0.7775555663943186,1.3094054772418704,-0.0041985988377094,1.3136040760795797,0.0
428,8.56,hold,kick,123,1.3899999856948853,0.019999999552965164,0.10973345824050044,0.4056560041236133,0.06929223302039414,0.7784510000153556,1.310257901926549,-0.0039491321705662115,1.3142070340971153,0.0
429,8.58,hold,kick,124,1.3899999856948853,0.019999999552965164,0.10973345824050044,0.4143193228205408,0.0681042781186852,0.7797533572167713,1.3115568297699207,-0.003435692281873605,1.3149925220517944,0.0
430,8.6,hold,kick,125,1.3899999856948853,0.019999999552965164,0.10973345824050044,0.4229632600894258,0.0670928008697037,0.7805534632535371,1.312354489102809,-0.0031335741882070056,1.315488063291016,0.0
431,8.62,hold,kick,126,1.3899999856948853,0.019999999552965164,0.10973345824050044,0.43137851366527064,0.06614677978721431,0.7808329250808796,1.3126065503755597,-0.0028693179196915657,1.3154758682952512,0.0
432,8.64,hold,kick,127,1.3899999856948853,0.019999999552965164,0.10973345824050044,0.4395398498300397,0.06519737054029487,0.7806762369405061,1.3124045524478543,-0.002641541821249236,1.3150460942691036,0.0
433,8.66,hold,kick,128,1.3899999856948853,0.019999999552965164,0.10973345824050044,0.4474599589966318,0.06437606612951428,0.7801358389278488,1.3117943698412136,-0.0024245482579513603,1.314218918099165,0.0
434,8.68,hold,kick,129,1.3899999856948853,0.019999999552965164,0.10973345824050044,0.4552699985646776,0.06376800957321552,0.779314428050002,1.3108601056949942,-0.0021781015789339025,1.3130382072739282,0.0
435,8.7,hold,kick,130,1.3899999856948853,0.019999999552965164,0.10973345824050044,0.4631389949514645,0.06339681669129026,0.7782763343860725,1.3096719490177582,-0.00188159521333146,1.3115535442310897,0.0
436,8.72,hold,kick,131,1.3899999856948853,0.019999999552965164,0.10973345824050044,0.47106101769891073,0.06319616732597348,0.7771504257226826,1.3083588964831823,-0.001630658391104281,1.3099895548742866,0.0
437,8.74,hold,kick,132,1.3899999856948853,0.019999999552965164,0.10973345824050044,0.4790003191117492,0.06325294450794257,0.7762598520131028,1.307238252881672,-0.0014797916543602928,1.3087180445360322,0.0
438,8.76,hold,kick,133,1.3899999856948853,0.019999999552965164,0.10973345824050044,0.48682186126475735,0.06363523689658701,0.7758113116112406,1.306501411137418,-0.0012623911036647242,1.3077638022410827,0.0
439,8.78,hold,kick,134,1.3899999856948853,0.019999999552965164,0.10973345824050044,0.49443184835562587,0.06402698794766552,0.775972090267092,1.3063333118009712,-0.0011527078188983825,1.3074860196198697,0.0
440,8.8,hold,kick,135,1.3899999856948853,0.019999999552965164,0.10973345824050044,0.50200488662382,0.06415443474459828,0.776704741852302,1.3067618049521814,-0.0013642909388512925,1.3081260958910328,0.0
441,8.82,hold,kick,136,1.3899999856948853,0.019999999552965164,0.10973345824050044,0.5097519787958249,0.06409631472288828,0.7777561115083886,1.3075375698373592,-0.0017102460582433254,1.3092478158956027,0.0
442,8.84,hold,kick,137,1.3899999856948853,0.019999999552965164,0.10973345824050044,0.5173134287070719,0.06389509112277741,0.778926102280807,1.3084371815293527,-0.0021105954825607204,1.3105477770119134,0.0
443,8.86,hold,kick,138,1.3899999856948853,0.019999999552965164,0.10973345824050044,0.5242261284928966,0.06352020661840804,0.7800321943917022,1.3092911961525444,-0.00247746084084971,1.3117686569933942,0.0
444,8.88,hold,kick,139,1.3899999856948853,0.019999999552965164,0.10973345824050044,0.5307980054670878,0.0630276011491106,0.7810006779924881,1.310027483832552,-0.002909062957357142,1.3129365467899092,0.0
445,8.9,hold,kick,140,1.3899999856948853,0.019999999552965164,0.10973345824050044,0.5374574843543585,0.06222210703152471,0.7818683665243801,1.3107691226907106,-0.0005422297600228485,1.3113113524507334,0.0
446,8.92,hold,kick,141,1.3899999856948853,0.019999999552965164,0.10973345824050044,0.5441618742229014,0.06088941043951317,0.7828490162796523,1.3118362801296737,-0.0005557050876591335,1.312391985217333,0.0
447,8.94,hold,kick,142,1.3899999856948853,0.019999999552965164,0.10973345824050044,0.5507438415388597,0.05893134390663527,0.7840667002990317,1.3133892256762236,-0.0005511560661305842,1.3139403817423543,0.0
448,8.96,hold,kick,143,1.3899999856948853,0.019999999552965164,0.10973345824050044,0.5570264905294589,0.05644527549672319,0.7855423113277121,1.315365863271581,-0.0005363738907076844,1.3159022371622886,0.0
449,8.98,hold,kick,144,1.3899999856948853,0.019999999552965164,0.10973345824050044,0.5631416428264711,0.053776740165919254,0.7873217135048683,1.3176598787043348,-0.000523711213607711,1.3181835899179424,0.0
450,9.0,hold,kick,145,1.3899999856948853,0.019999999552965164,0.10973345824050044,0.5693170353874909,0.05129376230168168,0.7893287817805146,1.3200958641665437,-0.0005247921814437728,1.3206206563479874,0.0
451,9.02,hold,kick,146,1.3899999856948853,0.019999999552965164,0.10973345824050044,0.5755865397177687,0.04932736173225809,0.7912695289780899,1.3223273371381743,-0.0005140534251923679,1.3228413905633667,0.0
452,9.04,hold,kick,147,1.3899999856948853,0.019999999552965164,0.10973345824050044,0.5819633808278492,0.048167758887513186,0.7927923877173945,1.3240012108795782,-0.0005026085052304841,1.3245038193848087,0.0
453,9.06,hold,kick,148,1.3899999856948853,0.019999999552965164,0.10973345824050044,0.5885247039980843,0.04798612853779201,0.7936476429665843,1.3249503305769812,-0.00047571466951863706,1.3254260452464999,0.0
454,9.08,hold,kick,149,1.3899999856948853,0.019999999552965164,0.10973345824050044,0.5950668615920797,0.0487027156143152,0.7940887248362101,1.3254101830546168,-0.0004816359544488995,1.3258918190090656,0.0
455,9.1,hold,kick,150,1.3899999856948853,0.019999999552965164,0.10973345824050044,0.6017691322499071,0.050422276964412156,0.7941175829598502,1.3254100525820813,-0.0005052724110586188,1.32591532499314,0.0
456,9.12,hold,kick,151,1.3899999856948853,0.019999999552965164,0.10973345824050044,0.6090465894020115,0.05321929049608921,0.7936090654138231,1.324902684046991,-0.0005165945451423466,1.3254192785921335,0.0
457,9.14,hold,kick,152,1.3899999856948853,0.019999999552965164,0.10973345824050044,0.617019300834582,0.05683515202756839,0.7926644136787628,1.3239664683264798,-0.0005247150187976286,1.3244911833452775,0.0
458,9.16,hold,kick,153,1.3899999856948853,0.019999999552965164,0.10973345824050044,0.6257340452472794,0.061091769594544425,0.7913652055715888,1.322656271690851,-0.0005275420716040653,1.323183813762455,0.0
459,9.18,hold,kick,154,1.3899999856948853,0.019999999552965164,0.10973345824050044,0.6352075967986518,0.06583258343559807,0.7897918641242827,1.3210511200719035,-0.0005238598722697198,1.3215749799441732,0.0
460,9.2,hold,kick,155,1.3899999856948853,0.019999999552965164,0.10973345824050044,0.6454579424922556,0.07088242779685441,0.7879720782504734,1.3192018452446304,-0.0004959838938595335,1.31969782913849,0.0
461,9.22,hold,kick,156,1.3899999856948853,0.019999999552965164,0.10973345824050044,0.6566377615517799,0.0760956898614689,0.7858835527858057,1.3171196119291633,-0.00046790012031786357,1.317587512049481,0.0
462,9.24,hold,kick,157,1.3899999856948853,0.019999999552965164,0.10973345824050044,0.6686028379045331,0.0814074141101824,0.7835235413873614,1.3148138792034043,-0.0004648571049752394,1.3152787363083795,0.0
463,9.26,hold,kick,158,1.3899999856948853,0.019999999552965164,0.10973345824050044,0.6812493188685584,0.08689584118458274,0.7808858240704589,1.3122930327529974,-0.00042631271695001485,1.3127193454699473,0.0
464,9.28,hold,kick,159,1.3899999856948853,0.019999999552965164,0.10973345824050044,0.6948461469255777,0.09268303347275528,0.7777942289680692,1.3093743325571527,-0.00040903933473375106,1.3097833718918865,0.0
465,9.3,hold,kick,160,1.3899999856948853,0.019999999552965164,0.10973345824050044,0.7094603742443654,0.09888787245888703,0.774122385395043,1.3058566371661322,-0.0004334034248031325,1.3062900405909352,0.0
466,9.32,hold,kick,161,1.3899999856948853,0.019999999552965164,0.10973345824050044,0.7250753152533369,0.10554833433152201,0.7700099912317576,1.3018228969110628,-0.000409663439910269,1.302232560350973,0.0
467,9.34,hold,kick,162,1.3899999856948853,0.019999999552965164,0.10973345824050044,0.7416312366196054,0.1127194050997816,0.7655296598684412,1.2973334608791491,-0.0004292078730192411,1.2977626687521684,0.0
468,9.36,hold,kick,163,1.3899999856948853,0.019999999552965164,0.10973345824050044,0.7589244275789638,0.12056270717548653,0.760460915636197,1.292170484464169,-0.0004086510686329217,1.292579135532802,0.0
469,9.38,hold,kick,164,1.3899999856948853,0.019999999552965164,0.10973345824050044,0.7768479904310156,0.12909526010769065,0.7545923045609952,1.2861374931993441,-0.00043017803195988594,1.286567671231304,0.0
470,9.4,hold,kick,165,1.3899999856948853,0.019999999552965164,0.10973345824050044,0.7953360878261732,0.13828236548961584,0.7479690847255379,1.2793071313255258,-0.0010977221162476805,1.2804048534417733,0.0
471,9.42,hold,kick,166,1.3899999856948853,0.019999999552965164,0.10973345824050044,0.8132501453644386,0.14761055381936491,0.7415781917601525,1.2727439054762488,-0.005314938883995889,1.2780588443602448,0.0
472,9.44,hold,kick,167,1.3899999856948853,0.019999999552965164,0.10973345824050044,0.8290298803830786,0.15734424640054026,0.7373863473183347,1.2686178340881902,-0.003464142905734935,1.2720819769939251,0.0
473,9.46,hold,kick,168,1.3899999856948853,0.019999999552965164,0.10973345824050044,0.8438208001727447,0.1678173407097925,0.7353076820492664,1.2666575354674177,-0.0032023225210351253,1.2698598579884528,0.0
474,9.48,hold,kick,169,1.3899999856948853,0.019999999552965164,0.10973345824050044,0.8585780776626475,0.17793845544936576,0.7355614901211652,1.266922134615638,-0.003448828028242437,1.2703709626438806,0.0
475,9.5,hold,kick,170,1.3899999856948853,0.019999999552965164,0.10973345824050044,0.8732398568396824,0.18727689959327717,0.7385954177227769,1.2698422796087125,-0.0032719990419207076,1.2731142786506333,0.0
476,9.52,hold,kick,171,1.3899999856948853,0.019999999552965164,0.10973345824050044,0.8880748720698673,0.1962916325786239,0.7434997796106707,1.2744961159375106,-0.0038848028861334233,1.278380918823644,0.0
477,9.54,hold,kick,172,1.3899999856948853,0.019999999552965164,0.10973345824050044,0.9027010024816668,0.20469179339527319,0.7489676220804772,1.2795851296761627,-0.0036910925091826474,1.2832762221853453,0.0
478,9.56,hold,kick,173,1.3899999856948853,0.019999999552965164,0.10973345824050044,0.917025726448928,0.21261221199671837,0.7543456245098269,1.2844119529715023,-0.0028507573705261607,1.2872627103420284,0.0
479,9.58,hold,kick,174,1.3899999856948853,0.019999999552965164,0.10973345824050044,0.9312275205598615,0.22020555075566375,0.7594461545859147,1.2887699155634058,-0.0023843696457380645,1.2911542852091438,0.0
480,9.6,hold,kick,175,1.3899999856948853,0.019999999552965164,0.10973345824050044,0.9450167504988155,0.22744555026967261,0.7640004609342869,1.292509238710434,-0.0016384975011042024,1.2941477362115381,0.0
481,9.62,hold,kick,176,1.3899999856948853,0.019999999552965164,0.10973345824050044,0.9575963246643542,0.23444453194422504,0.7677787222355464,1.295669403615742,-0.0006674064620074763,1.2963368100777495,0.0
482,9.64,hold,kick,177,1.3899999856948853,0.019999999552965164,0.10973345824050044,0.9683663753802417,0.2408683229321836,0.771329981907995,1.2989651243998879,-0.0009912789107108522,1.2999564033105988,0.0
483,9.66,hold,kick,178,1.3899999856948853,0.019999999552965164,0.10973345824050044,0.9776689003338458,0.24658947664302447,0.7747886487037867,1.3023963615865444,-0.0005396274145073217,1.3029359890010517,0.0
484,9.68,hold,kick,179,1.3899999856948853,0.019999999552965164,0.10973345824050044,0.9856632222132639,0.2516422458687101,0.7772114998159246,1.3049617045685495,-0.0004594747750504141,1.3054211793436,0.0
485,9.7,hold,kick,180,1.3899999856948853,0.019999999552965164,0.10973345824050044,0.9924191387714136,0.2559504128627903,0.7780744824868069,1.306126846873703,-0.0005673291598065969,1.3066941760335096,0.0
486,9.72,hold,kick,181,1.3899999856948853,0.019999999552965164,0.10973345824050044,0.9982148205430009,0.2596798708229394,0.7776470462501898,1.3060358999527844,-0.0005867196197226927,1.306622619572507,0.0
487,9.74,hold,kick,182,1.415011066181538,0.01944546725883885,0.11108609405233581,1.0035901169544232,0.2630971069675233,0.7765095470493213,1.3050441498334773,-0.0005745748770944921,1.3056187247105717,0.0
488,9.76,hold,kick,183,1.464777250741768,0.01791450252350785,0.1107879140299703,1.0089257835768453,0.2659560383817248,0.775151959765145,1.3036403787709956,-0.0005892028340737446,1.3042295816050693,0.0
489,9.78,hold,kick,184,1.5136683275304592,0.016542099087050444,0.10885278418115621,1.014539346475228,0.2687020686464136,0.774004109017948,1.3021357663795623,-0.0006146042232000916,1.3027503706027623,0.0
490,9.8,hold,kick,185,1.5606187783330596,0.01542755775264628,0.10898909195301636,1.0205583143489267,0.2722569587719364,0.7736099217961235,1.3008218578661797,-0.000624267811273442,1.301446125677453,0.0
491,9.82,hold,kick,186,1.6072833037177745,0.014350848642159252,0.10938307760958522,1.0270620403913218,0.2766702540213255,0.7740390568214961,1.2996852323083319,-0.0006079832454609461,1.3002932155537927,0.0
492,9.84,hold,kick,187,1.6539318993211582,0.01327833410162921,0.10962339707931425,1.0343515401823506,0.2812364959084477,0.7750155774788445,1.2986978004660785,-0.0005817970260017617,1.2992795974920803,0.0
493,9.86,hold,kick,188,1.7005899815010959,0.01220607658638017,0.10972086079341684,1.0421252325350017,0.2854844028005371,0.7762866093350765,1.2979628004177965,-0.0005428508680861387,1.2985056512858826,0.0
494,9.88,hold,kick,189,1.747253939655531,0.011133744803096559,0.10975108626135446,1.049759659204326,0.2893830504881004,0.7777241118067922,1.2975125704276589,-0.0005109095531302538,1.298023479980789,0.0
495,9.9,hold,kick,190,1.793920099700144,0.010061370300752617,0.10975703924210774,1.0571303362626967,0.2927085303666474,0.7791812303546541,1.29732994866978,-0.0004702104432597956,1.29780015911304,0.0
496,9.92,hold,kick,191,1.840586819282544,0.008988983965977268,0.10975574885418465,1.0642753866482606,0.2955186202101708,0.780547812777041,1.2973369061352544,-0.00045770097617098965,1.2977946071114255,0.0
497,9.94,hold,kick,192,1.8872535365689431,0.007916597817551087,0.10975283630905398,1.0712512267011338,0.2980262070251593,0.7818584703792129,1.2974373020458454,-0.0005749644612361403,1.2980122665070815,0.0
498,9.96,hold,kick,193,1.933920100731084,0.006844215205272145,0.10974982620615291,1.0779610030671694,0.3003365025532609,0.7833712306915024,1.29779492225083,-0.0010085359103336397,1.2988034581611636,0.0
499,9.98,hold,kick,194,1.9805864877824844,0.0057718366652072944,0.10974699700463715,1.083903827973298,0.30219176060986414,0.7850569618456581,1.2985816040443958,-0.0015401465508533899,1.3001217505952491,0.0
500,10.0,hold,kick,195,2.027252703607184,0.004699462060171941,0.10974433074520291,1.088630446931828,0.3035106784253995,0.7863826822262177,1.2994815600305483,-0.001965751935495655,1.301447311966044,0.0
501,10.02,hold,kick,196,2.0739187570857953,0.0036270911858358114,0.10974177640399756,1.0924819797581797,0.3042720505050573,0.7861068646849554,1.2993704817231644,-0.001917052636164339,1.3012875343593286,0.0
502,10.04,hold,kick,197,2.1205846550189196,0.002554723885889834,0.10973930091892924,1.0960728918754303,0.3040626004950413,0.783148536074987,1.2972424675655587,0.001304115594300402,1.2959383519712584,0.0
503,10.06,hold,kick,198,2.1672504023446657,0.0014823600468535933,0.10973690068656765,1.099721422040112,0.3034742314111757,0.7782222639505902,1.2934118363235418,-0.002413061510947674,1.2958248978344895,0.0
504,10.08,hold,kick,199,2.2139160077153814,0.00040999946989827744,0.1097350664519162,1.1051823071285933,0.3048236364152689,0.7760788422696903,1.2912929464647835,-0.0012372586001243475,1.292530205064908,0.0
505,10.1,hold,kick,200,2.260581505938,-0.0006623586448282892,0.10973410276443052,1.1118760834954686,0.3064988012822595,0.7762236530869303,1.2910371680999024,-0.0011577329775440057,1.2921949010774465,0.0
506,10.12,hold,kick,201,2.307246943694807,-0.001734715370069985,0.10973368617140722,1.1172069352924199,0.3068414599578123,0.776550370869247,1.2919088863991093,-0.0016986520467934564,1.2936075384459027,0.0
507,10.14,hold,kick,202,2.3539123534786355,-0.0028070714525016607,0.10973352878902361,1.1195401852817335,0.3057776467968489,0.7745811896667077,1.2920338819438442,-0.0018156986157082597,1.2938495805595525,0.0
508,10.16,hold,kick,203,2.4005777520291613,-0.0038794272767956424,0.1097334763057943,1.1196373553641035,0.3027995222772946,0.7694571729054395,1.2900616517369003,-0.003903902579426157,1.2939655543163264,0.0
509,10.18,hold,kick,204,2.447243146586428,-0.004951783009325833,0.10973346125175037,1.1197290370856425,0.2996355414380807,0.7644278990385243,1.287739165480211,-0.001652230291767167,1.2893913957719783,0.0
510,10.2,hold,kick,205,2.493908539898199,-0.006024138713234914,0.10973345790670455,1.122529339403458,0.29878289928125024,0.7627805791736232,1.287430846474709,-0.0007764955701211364,1.2882073420448301,0.0
511,10.22,hold,kick,206,2.5405739328867254,-0.00709649440971596,0.1097334576130079,1.1279206992290327,0.2985854992535827,0.7644412188564896,1.2898368448124549,-0.0005795487808579088,1.2904163935933128,0.0
512,10.24,hold,kick,207,2.58723932581911,-0.008168850104906847,0.10973345785537549,1.1344959019668208,0.298443650832529,0.7676879276116967,1.2935641816001304,-0.0005988459731980124,1.2941630275733285,0.0
513,10.26,hold,kick,208,2.6339047187559146,-0.009241205800199319,0.10973345806014108,1.1405901763320445,0.2975249399260098,0.7703911665604847,1.2968380495171148,-0.0009460234940948421,1.2977840730112096,0.0
514,10.28,hold,kick,209,2.6805701117031844,-0.010313561495732263,0.10973345816813089,1.1458182767616314,0.2955326985234422,0.7714546783572551,1.2986871341824175,-0.0013513153176522297,1.3000384495000699,0.0
515,10.3,hold,kick,210,2.7272355046570276,-0.011385917191416298,0.10973345821488506,1.1508487021827216,0.2929905812648335,0.7709087070715608,1.29893006134138,-0.0015538663747832158,1.300483927716163,0.0
516,10.32,hold,kick,211,2.7739008976139834,-0.012458272887171842,0.1097334582325645,1.1559408904539175,0.29039774444738187,0.7694002107085425,1.2981231983333719,-0.0016089628327379847,1.29973216116611,0.0
517,10.34,hold,kick,212,2.8205662905721973,-0.01353062858295628,0.10973345823846523,1.1610025891880364,0.28764749816083357,0.7679284871177697,1.2973357859166383,-0.0014499842107605528,1.2987857701273988,0.0
518,10.36,hold,kick,213,2.867231683530859,-0.014602984278751025,0.1097334582401597,1.1661152466785207,0.2842610251244304,0.7668208658793796,1.2968659549274804,-0.0013067817172185137,1.298172736644699,0.0
519,10.38,hold,kick,214,2.9138970764896612,-0.015675339974548987,0.10973345824053714,1.1713601762320487,0.2802786003689807,0.7660880050017266,1.296639966946357,-0.001253511947025887,1.297893478893383,0.0
520,10.4,hold,kick,215,2.960562469448501,-0.016747695670347798,0.10973345824057078,1.1766682314871566,0.2754471109908824,0.765497754485385,1.2965101184238836,-0.0014363936524037745,1.2979465120762874,0.0
521,10.42,hold,kick,216,3.0072278624073476,-0.01782005136614674,0.10973345824054385,1.1821214703435718,0.2696170544998332,0.7643544196796443,1.2957695464774313,-0.0017038974181039467,1.297473443895535,0.0
522,10.44,hold,kick,217,3.0538932553661944,-0.018892407061945685,0.10973345824052093,1.1879897108881903,0.2630277271455869,0.7620880828367405,1.2937741234150755,-0.001841256029654948,1.2956153794447305,0.0
523,10.46,hold,kick,218,3.100558648325041,-0.019964762757744628,0.10973345824050879,1.1938519986657896,0.2563710615806478,0.7592095384086185,1.2909689726593447,-0.005967176147630801,1.2969361488069755,0.0
524,10.48,hold,kick,219,3.147224041283888,-0.02103711845354357,0.10973345824050354,1.1984503280518033,0.25009917173910134,0.75696060148613,1.2887409661988043,-0.0025006891866768827,1.291241655385481,0.0
525,10.5,hold,kick,220,3.1938894342427346,-0.022109474149342515,0.10973345824050156,1.2020507815770065,0.24340491270240042,0.7549923849374989,1.286815564205762,-0.0012677210632158382,1.2880832852689779,0.0
526,10.52,hold,kick,221,3.2405548272015814,-0.023181829845141458,0.10973345824050086,1.2049218733293277,0.2367629543976522,0.7534319876247185,1.2852387361356261,-0.001980734913604735,1.2872194710492308,0.0
527,10.54,hold,kick,222,3.287220220160428,-0.0242541855409404,0.10973345824050078,1.2074119774351715,0.23087863834082908,0.7534215027172464,1.2851854250592054,-0.0011034972316210402,1.2862889222908265,0.0
528,10.56,hold,kick,223,3.333885613119275,-0.025326541236739344,0.10973345824050078,1.2106505241948573,0.22525282653297563,0.7539176132479727,1.2855543211561464,-0.0007385486443025994,1.286292869800449,0.0
529,10.58,hold,kick,224,3.3805510060781216,-0.026398896932538288,0.10973345824050078,1.214436764961369,0.2199512633224827,0.7549110134507012,1.2863282658667226,-0.0007694276813173737,1.2870976935480398,0.0
530,10.6,hold,kick,225,3.4272163990369684,-0.02747125262833723,0.10973345824050078,1.218500353965674,0.214979293361719,0.7562905267815454,1.2874027191310755,-0.0008654410372642522,1.2882681601683397,0.0
531,10.62,hold,kick,226,3.473881791995815,-0.028543608324136174,0.10973345824050078,1.2224941795327524,0.2103897989045478,0.7578059256166039,1.2885488351295464,-0.0009582291163663416,1.2895070642459128,0.0
532,10.64,hold,kick,227,3.520547184954662,-0.029615964019935118,0.10973345824050078,1.2260457085208991,0.20622050674314307,0.7592025641466416,1.2895872286157317,-0.0010152690647674892,1.2906024976804993,0.0
533,10.66,hold,kick,228,3.5672125779135087,-0.03068831971573406,0.10973345824050078,1.228860125511836,0.20243793342734537,0.7601665062248473,1.2902989695817828,-0.0010371423372910714,1.2913361119190738,0.0
534,10.68,hold,kick,229,3.6138779708723554,-0.031760675411533004,0.10973345824050078,1.2309548294797958,0.19911435807226782,0.7604236251065198,1.2904335256487105,-0.0010658737988857962,1.2914993994475963,0.0
535,10.7,hold,kick,230,3.660543363831202,-0.03283303110733195,0.10973345824050078,1.2325846693549067,0.196272364867378,0.75991632739143,1.2898866946105068,-0.0010504193976475541,1.2909371140081543,0.0
536,10.72,hold,kick,231,3.707208756790049,-0.03390538680313089,0.10973345824050078,1.234029049255533,0.193704203037486,0.7590340221597212,1.2889887838823104,-0.0010867818310188425,1.2900755657133292,0.0
537,10.74,hold,kick,232,3.7538741497488957,-0.034977742498929834,0.10973345824050078,1.2354128773497692,0.19121639283213995,0.7582078229039302,1.2881536640532505,-0.000795842158411348,1.2889495062116618,0.0
538,10.76,hold,kick,233,3.8005395427077424,-0.03605009819472878,0.10973345824050078,1.2370562348220753,0.18864099395175532,0.7576568365605276,1.2874912129038507,-0.0005450564815731203,1.288036269385424,0.0
539,10.78,hold,kick,234,3.847204935666589,-0.03712245389052772,0.10973345824050078,1.239164736345586,0.18602306635774685,0.7574122084460534,1.2869982324650087,-0.0005940580151956865,1.2875922904802044,0.0
540,10.8,hold,kick,235,3.893870328625436,-0.038194809586326664,0.10973345824050078,1.2414848084317585,0.183665996560945,0.7572445964253187,1.2865217945564407,-0.0007676354458450857,1.2872894300022857,0.0
541,10.82,hold,kick,236,3.9405357215842827,-0.03926716528212561,0.10973345824050078,1.2437143720649257,0.1816636353383887,0.7572387394509336,1.286225836404497,-0.0010302886743470095,1.287256125078844,0.0
542,10.84,hold,kick,237,3.9872011145431294,-0.04033952097792455,0.10973345824050078,1.2455593956415787,0.179999298404876,0.7572207808799142,1.286014519199513,-0.001302980629890066,1.287317499829403,0.0
543,10.86,hold,kick,238,4.033866507501963,-0.041411876673723494,0.10973345824050078,1.246871063708688,0.17859167847905572,0.7570335392313742,1.2857583239373542,-0.0015331025370205614,1.287291426474375,0.0
544,10.88,hold,kick,239,4.080531900460792,-0.04248423236952244,0.10973345824050078,1.2475722616270943,0.17739177514183077,0.756566374850072,1.2853555371567082,-0.001753540402851663,1.28710907755956,0.0
545,10.9,hold,kick,240,4.127197293419621,-0.04355658806532138,0.10973345824050078,1.247547160607683,0.17639110388887905,0.7555802488044157,1.2846073976176426,-0.0019625791052649277,1.2865699767229075,0.0
546,10.92,hold,kick,241,4.17386268637845,-0.044628943761120324,0.10973345824050078,1.246674458457728,0.17567107520242345,0.7537275036132335,1.283213304811995,-0.002125419563171624,1.2853387243751666,0.0
547,10.94,hold,kick,242,4.220528079337279,-0.04570129945691927,0.10973345824050078,1.245217327346776,0.17537171852291739,0.7510360456867395,1.2811404115219085,-0.0022020257836180453,1.2833424373055264,0.0
548,10.96,hold,kick,243,4.267193472296108,-0.04677365515271821,0.10973345824050078,1.2438808281370217,0.17535808870768038,0.7483743895958888,1.2790379757093722,-0.002970402832316702,1.282008378541689,0.0
549,10.98,hold,kick,244,4.313858865254937,-0.047846010848517154,0.10973345824050078,1.243031170768331,0.17526925000395907,0.7474997182371538,1.2784716649702106,-0.0034262451762668115,1.2818979101464774,0.0
550,11.0,hold,kick,245,4.360524258213766,-0.0489183665443161,0.10973345824050078,1.2432796983299481,0.1744680272748217,0.748374498404922,1.2794161315859027,-0.0024117911516705857,1.2818279227375733,0.0
551,11.02,hold,kick,246,4.407189651172595,-0.04999072224011504,0.10973345824050078,1.2442015772718886,0.17313443963443798,0.7496160917478276,1.2806008462017273,-0.0023312337618404573,1.2829320799635677,0.0
552,11.04,hold,kick,247,4.453855044131424,-0.051063077935913984,0.10973345824050078,1.2446077029505702,0.17186141813240927,0.7501863246618639,1.2812026123049343,-0.0024201883829684454,1.2836228006879027,0.0
553,11.06,hold,kick,248,4.500520437090253,-0.05213543363171293,0.10973345824050078,1.244115517488448,0.17131094213797707,0.7491714035909209,1.280407252008449,-0.0020995938980089557,1.282506845906458,0.0
554,11.08,hold,kick,249,4.547185830049082,-0.05320778932751187,0.10973345824050078,1.2432286577554263,0.17225021752585062,0.7467550006796597,1.2782522480346237,-0.00045935698713627654,1.27871160502176,0.0
555,11.1,hold,kick,250,4.593851223007911,-0.054280145023310813,0.10973345824050078,1.24222109901851,0.1728235205430194,0.744045055763338,1.2756897758875594,-0.004165948000043034,1.2798557238876025,0.0
556,11.12,hold,kick,251,4.64051661596674,-0.05535250071910976,0.10973345824050078,1.2417489260577534,0.17278879300235714,0.7442662846494267,1.275911366312005,-0.002279387235392793,1.2781907535473978,0.0
557,11.14,hold,kick,252,4.687182008925569,-0.0564248564149087,0.10973345824050078,1.2430008298012487,0.1721243035865613,0.7461189642069659,1.2777230199078,-0.0013722544922294966,1.2790952744000295,0.0
558,11.16,hold,kick,253,4.733847401884398,-0.05749721211070764,0.10973345824050078,1.2450897888776007,0.17096680507614853,0.7479895116889882,1.2795186221913333,-0.0013539694469425004,1.2808725916382757,0.0
559,11.18,hold,kick,254,4.780512794843227,-0.05856956780650659,0.10973345824050078,1.2470493996037355,0.1697374981319965,0.7493087240086699,1.2807025116438226,-0.0015339950854328967,1.2822365067292556,0.0
560,11.2,hold,kick,255,4.827178187802056,-0.05964192350230553,0.10973345824050078,1.24850900806554,0.168652778878911,0.7500258083726408,1.2812512388408972,-0.001749171385211766,1.283000410226109,0.0
561,11.22,hold,kick,256,4.873843580760885,-0.06071427919810447,0.10973345824050078,1.2492758374312245,0.16800930380326215,0.7498958864319367,1.2810021030980205,-0.0019038682687135614,1.2829059713667341,0.0
562,11.24,hold,kick,257,4.920508973719714,-0.06178663489390342,0.10973345824050078,1.2493091593410823,0.16801145919879665,0.748699691174625,1.2798295261812676,-0.001884211207614124,1.2817137373888816,0.0
563,11.26,hold,kick,258,4.967174366678543,-0.06285899058970226,0.10973345824050078,1.2490612629669247,0.1685442692691068,0.7466487440586614,1.277902740908745,-0.001938028853269231,1.2798407697620142,0.0
564,11.28,hold,kick,259,5.013839759637372,-0.06393134628550093,0.10973345824050078,1.248713676968151,0.1690712944520039,0.7456642985490601,1.2769903962318727,-0.002776628799328315,1.279767025031201,0.0
565,11.3,hold,kick,260,5.060505152596201,-0.0650037019812996,0.10973345824050078,1.2490820070863784,0.16912990988828883,0.7464431317373964,1.277756613434696,-0.0016999684780680778,1.2794565819127641,0.0
566,11.32,hold,kick,261,5.10717054555503,-0.06607605767709826,0.10973345824050078,1.2502132018069365,0.16881026076623587,0.7476302363742203,1.2788092357170615,-0.0016478712081351987,1.2804571069251967,0.0
567,11.34,hold,kick,262,5.153835938513859,-0.06714841337289693,0.10973345824050078,1.2513176501146472,0.16843023327846324,0.7486641604240266,1.2796561239518962,-0.0017068932646480996,1.2813630172165442,0.0
568,11.36,hold,kick,263,5.200501331472688,-0.06822076906869559,0.10973345824050078,1.2520474562880046,0.16817726497989943,0.7492242239811238,1.2800483294999003,-0.0018434316977253354,1.2818917611976257,0.0
569,11.38,hold,kick,264,5.2471667244315165,-0.06929312476449426,0.10973345824050078,1.252291857212322,0.16821087737887766,0.749148672118705,1.2798846759968603,-0.0019216616186647911,1.281806337615525,0.0
570,11.4,hold,kick,265,5.2938321173903455,-0.07036548046029292,0.10973345824050078,1.2521136253841814,0.16853705216954104,0.7485963772844998,1.2793482193588914,-0.0019306722698514724,1.281278891628743,0.0
571,11.42,hold,kick,266,5.3404975103491745,-0.07143783615609159,0.10973345824050078,1.251830810045016,0.16899666067176036,0.748085823128205,1.2788932637793962,-0.0019822852996058717,1.280875549079002,0.0
572,11.44,hold,kick,267,5.3871629033080035,-0.07251019185189025,0.10973345824050078,1.2516812444271914,0.1693168251519959,0.7480447656701213,1.2788739726400202,-0.0022411355850655325,1.2811151082250858,0.0
573,11.46,hold,kick,268,5.4338282962668325,-0.07358254754768892,0.10973345824050078,1.2517351745032685,0.16944980089646924,0.7484839758892922,1.2792705537102194,-0.001855780124730904,1.2811263338349503,0.0
574,11.48,hold,kick,269,5.4804936892256615,-0.07465490324348759,0.10973345824050078,1.251939665295429,0.16957304795580927,0.7491062273857224,1.279796949483318,-0.001732190201915059,1.2815291396852329,0.0
575,11.5,hold,kick,270,5.5271590821844905,-0.07572725893928625,0.10973345824050078,1.25208839315641,0.16974734571075442,0.7496788602608977,1.280261144572865,-0.0017039069019936966,1.2819650514748588,0.0
576,11.52,hold,kick,271,5.5738244751433195,-0.07679961463508492,0.10973345824050078,1.252016590174647,0.17000687525548483,0.7500475739197869,1.2805493518016065,-0.0017029350586680557,1.2822522868602746,0.0
577,11.54,hold,kick,272,5.6204898681021485,-0.07787197033088358,0.10973345824050078,1.25171624777255,0.17038304881114585,0.7501813680657733,1.280645231436273,-0.0017237599956254311,1.2823689914318985,0.0
578,11.56,hold,kick,273,5.6671552610609774,-0.07894432602668225,0.10973345824050078,1.2512109061247867,0.17086889950744463,0.750167422727393,1.2806447126210092,-0.0017615258990032537,1.2824062385200126,0.0
579,11.58,hold,kick,274,5.713820654019806,-0.08001668172248091,0.10973345824050078,1.2505303427648344,0.17141890380053476,0.7500717726101198,1.2806118147192769,-0.0017969800833485226,1.2824087948026255,0.0
580,11.6,hold,kick,275,5.760486046978635,-0.08108903741827958,0.10973345824050078,1.2497928429195355,0.17198249721447312,0.7499584310370937,1.2805810387942673,-0.0018300810238936725,1.282411119818161,0.0
581,11.62,hold,kick,276,5.807151439937464,-0.08216139311407825,0.10973345824050078,1.249067013196673,0.1725065992542045,0.7498835010715184,1.2805874271208446,-0.0018985666541414814,1.2824859937749862,0.0
582,11.64,hold,kick,277,5.853816832896293,-0.08323374880987691,0.10973345824050078,1.2483685924123993,0.17296849084189686,0.7498597699872315,1.2806313957210782,-0.0020708898862600127,1.2827022856073382,0.0
583,11.66,hold,kick,278,5.900482225855122,-0.08430610450567558,0.10973345824050078,1.247716307345919,0.173373363627997,0.7499071966224999,1.280724265561459,-0.0020374775107731107,1.2827617430722322,0.0
584,11.68,hold,kick,279,5.947147618813951,-0.08537846020147424,0.10973345824050078,1.2471609526871201,0.17370739811352268,0.7500078425586196,1.2808414548308933,-0.0020123242628968183,1.2828537790937902,0.0
585,11.7,hold,kick,280,5.99381301177278,-0.08645081589727291,0.10973345824050078,1.2466432311452658,0.17396555904327943,0.7501281511043211,1.2809620420083863,-0.0019845937511931214,1.2829466357595793,0.0
586,11.72,hold,kick,281,6.040478404731609,-0.08752317159307157,0.10973345824050078,1.2460878116614382,0.17418349536727495,0.7501881095055474,1.2810258773916987,-0.00194814816316808,1.2829740255548667,0.0
587,11.74,hold,kick,282,6.087143797690438,-0.08859552728887024,0.10973345824050078,1.2454189297530351,0.1744147606204678,0.75003417950384,1.2809031921401053,-0.0018834055254690549,1.2827865976655743,0.0
588,11.76,hold,kick,283,6.133809190649267,-0.0896678829846689,0.10973345824050078,1.2446221559669266,0.17470649025718604,0.749549119786672,1.2804896515179387,-0.0021156834193609628,1.2826053349372997,0.0
589,11.78,hold,kick,284,6.180474583608096,-0.09074023868046757,0.10973345824050078,1.2436996868297636,0.17507540611823388,0.7488943742347185,1.2799381069325881,-0.002254003395566976,1.282192110328155,0.0
590,11.8,hold,kick,285,6.227139976566925,-0.09181259437626624,0.10973345824050078,1.2428316381491873,0.1754493404343901,0.7484130919164481,1.279557370357067,-0.0021390928921818965,1.281696463249249,0.0
591,11.82,hold,kick,286,6.273805369525754,-0.0928849500720649,0.10973345824050078,1.2422256267391372,0.17571074296816738,0.7482638663140598,1.2794687938413534,-0.002098541981053425,1.281567335822407,0.0
592,11.84,hold,kick,287,6.320470762484583,-0.09395730576786357,0.10973345824050078,1.2419173234663623,0.17579288223676937,0.7483766886217978,1.279597840311349,-0.0020935202111003366,1.2816913605224494,0.0
593,11.86,hold,kick,288,6.367136155443412,-0.09502966146366223,0.10973345824050078,1.2417969354387308,0.1757325391467462,0.748551179098257,1.2797603772218156,-0.00213038760141096,1.2818907648232265,0.0
594,11.88,hold,kick,289,6.413801548402241,-0.0961020171594609,0.10973345824050078,1.241693426813941,0.1756289511289945,0.748615516178375,1.2798109596900578,-0.0021942093065824564,1.2820051689966403,0.0
595,11.9,hold,kick,290,6.46046694136107,-0.09717437285525957,0.10973345824050078,1.2415095247628827,0.17555223146807647,0.7484325988826229,1.2796365149733226,-0.0022470258462871373,1.2818835408196099,0.0
596,11.92,hold,kick,291,6.507132334319899,-0.09824672855105823,0.10973345824050078,1.2412435755122104,0.17551622357394273,0.7479740857683578,1.279212399877951,-0.002269269324369848,1.2814816692023208,0.0
597,11.94,hold,kick,292,6.553797727278728,-0.0993190842468569,0.10973345824050078,1.2409648977512666,0.1755081507026242,0.7474557798240036,1.2787397762995147,-0.0022491039460653638,1.28098888024558,0.0
598,11.96,hold,kick,293,6.600463120237557,-0.10039143994265556,0.10973345824050078,1.24084352897495,0.17545124033872297,0.7471775663233273,1.2784913467484198,-0.002229434100355761,1.2807207808487755,0.0
599,11.98,hold,kick,294,6.647128513196386,-0.10146379563845423,0.10973345824050078,1.2409524260433473,0.17528582811092044,0.7471783139803332,1.2784994872924398,-0.002236574166081952,1.2807360614585217,0.0
600,12.0,hold,kick,295,6.693793906155215,-0.1025361513342529,0.10973345824050078,1.2411850013675334,0.17503276725801178,0.7472416872337834,1.27856099560922,-0.0022706083882984805,1.2808316039975185,0.0
601,12.02,hold,kick,296,6.740459299114044,-0.10360850703005156,0.10973345824050078,1.241408244958625,0.17476662513129318,0.7471270116226895,1.2784543382098805,-0.0023097983408188333,1.2807641365506994,0.0
602,12.04,hold,kick,297,6.787124692072873,-0.10468086272585023,0.10973345824050078,1.2415547673094607,0.174581235423645,0.7467303009692244,1.278088081732186,-0.0023253778742488643,1.280413459606435,0.0
603,12.06,hold,kick,298,6.833790085031702,-0.10575321842164889,0.10973345824050078,1.2416613547510138,0.17450566791084524,0.7461953071439632,1.277599826218189,-0.002288063289806099,1.279887889507995,0.0
604,12.08,hold,kick,299,6.880455477990531,-0.10682557411744756,0.10973345824050078,1.241859921581648,0.17443307421635834,0.7458127495612517,1.277257063960085,-0.002236100988259739,1.2794931649483448,0.0
605,12.1,hold,kick,300,6.92712087094936,-0.10789792981324622,0.10973345824050078,1.2422800035314128,0.17422279650839304,0.7457927352622238,1.2772528441686593,-0.0022306412918448454,1.2794834854605042,0.0
606,12.12,hold,kick,301,6.973786263908189,-0.10897028550904489,0.10973345824050078,1.2428575211894235,0.1740078546335697,0.7459494607915845,1.2774258213296565,-0.00230470558741765,1.2797305269170742,0.0
607,12.14,hold,kick,302,7.020451656867018,-0.11004264120484356,0.10973345824050078,1.243186931136374,0.17402766262799874,0.7458037773299752,1.277353267120141,-0.0023318697305708055,1.2796851368507118,0.0
608,12.16,hold,kick,303,7.067117049825847,-0.11111499690064222,0.10973345824050078,1.2430410928401248,0.1742290484115079,0.7452914840008251,1.27696138928919,-0.0023923940433281422,1.2793537833325181,0.0
609,12.18,hold,kick,304,7.113782442784676,-0.11218735259644089,0.10973345824050078,1.2427313921612027,0.17438687464882854,0.7449982197120948,1.2767698397266936,-0.0023456462806915566,1.279115486007385,0.0
610,12.2,hold,kick,305,7.160447835743505,-0.11325970829223955,0.10973345824050078,1.2426306368291067,0.17422434717783264,0.7454103888734385,1.2772392367175684,-0.002353748201696225,1.2795929849192647,0.0
611,12.22,hold,kick,306,7.207113228702334,-0.11433206398803822,0.10973345824050078,1.2428860743801275,0.1735776269680186,0.7463214378103837,1.2781913049195317,-0.0023095033295279614,1.2805008082490597,0.0
612,12.24,hold,kick,307,7.253778621661163,-0.11540441968383688,0.10973345824050078,1.2431596946973167,0.1726797999106666,0.7468878649396179,1.278815767789547,-0.0021644579398731635,1.2809802257294203,0.0
613,12.26,hold,kick,308,7.300444014619992,-0.11647677537963555,0.10973345824050078,1.2432100773820587,0.17214013859238184,0.7462222770745921,1.2782250434556457,-0.0020588175625346865,1.2802838610181804,0.0
614,12.28,hold,kick,309,7.347109407578821,-0.11754913107543422,0.10973345824050078,1.2429464695692265,0.17206507851384195,0.7445412311056789,1.276588567347217,-0.00307891913153073,1.2796674864787478,0.0
615,12.3,hold,kick,310,7.39377480053765,-0.11862148677123288,0.10973345824050078,1.2425306826621145,0.17173401873133068,0.7441223571065314,1.2761440089440081,-0.0024493584291659758,1.2785933673731742,0.0
616,12.32,hold,kick,311,7.440440193496479,-0.11969384246703155,0.10973345824050078,1.2430662255698315,0.170689328639917,0.7455117277766005,1.2775168724827728,-0.001916364628592869,1.2794332371113657,0.0
617,12.34,hold,kick,312,7.487105586455308,-0.12076619816283021,0.10973345824050078,1.2443501750568149,0.1690314549638671,0.747510549898004,1.2795393001085256,-0.001998742819955889,1.2815380429284815,0.0
618,12.36,hold,kick,313,7.533770979414137,-0.12183855385862888,0.10973345824050078,1.2454203604150347,0.16743232468749172,0.7484975369336098,1.280575110326431,-0.002021879745072456,1.2825969900715033,0.0
619,12.38,hold,kick,314,7.580436372372966,-0.12291090955442754,0.10973345824050078,1.245731647320374,0.16711896397295617,0.7474838368820788,1.2796282161483847,-0.0007143861289984066,1.2803426022773832,0.0
620,12.4,hold,kick,315,7.627101765331795,-0.12398326525022621,0.10973345824050078,1.2451248312234555,0.1672971355940813,0.7450194030993553,1.2772108427403062,-0.0033610069291765896,1.2805718496694827,0.0
621,12.42,hold,kick,316,7.673767158290624,-0.1250556209460249,0.10973345824050078,1.2445883456965552,0.16619612084344207,0.7441348662470253,1.2762881318624608,-0.002522486165136475,1.2788106180275973,0.0
622,12.44,hold,kick,317,7.720432551249453,-0.12612797664182412,0.10973345824050078,1.2456944343755925,0.16465677581237756,0.7455560078525163,1.2776653244305964,-0.0016579279632540841,1.2793232523938505,0.0
623,12.46,hold,kick,318,7.767097944208282,-0.12720033233762335,0.10973345824050078,1.2476927384905439,0.1629763534378443,0.7477169102353015,1.2797991234084034,-0.0015162898829063805,1.2813154132913098,0.0
624,12.48,hold,kick,319,7.813763337167111,-0.12827268803342257,0.10973345824050078,1.2495662000862227,0.1613170459116061,0.7493869371642395,1.281415815788763,-0.0016760774424523922,1.2830918932312154,0.0
625,12.5,hold,kick,320,7.86042873012594,-0.1293450437292218,0.10973345824050078,1.2508267892777603,0.1598981713185708,0.7500934957018387,1.2820620456728924,-0.0018119323487229937,1.2838739780216153,0.0
626,12.52,hold,kick,321,7.907094123084769,-0.130417399425021,0.10973345824050078,1.2514560914105708,0.15883393699929077,0.7498109823619487,1.281756202255252,-0.0018697060327033874,1.2836259082879553,0.0
627,12.54,hold,kick,322,7.953759516043598,-0.13148975512082023,0.10973345824050078,1.2515904079538773,0.15799160655770486,0.7489583450141969,1.2809120593283192,-0.0018888703932667394,1.2828009297215859,0.0
628,12.56,hold,kick,323,8.000424909002428,-0.13256211081661945,0.10973345824050078,1.251468119636581,0.15719808967593138,0.7483747168577495,1.2803333282596352,-0.0019015058466113656,1.2822348341062466,0.0
629,12.58,hold,kick,324,8.047090301961257,-0.13363446651241867,0.10973345824050078,1.251375939237542,0.15630011312757336,0.7483176397649922,1.2802581369026997,-0.0018348589655152563,1.282092995868215,0.0
630,12.6,hold,kick,325,8.093755694920086,-0.1347068222082179,0.10973345824050078,1.2513408773455927,0.1553325268406208,0.748543882181041,1.280443224692477,-0.0017557629157561594,1.2821989876082331,0.0
631,12.62,hold,kick,326,8.140421087878915,-0.1357791779040171,0.10973345824050078,1.2512669917183032,0.154427635021611,0.7487301098188048,1.280578368473569,-0.0017124398176058438,1.2822908082911748,0.0
632,12.64,hold,kick,327,8.187086480837744,-0.13685153359981633,0.10973345824050078,1.2510148094196423,0.1536524152061733,0.7486641940393652,1.2804692160219264,-0.0017189446916693052,1.2821881607135956,0.0
633,12.66,hold,kick,328,8.233751873796573,-0.13792388929561555,0.10973345824050078,1.250537000942082,0.15305754992964957,0.7483177879490546,1.2800977835411893,-0.0017092008468199867,1.2818069843880093,0.0
634,12.68,hold,kick,329,8.280417266755402,-0.13899624499141477,0.10973345824050078,1.2498944276798383,0.15261966722095702,0.7478476371176674,1.2796149542537256,-0.0016797164149680612,1.2812946706686936,0.0
635,12.7,hold,kick,330,8.32708265971423,-0.140068600687214,0.10973345824050078,1.2491629024888986,0.1522562350127796,0.7474525467885447,1.2792026839706225,-0.001643421431495113,1.2808461054021176,0.0
636,12.72,hold,kick,331,8.37374805267306,-0.14114095638301322,0.10973345824050078,1.2484202675758562,0.15193007035110198,0.747223572302799,1.2789432841726127,-0.0015782181227754453,1.2805215022953882,0.0
637,12.74,hold,kick,332,8.420413445631889,-0.14221331207881244,0.10973345824050078,1.247692169610137,0.15164372329950762,0.7471214636450318,1.2787975272498329,-0.0014980548754645572,1.2802955821252975,0.0
638,12.76,hold,kick,333,8.467078838590718,-0.14328566777461166,0.10973345824050078,1.2469508738996118,0.15141615115467852,0.7470551891808699,1.2786791672264115,-0.0014222134205008202,1.2801013806469124,0.0
639,12.78,hold,kick,334,8.513744231549547,-0.14435802347041088,0.10973345824050078,1.246139771678388,0.15125764252545185,0.7469582545362418,1.278525258277736,-0.0013556440479174925,1.2798809023256534,0.0
640,12.8,hold,kick,335,8.560409624508376,-0.1454303791662101,0.10973345824050078,1.2452305636327567,0.1511745607324252,0.7468175598636078,1.2783251990006013,-0.0012920551838768446,1.2796172541844781,0.0
641,12.82,hold,kick,336,8.607075017467205,-0.14650273486200932,0.10973345824050078,1.2442212367272103,0.15117552069648016,0.7466606659088544,1.2781077113041182,-0.0012354820175748162,1.279343193321693,0.0
642,12.84,hold,kick,337,8.653740410426034,-0.14757509055780854,0.10973345824050078,1.243127709270351,0.15127157120715332,0.7465400235923593,1.2779270304705426,-0.001111056644660765,1.2790380871152034,0.0
643,12.86,hold,kick,338,8.700405803384863,-0.14864744625360776,0.10973345824050078,1.2419665545871803,0.15145316540755707,0.7464521761394176,1.2777787534840603,-0.0010086961705043362,1.2787874496545646,0.0
644,12.88,hold,kick,339,8.747071196343692,-0.14971980194940698,0.10973345824050078,1.2407396614911657,0.15171433511583615,0.7463937828645669,1.277659345292593,-0.0009089743852342437,1.2785683196778272,0.0
645,12.9,hold,kick,340,8.79373658930252,-0.1507921576452062,0.10973345824050078,1.2394504697314812,0.15204819910269116,0.7463598396822642,1.2775634829475564,-0.0008073377635810612,1.2783708207111375,0.0
646,12.92,hold,kick,341,8.84040198226135,-0.15186451334100542,0.10973345824050078,1.2381047363228455,0.15244869529284366,0.746347555386453,1.2774877866977232,-0.0007038220564692804,1.2781916087541925,0.0
647,12.94,hold,kick,342,8.887067375220179,-0.15293686903680465,0.10973345824050078,1.236700835694169,0.15291915350291757,0.746374999720301,1.2774508324281004,-0.0006314471211186015,1.278082279549219,0.0
648,12.96,hold,kick,343,8.933732768179008,-0.15400922473260387,0.10973345824050078,1.235254302777314,0.15343046031577595,0.7464326538158166,1.2774423606507441,-0.0005780704009983352,1.2780204310517425,0.0
649,12.98,hold,kick,344,8.980398161137837,-0.1550815804284031,0.10973345824050078,1.233773483889204,0.15396548319171185,0.7464988123839326,1.2774405618901106,-0.0005387969809594051,1.27797935887107,0.0
650,13.0,hold,kick,345,9.027063554096665,-0.1561539361242023,0.10973345824050078,1.2322692974801583,0.15451288431359153,0.746566804361875,1.2774391078861085,-0.0005099118236563047,1.2779490197097647,0.0
651,13.02,hold,kick,346,9.073728947055494,-0.15722629182000153,0.10973345824050078,1.2307548105228652,0.15506416592632527,0.7466377766789406,1.2774397505728194,-0.000489825019021832,1.2779295755918412,0.0
652,13.04,hold,kick,347,9.120394340014323,-0.15829864751580075,0.10973345824050078,1.2292416424371302,0.1556135584333864,0.7467135115352604,1.277445180066203,-0.0004775636887209729,1.2779227437549239,0.0
653,13.06,hold,kick,348,9.167059732973152,-0.15937100321159997,0.10973345824050078,1.2277377384413974,0.15615697402923934,0.7467931603513738,1.2774554452736524,-0.00046447979679818674,1.2779199250704505,0.0
654,13.08,hold,kick,349,9.213725125931981,-0.1604433589073992,0.10973345824050078,1.2262486995519064,0.1566863298063858,0.7468766705941128,1.277470520909367,-0.00046062331886941726,1.2779311442282364,0.0
655,13.1,hold,kick,350,9.26039051889081,-0.1615157146031984,0.10973345824050078,1.224778712988945,0.15719161922595887,0.7469637082672598,1.277489663379857,-0.00046737995589316364,1.27795704333575,0.0
656,13.12,hold,kick,351,9.30705591184964,-0.16258807029899763,0.10973345824050078,1.2233960869929699,0.15763991224405735,0.7471028499246153,1.277549379300689,-0.0004936568980731075,1.278043036198762,0.0
657,13.14,hold,kick,352,9.353721304808468,-0.16366042599479685,0.10973345824050078,1.222220997002383,0.15797822784457707,0.7474800609446729,1.2778068781412928,-0.0005181416217063285,1.2783250197629992,0.0
658,13.16,hold,kick,353,9.400386697767297,-0.16473278169059608,0.10973345824050078,1.2212936610435512,0.15824382269009857,0.7480277909641752,1.2782128476398464,-0.0005364906596373557,1.278749338299484,0.0
659,13.18,hold,kick,354,9.447052090726126,-0.1658051373863953,0.10973345824050078,1.2204815351285352,0.15852145919352947,0.7485255598956229,1.2785779642301252,-0.0005757895755975108,1.2791537538057227,0.0
660,13.2,hold,kick,355,9.493717483684955,-0.16687749308219452,0.10973345824050078,1.2196475390664805,0.15881115694591225,0.7489017058495515,1.2788414369262702,-0.0006176301967684185,1.2794590671230386,0.0
661,13.22,hold,kick,356,9.540382876643784,-0.16794984877799374,0.10973345824050078,1.2187510684352383,0.15909379289241288,0.7491757405664881,1.279022796897738,-0.0006607796406775356,1.2796835765384154,0.0
662,13.24,hold,kick,357,9.587048269602613,-0.16902220447379296,0.10973345824050078,1.2177960943529686,0.15935420742856182,0.7493929991188828,1.2791634721602452,-0.0007176512172886659,1.2798811233775338,0.0
663,13.26,hold,kick,358,9.633713662561442,-0.17009456016959218,0.10973345824050078,1.2168073483965518,0.159583654498235,0.7495824633722215,1.2792872699432993,-0.0007688374524748402,1.2800561073957741,0.0
664,13.28,hold,kick,359,9.680379055520271,-0.1711669158653914,0.10973345824050078,1.2158115438681956,0.15977650573849608,0.7497553115572008,1.2794005600693588,-0.0008084862380759485,1.2802090463074347,0.0
665,13.3,hold,kick,360,9.7270444484791,-0.17223927156119062,0.10973345824050078,1.214819778922787,0.1599329454447567,0.7499105642969638,1.2794998730964988,-0.0008383126865494847,1.2803381857830483,0.0
666,13.32,hold,kick,361,9.77370984143793,-0.17331162725698984,0.10973345824050078,1.213832667188911,0.16005580757167823,0.7500471752312823,1.279583455885146,-0.0008622595926298417,1.2804457154777757,0.0
667,13.34,hold,kick,362,9.820375234396758,-0.17438398295278906,0.10973345824050078,1.2128515287227586,0.16014862965658033,0.7501671182813618,1.2796533208446734,-0.000882729016126297,1.2805360498607998,0.0
668,13.36,hold,kick,363,9.867040627355587,-0.17545633864858828,0.10973345824050078,1.2118797917958575,0.16021474137806035,0.7502739662230786,1.279713373120172,-0.0009003938746015017,1.2806137669947735,0.0
669,13.38,hold,kick,364,9.913706020314416,-0.1765286943443875,0.10973345824050078,1.2109223177958877,0.16025635752663003,0.750371237711994,1.2797674196073308,-0.0009158432974978835,1.2806832629048286,0.0
670,13.4,hold,kick,365,9.960371413273245,-0.17760105004018673,0.10973345824050078,1.2099837915944203,0.16027527459727534,0.7504616238863496,1.2798186417079165,-0.0009288460184396843,1.2807474877263563,0.0
671,13.42,hold,kick,366,10.007036806232074,-0.17867340573598595,0.10973345824050078,1.2090678167724913,0.16027315274794474,0.7505460736018212,1.279868724598008,-0.0009398386046062558,1.2808085632026143,0.0
672,13.44,hold,kick,367,10.053702199190903,-0.17974576143178517,0.10973345824050078,1.2081781399920866,0.16024899245695293,0.7506239901391243,1.2799172026445964,-0.0009495799374097287,1.2808667825820061,0.0
673,13.46,hold,kick,368,10.100367592149732,-0.1808181171275844,0.10973345824050078,1.2073191953582552,0.1601990623873056,0.7506946298270963,1.2799629284184897,-0.0009586955992788963,1.2809216240177685,0.0
674,13.48,hold,kick,369,10.147032985108561,-0.1818904728233836,0.10973345824050078,1.2064940160356006,0.16012321191746562,0.7507577118608612,1.2800053145936483,-0.0009674288529104777,1.2809727434465588,0.0
675,13.5,hold,kick,370,10.19369837806739,-0.18296282851918283,0.10973345824050078,1.2057051936938703,0.16002280211721173,0.750813368999685,1.2800441818819432,-0.0009757243760633479,1.2810199062580065,0.0
676,13.52,hold,kick,371,10.24036377102622,-0.18403518421498205,0.10973345824050078,1.204955516797363,0.15989947977937521,0.7508623496037495,1.2800799999586596,-0.0009832695834194882,1.2810632695420792,0.0
677,13.54,hold,kick,372,10.287029163985048,-0.18510753991078127,0.10973345824050078,1.2042474822755989,0.15975479218405964,0.7509057954497328,1.2801136744578177,-0.0009898637132776944,1.2811035381710953,0.0
678,13.56,hold,kick,373,10.333694556943877,-0.1861798956065805,0.10973345824050078,1.203582814867821,0.1595898574669571,0.7509450993110587,1.2801463749486848,-0.0009956257780072558,1.281142000726692,0.0
679,13.58,hold,kick,374,10.380359949902706,-0.1872522513023797,0.10973345824050078,1.202959978781105,0.1594045335407835,0.750981352242406,1.2801790107343445,-0.0010005258293765452,1.281179536563721,0.0
680,13.6,hold,kick,375,10.427025342861535,-0.18832460699817893,0.10973345824050078,1.2023785633143949,0.1591987811993034,0.751015233411565,1.2802120085278184,-0.0010044365929273956,1.2812164451207457,0.0
681,13.62,hold,kick,376,10.473690735820364,-0.18939696269397815,0.10973345824050078,1.2018398519048539,0.1589731812458794,0.7510472155224021,1.2802455151859449,-0.0010072569766152034,1.2812527721625602,0.0
682,13.64,hold,kick,377,10.520356128779193,-0.19046931838977738,0.10973345824050078,1.201345519934609,0.1587286656913743,0.7510777749040166,1.2802796677911479,-0.0010088841764645008,1.2812885519676125,0.0
683,13.66,hold,kick,378,10.567021521738022,-0.1915416740855766,0.10973345824050078,1.2008971189047914,0.15846588689989408,0.7511073246748672,1.2803144377999371,-0.0010089596481155719,1.2813233974480527,0.0
684,13.68,hold,kick,379,10.613686914696851,-0.19261402978137582,0.10973345824050078,1.200495919738811,0.15818516082493622,0.7511360018245844,1.280349501039985,-0.0010072755397022917,1.2813567765796874,0.0
685,13.7,hold,kick,380,10.66035230765568,-0.19368638547717504,0.10973345824050078,1.2001427138539682,0.1578871474147288,0.7511636736310514,1.2803844734825485,-0.0010038335812111304,1.2813883070637595,0.0
686,13.72,hold,kick,381,10.707017700614509,-0.19475874117297426,0.10973345824050078,1.1998382188594476,0.15757294531562618,0.75118936366862,1.280418155110228,-0.0009987091370372084,1.2814168642472652,0.0
687,13.74,hold,kick,382,10.753683093573338,-0.19583109686877348,0.10973345824050078,1.1995830617163945,0.15724399717710277,0.7512122273622363,1.2804494503129509,-0.0009918865268475248,1.2814413368397983,0.0
688,13.76,hold,kick,383,10.800348486532167,-0.1969034525645727,0.10973345824050078,1.1993775214435594,0.15690189383215816,0.7512322207823898,1.280478231521642,-0.0009833429283416725,1.2814615744499838,0.0
689,13.78,hold,kick,384,10.847013879490996,-0.19797580826037192,0.10973345824050078,1.1992216264077644,0.15654808207388005,0.7512495442059385,1.2805046938997604,-0.0009731258582685726,1.281477819758029,0.0
690,13.8,hold,kick,385,10.893679272449825,-0.19904816395617114,0.10973345824050078,1.199115150555853,0.156183937401929,0.7512640129524075,1.2805287179142701,-0.0009595898781986807,1.2814883077924688,0.0
691,13.82,hold,kick,386,10.940344665408654,-0.20012051965197036,0.10973345824050078,1.1990579138184914,0.15581033808944567,0.7512755451064433,1.2805503209903577,-0.0009426806339404223,1.281493001624298,0.0
692,13.84,hold,kick,387,10.987010058367483,-0.20119287534776958,0.10973345824050078,1.1990497778332179,0.15542793679717506,0.7512843633743886,1.2805699255828062,-0.0009232513293174691,1.2814931769121236,0.0
693,13.86,hold,kick,388,11.033675451326312,-0.2022652310435688,0.10973345824050078,1.199090617832121,0.15503728803779057,0.7512907480123078,1.2805880124020448,-0.0009019894735963589,1.2814900018756412,0.0
694,13.88,hold,kick,389,11.080340844285141,-0.20333758673936803,0.10973345824050078,1.1991801934455566,0.15463914154955025,0.7512948342867873,1.2806049127109895,-0.0008790216680169272,1.2814839343790065,0.0
695,13.9,hold,kick,390,11.12700623724397,-0.20440994243516725,0.10973345824050078,1.1993182519671235,0.1542343282543747,0.7512969150631201,1.2806210183263724,-0.0008540538279126937,1.2814750721542851,0.0
696,13.92,hold,kick,391,11.173671630202799,-0.20548229813096647,0.10973345824050078,1.199504744971795,0.1538234341999252,0.7512977110191452,1.2806368946393236,-0.0008259743253220576,1.2814628689646457,0.0
697,13.94,hold,kick,392,11.220337023161628,-0.2065546538267657,0.10973345824050078,1.1997395277460026,0.15340690384896472,0.7512974064493535,1.2806526064286685,-0.0007952650529696979,1.2814478714816382,0.0
698,13.96,hold,kick,393,11.267002416120457,-0.2076270095225649,0.10973345824050078,1.2000232167789235,0.15298224783373007,0.7513047646668766,1.280675071705026,-0.0007590452436723079,1.2814341169486982,0.0
699,13.98,hold,kick,394,11.313667809079286,-0.20869936521836413,0.10973345824050078,1.2003536956721355,0.15255418100377013,0.7513137799084977,1.2806997787744057,-0.0007252566776075262,1.2814250354520131,0.0
700,14.0,hold,kick,395,11.360333202038115,-0.20977172091416335,0.10973345824050078,1.2007256474138293,0.15212337066031723,0.7513187375648064,1.280720862965646,-0.0006903413459377686,1.2814112043115837,0.0
701,14.02,hold,kick,396,11.406998594996944,-0.21084407660996257,0.10973345824050078,1.2011364608775388,0.1516888043789015,0.7513193701801333,1.2807374959821562,-0.0006522780376254124,1.2813897740197817,0.0
702,14.04,hold,kick,397,11.453663987955773,-0.2119164323057618,0.10973345824050078,1.2015846149747453,0.1512499517003067,0.7513163070967989,1.280750101790324,-0.0006114257638441672,1.281361527554168,0.0
703,14.06,hold,kick,398,11.500329380914602,-0.212988788001561,0.10973345824050078,1.2020672826899108,0.15080794247572155,0.7513118106884764,1.2807607958568084,-0.0005732519532796118,1.2813340478100879,0.0
704,14.08,hold,kick,399,11.54699477387343,-0.21406114369736023,0.10973345824050078,1.2025763836640526,0.15036889049837587,0.7513142528055664,1.280777342222131,-0.000553521821170997,1.2813308640433019,0.0
705,14.1,hold,kick,399,11.59366016683226,-0.21513349939315946,0.10973345824050078,1.2031101327778064,0.1499331061568555,0.7513161092322896,1.280791381261087,-0.0005353351633487699,1.2813267164244357,0.0
706,14.12,hold,kick,399,11.640325559791089,-0.21620585508895868,0.10973345824050078,1.20366552815504,0.1495052640477675,0.7513137968934186,1.2807989206971713,-0.0005243399856409946,1.2813232606828122,0.0
