tick,t_s,phase,task_mode,curr_motion_timestep,ball_x,ball_y,ball_z,base_x,base_y,base_z,robot_top_z,robot_bottom_z,robot_height,kick_aim_theta_deg
0,0.0,idle,locomotion,0,1.3899999856948853,0.019999999552965164,0.10989091315873106,-0.0004543668524025666,-8.036044738567684e-06,0.7549788067637767,1.2870338798385434,-0.000632725291058605,1.287666605129602,0.0
1,0.02,idle,locomotion,0,1.3899999856948853,0.019999999552965164,0.10980902141344312,-0.0016669221773087995,-7.688966872467602e-05,0.7512426443898476,1.28330764283904,-0.00048446506593594063,1.2837921079049759,0.0
2,0.04,idle,locomotion,0,1.3899999856948853,0.019999999552965164,0.10976503447145444,-0.003458094414136978,-0.0002120534212616017,0.745607842268515,1.2776317215698216,-0.0005820739660774947,1.2782137955358992,0.0
3,0.06,idle,locomotion,0,1.3899999856948853,0.019999999552965164,0.10974518062216254,-0.005590782335423035,-0.00039132589124650334,0.7388095799112946,1.2707125608185017,-0.0004254938934854513,1.271138054711987,0.0
4,0.08,idle,locomotion,0,1.3899999856948853,0.019999999552965164,0.10973731266832155,-0.0077430148193098425,-0.0005531209300543428,0.7320040457789156,1.2637120017781989,-0.0004104570054380384,1.2641224587836368,0.0
5,0.1,idle,locomotion,0,1.3899999856948853,0.019999999552965164,0.10973454404443848,-0.009696759020290074,-0.0006369615934248587,0.7261868460811842,1.2576586121275082,-0.00042037949051038775,1.2580789916180186,0.0
6,0.12,idle,locomotion,0,1.3899999856948853,0.019999999552965164,0.10973369052927323,-0.011374551875630235,-0.0006158588767769342,0.721933119253055,1.253161288072559,-0.0004548122706050685,1.2536161003431643,0.0
7,0.14,idle,locomotion,0,1.3899999856948853,0.019999999552965164,0.1097334732878534,-0.01276849924675493,-0.0004960957206941096,0.7194261593298747,1.2504304624232678,-0.000492142365721638,1.2509226047889894,0.0
8,0.16,idle,locomotion,0,1.3899999856948853,0.019999999552965164,0.10973343775080387,-0.013909202658656885,-0.00030893765850570956,0.7185429979746603,1.2493632503880028,-0.0005107718644073687,1.24987402225241,0.0
9,0.18,idle,locomotion,0,1.3899999856948853,0.019999999552965164,0.10973344222612894,-0.014841222436797726,-8.576770810293015e-05,0.7189277872828825,1.2496196428560826,-0.0005132574846468604,1.2501329003407295,0.0
10,0.2,idle,locomotion,0,1.3899999856948853,0.019999999552965164,0.10973344999820983,-0.015651510164842737,0.00014130397631563967,0.7201766010195808,1.250791900651761,-0.0005083087373648869,1.251300209389126,0.0
11,0.22,idle,locomotion,0,1.3899999856948853,0.019999999552965164,0.1097334547231311,-0.01640230732707917,0.00035513729529483004,0.7218772257984731,1.2524637749864929,-0.0004949496799413582,1.2529587246664342,0.0
12,0.24,idle,locomotion,0,1.3899999856948853,0.019999999552965164,0.10973345692610834,-0.017162414267649456,0.0005565743977067224,0.7236686379416041,1.2542634441058522,-0.00048116021577722726,1.2547446043216295,0.0
13,0.26,idle,locomotion,0,1.3899999856948853,0.019999999552965164,0.10973345780729221,-0.017984119868934473,0.0007420133897262239,0.7252789287765221,1.2559067831631376,-0.00047286324950533004,1.2563796464126429,0.0
14,0.28,idle,locomotion,0,1.3899999856948853,0.019999999552965164,0.10973345811827714,-0.018870821565751032,0.0008890471893841128,0.7265416120220052,1.2572224035471533,-0.0004662982825903855,1.2576887018297438,0.0
15,0.3,idle,locomotion,0,1.3899999856948853,0.019999999552965164,0.10973345821428342,-0.019816633722057463,0.0010003780230722083,0.7273925353654347,1.2581394535821109,-0.0004659374084290645,1.25860539099054,0.0
16,0.32,idle,locomotion,0,1.3899999856948853,0.019999999552965164,0.10973345823876013,-0.020837962367473643,0.0010816815422700391,0.7278500034272483,1.2586625295296547,-0.00046977558529575844,1.2591323051149506,0.0
17,0.34,idle,locomotion,0,1.3899999856948853,0.019999999552965164,0.10973345824278434,-0.021938458555451488,0.0011360210268352685,0.7279801399665529,1.2588483755529283,-0.0004747112653352599,1.2593230868182634,0.0
18,0.36,idle,locomotion,0,1.3899999856948853,0.019999999552965164,0.10973345824229395,-0.02308530902238056,0.001162751603231912,0.7278819527294665,1.2587967799701905,-0.0004775374246053926,1.2592743173947958,0.0
19,0.38,idle,locomotion,0,1.3899999856948853,0.019999999552965164,0.10973345824142507,-0.024258057477390224,0.0011617711705621768,0.7276440455389211,1.2585962239255943,-0.0004822317907258421,1.2590784557163202,0.0
20,0.4,idle,locomotion,0,1.3899999856948853,0.019999999552965164,0.10973345824089552,-0.02543787802512364,0.0011308480870719738,0.7273416594619986,1.2583218435864145,-0.0004867459938229894,1.2588085895802374,0.0
21,0.42,idle,locomotion,0,1.3899999856948853,0.019999999552965164,0.10973345824064834,-0.026605726540974237,0.0010720633281813196,0.7270370554864927,1.2580373794193525,-0.0004902713551415486,1.258527650774494,0.0
22,0.44,idle,locomotion,0,1.3899999856948853,0.019999999552965164,0.10973345824054938,-0.027754522821319544,0.0009910927069894137,0.7267737205122384,1.2577866976298981,-0.0004927557397645076,1.2582794533696626,0.0
23,0.46,idle,locomotion,0,1.3899999856948853,0.019999999552965164,0.10973345824051445,-0.0288835349503219,0.0008943676878932764,0.7265755943644177,1.2575930277311311,-0.0004951250669481093,1.2580881527980792,0.0
24,0.48,idle,locomotion,0,1.3899999856948853,0.019999999552965164,0.10973345824050364,-0.029985313232983243,0.0007841161058908993,0.7264497630573286,1.2574649926143522,-0.0004970974647480302,1.2579620900791002,0.0
25,0.5,idle,locomotion,0,1.3899999856948853,0.019999999552965164,0.10973345824050088,-0.031053040525737534,0.0006620944488070536,0.7263822927877558,1.257391335093095,-0.0004984086996129393,1.257889743792708,0.0
26,0.52,idle,locomotion,0,1.3899999856948853,0.019999999552965164,0.10973345824050044,-0.03208505383540407,0.000527314681072874,0.726347193468139,1.2573469729819853,-0.0004992513672112953,1.2578462243491966,0.0
27,0.54,idle,locomotion,0,1.3899999856948853,0.019999999552965164,0.10973345824050044,-0.03307395397614222,0.0003804733460099495,0.7263384984917726,1.2573277531379352,-0.0005000778315324486,1.2578278309694677,0.0
28,0.56,idle,locomotion,0,1.3899999856948853,0.019999999552965164,0.10973345824050044,-0.03401199735302461,0.00022363565378386016,0.7263506705275722,1.2573301740398108,-0.0005008367802353322,1.2578310108200461,0.0
29,0.58,idle,locomotion,0,1.3899999856948853,0.019999999552965164,0.10973345824050044,-0.034893729242984846,5.898830012638939e-05,0.7263768605978856,1.2573487810650341,-0.0005015117307687403,1.2578502927958028,0.0
30,0.6,idle,locomotion,0,1.3899999856948853,0.019999999552965164,0.10973345824050044,-0.035715941647862445,-0.00011081755108554767,0.7264101026471784,1.2573774114642855,-0.0005020985346813715,1.2578795099989668,0.0
31,0.62,idle,locomotion,0,1.3899999856948853,0.019999999552965164,0.10973345824050044,-0.0364774254825453,-0.0002840487762632498,0.7264442739884158,1.2574101928217298,-0.0005026248252252216,1.257912817646955,0.0
32,0.64,idle,locomotion,0,1.3899999856948853,0.019999999552965164,0.10973345824050044,-0.03717856411631017,-0.0004587608935228198,0.7264746171233121,1.257442180242499,-0.0005030899351342287,1.2579452701776332,0.0
33,0.66,idle,locomotion,0,1.3899999856948853,0.019999999552965164,0.10973345824050044,-0.0378219468905369,-0.0006325694678693464,0.7264980754553528,1.2574694892737392,-0.0005035006106692309,1.2579729898844085,0.0
34,0.68,idle,locomotion,0,1.3899999856948853,0.019999999552965164,0.10973345824050044,-0.038411139760180346,-0.0008036217389076036,0.7265129357896246,1.2574893283728557,-0.0005038808662282575,1.257993209239084,0.0
35,0.7,idle,locomotion,0,1.3899999856948853,0.019999999552965164,0.10973345824050044,-0.03894892945229191,-0.0009702113875018463,0.7265186028027316,1.2575003579415522,-0.0005046910734117852,1.2580050490149641,0.0
36,0.72,idle,locomotion,0,1.3899999856948853,0.019999999552965164,0.10973345824050044,-0.03943723815168459,-0.0011309977648460358,0.7265156105497168,1.2575026915945915,-0.0005054209392585246,1.25800811253385,0.0
37,0.74,idle,locomotion,0,1.3899999856948853,0.019999999552965164,0.10973345824050044,-0.03987752731841378,-0.0012846326863762692,0.7265054467948414,1.2574975694213135,-0.0005060726126544998,1.258003642033968,0.0
38,0.76,idle,locomotion,0,1.3899999856948853,0.019999999552965164,0.10973345824050044,-0.04027085740321489,-0.0014296465717027428,0.7264912415110814,1.25748797115466,-0.0005066722852116665,1.2579946434398717,0.0
39,0.78,idle,locomotion,0,1.3899999856948853,0.019999999552965164,0.10973345824050044,-0.04061816513072794,-0.0015649802837822877,0.7264764349894404,1.2574773404328108,-0.0005070387111499146,1.2579843791439607,0.0
40,0.8,idle,locomotion,0,1.3899999856948853,0.019999999552965164,0.10973345824050044,-0.040920521999623885,-0.001690280141913741,0.7264626757053745,1.2574673705813948,-0.0005071561923798151,1.2579745267737745,0.0
41,0.82,idle,locomotion,0,1.3899999856948853,0.019999999552965164,0.10973345824050044,-0.041179132425182244,-0.0018054633087433393,0.7264505258403825,1.2574586842058857,-0.0005071467247005322,1.2579658309305861,0.0
42,0.84,idle,locomotion,0,1.3899999856948853,0.019999999552965164,0.10973345824050044,-0.04139535503133958,-0.001910601207430664,0.7264399635695082,1.2574513206780162,-0.0005070553999537292,1.25795837607797,0.0
43,0.86,idle,locomotion,0,1.3899999856948853,0.019999999552965164,0.10973345824050044,-0.041570709403586904,-0.0020058576132906602,0.7264307677108193,1.2574451043728632,-0.0005068985980488175,1.257952002970912,0.0
44,0.88,idle,locomotion,0,1.3899999856948853,0.019999999552965164,0.10973345824050044,-0.041707182810244124,-0.0020916225015134428,0.726423261503501,1.257440342380363,-0.0005066079939117368,1.2579469503742748,0.0
45,0.9,idle,locomotion,0,1.3899999856948853,0.019999999552965164,0.10973345824050044,-0.04180765480138006,-0.002168379154604032,0.7264177053428951,1.2574372294403555,-0.0005062003078078747,1.2579434297481633,0.0
46,0.92,idle,locomotion,0,1.3899999856948853,0.019999999552965164,0.10973345824050044,-0.04187566711461471,-0.00223666260423643,0.7264138490725843,1.2574353716992552,-0.0005057369831114635,1.2579411086823666,0.0
47,0.94,idle,locomotion,0,1.3899999856948853,0.019999999552965164,0.10973345824050044,-0.04191478656264619,-0.002296945299533838,0.7264112835646754,1.2574341584487354,-0.000505255235536288,1.2579394136842716,0.0
48,0.96,idle,locomotion,0,1.3899999856948853,0.019999999552965164,0.10973345824050044,-0.041927853927044234,-0.0023490469934854706,0.7264097932439173,1.2574333360597303,-0.0005047580151322263,1.2579380940748626,0.0
49,0.98,idle,locomotion,0,1.3899999856948853,0.019999999552965164,0.10973345824050044,-0.04191726807266054,-0.0023927291143966793,0.7264092041071178,1.25743279540369,-0.0005042588550478073,1.2579370542587378,0.0
50,1.0,idle,locomotion,0,1.3899999856948853,0.019999999552965164,0.10973345824050044,-0.0418851932097772,-0.002428320324866157,0.7264093644121038,1.2574324778029242,-0.0005037638662864427,1.2579362416692106,0.0
51,1.02,idle,locomotion,0,1.3899999856948853,0.019999999552965164,0.10973345824050044,-0.04183369365420133,-0.0024563509372403456,0.7264101287589884,1.2574323314611158,-0.0005032725925343991,1.2579356040536502,0.0
52,1.04,idle,locomotion,0,1.3899999856948853,0.019999999552965164,0.10973345824050044,-0.04176437054244685,-0.0024777260680677584,0.7264114743643386,1.2574325330559075,-0.0005027900958696659,1.2579353231517771,0.0
53,1.06,idle,locomotion,0,1.3899999856948853,0.019999999552965164,0.10973345824050044,-0.04167826412142006,-0.002493070647466598,0.7264132179567963,1.2574332691016001,-0.000502311023296103,1.2579355801248961,0.0
54,1.08,idle,locomotion,0,1.3899999856948853,0.019999999552965164,0.10973345824050044,-0.04157669578558532,-0.0025028426261968348,0.7264150723659516,1.2574345127795055,-0.0005018309651666462,1.257936343744672,0.0
55,1.1,idle,locomotion,0,1.3899999856948853,0.019999999552965164,0.10973345824050044,-0.04146131179830592,-0.0025075020268564914,0.7264167015065993,1.2574360539022331,-0.00050136764233049,1.2579374215445636,0.0
56,1.12,idle,locomotion,0,1.3899999856948853,0.019999999552965164,0.10973345824050044,-0.04133381063214716,-0.0025075442705886288,0.7264177804322798,1.2574376002665648,-0.0005009459376954482,1.2579385462042603,0.0
57,1.14,idle,locomotion,0,1.3899999856948853,0.019999999552965164,0.10973345824050044,-0.04119609154599926,-0.0025035942465845926,0.7264179347667935,1.2574387242985747,-0.0005005513749333258,1.2579392756735082,0.0
58,1.16,idle,locomotion,0,1.3899999856948853,0.019999999552965164,0.10973345824050044,-0.04105029270253038,-0.0024963021605742862,0.7264163690619682,1.2574384944891743,-0.0005001787527126114,1.257938673241887,0.0
59,1.18,idle,locomotion,0,1.3899999856948853,0.019999999552965164,0.10973345824050044,-0.04089844390097959,-0.002486518644482271,0.7264123760295456,1.2574360259269304,-0.0004998261908534633,1.257935852117784,0.0
60,1.2,idle,locomotion,0,1.3899999856948853,0.019999999552965164,0.10973345824050044,-0.04074233118462425,-0.0024746287839918983,0.7264057112879275,1.2574309195918207,-0.0004994986339735448,1.2579304182257942,0.0
61,1.22,idle,locomotion,0,1.3899999856948853,0.019999999552965164,0.10973345824050044,-0.04058362644504501,-0.0024609082736407827,0.7263966256172888,1.2574232855270835,-0.0004991915682471364,1.2579224770953306,0.0
62,1.24,idle,locomotion,0,1.3899999856948853,0.019999999552965164,0.10973345824050044,-0.040423854470425305,-0.0024456169593852634,0.7263856776684589,1.2574135667140047,-0.0004989015844331715,1.257912468298438,0.0
63,1.26,idle,locomotion,0,1.3899999856948853,0.019999999552965164,0.10973345824050044,-0.0402643639508111,-0.0024289128463796114,0.7263735667356236,1.2574023819647984,-0.0004986273652035425,1.2579010093300018,0.0
64,1.28,idle,locomotion,0,1.3899999856948853,0.019999999552965164,0.10973345824050044,-0.04010633072293424,-0.0024109281855187485,0.7263610056593276,1.2573903957364203,-0.0004983659049162259,1.2578887616413366,0.0
65,1.3,idle,locomotion,0,1.3899999856948853,0.019999999552965164,0.10973345824050044,-0.039950777903729785,-0.0023921562115900457,0.7263486503503236,1.2573782417340162,-0.0004981132818550824,1.2578763550158714,0.0
66,1.32,idle,locomotion,0,1.3899999856948853,0.019999999552965164,0.10973345824050044,-0.039798569112456716,-0.002372744957085811,0.7263369883169647,1.2573664182323605,-0.0004978727708221942,1.2578642910031828,0.0
67,1.34,idle,locomotion,0,1.3899999856948853,0.019999999552965164,0.10973345824050044,-0.039650456017403954,-0.0023528876742618253,0.7263263514370878,1.2573552773826797,-0.0004976487222828931,1.2578529261049627,0.0
68,1.36,idle,locomotion,0,1.3899999856948853,0.019999999552965164,0.10973345824050044,-0.039507071234474694,-0.0023326245313092255,0.7263169048910123,1.257345020892138,-0.0004974402659337837,1.2578424611580716,0.0
69,1.38,idle,locomotion,0,1.3899999856948853,0.019999999552965164,0.10973345824050044,-0.039368955272481625,-0.0023120522176872747,0.7263086594382638,1.2573357052266456,-0.0004972431769076149,1.2578329484035533,0.0
70,1.4,idle,locomotion,0,1.3899999856948853,0.019999999552965164,0.10973345824050044,-0.039236585302279206,-0.002291292468639742,0.7263015292209395,1.2573272882372577,-0.0004970570907353727,1.2578243453279931,0.0
71,1.42,idle,locomotion,0,1.3899999856948853,0.019999999552965164,0.10973345824050044,-0.039110313214058126,-0.0022704722335068674,0.7262952916436223,1.2573195964671657,-0.0004968834470251982,1.2578164799141909,0.0
72,1.44,idle,locomotion,0,1.3899999856948853,0.019999999552965164,0.10973345824050044,-0.038990268553169144,-0.002249706794842088,0.726289659363795,1.257312412036121,-0.0004967228412846234,1.2578091348774056,0.0
73,1.46,idle,locomotion,0,1.3899999856948853,0.019999999552965164,0.10973345824050044,-0.038876256500185495,-0.00222908331043301,0.7262844888162466,1.257305737883123,-0.0004965745641637674,1.2578023124472868,0.0
74,1.48,idle,locomotion,0,1.3899999856948853,0.019999999552965164,0.10973345824050044,-0.03876825374524405,-0.002208691927478188,0.7262796650255577,1.2572995472091129,-0.0004964379390248776,1.2577959851481377,0.0
75,1.5,idle,locomotion,0,1.3899999856948853,0.019999999552965164,0.10973345824050044,-0.03866637106998156,-0.002188626282179605,0.7262750713791107,1.257293751718504,-0.0004963165999906094,1.2577900683184948,0.0
76,1.52,idle,locomotion,0,1.3899999856948853,0.019999999552965164,0.10973345824050044,-0.03857066008911649,-0.0021689672689285742,0.7262705373741128,1.2572881938242382,-0.0004962203375078397,1.257784414161746,0.0
77,1.54,idle,locomotion,0,1.3899999856948853,0.019999999552965164,0.10973345824050044,-0.03848113558199984,-0.0021497942342655297,0.7262659465143604,1.257282756144034,-0.0004961412072762121,1.2577788973513102,0.0
78,1.56,idle,locomotion,0,1.3899999856948853,0.019999999552965164,0.10973345824050044,-0.03839779479526954,-0.002131190682318707,0.7262612645326159,1.2572773949335936,-0.0004960746511431975,1.2577734695847367,0.0
79,1.58,idle,locomotion,0,1.3899999856948853,0.019999999552965164,0.10973345824050044,-0.03832060382734518,-0.0021132421983318067,0.7262565144106783,1.2572721192184924,-0.0004960196207476099,1.2577681388392399,0.0
80,1.6,idle,locomotion,0,1.3899999856948853,0.019999999552965164,0.10973345824050044,-0.03824949220999581,-0.0020960297789313397,0.7262517486296834,1.2572669663807465,-0.000495975146056666,1.2577629415268032,0.0
81,1.62,idle,locomotion,0,1.3899999856948853,0.019999999552965164,0.10973345824050044,-0.038184353574487476,-0.0020796273363429462,0.7262470363835782,1.2572619899926465,-0.0004959406271823098,1.2577579306198288,0.0
82,1.64,idle,locomotion,0,1.3899999856948853,0.019999999552965164,0.10973345824050044,-0.038125050369908424,-0.002064100499352367,0.7262424412721082,1.2572572391175325,-0.000495914786116193,1.2577531539036486,0.0
83,1.66,idle,locomotion,0,1.3899999856948853,0.019999999552965164,0.10973345824050044,-0.03807141703927618,-0.0020495042010744025,0.7262380093383676,1.2572527460737677,-0.000495896626414364,1.257748642700182,0.0
84,1.68,idle,locomotion,0,1.3899999856948853,0.019999999552965164,0.10973345824050044,-0.038023264554272795,-0.002035883928515374,0.726233776002491,1.2572485335422443,-0.0004958853378794204,1.2577444188801237,0.0
85,1.7,idle,locomotion,0,1.3899999856948853,0.019999999552965164,0.10973345824050044,-0.03798036547473747,-0.0020232855018041574,0.7262297525841002,1.2572446073620145,-0.0004958833557931266,1.2577404907178076,0.0
86,1.72,idle,locomotion,0,1.3899999856948853,0.019999999552965164,0.10973345824050044,-0.03794247550777045,-0.0020117433502586553,0.726225792412785,1.2572408245549782,-0.0004958880667775799,1.2577367126217558,0.0
87,1.74,idle,locomotion,0,1.3899999856948853,0.019999999552965164,0.10973345824050044,-0.03790936571956132,-0.0020012437793620274,0.7262218031342148,1.2572370885189725,-0.0004958969715412841,1.2577329854905137,0.0
88,1.76,idle,locomotion,0,1.3899999856948853,0.019999999552965164,0.10973345824050044,-0.03788081757900791,-0.0019917509670590843,0.7262177658024656,1.2572333729733352,-0.0004959094698492976,1.2577292824431845,0.0
89,1.78,idle,locomotion,0,1.3899999856948853,0.019999999552965164,0.10973345824050044,-0.03785661328307375,-0.0019832267791976854,0.7262136945327635,1.2572296823380127,-0.0004959256820852645,1.257725608020098,0.0
90,1.8,idle,locomotion,0,1.3899999856948853,0.019999999552965164,0.10973345824050044,-0.03783653228051785,-0.0019756275804517086,0.7262096180977397,1.257226035127313,-0.0004959455087628246,1.2577219806360758,0.0
91,1.82,idle,locomotion,0,1.3899999856948853,0.019999999552965164,0.10973345824050044,-0.03782035104706744,-0.001968904553919018,0.726205552868027,1.2572224384697634,-0.0004959676624402866,1.2577184061322038,0.0
92,1.84,idle,locomotion,0,1.3899999856948853,0.019999999552965164,0.10973345824050044,-0.03780784271893175,-0.0019630048176416744,0.7262015117392386,1.257218896096506,-0.0004959917602533961,1.2577148878567594,0.0
93,1.86,idle,locomotion,0,1.3899999856948853,0.019999999552965164,0.10973345824050044,-0.037798778321955065,-0.0019578818765514064,0.7261975145023787,1.2572154190112321,-0.0004960176386713915,1.2577114366499036,0.0
94,1.88,idle,locomotion,0,1.3899999856948853,0.019999999552965164,0.10973345824050044,-0.03779293045009661,-0.001953490411247343,0.726193574390708,1.2572120127770172,-0.0004960443200940322,1.2577080570971113,0.0
95,1.9,idle,locomotion,0,1.3899999856948853,0.019999999552965164,0.10973345824050044,-0.03779007553827672,-0.0019497731584616161,0.7261896477497393,1.2572086303302545,-0.0004960676045246137,1.2577046979347792,0.0
96,1.92,idle,locomotion,0,1.3899999856948853,0.019999999552965164,0.10973345824050044,-0.03778999226334688,-0.0019466833035973238,0.7261857059884366,1.257205238096582,-0.0004960906258754429,1.2577013287224574,0.0
97,1.94,idle,locomotion,0,1.3899999856948853,0.019999999552965164,0.10973345824050044,-0.037792468128504196,-0.00194418313666298,0.7261817534201144,1.2572018351200798,-0.000496114850380102,1.25769794997046,0.0
98,1.96,idle,locomotion,0,1.3899999856948853,0.019999999552965164,0.10973345824050044,-0.03779729848375077,-0.0019422413003321564,0.726177802286486,1.257198427814511,-0.0004961398017618232,1.2576945676162727,0.0
99,1.98,idle,locomotion,0,1.3899999856948853,0.019999999552965164,0.10973345824050044,-0.03780428502417955,-0.0019408303404072351,0.7261738650777927,1.2571950231089988,-0.0004961650512365079,1.2576911881602353,0.0
100,2.0,idle,locomotion,0,1.3899999856948853,0.019999999552965164,0.10973345824050044,-0.03781323379185113,-0.0019399267377983773,0.7261699534650011,1.257191627564353,-0.0004961901973054468,1.2576878177616586,0.0
101,2.02,idle,locomotion,0,1.3899999856948853,0.019999999552965164,0.10973345824050044,-0.03782395862817629,-0.0019395074618364,0.7261660777502572,1.2571882468408229,-0.0004962149995801114,1.257684461840403,0.0
102,2.04,idle,locomotion,0,1.3899999856948853,0.019999999552965164,0.10973345824050044,-0.037836280574161246,-0.0019395475092077938,0.7261622482239438,1.2571848870002704,-0.0004962394133865011,1.257681126413657,0.0
103,2.06,idle,locomotion,0,1.3899999856948853,0.019999999552965164,0.10973345824050044,-0.03785002687409095,-0.0019400241959340037,0.7261584736975744,1.2571815533352613,-0.0004962631162311465,1.2576778164514923,0.0
104,2.08,idle,locomotion,0,1.3899999856948853,0.019999999552965164,0.10973345824050044,-0.037865033127248766,-0.001940915985550478,0.7261547612279218,1.2571782497758424,-0.0004962860614132099,1.2576745358372556,0.0
105,2.1,idle,locomotion,0,1.3899999856948853,0.019999999552965164,0.10973345824050044,-0.037881144366853234,-0.0019421997976113254,0.726151116904291,1.2571749796301404,-0.0004963081677062248,1.2576712877978466,0.0
106,2.12,idle,locomotion,0,1.3899999856948853,0.019999999552965164,0.10973345824050044,-0.03789821342254424,-0.0019438574994747407,0.7261475461966,1.2571717459155485,-0.0004963292852786308,1.2576680752008271,0.0
107,2.14,idle,locomotion,0,1.3899999856948853,0.019999999552965164,0.10973345824050044,-0.03791610088426661,-0.0019458706634041644,0.7261440523124426,1.257168550029562,-0.0004963494413197968,1.2576648994708817,0.0
108,2.16,idle,locomotion,0,1.3899999856948853,0.019999999552965164,0.10973345824050044,-0.037934676725383185,-0.0019482171533004235,0.7261406394163334,1.2571653944787577,-0.0004963686710794807,1.2576617631498372,0.0
109,2.18,idle,locomotion,0,1.3899999856948853,0.019999999552965164,0.10973345824050044,-0.03795381956317606,-0.0019508789264131967,0.7261373117212283,1.2571622821336388,-0.0004963868129287605,1.2576586689465676,0.0
110,2.2,idle,locomotion,0,1.3899999856948853,0.019999999552965164,0.10973345824050044,-0.037973415054025836,-0.0019538383056631465,0.7261340708636467,1.2571592138701555,-0.0004964039391299642,1.2576556178092855,0.0
111,2.22,idle,locomotion,0,1.3899999856948853,0.019999999552965164,0.10973345824050044,-0.03799335755406067,-0.0019570763714151012,0.7261309181180389,1.2571561904214696,-0.0004964200058592445,1.257652610427329,0.0
112,2.24,idle,locomotion,0,1.3899999856948853,0.019999999552965164,0.10973345824050044,-0.03801355059364184,-0.0019605734981437395,0.7261278555893353,1.2571532135027426,-0.0004964350517124606,1.257649648554455,0.0
113,2.26,idle,locomotion,0,1.3899999856948853,0.019999999552965164,0.10973345824050044,-0.03803390485269935,-0.0019643138253974675,0.7261248831906353,1.2571502830130215,-0.0004964489921240774,1.2576467320051454,0.0
114,2.28,idle,locomotion,0,1.3899999856948853,0.019999999552965164,0.10973345824050044,-0.0380543386829913,-0.0019682800452618613,0.7261220022671725,1.2571474003582783,-0.0004964619728673528,1.2576438623311457,0.0
115,2.3,idle,locomotion,0,1.3899999856948853,0.019999999552965164,0.10973345824050044,-0.03807477880323311,-0.0019724512922397585,0.726119212564563,1.2571445657903717,-0.0004964738401231732,1.257641039630495,0.0
116,2.32,idle,locomotion,0,1.3899999856948853,0.019999999552965164,0.10973345824050044,-0.0380951589331823,-0.001976812928142802,0.7261165110495029,1.257141776791511,-0.0004964845780563339,1.2576382613695674,0.0
117,2.34,idle,locomotion,0,1.3899999856948853,0.019999999552965164,0.10973345824050044,-0.03811541963138133,-0.0019813487443219656,0.7261138968503841,1.2571390330871515,-0.000496494442514258,1.2576355275296658,0.0
118,2.36,idle,locomotion,0,1.3899999856948853,0.019999999552965164,0.10973345824050044,-0.0381355072414061,-0.0019860435973440343,0.7261113696488681,1.2571363353017593,-0.0004965033428867907,1.257632838644646,0.0
119,2.38,idle,locomotion,0,1.3899999856948853,0.019999999552965164,0.10973345824050044,-0.03815537424913184,-0.0019908845963955376,0.7261089280647258,1.2571336831136042,-0.0004965112907185411,1.2576301944043227,0.0
120,2.4,idle,locomotion,0,1.3899999856948853,0.019999999552965164,0.10973345824050044,-0.03817497987875535,-0.001995856067290558,0.7261065704415878,1.2571310759861642,-0.0004965184539976186,1.2576275944401618,0.0
121,2.42,idle,locomotion,0,1.3899999856948853,0.019999999552965164,0.10973345824050044,-0.038194289444005304,-0.0020009430520182116,0.7261042920530185,1.2571285104478342,-0.0004965246971528926,1.2576250351449871,0.0
122,2.44,idle,locomotion,0,1.3899999856948853,0.019999999552965164,0.10973345824050044,-0.038213272964481196,-0.0020061314575537262,0.7261020917294111,1.2571259864425746,-0.0004965301757188859,1.2576225166182935,0.0
123,2.46,idle,locomotion,0,1.3899999856948853,0.019999999552965164,0.10973345824050044,-0.03823190512165872,-0.0020114067436119367,0.7260999679523092,1.2571235040372957,-0.0004965348304388877,1.2576200388677345,0.0
124,2.48,idle,locomotion,0,1.3899999856948853,0.019999999552965164,0.10973345824050044,-0.03825016549663611,-0.002016758451302328,0.7260979165744087,1.257121060466779,-0.0004965386315066225,1.2576175990982856,0.0
125,2.5,idle,locomotion,0,1.3899999856948853,0.019999999552965164,0.10973345824050044,-0.03826803749585762,-0.0020221765513113235,0.7260959363872206,1.257118655878214,-0.0004965417981860377,1.2576151976764,0.0
126,2.52,idle,locomotion,0,1.3899999856948853,0.019999999552965164,0.10973345824050044,-0.03828550859871927,-0.002027648123901554,0.7260940252195499,1.257116289803787,-0.0004965443239988467,1.257612834127786,0.0
127,2.54,idle,locomotion,0,1.3899999856948853,0.019999999552965164,0.10973345824050044,-0.03830257102440053,-0.002033162133514072,0.7260921806388804,1.2571139611487832,-0.0004965462333212205,1.2576105073821044,0.0
128,2.56,idle,locomotion,0,1.3899999856948853,0.019999999552965164,0.10973345824050044,-0.03831922028933088,-0.0020387076222750803,0.7260903998514068,1.2571116685714374,-0.0004965475656289915,1.2576082161370663,0.0
129,2.58,idle,locomotion,0,1.3899999856948853,0.019999999552965164,0.10973345824050044,-0.03833545385901176,-0.002044274219127755,0.7260886795923636,1.257109410329231,-0.0004965484103609426,1.257605958739592,0.0
130,2.6,idle,locomotion,0,1.3899999856948853,0.019999999552965164,0.10973345824050044,-0.03835127191250799,-0.0020498534684010904,0.7260870162395606,1.2571071843517538,-0.0004965487680453663,1.2576037331197991,0.0
131,2.62,idle,locomotion,0,1.3899999856948853,0.019999999552965164,0.10973345824050044,-0.03836667677864048,-0.002055436846506584,0.7260854058987604,1.2571049883599132,-0.0004965486690571633,1.2576015370289704,0.0
132,2.64,idle,locomotion,0,1.3899999856948853,0.019999999552965164,0.10973345824050044,-0.03838167251922361,-0.0020610180673987103,0.7260838466965723,1.257102821946388,-0.0004965481796601647,1.2575993701260482,0.0
133,2.66,idle,locomotion,0,1.3899999856948853,0.019999999552965164,0.10973345824050044,-0.038396265671164734,-0.002066593008540854,0.7260823371845653,1.2571006851081845,-0.000496547312343696,1.2575972324205282,0.0
134,2.68,idle,locomotion,0,1.3899999856948853,0.019999999552965164,0.10973345824050044,-0.03841046517470593,-0.0020721561727101664,0.7260808749109112,1.2570985767875307,-0.000496546108203131,1.2575951228957338,0.0
135,2.7,idle,locomotion,0,1.3899999856948853,0.019999999552965164,0.10973345824050044,-0.038424281100109516,-0.002077701258646643,0.7260794565972339,1.2570964951270847,-0.0004965446206247406,1.2575930397477093,0.0
136,2.72,idle,locomotion,0,1.3899999856948853,0.019999999552965164,0.10973345824050044,-0.03843772477193467,-0.0020832235247779476,0.7260780794026077,1.2570944385447915,-0.000496542997099135,1.2575909815418906,0.0
137,2.74,idle,locomotion,0,1.3899999856948853,0.019999999552965164,0.10973345824050044,-0.03845080895794096,-0.0020887163002007436,0.7260767423276431,1.2570924072695862,-0.0004965411737480468,1.2575889484433342,0.0
138,2.76,idle,locomotion,0,1.3899999856948853,0.019999999552965164,0.10973345824050044,-0.038463546787017196,-0.00209417705913636,0.726075442647068,1.257090399867639,-0.0004965390477959936,1.257586938915435,0.0
139,2.78,idle,locomotion,0,1.3899999856948853,0.019999999552965164,0.10973345824050044,-0.038475951028005224,-0.0020996039638302134,0.7260741786984997,1.2570884158708564,-0.0004965368569205576,1.257584952727777,0.0
140,2.8,idle,locomotion,0,1.3899999856948853,0.019999999552965164,0.10973345824050044,-0.03848803606335266,-0.002104992908397576,0.726072948714042,1.2570864547599423,-0.0004965344984395603,1.2575829892583819,0.0
141,2.82,idle,locomotion,0,1.3899999856948853,0.019999999552965164,0.10973345824050044,-0.03849981654532726,-0.0021103432242110254,0.7260717510278482,1.2570845158663522,-0.0004965320527842987,1.2575810479191365,0.0
142,2.84,idle,locomotion,0,1.3899999856948853,0.019999999552965164,0.10973345824050044,-0.03851130711214258,-0.0021156539870702423,0.7260705836855562,1.2570825983170753,-0.000496529579520788,1.257579127896596,0.0
143,2.86,idle,locomotion,0,1.3899999856948853,0.019999999552965164,0.10973345824050044,-0.03852252260289845,-0.0021209225086536634,0.7260694457644026,1.2570807021400583,-0.0004965271703322831,1.2575772293103906,0.0
144,2.88,idle,locomotion,0,1.3899999856948853,0.019999999552965164,0.10973345824050044,-0.038533478357978206,-0.002126147308672739,0.7260683339236514,1.257078825020617,-0.0004965247107701111,1.2575753497313873,0.0
145,2.9,idle,locomotion,0,1.3899999856948853,0.019999999552965164,0.10973345824050044,-0.03854418893641657,-0.0021313288000770923,0.7260672482054482,1.2570769676630884,-0.000496522343713706,1.257573490006802,0.0
146,2.92,idle,locomotion,0,1.3899999856948853,0.019999999552965164,0.10973345824050044,-0.03855466915469271,-0.0021364662314939955,0.7260661871186549,1.257075129584491,-0.000496519981565996,1.2575716495660572,0.0
147,2.94,idle,locomotion,0,1.3899999856948853,0.019999999552965164,0.10973345824050044,-0.038564933230236784,-0.0021415604631658627,0.7260651485678868,1.2570733094264293,-0.0004965175976748316,1.257569827024104,0.0
148,2.96,idle,locomotion,0,1.3899999856948853,0.019999999552965164,0.10973345824050044,-0.03857499514037846,-0.002146613697074356,0.7260641300908689,1.2570715055173165,-0.0004965152608320429,1.2575680207781486,0.0
149,2.98,idle,locomotion,0,1.3899999856948853,0.019999999552965164,0.10973345824050044,-0.03858486852780457,-0.0021516278052373257,0.7260631329171688,1.257069719513792,-0.0004965131776700285,1.257566232691462,0.0
150,3.0,idle,locomotion,0,1.3899999856948853,0.019999999552965164,0.10973345824050044,-0.03859456665864512,-0.0021566015428350757,0.726062157214361,1.2570679523705843,-0.0004965112259555059,1.2575644635965397,0.0
151,3.02,idle,locomotion,0,1.3899999856948853,0.019999999552965164,0.10973345824050044,-0.03860410224457754,-0.0021615359267802346,0.7260612000942488,1.2570662017691607,-0.0004965093649283818,1.257562711134089,0.0
152,3.04,idle,locomotion,0,1.3899999856948853,0.019999999552965164,0.10973345824050044,-0.038613486507273295,-0.0021664347675250085,0.7260602607269822,1.2570644673741593,-0.000496507623783362,1.2575609749979426,0.0
153,3.06,idle,locomotion,0,1.3899999856948853,0.019999999552965164,0.10973345824050044,-0.03862273049271604,-0.0021712997909190393,0.726059340185352,1.2570627507930838,-0.0004965060753824788,1.2575592568684664,0.0
154,3.08,idle,locomotion,0,1.3899999856948853,0.019999999552965164,0.10973345824050044,-0.03863184559711019,-0.0021761315582920007,0.7260584378073341,1.2570610518391765,-0.0004965046750397342,1.2575575565142163,0.0
155,3.1,idle,locomotion,0,1.3899999856948853,0.019999999552965164,0.10973345824050044,-0.038640842830062375,-0.002180932491474363,0.7260575520500243,1.2570593692897964,-0.0004965033844703363,1.2575558726742668,0.0
156,3.12,idle,locomotion,0,1.3899999856948853,0.019999999552965164,0.10973345824050044,-0.03864973193071552,-0.0021857041703144636,0.7260566816476446,1.2570577022864562,-0.0004965023691498489,1.257554204655606,0.0
157,3.14,idle,locomotion,0,1.3899999856948853,0.019999999552965164,0.10973345824050044,-0.03865852192526093,-0.0021904485144333143,0.7260558259737272,1.2570560505385286,-0.0004965015117767944,1.2575525520503055,0.0
158,3.16,idle,locomotion,0,1.3899999856948853,0.019999999552965164,0.10973345824050044,-0.03866722104081008,-0.002195167849060168,0.7260549854030398,1.257054414701619,-0.0004965008947482967,1.2575509155963673,0.0
159,3.18,idle,locomotion,0,1.3899999856948853,0.019999999552965164,0.10973345824050044,-0.03867583767897617,-0.0021998627726266774,0.7260541600615571,1.2570527951457455,-0.0004965004525935984,1.2575492955983392,0.0
160,3.2,idle,locomotion,0,1.3899999856948853,0.019999999552965164,0.10973345824050044,-0.03868437916085785,-0.002204535175652503,0.7260533485150802,1.2570511907273412,-0.0004965001656586643,1.257547690893,0.0
161,3.22,idle,locomotion,0,1.3899999856948853,0.019999999552965164,0.10973345824050044,-0.03869285179351357,-0.0022091877392968924,0.7260525516630524,1.2570496024791726,-0.0004965001255609162,1.2575461026047337,0.0
162,3.24,idle,locomotion,0,1.3899999856948853,0.019999999552965164,0.10973345824050044,-0.03870126247657046,-0.0022138237572766374,0.7260517677280621,1.257048028884222,-0.0004965001921591293,1.2575445290763811,0.0
163,3.26,idle,locomotion,0,1.3899999856948853,0.019999999552965164,0.10973345824050044,-0.03870961629957666,-0.0022184453049225905,0.7260509985249289,1.2570464717314627,-0.0004965005628858113,1.2575429722943485,0.0
164,3.28,idle,locomotion,0,1.3899999856948853,0.019999999552965164,0.10973345824050044,-0.03871791809634245,-0.0022230537559869176,0.7260502440725352,1.2570449313996697,-0.0004965011224073099,1.257541432522077,0.0
165,3.3,idle,locomotion,0,1.3899999856948853,0.019999999552965164,0.10973345824050044,-0.038726172808313315,-0.002227650979778748,0.7260495027966888,1.2570434062974234,-0.0004965019348980027,1.2575399082323213,0.0
166,3.32,idle,locomotion,0,1.3899999856948853,0.019999999552965164,0.10973345824050044,-0.0387343842688641,-0.002232239207150122,0.726048775272058,1.2570418970740906,-0.0004965029213868308,1.2575383999954775,0.0
167,3.34,idle,locomotion,0,1.3899999856948853,0.019999999552965164,0.10973345824050044,-0.03874255646965084,-0.0022368189550287586,0.7260480613280035,1.2570404036771416,-0.0004965040918025083,1.2575369077689442,0.0
168,3.36,idle,locomotion,0,1.3899999856948853,0.019999999552965164,0.10973345824050044,-0.03875069184494892,-0.002241392500506018,0.7260473603437149,1.2570389256011265,-0.0004965054410431165,1.2575354310421696,0.0
169,3.38,idle,locomotion,0,1.3899999856948853,0.019999999552965164,0.10973345824050044,-0.03875879279833655,-0.002245961908084015,0.7260466718291085,1.2570374624685567,-0.0004965069960548955,1.2575339694646117,0.0
170,3.4,idle,locomotion,0,1.3899999856948853,0.019999999552965164,0.10973345824050044,-0.03876686220472898,-0.002250528499028146,0.7260459976446347,1.2570360159809137,-0.0004965087378877853,1.2575325247188016,0.0
171,3.42,idle,locomotion,0,1.3899999856948853,0.019999999552965164,0.10973345824050044,-0.038774902190685016,-0.002255092904095488,0.7260453380291895,1.2570345864715649,-0.0004965106905984278,1.2575310971621634,0.0
172,3.44,idle,locomotion,0,1.3899999856948853,0.019999999552965164,0.10973345824050044,-0.03878291419554507,-0.002259656620290737,0.7260446915403388,1.2570331725513824,-0.0004965127742503697,1.2575296853256328,0.0
173,3.46,idle,locomotion,0,1.3899999856948853,0.019999999552965164,0.10973345824050044,-0.03879089904687833,-0.002264221451300023,0.7260440581193158,1.2570317741868668,-0.0004965150627324645,1.2575282892495994,0.0
174,3.48,idle,locomotion,0,1.3899999856948853,0.019999999552965164,0.10973345824050044,-0.03879885881021404,-0.0022687874664362516,0.7260434383066672,1.257030391790509,-0.0004965175536574308,1.2575269093441666,0.0
175,3.5,idle,locomotion,0,1.3899999856948853,0.019999999552965164,0.10973345824050044,-0.03880679399903761,-0.002273355449429819,0.7260428324178219,1.2570290256355277,-0.0004965202535028024,1.2575255458890304,0.0
176,3.52,idle,locomotion,0,1.3899999856948853,0.019999999552965164,0.10973345824050044,-0.03881470426090329,-0.002277926336004063,0.7260422398620395,1.257027675256141,-0.0004965231095076274,1.2575241983656484,0.0
177,3.54,idle,locomotion,0,1.3899999856948853,0.019999999552965164,0.10973345824050044,-0.03882258980359443,-0.00228250197302788,0.7260416607723811,1.2570263407168367,-0.0004965260915121283,1.257522866808349,0.0
178,3.56,idle,locomotion,0,1.3899999856948853,0.019999999552965164,0.10973345824050044,-0.03883045048883817,-0.002287085657001312,0.7260410951779398,1.2570250220136903,-0.0004965292167709474,1.2575215512304612,0.0
179,3.58,idle,locomotion,0,1.3899999856948853,0.019999999552965164,0.10973345824050044,-0.03883828580867708,-0.0022916776099128696,0.7260405440065261,1.2570237200423675,-0.0004965325735623617,1.25752025261593,0.0
180,3.6,idle,locomotion,0,1.3899999856948853,0.019999999552965164,0.10973345824050044,-0.03884609595886741,-0.0022962740808631253,0.7260400059718726,1.257022433623747,-0.0004965361033733261,1.2575189697271203,0.0
181,3.62,idle,locomotion,0,1.3899999856948853,0.019999999552965164,0.10973345824050044,-0.03885388077709256,-0.002300875401946183,0.7260394805493153,1.2570211620399114,-0.0004965397094070199,1.2575177017493184,0.0
182,3.64,idle,locomotion,0,1.3899999856948853,0.019999999552965164,0.10973345824050044,-0.038861639563044684,-0.002305482970892596,0.7260389696880832,1.257019907134027,-0.0004965434902546306,1.2575164506242815,0.0
183,3.66,idle,locomotion,0,1.3899999856948853,0.019999999552965164,0.10973345824050044,-0.03886937167874789,-0.002310100278137781,0.7260384720748667,1.2570186676413324,-0.0004965472527498904,1.2575152148940822,0.0
184,3.68,idle,locomotion,0,1.3899999856948853,0.019999999552965164,0.10973345824050044,-0.03887707607202896,-0.0023147269281431158,0.7260379866074372,1.2570174424011442,-0.0004965512653350469,1.2575139936664792,0.0
185,3.7,idle,locomotion,0,1.3899999856948853,0.019999999552965164,0.10973345824050044,-0.03888475149412727,-0.00231936128793718,0.7260375148242787,1.2570162329108383,-0.0004965554798880834,1.2575127883907264,0.0
186,3.72,idle,locomotion,0,1.3899999856948853,0.019999999552965164,0.10973345824050044,-0.038892397073065715,-0.002324004630677159,0.7260370573957178,1.2570150397952786,-0.0004965597699015736,1.2575115995651802,0.0
187,3.74,idle,locomotion,0,1.3899999856948853,0.019999999552965164,0.10973345824050044,-0.03890001177567449,-0.0023286588215443134,0.7260366144913184,1.257013863116191,-0.000496564121476209,1.2575104272376671,0.0
188,3.76,idle,locomotion,0,1.3899999856948853,0.019999999552965164,0.10973345824050044,-0.03890759454533309,-0.002333322360182262,0.7260361847632667,1.2570127016264,-0.0004965686170138421,1.2575092702434139,0.0
189,3.78,idle,locomotion,0,1.3899999856948853,0.019999999552965164,0.10973345824050044,-0.03891514498991831,-0.002337992784875878,0.7260357681400895,1.257011555088249,-0.0004965733422572158,1.2575081284305063,0.0
190,3.8,idle,locomotion,0,1.3899999856948853,0.019999999552965164,0.10973345824050044,-0.03892266174022817,-0.002342671432823613,0.7260353644842243,1.2570104233708563,-0.0004965781010386472,1.257507001471895,0.0
191,3.82,idle,locomotion,0,1.3899999856948853,0.019999999552965164,0.10973345824050044,-0.038930143382474074,-0.0023473585286403176,0.7260349728241366,1.25700930556019,-0.0004965829169615438,1.2575058884771517,0.0
192,3.84,idle,locomotion,0,1.3899999856948853,0.019999999552965164,0.10973345824050044,-0.03893758908182494,-0.0023520532648364707,0.7260345950433541,1.2570082033640393,-0.0004965878654691926,1.2575047912295085,0.0
193,3.86,idle,locomotion,0,1.3899999856948853,0.019999999552965164,0.10973345824050044,-0.038944997275140024,-0.002356759035525584,0.7260342323824753,1.2570071180254812,-0.0004965928583935998,1.2575037108838747,0.0
194,3.88,idle,locomotion,0,1.3899999856948853,0.019999999552965164,0.10973345824050044,-0.0389523668319971,-0.002361474481189883,0.7260338835599205,1.2570060483512795,-0.0004965980355925263,1.257502646386872,0.0
195,3.9,idle,locomotion,0,1.3899999856948853,0.019999999552965164,0.10973345824050044,-0.038959696800183755,-0.002366198266951751,0.7260335473686133,1.2570049931078602,-0.0004966032929031444,1.2575015964007634,0.0
196,3.92,idle,locomotion,0,1.3899999856948853,0.019999999552965164,0.10973345824050044,-0.03896698564400276,-0.0023709249269350725,0.7260332248188544,1.2570039533693826,-0.0004966085269173769,1.2575005618963,0.0
197,3.94,idle,locomotion,0,1.3899999856948853,0.019999999552965164,0.10973345824050044,-0.0389742345191466,-0.0023756443852648397,0.7260329143516088,1.2570029277082384,-0.0004966133320033032,1.2574995410402416,0.0
198,3.96,idle,locomotion,0,1.3899999856948853,0.019999999552965164,0.10973345824050044,-0.03898144367847417,-0.0023803496654979735,0.7260326165806485,1.2570019165931532,-0.0004966178108295749,1.2574985344039828,0.0
199,3.98,idle,locomotion,0,1.3899999856948853,0.019999999552965164,0.10973345824050044,-0.03898861262900063,-0.0023850358015930157,0.726032332607712,1.2570009212886084,-0.0004966224246621652,1.2574975437132705,0.0
200,4.0,idle,locomotion,0,1.3899999856948853,0.019999999552965164,0.10973345824050044,-0.03899574067474761,-0.0023897000162703646,0.7260320611898422,1.2569999406172063,-0.0004966270633166084,1.257496567680523,0.0
201,4.02,idle,locomotion,0,1.3899999856948853,0.019999999552965164,0.10973345824050044,-0.039002826752203665,-0.0023943456896016245,0.7260318022461046,1.2569989744287149,-0.0004966316648065371,1.2574956060935214,0.0
202,4.04,idle,locomotion,0,1.3899999856948853,0.019999999552965164,0.10973345824050044,-0.03900987022152734,-0.0023989767963552857,0.7260315570270146,1.256998023883692,-0.0004966365707934108,1.2574946604544854,0.0
203,4.06,idle,locomotion,0,1.3899999856948853,0.019999999552965164,0.10973345824050044,-0.03901687028402781,-0.0024035978562164514,0.7260313251923095,1.2569970886016564,-0.0004966415129379169,1.2574937301145943,0.0
204,4.08,idle,locomotion,0,1.3899999856948853,0.019999999552965164,0.10973345824050044,-0.03902382538162212,-0.0024082146302418653,0.7260311037794913,1.2569961657395319,-0.0004966466804289422,1.257492812419961,0.0
205,4.1,idle,locomotion,0,1.3899999856948853,0.019999999552965164,0.10973345824050044,-0.0390307346959804,-0.0024128316350019293,0.7260308943090956,1.2569952565734333,-0.0004966519087290372,1.2574919084821623,0.0
206,4.12,idle,locomotion,0,1.3899999856948853,0.019999999552965164,0.10973345824050044,-0.0390375975652226,-0.002417453780028898,0.7260306973247309,1.2569943616770578,-0.0004966574043517927,1.2574910190814097,0.0
207,4.14,idle,locomotion,0,1.3899999856948853,0.019999999552965164,0.10973345824050044,-0.039044413196631954,-0.0024220851605340596,0.7260305121959553,1.2569934802887457,-0.0004966629976930377,1.2574901432864387,0.0
208,4.16,idle,locomotion,0,1.3899999856948853,0.019999999552965164,0.10973345824050044,-0.03905118112710596,-0.002426728921883502,0.7260303390189512,1.2569926124190955,-0.0004966688146619339,1.2574892812337575,0.0
209,4.18,idle,locomotion,0,1.3899999856948853,0.019999999552965164,0.10973345824050044,-0.03905790062699131,-0.0024313856470762245,0.7260301770149119,1.256991757330268,-0.0004966746779091827,1.2574884320081772,0.0
210,4.2,idle,locomotion,0,1.3899999856948853,0.019999999552965164,0.10973345824050044,-0.03906457110921193,-0.0024360560849746964,0.726030026228581,1.256990915002498,-0.0004966805895167022,1.2574875955920148,0.0
211,4.22,idle,locomotion,0,1.3899999856948853,0.019999999552965164,0.10973345824050044,-0.03907119271345569,-0.0024407412981477276,0.72602988594929,1.2569900846933708,-0.000496686537446285,1.257486771230817,0.0
212,4.24,idle,locomotion,0,1.3899999856948853,0.019999999552965164,0.10973345824050044,-0.0390777653539631,-0.0024454403430556656,0.7260297561363873,1.2569892662695936,-0.0004966926311292044,1.2574859589007228,0.0
213,4.26,idle,locomotion,0,1.3899999856948853,0.019999999552965164,0.10973345824050044,-0.039084288827117245,-0.0024501520284943555,0.7260296388052548,1.256988461634478,-0.0004966986479216576,1.2574851602823995,0.0
214,4.28,idle,locomotion,0,1.3899999856948853,0.019999999552965164,0.10973345824050044,-0.039090762687507725,-0.0024548757490298907,0.7260295327291906,1.25698766980547,-0.0004967046503315323,1.2574843744558015,0.0
215,4.3,idle,locomotion,0,1.3899999856948853,0.019999999552965164,0.10973345824050044,-0.03909718661452382,-0.002459609340647847,0.7260294381401445,1.2569868909508872,-0.0004967107803994057,1.2574836017312867,0.0
216,4.32,idle,locomotion,0,1.3899999856948853,0.019999999552965164,0.10973345824050044,-0.03910356068427325,-0.002464351891000357,0.7260293534325425,1.2569861236027655,-0.0004967169130099362,1.2574828405157754,0.0
217,4.34,idle,locomotion,0,1.3899999856948853,0.019999999552965164,0.10973345824050044,-0.03910988630833488,-0.0024691023745382432,0.726029278390539,1.2569853672661488,-0.0004967232084780102,1.257482090474627,0.0
218,4.36,idle,locomotion,0,1.3899999856948853,0.019999999552965164,0.10973345824050044,-0.03911616400706695,-0.0024738585844346476,0.7260292127442293,1.2569846217239284,-0.0004967294599174804,1.2574813511838459,0.0
219,4.38,idle,locomotion,0,1.3899999856948853,0.019999999552965164,0.10973345824050044,-0.03912239342164468,-0.0024786176048299143,0.7260291567821752,1.256983887306306,-0.0004967358617425609,1.2574806231680484,0.0
220,4.4,idle,locomotion,0,1.3899999856948853,0.019999999552965164,0.10973345824050044,-0.03912857461911493,-0.0024833764670433617,0.7260291109903092,1.256983164559649,-0.000496742201720874,1.2574799067613698,0.0
221,4.42,idle,locomotion,0,1.3899999856948853,0.019999999552965164,0.10973345824050044,-0.03913470777177063,-0.0024881346009353916,0.7260290749133682,1.2569824530888711,-0.0004967485448324344,1.2574792016337035,0.0
222,4.44,idle,locomotion,0,1.3899999856948853,0.019999999552965164,0.10973345824050044,-0.039140793525499686,-0.002492891787135853,0.7260290470583138,1.2569817514240818,-0.0004967549173584551,1.2574785063414402,0.0
223,4.46,idle,locomotion,0,1.3899999856948853,0.019999999552965164,0.10973345824050044,-0.03914683182232867,-0.002497647996606299,0.726029028149368,1.2569810601868465,-0.0004967614806849971,1.2574778216675315,0.0
224,4.48,idle,locomotion,0,1.3899999856948853,0.019999999552965164,0.10973345824050044,-0.03915282288726682,-0.002502404000352057,0.7260290186856311,1.256980379943583,-0.0004967680519676401,1.2574771479955507,0.0
225,4.5,idle,locomotion,0,1.3899999856948853,0.019999999552965164,0.10973345824050044,-0.03915876768466101,-0.0025071605471830363,0.7260290183754332,1.2569797103369094,-0.0004967746406606272,1.25747648497757,0.0
226,4.52,idle,locomotion,0,1.3899999856948853,0.019999999552965164,0.10973345824050044,-0.03916466659454268,-0.0025119159669089374,0.726029027868805,1.256979051979402,-0.0004967812776852341,1.2574758332570872,0.0
227,4.54,idle,locomotion,0,1.3899999856948853,0.019999999552965164,0.10973345824050044,-0.03917051965339499,-0.0025166698806194567,0.726029046375772,1.2569784042064984,-0.0004967879003592371,1.2574751921068577,0.0
228,4.56,idle,locomotion,0,1.3899999856948853,0.019999999552965164,0.10973345824050044,-0.03917632711429996,-0.002521422782940672,0.7260290727863254,1.2569777659357988,-0.0004967946944444898,1.2574745606302433,0.0
229,4.58,idle,locomotion,0,1.3899999856948853,0.019999999552965164,0.10973345824050044,-0.039182089164980526,-0.0025261756724781325,0.7260291063340226,1.2569771363948758,-0.0004968015012603508,1.2574739378961362,0.0
230,4.6,idle,locomotion,0,1.3899999856948853,0.019999999552965164,0.10973345824050044,-0.03918780671885118,-0.0025309292841428957,0.7260291489519268,1.2569765173406209,-0.0004968084041407327,1.2574733257447617,0.0
231,4.62,idle,locomotion,0,1.3899999856948853,0.019999999552965164,0.10973345824050044,-0.039193479878023754,-0.0025356828762759668,0.7260292006467377,1.2569759089272443,-0.0004968153372509852,1.2574727242644952,0.0
232,4.64,idle,locomotion,0,1.3899999856948853,0.019999999552965164,0.10973345824050044,-0.039199108907201394,-0.002540437744629984,0.7260292604716047,1.256975310196625,-0.0004968223260576124,1.2574721325226825,0.0
233,4.66,idle,locomotion,0,1.3899999856948853,0.019999999552965164,0.10973345824050044,-0.0392046943589799,-0.002545194850631432,0.7260293283176488,1.2569747210256579,-0.0004968293843419097,1.2574715504099998,0.0
234,4.68,idle,locomotion,0,1.3899999856948853,0.019999999552965164,0.10973345824050044,-0.03921023649399252,-0.002549952962416087,0.7260294044554565,1.2569741417488045,-0.000496836530879393,1.2574709782796838,0.0
235,4.7,idle,locomotion,0,1.3899999856948853,0.019999999552965164,0.10973345824050044,-0.03921573620469618,-0.0025547116680072197,0.7260294884923816,1.25697357195984,-0.0004968437234927764,1.2574704156833327,0.0
236,4.72,idle,locomotion,0,1.3899999856948853,0.019999999552965164,0.10973345824050044,-0.03922119426014996,-0.0025594724051225836,0.7260295792025722,1.256973010385531,-0.0004968510070398439,1.2574698613925708,0.0
237,4.74,idle,locomotion,0,1.3899999856948853,0.019999999552965164,0.10973345824050044,-0.03922661096175246,-0.0025642350731877608,0.7260296772297935,1.2569724575963725,-0.0004968583203812625,1.2574693159167538,0.0
238,4.76,idle,locomotion,0,1.3899999856948853,0.019999999552965164,0.10973345824050044,-0.03923198634679776,-0.0025690005353556653,0.726029782753397,1.2569719138753632,-0.0004968656256285307,1.2574687795009918,0.0
239,4.78,idle,locomotion,0,1.3899999856948853,0.019999999552965164,0.10973345824050044,-0.03923732043628101,-0.0025737697043294637,0.7260298965632929,1.2569713799698516,-0.0004968730981255373,1.2574682530679773,0.0
240,4.8,idle,locomotion,0,1.3899999856948853,0.019999999552965164,0.10973345824050044,-0.039242614665443265,-0.0025785426146022715,0.7260300175120343,1.256970854708212,-0.000496880666188703,1.2574677353744006,0.0
241,4.82,idle,locomotion,0,1.3899999856948853,0.019999999552965164,0.10973345824050044,-0.039247869129326284,-0.002583318133258714,0.7260301450059564,1.256970337469443,-0.0004968882966363865,1.2574672257660793,0.0
242,4.84,idle,locomotion,0,1.3899999856948853,0.019999999552965164,0.10973345824050044,-0.03925308358287663,-0.0025880960224199776,0.7260302801588913,1.2569698294347245,-0.0004968959413224096,1.257466725376047,0.0
243,4.86,idle,locomotion,0,1.3899999856948853,0.019999999552965164,0.10973345824050044,-0.039258257994324,-0.002592875526639106,0.7260304240491536,1.256969331734271,-0.0004969036203065595,1.2574662353545776,0.0
244,4.88,idle,locomotion,0,1.3899999856948853,0.019999999552965164,0.10973345824050044,-0.03926339312843768,-0.0025976577708219776,0.7260305747101373,1.2569688424331609,-0.0004969113209864554,1.2574657537541474,0.0
245,4.9,idle,locomotion,0,1.3899999856948853,0.019999999552965164,0.10973345824050044,-0.039268489421251294,-0.0026024447930513917,0.7260307324345954,1.2569683616383898,-0.0004969191964803825,1.25746528083487,0.0
246,4.92,idle,locomotion,0,1.3899999856948853,0.019999999552965164,0.10973345824050044,-0.03927354725717619,-0.0026072370690085537,0.7260308972511628,1.2569678894636063,-0.0004969271328817276,1.257464816596488,0.0
247,4.94,idle,locomotion,0,1.3899999856948853,0.019999999552965164,0.10973345824050044,-0.03927856701266262,-0.0026120350087091636,0.7260310679447654,1.2569674246988831,-0.0004969351309210522,1.257464359829804,0.0
248,4.96,idle,locomotion,0,1.3899999856948853,0.019999999552965164,0.10973345824050044,-0.039283548954031765,-0.002616838448223413,0.7260312457348914,1.2569669685005767,-0.0004969432106804936,1.2574639117112572,0.0
249,4.98,idle,locomotion,0,1.3899999856948853,0.019999999552965164,0.10973345824050044,-0.03928849403660076,-0.0026216472856885067,0.7260314302471943,1.2569665205241247,-0.0004969513247570882,1.2574634718488817,0.0
250,5.0,idle,locomotion,0,1.3899999856948853,0.019999999552965164,0.10973345824050044,-0.03929340264191977,-0.0026264608961319783,0.7260316208141151,1.2569660800489708,-0.0004969594437450563,1.2574630394927158,0.0
251,5.02,idle,locomotion,0,1.3899999856948853,0.019999999552965164,0.10973345824050044,-0.039298274615874776,-0.0026312794321938695,0.7260318178082464,1.256965647494979,-0.0004969676263515306,1.2574626151213306,0.0
252,5.04,idle,locomotion,0,1.3899999856948853,0.019999999552965164,0.10973345824050044,-0.03930311017020475,-0.0026361036355299745,0.7260320204812319,1.256965222174302,-0.000496975912113562,1.2574621980864156,0.0
253,5.06,idle,locomotion,0,1.3899999856948853,0.019999999552965164,0.10973345824050044,-0.039307909785795556,-0.002640933651531885,0.7260322293886037,1.2569648045144466,-0.0004969842882846937,1.2574617888027313,0.0
254,5.08,idle,locomotion,0,1.3899999856948853,0.019999999552965164,0.10973345824050044,-0.03931267368351951,-0.002645770668077311,0.7260324454819063,1.2569643954717495,-0.0004969927007869614,1.2574613881725365,0.0
255,5.1,idle,locomotion,0,1.3899999856948853,0.019999999552965164,0.10973345824050044,-0.039317401897257326,-0.0026506140875357143,0.7260326678853193,1.2569639943004263,-0.0004970012395886375,1.257460995540015,0.0
256,5.12,idle,locomotion,0,1.3899999856948853,0.019999999552965164,0.10973345824050044,-0.03932209492346592,-0.002655463314925709,0.7260328946961656,1.256963599096574,-0.0004970096990530651,1.257460608795627,0.0
257,5.14,idle,locomotion,0,1.3899999856948853,0.019999999552965164,0.10973345824050044,-0.03932675280852325,-0.0026603193258867164,0.7260331268770384,1.2569632107141506,-0.0004970183795702347,1.257460229093721,0.0
258,5.16,idle,locomotion,0,1.3899999856948853,0.019999999552965164,0.10973345824050044,-0.03933137633673157,-0.0026651818436126437,0.7260333644688046,1.2569628292137922,-0.0004970270973933474,1.2574598563111856,0.0
259,5.18,idle,locomotion,0,1.3899999856948853,0.019999999552965164,0.10973345824050044,-0.0393359663062689,-0.0026700510361669563,0.7260336079751604,1.2569624549124807,-0.0004970358029635497,1.2574594907154442,0.0
260,5.2,idle,locomotion,0,1.3899999856948853,0.019999999552965164,0.10973345824050044,-0.03934052272318973,-0.002674927443479494,0.7260338580879483,1.2569620885205306,-0.0004970446434787029,1.2574591331640093,0.0
261,5.22,idle,locomotion,0,1.3899999856948853,0.019999999552965164,0.10973345824050044,-0.03934504540490797,-0.002679810282788769,0.7260341137322341,1.256961729127852,-0.0004970535335469504,1.257458782661399,0.0
262,5.24,hold,kick,2,1.3899999856948853,0.019999999552965164,0.10973345824050044,-0.04116316964106025,-0.00316305981493215,0.7289043609267066,1.2590972215812097,-0.0007184451075902681,1.2598156666888,0.0
263,5.26,hold,kick,3,1.3899999856948853,0.019999999552965164,0.10973345824050044,-0.0428031278349504,-0.0038199398438739057,0.7350414113116412,1.2641926764799596,-0.0008187374563951924,1.2650114139363549,0.0
264,5.28,hold,kick,4,1.3899999856948853,0.019999999552965164,0.10973345824050044,-0.042699279623094846,-0.00441477591458189,0.7421452849850373,1.2706579066171144,-0.0008546265362371699,1.2715125331533517,0.0
265,5.3,hold,kick,5,1.3899999856948853,0.019999999552965164,0.10973345824050044,-0.041320737484723764,-0.004723525852570369,0.7488725444418999,1.2772706783880148,-0.0009661957351272503,1.278236874123142,0.0
266,5.32,hold,kick,6,1.3899999856948853,0.019999999552965164,0.10973345824050044,-0.03934259153227864,-0.004647841208555518,0.7546974191830049,1.2832957401810647,-0.001172226068937611,1.2844679662500023,0.0
267,5.34,hold,kick,7,1.3899999856948853,0.019999999552965164,0.10973345824050044,-0.037131448453526165,-0.004306898796602047,0.7595112485827344,1.2884267714765727,-0.0014605701438494927,1.2898873416204222,0.0
268,5.36,hold,kick,8,1.3899999856948853,0.019999999552965164,0.10973345824050044,-0.03476317496537344,-0.0038625539160070444,0.7633629837957968,1.2926311991549886,-0.0017608554747279015,1.2943920546297165,0.0
269,5.38,hold,kick,9,1.3899999856948853,0.019999999552965164,0.10973345824050044,-0.032236467926481646,-0.003412698291297889,0.7663667936073859,1.295999596607029,-0.0020213726968326268,1.2980209693038616,0.0
270,5.4,hold,kick,10,1.3899999856948853,0.019999999552965164,0.10973345824050044,-0.029551289904203835,-0.003007471426036105,0.7686597020090511,1.2986599577799693,-0.0022232561814594758,1.3008832139614288,0.0
271,5.42,hold,kick,11,1.3899999856948853,0.019999999552965164,0.10973345824050044,-0.026758614810219555,-0.002689466123071681,0.7703916945893291,1.3007461149119681,-0.0023676036844941344,1.3031137185964623,0.0
272,5.44,hold,kick,12,1.3899999856948853,0.019999999552965164,0.10973345824050044,-0.023942090503318837,-0.002466725984961462,0.7717009628167609,1.3023810991973028,-0.0024655533138797717,1.3048466525111826,0.0
273,5.46,hold,kick,13,1.3899999856948853,0.019999999552965164,0.10973345824050044,-0.021175060067715152,-0.0023320908121039698,0.7726932303989295,1.3036643883279033,-0.0025288400475788862,1.3061932283754822,0.0
274,5.48,hold,kick,14,1.3899999856948853,0.019999999552965164,0.10973345824050044,-0.018521945236879934,-0.002261472472927205,0.7734348373222928,1.3046585794850105,-0.0025670798556108147,1.3072256593406213,0.0
275,5.5,hold,kick,15,1.3899999856948853,0.019999999552965164,0.10973345824050044,-0.016017178401542643,-0.00220961521965762,0.7739753358368935,1.3054114403723076,-0.002573579357710836,1.3079850197300185,0.0
276,5.52,hold,kick,16,1.3899999856948853,0.019999999552965164,0.10973345824050044,-0.013666417271660576,-0.002152422617249843,0.7743594112741518,1.3059690454372326,-0.002560156840104008,1.3085292022773365,0.0
277,5.54,hold,kick,17,1.3899999856948853,0.019999999552965164,0.10973345824050044,-0.011469998564926417,-0.002066310569046512,0.7746191826540584,1.3063613037834163,-0.0025388699929774355,1.3089001737763937,0.0
278,5.56,hold,kick,18,1.3899999856948853,0.019999999552965164,0.10973345824050044,-0.00941563065000603,-0.0019347287674823673,0.7748003196746808,1.3066331107871632,-0.0025227719751989147,1.3091558827623622,0.0
279,5.58,hold,kick,19,1.3899999856948853,0.019999999552965164,0.10973345824050044,-0.007483008569801562,-0.0017489922857228523,0.7749416943665256,1.3068253359200783,-0.0025334625929739306,1.3093587985130521,0.0
280,5.6,hold,kick,20,1.3899999856948853,0.019999999552965164,0.10973345824050044,-0.005642516160345852,-0.0015080423294030133,0.7750716996899465,1.3069703072335874,-0.0025402792579158583,1.3095105864915033,0.0
281,5.62,hold,kick,21,1.3899999856948853,0.019999999552965164,0.10973345824050044,-0.0038650960225974427,-0.0012336793688076109,0.7752050016468541,1.3070871543118345,-0.0025517618267083993,1.3096389161385429,0.0
282,5.64,hold,kick,22,1.3899999856948853,0.019999999552965164,0.10973345824050044,-0.002121768775263052,-0.0009514966401468459,0.7753595811412753,1.3071983275225887,-0.0025548582465969444,1.3097531857691855,0.0
283,5.66,hold,kick,23,1.3899999856948853,0.019999999552965164,0.10973345824050044,-0.0003774152810905222,-0.000682140540151879,0.7755427854938057,1.307319354110671,-0.002558853440909118,1.30987820755158,0.0
284,5.68,hold,kick,24,1.3899999856948853,0.019999999552965164,0.10973345824050044,0.0013884866329762547,-0.0004314931047029388,0.7757748442623799,1.307478148084078,-0.00245219975855886,1.309930347842637,0.0
285,5.7,hold,kick,25,1.3899999856948853,0.019999999552965164,0.10973345824050044,0.003192985434493178,-0.00020572525629150736,0.7760596136286337,1.3076879769571172,-0.00219223639109482,1.3098802133482121,0.0
286,5.72,hold,kick,26,1.3899999856948853,0.019999999552965164,0.10973345824050044,0.005041357663806657,-1.2748775641864165e-05,0.7763794541847929,1.307936824269874,-0.0020504897015464728,1.3099873139714204,0.0
287,5.74,hold,kick,27,1.3899999856948853,0.019999999552965164,0.10973345824050044,0.006930223808840464,0.00013936631527820503,0.7767146872964469,1.308208592682083,-0.002034374792540407,1.3102429674746234,0.0
288,5.76,hold,kick,28,1.3899999856948853,0.019999999552965164,0.10973345824050044,0.00882975628731475,0.00022108846160922362,0.7770205856994876,1.3084619262769914,-0.0019980761903553267,1.3104600024673467,0.0
289,5.78,hold,kick,29,1.3899999856948853,0.019999999552965164,0.10973345824050044,0.010633830248558214,0.00029228050171670986,0.7773105764023457,1.3087134095339783,-0.0019942357783867617,1.3107076453123652,0.0
290,5.8,hold,kick,30,1.3899999856948853,0.019999999552965164,0.10973345824050044,0.012429823444822874,0.00032641751420754814,0.7776431586657401,1.3090165032211531,-0.0019907332921172173,1.3110072365132703,0.0
291,5.82,hold,kick,31,1.3899999856948853,0.019999999552965164,0.10973345824050044,0.01424704536648371,0.0003058821102910615,0.778009056876799,1.3093595424872941,-0.0019791370165695432,1.3113386795038637,0.0
292,5.84,hold,kick,32,1.3899999856948853,0.019999999552965164,0.10973345824050044,0.01606537202076803,0.00022127127243329683,0.778383630529893,1.3097143321281233,-0.001964074242750854,1.3116784063708742,0.0
293,5.86,hold,kick,33,1.3899999856948853,0.019999999552965164,0.10973345824050044,0.01786555371870977,6.505202367848975e-05,0.7787536902646649,1.3100651724306631,-0.0019513929443722433,1.3120165653750353,0.0
294,5.88,hold,kick,34,1.3899999856948853,0.019999999552965164,0.10973345824050044,0.019640954241221694,-0.00016693706110448422,0.7791131972113066,1.310405020021747,-0.0019471478074295015,1.3123521678291765,0.0
295,5.9,hold,kick,35,1.3899999856948853,0.019999999552965164,0.10973345824050044,0.02139253861372557,-0.00047468621341738846,0.779461409464162,1.310733075442755,-0.0019463900403285106,1.3126794654830836,0.0
296,5.92,hold,kick,36,1.3899999856948853,0.019999999552965164,0.10973345824050044,0.023125055433528153,-0.0008552410100572405,0.7798002315447593,1.3110515955586077,-0.00194781437316199,1.3129994099317697,0.0
297,5.94,hold,kick,37,1.3899999856948853,0.019999999552965164,0.10973345824050044,0.02484444589510706,-0.0013029115817501918,0.7801315188618483,1.311362952134892,-0.0019492284762653023,1.3133121806111572,0.0
298,5.96,hold,kick,38,1.3899999856948853,0.019999999552965164,0.10973345824050044,0.026521101729294245,-0.0018266460175451757,0.7804529326534376,1.3116646436006676,-0.0019502951745734368,1.313614938775241,0.0
299,5.98,hold,kick,39,1.3899999856948853,0.019999999552965164,0.10973345824050044,0.02811534237757199,-0.0024550402352423533,0.7807859585288711,1.311974939780884,-0.0019530117107586092,1.3139279514916427,0.0
300,6.0,hold,kick,40,1.3899999856948853,0.019999999552965164,0.10973345824050044,0.02971202620944672,-0.0031387203654215066,0.781143751638538,1.3123104352174353,-0.0019485515697852396,1.3142589867872205,0.0
301,6.02,hold,kick,41,1.3899999856948853,0.019999999552965164,0.10973345824050044,0.031314472073293326,-0.0038523856884493685,0.7815017484074347,1.3126472843654964,-0.00193899897433112,1.3145862833398274,0.0
302,6.04,hold,kick,42,1.3899999856948853,0.019999999552965164,0.10973345824050044,0.032908442830580864,-0.0045883320729553775,0.7818456750923952,1.31297078749789,-0.0019310292279966293,1.3149018167258866,0.0
303,6.06,hold,kick,43,1.3899999856948853,0.019999999552965164,0.10973345824050044,0.03448588897583094,-0.005342096769674643,0.7821732070508157,1.3132787949711269,-0.0019256097234311154,1.315204404694558,0.0
304,6.08,hold,kick,44,1.3899999856948853,0.019999999552965164,0.10973345824050044,0.03604640613823746,-0.006111878364721781,0.7824876964190056,1.313574478456694,-0.0019231488269813232,1.3154976272836754,0.0
305,6.1,hold,kick,45,1.3899999856948853,0.019999999552965164,0.10973345824050044,0.03759351570595686,-0.0068984044344544805,0.7827949751379772,1.3138634150654773,-0.0019220579379523005,1.3157854730034295,0.0
306,6.12,hold,kick,46,1.3899999856948853,0.019999999552965164,0.10973345824050044,0.039131674157500365,-0.007697001141903321,0.7831014402980719,1.3141524076081492,-0.0019209037679615258,1.3160733113761107,0.0
307,6.14,hold,kick,47,1.3899999856948853,0.019999999552965164,0.10973345824050044,0.040671585981905865,-0.008509072574462618,0.783409805254945,1.314443769557708,-0.0019187769600549735,1.316362546517763,0.0
308,6.16,hold,kick,48,1.3899999856948853,0.019999999552965164,0.10973345824050044,0.042221465838172774,-0.009340393255497246,0.7837191949780592,1.3147354209009017,-0.0019153445602924576,1.316650765461194,0.0
309,6.18,hold,kick,49,1.3899999856948853,0.019999999552965164,0.10973345824050044,0.04378264168590226,-0.010191952542636114,0.78403161038895,1.3150290638762065,-0.001910416766083882,1.3169394806422905,0.0
310,6.2,hold,kick,50,1.3899999856948853,0.019999999552965164,0.10973345824050044,0.04535821767662205,-0.011059480407289294,0.7843448474716826,1.3153233265286537,-0.0019035356841796587,1.3172268622128334,0.0
311,6.22,hold,kick,51,1.3899999856948853,0.019999999552965164,0.10973345824050044,0.046945265342792926,-0.01194002954294695,0.7846516051001879,1.315612114489925,-0.0018947673025412198,1.3175068817924662,0.0
312,6.24,hold,kick,52,1.3899999856948853,0.019999999552965164,0.10973345824050044,0.04844715389063695,-0.012665372249578784,0.7850470015743619,1.3160133478858198,-0.0019618712939273517,1.3179752191797471,0.0
313,6.26,hold,kick,53,1.3899999856948853,0.019999999552965164,0.10973345824050044,0.049579888699954014,-0.013022032357830383,0.785621761702236,1.316636678364573,-0.001957380395212493,1.3185940587597855,0.0
314,6.28,hold,kick,54,1.3899999856948853,0.019999999552965164,0.10973345824050044,0.050286756023291294,-0.013493642389936812,0.7858165485998909,1.31692799280048,-0.0017589401950089782,1.318686932995489,0.0
315,6.3,hold,kick,55,1.3899999856948853,0.019999999552965164,0.10973345824050044,0.050540244113925346,-0.014609067545806133,0.7853624593353434,1.3166142103986251,-0.001761604361078549,1.3183758147597038,0.0
316,6.32,hold,kick,56,1.3899999856948853,0.019999999552965164,0.10973345824050044,0.050525522342700885,-0.016099152841098367,0.7845838150696052,1.3159795048216147,-0.001961128631627382,1.3179406334532422,0.0
317,6.34,hold,kick,57,1.3899999856948853,0.019999999552965164,0.10973345824050044,0.0506360064313612,-0.01746767835463451,0.7844728995444692,1.3159868116462043,-0.0017581865570672206,1.3177449982032716,0.0
318,6.36,hold,kick,58,1.3899999856948853,0.019999999552965164,0.10973345824050044,0.05099223284283408,-0.018866988437920965,0.7847570700244135,1.316367122623739,-0.0017770686126224004,1.3181441912363614,0.0
319,6.38,hold,kick,59,1.3899999856948853,0.019999999552965164,0.10973345824050044,0.05140463876490521,-0.02030363225812754,0.7851955764281767,1.3168956038188881,-0.0018241423777034804,1.3187197461965916,0.0
320,6.4,hold,kick,60,1.3899999856948853,0.019999999552965164,0.10973345824050044,0.051777235214078614,-0.021855461798427903,0.7856590890037998,1.3174307272134291,-0.0018671496569533964,1.3192978768703825,0.0
321,6.42,hold,kick,61,1.3899999856948853,0.019999999552965164,0.10973345824050044,0.05205358696845583,-0.023614079288207142,0.7861562792686408,1.3179729439899646,-0.001881021050518298,1.3198539650404828,0.0
322,6.44,hold,kick,62,1.3899999856948853,0.019999999552965164,0.10973345824050044,0.052148891546152695,-0.02559220053590483,0.7866417683271519,1.3184780362437887,-0.0018811895231320916,1.3203592257669208,0.0
323,6.46,hold,kick,63,1.3899999856948853,0.019999999552965164,0.10973345824050044,0.05201731709572618,-0.027788907933124947,0.7870826725306713,1.3189163573256297,-0.0018928328725040106,1.3208091901981338,0.0
324,6.48,hold,kick,64,1.3899999856948853,0.019999999552965164,0.10973345824050044,0.05164116529065939,-0.03018335722882161,0.787379515067113,1.319198078047124,-0.0018676801886823753,1.3210657582358063,0.0
325,6.5,hold,kick,65,1.3899999856948853,0.019999999552965164,0.10973345824050044,0.050992576292306524,-0.032680724840485044,0.7875298714584162,1.3193173375154446,-0.001761775681091593,1.3210791131965363,0.0
326,6.52,hold,kick,66,1.3899999856948853,0.019999999552965164,0.10973345824050044,0.05019112154935992,-0.035107646107488705,0.7877395072058394,1.3194864078486974,-0.0017153645702580739,1.3212017724189555,0.0
327,6.54,hold,kick,67,1.3899999856948853,0.019999999552965164,0.10973345824050044,0.049489119055884934,-0.03752460252892601,0.7879427278935194,1.3196601261188692,-0.0017390693380091096,1.3213991954568782,0.0
328,6.56,hold,kick,68,1.3899999856948853,0.019999999552965164,0.10973345824050044,0.04911306633736789,-0.039976906468846905,0.7881005759967813,1.319813527408116,-0.0017150560976054302,1.3215285835057213,0.0
329,6.58,hold,kick,69,1.3899999856948853,0.019999999552965164,0.10973345824050044,0.049175178714870996,-0.04249601420878925,0.7883009378573438,1.3200216859743528,-0.0006807555988652889,1.320702441573218,0.0
330,6.6,hold,kick,70,1.3899999856948853,0.019999999552965164,0.10973345824050044,0.04967412426928247,-0.044983352266696766,0.7887258231849313,1.320448586611339,-0.0006871231839558622,1.3211357097952947,0.0
331,6.62,hold,kick,71,1.3899999856948853,0.019999999552965164,0.10973345824050044,0.050406981591998724,-0.04729953861197462,0.7894393836102631,1.321136898083229,-0.0006734350330261929,1.3218103331162552,0.0
332,6.64,hold,kick,72,1.3899999856948853,0.019999999552965164,0.10973345824050044,0.05123486882810526,-0.049245580504895706,0.7903917468992699,1.322038016023438,-0.0006701109616455356,1.3227081269850836,0.0
333,6.66,hold,kick,73,1.3899999856948853,0.019999999552965164,0.10973345824050044,0.05213559633259057,-0.05056245754234365,0.7914665886206144,1.3230646299481745,-0.0006833302605282303,1.3237479602087028,0.0
334,6.68,hold,kick,74,1.3899999856948853,0.019999999552965164,0.10973345824050044,0.05309417819159023,-0.0510012160108333,0.7924360404455391,1.324033602747086,-0.0006803200239846388,1.3247139227710707,0.0
335,6.7,hold,kick,75,1.3899999856948853,0.019999999552965164,0.10973345824050044,0.054098462952699204,-0.050468481472691985,0.7931160855002863,1.3247789128415592,-0.0006530588437732021,1.3254319716853324,0.0
336,6.72,hold,kick,76,1.3899999856948853,0.019999999552965164,0.10973345824050044,0.055195717352170603,-0.04902359219786262,0.7934559395539666,1.3252300866263997,-0.000625990070155593,1.3258560766965553,0.0
337,6.74,hold,kick,77,1.3899999856948853,0.019999999552965164,0.10973345824050044,0.05665674396924415,-0.04677374798813008,0.7934514146881102,1.3253389776363136,-0.0006259783057059737,1.3259649559420195,0.0
338,6.76,hold,kick,78,1.3899999856948853,0.019999999552965164,0.10973345824050044,0.058659136402182004,-0.04383856569431543,0.7931626381336879,1.3251199239296074,-0.000636672476679017,1.3257565964062865,0.0
339,6.78,hold,kick,79,1.3899999856948853,0.019999999552965164,0.10973345824050044,0.06113487645078117,-0.04036208797186211,0.7926911712971768,1.3246422378639495,-0.0006356889804453036,1.3252779268443948,0.0
340,6.8,hold,kick,80,1.3899999856948853,0.019999999552965164,0.10973345824050044,0.06409943282596209,-0.03651809828071605,0.7920970366729201,1.3239560574233105,-0.00062925383978105,1.3245853112630914,0.0
341,6.82,hold,kick,81,1.3899999856948853,0.019999999552965164,0.10973345824050044,0.06762194359417793,-0.032435120665079996,0.7914268270780057,1.3231158791619166,-0.0006176031776268416,1.3237334823395435,0.0
342,6.84,hold,kick,82,1.3899999856948853,0.019999999552965164,0.10973345824050044,0.07187016660670746,-0.028175615913192426,0.7907692689181586,1.3222326553899024,-0.0005961977297117872,1.3228288531196142,0.0
343,6.86,hold,kick,83,1.3899999856948853,0.019999999552965164,0.10973345824050044,0.07701030734298915,-0.023824365297825622,0.7901765479007702,1.3213988928367073,-0.0005839009509978794,1.3219827937877051,0.0
344,6.88,hold,kick,84,1.3899999856948853,0.019999999552965164,0.10973345824050044,0.0829866160366856,-0.019521712565782934,0.7896083843385706,1.3206245072777425,-0.0005826986178207733,1.3212072058955633,0.0
345,6.9,hold,kick,85,1.3899999856948853,0.019999999552965164,0.10973345824050044,0.08976480705431322,-0.015301168228020308,0.7890322009076747,1.3199028936066037,-0.0005776392579770924,1.3204805328645808,0.0
346,6.92,hold,kick,86,1.3899999856948853,0.019999999552965164,0.10973345824050044,0.09742403287210448,-0.011088866084740382,0.7884350792492446,1.3192115680876295,-0.0005667200865745042,1.319778288174204,0.0
347,6.94,hold,kick,87,1.3899999856948853,0.019999999552965164,0.10973345824050044,0.10601828149686199,-0.006830850153019489,0.7877354122643973,1.3184485334005078,-0.0005593914387742871,1.319007924839282,0.0
348,6.96,hold,kick,88,1.3899999856948853,0.019999999552965164,0.10973345824050044,0.11552074439919156,-0.0024648634404895392,0.7867405295575377,1.3173961601927187,-0.0005536875440216756,1.3179498477367404,0.0
349,6.98,hold,kick,89,1.3899999856948853,0.019999999552965164,0.10973345824050044,0.1258880247955106,0.002103589467235067,0.7851748840546207,1.3157478627526409,-0.0005375751262504253,1.3162854378788913,0.0
350,7.0,hold,kick,90,1.3899999856948853,0.019999999552965164,0.10973345824050044,0.1369845239783287,0.0070051852490568955,0.7827505588297389,1.3131980346210164,-0.000518304332938372,1.3137163389539548,0.0
351,7.02,hold,kick,91,1.3899999856948853,0.019999999552965164,0.10973345824050044,0.14856764219036978,0.01232981037586928,0.7792791266943616,1.309576386183003,-0.0005090584978271195,1.31008544468083,0.0
352,7.04,hold,kick,92,1.3899999856948853,0.019999999552965164,0.10973345824050044,0.16042969320390185,0.018045266963218818,0.7746889433477584,1.3048527214724277,-0.000526994781140256,1.3053797162535679,0.0
353,7.06,hold,kick,93,1.3899999856948853,0.019999999552965164,0.10973345824050044,0.17186946712532977,0.023589986752011613,0.770014830470606,1.3001051741441518,-0.004260393240855358,1.3043655673850072,0.0
354,7.08,hold,kick,94,1.3899999856948853,0.019999999552965164,0.10973345824050044,0.18252419867081177,0.02834181445458552,0.76683920857418,1.2970075643199046,-0.003273591911377067,1.3002811562312817,0.0
355,7.1,hold,kick,95,1.3899999856948853,0.019999999552965164,0.10973345824050044,0.1926232684302391,0.03243855848930351,0.7654751126519664,1.29569370522725,-0.0030246947259383768,1.2987183999531884,0.0
356,7.12,hold,kick,96,1.3899999856948853,0.019999999552965164,0.10973345824050044,0.201861608480062,0.036654543715855685,0.7657357137486231,1.296060937731524,-0.0025902627355348998,1.298651200467059,0.0
357,7.14,hold,kick,97,1.3899999856948853,0.019999999552965164,0.10973345824050044,0.21029524950855774,0.04128220961024096,0.766750396174223,1.2972532731600872,-0.002431733597312736,1.2996850067574,0.0
358,7.16,hold,kick,98,1.3899999856948853,0.019999999552965164,0.10973345824050044,0.21812947794100768,0.04621092296722326,0.7679804350780485,1.2986728575462572,-0.0022749966407063157,1.3009478541869635,0.0
359,7.18,hold,kick,99,1.3899999856948853,0.019999999552965164,0.10973345824050044,0.2256871919453196,0.051416557630710395,0.7693610379405154,1.30019146518941,-0.002105953332062843,1.3022974185214728,0.0
360,7.2,hold,kick,100,1.3899999856948853,0.019999999552965164,0.10973345824050044,0.23319899019955634,0.056998632221667914,0.771101545437463,1.3020073003354915,-0.002043550274040032,1.3040508506095316,0.0
361,7.22,hold,kick,101,1.3899999856948853,0.019999999552965164,0.10973345824050044,0.2406736660046425,0.0630806617415115,0.7733934868714742,1.3043520148074415,-0.002494543808670577,1.306846558616112,0.0
362,7.24,hold,kick,102,1.3899999856948853,0.019999999552965164,0.10973345824050044,0.24807660098943773,0.06955162592065454,0.7759957052089025,1.3070217260756303,-0.002910474998998505,1.3099322010746288,0.0
363,7.26,hold,kick,103,1.3899999856948853,0.019999999552965164,0.10973345824050044,0.25533593046216535,0.07608936270806851,0.7783857237294222,1.3094916623934854,-0.003312297657443987,1.3128039600509294,0.0
364,7.28,hold,kick,104,1.3899999856948853,0.019999999552965164,0.10973345824050044,0.2622052893316938,0.08247988951699467,0.7801640794767947,1.3113687596765398,-0.0035720625089092073,1.314940822185449,0.0
365,7.3,hold,kick,105,1.3899999856948853,0.019999999552965164,0.10973345824050044,0.26846082198524446,0.08867237250811998,0.78137875642676,1.3127125786614513,-0.0015078412873305094,1.314220419948782,0.0
366,7.32,hold,kick,106,1.3899999856948853,0.019999999552965164,0.10973345824050044,0.2740575490610628,0.09482801723791688,0.7822855068163217,1.3137752893022794,-0.001371519343524051,1.3151468086458034,0.0
367,7.34,hold,kick,107,1.3899999856948853,0.019999999552965164,0.10973345824050044,0.27915972673298106,0.10092453906469594,0.7829432722940567,1.3145748089158875,-0.0012288314920743948,1.3158036404079618,0.0
368,7.36,hold,kick,108,1.3899999856948853,0.019999999552965164,0.10973345824050044,0.28391049124589196,0.10692273244172895,0.7835351030544613,1.3152688409480648,-0.0010901119751584344,1.3163589529232234,0.0
369,7.38,hold,kick,109,1.3899999856948853,0.019999999552965164,0.10973345824050044,0.2882784519248148,0.11291128941272742,0.7841904902492525,1.3159725345912046,-0.0009661496889538795,1.3169386842801585,0.0
370,7.4,hold,kick,110,1.3899999856948853,0.019999999552965164,0.10973345824050044,0.29230682295961635,0.11889238710627567,0.7850757563348553,1.3168152281966243,-0.0008811275304197487,1.317696355727044,0.0
371,7.42,hold,kick,111,1.3899999856948853,0.019999999552965164,0.10973345824050044,0.29634152567080796,0.12450626971000812,0.7862103870451069,1.3178220551897049,-0.0008566688052690404,1.318678723994974,0.0
372,7.44,hold,kick,112,1.3899999856948853,0.019999999552965164,0.10973345824050044,0.3006356449402566,0.12942861711930922,0.787280104527606,1.318750383376913,-0.0008494429352306591,1.3195998263121436,0.0
373,7.46,hold,kick,113,1.3899999856948853,0.019999999552965164,0.10973345824050044,0.30506210422454605,0.13365224656797547,0.7880775718231049,1.3194149691898558,-0.0008087085358372929,1.320223677725693,0.0
374,7.48,hold,kick,114,1.3899999856948853,0.019999999552965164,0.10973345824050044,0.3093447856023382,0.13733432581203273,0.7885581117137344,1.3197315815964634,-0.0007279209216080398,1.3204595025180714,0.0
375,7.5,hold,kick,115,1.3899999856948853,0.019999999552965164,0.10973345824050044,0.3134086945359771,0.14058298861863272,0.7887517263360257,1.319695253773256,-0.0006437191466257784,1.3203389729198818,0.0
376,7.52,hold,kick,116,1.3899999856948853,0.019999999552965164,0.10973345824050044,0.31734349704343806,0.14336470329205722,0.7887209495624794,1.3193609671588127,-0.0006015569849060279,1.3199625241437187,0.0
377,7.54,hold,kick,117,1.3899999856948853,0.019999999552965164,0.10973345824050044,0.32145852391407165,0.14568713537021494,0.7884946136819437,1.3188064543321312,-0.0005610378510396488,1.3193674921831708,0.0
378,7.56,hold,kick,118,1.3899999856948853,0.019999999552965164,0.10973345824050044,0.32599030782571614,0.14760794374234942,0.787971427244776,1.3179982016440337,-0.000531828926145738,1.3185300305701795,0.0
379,7.58,hold,kick,119,1.3899999856948853,0.019999999552965164,0.10973345824050044,0.3310227202878904,0.14907487430469415,0.7869827888497765,1.3167940015425972,-0.0005203537399265726,1.3173143552825237,0.0
380,7.6,hold,kick,120,1.3899999856948853,0.019999999552965164,0.10973345824050044,0.33647443209784206,0.15005661970308024,0.7855470022749202,1.3151692245297637,-0.0005338222086288813,1.3157030467383926,0.0
381,7.62,hold,kick,121,1.3899999856948853,0.019999999552965164,0.10973345824050044,0.3423171213338819,0.15073495695153605,0.7838538753705812,1.3132979306501924,-0.0005610290495719379,1.3138589596997643,0.0
382,7.64,hold,kick,122,1.3899999856948853,0.019999999552965164,0.10973345824050044,0.3487038518722986,0.15134627408669624,0.7820112302677446,1.311353360210712,-0.0005742582123457844,1.3119276184230577,0.0
383,7.66,hold,kick,123,1.3899999856948853,0.019999999552965164,0.10973345824050044,0.35577449401526,0.15201173193667136,0.780042821269482,1.3094119131335655,-0.0005819201399759992,1.3099938332735415,0.0
384,7.68,hold,kick,124,1.3899999856948853,0.019999999552965164,0.10973345824050044,0.3636410029291093,0.15271565455247474,0.7779261069976023,1.3074682082275375,-0.000594942193776548,1.308063150421314,0.0
385,7.7,hold,kick,125,1.3899999856948853,0.019999999552965164,0.10973345824050044,0.3722731178548448,0.15342417507516698,0.7757058861291634,1.3055145164287276,-0.0006205713176614149,1.306135087746389,0.0
386,7.72,hold,kick,126,1.3899999856948853,0.019999999552965164,0.10973345824050044,0.3816378583297865,0.15404883838623323,0.7735130309119599,1.3036288176395978,-0.0006561099755360289,1.3042849276151338,0.0
387,7.74,hold,kick,127,1.3899999856948853,0.019999999552965164,0.10973345824050044,0.3917302315267158,0.1547348753746229,0.771388656305093,1.301840248955431,-0.0006799782368931834,1.3025202271923242,0.0
388,7.76,hold,kick,128,1.3899999856948853,0.019999999552965164,0.10973345824050044,0.4024667935301704,0.15563279919986114,0.7693408578288242,1.3001393325358348,-0.0006945707346463562,1.3008339032704812,0.0
389,7.78,hold,kick,129,1.3899999856948853,0.019999999552965164,0.10973345824050044,0.4137572278415081,0.15678355464107804,0.7673314275437384,1.2984647955688686,-0.0007412196480452056,1.2992060152169138,0.0
390,7.8,hold,kick,130,1.3899999856948853,0.019999999552965164,0.10973345824050044,0.4254923994097291,0.15821936825590113,0.7652715507021721,1.2967030658232408,-0.0008113588226155571,1.2975144246458563,0.0
391,7.82,hold,kick,131,1.3899999856948853,0.019999999552965164,0.10973345824050044,0.4375284113371043,0.15994583500379328,0.762943143341679,1.2946088061073937,-0.0008393992768669783,1.2954482053842606,0.0
392,7.84,hold,kick,132,1.3899999856948853,0.019999999552965164,0.10973345824050044,0.4496539690659532,0.1619391358348099,0.760114802085465,1.291908158483997,-0.0008684374256844388,1.2927765959096815,0.0
393,7.86,hold,kick,133,1.3899999856948853,0.019999999552965164,0.10973345824050044,0.46058513629886394,0.1647368544120133,0.7578539892111135,1.2894621869634624,-0.003969674797587183,1.2934318617610496,0.0
394,7.88,hold,kick,134,1.3899999856948853,0.019999999552965164,0.10973345824050044,0.46946005766496396,0.16798174018503806,0.7585260569500033,1.2894879907744419,-0.001582350356341071,1.291070341130783,0.0
395,7.9,hold,kick,135,1.3899999856948853,0.019999999552965164,0.10973345824050044,0.4785659651574361,0.17034057736209401,0.7610832489936324,1.2912874476669052,-0.0014125714392815986,1.2927000191061868,0.0
396,7.92,hold,kick,136,1.3899999856948853,0.019999999552965164,0.10973345824050044,0.48841249773591094,0.17227457531146761,0.7651212376267185,1.294699091572021,-0.0019705246272659002,1.2966696161992868,0.0
397,7.94,hold,kick,137,1.3899999856948853,0.019999999552965164,0.10973345824050044,0.4989658197010484,0.1739437652868294,0.7701679230569357,1.299238202405574,-0.002497057930526153,1.3017352603361,0.0
398,7.96,hold,kick,138,1.3899999856948853,0.019999999552965164,0.10973345824050044,0.5100272957306564,0.17497910827817897,0.7756095566867842,1.3043243327536338,-0.003022615818802546,1.3073469485724363,0.0
399,7.98,hold,kick,139,1.3899999856948853,0.019999999552965164,0.10973345824050044,0.5215879989356278,0.17522890782876566,0.7807451219367288,1.3093644328661178,-0.003833083138560872,1.3131975160046787,0.0
400,8.0,hold,kick,140,1.3899999856948853,0.019999999552965164,0.10973345824050044,0.5336230366355845,0.17491323297089126,0.7849533787629904,1.3137524963498786,-0.003979722389550272,1.317732218739429,0.0
401,8.02,hold,kick,141,1.3899999856948853,0.019999999552965164,0.10973345824050044,0.545954678675333,0.17388128430788805,0.7880127304599562,1.3171824974582773,-0.001836951825912144,1.3190194492841893,0.0
402,8.04,hold,kick,142,1.3899999856948853,0.019999999552965164,0.10973345824050044,0.5580475027258501,0.17201846501199533,0.790281494700141,1.3199280451618076,-0.001555065740298768,1.3214831109021064,0.0
403,8.06,hold,kick,143,1.3899999856948853,0.019999999552965164,0.10973345824050044,0.5693699487381435,0.16968651141208935,0.7920671597506533,1.3222140902639112,-0.0011363857215403068,1.3233504759854515,0.0
404,8.08,hold,kick,144,1.3899999856948853,0.019999999552965164,0.10973345824050044,0.5798570834898988,0.16731031869427662,0.7935870337188836,1.3242272979441567,-0.0007995822772032604,1.32502688022136,0.0
405,8.1,hold,kick,145,1.3899999856948853,0.019999999552965164,0.10973345824050044,0.5897051846150374,0.1651180366396479,0.7949019715998418,1.3259979517717888,-0.0006218169577651526,1.326619768729554,0.0
406,8.12,hold,kick,146,1.3899999856948853,0.019999999552965164,0.10973345824050044,0.5991447106101536,0.1633244623146328,0.7960268257534331,1.3274675210441904,-0.0005976053215937423,1.328065126365784,0.0
407,8.14,hold,kick,147,1.3899999856948853,0.019999999552965164,0.10973345824050044,0.6085098800548583,0.16205755605456826,0.7969331876248495,1.3285425279619272,-0.000593973354333515,1.3291365013162606,0.0
408,8.16,hold,kick,148,1.3899999856948853,0.019999999552965164,0.10973345824050044,0.6182859371813606,0.16145653042892674,0.7973162564174564,1.3289650652156124,-0.000594352325433891,1.3295594175410463,0.0
409,8.18,hold,kick,149,1.3899999856948853,0.019999999552965164,0.10973345824050044,0.6285676688888088,0.16140557938018993,0.7974397702667534,1.329043358164396,-0.0005875410250588305,1.3296308991894548,0.0
410,8.2,hold,kick,150,1.3899999856948853,0.019999999552965164,0.10973345824050044,0.6395503381168705,0.1620033605461142,0.7973064643989395,1.3288307643005877,-0.0005827480120226478,1.3294135123126103,0.0
411,8.22,hold,kick,151,1.3899999856948853,0.019999999552965164,0.10973345824050044,0.6514884521415609,0.1633172571621334,0.7966542224574332,1.3281370018355612,-0.0006082152655164721,1.3287452171010776,0.0
412,8.24,hold,kick,152,1.3899999856948853,0.019999999552965164,0.10973345824050044,0.6642427447159908,0.1654413867376917,0.7953548167905268,1.326864206109822,-0.0005667716624372376,1.3274309777722593,0.0
413,8.26,hold,kick,153,1.3899999856948853,0.019999999552965164,0.10973345824050044,0.6777373713525437,0.1684890270237332,0.7934859658111343,1.3250935012272675,-0.0005516101588509091,1.3256451113861185,0.0
414,8.28,hold,kick,154,1.3899999856948853,0.019999999552965164,0.10973345824050044,0.6919174731116041,0.1723297891886432,0.7912371181069494,1.3229482624151414,-0.0005389935865624217,1.323487256001704,0.0
415,8.3,hold,kick,155,1.3899999856948853,0.019999999552965164,0.10973345824050044,0.7066575878481858,0.17680987744976331,0.7886202634723875,1.3204159937070736,-0.0005399621429377499,1.3209559558500115,0.0
416,8.32,hold,kick,156,1.3899999856948853,0.019999999552965164,0.10973345824050044,0.7219459711281971,0.1818552526077336,0.7855702805338438,1.3174314720449969,-0.0005871252415155653,1.3180185972865124,0.0
417,8.34,hold,kick,157,1.3899999856948853,0.019999999552965164,0.10973345824050044,0.7376721244939203,0.18732454238986626,0.7820735222913221,1.3139660598009784,-0.00053624864529387,1.3145023084462721,0.0
418,8.36,hold,kick,158,1.3899999856948853,0.019999999552965164,0.10973345824050044,0.7540496666177783,0.1930003490187547,0.7781699397003311,1.31005891441708,-0.00045845339075222327,1.3105173678078321,0.0
419,8.38,hold,kick,159,1.3899999856948853,0.019999999552965164,0.10973345824050044,0.7714817475699178,0.19890441378574797,0.7736986526093219,1.3055605021904815,-0.0004264552572225272,1.305986957447704,0.0
420,8.4,hold,kick,160,1.3899999856948853,0.019999999552965164,0.10973345824050044,0.7898029313629038,0.20522250062038822,0.7681454578924675,1.2999847918226293,-0.0004109315696548266,1.300395723392284,0.0
421,8.42,hold,kick,161,1.3899999856948853,0.019999999552965164,0.10973345824050044,0.808758861211354,0.21201297864250856,0.7611597543369393,1.2929788890893794,-0.0004139557507191888,1.2933928448400986,0.0
422,8.44,hold,kick,162,1.3899999856948853,0.019999999552965164,0.10973345824050044,0.8284573144284164,0.2190646786652313,0.7528183190230329,1.2845566589281106,-0.00481971954101084,1.2893763784691215,0.0
423,8.46,hold,kick,163,1.3899999856948853,0.019999999552965164,0.10973345824050044,0.8464462421993422,0.2245467006954046,0.7464821674576613,1.2781337277756815,-0.00452533666056501,1.2826590644362466,0.0
424,8.48,hold,kick,164,1.3899999856948853,0.019999999552965164,0.10973345824050044,0.8623920232644634,0.22950661270507713,0.7432266909897158,1.2749154498641602,-0.003241326274544022,1.2781567761387043,0.0
425,8.5,hold,kick,165,1.3899999856948853,0.019999999552965164,0.10973345824050044,0.8769826620012428,0.23457944986460624,0.7421696267661928,1.27388648783572,-0.0035581770308163,1.2774446648665363,0.0
426,8.52,hold,kick,166,1.3899999856948853,0.019999999552965164,0.10973345824050044,0.8905365689697307,0.23924820769647376,0.7430168925020297,1.274717740977524,-0.0031538709222095514,1.2778716118997338,0.0
427,8.54,hold,kick,167,1.3899999856948853,0.019999999552965164,0.10973345824050044,0.9039560996734279,0.24434377306526536,0.7442348495625837,1.2759053516649634,-0.003075846438281793,1.2789811981032453,0.0
428,8.56,hold,kick,168,1.3899999856948853,0.019999999552965164,0.10973345824050044,0.9174450493981969,0.2497268338906846,0.7449264514995847,1.276512511879656,-0.0030273137096367836,1.279539825589293,0.0
429,8.58,hold,kick,169,1.3899999856948853,0.019999999552965164,0.10973345824050044,0.9309550377167924,0.254830300927462,0.7450814940426042,1.2764587756498667,-0.003039309910004076,1.2794980855598708,0.0
430,8.6,hold,kick,170,1.3899999856948853,0.019999999552965164,0.10973345824050044,0.9440141084616535,0.2596615126465928,0.7452133623196029,1.2762225039882316,-0.003604620137395001,1.2798271241256265,0.0
431,8.62,hold,kick,171,1.3899999856948853,0.019999999552965164,0.10973345824050044,0.9561988749430044,0.2644606969663778,0.7459613143839662,1.2764906851793072,-0.00410866471503496,1.2805993498943422,0.0
432,8.64,hold,kick,172,1.3899999856948853,0.019999999552965164,0.10973345824050044,0.9674419255307863,0.26905566841061607,0.7475790161355725,1.277558757646331,-0.0025742960830815974,1.2801330537294127,0.0
433,8.66,hold,kick,173,1.3899999856948853,0.019999999552965164,0.10973345824050044,0.9779966454833089,0.27325250401147466,0.7500213091746694,1.2793682018632893,-0.002357076139647543,1.281725278002937,0.0
434,8.68,hold,kick,174,1.3899999856948853,0.019999999552965164,0.10973345824050044,0.9883412554455367,0.2769519572738997,0.753228901664695,1.2818183639003002,-0.0021303135993254695,1.2839486774996256,0.0
435,8.7,hold,kick,175,1.3899999856948853,0.019999999552965164,0.10973345824050044,0.9983344458448679,0.28018607083320274,0.756821594730564,1.284644626708983,-0.001935379164401077,1.286580005873384,0.0
436,8.72,hold,kick,176,1.3899999856948853,0.019999999552965164,0.10973345824050044,1.0072048074350972,0.28322009150938016,0.7602610650122505,1.287570036671328,-0.001727329395223444,1.2892973660665514,0.0
437,8.74,hold,kick,177,1.3899999856948853,0.019999999552965164,0.10973345824050044,1.0151545948780314,0.2861044201711412,0.7634455787381594,1.290420962035197,-0.0013428530506034396,1.2917638150858004,0.0
438,8.76,hold,kick,178,1.3899999856948853,0.019999999552965164,0.10973345824050044,1.0222208071410588,0.2886556517572963,0.766351983054756,1.2930809030793793,-0.0009530959153875307,1.294033998994767,0.0
439,8.78,hold,kick,179,1.3899999856948853,0.019999999552965164,0.10973345824050044,1.028041631548315,0.2909856954890102,0.7685932774927985,1.2952118639531196,-0.0008451193341357764,1.2960569832872553,0.0
440,8.8,hold,kick,180,1.3899999856948853,0.019999999552965164,0.10973345824050044,1.0330124423449656,0.2931321524009724,0.7702449541522484,1.2966744728678634,-0.0008289465613656836,1.2975034194292292,0.0
441,8.82,hold,kick,181,1.4111959589768321,0.011728713394878916,0.11411321974101298,1.0375822479533414,0.2951014906060776,0.7718223211708403,1.2977930093034702,-0.0007849228954916847,1.298577932198962,0.0
442,8.84,hold,kick,182,1.4697237416604394,-0.012272526144041895,0.12400101631192502,1.0413042924780473,0.2968801202715177,0.7734485202787227,1.298768833664171,-0.0007817070886999636,1.299550540752871,0.0
443,8.86,hold,kick,183,1.5312358628881886,-0.03802600092366813,0.1316233074746018,1.0438213442008093,0.29845411586318193,0.7747154227973272,1.299212987058137,-0.0007841222843175608,1.2999971093424545,0.0
444,8.88,hold,kick,184,1.5927500015056908,-0.06378082122253369,0.13532299825589597,1.0460588023565398,0.2996868071250801,0.7758650979390334,1.2991137825283179,-0.0007958918844895232,1.2999096744128074,0.0
445,8.9,hold,kick,185,1.654264140123193,-0.08953564152139924,0.1350986890371901,1.0484559936192246,0.3002949045930148,0.7771035286453486,1.2987601486626448,-0.0008478884121262097,1.299608037074771,0.0
446,8.92,hold,kick,186,1.7157782787406952,-0.1152904618202648,0.13095037981848398,1.0513989443200225,0.2999634430330981,0.7786757760921894,1.2986288415180434,-0.0009071179552681968,1.2995359594733116,0.0
447,8.94,hold,kick,187,1.7772924173581974,-0.14104528211913034,0.12287807059977814,1.0551980099081937,0.2983558510327254,0.780695397789922,1.299222806159254,-0.000998895718159195,1.3002217018774131,0.0
448,8.96,hold,kick,188,1.8388065559756996,-0.1668001024179959,0.11088176138107224,1.0594492620926326,0.29537220447114565,0.7830593083553018,1.3007772542022975,-0.0011742589655217607,1.3019515131678192,0.0
449,8.98,hold,kick,189,1.8950321973723765,-0.19077143820146486,0.10505794115099448,1.0632933770294726,0.2916078173184297,0.7854519956936732,1.3028083291997745,-0.00139891817574753,1.304207247375522,0.0
450,9.0,hold,kick,190,1.9469086040963162,-0.21330077552143328,0.10647547672910293,1.0665431398454521,0.2878570177522089,0.7875051017155936,1.304540498699946,-0.0016290267902655427,1.3061695254902115,0.0
451,9.02,hold,kick,191,1.9983177635735967,-0.23570110690530965,0.10825965910233586,1.069469807307497,0.2845278233245101,0.7891273310459063,1.3056257638756552,-0.0018175216829798453,1.307443285558635,0.0
452,9.04,hold,kick,192,2.0497169996168916,-0.2581006712074809,0.10936966919272753,1.072096771772877,0.2817643916419695,0.7904510151622812,1.3060741649170802,-0.0019301556103707984,1.308004320527451,0.0
453,9.06,hold,kick,193,2.1011493209015843,-0.28050221032605,0.10981739155448841,1.0743367243080544,0.27940663152925227,0.7915936935820856,1.3060723407377461,-0.002026839124182056,1.3080991798619281,0.0
454,9.08,hold,kick,194,2.1526251418337394,-0.30291113054898755,0.10990803053973945,1.0760760467928703,0.2770008026560958,0.7924794695235836,1.3058299450206479,-0.0021302065640490635,1.307960151584697,0.0
455,9.1,hold,kick,195,2.204111743007443,-0.3253231423597805,0.10990792909267805,1.0771514871722636,0.2743363785032641,0.7930102679595444,1.3053845145704237,-0.0022318437645093593,1.3076163583349332,0.0
456,9.12,hold,kick,196,2.255599720066501,-0.34773554320421657,0.10989311998189215,1.077617612045098,0.27140729166324995,0.7932611191845992,1.3047466757920305,-0.002314598871031654,1.307061274663062,0.0
457,9.14,hold,kick,197,2.3070870576380855,-0.3701476381533265,0.10988012067537745,1.0773811079200353,0.26813486410360887,0.7931788645961813,1.3038603980027255,-0.0023952306569461797,1.3062556286596716,0.0
458,9.16,hold,kick,198,2.3585735906122705,-0.39255937925648265,0.10987055257869614,1.076565399683856,0.26445294037394595,0.7927697373805496,1.3027288910816344,-0.0024703995438946844,1.305199290625529,0.0
459,9.18,hold,kick,199,2.410059482110822,-0.4149708406564206,0.10986329602514239,1.0758458423959825,0.26039629101204326,0.7921651171313818,1.3014892787752994,-0.0025329870963122815,1.3040222658716116,0.0
460,9.2,hold,kick,200,2.4615448778629285,-0.4373820861992708,0.10985729521835859,1.0756056836741539,0.25591807684460566,0.7912874587022011,1.3001975906404362,-0.0025907474355470576,1.3027883380759833,0.0
461,9.22,hold,kick,201,2.513029864667261,-0.4597931537217913,0.10985193180788062,1.0756820717007125,0.25084516582855626,0.7898331412893764,1.2986624625064145,-0.0026620983585986524,1.3013245608650132,0.0
462,9.24,hold,kick,202,2.564514488479131,-0.48220406323507653,0.1098469012102247,1.0756742964221209,0.24509422173318793,0.787673194596385,1.2966223927001042,-0.002739621593650616,1.2993620142937548,0.0
463,9.26,hold,kick,203,2.615998773599639,-0.5046148253181569,0.10984206725288276,1.0756595989082087,0.2387001137541188,0.7850694383885661,1.294175319869094,-0.002779383365827351,1.2969547032349213,0.0
464,9.28,hold,kick,204,2.6674827342036913,-0.5270254461413952,0.10983737261983528,1.076360605728904,0.23159712044937175,0.7824150713524942,1.2918187764457494,-0.002740293588960503,1.2945590700347098,0.0
465,9.3,hold,kick,205,2.718966380067004,-0.5494359299601097,0.10983279377181457,1.0782369715951017,0.22357690807660524,0.7798902821362995,1.2899270897725685,-0.0027078398189512368,1.2926349295915198,0.0
466,9.32,hold,kick,206,2.7704497191213444,-0.5718462802269478,0.10982832066251218,1.081057445721133,0.21449454292781653,0.7772323348590658,1.2882246804818922,-0.0027716884321054153,1.2909963689139976,0.0
467,9.34,hold,kick,207,2.8219327585100245,-0.5942565000513443,0.10982394831853057,1.0847522019533062,0.20464388035850056,0.7744807757082361,1.2865238832890256,-0.00279592720316928,1.2893198104921948,0.0
468,9.36,hold,kick,208,2.873415504997166,-0.6166665923776763,0.10981967357636543,1.0894704392609083,0.19415405080589498,0.772037467166158,1.2851121567459407,-0.0026579472777636844,1.2877701040237044,0.0
469,9.38,hold,kick,209,2.924897965118145,-0.6390765600507493,0.1098154938999188,1.0951392201877121,0.1825713679417634,0.7698330871245096,1.2840902773958844,-0.0026232692847317947,1.2867135466806163,0.0
470,9.4,hold,kick,210,2.976380145233038,-0.6614864058390623,0.10981140698219422,1.1015283893489196,0.16976765776996638,0.7675324627644982,1.283132991879733,-0.0027567355924897514,1.2858897274722227,0.0
471,9.42,hold,kick,211,3.027862051546128,-0.6838961324432966,0.10980741062231217,1.1084986583158767,0.1562559220402019,0.7645268973826234,1.2816482515192484,-0.0027630006418091005,1.2844112521610576,0.0
472,9.44,hold,kick,212,3.0793436901143907,-0.706305742500013,0.10980350269134644,1.1155828760260207,0.14165923440318234,0.7596696106329923,1.2787968699438583,-0.0024646273980700913,1.2812614973419285,0.0
473,9.46,hold,kick,213,3.13082506685272,-0.728715238583926,0.10979968112363676,1.1220558809131456,0.1260214501637576,0.7523079293896254,1.273909046800799,-0.009300276100544916,1.283209322901344,0.0
474,9.48,hold,kick,214,3.1823061875382455,-0.7511246232097801,0.10979594391406311,1.1235879647390632,0.11375977256926285,0.7468125741738143,1.2697786064641756,-0.007926939596640953,1.2777055460608167,0.0
475,9.5,hold,kick,215,3.233787057814374,-0.7735338988341129,0.10979228911611623,1.1209879824839153,0.10443928051758311,0.7447410988302601,1.2687038441525065,-0.004653219050606866,1.2733570632031133,0.0
476,9.52,hold,kick,216,3.285267683194689,-0.7959430678569489,0.10978871483978413,1.1174887299064808,0.09574536721861814,0.7441159369696835,1.2692929318980501,-0.0034881492113494755,1.2727810811093996,0.0
477,9.54,hold,kick,217,3.336748069066691,-0.8183521326234321,0.10978521924926954,1.1147489934187214,0.0870171452828056,0.7434488862017972,1.2702349292976323,-0.0023179352608197618,1.272552864558452,0.0
478,9.56,hold,kick,218,3.388228220695407,-0.8407610954253929,0.10978180056067947,1.1131314997353159,0.07809322495014247,0.741225013687344,1.2698123968042467,-0.001117489510117281,1.270929886314364,0.0
479,9.58,hold,kick,219,3.439708143226839,-0.8631699585028512,0.10977845703978148,1.1098440683001092,0.07068091284356023,0.738708427978512,1.2682840242439388,-0.0055413906084944425,1.2738254148524333,0.0
480,9.6,hold,kick,220,3.4911878416912585,-0.8855787240454502,0.10977518699986857,1.1057525986740881,0.06470144144196222,0.7392147533281236,1.2692254407593073,-0.00217284903496363,1.271398289794271,0.0
481,9.62,hold,kick,221,3.5426673210063693,-0.907987394193833,0.10977198879974606,1.1040172951674903,0.05983383513583051,0.7406256294768533,1.2710920888913817,-0.0011291554008883188,1.27222124429227,0.0
482,9.64,hold,kick,222,3.5941465859803357,-0.9303959710409608,0.10976886084183891,1.1037661022840497,0.05569135990098447,0.7428793837036475,1.2737222517852897,-0.0010937819955735908,1.2748160337808634,0.0
483,9.66,hold,kick,223,3.6456256413146733,-0.9528044566333724,0.10976580157041414,1.1044189807197677,0.0521465704565763,0.7455576769763527,1.2766415128761004,-0.0012868900200977036,1.2779284028961981,0.0
484,9.68,hold,kick,224,3.6971044916070417,-0.9752128529723976,0.10976280946991028,1.1056082736728226,0.04907470831097778,0.7482488180910766,1.2794290127945291,-0.0014470254353295409,1.2808760382298587,0.0
485,9.7,hold,kick,225,3.748583141353907,-0.9976211620153183,0.1097598830633671,1.1072951628107206,0.046510424121407275,0.7507898906405388,1.2819456968489489,-0.0015007566426932135,1.283446453491642,0.0
486,9.72,hold,kick,226,3.800061594953119,-1.0200293856764875,0.10975702091094797,1.1093717321528516,0.04435082713548977,0.753048487735901,1.2840599862926727,-0.0014985801807433467,1.2855585664734162,0.0
487,9.74,hold,kick,227,3.851539856706368,-1.0424375258284033,0.10975422160854824,1.1114798375133002,0.04251591844675177,0.7547146905058195,1.2854835009484313,-0.0014498276331100651,1.2869333285815414,0.0
488,9.76,hold,kick,228,3.9030179308215702,-1.064845584302743,0.10975148378648449,1.113252951870089,0.040950641048696806,0.7555688722545025,1.2860487667684128,-0.0014697389425522914,1.287518505710965,0.0
489,9.78,hold,kick,229,3.954495821415155,-1.0872535628913604,0.10974880610825742,1.114749249712723,0.03955322039339659,0.7556729197534922,1.2858628423976282,-0.0014839187246855484,1.2873467611223137,0.0
490,9.8,hold,kick,230,4.00597353251427,-1.109661463347246,0.10974618726938494,1.1161970659288252,0.03825900270579741,0.7551416578329974,1.2850630225945268,-0.0015223016916315613,1.2865853242861582,0.0
491,9.82,hold,kick,231,4.057451068058917,-1.1320692873854563,0.10974362599629944,1.1176661967578103,0.03716489930447889,0.7541885964764052,1.2838810548962816,-0.0015331823497147581,1.2854142372459962,0.0
492,9.84,hold,kick,232,4.108928431904009,-1.1544770366840074,0.10974112104530552,1.118959911107644,0.03667511453183189,0.7533702422177257,1.282915649375471,-0.0014251814139278375,1.2843408307893989,0.0
493,9.86,hold,kick,233,4.160405627821349,-1.1768847128847397,0.10973867120159353,1.1201276874713784,0.03683317538359821,0.7529327792303232,1.2824186479062238,-0.0012556348455898432,1.2836742827518137,0.0
494,9.88,hold,kick,234,4.211882659636707,-1.1992923176529868,0.10973633970593893,1.1213021708858257,0.03744572271928391,0.752577972468675,1.282041008917049,-0.001093600399730714,1.2831346093167797,0.0
495,9.9,hold,kick,235,4.263359541602511,-1.2216998571927342,0.10973474535622926,1.1225106686120598,0.038396325205763096,0.7520037742059574,1.2814558656633117,-0.0009207986925376527,1.2823766643558494,0.0
496,9.92,hold,kick,236,4.314836319127388,-1.2441073512700496,0.1097339572809062,1.1237820232982882,0.039538411506249226,0.7511148065150409,1.2805713471351186,-0.0008830500391269168,1.2814543971742454,0.0
497,9.94,hold,kick,237,4.36631304109812,-1.2665148211650195,0.10973362915781357,1.1251307406433093,0.04081616551538274,0.7499476522160691,1.2794382309579164,-0.0009145332319529555,1.2803527641898693,0.0
498,9.96,hold,kick,238,4.417789738373168,-1.288922280310125,0.10973350905567252,1.1265274377084957,0.042207054161915836,0.7486188929491684,1.2781819470636584,-0.0009194965150785446,1.279101443578737,0.0
499,9.98,hold,kick,239,4.469266426043027,-1.3113297352741557,0.10973347035906078,1.1280631812558666,0.043756648964936064,0.7473578647823581,1.2769954125188896,-0.0007883171875657999,1.2777837297064554,0.0
500,10.0,hold,kick,240,4.52074311040419,-1.333737188797938,0.10973345979798022,1.1297181964451444,0.045451334703606926,0.7462574514054273,1.2759484116494952,-0.0006716023681000854,1.2766200140175954,0.0
501,10.02,hold,kick,241,4.572219793773152,-1.3561446418898193,0.1097334577000972,1.1313946234471002,0.047213146036036255,0.7453360704878285,1.2750565668986695,-0.0006105588617517713,1.2756671257604213,0.0
502,10.04,hold,kick,242,4.623696476901543,-1.3785520948769805,0.1097334576643093,1.1331397386573787,0.049006106315136896,0.7446591653486553,1.274367053735509,-0.0005692588441992483,1.2749363125797082,0.0
503,10.06,hold,kick,243,4.675173159996798,-1.4009595478497197,0.10973345791786113,1.1349733871947008,0.05080684231212468,0.744250160354499,1.2739054312278562,-0.0005534226951160667,1.2744588539229722,0.0
504,10.08,hold,kick,244,4.726649843101261,-1.4233670008264676,0.10973345809609795,1.136808327334262,0.052549728452549085,0.7440313111166481,1.273622754829184,-0.0005632740228481564,1.2741860288520321,0.0
505,10.1,hold,kick,245,4.778126526216419,-1.4457744538078705,0.10973345818445308,1.1386118967329302,0.05418107776302592,0.7439410354141303,1.2734730984340166,-0.0005801703815217461,1.2740532688155384,0.0
506,10.12,hold,kick,246,4.829603209337672,-1.4681819067919262,0.10973345822128806,1.1403466405489076,0.05563049717350779,0.7439827394554464,1.2734846510979723,-0.000600695802056718,1.274085346900029,0.0
507,10.14,hold,kick,247,4.881079892461683,-1.4905893597771813,0.10973345823478253,1.1419469430379456,0.056811459149670576,0.7440718068597512,1.2736076967055499,-0.0006265596269650828,1.2742342563325149,0.0
508,10.16,hold,kick,248,4.932556575586768,-1.5129968127629045,0.10973345823913434,1.1435242244664015,0.05774109352200042,0.7441090145144011,1.2737093824766195,-0.0006297488604304312,1.2743391313370498,0.0
509,10.18,hold,kick,249,4.984033258712225,-1.5354042657487894,0.10973345824032359,1.1452371098144212,0.058539280568391104,0.7442187025860828,1.2738562635000152,-0.0006009922036021194,1.2744572557036173,0.0
510,10.2,hold,kick,250,5.035509941837794,-1.557811718734723,0.10973345824056055,1.1469478625886829,0.05927051225841575,0.744452780901437,1.2741311397067183,-0.000579990823303414,1.2747111305300218,0.0
511,10.22,hold,kick,251,5.0869866249633935,-1.5802191717206697,0.10973345824056512,1.1485824736314494,0.05994355797254879,0.7446288682497858,1.2743790949455913,-0.0005671978165213837,1.2749462927621127,0.0
512,10.24,hold,kick,252,5.138463308088993,-1.6026266247066183,0.10973345824053686,1.1502861686825465,0.06059446987153452,0.744706398278762,1.2745191166341272,-0.0005554600175668202,1.275074576651694,0.0
513,10.26,hold,kick,253,5.189939991214593,-1.625034077692567,0.1097334582405169,1.1521256830723814,0.06122350217218564,0.7447966995815503,1.2746448510833335,-0.0005434581558154787,1.275188309239149,0.0
514,10.28,hold,kick,254,5.241416674340193,-1.6474415306785155,0.10973345824050697,1.1540474754547303,0.0618290167397847,0.7449258474465751,1.274796736057118,-0.0005357969100935195,1.2753325329672114,0.0
515,10.3,hold,kick,255,5.292893357465792,-1.669848983664464,0.10973345824050285,1.156036666067794,0.062403816125426496,0.7450913793161469,1.2749761518036409,-0.0005340030394494384,1.2755101548430903,0.0
516,10.32,hold,kick,256,5.344370040591392,-1.6922564366504127,0.1097334582405013,1.1580877054623882,0.06291789431023205,0.7452896858236948,1.2751822840889022,-0.000535137406913435,1.2757174214958156,0.0
517,10.34,hold,kick,257,5.395846723716992,-1.7146638896363613,0.10973345824050078,1.1602052693813834,0.06335098858303831,0.7454970292678758,1.2753928211475756,-0.0005384897568502314,1.275931310904426,0.0
518,10.36,hold,kick,258,5.4473234068425915,-1.7370713426223099,0.10973345824050078,1.1623892343586255,0.06368916271783366,0.7456925687749664,1.275588406208545,-0.0005444768040079699,1.276132883012553,0.0
519,10.38,hold,kick,259,5.498800089968191,-1.7594787956082585,0.10973345824050078,1.1646134117709621,0.06393058299619636,0.7458778384247127,1.2757731257974307,-0.0005443634279082357,1.276317489225339,0.0
520,10.4,hold,kick,260,5.550276773093791,-1.781886248594207,0.10973345824050078,1.166838904238339,0.06408738774765148,0.7460468229253793,1.2759458566460944,-0.0005372263843880822,1.2764830830304825,0.0
521,10.42,hold,kick,261,5.601753456219391,-1.8042937015801557,0.10973345824050078,1.169024513051891,0.06418702282828687,0.7461811620969692,1.2760940577109188,-0.0005318187660382986,1.2766258764769571,0.0
522,10.44,hold,kick,262,5.65323013934499,-1.8267011545661043,0.10973345824050078,1.1711831343673194,0.06425339173226095,0.7462985475712896,1.276229442366908,-0.0005280764191181279,1.2767575187860263,0.0
523,10.46,hold,kick,263,5.70470682247059,-1.8491086075520529,0.10973345824050078,1.17334974517092,0.06429435041524512,0.7464199530132831,1.27636333934096,-0.000523655124180681,1.2768869944651406,0.0
524,10.48,hold,kick,264,5.75618350559619,-1.8715160605380015,0.10973345824050078,1.1755212748492574,0.06430983767530622,0.7465426962572044,1.2764895818902162,-0.000518537952404332,1.2770081198426206,0.0
525,10.5,hold,kick,265,5.80766018872179,-1.89392351352395,0.10973345824050078,1.1776790819127598,0.06430335001705034,0.7466686088449541,1.276610210938625,-0.0005133108092420582,1.2771235217478671,0.0
526,10.52,hold,kick,266,5.859136871847389,-1.9163309665098986,0.10973345824050078,1.1798100780793424,0.0642703358715397,0.7467985667569341,1.2767265760069675,-0.0005119623803558522,1.2772385383873233,0.0
527,10.54,hold,kick,267,5.910613554972989,-1.9387384194958472,0.10973345824050078,1.1819053026411614,0.06421434381807205,0.7469139403532333,1.276820099346214,-0.0005105211947749669,1.277330620540989,0.0
528,10.56,hold,kick,268,5.962090238098589,-1.9611458724817958,0.10973345824050078,1.1839516545997417,0.06414913442443242,0.7469998779552637,1.2768751013176238,-0.0005083560090241822,1.277383457326648,0.0
529,10.58,hold,kick,269,6.0135669212241885,-1.9835533254677444,0.10973345824050078,1.1859392148726076,0.0640854076962985,0.7470707857184083,1.2769047279907513,-0.0005088607593833061,1.2774135887501346,0.0
530,10.6,hold,kick,270,6.065043604349788,-2.005960778453693,0.10973345824050078,1.1878521949449736,0.0640390128541277,0.7471378957712724,1.2769240793861973,-0.0005146174002027791,1.2774386967864002,0.0
531,10.62,hold,kick,271,6.116520287475388,-2.0283682314396416,0.10973345824050078,1.1896613252959736,0.0640180808713718,0.7471908787737025,1.2769306741957929,-0.0005228120513993337,1.2774534862471922,0.0
532,10.64,hold,kick,272,6.167996970600988,-2.05077568442559,0.10973345824050078,1.1913458011851283,0.06402636782908369,0.7472198969913684,1.2769223101589677,-0.0005329598655572677,1.277455270024525,0.0
533,10.66,hold,kick,273,6.219473653726587,-2.073183137411539,0.10973345824050078,1.1928915200888481,0.06405775555874939,0.7472188457001507,1.2769011543426,-0.0005446684380087802,1.277445822780609,0.0
534,10.68,hold,kick,274,6.270950336852187,-2.0955905903974874,0.10973345824050078,1.1942992590634136,0.0640948692978227,0.7471897002780846,1.276869583577359,-0.0005546375337614866,1.2774242211111204,0.0
535,10.7,hold,kick,275,6.322427019977787,-2.117998043383436,0.10973345824050078,1.1955963914419527,0.06412246714848258,0.7471523730430958,1.2768377430107882,-0.0005604434937701956,1.2773981865045585,0.0
536,10.72,hold,kick,276,6.3739037031033865,-2.1404054963693846,0.10973345824050078,1.196806540693833,0.06413596582898465,0.7471187677771298,1.2768103508428246,-0.0005644806514710464,1.2773748314942956,0.0
537,10.74,hold,kick,277,6.425380386228986,-2.162812949355333,0.10973345824050078,1.197938813622188,0.06415377666560734,0.747106457447387,1.2768009791130301,-0.0005660453920393327,1.2773670245050694,0.0
538,10.76,hold,kick,278,6.476857069354586,-2.185220402341282,0.10973345824050078,1.1989908836474206,0.06419839718638579,0.7471190028377597,1.2768128089221011,-0.0005641604314571697,1.2773769693535584,0.0
539,10.78,hold,kick,279,6.528333752480186,-2.2076278553272304,0.10973345824050078,1.1999288354291766,0.06429023200948655,0.7471125938026458,1.2768110530228367,-0.0005644630338968344,1.2773755160567335,0.0
540,10.8,hold,kick,280,6.579810435605785,-2.230035308313179,0.10973345824050078,1.200729454514213,0.06442836296004668,0.7470614302269256,1.2767754999926773,-0.0005728474912414724,1.2773483474839187,0.0
541,10.82,hold,kick,281,6.631287118731385,-2.2524427612991276,0.10973345824050078,1.2014114873552446,0.06459668650742292,0.746975242957005,1.276711813925648,-0.0005785017887856014,1.2772903157144335,0.0
542,10.84,hold,kick,282,6.682763801856985,-2.274850214285076,0.10973345824050078,1.2020216120604788,0.06477932427542794,0.7468718670988383,1.2766259757473108,-0.0005805059205548878,1.2772064816678657,0.0
543,10.86,hold,kick,283,6.7342404849825845,-2.2972576672710248,0.10973345824050078,1.2026015055988408,0.06497677292057795,0.7467758951152748,1.2765327431613145,-0.00057988617097696,1.2771126293322914,0.0
544,10.88,hold,kick,284,6.785717168108184,-2.3196651202569734,0.10973345824050078,1.2031515484214077,0.06519612539958844,0.7467092549362221,1.2764576062058914,-0.0005781050512682837,1.2770357112571598,0.0
545,10.9,hold,kick,285,6.837193851233784,-2.342072573242922,0.10973345824050078,1.2036448949395786,0.06542130528071954,0.7466595175744735,1.2763991139561088,-0.0005759153978392995,1.2769750293539481,0.0
546,10.92,hold,kick,286,6.888670534359384,-2.3644800262288705,0.10973345824050078,1.2040694701836752,0.06563311120171617,0.7466005553755883,1.276334390951762,-0.0005719945477277548,1.2769063854994898,0.0
547,10.94,hold,kick,287,6.940147217484983,-2.386887479214819,0.10973345824050078,1.2044393104201299,0.06582947845477438,0.7465427749007421,1.2762674120593425,-0.0005667393480028905,1.2768341514073454,0.0
548,10.96,hold,kick,288,6.991623900610583,-2.4092949322007677,0.10973345824050078,1.2047631141275947,0.06600730028939437,0.7465069031966541,1.2762159074617934,-0.0005626415124552996,1.2767785489742487,0.0
549,10.98,hold,kick,289,7.043100583736183,-2.4317023851867163,0.10973345824050078,1.205014241132014,0.06616330567977492,0.7464774769270717,1.276170770275117,-0.0005657188039749454,1.276736489079092,0.0
550,11.0,hold,kick,290,7.094577266861783,-2.454109838172665,0.10973345824050078,1.20517116737554,0.06629568875240005,0.7464242413326507,1.2761069393302276,-0.0005722918127132326,1.276679231142941,0.0
551,11.02,hold,kick,291,7.146053949987382,-2.4765172911586135,0.10973345824050078,1.2052448433155998,0.06640037912209419,0.7463325167092135,1.2760063407337536,-0.000575667291410932,1.2765820080251646,0.0
552,11.04,hold,kick,292,7.197530633112982,-2.498924744144562,0.10973345824050078,1.2052591511240371,0.06648182350304228,0.7462182500185685,1.275878424954676,-0.0005760594531408515,1.2764544844078167,0.0
553,11.06,hold,kick,293,7.249007316238582,-2.5213321971305107,0.10973345824050078,1.2052253143874085,0.06654546664850725,0.7461073368452731,1.2757492738080984,-0.0005748562237904153,1.2763241300318888,0.0
554,11.08,hold,kick,294,7.3004839993641815,-2.5437396501164593,0.10973345824050078,1.2051464448185831,0.06659052692203399,0.7460213709204453,1.2756440087317107,-0.00057156151574125,1.276215570247452,0.0
555,11.1,hold,kick,295,7.351960682489781,-2.566147103102408,0.10973345824050078,1.2050289666370075,0.06661567146986003,0.7459690519786019,1.2755725255815011,-0.0005672356706175469,1.2761397612521186,0.0
556,11.12,hold,kick,296,7.403437365615381,-2.5885545560883565,0.10973345824050078,1.2048774828026227,0.06662091317048127,0.7459420990551188,1.275527782853971,-0.0005638254682657565,1.276091608322237,0.0
557,11.14,hold,kick,297,7.454914048740981,-2.610962009074305,0.10973345824050078,1.2046953437574885,0.06659530443851104,0.7459283078569321,1.2754993982207778,-0.0005631518200198658,1.2760625500407976,0.0
558,11.16,hold,kick,298,7.50639073186658,-2.6333694620602537,0.10973345824050078,1.2044837691716548,0.06651635700030527,0.7459172239347094,1.2754810090703943,-0.0005674619563296839,1.276048471026724,0.0
559,11.18,hold,kick,299,7.55786741499218,-2.6557769150462023,0.10973345824050078,1.2042516622668815,0.06637186116739803,0.7459114798037804,1.275477800379029,-0.0005775763039404316,1.2760553766829694,0.0
560,11.2,hold,kick,300,7.60934409811778,-2.678184368032151,0.10973345824050078,1.2040190773147321,0.06617575597316228,0.7459216263175937,1.2754987801638795,-0.0005865189035958382,1.2760852990674754,0.0
561,11.22,hold,kick,301,7.6608207812433795,-2.7005918210180995,0.10973345824050078,1.2037935752043416,0.06598560827208597,0.7460266807002904,1.2756195921469833,-0.0005540878079086341,1.276173679954892,0.0
562,11.24,hold,kick,302,7.712297464368979,-2.722999274004048,0.10973345824050078,1.2035275459758943,0.0658423556643191,0.7462271070604983,1.2758458577299383,-0.0005146771152755129,1.2763605348452138,0.0
563,11.26,hold,kick,303,7.763774147494579,-2.7454067269899967,0.10973345824050078,1.203191049026283,0.0657371534798536,0.7464361672548405,1.2760791486456726,-0.0005012520744959829,1.2765804007201687,0.0
564,11.28,hold,kick,304,7.815250830620179,-2.7678141799759453,0.10973345824050078,1.2027708578715184,0.06565536288282325,0.7466088930863662,1.2762653135494995,-0.0004974621868827737,1.2767627757363822,0.0
565,11.3,hold,kick,305,7.866727513745778,-2.790221632961894,0.10973345824050078,1.2022808205028452,0.06559016752936622,0.7467321042844758,1.276388753075213,-0.0004944960941697246,1.2768832491693827,0.0
566,11.32,hold,kick,306,7.918204196871378,-2.8126290859478424,0.10973345824050078,1.2017387610947425,0.06552631989667657,0.7468126400129985,1.2764568570316817,-0.0004904985183296143,1.2769473555500113,0.0
567,11.34,hold,kick,307,7.969680879996978,-2.835036538933791,0.10973345824050078,1.2011590251362756,0.06544426674531781,0.7468703160479185,1.2764931916600235,-0.0004861417626848101,1.2769793334227084,0.0
568,11.36,hold,kick,308,8.021157563122577,-2.8574439919197396,0.10973345824050078,1.2006497334627968,0.06519288629401487,0.7469173355447403,1.2765135534294552,-0.0004850517507929211,1.276998605180248,0.0
569,11.38,hold,kick,309,8.072634246248176,-2.8798514449056882,0.10973345824050078,1.2001415033368523,0.06482498624310387,0.7469948139942658,1.2765819651245638,-0.00048191888933756324,1.2770638840139013,0.0
570,11.4,hold,kick,310,8.124110929373776,-2.902258897891637,0.10973345824050078,1.199541605833066,0.06445836526280783,0.7471090349851748,1.276723952671334,-0.0004801309998657931,1.2772040836712,0.0
571,11.42,hold,kick,311,8.175587612499376,-2.9246663508775854,0.10973345824050078,1.1987982043321965,0.06415720523057339,0.7472280584397485,1.2769098163337211,-0.00047653309640165176,1.2773863494301227,0.0
572,11.44,hold,kick,312,8.227064295624976,-2.947073803863534,0.10973345824050078,1.1979249198405915,0.06394773467609369,0.7473270622642605,1.2770979603588515,-0.00047197458332314327,1.2775699349421745,0.0
573,11.46,hold,kick,313,8.278540978750575,-2.9694812568494826,0.10973345824050078,1.1970007801880556,0.06374533595466497,0.7473985050312207,1.2772647973323814,-0.0004684104427476396,1.277733207775129,0.0
574,11.48,hold,kick,314,8.330017661876175,-2.991888709835431,0.10973345824050078,1.196020799681078,0.06357895078414058,0.747453920900093,1.2774175838745623,-0.0004651977392987998,1.2778827816138612,0.0
575,11.5,hold,kick,315,8.381494345001775,-3.01429616282138,0.10973345824050078,1.195001330786966,0.06344066869273435,0.7474978547534435,1.2775564643068917,-0.00046232090732973435,1.2780187852142215,0.0
576,11.52,hold,kick,316,8.432971028127374,-3.0367036158073284,0.10973345824050078,1.1939531325843484,0.06332711329132301,0.7475308433508336,1.2776791808419383,-0.00046077139510750445,1.2781399522370458,0.0
577,11.54,hold,kick,317,8.484447711252974,-3.059111068793277,0.10973345824050078,1.1928925210673123,0.06323550237404449,0.7475544858605203,1.2777843720955124,-0.00046007397807070957,1.2782444460735831,0.0
578,11.56,hold,kick,318,8.535924394378574,-3.0815185217792256,0.10973345824050078,1.1918277559556805,0.06316455603767918,0.7475719364629985,1.277874058708846,-0.00045915966918524606,1.2783332183780312,0.0
579,11.58,hold,kick,319,8.587401077504174,-3.103925974765174,0.10973345824050078,1.1907633911632427,0.06311551924955637,0.7475843492099935,1.2779493804292885,-0.00045809992308394956,1.2784074803523724,0.0
580,11.6,hold,kick,320,8.638877760629773,-3.1263334277511228,0.10973345824050078,1.189702874084652,0.06308774515063392,0.7475907152923694,1.2780097559294612,-0.00045698879538031215,1.2784667447248415,0.0
581,11.62,hold,kick,321,8.690354443755373,-3.1487408807370714,0.10973345824050078,1.1886441701848265,0.06307949126340034,0.7475927896632107,1.2780584439718967,-0.0004558026765945182,1.2785142466484913,0.0
582,11.64,hold,kick,322,8.741831126880973,-3.17114833372302,0.10973345824050078,1.187588878027348,0.06308114599886049,0.7475914418280634,1.2780982818742326,-0.0004559945659683047,1.278554276440201,0.0
583,11.66,hold,kick,323,8.793307810006572,-3.1935557867089686,0.10973345824050078,1.18653413823909,0.0630892580034295,0.7475852339308386,1.278129868889915,-0.00045656480594556334,1.2785864336958606,0.0
584,11.68,hold,kick,324,8.844784493132172,-3.215963239694917,0.10973345824050078,1.185475877162669,0.06309957338233076,0.7475736247893318,1.278154741965349,-0.00045704715439240373,1.2786117891197413,0.0
585,11.7,hold,kick,325,8.896261176257772,-3.2383706926808657,0.10973345824050078,1.1844186042363678,0.06309733727405223,0.7475574411591442,1.2781752335821126,-0.00045778290856806486,1.2786330164906807,0.0
586,11.72,hold,kick,326,8.947737859383372,-3.2607781456668143,0.10973345824050078,1.1833696831333513,0.06306894940165987,0.7475375506928268,1.278193292150277,-0.00045993261142729044,1.2786532247617042,0.0
587,11.74,hold,kick,327,8.999214542508971,-3.283185598652763,0.10973345824050078,1.1823352042712558,0.06300532870995258,0.7475136007324342,1.2782094546736311,-0.0004620407107153793,1.2786714953843465,0.0
588,11.76,hold,kick,328,9.050691225634571,-3.3055930516387115,0.10973345824050078,1.1813195158361902,0.06290200620825416,0.7474846034016162,1.2782233899505158,-0.00046402029489875027,1.2786874102454144,0.0
589,11.78,hold,kick,329,9.10216790876017,-3.32800050462466,0.10973345824050078,1.1803249590034168,0.06275863425013892,0.7474498517999866,1.2782347901761637,-0.00046570875580564247,1.2787004989319692,0.0
590,11.8,hold,kick,330,9.15364459188577,-3.3504079576106087,0.10973345824050078,1.1793522647819112,0.06257800909557429,0.7474088400492843,1.2782431928998972,-0.00046705607492108017,1.2787102489748183,0.0
591,11.82,hold,kick,331,9.20512127501137,-3.3728154105965573,0.10973345824050078,1.1784013991260387,0.06236443825792736,0.747360813204192,1.278247403023126,-0.00046807014757207707,1.278715473170698,0.0
592,11.84,hold,kick,332,9.25659795813697,-3.395222863582506,0.10973345824050078,1.1774717250226259,0.06212304696168709,0.7473046009673666,1.2782453211866052,-0.000468777111918197,1.2787140982985234,0.0
593,11.86,hold,kick,333,9.30807464126257,-3.4176303165684545,0.10973345824050078,1.1765625568089024,0.06185845598311016,0.7472389194210258,1.278234306704002,-0.00046920709219704787,1.278703513796199,0.0
594,11.88,hold,kick,334,9.35955132438817,-3.440037769554403,0.10973345824050078,1.1756731070600874,0.06157484734941595,0.7471625876860746,1.2782116304645117,-0.00046937930943686396,1.2786810097739485,0.0
595,11.9,hold,kick,335,9.411028007513769,-3.4624452225403517,0.10973345824050078,1.1748021181955204,0.061277786078731876,0.7470745406024593,1.2781746605403446,-0.000469356713861821,1.2786440172542064,0.0
596,11.92,hold,kick,336,9.462504690639369,-3.4848526755263003,0.10973345824050078,1.1739476112793823,0.060974097098619257,0.7469737445724974,1.2781209903202086,-0.000469268324454257,1.278590258644663,0.0
597,11.94,hold,kick,337,9.513981373764969,-3.507260128512249,0.10973345824050078,1.173107056615101,0.0606706914353095,0.7468586106846574,1.2780480060441484,-0.00046967981256206687,1.2785176858567104,0.0
598,11.96,hold,kick,338,9.565458056890568,-3.5296675814981975,0.10973345824050078,1.172277883170494,0.060373460581702364,0.7467270212277776,1.2779529048208407,-0.0004700192516979909,1.2784229240725387,0.0
599,11.98,hold,kick,339,9.616934740016168,-3.552075034484146,0.10973345824050078,1.1714580178373917,0.06008381054413941,0.7465764523896491,1.2778329811384233,-0.0004703024979936868,1.278303283636417,0.0
600,12.0,hold,kick,340,9.668411423141768,-3.5744824874700947,0.10973345824050078,1.1706463400082792,0.059800828459599525,0.746405176123405,1.277686654454289,-0.00047049905687617313,1.2781571535111653,0.0
601,12.02,hold,kick,341,9.719888106267367,-3.5968899404560433,0.10973345824050078,1.1698422800242128,0.059523808207235136,0.7462131448165706,1.277514273802563,-0.0004706512110804785,1.2779849250136437,0.0
602,12.04,hold,kick,342,9.771364789392967,-3.619297393441992,0.10973345824050078,1.1690447666703838,0.05925190672883952,0.7460026634819963,1.2773188549436667,-0.00047076664840317584,1.2777896215920699,0.0
603,12.06,hold,kick,343,9.822841472518567,-3.6417048464279405,0.10973345824050078,1.1682519559359883,0.058984126484836176,0.745777739891374,1.2771053933634404,-0.000470851713999524,1.27757624507744,0.0
604,12.08,hold,kick,344,9.874318155644167,-3.664112299413889,0.10973345824050078,1.1674614303794983,0.05871959834410707,0.7455427564669976,1.2768793920038553,-0.000470931826753708,1.277350323830609,0.0
605,12.1,hold,kick,345,9.925794838769766,-3.6865197523998376,0.10973345824050078,1.1666708501152112,0.058457740009729656,0.7453014905378909,1.2766456700235458,-0.0004710287840236846,1.2771166988075695,0.0
606,12.12,hold,kick,346,9.977271521895366,-3.7089272053857862,0.10973345824050078,1.1658783443881529,0.05819803233044223,0.7450570973418806,1.276408262897907,-0.0004737014525765665,1.2768819643504836,0.0
607,12.14,hold,kick,347,10.028748205020966,-3.731334658371735,0.10973345824050078,1.1650827170626799,0.05794006937602606,0.7448121952291409,1.2761704505912537,-0.000477099782053271,1.276647550373307,0.0
608,12.16,hold,kick,348,10.080224888146565,-3.7537421113576834,0.10973345824050078,1.164283407393563,0.057683829471691844,0.7445689792443082,1.275934851814528,-0.00048056423196327774,1.2764154160464911,0.0
609,12.18,hold,kick,349,10.131701571272165,-3.776149564343632,0.10973345824050078,1.1634804915271078,0.05742951764800937,0.7443292358867777,1.2757034564526637,-0.00048409021823024936,1.2761875466708938,0.0
610,12.2,hold,kick,350,10.183178254397765,-3.7985570173295806,0.10973345824050078,1.162674539328996,0.057177523976220446,0.7440943548825402,1.2754776795854246,-0.00048767687665664597,1.2759653564620812,0.0
611,12.22,hold,kick,351,10.234654937523365,-3.820964470315529,0.10973345824050078,1.1618590827818653,0.05697803628165656,0.7437956166671953,1.2751855588036967,-0.000503304381327039,1.2756888631850236,0.0
612,12.24,hold,kick,352,10.286131620648964,-3.843371923301478,0.10973345824050078,1.1610767026158235,0.05682994553072423,0.7434570672135632,1.2748418359225657,-0.0005270729131770166,1.2753689088357427,0.0
613,12.26,hold,kick,353,10.337608303774564,-3.8657793762874264,0.10973345824050078,1.1604125033415076,0.05674969795018896,0.743179702318758,1.2745511507673366,-0.0005430149333692305,1.2750941657007058,0.0
614,12.28,hold,kick,354,10.389084986900164,-3.888186829273375,0.10973345824050078,1.1598477711411896,0.05677870268998886,0.7429817974867312,1.2743397170938287,-0.0005504708988426782,1.2748901879926713,0.0
615,12.3,hold,kick,355,10.440561670025764,-3.9105942822593236,0.10973345824050078,1.1593311321955864,0.05692034297474048,0.742846245386769,1.274194003316015,-0.0005554271009796871,1.2747494304169948,0.0
616,12.32,hold,kick,356,10.492038353151363,-3.933001735245272,0.10973345824050078,1.158838631066,0.05715801911813205,0.7427494005505719,1.274093297409471,-0.0005609396649015677,1.2746542370743725,0.0
617,12.34,hold,kick,357,10.543515036276963,-3.955409188231221,0.10973345824050078,1.1583691570987118,0.05748366046087374,0.7426679736010063,1.2740127500658631,-0.0005666667795321059,1.2745794168453952,0.0
618,12.36,hold,kick,358,10.594991719402563,-3.9778166412171694,0.10973345824050078,1.157918206212327,0.05789430979086502,0.7425910380625094,1.273938511648203,-0.0005733073345989062,1.2745118189828017,0.0
619,12.38,hold,kick,359,10.646468402528162,-4.0002240942031175,0.10973345824050078,1.157485277765222,0.05839240499950451,0.7425135880981858,1.27386269087877,-0.0005819697511324391,1.2744446606299025,0.0
620,12.4,hold,kick,360,10.697945085653762,-4.022631547189048,0.10973345824050078,1.1570714381749154,0.05897586311116241,0.7424344398063665,1.2737828615884759,-0.000591456043634319,1.2743743176321103,0.0
621,12.42,hold,kick,361,10.749421768779362,-4.045039000174979,0.10973345824050078,1.1566742178497904,0.059621992437691895,0.7423549805369211,1.2737018175322683,-0.0006004146049440329,1.2743022321372124,0.0
622,12.44,hold,kick,362,10.800898451904962,-4.06744645316091,0.10973345824050078,1.1562922135723308,0.06031402779592957,0.7422756144548727,1.2736209319940495,-0.0006132440530952736,1.2742341760471447,0.0
623,12.46,hold,kick,363,10.852375135030561,-4.089853906146841,0.10973345824050078,1.1559277701664155,0.061040878943507015,0.7421964012673667,1.2735405037487713,-0.0006299520427509829,1.2741704557915223,0.0
624,12.48,hold,kick,364,10.903851818156161,-4.112261359132772,0.10973345824050078,1.155585500648805,0.061793506355543294,0.7421149456377293,1.2734580285897075,-0.0006459104880286101,1.274103939077736,0.0
625,12.5,hold,kick,365,10.95532850128176,-4.1346688121187025,0.10973345824050078,1.15527684051156,0.06255864609813216,0.7420330976960333,1.2733747743765416,-0.0006556133868597658,1.2740303877634014,0.0
626,12.52,hold,kick,366,11.00680518440736,-4.157076265104633,0.10973345824050078,1.1550141110222143,0.0633214233731741,0.7419609212804031,1.2733003306110438,-0.0006730904305835665,1.2739734210416274,0.0
627,12.54,hold,kick,367,11.05828186753296,-4.179483718090564,0.10973345824050078,1.1548027903281397,0.06407105128324192,0.7419024091467562,1.2732385564887942,-0.0006929102115605032,1.2739314667003547,0.0
628,12.56,hold,kick,368,11.10975855065856,-4.201891171076495,0.10973345824050078,1.1546422912021197,0.06480002951730496,0.7418593009459632,1.2731911469858035,-0.0007137641171746437,1.273904911102978,0.0
629,12.58,hold,kick,369,11.16123523378416,-4.224298624062426,0.10973345824050078,1.1545314233256316,0.06550317453265876,0.7418333049102999,1.2731601216209125,-0.0007374686936918867,1.2738975903146044,0.0
630,12.6,hold,kick,370,11.21271191690976,-4.246706077048357,0.10973345824050078,1.1544700715179628,0.06617542415792542,0.7418230826256942,1.2731446992931175,-0.0007666040590949309,1.2739113033522125,0.0
631,12.62,hold,kick,371,11.264188600035359,-4.2691135300342875,0.10973345824050078,1.1544596336303052,0.06681017626250113,0.7418235593080404,1.2731398985288918,-0.000797547725997938,1.2739374462548896,0.0
632,12.64,hold,kick,372,11.315665283160959,-4.291520983020218,0.10973345824050078,1.1544997713928171,0.06740086501247518,0.7418326114343343,1.2731438608379049,-0.0008199272675917524,1.2739637881054966,0.0
633,12.66,hold,kick,373,11.367141966286558,-4.313928436006149,0.10973345824050078,1.154588626067319,0.0679441383292539,0.7418485460818071,1.2731548464224325,-0.0008384806263051284,1.2739933270487376,0.0
634,12.68,hold,kick,374,11.418618649412158,-4.33633588899208,0.10973345824050078,1.15472424564989,0.0684379111910284,0.7418707759543984,1.273172291841677,-0.0008577753335691253,1.2740300671752463,0.0
635,12.7,hold,kick,375,11.470095332537758,-4.358743341978011,0.10973345824050078,1.1549064221127712,0.0688809351399407,0.7419007833003756,1.2731975763029855,-0.0008768097578295206,1.274074386060815,0.0
636,12.72,hold,kick,376,11.521572015663358,-4.381150794963942,0.10973345824050078,1.1551329360833522,0.06927357847072284,0.7419407453468361,1.2732329027496825,-0.000893765545006777,1.2741266682946892,0.0
637,12.74,hold,kick,377,11.573048698788957,-4.4035582479498725,0.10973345824050078,1.1553991776461194,0.06961666421176597,0.7419910866688927,1.2732788362167784,-0.0009077638528923217,1.2741866000696707,0.0
638,12.76,hold,kick,378,11.624525381914557,-4.425965700935803,0.10973345824050078,1.1557000442047558,0.06991112683332573,0.7420513389519304,1.2733351374180415,-0.0009186333569210954,1.2742537707749626,0.0
639,12.78,hold,kick,379,11.676002065040157,-4.448373153921734,0.10973345824050078,1.1560305134393638,0.07015835886095169,0.7421206008175316,1.2734010894831183,-0.0009271228710650663,1.2743282123541833,0.0
640,12.8,hold,kick,380,11.727478748165757,-4.470780606907665,0.10973345824050078,1.1563863085922435,0.07036089666352247,0.7421976657728065,1.2734755385157472,-0.0009338041005472891,1.2744093426162946,0.0
641,12.82,hold,kick,381,11.778955431291356,-4.493188059893596,0.10973345824050078,1.1567637390888141,0.07052137229402675,0.7422805130385942,1.2735565450185584,-0.0009386406972884537,1.2744951857158469,0.0
642,12.84,hold,kick,382,11.830432114416956,-4.515595512879527,0.10973345824050078,1.157159795563708,0.07064089058535593,0.742366899242705,1.2736419196684343,-0.0009416227980589657,1.2745835424664933,0.0
643,12.86,hold,kick,383,11.881908797542556,-4.5380029658654575,0.10973345824050078,1.1575702018486822,0.07071939478874782,0.7424558119091392,1.2737306476594463,-0.0009429130796023109,1.2746735607390487,0.0
644,12.88,hold,kick,384,11.933385480668155,-4.560410418851388,0.10973345824050078,1.1579941768327247,0.07075832175079369,0.7425464841523389,1.273821586295998,-0.0009424114917988002,1.274763997787797,0.0
645,12.9,hold,kick,385,11.984862163793755,-4.582817871837319,0.10973345824050078,1.1584327790787121,0.07075966167574584,0.7426375055916488,1.273912832260595,-0.0009402741876251355,1.2748531064482203,0.0
646,12.92,hold,kick,386,12.036338846919355,-4.60522532482325,0.10973345824050078,1.1588858984778745,0.07072571862949151,0.7427275009628301,1.274002607310896,-0.0009359400897252963,1.2749385474006214,0.0
647,12.94,hold,kick,387,12.087815530044955,-4.627632777809181,0.10973345824050078,1.1593525165174619,0.07065903105098485,0.7428156523449304,1.2740897962529774,-0.0009293729037036166,1.275019169156681,0.0
648,12.96,hold,kick,388,12.139292213170554,-4.650040230795112,0.10973345824050078,1.1598327874576069,0.07056223018271111,0.742901616701299,1.274173707971037,-0.0009211338808347916,1.2750948418518717,0.0
649,12.98,hold,kick,389,12.190768896296154,-4.6724476837810425,0.10973345824050078,1.1603249610544555,0.07043560315865073,0.7429850936567506,1.2742540728533764,-0.0009114174872081431,1.2751654903405847,0.0
650,13.0,hold,kick,390,12.242245579421754,-4.694855136766973,0.10973345824050078,1.1608255261111733,0.07027994465776669,0.7430647023007672,1.2743297472697601,-0.0009003753322416354,1.2752301226020017,0.0
651,13.02,hold,kick,391,12.293722262547353,-4.717262589752904,0.10973345824050078,1.1613305114669605,0.07009748107095208,0.743139012774263,1.2743995109117918,-0.0008881091259181143,1.27528762003771,0.0
652,13.04,hold,kick,392,12.345198945672953,-4.739670042738835,0.10973345824050078,1.161835952037875,0.06989124062803785,0.7432072930972901,1.2744628690009874,-0.0008738608854865701,1.275336729886474,0.0
653,13.06,hold,kick,393,12.396675628798553,-4.762077495724766,0.10973345824050078,1.1623385790351293,0.06966484638005672,0.7432695724012424,1.2745199661144706,-0.0008572720616087937,1.2753772381760795,0.0
654,13.08,hold,kick,394,12.448152311924153,-4.784484948710697,0.10973345824050078,1.162836008373152,0.06942245130460253,0.7433266033620363,1.274571448231851,-0.0008382734132781344,1.2754097216451292,0.0
655,13.1,hold,kick,395,12.499628995049752,-4.8068924016966275,0.10973345824050078,1.1633261844804155,0.06916929267400296,0.7433811321418092,1.274620084954748,-0.0008132426595148165,1.2754333276142629,0.0
656,13.12,hold,kick,396,12.551105678175352,-4.829299854682558,0.10973345824050078,1.1638063735896886,0.06891124823296962,0.743432541008186,1.2746652995749235,-0.0007914638659539466,1.2754567634408773,0.0
657,13.14,hold,kick,397,12.602582361300952,-4.851707307668489,0.10973345824050078,1.164270579213179,0.06865239550670542,0.743480669940613,1.274707371738249,-0.0007731558085198979,1.275480527546769,0.0
658,13.16,hold,kick,398,12.654059044426551,-4.87411476065442,0.10973345824050078,1.164713427447177,0.06839590636580259,0.743524268391492,1.2747454280400123,-0.0007551011520074667,1.2755005291920198,0.0
659,13.18,hold,kick,399,12.705535727552151,-4.896522213640351,0.10973345824050078,1.1651312977900186,0.0681448783300803,0.743562295186707,1.274778525920785,-0.0007367931948370557,1.275515319115622,0.0
660,13.2,hold,kick,399,12.757012410677751,-4.918929666626282,0.10973345824050078,1.1655227607189553,0.06790239256040752,0.7435943835035044,1.2748061032940272,-0.0007187458497820536,1.2755248491438094,0.0
661,13.22,hold,kick,399,12.80848909380335,-4.9413371196122124,0.10973345824050078,1.165887672629758,0.06767096119246933,0.7436208681969021,1.27482819671867,-0.0007016133928966217,1.2755298101115666,0.0
