tick,t_s,phase,task_mode,curr_motion_timestep,ball_x,ball_y,ball_z,base_x,base_y,base_z,robot_top_z,robot_bottom_z,robot_height
0,0.0,idle,locomotion,0,1.3899999856948853,0.019999999552965164,0.10989091315873106,-0.0004543668524025666,-8.036044738567684e-06,0.7549788067637767,1.2870338798385434,-0.000632725291058605,1.287666605129602
1,0.02,idle,locomotion,0,1.3899999856948853,0.019999999552965164,0.10980902141344312,-0.0016669221773087995,-7.688966872467602e-05,0.7512426443898476,1.28330764283904,-0.00048446506593594063,1.2837921079049759
2,0.04,idle,locomotion,0,1.3899999856948853,0.019999999552965164,0.10976503447145444,-0.003458094414136978,-0.0002120534212616017,0.745607842268515,1.2776317215698216,-0.0005820739660774947,1.2782137955358992
3,0.06,idle,locomotion,0,1.3899999856948853,0.019999999552965164,0.10974518062216254,-0.005590782335423035,-0.00039132589124650334,0.7388095799112946,1.2707125608185017,-0.0004254938934854513,1.271138054711987
4,0.08,idle,locomotion,0,1.3899999856948853,0.019999999552965164,0.10973731266832155,-0.0077430148193098425,-0.0005531209300543428,0.7320040457789156,1.2637120017781989,-0.0004104570054380384,1.2641224587836368
5,0.1,idle,locomotion,0,1.3899999856948853,0.019999999552965164,0.10973454404443848,-0.009696759020290074,-0.0006369615934248587,0.7261868460811842,1.2576586121275082,-0.00042037949051038775,1.2580789916180186
6,0.12,idle,locomotion,0,1.3899999856948853,0.019999999552965164,0.10973369052927323,-0.011374551875630235,-0.0006158588767769342,0.721933119253055,1.253161288072559,-0.0004548122706050685,1.2536161003431643
7,0.14,idle,locomotion,0,1.3899999856948853,0.019999999552965164,0.1097334732878534,-0.01276849924675493,-0.0004960957206941096,0.7194261593298747,1.2504304624232678,-0.000492142365721638,1.2509226047889894
8,0.16,idle,locomotion,0,1.3899999856948853,0.019999999552965164,0.10973343775080387,-0.013909202658656885,-0.00030893765850570956,0.7185429979746603,1.2493632503880028,-0.0005107718644073687,1.24987402225241
9,0.18,idle,locomotion,0,1.3899999856948853,0.019999999552965164,0.10973344222612894,-0.014841222436797726,-8.576770810293015e-05,0.7189277872828825,1.2496196428560826,-0.0005132574846468604,1.2501329003407295
10,0.2,idle,locomotion,0,1.3899999856948853,0.019999999552965164,0.10973344999820983,-0.015651510164842737,0.00014130397631563967,0.7201766010195808,1.250791900651761,-0.0005083087373648869,1.251300209389126
11,0.22,idle,locomotion,0,1.3899999856948853,0.019999999552965164,0.1097334547231311,-0.01640230732707917,0.00035513729529483004,0.7218772257984731,1.2524637749864929,-0.0004949496799413582,1.2529587246664342
12,0.24,idle,locomotion,0,1.3899999856948853,0.019999999552965164,0.10973345692610834,-0.017162414267649456,0.0005565743977067224,0.7236686379416041,1.2542634441058522,-0.00048116021577722726,1.2547446043216295
13,0.26,idle,locomotion,0,1.3899999856948853,0.019999999552965164,0.10973345780729221,-0.017984119868934473,0.0007420133897262239,0.7252789287765221,1.2559067831631376,-0.00047286324950533004,1.2563796464126429
14,0.28,idle,locomotion,0,1.3899999856948853,0.019999999552965164,0.10973345811827714,-0.018870821565751032,0.0008890471893841128,0.7265416120220052,1.2572224035471533,-0.0004662982825903855,1.2576887018297438
15,0.3,idle,locomotion,0,1.3899999856948853,0.019999999552965164,0.10973345821428342,-0.019816633722057463,0.0010003780230722083,0.7273925353654347,1.2581394535821109,-0.0004659374084290645,1.25860539099054
16,0.32,idle,locomotion,0,1.3899999856948853,0.019999999552965164,0.10973345823876013,-0.020837962367473643,0.0010816815422700391,0.7278500034272483,1.2586625295296547,-0.00046977558529575844,1.2591323051149506
17,0.34,idle,locomotion,0,1.3899999856948853,0.019999999552965164,0.10973345824278434,-0.021938458555451488,0.0011360210268352685,0.7279801399665529,1.2588483755529283,-0.0004747112653352599,1.2593230868182634
18,0.36,idle,locomotion,0,1.3899999856948853,0.019999999552965164,0.10973345824229395,-0.02308530902238056,0.001162751603231912,0.7278819527294665,1.2587967799701905,-0.0004775374246053926,1.2592743173947958
19,0.38,idle,locomotion,0,1.3899999856948853,0.019999999552965164,0.10973345824142507,-0.024258057477390224,0.0011617711705621768,0.7276440455389211,1.2585962239255943,-0.0004822317907258421,1.2590784557163202
20,0.4,idle,locomotion,0,1.3899999856948853,0.019999999552965164,0.10973345824089552,-0.02543787802512364,0.0011308480870719738,0.7273416594619986,1.2583218435864145,-0.0004867459938229894,1.2588085895802374
21,0.42,idle,locomotion,0,1.3899999856948853,0.019999999552965164,0.10973345824064834,-0.026605726540974237,0.0010720633281813196,0.7270370554864927,1.2580373794193525,-0.0004902713551415486,1.258527650774494
22,0.44,idle,locomotion,0,1.3899999856948853,0.019999999552965164,0.10973345824054938,-0.027754522821319544,0.0009910927069894137,0.7267737205122384,1.2577866976298981,-0.0004927557397645076,1.2582794533696626
23,0.46,idle,locomotion,0,1.3899999856948853,0.019999999552965164,0.10973345824051445,-0.0288835349503219,0.0008943676878932764,0.7265755943644177,1.2575930277311311,-0.0004951250669481093,1.2580881527980792
24,0.48,idle,locomotion,0,1.3899999856948853,0.019999999552965164,0.10973345824050364,-0.029985313232983243,0.0007841161058908993,0.7264497630573286,1.2574649926143522,-0.0004970974647480302,1.2579620900791002
25,0.5,idle,locomotion,0,1.3899999856948853,0.019999999552965164,0.10973345824050088,-0.031053040525737534,0.0006620944488070536,0.7263822927877558,1.257391335093095,-0.0004984086996129393,1.257889743792708
26,0.52,idle,locomotion,0,1.3899999856948853,0.019999999552965164,0.10973345824050044,-0.03208505383540407,0.000527314681072874,0.726347193468139,1.2573469729819853,-0.0004992513672112953,1.2578462243491966
27,0.54,idle,locomotion,0,1.3899999856948853,0.019999999552965164,0.10973345824050044,-0.03307395397614222,0.0003804733460099495,0.7263384984917726,1.2573277531379352,-0.0005000778315324486,1.2578278309694677
28,0.56,idle,locomotion,0,1.3899999856948853,0.019999999552965164,0.10973345824050044,-0.03401199735302461,0.00022363565378386016,0.7263506705275722,1.2573301740398108,-0.0005008367802353322,1.2578310108200461
29,0.58,idle,locomotion,0,1.3899999856948853,0.019999999552965164,0.10973345824050044,-0.034893729242984846,5.898830012638939e-05,0.7263768605978856,1.2573487810650341,-0.0005015117307687403,1.2578502927958028
30,0.6,idle,locomotion,0,1.3899999856948853,0.019999999552965164,0.10973345824050044,-0.035715941647862445,-0.00011081755108554767,0.7264101026471784,1.2573774114642855,-0.0005020985346813715,1.2578795099989668
31,0.62,idle,locomotion,0,1.3899999856948853,0.019999999552965164,0.10973345824050044,-0.0364774254825453,-0.0002840487762632498,0.7264442739884158,1.2574101928217298,-0.0005026248252252216,1.257912817646955
32,0.64,idle,locomotion,0,1.3899999856948853,0.019999999552965164,0.10973345824050044,-0.03717856411631017,-0.0004587608935228198,0.7264746171233121,1.257442180242499,-0.0005030899351342287,1.2579452701776332
33,0.66,idle,locomotion,0,1.3899999856948853,0.019999999552965164,0.10973345824050044,-0.0378219468905369,-0.0006325694678693464,0.7264980754553528,1.2574694892737392,-0.0005035006106692309,1.2579729898844085
34,0.68,idle,locomotion,0,1.3899999856948853,0.019999999552965164,0.10973345824050044,-0.038411139760180346,-0.0008036217389076036,0.7265129357896246,1.2574893283728557,-0.0005038808662282575,1.257993209239084
35,0.7,idle,locomotion,0,1.3899999856948853,0.019999999552965164,0.10973345824050044,-0.03894892945229191,-0.0009702113875018463,0.7265186028027316,1.2575003579415522,-0.0005046910734117852,1.2580050490149641
36,0.72,idle,locomotion,0,1.3899999856948853,0.019999999552965164,0.10973345824050044,-0.03943723815168459,-0.0011309977648460358,0.7265156105497168,1.2575026915945915,-0.0005054209392585246,1.25800811253385
37,0.74,idle,locomotion,0,1.3899999856948853,0.019999999552965164,0.10973345824050044,-0.03987752731841378,-0.0012846326863762692,0.7265054467948414,1.2574975694213135,-0.0005060726126544998,1.258003642033968
38,0.76,idle,locomotion,0,1.3899999856948853,0.019999999552965164,0.10973345824050044,-0.04027085740321489,-0.0014296465717027428,0.7264912415110814,1.25748797115466,-0.0005066722852116665,1.2579946434398717
39,0.78,idle,locomotion,0,1.3899999856948853,0.019999999552965164,0.10973345824050044,-0.04061816513072794,-0.0015649802837822877,0.7264764349894404,1.2574773404328108,-0.0005070387111499146,1.2579843791439607
40,0.8,idle,locomotion,0,1.3899999856948853,0.019999999552965164,0.10973345824050044,-0.040920521999623885,-0.001690280141913741,0.7264626757053745,1.2574673705813948,-0.0005071561923798151,1.2579745267737745
41,0.82,idle,locomotion,0,1.3899999856948853,0.019999999552965164,0.10973345824050044,-0.041179132425182244,-0.0018054633087433393,0.7264505258403825,1.2574586842058857,-0.0005071467247005322,1.2579658309305861
42,0.84,idle,locomotion,0,1.3899999856948853,0.019999999552965164,0.10973345824050044,-0.04139535503133958,-0.001910601207430664,0.7264399635695082,1.2574513206780162,-0.0005070553999537292,1.25795837607797
43,0.86,idle,locomotion,0,1.3899999856948853,0.019999999552965164,0.10973345824050044,-0.041570709403586904,-0.0020058576132906602,0.7264307677108193,1.2574451043728632,-0.0005068985980488175,1.257952002970912
44,0.88,idle,locomotion,0,1.3899999856948853,0.019999999552965164,0.10973345824050044,-0.041707182810244124,-0.0020916225015134428,0.726423261503501,1.257440342380363,-0.0005066079939117368,1.2579469503742748
45,0.9,idle,locomotion,0,1.3899999856948853,0.019999999552965164,0.10973345824050044,-0.04180765480138006,-0.002168379154604032,0.7264177053428951,1.2574372294403555,-0.0005062003078078747,1.2579434297481633
46,0.92,idle,locomotion,0,1.3899999856948853,0.019999999552965164,0.10973345824050044,-0.04187566711461471,-0.00223666260423643,0.7264138490725843,1.2574353716992552,-0.0005057369831114635,1.2579411086823666
47,0.94,idle,locomotion,0,1.3899999856948853,0.019999999552965164,0.10973345824050044,-0.04191478656264619,-0.002296945299533838,0.7264112835646754,1.2574341584487354,-0.000505255235536288,1.2579394136842716
48,0.96,idle,locomotion,0,1.3899999856948853,0.019999999552965164,0.10973345824050044,-0.041927853927044234,-0.0023490469934854706,0.7264097932439173,1.2574333360597303,-0.0005047580151322263,1.2579380940748626
49,0.98,idle,locomotion,0,1.3899999856948853,0.019999999552965164,0.10973345824050044,-0.04191726807266054,-0.0023927291143966793,0.7264092041071178,1.25743279540369,-0.0005042588550478073,1.2579370542587378
50,1.0,idle,locomotion,0,1.3899999856948853,0.019999999552965164,0.10973345824050044,-0.0418851932097772,-0.002428320324866157,0.7264093644121038,1.2574324778029242,-0.0005037638662864427,1.2579362416692106
51,1.02,idle,locomotion,0,1.3899999856948853,0.019999999552965164,0.10973345824050044,-0.04183369365420133,-0.0024563509372403456,0.7264101287589884,1.2574323314611158,-0.0005032725925343991,1.2579356040536502
52,1.04,idle,locomotion,0,1.3899999856948853,0.019999999552965164,0.10973345824050044,-0.04176437054244685,-0.0024777260680677584,0.7264114743643386,1.2574325330559075,-0.0005027900958696659,1.2579353231517771
53,1.06,idle,locomotion,0,1.3899999856948853,0.019999999552965164,0.10973345824050044,-0.04167826412142006,-0.002493070647466598,0.7264132179567963,1.2574332691016001,-0.000502311023296103,1.2579355801248961
54,1.08,idle,locomotion,0,1.3899999856948853,0.019999999552965164,0.10973345824050044,-0.04157669578558532,-0.0025028426261968348,0.7264150723659516,1.2574345127795055,-0.0005018309651666462,1.257936343744672
55,1.1,idle,locomotion,0,1.3899999856948853,0.019999999552965164,0.10973345824050044,-0.04146131179830592,-0.0025075020268564914,0.7264167015065993,1.2574360539022331,-0.00050136764233049,1.2579374215445636
56,1.12,idle,locomotion,0,1.3899999856948853,0.019999999552965164,0.10973345824050044,-0.04133381063214716,-0.0025075442705886288,0.7264177804322798,1.2574376002665648,-0.0005009459376954482,1.2579385462042603
57,1.14,idle,locomotion,0,1.3899999856948853,0.019999999552965164,0.10973345824050044,-0.04119609154599926,-0.0025035942465845926,0.7264179347667935,1.2574387242985747,-0.0005005513749333258,1.2579392756735082
58,1.16,idle,locomotion,0,1.3899999856948853,0.019999999552965164,0.10973345824050044,-0.04105029270253038,-0.0024963021605742862,0.7264163690619682,1.2574384944891743,-0.0005001787527126114,1.257938673241887
59,1.18,idle,locomotion,0,1.3899999856948853,0.019999999552965164,0.10973345824050044,-0.04089844390097959,-0.002486518644482271,0.7264123760295456,1.2574360259269304,-0.0004998261908534633,1.257935852117784
60,1.2,idle,locomotion,0,1.3899999856948853,0.019999999552965164,0.10973345824050044,-0.04074233118462425,-0.0024746287839918983,0.7264057112879275,1.2574309195918207,-0.0004994986339735448,1.2579304182257942
61,1.22,idle,locomotion,0,1.3899999856948853,0.019999999552965164,0.10973345824050044,-0.04058362644504501,-0.0024609082736407827,0.7263966256172888,1.2574232855270835,-0.0004991915682471364,1.2579224770953306
62,1.24,idle,locomotion,0,1.3899999856948853,0.019999999552965164,0.10973345824050044,-0.040423854470425305,-0.0024456169593852634,0.7263856776684589,1.2574135667140047,-0.0004989015844331715,1.257912468298438
63,1.26,idle,locomotion,0,1.3899999856948853,0.019999999552965164,0.10973345824050044,-0.0402643639508111,-0.0024289128463796114,0.7263735667356236,1.2574023819647984,-0.0004986273652035425,1.2579010093300018
64,1.28,idle,locomotion,0,1.3899999856948853,0.019999999552965164,0.10973345824050044,-0.04010633072293424,-0.0024109281855187485,0.7263610056593276,1.2573903957364203,-0.0004983659049162259,1.2578887616413366
65,1.3,idle,locomotion,0,1.3899999856948853,0.019999999552965164,0.10973345824050044,-0.039950777903729785,-0.0023921562115900457,0.7263486503503236,1.2573782417340162,-0.0004981132818550824,1.2578763550158714
66,1.32,idle,locomotion,0,1.3899999856948853,0.019999999552965164,0.10973345824050044,-0.039798569112456716,-0.002372744957085811,0.7263369883169647,1.2573664182323605,-0.0004978727708221942,1.2578642910031828
67,1.34,idle,locomotion,0,1.3899999856948853,0.019999999552965164,0.10973345824050044,-0.039650456017403954,-0.0023528876742618253,0.7263263514370878,1.2573552773826797,-0.0004976487222828931,1.2578529261049627
68,1.36,idle,locomotion,0,1.3899999856948853,0.019999999552965164,0.10973345824050044,-0.039507071234474694,-0.0023326245313092255,0.7263169048910123,1.257345020892138,-0.0004974402659337837,1.2578424611580716
69,1.38,idle,locomotion,0,1.3899999856948853,0.019999999552965164,0.10973345824050044,-0.039368955272481625,-0.0023120522176872747,0.7263086594382638,1.2573357052266456,-0.0004972431769076149,1.2578329484035533
70,1.4,idle,locomotion,0,1.3899999856948853,0.019999999552965164,0.10973345824050044,-0.039236585302279206,-0.002291292468639742,0.7263015292209395,1.2573272882372577,-0.0004970570907353727,1.2578243453279931
71,1.42,idle,locomotion,0,1.3899999856948853,0.019999999552965164,0.10973345824050044,-0.039110313214058126,-0.0022704722335068674,0.7262952916436223,1.2573195964671657,-0.0004968834470251982,1.2578164799141909
72,1.44,idle,locomotion,0,1.3899999856948853,0.019999999552965164,0.10973345824050044,-0.038990268553169144,-0.002249706794842088,0.726289659363795,1.257312412036121,-0.0004967228412846234,1.2578091348774056
73,1.46,idle,locomotion,0,1.3899999856948853,0.019999999552965164,0.10973345824050044,-0.038876256500185495,-0.00222908331043301,0.7262844888162466,1.257305737883123,-0.0004965745641637674,1.2578023124472868
74,1.48,idle,locomotion,0,1.3899999856948853,0.019999999552965164,0.10973345824050044,-0.03876825374524405,-0.002208691927478188,0.7262796650255577,1.2572995472091129,-0.0004964379390248776,1.2577959851481377
75,1.5,idle,locomotion,0,1.3899999856948853,0.019999999552965164,0.10973345824050044,-0.03866637106998156,-0.002188626282179605,0.7262750713791107,1.257293751718504,-0.0004963165999906094,1.2577900683184948
76,1.52,idle,locomotion,0,1.3899999856948853,0.019999999552965164,0.10973345824050044,-0.03857066008911649,-0.0021689672689285742,0.7262705373741128,1.2572881938242382,-0.0004962203375078397,1.257784414161746
77,1.54,idle,locomotion,0,1.3899999856948853,0.019999999552965164,0.10973345824050044,-0.03848113558199984,-0.0021497942342655297,0.7262659465143604,1.257282756144034,-0.0004961412072762121,1.2577788973513102
78,1.56,idle,locomotion,0,1.3899999856948853,0.019999999552965164,0.10973345824050044,-0.03839779479526954,-0.002131190682318707,0.7262612645326159,1.2572773949335936,-0.0004960746511431975,1.2577734695847367
79,1.58,idle,locomotion,0,1.3899999856948853,0.019999999552965164,0.10973345824050044,-0.03832060382734518,-0.0021132421983318067,0.7262565144106783,1.2572721192184924,-0.0004960196207476099,1.2577681388392399
80,1.6,idle,locomotion,0,1.3899999856948853,0.019999999552965164,0.10973345824050044,-0.03824949220999581,-0.0020960297789313397,0.7262517486296834,1.2572669663807465,-0.000495975146056666,1.2577629415268032
81,1.62,idle,locomotion,0,1.3899999856948853,0.019999999552965164,0.10973345824050044,-0.038184353574487476,-0.0020796273363429462,0.7262470363835782,1.2572619899926465,-0.0004959406271823098,1.2577579306198288
82,1.64,idle,locomotion,0,1.3899999856948853,0.019999999552965164,0.10973345824050044,-0.038125050369908424,-0.002064100499352367,0.7262424412721082,1.2572572391175325,-0.000495914786116193,1.2577531539036486
83,1.66,idle,locomotion,0,1.3899999856948853,0.019999999552965164,0.10973345824050044,-0.03807141703927618,-0.0020495042010744025,0.7262380093383676,1.2572527460737677,-0.000495896626414364,1.257748642700182
84,1.68,idle,locomotion,0,1.3899999856948853,0.019999999552965164,0.10973345824050044,-0.038023264554272795,-0.002035883928515374,0.726233776002491,1.2572485335422443,-0.0004958853378794204,1.2577444188801237
85,1.7,idle,locomotion,0,1.3899999856948853,0.019999999552965164,0.10973345824050044,-0.03798036547473747,-0.0020232855018041574,0.7262297525841002,1.2572446073620145,-0.0004958833557931266,1.2577404907178076
86,1.72,idle,locomotion,0,1.3899999856948853,0.019999999552965164,0.10973345824050044,-0.03794247550777045,-0.0020117433502586553,0.726225792412785,1.2572408245549782,-0.0004958880667775799,1.2577367126217558
87,1.74,idle,locomotion,0,1.3899999856948853,0.019999999552965164,0.10973345824050044,-0.03790936571956132,-0.0020012437793620274,0.7262218031342148,1.2572370885189725,-0.0004958969715412841,1.2577329854905137
88,1.76,idle,locomotion,0,1.3899999856948853,0.019999999552965164,0.10973345824050044,-0.03788081757900791,-0.0019917509670590843,0.7262177658024656,1.2572333729733352,-0.0004959094698492976,1.2577292824431845
89,1.78,idle,locomotion,0,1.3899999856948853,0.019999999552965164,0.10973345824050044,-0.03785661328307375,-0.0019832267791976854,0.7262136945327635,1.2572296823380127,-0.0004959256820852645,1.257725608020098
90,1.8,idle,locomotion,0,1.3899999856948853,0.019999999552965164,0.10973345824050044,-0.03783653228051785,-0.0019756275804517086,0.7262096180977397,1.257226035127313,-0.0004959455087628246,1.2577219806360758
91,1.82,idle,locomotion,0,1.3899999856948853,0.019999999552965164,0.10973345824050044,-0.03782035104706744,-0.001968904553919018,0.726205552868027,1.2572224384697634,-0.0004959676624402866,1.2577184061322038
92,1.84,idle,locomotion,0,1.3899999856948853,0.019999999552965164,0.10973345824050044,-0.03780784271893175,-0.0019630048176416744,0.7262015117392386,1.257218896096506,-0.0004959917602533961,1.2577148878567594
93,1.86,idle,locomotion,0,1.3899999856948853,0.019999999552965164,0.10973345824050044,-0.037798778321955065,-0.0019578818765514064,0.7261975145023787,1.2572154190112321,-0.0004960176386713915,1.2577114366499036
94,1.88,idle,locomotion,0,1.3899999856948853,0.019999999552965164,0.10973345824050044,-0.03779293045009661,-0.001953490411247343,0.726193574390708,1.2572120127770172,-0.0004960443200940322,1.2577080570971113
95,1.9,idle,locomotion,0,1.3899999856948853,0.019999999552965164,0.10973345824050044,-0.03779007553827672,-0.0019497731584616161,0.7261896477497393,1.2572086303302545,-0.0004960676045246137,1.2577046979347792
96,1.92,idle,locomotion,0,1.3899999856948853,0.019999999552965164,0.10973345824050044,-0.03778999226334688,-0.0019466833035973238,0.7261857059884366,1.257205238096582,-0.0004960906258754429,1.2577013287224574
97,1.94,idle,locomotion,0,1.3899999856948853,0.019999999552965164,0.10973345824050044,-0.037792468128504196,-0.00194418313666298,0.7261817534201144,1.2572018351200798,-0.000496114850380102,1.25769794997046
98,1.96,idle,locomotion,0,1.3899999856948853,0.019999999552965164,0.10973345824050044,-0.03779729848375077,-0.0019422413003321564,0.726177802286486,1.257198427814511,-0.0004961398017618232,1.2576945676162727
99,1.98,idle,locomotion,0,1.3899999856948853,0.019999999552965164,0.10973345824050044,-0.03780428502417955,-0.0019408303404072351,0.7261738650777927,1.2571950231089988,-0.0004961650512365079,1.2576911881602353
100,2.0,idle,locomotion,0,1.3899999856948853,0.019999999552965164,0.10973345824050044,-0.03781323379185113,-0.0019399267377983773,0.7261699534650011,1.257191627564353,-0.0004961901973054468,1.2576878177616586
101,2.02,idle,locomotion,0,1.3899999856948853,0.019999999552965164,0.10973345824050044,-0.03782395862817629,-0.0019395074618364,0.7261660777502572,1.2571882468408229,-0.0004962149995801114,1.257684461840403
102,2.04,idle,locomotion,0,1.3899999856948853,0.019999999552965164,0.10973345824050044,-0.037836280574161246,-0.0019395475092077938,0.7261622482239438,1.2571848870002704,-0.0004962394133865011,1.257681126413657
103,2.06,idle,locomotion,0,1.3899999856948853,0.019999999552965164,0.10973345824050044,-0.03785002687409095,-0.0019400241959340037,0.7261584736975744,1.2571815533352613,-0.0004962631162311465,1.2576778164514923
104,2.08,idle,locomotion,0,1.3899999856948853,0.019999999552965164,0.10973345824050044,-0.037865033127248766,-0.001940915985550478,0.7261547612279218,1.2571782497758424,-0.0004962860614132099,1.2576745358372556
105,2.1,idle,locomotion,0,1.3899999856948853,0.019999999552965164,0.10973345824050044,-0.037881144366853234,-0.0019421997976113254,0.726151116904291,1.2571749796301404,-0.0004963081677062248,1.2576712877978466
106,2.12,idle,locomotion,0,1.3899999856948853,0.019999999552965164,0.10973345824050044,-0.03789821342254424,-0.0019438574994747407,0.7261475461966,1.2571717459155485,-0.0004963292852786308,1.2576680752008271
107,2.14,idle,locomotion,0,1.3899999856948853,0.019999999552965164,0.10973345824050044,-0.03791610088426661,-0.0019458706634041644,0.7261440523124426,1.257168550029562,-0.0004963494413197968,1.2576648994708817
108,2.16,idle,locomotion,0,1.3899999856948853,0.019999999552965164,0.10973345824050044,-0.037934676725383185,-0.0019482171533004235,0.7261406394163334,1.2571653944787577,-0.0004963686710794807,1.2576617631498372
109,2.18,idle,locomotion,0,1.3899999856948853,0.019999999552965164,0.10973345824050044,-0.03795381956317606,-0.0019508789264131967,0.7261373117212283,1.2571622821336388,-0.0004963868129287605,1.2576586689465676
110,2.2,idle,locomotion,0,1.3899999856948853,0.019999999552965164,0.10973345824050044,-0.037973415054025836,-0.0019538383056631465,0.7261340708636467,1.2571592138701555,-0.0004964039391299642,1.2576556178092855
111,2.22,idle,locomotion,0,1.3899999856948853,0.019999999552965164,0.10973345824050044,-0.03799335755406067,-0.0019570763714151012,0.7261309181180389,1.2571561904214696,-0.0004964200058592445,1.257652610427329
112,2.24,idle,locomotion,0,1.3899999856948853,0.019999999552965164,0.10973345824050044,-0.03801355059364184,-0.0019605734981437395,0.7261278555893353,1.2571532135027426,-0.0004964350517124606,1.257649648554455
113,2.26,idle,locomotion,0,1.3899999856948853,0.019999999552965164,0.10973345824050044,-0.03803390485269935,-0.0019643138253974675,0.7261248831906353,1.2571502830130215,-0.0004964489921240774,1.2576467320051454
114,2.28,idle,locomotion,0,1.3899999856948853,0.019999999552965164,0.10973345824050044,-0.0380543386829913,-0.0019682800452618613,0.7261220022671725,1.2571474003582783,-0.0004964619728673528,1.2576438623311457
115,2.3,idle,locomotion,0,1.3899999856948853,0.019999999552965164,0.10973345824050044,-0.03807477880323311,-0.0019724512922397585,0.726119212564563,1.2571445657903717,-0.0004964738401231732,1.257641039630495
116,2.32,idle,locomotion,0,1.3899999856948853,0.019999999552965164,0.10973345824050044,-0.0380951589331823,-0.001976812928142802,0.7261165110495029,1.257141776791511,-0.0004964845780563339,1.2576382613695674
117,2.34,idle,locomotion,0,1.3899999856948853,0.019999999552965164,0.10973345824050044,-0.03811541963138133,-0.0019813487443219656,0.7261138968503841,1.2571390330871515,-0.000496494442514258,1.2576355275296658
118,2.36,idle,locomotion,0,1.3899999856948853,0.019999999552965164,0.10973345824050044,-0.0381355072414061,-0.0019860435973440343,0.7261113696488681,1.2571363353017593,-0.0004965033428867907,1.257632838644646
119,2.38,idle,locomotion,0,1.3899999856948853,0.019999999552965164,0.10973345824050044,-0.03815537424913184,-0.0019908845963955376,0.7261089280647258,1.2571336831136042,-0.0004965112907185411,1.2576301944043227
120,2.4,idle,locomotion,0,1.3899999856948853,0.019999999552965164,0.10973345824050044,-0.03817497987875535,-0.001995856067290558,0.7261065704415878,1.2571310759861642,-0.0004965184539976186,1.2576275944401618
121,2.42,idle,locomotion,0,1.3899999856948853,0.019999999552965164,0.10973345824050044,-0.038194289444005304,-0.0020009430520182116,0.7261042920530185,1.2571285104478342,-0.0004965246971528926,1.2576250351449871
122,2.44,idle,locomotion,0,1.3899999856948853,0.019999999552965164,0.10973345824050044,-0.038213272964481196,-0.0020061314575537262,0.7261020917294111,1.2571259864425746,-0.0004965301757188859,1.2576225166182935
123,2.46,idle,locomotion,0,1.3899999856948853,0.019999999552965164,0.10973345824050044,-0.03823190512165872,-0.0020114067436119367,0.7260999679523092,1.2571235040372957,-0.0004965348304388877,1.2576200388677345
124,2.48,idle,locomotion,0,1.3899999856948853,0.019999999552965164,0.10973345824050044,-0.03825016549663611,-0.002016758451302328,0.7260979165744087,1.257121060466779,-0.0004965386315066225,1.2576175990982856
125,2.5,idle,locomotion,0,1.3899999856948853,0.019999999552965164,0.10973345824050044,-0.03826803749585762,-0.0020221765513113235,0.7260959363872206,1.257118655878214,-0.0004965417981860377,1.2576151976764
126,2.52,idle,locomotion,0,1.3899999856948853,0.019999999552965164,0.10973345824050044,-0.03828550859871927,-0.002027648123901554,0.7260940252195499,1.257116289803787,-0.0004965443239988467,1.257612834127786
127,2.54,idle,locomotion,0,1.3899999856948853,0.019999999552965164,0.10973345824050044,-0.03830257102440053,-0.002033162133514072,0.7260921806388804,1.2571139611487832,-0.0004965462333212205,1.2576105073821044
128,2.56,idle,locomotion,0,1.3899999856948853,0.019999999552965164,0.10973345824050044,-0.03831922028933088,-0.0020387076222750803,0.7260903998514068,1.2571116685714374,-0.0004965475656289915,1.2576082161370663
129,2.58,idle,locomotion,0,1.3899999856948853,0.019999999552965164,0.10973345824050044,-0.03833545385901176,-0.002044274219127755,0.7260886795923636,1.257109410329231,-0.0004965484103609426,1.257605958739592
130,2.6,idle,locomotion,0,1.3899999856948853,0.019999999552965164,0.10973345824050044,-0.03835127191250799,-0.0020498534684010904,0.7260870162395606,1.2571071843517538,-0.0004965487680453663,1.2576037331197991
131,2.62,idle,locomotion,0,1.3899999856948853,0.019999999552965164,0.10973345824050044,-0.03836667677864048,-0.002055436846506584,0.7260854058987604,1.2571049883599132,-0.0004965486690571633,1.2576015370289704
132,2.64,idle,locomotion,0,1.3899999856948853,0.019999999552965164,0.10973345824050044,-0.03838167251922361,-0.0020610180673987103,0.7260838466965723,1.257102821946388,-0.0004965481796601647,1.2575993701260482
133,2.66,idle,locomotion,0,1.3899999856948853,0.019999999552965164,0.10973345824050044,-0.038396265671164734,-0.002066593008540854,0.7260823371845653,1.2571006851081845,-0.000496547312343696,1.2575972324205282
134,2.68,idle,locomotion,0,1.3899999856948853,0.019999999552965164,0.10973345824050044,-0.03841046517470593,-0.0020721561727101664,0.7260808749109112,1.2570985767875307,-0.000496546108203131,1.2575951228957338
135,2.7,idle,locomotion,0,1.3899999856948853,0.019999999552965164,0.10973345824050044,-0.038424281100109516,-0.002077701258646643,0.7260794565972339,1.2570964951270847,-0.0004965446206247406,1.2575930397477093
136,2.72,idle,locomotion,0,1.3899999856948853,0.019999999552965164,0.10973345824050044,-0.03843772477193467,-0.0020832235247779476,0.7260780794026077,1.2570944385447915,-0.000496542997099135,1.2575909815418906
137,2.74,idle,locomotion,0,1.3899999856948853,0.019999999552965164,0.10973345824050044,-0.03845080895794096,-0.0020887163002007436,0.7260767423276431,1.2570924072695862,-0.0004965411737480468,1.2575889484433342
138,2.76,idle,locomotion,0,1.3899999856948853,0.019999999552965164,0.10973345824050044,-0.038463546787017196,-0.00209417705913636,0.726075442647068,1.257090399867639,-0.0004965390477959936,1.257586938915435
139,2.78,idle,locomotion,0,1.3899999856948853,0.019999999552965164,0.10973345824050044,-0.038475951028005224,-0.0020996039638302134,0.7260741786984997,1.2570884158708564,-0.0004965368569205576,1.257584952727777
140,2.8,idle,locomotion,0,1.3899999856948853,0.019999999552965164,0.10973345824050044,-0.03848803606335266,-0.002104992908397576,0.726072948714042,1.2570864547599423,-0.0004965344984395603,1.2575829892583819
141,2.82,idle,locomotion,0,1.3899999856948853,0.019999999552965164,0.10973345824050044,-0.03849981654532726,-0.0021103432242110254,0.7260717510278482,1.2570845158663522,-0.0004965320527842987,1.2575810479191365
142,2.84,idle,locomotion,0,1.3899999856948853,0.019999999552965164,0.10973345824050044,-0.03851130711214258,-0.0021156539870702423,0.7260705836855562,1.2570825983170753,-0.000496529579520788,1.257579127896596
143,2.86,idle,locomotion,0,1.3899999856948853,0.019999999552965164,0.10973345824050044,-0.03852252260289845,-0.0021209225086536634,0.7260694457644026,1.2570807021400583,-0.0004965271703322831,1.2575772293103906
144,2.88,idle,locomotion,0,1.3899999856948853,0.019999999552965164,0.10973345824050044,-0.038533478357978206,-0.002126147308672739,0.7260683339236514,1.257078825020617,-0.0004965247107701111,1.2575753497313873
145,2.9,idle,locomotion,0,1.3899999856948853,0.019999999552965164,0.10973345824050044,-0.03854418893641657,-0.0021313288000770923,0.7260672482054482,1.2570769676630884,-0.000496522343713706,1.257573490006802
146,2.92,idle,locomotion,0,1.3899999856948853,0.019999999552965164,0.10973345824050044,-0.03855466915469271,-0.0021364662314939955,0.7260661871186549,1.257075129584491,-0.000496519981565996,1.2575716495660572
147,2.94,idle,locomotion,0,1.3899999856948853,0.019999999552965164,0.10973345824050044,-0.038564933230236784,-0.0021415604631658627,0.7260651485678868,1.2570733094264293,-0.0004965175976748316,1.257569827024104
148,2.96,idle,locomotion,0,1.3899999856948853,0.019999999552965164,0.10973345824050044,-0.03857499514037846,-0.002146613697074356,0.7260641300908689,1.2570715055173165,-0.0004965152608320429,1.2575680207781486
149,2.98,idle,locomotion,0,1.3899999856948853,0.019999999552965164,0.10973345824050044,-0.03858486852780457,-0.0021516278052373257,0.7260631329171688,1.257069719513792,-0.0004965131776700285,1.257566232691462
150,3.0,idle,locomotion,0,1.3899999856948853,0.019999999552965164,0.10973345824050044,-0.03859456665864512,-0.0021566015428350757,0.726062157214361,1.2570679523705843,-0.0004965112259555059,1.2575644635965397
151,3.02,idle,locomotion,0,1.3899999856948853,0.019999999552965164,0.10973345824050044,-0.03860410224457754,-0.0021615359267802346,0.7260612000942488,1.2570662017691607,-0.0004965093649283818,1.257562711134089
152,3.04,idle,locomotion,0,1.3899999856948853,0.019999999552965164,0.10973345824050044,-0.038613486507273295,-0.0021664347675250085,0.7260602607269822,1.2570644673741593,-0.000496507623783362,1.2575609749979426
153,3.06,idle,locomotion,0,1.3899999856948853,0.019999999552965164,0.10973345824050044,-0.03862273049271604,-0.0021712997909190393,0.726059340185352,1.2570627507930838,-0.0004965060753824788,1.2575592568684664
154,3.08,idle,locomotion,0,1.3899999856948853,0.019999999552965164,0.10973345824050044,-0.03863184559711019,-0.0021761315582920007,0.7260584378073341,1.2570610518391765,-0.0004965046750397342,1.2575575565142163
155,3.1,idle,locomotion,0,1.3899999856948853,0.019999999552965164,0.10973345824050044,-0.038640842830062375,-0.002180932491474363,0.7260575520500243,1.2570593692897964,-0.0004965033844703363,1.2575558726742668
156,3.12,idle,locomotion,0,1.3899999856948853,0.019999999552965164,0.10973345824050044,-0.03864973193071552,-0.0021857041703144636,0.7260566816476446,1.2570577022864562,-0.0004965023691498489,1.257554204655606
157,3.14,idle,locomotion,0,1.3899999856948853,0.019999999552965164,0.10973345824050044,-0.03865852192526093,-0.0021904485144333143,0.7260558259737272,1.2570560505385286,-0.0004965015117767944,1.2575525520503055
158,3.16,idle,locomotion,0,1.3899999856948853,0.019999999552965164,0.10973345824050044,-0.03866722104081008,-0.002195167849060168,0.7260549854030398,1.257054414701619,-0.0004965008947482967,1.2575509155963673
159,3.18,idle,locomotion,0,1.3899999856948853,0.019999999552965164,0.10973345824050044,-0.03867583767897617,-0.0021998627726266774,0.7260541600615571,1.2570527951457455,-0.0004965004525935984,1.2575492955983392
160,3.2,idle,locomotion,0,1.3899999856948853,0.019999999552965164,0.10973345824050044,-0.03868437916085785,-0.002204535175652503,0.7260533485150802,1.2570511907273412,-0.0004965001656586643,1.257547690893
161,3.22,idle,locomotion,0,1.3899999856948853,0.019999999552965164,0.10973345824050044,-0.03869285179351357,-0.0022091877392968924,0.7260525516630524,1.2570496024791726,-0.0004965001255609162,1.2575461026047337
162,3.24,idle,locomotion,0,1.3899999856948853,0.019999999552965164,0.10973345824050044,-0.03870126247657046,-0.0022138237572766374,0.7260517677280621,1.257048028884222,-0.0004965001921591293,1.2575445290763811
163,3.26,idle,locomotion,0,1.3899999856948853,0.019999999552965164,0.10973345824050044,-0.03870961629957666,-0.0022184453049225905,0.7260509985249289,1.2570464717314627,-0.0004965005628858113,1.2575429722943485
164,3.28,idle,locomotion,0,1.3899999856948853,0.019999999552965164,0.10973345824050044,-0.03871791809634245,-0.0022230537559869176,0.7260502440725352,1.2570449313996697,-0.0004965011224073099,1.257541432522077
165,3.3,idle,locomotion,0,1.3899999856948853,0.019999999552965164,0.10973345824050044,-0.038726172808313315,-0.002227650979778748,0.7260495027966888,1.2570434062974234,-0.0004965019348980027,1.2575399082323213
166,3.32,idle,locomotion,0,1.3899999856948853,0.019999999552965164,0.10973345824050044,-0.0387343842688641,-0.002232239207150122,0.726048775272058,1.2570418970740906,-0.0004965029213868308,1.2575383999954775
167,3.34,idle,locomotion,0,1.3899999856948853,0.019999999552965164,0.10973345824050044,-0.03874255646965084,-0.0022368189550287586,0.7260480613280035,1.2570404036771416,-0.0004965040918025083,1.2575369077689442
168,3.36,idle,locomotion,0,1.3899999856948853,0.019999999552965164,0.10973345824050044,-0.03875069184494892,-0.002241392500506018,0.7260473603437149,1.2570389256011265,-0.0004965054410431165,1.2575354310421696
169,3.38,idle,locomotion,0,1.3899999856948853,0.019999999552965164,0.10973345824050044,-0.03875879279833655,-0.002245961908084015,0.7260466718291085,1.2570374624685567,-0.0004965069960548955,1.2575339694646117
170,3.4,idle,locomotion,0,1.3899999856948853,0.019999999552965164,0.10973345824050044,-0.03876686220472898,-0.002250528499028146,0.7260459976446347,1.2570360159809137,-0.0004965087378877853,1.2575325247188016
171,3.42,idle,locomotion,0,1.3899999856948853,0.019999999552965164,0.10973345824050044,-0.038774902190685016,-0.002255092904095488,0.7260453380291895,1.2570345864715649,-0.0004965106905984278,1.2575310971621634
172,3.44,idle,locomotion,0,1.3899999856948853,0.019999999552965164,0.10973345824050044,-0.03878291419554507,-0.002259656620290737,0.7260446915403388,1.2570331725513824,-0.0004965127742503697,1.2575296853256328
173,3.46,idle,locomotion,0,1.3899999856948853,0.019999999552965164,0.10973345824050044,-0.03879089904687833,-0.002264221451300023,0.7260440581193158,1.2570317741868668,-0.0004965150627324645,1.2575282892495994
174,3.48,idle,locomotion,0,1.3899999856948853,0.019999999552965164,0.10973345824050044,-0.03879885881021404,-0.0022687874664362516,0.7260434383066672,1.257030391790509,-0.0004965175536574308,1.2575269093441666
175,3.5,idle,locomotion,0,1.3899999856948853,0.019999999552965164,0.10973345824050044,-0.03880679399903761,-0.002273355449429819,0.7260428324178219,1.2570290256355277,-0.0004965202535028024,1.2575255458890304
176,3.52,idle,locomotion,0,1.3899999856948853,0.019999999552965164,0.10973345824050044,-0.03881470426090329,-0.002277926336004063,0.7260422398620395,1.257027675256141,-0.0004965231095076274,1.2575241983656484
177,3.54,idle,locomotion,0,1.3899999856948853,0.019999999552965164,0.10973345824050044,-0.03882258980359443,-0.00228250197302788,0.7260416607723811,1.2570263407168367,-0.0004965260915121283,1.257522866808349
178,3.56,idle,locomotion,0,1.3899999856948853,0.019999999552965164,0.10973345824050044,-0.03883045048883817,-0.002287085657001312,0.7260410951779398,1.2570250220136903,-0.0004965292167709474,1.2575215512304612
179,3.58,idle,locomotion,0,1.3899999856948853,0.019999999552965164,0.10973345824050044,-0.03883828580867708,-0.0022916776099128696,0.7260405440065261,1.2570237200423675,-0.0004965325735623617,1.25752025261593
180,3.6,idle,locomotion,0,1.3899999856948853,0.019999999552965164,0.10973345824050044,-0.03884609595886741,-0.0022962740808631253,0.7260400059718726,1.257022433623747,-0.0004965361033733261,1.2575189697271203
181,3.62,idle,locomotion,0,1.3899999856948853,0.019999999552965164,0.10973345824050044,-0.03885388077709256,-0.002300875401946183,0.7260394805493153,1.2570211620399114,-0.0004965397094070199,1.2575177017493184
182,3.64,idle,locomotion,0,1.3899999856948853,0.019999999552965164,0.10973345824050044,-0.038861639563044684,-0.002305482970892596,0.7260389696880832,1.257019907134027,-0.0004965434902546306,1.2575164506242815
183,3.66,idle,locomotion,0,1.3899999856948853,0.019999999552965164,0.10973345824050044,-0.03886937167874789,-0.002310100278137781,0.7260384720748667,1.2570186676413324,-0.0004965472527498904,1.2575152148940822
184,3.68,idle,locomotion,0,1.3899999856948853,0.019999999552965164,0.10973345824050044,-0.03887707607202896,-0.0023147269281431158,0.7260379866074372,1.2570174424011442,-0.0004965512653350469,1.2575139936664792
185,3.7,idle,locomotion,0,1.3899999856948853,0.019999999552965164,0.10973345824050044,-0.03888475149412727,-0.00231936128793718,0.7260375148242787,1.2570162329108383,-0.0004965554798880834,1.2575127883907264
186,3.72,idle,locomotion,0,1.3899999856948853,0.019999999552965164,0.10973345824050044,-0.038892397073065715,-0.002324004630677159,0.7260370573957178,1.2570150397952786,-0.0004965597699015736,1.2575115995651802
187,3.74,idle,locomotion,0,1.3899999856948853,0.019999999552965164,0.10973345824050044,-0.03890001177567449,-0.0023286588215443134,0.7260366144913184,1.257013863116191,-0.000496564121476209,1.2575104272376671
188,3.76,idle,locomotion,0,1.3899999856948853,0.019999999552965164,0.10973345824050044,-0.03890759454533309,-0.002333322360182262,0.7260361847632667,1.2570127016264,-0.0004965686170138421,1.2575092702434139
189,3.78,idle,locomotion,0,1.3899999856948853,0.019999999552965164,0.10973345824050044,-0.03891514498991831,-0.002337992784875878,0.7260357681400895,1.257011555088249,-0.0004965733422572158,1.2575081284305063
190,3.8,idle,locomotion,0,1.3899999856948853,0.019999999552965164,0.10973345824050044,-0.03892266174022817,-0.002342671432823613,0.7260353644842243,1.2570104233708563,-0.0004965781010386472,1.257507001471895
191,3.82,idle,locomotion,0,1.3899999856948853,0.019999999552965164,0.10973345824050044,-0.038930143382474074,-0.0023473585286403176,0.7260349728241366,1.25700930556019,-0.0004965829169615438,1.2575058884771517
192,3.84,idle,locomotion,0,1.3899999856948853,0.019999999552965164,0.10973345824050044,-0.03893758908182494,-0.0023520532648364707,0.7260345950433541,1.2570082033640393,-0.0004965878654691926,1.2575047912295085
193,3.86,idle,locomotion,0,1.3899999856948853,0.019999999552965164,0.10973345824050044,-0.038944997275140024,-0.002356759035525584,0.7260342323824753,1.2570071180254812,-0.0004965928583935998,1.2575037108838747
194,3.88,idle,locomotion,0,1.3899999856948853,0.019999999552965164,0.10973345824050044,-0.0389523668319971,-0.002361474481189883,0.7260338835599205,1.2570060483512795,-0.0004965980355925263,1.257502646386872
195,3.9,idle,locomotion,0,1.3899999856948853,0.019999999552965164,0.10973345824050044,-0.038959696800183755,-0.002366198266951751,0.7260335473686133,1.2570049931078602,-0.0004966032929031444,1.2575015964007634
196,3.92,idle,locomotion,0,1.3899999856948853,0.019999999552965164,0.10973345824050044,-0.03896698564400276,-0.0023709249269350725,0.7260332248188544,1.2570039533693826,-0.0004966085269173769,1.2575005618963
197,3.94,idle,locomotion,0,1.3899999856948853,0.019999999552965164,0.10973345824050044,-0.0389742345191466,-0.0023756443852648397,0.7260329143516088,1.2570029277082384,-0.0004966133320033032,1.2574995410402416
198,3.96,idle,locomotion,0,1.3899999856948853,0.019999999552965164,0.10973345824050044,-0.03898144367847417,-0.0023803496654979735,0.7260326165806485,1.2570019165931532,-0.0004966178108295749,1.2574985344039828
199,3.98,idle,locomotion,0,1.3899999856948853,0.019999999552965164,0.10973345824050044,-0.03898861262900063,-0.0023850358015930157,0.726032332607712,1.2570009212886084,-0.0004966224246621652,1.2574975437132705
200,4.0,idle,locomotion,0,1.3899999856948853,0.019999999552965164,0.10973345824050044,-0.03899574067474761,-0.0023897000162703646,0.7260320611898422,1.2569999406172063,-0.0004966270633166084,1.257496567680523
201,4.02,idle,locomotion,0,1.3899999856948853,0.019999999552965164,0.10973345824050044,-0.039002826752203665,-0.0023943456896016245,0.7260318022461046,1.2569989744287149,-0.0004966316648065371,1.2574956060935214
202,4.04,idle,locomotion,0,1.3899999856948853,0.019999999552965164,0.10973345824050044,-0.03900987022152734,-0.0023989767963552857,0.7260315570270146,1.256998023883692,-0.0004966365707934108,1.2574946604544854
203,4.06,idle,locomotion,0,1.3899999856948853,0.019999999552965164,0.10973345824050044,-0.03901687028402781,-0.0024035978562164514,0.7260313251923095,1.2569970886016564,-0.0004966415129379169,1.2574937301145943
204,4.08,idle,locomotion,0,1.3899999856948853,0.019999999552965164,0.10973345824050044,-0.03902382538162212,-0.0024082146302418653,0.7260311037794913,1.2569961657395319,-0.0004966466804289422,1.257492812419961
205,4.1,idle,locomotion,0,1.3899999856948853,0.019999999552965164,0.10973345824050044,-0.0390307346959804,-0.0024128316350019293,0.7260308943090956,1.2569952565734333,-0.0004966519087290372,1.2574919084821623
206,4.12,idle,locomotion,0,1.3899999856948853,0.019999999552965164,0.10973345824050044,-0.0390375975652226,-0.002417453780028898,0.7260306973247309,1.2569943616770578,-0.0004966574043517927,1.2574910190814097
207,4.14,idle,locomotion,0,1.3899999856948853,0.019999999552965164,0.10973345824050044,-0.039044413196631954,-0.0024220851605340596,0.7260305121959553,1.2569934802887457,-0.0004966629976930377,1.2574901432864387
208,4.16,idle,locomotion,0,1.3899999856948853,0.019999999552965164,0.10973345824050044,-0.03905118112710596,-0.002426728921883502,0.7260303390189512,1.2569926124190955,-0.0004966688146619339,1.2574892812337575
209,4.18,idle,locomotion,0,1.3899999856948853,0.019999999552965164,0.10973345824050044,-0.03905790062699131,-0.0024313856470762245,0.7260301770149119,1.256991757330268,-0.0004966746779091827,1.2574884320081772
210,4.2,idle,locomotion,0,1.3899999856948853,0.019999999552965164,0.10973345824050044,-0.03906457110921193,-0.0024360560849746964,0.726030026228581,1.256990915002498,-0.0004966805895167022,1.2574875955920148
211,4.22,idle,locomotion,0,1.3899999856948853,0.019999999552965164,0.10973345824050044,-0.03907119271345569,-0.0024407412981477276,0.72602988594929,1.2569900846933708,-0.000496686537446285,1.257486771230817
212,4.24,idle,locomotion,0,1.3899999856948853,0.019999999552965164,0.10973345824050044,-0.0390777653539631,-0.0024454403430556656,0.7260297561363873,1.2569892662695936,-0.0004966926311292044,1.2574859589007228
213,4.26,idle,locomotion,0,1.3899999856948853,0.019999999552965164,0.10973345824050044,-0.039084288827117245,-0.0024501520284943555,0.7260296388052548,1.256988461634478,-0.0004966986479216576,1.2574851602823995
214,4.28,idle,locomotion,0,1.3899999856948853,0.019999999552965164,0.10973345824050044,-0.039090762687507725,-0.0024548757490298907,0.7260295327291906,1.25698766980547,-0.0004967046503315323,1.2574843744558015
215,4.3,idle,locomotion,0,1.3899999856948853,0.019999999552965164,0.10973345824050044,-0.03909718661452382,-0.002459609340647847,0.7260294381401445,1.2569868909508872,-0.0004967107803994057,1.2574836017312867
216,4.32,idle,locomotion,0,1.3899999856948853,0.019999999552965164,0.10973345824050044,-0.03910356068427325,-0.002464351891000357,0.7260293534325425,1.2569861236027655,-0.0004967169130099362,1.2574828405157754
217,4.34,idle,locomotion,0,1.3899999856948853,0.019999999552965164,0.10973345824050044,-0.03910988630833488,-0.0024691023745382432,0.726029278390539,1.2569853672661488,-0.0004967232084780102,1.257482090474627
218,4.36,idle,locomotion,0,1.3899999856948853,0.019999999552965164,0.10973345824050044,-0.03911616400706695,-0.0024738585844346476,0.7260292127442293,1.2569846217239284,-0.0004967294599174804,1.2574813511838459
219,4.38,idle,locomotion,0,1.3899999856948853,0.019999999552965164,0.10973345824050044,-0.03912239342164468,-0.0024786176048299143,0.7260291567821752,1.256983887306306,-0.0004967358617425609,1.2574806231680484
220,4.4,idle,locomotion,0,1.3899999856948853,0.019999999552965164,0.10973345824050044,-0.03912857461911493,-0.0024833764670433617,0.7260291109903092,1.256983164559649,-0.000496742201720874,1.2574799067613698
221,4.42,idle,locomotion,0,1.3899999856948853,0.019999999552965164,0.10973345824050044,-0.03913470777177063,-0.0024881346009353916,0.7260290749133682,1.2569824530888711,-0.0004967485448324344,1.2574792016337035
222,4.44,idle,locomotion,0,1.3899999856948853,0.019999999552965164,0.10973345824050044,-0.039140793525499686,-0.002492891787135853,0.7260290470583138,1.2569817514240818,-0.0004967549173584551,1.2574785063414402
223,4.46,idle,locomotion,0,1.3899999856948853,0.019999999552965164,0.10973345824050044,-0.03914683182232867,-0.002497647996606299,0.726029028149368,1.2569810601868465,-0.0004967614806849971,1.2574778216675315
224,4.48,idle,locomotion,0,1.3899999856948853,0.019999999552965164,0.10973345824050044,-0.03915282288726682,-0.002502404000352057,0.7260290186856311,1.256980379943583,-0.0004967680519676401,1.2574771479955507
225,4.5,idle,locomotion,0,1.3899999856948853,0.019999999552965164,0.10973345824050044,-0.03915876768466101,-0.0025071605471830363,0.7260290183754332,1.2569797103369094,-0.0004967746406606272,1.25747648497757
226,4.52,idle,locomotion,0,1.3899999856948853,0.019999999552965164,0.10973345824050044,-0.03916466659454268,-0.0025119159669089374,0.726029027868805,1.256979051979402,-0.0004967812776852341,1.2574758332570872
227,4.54,idle,locomotion,0,1.3899999856948853,0.019999999552965164,0.10973345824050044,-0.03917051965339499,-0.0025166698806194567,0.726029046375772,1.2569784042064984,-0.0004967879003592371,1.2574751921068577
228,4.56,idle,locomotion,0,1.3899999856948853,0.019999999552965164,0.10973345824050044,-0.03917632711429996,-0.002521422782940672,0.7260290727863254,1.2569777659357988,-0.0004967946944444898,1.2574745606302433
229,4.58,idle,locomotion,0,1.3899999856948853,0.019999999552965164,0.10973345824050044,-0.039182089164980526,-0.0025261756724781325,0.7260291063340226,1.2569771363948758,-0.0004968015012603508,1.2574739378961362
230,4.6,idle,locomotion,0,1.3899999856948853,0.019999999552965164,0.10973345824050044,-0.03918780671885118,-0.0025309292841428957,0.7260291489519268,1.2569765173406209,-0.0004968084041407327,1.2574733257447617
231,4.62,idle,locomotion,0,1.3899999856948853,0.019999999552965164,0.10973345824050044,-0.039193479878023754,-0.0025356828762759668,0.7260292006467377,1.2569759089272443,-0.0004968153372509852,1.2574727242644952
232,4.64,idle,locomotion,0,1.3899999856948853,0.019999999552965164,0.10973345824050044,-0.039199108907201394,-0.002540437744629984,0.7260292604716047,1.256975310196625,-0.0004968223260576124,1.2574721325226825
233,4.66,idle,locomotion,0,1.3899999856948853,0.019999999552965164,0.10973345824050044,-0.0392046943589799,-0.002545194850631432,0.7260293283176488,1.2569747210256579,-0.0004968293843419097,1.2574715504099998
234,4.68,idle,locomotion,0,1.3899999856948853,0.019999999552965164,0.10973345824050044,-0.03921023649399252,-0.002549952962416087,0.7260294044554565,1.2569741417488045,-0.000496836530879393,1.2574709782796838
235,4.7,idle,locomotion,0,1.3899999856948853,0.019999999552965164,0.10973345824050044,-0.03921573620469618,-0.0025547116680072197,0.7260294884923816,1.25697357195984,-0.0004968437234927764,1.2574704156833327
236,4.72,idle,locomotion,0,1.3899999856948853,0.019999999552965164,0.10973345824050044,-0.03922119426014996,-0.0025594724051225836,0.7260295792025722,1.256973010385531,-0.0004968510070398439,1.2574698613925708
237,4.74,idle,locomotion,0,1.3899999856948853,0.019999999552965164,0.10973345824050044,-0.03922661096175246,-0.0025642350731877608,0.7260296772297935,1.2569724575963725,-0.0004968583203812625,1.2574693159167538
238,4.76,idle,locomotion,0,1.3899999856948853,0.019999999552965164,0.10973345824050044,-0.03923198634679776,-0.0025690005353556653,0.726029782753397,1.2569719138753632,-0.0004968656256285307,1.2574687795009918
239,4.78,idle,locomotion,0,1.3899999856948853,0.019999999552965164,0.10973345824050044,-0.03923732043628101,-0.0025737697043294637,0.7260298965632929,1.2569713799698516,-0.0004968730981255373,1.2574682530679773
240,4.8,idle,locomotion,0,1.3899999856948853,0.019999999552965164,0.10973345824050044,-0.039242614665443265,-0.0025785426146022715,0.7260300175120343,1.256970854708212,-0.000496880666188703,1.2574677353744006
241,4.82,idle,locomotion,0,1.3899999856948853,0.019999999552965164,0.10973345824050044,-0.039247869129326284,-0.002583318133258714,0.7260301450059564,1.256970337469443,-0.0004968882966363865,1.2574672257660793
242,4.84,idle,locomotion,0,1.3899999856948853,0.019999999552965164,0.10973345824050044,-0.03925308358287663,-0.0025880960224199776,0.7260302801588913,1.2569698294347245,-0.0004968959413224096,1.257466725376047
243,4.86,idle,locomotion,0,1.3899999856948853,0.019999999552965164,0.10973345824050044,-0.039258257994324,-0.002592875526639106,0.7260304240491536,1.256969331734271,-0.0004969036203065595,1.2574662353545776
244,4.88,idle,locomotion,0,1.3899999856948853,0.019999999552965164,0.10973345824050044,-0.03926339312843768,-0.0025976577708219776,0.7260305747101373,1.2569688424331609,-0.0004969113209864554,1.2574657537541474
245,4.9,idle,locomotion,0,1.3899999856948853,0.019999999552965164,0.10973345824050044,-0.039268489421251294,-0.0026024447930513917,0.7260307324345954,1.2569683616383898,-0.0004969191964803825,1.25746528083487
246,4.92,idle,locomotion,0,1.3899999856948853,0.019999999552965164,0.10973345824050044,-0.03927354725717619,-0.0026072370690085537,0.7260308972511628,1.2569678894636063,-0.0004969271328817276,1.257464816596488
247,4.94,idle,locomotion,0,1.3899999856948853,0.019999999552965164,0.10973345824050044,-0.03927856701266262,-0.0026120350087091636,0.7260310679447654,1.2569674246988831,-0.0004969351309210522,1.257464359829804
248,4.96,idle,locomotion,0,1.3899999856948853,0.019999999552965164,0.10973345824050044,-0.039283548954031765,-0.002616838448223413,0.7260312457348914,1.2569669685005767,-0.0004969432106804936,1.2574639117112572
249,4.98,idle,locomotion,0,1.3899999856948853,0.019999999552965164,0.10973345824050044,-0.03928849403660076,-0.0026216472856885067,0.7260314302471943,1.2569665205241247,-0.0004969513247570882,1.2574634718488817
250,5.0,idle,locomotion,0,1.3899999856948853,0.019999999552965164,0.10973345824050044,-0.03929340264191977,-0.0026264608961319783,0.7260316208141151,1.2569660800489708,-0.0004969594437450563,1.2574630394927158
251,5.02,idle,locomotion,0,1.3899999856948853,0.019999999552965164,0.10973345824050044,-0.039298274615874776,-0.0026312794321938695,0.7260318178082464,1.256965647494979,-0.0004969676263515306,1.2574626151213306
252,5.04,idle,locomotion,0,1.3899999856948853,0.019999999552965164,0.10973345824050044,-0.03930311017020475,-0.0026361036355299745,0.7260320204812319,1.256965222174302,-0.000496975912113562,1.2574621980864156
253,5.06,idle,locomotion,0,1.3899999856948853,0.019999999552965164,0.10973345824050044,-0.039307909785795556,-0.002640933651531885,0.7260322293886037,1.2569648045144466,-0.0004969842882846937,1.2574617888027313
254,5.08,idle,locomotion,0,1.3899999856948853,0.019999999552965164,0.10973345824050044,-0.03931267368351951,-0.002645770668077311,0.7260324454819063,1.2569643954717495,-0.0004969927007869614,1.2574613881725365
255,5.1,idle,locomotion,0,1.3899999856948853,0.019999999552965164,0.10973345824050044,-0.039317401897257326,-0.0026506140875357143,0.7260326678853193,1.2569639943004263,-0.0004970012395886375,1.257460995540015
256,5.12,idle,locomotion,0,1.3899999856948853,0.019999999552965164,0.10973345824050044,-0.03932209492346592,-0.002655463314925709,0.7260328946961656,1.256963599096574,-0.0004970096990530651,1.257460608795627
257,5.14,idle,locomotion,0,1.3899999856948853,0.019999999552965164,0.10973345824050044,-0.03932675280852325,-0.0026603193258867164,0.7260331268770384,1.2569632107141506,-0.0004970183795702347,1.257460229093721
258,5.16,idle,locomotion,0,1.3899999856948853,0.019999999552965164,0.10973345824050044,-0.03933137633673157,-0.0026651818436126437,0.7260333644688046,1.2569628292137922,-0.0004970270973933474,1.2574598563111856
259,5.18,idle,locomotion,0,1.3899999856948853,0.019999999552965164,0.10973345824050044,-0.0393359663062689,-0.0026700510361669563,0.7260336079751604,1.2569624549124807,-0.0004970358029635497,1.2574594907154442
260,5.2,idle,locomotion,0,1.3899999856948853,0.019999999552965164,0.10973345824050044,-0.03934052272318973,-0.002674927443479494,0.7260338580879483,1.2569620885205306,-0.0004970446434787029,1.2574591331640093
261,5.22,idle,locomotion,0,1.3899999856948853,0.019999999552965164,0.10973345824050044,-0.03934504540490797,-0.002679810282788769,0.7260341137322341,1.256961729127852,-0.0004970535335469504,1.257458782661399
262,5.24,idle,locomotion,0,1.3899999856948853,0.019999999552965164,0.10973345824050044,-0.03934953446975541,-0.0026846985957019683,0.7260343748175236,1.2569613766240568,-0.0004970624070305407,1.2574584390310874
263,5.26,idle,locomotion,0,1.3899999856948853,0.019999999552965164,0.10973345824050044,-0.039353989950411034,-0.002689592154330934,0.7260346416192996,1.256961031346921,-0.0004970713949960931,1.2574581027419172
264,5.28,idle,locomotion,0,1.3899999856948853,0.019999999552965164,0.10973345824050044,-0.039358412640886714,-0.002694491969337547,0.7260349149831677,1.256960693984187,-0.0004970803970969426,1.257457774381284
265,5.3,idle,locomotion,0,1.3899999856948853,0.019999999552965164,0.10973345824050044,-0.039362802983884594,-0.0026993983065613037,0.7260351941515587,1.2569603638326867,-0.0004970895413777404,1.2574574533740646
266,5.32,idle,locomotion,0,1.3899999856948853,0.019999999552965164,0.10973345824050044,-0.039367160999138485,-0.002704310438991711,0.726035478497953,1.2569600402505714,-0.000497098645257231,1.2574571388958287
267,5.34,idle,locomotion,0,1.3899999856948853,0.019999999552965164,0.10973345824050044,-0.03937148699020812,-0.0027092296362493497,0.7260357676030766,1.2569597228097695,-0.0004971078474577048,1.2574568306572271
268,5.36,idle,locomotion,0,1.3899999856948853,0.019999999552965164,0.10973345824050044,-0.03937578118468656,-0.002714155317372472,0.7260360610363121,1.2569594110800493,-0.0004971171364236554,1.257456528216473
269,5.38,idle,locomotion,0,1.3899999856948853,0.019999999552965164,0.10973345824050044,-0.039380043974246694,-0.0027190868006669445,0.7260363597055611,1.256959105887772,-0.0004971265067683119,1.2574562323945404
270,5.4,idle,locomotion,0,1.3899999856948853,0.019999999552965164,0.10973345824050044,-0.03938427576384307,-0.0027240243557228087,0.7260366634731785,1.256958807136717,-0.0004971358730483898,1.2574559430097654
271,5.42,idle,locomotion,0,1.3899999856948853,0.019999999552965164,0.10973345824050044,-0.0393884765035774,-0.0027289678894432466,0.7260369720160155,1.256958514520548,-0.0004971452750097451,1.2574556597955577
272,5.44,idle,locomotion,0,1.3899999856948853,0.019999999552965164,0.10973345824050044,-0.039392646275829876,-0.00273391595924774,0.7260372866944368,1.2569582293457853,-0.0004971548119551313,1.2574553841577405
273,5.46,idle,locomotion,0,1.3899999856948853,0.019999999552965164,0.10973345824050044,-0.03939678543137752,-0.0027388673581510018,0.7260376070580323,1.2569579512291222,-0.0004971643313285735,1.2574551155604508
274,5.48,idle,locomotion,0,1.3899999856948853,0.019999999552965164,0.10973345824050044,-0.03940089423592713,-0.0027438238844384693,0.726037931931653,1.2569576789239112,-0.0004971738150254881,1.2574548527389366
275,5.5,idle,locomotion,0,1.3899999856948853,0.019999999552965164,0.10973345824050044,-0.039404972748292834,-0.0027487876673331756,0.7260382615870007,1.2569574126611398,-0.0004971834195346761,1.2574545960806744
276,5.52,idle,locomotion,0,1.3899999856948853,0.019999999552965164,0.10973345824050044,-0.039409021216377176,-0.0027537587360484846,0.726038595685573,1.2569571522013032,-0.0004971930669651035,1.2574543452682683
277,5.54,idle,locomotion,0,1.3899999856948853,0.019999999552965164,0.10973345824050044,-0.03941303943915875,-0.002758737480467717,0.726038934320811,1.2569568976430638,-0.0004972028030326842,1.2574541004460966
278,5.56,idle,locomotion,0,1.3899999856948853,0.019999999552965164,0.10973345824050044,-0.039417027573884524,-0.002763724221709395,0.7260392766825192,1.2569566482394348,-0.0004972126416046864,1.2574538608810395
279,5.58,idle,locomotion,0,1.3899999856948853,0.019999999552965164,0.10973345824050044,-0.03942098674498,-0.0027687169234016508,0.7260396241935725,1.2569564051471722,-0.0004972226257296507,1.2574536277729018
280,5.6,idle,locomotion,0,1.3899999856948853,0.019999999552965164,0.10973345824050044,-0.039424917190569175,-0.00277371442027837,0.7260399767747371,1.2569561683880903,-0.0004972325273665812,1.257453400915457
281,5.62,idle,locomotion,0,1.3899999856948853,0.019999999552965164,0.10973345824050044,-0.03942881884792418,-0.0027787170231251966,0.7260403336002159,1.2569559371378674,-0.0004972425878674892,1.257453179725735
282,5.64,idle,locomotion,0,1.3899999856948853,0.019999999552965164,0.10973345824050044,-0.03943269189507635,-0.002783723800335772,0.7260406944233628,1.2569557111398908,-0.0004972526150525645,1.2574529637549434
283,5.66,idle,locomotion,0,1.3899999856948853,0.019999999552965164,0.10973345824050044,-0.0394365363317013,-0.002788736293279522,0.7260410592667004,1.25695549040841,-0.0004972625293429844,1.2574527529377528
284,5.68,idle,locomotion,0,1.3899999856948853,0.019999999552965164,0.10973345824050044,-0.03944035242058888,-0.0027937546284601167,0.7260414267690247,1.256955273703373,-0.0004972726172714388,1.2574525463206443
285,5.7,idle,locomotion,0,1.3899999856948853,0.019999999552965164,0.10973345824050044,-0.03944414068362455,-0.0027987764584912127,0.7260417977326129,1.2569550616529102,-0.0004972828339638649,1.257452344486874
286,5.72,idle,locomotion,0,1.3899999856948853,0.019999999552965164,0.10973345824050044,-0.03944790131981941,-0.002803802485755283,0.7260421741945229,1.2569548562267667,-0.0004972929198963083,1.257452149146663
287,5.74,idle,locomotion,0,1.3899999856948853,0.019999999552965164,0.10973345824050044,-0.03945163424004917,-0.002808833864425868,0.7260425559855602,1.2569546573414474,-0.0004973031933295201,1.257451960534777
288,5.76,idle,locomotion,0,1.3899999856948853,0.019999999552965164,0.10973345824050044,-0.03945533911746154,-0.0028138714268407953,0.7260429411122284,1.256954463089228,-0.0004973133843119565,1.25745177647354
289,5.78,idle,locomotion,0,1.3899999856948853,0.019999999552965164,0.10973345824050044,-0.03945901617981512,-0.0028189162408621253,0.7260433302656781,1.2569542740740631,-0.0004973237603898145,1.257451597834453
290,5.8,idle,locomotion,0,1.3899999856948853,0.019999999552965164,0.10973345824050044,-0.03946266691862052,-0.0028239667371016174,0.7260437239619126,1.256954090681891,-0.0004973342622844393,1.2574514249441755
291,5.82,idle,locomotion,0,1.3899999856948853,0.019999999552965164,0.10973345824050044,-0.0394662914550908,-0.0028290216361363425,0.7260441223286925,1.2569539129789433,-0.0004973446128460415,1.2574512575917893
292,5.84,idle,locomotion,0,1.3899999856948853,0.019999999552965164,0.10973345824050044,-0.03946988914140509,-0.0028340813416556834,0.7260445253190158,1.2569537410397682,-0.0004973550468939519,1.257451096086662
293,5.86,idle,locomotion,0,1.3899999856948853,0.019999999552965164,0.10973345824050044,-0.039473459459018305,-0.0028391454460638885,0.7260449322536318,1.2569535743182783,-0.0004973655204622077,1.2574509398387406
294,5.88,idle,locomotion,0,1.3899999856948853,0.019999999552965164,0.10973345824050044,-0.03947700264650571,-0.0028442139695373353,0.7260453428535258,1.2569534125155881,-0.0004973760648391487,1.2574507885804274
295,5.9,idle,locomotion,0,1.3899999856948853,0.019999999552965164,0.10973345824050044,-0.03948051952964486,-0.0028492886257822396,0.7260457567662963,1.2569532551266467,-0.0004973867144924295,1.257450641841139
296,5.92,idle,locomotion,0,1.3899999856948853,0.019999999552965164,0.10973345824050044,-0.03948401072867474,-0.0028543696803171796,0.7260461740437747,1.2569531021063034,-0.0004973974652796309,1.257450499571583
297,5.94,idle,locomotion,0,1.3899999856948853,0.019999999552965164,0.10973345824050044,-0.0394874759056643,-0.00285945605982352,0.726046594953487,1.2569529538896216,-0.000497408063411333,1.2574503619530328
298,5.96,idle,locomotion,0,1.3899999856948853,0.019999999552965164,0.10973345824050044,-0.03949091491361666,-0.002864547206973975,0.726047019879448,1.2569528109227515,-0.0004974187459852696,1.2574502296687367
299,5.98,idle,locomotion,0,1.3899999856948853,0.019999999552965164,0.10973345824050044,-0.0394943277284457,-0.002869642586653128,0.7260474488953086,1.2569526732270506,-0.0004974295444404135,1.257450102771491
300,6.0,idle,locomotion,0,1.3899999856948853,0.019999999552965164,0.10973345824050044,-0.03949771452167988,-0.002874742930002297,0.7260478808420808,1.25695253969849,-0.0004974403857148993,1.257449980084205
301,6.02,idle,locomotion,0,1.3899999856948853,0.019999999552965164,0.10973345824050044,-0.03950107612032144,-0.0028798495969955536,0.7260483160897275,1.2569524105078334,-0.0004974513302559713,1.2574498618380894
302,6.04,idle,locomotion,0,1.3899999856948853,0.019999999552965164,0.10973345824050044,-0.03950441255491175,-0.0028849632623797264,0.7260487565076901,1.2569522874628927,-0.0004974623101778354,1.2574497497730706
303,6.06,idle,locomotion,0,1.3899999856948853,0.019999999552965164,0.10973345824050044,-0.03950772431550272,-0.0028900834466637684,0.726049201198317,1.256952169759919,-0.0004974733023723581,1.2574496430622915
304,6.08,idle,locomotion,0,1.3899999856948853,0.019999999552965164,0.10973345824050044,-0.039511011527200254,-0.002895209088539365,0.7260496487847226,1.2569520560251923,-0.0004974842302759436,1.2574495402554682
305,6.1,idle,locomotion,0,1.3899999856948853,0.019999999552965164,0.10973345824050044,-0.03951427379725149,-0.0029003402902771755,0.7260500980978719,1.2569519452034132,-0.0004974951903788799,1.2574494403937921
306,6.12,idle,locomotion,0,1.3899999856948853,0.019999999552965164,0.10973345824050044,-0.03951751133014885,-0.0029054774048194246,0.7260505504749942,1.2569518385510778,-0.0004975062871149308,1.2574493448381927
307,6.14,idle,locomotion,0,1.3899999856948853,0.019999999552965164,0.10973345824050044,-0.039520724570778105,-0.002910619122137852,0.7260510069218462,1.2569517371156305,-0.0004975174409481871,1.2574492545565787
308,6.16,idle,locomotion,0,1.3899999856948853,0.019999999552965164,0.10973345824050044,-0.0395239138565436,-0.002915763875870355,0.7260514668567651,1.2569516403112495,-0.0004975285813476407,1.257449168892597
309,6.18,idle,locomotion,0,1.3899999856948853,0.019999999552965164,0.10973345824050044,-0.03952707988065669,-0.002920911741676286,0.7260519292560094,1.2569515470315367,-0.0004975397371553801,1.257449086768692
310,6.2,idle,locomotion,0,1.3899999856948853,0.019999999552965164,0.10973345824050044,-0.03953022292027655,-0.0029260635619408593,0.726052395250683,1.2569514582728556,-0.000497550955235803,1.2574490092280914
311,6.22,idle,locomotion,0,1.3899999856948853,0.019999999552965164,0.10973345824050044,-0.039533342770717024,-0.0029312200936339144,0.7260528647590735,1.2569513740506952,-0.0004975622768455222,1.2574489363275407
312,6.24,idle,locomotion,0,1.3899999856948853,0.019999999552965164,0.10973345824050044,-0.039536439503427966,-0.002936382297462131,0.7260533360803296,1.2569512927221589,-0.0004975735743174767,1.2574488662964765
313,6.26,idle,locomotion,0,1.3899999856948853,0.019999999552965164,0.10973345824050044,-0.0395395131837894,-0.0029415499801989826,0.7260538108671574,1.256951215799627,-0.0004975849410911552,1.257448800740718
314,6.28,idle,locomotion,0,1.3899999856948853,0.019999999552965164,0.10973345824050044,-0.039542563476857556,-0.0029467223379687395,0.7260542897738005,1.2569511441163652,-0.0004975963749669528,1.2574487404913322
315,6.3,idle,locomotion,0,1.3899999856948853,0.019999999552965164,0.10973345824050044,-0.03954559057913374,-0.002951900229158863,0.7260547713371983,1.2569510762191825,-0.0004976077625843643,1.257448683981767
316,6.32,idle,locomotion,0,1.3899999856948853,0.019999999552965164,0.10973345824050044,-0.03954859489366518,-0.002957085181513246,0.7260552556162689,1.2569510120491354,-0.0004976191902715948,1.257448631239407
317,6.34,idle,locomotion,0,1.3899999856948853,0.019999999552965164,0.10973345824050044,-0.03955157658213068,-0.0029622760275643495,0.7260557413001557,1.2569509504342344,-0.0004976307180228484,1.2574485811522573
318,6.36,idle,locomotion,0,1.3899999856948853,0.019999999552965164,0.10973345824050044,-0.039554535873052674,-0.00296747097111579,0.7260562306396442,1.25695089341842,-0.0004976423111065775,1.2574485357295264
319,6.38,idle,locomotion,0,1.3899999856948853,0.019999999552965164,0.10973345824050044,-0.03955747377768578,-0.002972669798861335,0.7260567232653784,1.2569508407211751,-0.0004976539314853999,1.2574484946526605
320,6.4,idle,locomotion,0,1.3899999856948853,0.019999999552965164,0.10973345824050044,-0.03956039034437448,-0.002977872676153987,0.7260572179970703,1.2569507910682491,-0.000497665608965206,1.2574484566772144
321,6.42,idle,locomotion,0,1.3899999856948853,0.019999999552965164,0.10973345824050044,-0.039563285405501504,-0.0029830803318534735,0.726057714488625,1.2569507441636754,-0.0004976772667796454,1.257448421430455
322,6.44,idle,locomotion,0,1.3899999856948853,0.019999999552965164,0.10973345824050044,-0.039566158972042506,-0.002988293147365538,0.7260582160090209,1.2569507030459228,-0.0004976889923418784,1.2574483920382646
323,6.46,idle,locomotion,0,1.3899999856948853,0.019999999552965164,0.10973345824050044,-0.03956901070971252,-0.002993511311799324,0.7260587208990716,1.2569506663564745,-0.0004977007792577384,1.2574483671357322
324,6.48,idle,locomotion,0,1.3899999856948853,0.019999999552965164,0.10973345824050044,-0.03957184064307124,-0.0029987348956327688,0.7260592268682647,1.2569506317472026,-0.0004977125304384301,1.257448344277641
325,6.5,idle,locomotion,0,1.3899999856948853,0.019999999552965164,0.10973345824050044,-0.03957464908804574,-0.003003964568068926,0.7260597347183266,1.256950599976135,-0.0004977243632475828,1.2574483243393826
326,6.52,idle,locomotion,0,1.3899999856948853,0.019999999552965164,0.10973345824050044,-0.039577436107350226,-0.003009200343715231,0.7260602444937867,1.2569505711511608,-0.0004977362356895776,1.2574483073868503
327,6.54,idle,locomotion,0,1.3899999856948853,0.019999999552965164,0.10973345824050044,-0.03958020183644918,-0.0030144418497873283,0.726060756915162,1.256950545945389,-0.0004977481748769282,1.2574482941202658
328,6.56,idle,locomotion,0,1.3899999856948853,0.019999999552965164,0.10973345824050044,-0.039582947065158226,-0.0030196889727756703,0.7260612725047361,1.256950524832266,-0.0004977601116590638,1.2574482849439252
329,6.58,idle,locomotion,0,1.3899999856948853,0.019999999552965164,0.10973345824050044,-0.03958567202332001,-0.003024941426405151,0.7260617910633664,1.2569505075710392,-0.0004977721079023369,1.2574482796789415
330,6.6,idle,locomotion,0,1.3899999856948853,0.019999999552965164,0.10973345824050044,-0.0395883764894103,-0.003030197994869585,0.7260623118119065,1.2569504934693116,-0.0004977841307751418,1.2574482776000868
331,6.62,idle,locomotion,0,1.3899999856948853,0.019999999552965164,0.10973345824050044,-0.03959106017175359,-0.003035458564091615,0.7260628347587015,1.2569504825126248,-0.0004977961753992732,1.2574482786880241
332,6.64,idle,locomotion,0,1.3899999856948853,0.019999999552965164,0.10973345824050044,-0.03959372345209504,-0.0030407241720707,0.7260633599033527,1.256950474696581,-0.0004978082775665242,1.2574482829741476
333,6.66,idle,locomotion,0,1.3899999856948853,0.019999999552965164,0.10973345824050044,-0.03959636651576279,-0.003045995223107819,0.7260638875568467,1.2569504702797443,-0.0004978203894129181,1.257448290669157
334,6.68,idle,locomotion,0,1.3899999856948853,0.019999999552965164,0.10973345824050044,-0.03959898915915706,-0.003051273040723406,0.726064417128095,1.256950468765075,-0.0004978324983904957,1.2574483012634654
335,6.7,idle,locomotion,0,1.3899999856948853,0.019999999552965164,0.10973345824050044,-0.03960159146011729,-0.00305655660614422,0.72606495051064,1.2569504719402969,-0.0004978447962184565,1.2574483167365154
336,6.72,idle,locomotion,0,1.3899999856948853,0.019999999552965164,0.10973345824050044,-0.0396041743051783,-0.003061844195729947,0.7260654867116438,1.2569504788893748,-0.0004978570432355479,1.2574483359326103
337,6.74,idle,locomotion,0,1.3899999856948853,0.019999999552965164,0.10973345824050044,-0.03960673782008728,-0.003067137228237054,0.7260660251907656,1.2569504889068743,-0.00049786924983998,1.2574483581567144
338,6.76,idle,locomotion,0,1.3899999856948853,0.019999999552965164,0.10973345824050044,-0.039609281820627416,-0.003072437310471085,0.7260665636851656,1.25695049996102,-0.0004978814284702024,1.25744838138949
339,6.78,idle,locomotion,0,1.3899999856948853,0.019999999552965164,0.10973345824050044,-0.039611806252568896,-0.0030777432354925174,0.7260671025958115,1.256950512339718,-0.0004978938687707941,1.2574484062084887
340,6.8,idle,locomotion,0,1.3899999856948853,0.019999999552965164,0.10973345824050044,-0.03961431171293562,-0.003083053495028427,0.7260676449614447,1.256950528970904,-0.0004979062968465467,1.2574484352677506
341,6.82,idle,locomotion,0,1.3899999856948853,0.019999999552965164,0.10973345824050044,-0.03961679858151176,-0.0030883685053290574,0.7260681904704525,1.2569505495949718,-0.0004979186999505628,1.2574484682949223
342,6.84,idle,locomotion,0,1.3899999856948853,0.019999999552965164,0.10973345824050044,-0.03961926663842486,-0.003093687591458249,0.7260687386405967,1.2569505737517415,-0.0004979310708997549,1.2574485048226411
343,6.86,idle,locomotion,0,1.3899999856948853,0.019999999552965164,0.10973345824050044,-0.039621716573398046,-0.0030990104875006515,0.7260692882351785,1.2569506002204447,-0.0004979434806155272,1.2574485437010603
344,6.88,idle,locomotion,0,1.3899999856948853,0.019999999552965164,0.10973345824050044,-0.039624148464967236,-0.003104337831981795,0.7260698380848445,1.2569506277613467,-0.0004979559763908549,1.2574485837377376
345,6.9,idle,locomotion,0,1.3899999856948853,0.019999999552965164,0.10973345824050044,-0.039626561693190655,-0.0031096701083415147,0.7260703891109742,1.2569506573335159,-0.0004979685306206114,1.2574486258641364
346,6.92,idle,locomotion,0,1.3899999856948853,0.019999999552965164,0.10973345824050044,-0.03962895651135022,-0.00311500648154883,0.7260709426419766,1.2569506902812448,-0.0004979811292303744,1.2574486714104751
347,6.94,idle,locomotion,0,1.3899999856948853,0.019999999552965164,0.10973345824050044,-0.03963133320986824,-0.003120345843739232,0.7260714989769956,1.2569507268648394,-0.0004979937184501834,1.2574487205832896
348,6.96,idle,locomotion,0,1.3899999856948853,0.019999999552965164,0.10973345824050044,-0.039633691709954386,-0.0031256871047818753,0.7260720583500578,1.2569507673342122,-0.0004980063303567962,1.257448773664569
349,6.98,idle,locomotion,0,1.3899999856948853,0.019999999552965164,0.10973345824050044,-0.03963603232869913,-0.003131030645289697,0.7260726201111731,1.2569508110568475,-0.0004980189897001476,1.2574488300465476
350,7.0,idle,locomotion,0,1.3899999856948853,0.019999999552965164,0.10973345824050044,-0.039638355469041174,-0.003136378338207359,0.7260731829472279,1.2569508566507583,-0.0004980316889054287,1.2574488883396637
351,7.02,idle,locomotion,0,1.3899999856948853,0.019999999552965164,0.10973345824050044,-0.03964066111400148,-0.003141731250791029,0.7260737474956704,1.2569509046700753,-0.0004980443515078987,1.2574489490215832
352,7.04,idle,locomotion,0,1.3899999856948853,0.019999999552965164,0.10973345824050044,-0.03964294876924933,-0.0031470904068584622,0.7260743139774792,1.256950955433489,-0.0004980570767267878,1.2574490125102158
353,7.06,idle,locomotion,0,1.3899999856948853,0.019999999552965164,0.10973345824050044,-0.03964521846862333,-0.0031524562830719523,0.7260748816506567,1.2569510082425317,-0.0004980699064914551,1.257449078149023
354,7.08,idle,locomotion,0,1.3899999856948853,0.019999999552965164,0.10973345824050044,-0.039647470040567775,-0.0031578282584064214,0.7260754510814802,1.2569510636781205,-0.0004980827272240591,1.2574491464053446
355,7.1,idle,locomotion,0,1.3899999856948853,0.019999999552965164,0.10973345824050044,-0.0396497041356739,-0.0031632065122691785,0.7260760220042016,1.2569511214710833,-0.0004980955871518242,1.2574492170582352
356,7.12,idle,locomotion,0,1.3899999856948853,0.019999999552965164,0.10973345824050044,-0.0396519216882295,-0.0031685902353664965,0.7260765948095063,1.2569511818357706,-0.00049810849190653,1.257449290327677
357,7.14,idle,locomotion,0,1.3899999856948853,0.019999999552965164,0.10973345824050044,-0.039654122750475036,-0.0031739786651195307,0.7260771692106236,1.2569512445583124,-0.0004981213165765226,1.2574493658748889
358,7.16,idle,locomotion,0,1.3899999856948853,0.019999999552965164,0.10973345824050044,-0.03965630672307735,-0.003179372833739082,0.72607774503561,1.25695130949727,-0.0004981342075416062,1.2574494437048116
359,7.18,idle,locomotion,0,1.3899999856948853,0.019999999552965164,0.10973345824050044,-0.03965847354636784,-0.0031847719157176674,0.7260783232671939,1.2569513776183012,-0.0004981472942141227,1.2574495249125153
360,7.2,idle,locomotion,0,1.3899999856948853,0.019999999552965164,0.10973345824050044,-0.03966062371467287,-0.0031901737577885404,0.7260789036700919,1.2569514486860416,-0.0004981603230942884,1.2574496090091358
361,7.22,idle,locomotion,0,1.3899999856948853,0.019999999552965164,0.10973345824050044,-0.03966275766248864,-0.0031955780705787036,0.7260794848406223,1.2569515212902216,-0.0004981732997731622,1.2574496945899947
362,7.24,idle,locomotion,0,1.3899999856948853,0.019999999552965164,0.10973345824050044,-0.03966487555525233,-0.0032009854610253294,0.7260800675193765,1.25695159608995,-0.0004981862837340617,1.257449782373684
363,7.26,idle,locomotion,0,1.3899999856948853,0.019999999552965164,0.10973345824050044,-0.039666977256185725,-0.0032063966940504484,0.7260806509056503,1.2569516724404293,-0.00049819930885147,1.2574498717492808
364,7.28,idle,locomotion,0,1.3899999856948853,0.019999999552965164,0.10973345824050044,-0.03966906275987827,-0.003211812053057939,0.7260812361194965,1.2569517513197779,-0.0004982124149572262,1.2574499637347352
365,7.3,idle,locomotion,0,1.3899999856948853,0.019999999552965164,0.10973345824050044,-0.03967113226808879,-0.0032172320937917834,0.7260818240174822,1.256951833626917,-0.0004982255778688931,1.257450059204786
366,7.32,idle,locomotion,0,1.3899999856948853,0.019999999552965164,0.10973345824050044,-0.03967318556182526,-0.0032226575554806674,0.7260824131699987,1.2569519180092346,-0.000498238678478747,1.2574501566877132
367,7.34,idle,locomotion,0,1.3899999856948853,0.019999999552965164,0.10973345824050044,-0.039675222602645395,-0.0032280883726510867,0.7260830013216267,1.2569520022818919,-0.0004982518951924253,1.2574502541770842
368,7.36,idle,locomotion,0,1.3899999856948853,0.019999999552965164,0.10973345824050044,-0.039677244024641165,-0.003233523552732554,0.7260835900023646,1.256952087743496,-0.0004982651826837582,1.2574503529261798
369,7.38,idle,locomotion,0,1.3899999856948853,0.019999999552965164,0.10973345824050044,-0.039679250258585985,-0.003238962219329865,0.7260841817389337,1.2569521769226308,-0.0004982784480005095,1.2574504553706314
370,7.4,idle,locomotion,0,1.3899999856948853,0.019999999552965164,0.10973345824050044,-0.03968124092355352,-0.0032444028449941185,0.7260847758165598,1.2569522692614699,-0.0004982916685349267,1.2574505609300048
371,7.42,idle,locomotion,0,1.3899999856948853,0.019999999552965164,0.10973345824050044,-0.0396832157994497,-0.003249846120771301,0.7260853726141522,1.256952365068438,-0.0004983048602611173,1.2574506699286991
372,7.44,idle,locomotion,0,1.3899999856948853,0.019999999552965164,0.10973345824050044,-0.039685175944518536,-0.003255292847187878,0.7260859704880526,1.2569524627497803,-0.0004983182122729364,1.2574507809620532
373,7.46,idle,locomotion,0,1.3899999856948853,0.019999999552965164,0.10973345824050044,-0.03968712132053144,-0.0032607430235359306,0.7260865687636163,1.256952561432395,-0.0004983316589139801,1.257450893091309
374,7.48,idle,locomotion,0,1.3899999856948853,0.019999999552965164,0.10973345824050044,-0.039689051701068144,-0.0032661977354763567,0.7260871686252053,1.2569526623229268,-0.000498345124954603,1.2574510074478813
375,7.5,idle,locomotion,0,1.3899999856948853,0.019999999552965164,0.10973345824050044,-0.03969096743070634,-0.00327165598618805,0.7260877701026008,1.2569527655116512,-0.0004983585536625854,1.257451124065314
376,7.52,idle,locomotion,0,1.3899999856948853,0.019999999552965164,0.10973345824050044,-0.03969286881857193,-0.0032771167209519414,0.7260883716686977,1.2569528694936924,-0.0004983720271650796,1.2574512415208576
377,7.54,idle,locomotion,0,1.3899999856948853,0.019999999552965164,0.10973345824050044,-0.039694755743056566,-0.003282580132071377,0.7260889742973629,1.256952975148065,-0.0004983854229885579,1.2574513605710536
378,7.56,idle,locomotion,0,1.3899999856948853,0.019999999552965164,0.10973345824050044,-0.03969662755408212,-0.0032880487048055295,0.7260895783872996,1.2569530830003193,-0.0004983988710605333,1.2574514818713798
379,7.58,idle,locomotion,0,1.3899999856948853,0.019999999552965164,0.10973345824050044,-0.03969848419256661,-0.0032935248282046897,0.7260901832359125,1.256953192355083,-0.0004984124199903135,1.2574516047750732
380,7.6,idle,locomotion,0,1.3899999856948853,0.019999999552965164,0.10973345824050044,-0.039700325731029475,-0.003299008185442082,0.7260907892418449,1.256953303578465,-0.0004984260403909681,1.257451729618856
381,7.62,idle,locomotion,0,1.3899999856948853,0.019999999552965164,0.10973345824050044,-0.03970215252380097,-0.0033044976034565295,0.7260913966872534,1.2569534169157612,-0.0004984396984377693,1.257451856614199
382,7.64,idle,locomotion,0,1.3899999856948853,0.019999999552965164,0.10973345824050044,-0.03970396541148339,-0.003309992381413396,0.7260920057458647,1.2569535323870316,-0.0004984533988858647,1.2574519857859174
383,7.66,idle,locomotion,0,1.3899999856948853,0.019999999552965164,0.10973345824050044,-0.039705764217874806,-0.003315491613261338,0.7260926151520213,1.2569536488611879,-0.0004984669974217905,1.2574521158586096
384,7.68,idle,locomotion,0,1.3899999856948853,0.019999999552965164,0.10973345824050044,-0.03970754848319234,-0.0033209944617226678,0.7260932252416555,1.256953766675409,-0.0004984806372697569,1.2574522473126786
385,7.7,idle,locomotion,0,1.3899999856948853,0.019999999552965164,0.10973345824050044,-0.03970931839913587,-0.0033264993162071092,0.7260938370400049,1.2569538868727284,-0.0004984942778133022,1.2574523811505416
386,7.72,idle,locomotion,0,1.3899999856948853,0.019999999552965164,0.10973345824050044,-0.03971107395262216,-0.003332006559161112,0.7260944493878205,1.2569540083913973,-0.0004985078500553096,1.2574525162414525
387,7.74,idle,locomotion,0,1.3899999856948853,0.019999999552965164,0.10973345824050044,-0.03971281607345143,-0.0033375168134147475,0.726095062265963,1.2569541310845243,-0.0004985215510521328,1.2574526526355765
388,7.76,idle,locomotion,0,1.3899999856948853,0.019999999552965164,0.10973345824050044,-0.03971454543362954,-0.0033430288824903933,0.7260956769147358,1.2569542560674143,-0.0004985353215964002,1.2574527913890108
389,7.78,idle,locomotion,0,1.3899999856948853,0.019999999552965164,0.10973345824050044,-0.03971626186906777,-0.0033485421320453668,0.726096292962635,1.2569543830650922,-0.0004985490980835422,1.2574529321631758
390,7.8,idle,locomotion,0,1.3899999856948853,0.019999999552965164,0.10973345824050044,-0.039717965159498714,-0.003354056924229653,0.7260969091464614,1.2569545108671687,-0.0004985628111410581,1.2574530736783098
391,7.82,idle,locomotion,0,1.3899999856948853,0.019999999552965164,0.10973345824050044,-0.03971965551433327,-0.003359575308993809,0.726097525893836,1.2569546397890348,-0.0004985766028788655,1.2574532163919137
392,7.84,idle,locomotion,0,1.3899999856948853,0.019999999552965164,0.10973345824050044,-0.039721333373125854,-0.0033650975499140987,0.7260981436587727,1.2569547702528425,-0.0004985904918242932,1.2574533607446667
393,7.86,idle,locomotion,0,1.3899999856948853,0.019999999552965164,0.10973345824050044,-0.03972299815420399,-0.0033706226437968186,0.7260987621881866,1.2569549021245399,-0.0004986042841308817,1.2574535064086707
394,7.88,idle,locomotion,0,1.3899999856948853,0.019999999552965164,0.10973345824050044,-0.03972464925970332,-0.0033761503912496473,0.726099381569568,1.2569550355858292,-0.0004986181141906458,1.2574536537000198
395,7.9,idle,locomotion,0,1.3899999856948853,0.019999999552965164,0.10973345824050044,-0.03972628691844083,-0.003381681485734085,0.7261000011363665,1.2569551700138237,-0.0004986319654105495,1.2574538019792343
396,7.92,idle,locomotion,0,1.3899999856948853,0.019999999552965164,0.10973345824050044,-0.039727911997065116,-0.0033872177754066114,0.7261006196332397,1.256955304083058,-0.0004986458620966291,1.2574539499451545
397,7.94,idle,locomotion,0,1.3899999856948853,0.019999999552965164,0.10973345824050044,-0.03972952508158191,-0.0033927585221528284,0.7261012388981603,1.256955439417723,-0.0004986599253431999,1.257454099343066
398,7.96,idle,locomotion,0,1.3899999856948853,0.019999999552965164,0.10973345824050044,-0.03973112639908225,-0.003398302281557086,0.7261018598161084,1.2569555769371208,-0.0004986739330980032,1.257454250870219
399,7.98,idle,locomotion,0,1.3899999856948853,0.019999999552965164,0.10973345824050044,-0.0397327160813404,-0.003403850183629402,0.7261024823897324,1.2569557165453018,-0.0004986879228973708,1.2574544044681992
400,8.0,idle,locomotion,0,1.3899999856948853,0.019999999552965164,0.10973345824050044,-0.0397342934080437,-0.0034094022714485956,0.7261031065331435,1.2569558582623592,-0.0004987018984270869,1.2574545601607863
401,8.02,idle,locomotion,0,1.3899999856948853,0.019999999552965164,0.10973345824050044,-0.03973585771592988,-0.00341495901261407,0.7261037320269276,1.2569560019697532,-0.0004987158865501704,1.2574547178563034
402,8.04,idle,locomotion,0,1.3899999856948853,0.019999999552965164,0.10973345824050044,-0.03973740938163433,-0.0034205202800080747,0.7261043582945542,1.2569561470949633,-0.0004987300228695354,1.2574548771178329
403,8.06,idle,locomotion,0,1.3899999856948853,0.019999999552965164,0.10973345824050044,-0.03973894884125587,-0.0034260851180904976,0.7261049842738091,1.2569562925367594,-0.0004987440876909541,1.2574550366244504
404,8.08,idle,locomotion,0,1.3899999856948853,0.019999999552965164,0.10973345824050044,-0.03974047606293825,-0.0034316535711473427,0.7261056103371538,1.2569564386194658,-0.0004987582212320901,1.257455196840698
405,8.1,idle,locomotion,0,1.3899999856948853,0.019999999552965164,0.10973345824050044,-0.03974199071042552,-0.003437225690894444,0.7261062366015254,1.2569565855591345,-0.0004987723153795191,1.257455357874514
406,8.12,idle,locomotion,0,1.3899999856948853,0.019999999552965164,0.10973345824050044,-0.03974349326492871,-0.0034428020690007856,0.7261068628776591,1.2569567331238893,-0.0004987865268430113,1.2574555196507324
407,8.14,idle,locomotion,0,1.3899999856948853,0.019999999552965164,0.10973345824050044,-0.03974498415727324,-0.0034483829046155668,0.7261074905637968,1.2569568825409094,-0.0004988007395884918,1.257455683280498
408,8.16,idle,locomotion,0,1.3899999856948853,0.019999999552965164,0.10973345824050044,-0.03974646345289529,-0.0034539687632232628,0.7261081198739171,1.256957034099607,-0.0004988149515110091,1.257455849051118
409,8.18,idle,locomotion,0,1.3899999856948853,0.019999999552965164,0.10973345824050044,-0.03974793120133182,-0.0034595588276423155,0.7261087502244757,1.256957187214737,-0.0004988291896904258,1.2574560164044273
410,8.2,idle,locomotion,0,1.3899999856948853,0.019999999552965164,0.10973345824050044,-0.039749387300668376,-0.0034651528489841217,0.7261093804727172,1.2569573408218035,-0.0004988434031171392,1.2574561842249208
411,8.22,idle,locomotion,0,1.3899999856948853,0.019999999552965164,0.10973345824050044,-0.039750831924289194,-0.0034707503009996457,0.7261100109991583,1.2569574952151275,-0.000498857700141981,1.2574563529152694
412,8.24,idle,locomotion,0,1.3899999856948853,0.019999999552965164,0.10973345824050044,-0.03975226533620413,-0.0034763506471034464,0.7261106419343442,1.2569576505459732,-0.0004988719508949753,1.2574565224968681
413,8.26,idle,locomotion,0,1.3899999856948853,0.019999999552965164,0.10973345824050044,-0.039753687368594255,-0.003481954429887153,0.7261112726697158,1.2569578062281623,-0.0004988862470384006,1.2574566924752006
414,8.28,idle,locomotion,0,1.3899999856948853,0.019999999552965164,0.10973345824050044,-0.0397550980526747,-0.00348756113333143,0.726111903761843,1.256957962799914,-0.0004989006112256986,1.2574568634111396
415,8.3,idle,locomotion,0,1.3899999856948853,0.019999999552965164,0.10973345824050044,-0.03975649791966029,-0.003493169870931185,0.7261125354712298,1.2569581205168143,-0.0004989149700864622,1.2574570354869008
416,8.32,idle,locomotion,0,1.3899999856948853,0.019999999552965164,0.10973345824050044,-0.03975788728866981,-0.0034987810097015957,0.7261131668437565,1.2569582784341506,-0.0004989293020874787,1.257457207736238
417,8.34,idle,locomotion,0,1.3899999856948853,0.019999999552965164,0.10973345824050044,-0.039759265759421104,-0.00350439564097267,0.726113798787086,1.2569584374185907,-0.0004989436439439589,1.2574573810625347
418,8.36,idle,locomotion,0,1.3899999856948853,0.019999999552965164,0.10973345824050044,-0.03976063330698652,-0.0035100142883795027,0.726114431188352,1.2569585974378912,-0.0004989580987885753,1.2574575555366798
419,8.38,idle,locomotion,0,1.3899999856948853,0.019999999552965164,0.10973345824050044,-0.039761990145599814,-0.003515636600830613,0.7261150640561649,1.2569587584094064,-0.0004989726003255708,1.257457731009732
420,8.4,idle,locomotion,0,1.3899999856948853,0.019999999552965164,0.10973345824050044,-0.03976333628422575,-0.0035212620381651375,0.726115698024865,1.256958920972392,-0.0004989870856017924,1.2574579080579937
421,8.42,idle,locomotion,0,1.3899999856948853,0.019999999552965164,0.10973345824050044,-0.039764671258728485,-0.0035268899121639,0.7261163330083188,1.2569590850974712,-0.0004990015464627247,1.257458086643934
422,8.44,idle,locomotion,0,1.3899999856948853,0.019999999552965164,0.10973345824050044,-0.0397659953643119,-0.0035325199998282398,0.7261169689905353,1.2569592507505765,-0.0004990160560340608,1.2574582668066105
423,8.46,idle,locomotion,0,1.3899999856948853,0.019999999552965164,0.10973345824050044,-0.039767309295050006,-0.00353815204143915,0.7261176047010749,1.256959416654896,-0.0004990305519172525,1.2574584472068133
424,8.48,idle,locomotion,0,1.3899999856948853,0.019999999552965164,0.10973345824050044,-0.03976861322646794,-0.0035437866659466005,0.726118239600364,1.2569595822170019,-0.0004990450088239035,1.2574586272258257
425,8.5,idle,locomotion,0,1.3899999856948853,0.019999999552965164,0.10973345824050044,-0.03976990707689058,-0.0035494247666282004,0.7261188747259423,1.2569597484537869,-0.000499059554002975,1.2574588080077898
426,8.52,idle,locomotion,0,1.3899999856948853,0.019999999552965164,0.10973345824050044,-0.03977119035949388,-0.003555066840516627,0.7261195108865204,1.2569599162094796,-0.0004990741733253284,1.2574589903828048
427,8.54,idle,locomotion,0,1.3899999856948853,0.019999999552965164,0.10973345824050044,-0.039772463322279884,-0.003560712389022911,0.7261201471404647,1.2569600846189122,-0.0004990888030246346,1.257459173421937
428,8.56,idle,locomotion,0,1.3899999856948853,0.019999999552965164,0.10973345824050044,-0.03977372644095761,-0.003566361146476955,0.7261207830867364,1.2569602531744033,-0.0004991033810729274,1.2574593565554761
429,8.58,idle,locomotion,0,1.3899999856948853,0.019999999552965164,0.10973345824050044,-0.0397749798067994,-0.0035720133905068263,0.7261214194733281,1.2569604225895943,-0.000499118014276892,1.257459540603871
430,8.6,idle,locomotion,0,1.3899999856948853,0.019999999552965164,0.10973345824050044,-0.0397762232507306,-0.003577668054527754,0.7261220571653771,1.2569605937530763,-0.0004991325711145127,1.257459726324191
431,8.62,idle,locomotion,0,1.3899999856948853,0.019999999552965164,0.10973345824050044,-0.03977745654558143,-0.003583324350589674,0.726122695825421,1.2569607663800366,-0.0004991472226279943,1.2574599136026645
432,8.64,idle,locomotion,0,1.3899999856948853,0.019999999552965164,0.10973345824050044,-0.039778679406590266,-0.0035889830809911804,0.7261233350191121,1.256960940010527,-0.0004991618523302287,1.2574601018628573
433,8.66,idle,locomotion,0,1.3899999856948853,0.019999999552965164,0.10973345824050044,-0.03977989199676765,-0.0035946451892911015,0.72612397259363,1.2569611126159612,-0.0004991766748512656,1.2574602892908124
434,8.68,idle,locomotion,0,1.3899999856948853,0.019999999552965164,0.10973345824050044,-0.039781094562887004,-0.0036003095503912407,0.72612460957725,1.25696128502655,-0.0004991914798983185,1.2574604765064483
435,8.7,idle,locomotion,0,1.3899999856948853,0.019999999552965164,0.10973345824050044,-0.03978228680974362,-0.003605978280569687,0.7261252484001027,1.2569614596978396,-0.0004992061844531978,1.2574606658822927
436,8.72,idle,locomotion,0,1.3899999856948853,0.019999999552965164,0.10973345824050044,-0.03978346929014404,-0.0036116523072531703,0.7261258875369858,1.2569616351890962,-0.0004992209898484479,1.2574608561789447
437,8.74,idle,locomotion,0,1.3899999856948853,0.019999999552965164,0.10973345824050044,-0.039784642314299734,-0.00361732979072532,0.7261265262559969,1.256961810658448,-0.0004992357746191854,1.257461046433067
438,8.76,idle,locomotion,0,1.3899999856948853,0.019999999552965164,0.10973345824050044,-0.039785805861332284,-0.0036230107550880145,0.7261271648360372,1.2569619864146897,-0.0004992505825531235,1.2574612369972429
439,8.78,idle,locomotion,0,1.3899999856948853,0.019999999552965164,0.10973345824050044,-0.03978696050551772,-0.003628695614943128,0.7261278028153403,1.2569621619520293,-0.0004992653673684261,1.2574614273193976
440,8.8,idle,locomotion,0,1.3899999856948853,0.019999999552965164,0.10973345824050044,-0.03978810610283739,-0.0036343830710314933,0.726128440721509,1.256962337799543,-0.0004992801765406306,1.2574616179760836
441,8.82,idle,locomotion,0,1.3899999856948853,0.019999999552965164,0.10973345824050044,-0.03978924230748205,-0.0036400718570015174,0.7261290803181576,1.2569625157385336,-0.0004992949431872479,1.2574618106817208
442,8.84,idle,locomotion,0,1.3899999856948853,0.019999999552965164,0.10973345824050044,-0.03979036875704599,-0.003645761708693038,0.7261297202458094,1.2569626946107726,-0.0004993097781057498,1.2574620043888785
443,8.86,idle,locomotion,0,1.3899999856948853,0.019999999552965164,0.10973345824050044,-0.0397914856624226,-0.0036514521236008443,0.7261303597862339,1.2569628735788618,-0.0004993246430293717,1.2574621982218912
444,8.88,idle,locomotion,0,1.3899999856948853,0.019999999552965164,0.10973345824050044,-0.03979259354554233,-0.0036571437025170656,0.7261309996151382,1.2569630532519527,-0.0004993395676194147,1.257462392819572
445,8.9,idle,locomotion,0,1.3899999856948853,0.019999999552965164,0.10973345824050044,-0.03979369225727139,-0.0036628371943916,0.7261316389527649,1.2569632329307572,-0.0004993544431008065,1.257462587373858
446,8.92,idle,locomotion,0,1.3899999856948853,0.019999999552965164,0.10973345824050044,-0.03979478172746985,-0.003668534881697463,0.7261322793311911,1.2569634139877692,-0.0004993693526698373,1.257462783340439
447,8.94,idle,locomotion,0,1.3899999856948853,0.019999999552965164,0.10973345824050044,-0.039795861948002595,-0.003674238749860382,0.7261329197452695,1.2569635955736185,-0.0004993842960113043,1.2574629798696297
448,8.96,idle,locomotion,0,1.3899999856948853,0.019999999552965164,0.10973345824050044,-0.03979693303785844,-0.003679947990151227,0.7261335603407254,1.2569637776956517,-0.0004993993151300238,1.2574631770107818
449,8.98,idle,locomotion,0,1.3899999856948853,0.019999999552965164,0.10973345824050044,-0.039797994972884665,-0.0036856608816512146,0.7261342007590349,1.2569639601011005,-0.0004994143270103044,1.2574633744281107
450,9.0,idle,locomotion,0,1.3899999856948853,0.019999999552965164,0.10973345824050044,-0.039799047861696746,-0.003691375888468555,0.7261348409439542,1.2569641426846312,-0.0004994294013695999,1.2574635720860008
451,9.02,idle,locomotion,0,1.3899999856948853,0.019999999552965164,0.10973345824050044,-0.03980009199118272,-0.003697093014913414,0.7261354812579814,1.2569643257863017,-0.000499444383537672,1.2574637701698395
452,9.04,idle,locomotion,0,1.3899999856948853,0.019999999552965164,0.10973345824050044,-0.039801127273240665,-0.0037028133700847945,0.7261361214824532,1.256964509257652,-0.000499459346806324,1.2574639686044584
453,9.06,idle,locomotion,0,1.3899999856948853,0.019999999552965164,0.10973345824050044,-0.03980215392875015,-0.003708537910254128,0.7261367604087458,1.2569646919224786,-0.0004994743983591718,1.2574641663208377
454,9.08,idle,locomotion,0,1.3899999856948853,0.019999999552965164,0.10973345824050044,-0.03980317255270779,-0.0037142667055794706,0.7261373993362044,1.2569648748904354,-0.000499489517123565,1.257464364407559
455,9.1,idle,locomotion,0,1.3899999856948853,0.019999999552965164,0.10973345824050044,-0.03980418368687284,-0.003719998238792522,0.7261380382260031,1.2569650581648355,-0.0004995046114288533,1.2574645627762644
456,9.12,idle,locomotion,0,1.3899999856948853,0.019999999552965164,0.10973345824050044,-0.0398051862143468,-0.003725731251220826,0.7261386777329129,1.2569652424364486,-0.0004995197308442986,1.257464762167293
457,9.14,idle,locomotion,0,1.3899999856948853,0.019999999552965164,0.10973345824050044,-0.039806180094345715,-0.003731466667356315,0.7261393171003387,1.256965427056217,-0.0004995348309647096,1.2574649618871816
458,9.16,idle,locomotion,0,1.3899999856948853,0.019999999552965164,0.10973345824050044,-0.03980716544014046,-0.0037372051422076627,0.7261399552421413,1.2569656109054819,-0.0004995499707932116,1.257465160876275
459,9.18,idle,locomotion,0,1.3899999856948853,0.019999999552965164,0.10973345824050044,-0.03980814305848338,-0.0037429460660329357,0.7261405941361914,1.2569657957333922,-0.0004995651788432913,1.2574653609122355
460,9.2,idle,locomotion,0,1.3899999856948853,0.019999999552965164,0.10973345824050044,-0.03980911235011341,-0.0037486887213393854,0.7261412336187653,1.2569659815676946,-0.0004995803066382108,1.2574655618743327
461,9.22,idle,locomotion,0,1.3899999856948853,0.019999999552965164,0.10973345824050044,-0.039810073128511224,-0.003754432297058916,0.7261418718871057,1.256966166648835,-0.0004995955101020633,1.2574657621589371
462,9.24,idle,locomotion,0,1.3899999856948853,0.019999999552965164,0.10973345824050044,-0.03981102575168933,-0.0037601755726920046,0.7261425097604286,1.2569663516698415,-0.0004996106977923874,1.2574659623676339
463,9.26,idle,locomotion,0,1.3899999856948853,0.019999999552965164,0.10973345824050044,-0.03981197015434522,-0.003765918554953579,0.7261431484750542,1.2569665379052721,-0.0004996258082194012,1.2574661637134916
464,9.28,idle,locomotion,0,1.3899999856948853,0.019999999552965164,0.10973345824050044,-0.03981290680484572,-0.003771663406452603,0.7261437877093699,1.2569667250148968,-0.0004996409783112228,1.257466365993208
465,9.3,idle,locomotion,0,1.3899999856948853,0.019999999552965164,0.10973345824050044,-0.03981383528782684,-0.0037774108210566963,0.7261444278974659,1.2569669134401424,-0.0004996561928997979,1.2574665696330423
466,9.32,idle,locomotion,0,1.3899999856948853,0.019999999552965164,0.10973345824050044,-0.039814755642499006,-0.0037831619136846377,0.7261450675991932,1.2569671018350865,-0.0004996714083847983,1.2574667732434712
467,9.34,idle,locomotion,0,1.3899999856948853,0.019999999552965164,0.10973345824050044,-0.039815667855584595,-0.0037889165703590072,0.7261457055823829,1.2569672889866508,-0.0004996867211618482,1.2574669757078125
468,9.36,idle,locomotion,0,1.3899999856948853,0.019999999552965164,0.10973345824050044,-0.03981657172570209,-0.0037946727586499317,0.7261463430995143,1.2569674761245024,-0.0004997020781541579,1.2574671782026565
469,9.38,idle,locomotion,0,1.3899999856948853,0.019999999552965164,0.10973345824050044,-0.03981746794353528,-0.003800429891768477,0.7261469810209297,1.2569676640726155,-0.0004997174075026083,1.257467381480118
470,9.4,idle,locomotion,0,1.3899999856948853,0.019999999552965164,0.10973345824050044,-0.03981835751342514,-0.0038061882616152367,0.7261476191383635,1.256967852468675,-0.0004997327192140383,1.257467585187889
471,9.42,idle,locomotion,0,1.3899999856948853,0.019999999552965164,0.10973345824050044,-0.039819240203349565,-0.003811949000991417,0.7261482579504598,1.2569680417671025,-0.0004997479893289088,1.2574677897564315
472,9.44,idle,locomotion,0,1.3899999856948853,0.019999999552965164,0.10973345824050044,-0.039820114947001016,-0.0038177128277622715,0.7261488965382991,1.256968231300334,-0.0004997632248996374,1.2574679945252336
473,9.46,idle,locomotion,0,1.3899999856948853,0.019999999552965164,0.10973345824050044,-0.039820981985799364,-0.0038234800645595697,0.7261495342616013,1.2569684203901628,-0.0004997786089401442,1.257468198999103
474,9.48,idle,locomotion,0,1.3899999856948853,0.019999999552965164,0.10973345824050044,-0.03982184158092724,-0.0038292510971244384,0.7261501722232241,1.2569686100166828,-0.0004997939529604277,1.2574684039696433
475,9.5,idle,locomotion,0,1.3899999856948853,0.019999999552965164,0.10973345824050044,-0.0398226933488903,-0.003835025323332757,0.7261508101255713,1.2569688000613914,-0.0004998092823692464,1.2574686093437606
476,9.52,idle,locomotion,0,1.3899999856948853,0.019999999552965164,0.10973345824050044,-0.039823537926024416,-0.003840801440801679,0.72615144776092,1.2569689901828636,-0.0004998246800031018,1.2574688148628668
477,9.54,idle,locomotion,0,1.3899999856948853,0.019999999552965164,0.10973345824050044,-0.0398243752773928,-0.003846580747594731,0.726152084906724,1.2569691801028275,-0.0004998400691559358,1.2574690201719836
478,9.56,idle,locomotion,0,1.3899999856948853,0.019999999552965164,0.10973345824050044,-0.03982520545589661,-0.0038523640463260576,0.726152722209925,1.2569693703981537,-0.000499855537777958,1.2574692259359317
479,9.58,idle,locomotion,0,1.3899999856948853,0.019999999552965164,0.10973345824050044,-0.03982602818910321,-0.0038581504445737848,0.7261533595878382,1.2569695611195213,-0.0004998709306526516,1.257469432050174
480,9.6,idle,locomotion,0,1.3899999856948853,0.019999999552965164,0.10973345824050044,-0.03982684322985163,-0.003863940400281356,0.7261539971024733,1.2569697523582464,-0.0004998863336393503,1.2574696386918858
481,9.62,idle,locomotion,0,1.3899999856948853,0.019999999552965164,0.10973345824050044,-0.039827651067079084,-0.0038697338358011685,0.7261546346282001,1.2569699439687496,-0.000499901777916853,1.2574698457466664
482,9.64,idle,locomotion,0,1.3899999856948853,0.019999999552965164,0.10973345824050044,-0.0398284515135806,-0.0038755295425925186,0.7261552718519558,1.2569701356069776,-0.0004999172810078618,1.2574700528879854
483,9.66,idle,locomotion,0,1.3899999856948853,0.019999999552965164,0.10973345824050044,-0.03982924478949719,-0.0038813265237059797,0.7261559078753741,1.2569703263974112,-0.0004999328354363501,1.2574702592328475
484,9.68,idle,locomotion,0,1.3899999856948853,0.019999999552965164,0.10973345824050044,-0.0398300314647532,-0.0038871247707399957,0.7261565422271001,1.256970515775454,-0.0004999483752390864,1.257470464150693
485,9.7,idle,locomotion,0,1.3899999856948853,0.019999999552965164,0.10973345824050044,-0.03983081169236277,-0.0038929245554460827,0.7261571757931776,1.2569707046269396,-0.0004999639215024949,1.257470668548442
486,9.72,idle,locomotion,0,1.3899999856948853,0.019999999552965164,0.10973345824050044,-0.0398315853684107,-0.00389872589443837,0.7261578097397203,1.2569708941325524,-0.0004999794353850104,1.2574708735679374
487,9.74,idle,locomotion,0,1.3899999856948853,0.019999999552965164,0.10973345824050044,-0.03983235233826037,-0.0039045292794969624,0.7261584442529349,1.2569710845463338,-0.000499994912379665,1.2574710794587134
488,9.76,idle,locomotion,0,1.3899999856948853,0.019999999552965164,0.10973345824050044,-0.03983311292687322,-0.003910335909335604,0.726159078376925,1.2569712749290645,-0.0005000103854169158,1.2574712853144814
489,9.78,idle,locomotion,0,1.3899999856948853,0.019999999552965164,0.10973345824050044,-0.03983386689735529,-0.003916147799188156,0.7261597116576887,1.2569714648176509,-0.0005000259061839034,1.2574714907238347
490,9.8,idle,locomotion,0,1.3899999856948853,0.019999999552965164,0.10973345824050044,-0.03983461384223132,-0.003921964661905758,0.7261603441631511,1.2569716543617593,-0.0005000415455548614,1.2574716959073142
491,9.82,idle,locomotion,0,1.3899999856948853,0.019999999552965164,0.10973345824050044,-0.03983535480286574,-0.003927785147804161,0.7261609761503797,1.256971843661192,-0.000500057251878603,1.2574719009130706
492,9.84,idle,locomotion,0,1.3899999856948853,0.019999999552965164,0.10973345824050044,-0.039836089818550115,-0.0039336092857088206,0.7261616081884178,1.2569720331932008,-0.0005000729138090639,1.25747210610701
493,9.86,idle,locomotion,0,1.3899999856948853,0.019999999552965164,0.10973345824050044,-0.03983681836664595,-0.0039394368659733375,0.7261622406683078,1.2569722234290455,-0.0005000886119888269,1.2574723120410343
494,9.88,idle,locomotion,0,1.3899999856948853,0.019999999552965164,0.10973345824050044,-0.03983754071449744,-0.003945266810313805,0.7261628727283544,1.2569724135419817,-0.0005001042619371468,1.257472517803919
495,9.9,idle,locomotion,0,1.3899999856948853,0.019999999552965164,0.10973345824050044,-0.03983825672187007,-0.003951099489263712,0.7261635040846313,1.2569726032366428,-0.000500119882958356,1.2574727231196012
496,9.92,idle,locomotion,0,1.3899999856948853,0.019999999552965164,0.10973345824050044,-0.039838966138485046,-0.003956935358197704,0.7261641356368496,1.256972793418953,-0.0005001355986762705,1.2574729290176292
497,9.94,idle,locomotion,0,1.3899999856948853,0.019999999552965164,0.10973345824050044,-0.039839668747805486,-0.003962774679104632,0.726164766602804,1.2569729834050813,-0.0005001513089423031,1.2574731347140236
498,9.96,idle,locomotion,0,1.3899999856948853,0.019999999552965164,0.10973345824050044,-0.039840364749127825,-0.003968617620720926,0.7261653962293239,1.2569731724483257,-0.0005001670867228782,1.2574733395350486
499,9.98,idle,locomotion,0,1.3899999856948853,0.019999999552965164,0.10973345824050044,-0.03984105424508181,-0.003974463226099443,0.7261660255253652,1.256973361535513,-0.0005001828161250617,1.257473544351638
500,10.0,idle,locomotion,0,1.3899999856948853,0.019999999552965164,0.10973345824050044,-0.039841738122941166,-0.0039803118735612505,0.7261666546773119,1.2569735507331505,-0.0005001986577453446,1.2574737493908958
501,10.02,idle,locomotion,0,1.3899999856948853,0.019999999552965164,0.10973345824050044,-0.039842416056643425,-0.003986163457520099,0.7261672839856078,1.2569737403303656,-0.0005002144566441241,1.2574739547870097
502,10.04,idle,locomotion,0,1.3899999856948853,0.019999999552965164,0.10973345824050044,-0.03984308839609604,-0.003992018707046843,0.7261679115059775,1.2569739284936603,-0.0005002302364091708,1.2574741587300695
503,10.06,idle,locomotion,0,1.3899999856948853,0.019999999552965164,0.10973345824050044,-0.039843754880811384,-0.00399787718173272,0.7261685388106431,1.2569741165887862,-0.0005002460744301732,1.2574743626632163
504,10.08,idle,locomotion,0,1.3899999856948853,0.019999999552965164,0.10973345824050044,-0.039844415769915854,-0.004003738070992489,0.7261691666086187,1.256974305449112,-0.0005002619375102831,1.2574745673866223
505,10.1,idle,locomotion,0,1.3899999856948853,0.019999999552965164,0.10973345824050044,-0.039845071081689346,-0.004009601888359791,0.7261697927807066,1.2569744929897133,-0.0005002777202144822,1.2574747707099279
506,10.12,idle,locomotion,0,1.3899999856948853,0.019999999552965164,0.10973345824050044,-0.03984572046313492,-0.004015469580851622,0.7261704174611148,1.2569746792859278,-0.0005002935891326547,1.2574749728750605
507,10.14,idle,locomotion,0,1.3899999856948853,0.019999999552965164,0.10973345824050044,-0.03984636347080353,-0.00402133973776261,0.7261710427255378,1.2569748664617275,-0.0005003095196984553,1.257475175981426
508,10.16,idle,locomotion,0,1.3899999856948853,0.019999999552965164,0.10973345824050044,-0.03984700054814213,-0.004027212011026256,0.7261716676174033,1.25697505362887,-0.0005003253679064443,1.2574753789967763
509,10.18,idle,locomotion,0,1.3899999856948853,0.019999999552965164,0.10973345824050044,-0.03984763198512443,-0.0040330877439744865,0.7261722935621115,1.2569752419470546,-0.0005003412831457374,1.2574755832302003
510,10.2,idle,locomotion,0,1.3899999856948853,0.019999999552965164,0.10973345824050044,-0.03984825781001647,-0.004038965686329411,0.7261729203692235,1.2569754314090071,-0.0005003572171799302,1.2574757886261871
511,10.22,idle,locomotion,0,1.3899999856948853,0.019999999552965164,0.10973345824050044,-0.039848877750217934,-0.004044845284387236,0.7261735451750027,1.2569756192718653,-0.0005003729586505259,1.2574759922305159
512,10.24,idle,locomotion,0,1.3899999856948853,0.019999999552965164,0.10973345824050044,-0.03984949249075497,-0.0040507268331028395,0.726174168063366,1.2569758054717652,-0.0005003889307796036,1.2574761944025448
513,10.26,idle,locomotion,0,1.3899999856948853,0.019999999552965164,0.10973345824050044,-0.03985010231744252,-0.004056609423827296,0.726174790294341,1.256975991187827,-0.0005004048261840928,1.2574763960140112
514,10.28,idle,locomotion,0,1.3899999856948853,0.019999999552965164,0.10973345824050044,-0.03985070692325396,-0.004062493886889663,0.7261754119078025,1.2569761765165917,-0.0005004208262226542,1.2574765973428144
515,10.3,idle,locomotion,0,1.3899999856948853,0.019999999552965164,0.10973345824050044,-0.03985130640796457,-0.004068379354947595,0.7261760328200826,1.2569763613580807,-0.0005004367172403504,1.257476798075321
516,10.32,idle,locomotion,0,1.3899999856948853,0.019999999552965164,0.10973345824050044,-0.03985190103181183,-0.00407426473122518,0.7261766543462236,1.2569765469572205,-0.0005004526969442265,1.2574769996541648
517,10.34,idle,locomotion,0,1.3899999856948853,0.019999999552965164,0.10973345824050044,-0.03985249070090703,-0.0040801490688751885,0.726177274965858,1.2569767319191665,-0.000500468631910566,1.257477200551077
518,10.36,idle,locomotion,0,1.3899999856948853,0.019999999552965164,0.10973345824050044,-0.03985307469957486,-0.004086035034248693,0.7261778943332624,1.2569769158709294,-0.000500484569029673,1.2574774004399591
519,10.38,idle,locomotion,0,1.3899999856948853,0.019999999552965164,0.10973345824050044,-0.039853652989167716,-0.004091925205714247,0.7261785127108217,1.2569770991546754,-0.0005005005491602252,1.2574775997038357
520,10.4,idle,locomotion,0,1.3899999856948853,0.019999999552965164,0.10973345824050044,-0.0398542262709263,-0.004097817997132774,0.7261791307887228,1.2569772823403866,-0.0005005166346188847,1.2574777989750054
521,10.42,idle,locomotion,0,1.3899999856948853,0.019999999552965164,0.10973345824050044,-0.03985479477552336,-0.004103712101250423,0.7261797494778051,1.2569774662778403,-0.0005005326458896349,1.25747799892373
522,10.44,idle,locomotion,0,1.3899999856948853,0.019999999552965164,0.10973345824050044,-0.03985535779962889,-0.004109609012687716,0.7261803681779563,1.25697765048607,-0.0005005486832118759,1.2574781991692818
523,10.46,idle,locomotion,0,1.3899999856948853,0.019999999552965164,0.10973345824050044,-0.03985591591570883,-0.004115507108219061,0.7261809858760713,1.2569778339146571,-0.0005005647180216337,1.2574783986326787
524,10.48,idle,locomotion,0,1.3899999856948853,0.019999999552965164,0.10973345824050044,-0.03985646962096601,-0.004121405917706941,0.7261816032224934,1.2569780171067337,-0.0005005807302779879,1.2574785978370118
525,10.5,idle,locomotion,0,1.3899999856948853,0.019999999552965164,0.10973345824050044,-0.03985701850557351,-0.00412730670017965,0.7261822204406698,1.2569782003701069,-0.0005005967798670484,1.257478797149974
526,10.52,idle,locomotion,0,1.3899999856948853,0.019999999552965164,0.10973345824050044,-0.03985756229566612,-0.004133209945461618,0.7261828365932989,1.256978382879263,-0.0005006127643515448,1.2574789956436145
527,10.54,idle,locomotion,0,1.3899999856948853,0.019999999552965164,0.10973345824050044,-0.039858100060240466,-0.004139117698085782,0.7261834509354606,1.2569785640070037,-0.0005006287827141083,1.2574791927897178
528,10.56,idle,locomotion,0,1.3899999856948853,0.019999999552965164,0.10973345824050044,-0.0398586322003977,-0.004145029476102999,0.726184063853086,1.2569787440540199,-0.0005006449480123507,1.2574793890020322
529,10.58,idle,locomotion,0,1.3899999856948853,0.019999999552965164,0.10973345824050044,-0.03985915931589126,-0.004150941697411154,0.7261846759724369,1.2569789235381428,-0.0005006612172236344,1.2574795847553664
530,10.6,idle,locomotion,0,1.3899999856948853,0.019999999552965164,0.10973345824050044,-0.03985968247034204,-0.0041568526826247535,0.7261852870763663,1.2569791020979983,-0.0005006774249438246,1.2574797795229422
531,10.62,idle,locomotion,0,1.3899999856948853,0.019999999552965164,0.10973345824050044,-0.039860201481469695,-0.004162765483254145,0.7261858987134596,1.2569792811704696,-0.0005006936064304787,1.2574799747769
532,10.64,idle,locomotion,0,1.3899999856948853,0.019999999552965164,0.10973345824050044,-0.039860715859476786,-0.004168681569952938,0.7261865107174036,1.2569794608081604,-0.000500709704740105,1.2574801705129004
533,10.66,idle,locomotion,0,1.3899999856948853,0.019999999552965164,0.10973345824050044,-0.03986122555839142,-0.004174599876345296,0.7261871215329728,1.2569796394844712,-0.0005007258327811778,1.2574803653172524
534,10.68,idle,locomotion,0,1.3899999856948853,0.019999999552965164,0.10973345824050044,-0.03986173024908838,-0.004180519862992375,0.726187731635885,1.2569798176194154,-0.0005007419966842064,1.2574805596160996
535,10.7,idle,locomotion,0,1.3899999856948853,0.019999999552965164,0.10973345824050044,-0.03986222984421396,-0.004186442109239925,0.7261883395648416,1.2569799938768473,-0.0005007581596936719,1.257480752036541
536,10.72,idle,locomotion,0,1.3899999856948853,0.019999999552965164,0.10973345824050044,-0.039862724531432546,-0.004192367233629856,0.7261889477248988,1.2569801704171017,-0.0005007744021396886,1.2574809448192414
537,10.74,idle,locomotion,0,1.3899999856948853,0.019999999552965164,0.10973345824050044,-0.03986321450621896,-0.004198294030057121,0.7261895565381433,1.256980347835481,-0.0005007906644252519,1.2574811384999063
538,10.76,idle,locomotion,0,1.3899999856948853,0.019999999552965164,0.10973345824050044,-0.03986369981965179,-0.004204221113965019,0.7261901649414689,1.25698052502116,-0.0005008068816210326,1.257481331902781
539,10.78,idle,locomotion,0,1.3899999856948853,0.019999999552965164,0.10973345824050044,-0.03986418042847056,-0.004210149566738147,0.7261907729357787,1.256980701965404,-0.0005008230784304922,1.2574815250438345
540,10.8,idle,locomotion,0,1.3899999856948853,0.019999999552965164,0.10973345824050044,-0.0398646560333949,-0.004216081051768393,0.7261913798455719,1.2569808780847649,-0.0005008392618032001,1.257481717346568
541,10.82,idle,locomotion,0,1.3899999856948853,0.019999999552965164,0.10973345824050044,-0.03986512641366134,-0.004222013858597585,0.7261919862027574,1.25698105393055,-0.0005008555496322752,1.2574819094801821
542,10.84,idle,locomotion,0,1.3899999856948853,0.019999999552965164,0.10973345824050044,-0.039865592648253324,-0.004227946146028692,0.7261925917542367,1.2569812291636748,-0.000500871790239301,1.257482100953914
543,10.86,idle,locomotion,0,1.3899999856948853,0.019999999552965164,0.10973345824050044,-0.039866055238589805,-0.004233878492299645,0.7261931965966134,1.2569814037367153,-0.000500888005295505,1.2574822917420108
544,10.88,idle,locomotion,0,1.3899999856948853,0.019999999552965164,0.10973345824050044,-0.03986651342376337,-0.004239812346152724,0.7261938011264731,1.2569815781869087,-0.0005009042099602228,1.2574824823968689
545,10.9,idle,locomotion,0,1.3899999856948853,0.019999999552965164,0.10973345824050044,-0.039866966592139716,-0.00424574858745729,0.726194405387943,1.2569817526593159,-0.0005009204600481612,1.257482673119364
546,10.92,idle,locomotion,0,1.3899999856948853,0.019999999552965164,0.10973345824050044,-0.03986741591589757,-0.004251687156166108,0.7261950082888471,1.2569819259858956,-0.0005009366695722696,1.257482862655468
547,10.94,idle,locomotion,0,1.3899999856948853,0.019999999552965164,0.10973345824050044,-0.03986786193573605,-0.004257627747313034,0.7261956092766298,1.2569820975175965,-0.0005009529412021187,1.2574830504587986
548,10.96,idle,locomotion,0,1.3899999856948853,0.019999999552965164,0.10973345824050044,-0.03986830432253242,-0.004263569473380947,0.7261962096346183,1.2569822685267622,-0.0005009693145082844,1.2574832378412706
549,10.98,idle,locomotion,0,1.3899999856948853,0.019999999552965164,0.10973345824050044,-0.03986874246257861,-0.004269511103001312,0.7261968108328982,1.2569824405588825,-0.0005009856974011115,1.2574834262562837
550,11.0,idle,locomotion,0,1.3899999856948853,0.019999999552965164,0.10973345824050044,-0.03986917619001558,-0.004275452827763576,0.7261974100080565,1.2569826109776796,-0.0005010019655417863,1.2574836129432214
551,11.02,idle,locomotion,0,1.3899999856948853,0.019999999552965164,0.10973345824050044,-0.03986960560464816,-0.004281395241565331,0.7261980079006055,1.2569827802916962,-0.0005010183264927449,1.257483798618189
552,11.04,idle,locomotion,0,1.3899999856948853,0.019999999552965164,0.10973345824050044,-0.03987003150098425,-0.004287337225125082,0.7261986057990374,1.256982949778116,-0.0005010346966948694,1.257483984474811
553,11.06,idle,locomotion,0,1.3899999856948853,0.019999999552965164,0.10973345824050044,-0.03987045442659386,-0.004293279622844861,0.7261992027625345,1.25698311834818,-0.0005010510626815567,1.2574841694108616
554,11.08,idle,locomotion,0,1.3899999856948853,0.019999999552965164,0.10973345824050044,-0.039870873548892447,-0.004299223220634408,0.7261997988158331,1.2569832860429782,-0.0005010674863658929,1.257484353529344
555,11.1,idle,locomotion,0,1.3899999856948853,0.019999999552965164,0.10973345824050044,-0.03987128838410599,-0.0043051690009925985,0.7262003941603875,1.2569834531974344,-0.0005010838370242722,1.2574845370344587
556,11.12,idle,locomotion,0,1.3899999856948853,0.019999999552965164,0.10973345824050044,-0.03987169848659029,-0.004311119412578206,0.7262009887622435,1.2569836198519824,-0.0005011002022712978,1.2574847200542536
557,11.14,idle,locomotion,0,1.3899999856948853,0.019999999552965164,0.10973345824050044,-0.03987210450166114,-0.004317072498904435,0.726201582053863,1.2569837854174812,-0.0005011166459829193,1.2574849020634642
558,11.16,idle,locomotion,0,1.3899999856948853,0.019999999552965164,0.10973345824050044,-0.039872506530455126,-0.004323026276449572,0.7262021750748645,1.2569839508463319,-0.0005011331229927904,1.2574850839693246
559,11.18,idle,locomotion,0,1.3899999856948853,0.019999999552965164,0.10973345824050044,-0.03987290491101806,-0.0043289808507427285,0.7262027667117669,1.2569841151208698,-0.0005011495641919876,1.2574852646850618
560,11.2,idle,locomotion,0,1.3899999856948853,0.019999999552965164,0.10973345824050044,-0.03987329938663444,-0.0043349359673528105,0.7262033580081652,1.2569842791357724,-0.0005011805430356793,1.257485459678808
561,11.22,idle,locomotion,0,1.3899999856948853,0.019999999552965164,0.10973345824050044,-0.03987369022146187,-0.004340892103325077,0.7262039490924019,1.2569844430725863,-0.0005012179263906118,1.2574856609989769
562,11.24,idle,locomotion,0,1.3899999856948853,0.019999999552965164,0.10973345824050044,-0.039874077427171056,-0.004346850707633836,0.7262045397764657,1.2569846066708572,-0.0005012553204256434,1.2574858619912828
563,11.26,idle,locomotion,0,1.3899999856948853,0.019999999552965164,0.10973345824050044,-0.03987446078563281,-0.0043528109627339745,0.7262051301256165,1.2569847700952173,-0.0005012927209050201,1.2574860628161222
564,11.28,idle,locomotion,0,1.3899999856948853,0.019999999552965164,0.10973345824050044,-0.03987484045034796,-0.004358772426460055,0.7262057193221174,1.2569849325472329,-0.0005013302090083188,1.257486262756241
565,11.3,idle,locomotion,0,1.3899999856948853,0.019999999552965164,0.10973345824050044,-0.03987521642770353,-0.004364736213040121,0.7262063082705439,1.2569850948548416,-0.0005013677894549831,1.2574864626442965
566,11.32,idle,locomotion,0,1.3899999856948853,0.019999999552965164,0.10973345824050044,-0.03987558900849432,-0.004370701893103985,0.7262068958827483,1.256985256016293,-0.0005014052793321858,1.2574866612956253
567,11.34,idle,locomotion,0,1.3899999856948853,0.019999999552965164,0.10973345824050044,-0.039875958133522245,-0.00437666968630253,0.7262074820112423,1.2569854157524774,-0.0005014427592497511,1.2574868585117271
568,11.36,idle,locomotion,0,1.3899999856948853,0.019999999552965164,0.10973345824050044,-0.039876322916173684,-0.00438264177222491,0.7262080662600175,1.2569855738579507,-0.0005014802688067706,1.2574870541267575
569,11.38,idle,locomotion,0,1.3899999856948853,0.019999999552965164,0.10973345824050044,-0.03987668354268294,-0.004388616096421998,0.7262086495854314,1.2569857312172372,-0.0005015179954619732,1.2574872492126992
570,11.4,idle,locomotion,0,1.3899999856948853,0.019999999552965164,0.10973345824050044,-0.039877040278934954,-0.0043945898856404455,0.7262092321011366,1.2569858879882008,-0.0005015557081626265,1.2574874436963634
571,11.42,idle,locomotion,0,1.3899999856948853,0.019999999552965164,0.10973345824050044,-0.03987739391784683,-0.004400562911195115,0.7262098143230646,1.2569860445163041,-0.0005015933850364626,1.2574876379013407
572,11.44,idle,locomotion,0,1.3899999856948853,0.019999999552965164,0.10973345824050044,-0.03987774465938119,-0.004406536597394353,0.7262103959957105,1.256986200552139,-0.0005016309423192152,1.2574878314944582
573,11.46,idle,locomotion,0,1.3899999856948853,0.019999999552965164,0.10973345824050044,-0.03987809140948878,-0.004412512835301994,0.7262109769225801,1.2569863560316719,-0.0005016684559153023,1.2574880244875872
574,11.48,idle,locomotion,0,1.3899999856948853,0.019999999552965164,0.10973345824050044,-0.039878434654593946,-0.004418491423412372,0.7262115572378368,1.2569865110512108,-0.0005017060707981184,1.257488217122009
575,11.5,idle,locomotion,0,1.3899999856948853,0.019999999552965164,0.10973345824050044,-0.0398787749835818,-0.004424471628872661,0.7262121364084416,1.2569866650090735,-0.0005017437351122339,1.2574884087441858
576,11.52,idle,locomotion,0,1.3899999856948853,0.019999999552965164,0.10973345824050044,-0.039879112010130405,-0.00443045429160882,0.7262127141672453,1.2569868176612047,-0.0005017814023439982,1.2574885990635487
577,11.54,idle,locomotion,0,1.3899999856948853,0.019999999552965164,0.10973345824050044,-0.039879445751959015,-0.0044364386912926655,0.7262132913766587,1.2569869698230292,-0.000501819195376417,1.2574887890184057
578,11.56,idle,locomotion,0,1.3899999856948853,0.019999999552965164,0.10973345824050044,-0.039879776085671094,-0.004442423804555302,0.7262138677341465,1.2569871212447268,-0.0005018569042382348,1.257488978148965
579,11.58,idle,locomotion,0,1.3899999856948853,0.019999999552965164,0.10973345824050044,-0.03988010244985007,-0.004448410344888349,0.7262144436610907,1.2569872723511601,-0.0005018945987834041,1.2574891669499435
580,11.6,idle,locomotion,0,1.3899999856948853,0.019999999552965164,0.10973345824050044,-0.039880425275089074,-0.004454398482656174,0.7262150193418878,1.2569874233119502,-0.0005019323276961689,1.2574893556396465
581,11.62,idle,locomotion,0,1.3899999856948853,0.019999999552965164,0.10973345824050044,-0.0398807446387158,-0.004460388626841046,0.7262155953659538,1.2569875746960724,-0.000501970124798589,1.257489544820871
582,11.64,idle,locomotion,0,1.3899999856948853,0.019999999552965164,0.10973345824050044,-0.03988106007993456,-0.004466382791853583,0.7262161699396553,1.2569877249556858,-0.000502007844370194,1.257489732800056
583,11.66,idle,locomotion,0,1.3899999856948853,0.019999999552965164,0.10973345824050044,-0.03988137180350564,-0.0044723797456119084,0.7262167426565747,1.2569878735710807,-0.0005020457411247202,1.2574899193122053
584,11.68,idle,locomotion,0,1.3899999856948853,0.019999999552965164,0.10973345824050044,-0.039881680682298526,-0.004478375830453565,0.7262173149922418,1.2569880218612117,-0.000502083759004332,1.2574901056202161
585,11.7,idle,locomotion,0,1.3899999856948853,0.019999999552965164,0.10973345824050044,-0.03988198735928463,-0.00448437082871531,0.726217886616493,1.2569881694720906,-0.0005021216034282218,1.2574902910755188
586,11.72,idle,locomotion,0,1.3899999856948853,0.019999999552965164,0.10973345824050044,-0.03988229096684508,-0.004490367911139397,0.7262184575421575,1.256988316512253,-0.0005021594223179604,1.257490475934571
587,11.74,idle,locomotion,0,1.3899999856948853,0.019999999552965164,0.10973345824050044,-0.03988259161304097,-0.004496365997907154,0.7262190269886493,1.2569884623041638,-0.0005021983490378391,1.2574906606532017
588,11.76,idle,locomotion,0,1.3899999856948853,0.019999999552965164,0.10973345824050044,-0.03988288933791355,-0.004502364890717991,0.7262195948147717,1.2569886066086393,-0.0005022385192153568,1.2574908451278546
589,11.78,idle,locomotion,0,1.3899999856948853,0.019999999552965164,0.10973345824050044,-0.03988318449558845,-0.004508364435864705,0.7262201622553366,1.2569887505708122,-0.0005022788071040278,1.2574910293779162
590,11.8,idle,locomotion,0,1.3899999856948853,0.019999999552965164,0.10973345824050044,-0.039883476899707546,-0.004514365502273174,0.726220728994097,1.2569888939704374,-0.0005023189688125075,1.25749121293925
591,11.82,idle,locomotion,0,1.3899999856948853,0.019999999552965164,0.10973345824050044,-0.03988376663865915,-0.004520367790751203,0.7262212945613947,1.256989036332899,-0.0005023592044311291,1.2574913955373301
592,11.84,idle,locomotion,0,1.3899999856948853,0.019999999552965164,0.10973345824050044,-0.03988405407781345,-0.004526371759696132,0.7262218597812461,1.2569891783905045,-0.0005023994254625928,1.257491577815967
593,11.86,idle,locomotion,0,1.3899999856948853,0.019999999552965164,0.10973345824050044,-0.0398843390257772,-0.004532377650961933,0.7262224240557601,1.2569893197088458,-0.0005024396147921967,1.2574917593236379
594,11.88,idle,locomotion,0,1.3899999856948853,0.019999999552965164,0.10973345824050044,-0.039884621616562366,-0.0045383849663196306,0.7262229867832612,1.2569894596588724,-0.0005024798846662987,1.2574919395435387
595,11.9,idle,locomotion,0,1.3899999856948853,0.019999999552965164,0.10973345824050044,-0.039884902475028516,-0.004544390614574042,0.7262235487985452,1.256989598928007,-0.0005025203300672056,1.2574921192580744
596,11.92,idle,locomotion,0,1.3899999856948853,0.019999999552965164,0.10973345824050044,-0.039885181600737264,-0.004550395263911845,0.7262241095791587,1.2569897370050453,-0.0005025606271304474,1.2574922976321758
597,11.94,idle,locomotion,0,1.3899999856948853,0.019999999552965164,0.10973345824050044,-0.03988545844205562,-0.004556398649310279,0.7262246698225139,1.2569898745903334,-0.0005026009861794321,1.257492475576513
598,11.96,idle,locomotion,0,1.3899999856948853,0.019999999552965164,0.10973345824050044,-0.03988573205716527,-0.004562402620298514,0.7262252286765853,1.2569900110732877,-0.0005026411573440664,1.2574926522306318
599,11.98,idle,locomotion,0,1.3899999856948853,0.019999999552965164,0.10973345824050044,-0.03988600291958803,-0.0045684077709905995,0.7262257868341156,1.2569901469948777,-0.0005026814848835548,1.2574928284797613
600,12.0,idle,locomotion,0,1.3899999856948853,0.019999999552965164,0.10973345824050044,-0.03988627161299735,-0.0045744125548751735,0.72622634410255,1.2569902821585346,-0.0005027218557363683,1.2574930040142709
601,12.02,idle,locomotion,0,1.3899999856948853,0.019999999552965164,0.10973345824050044,-0.03988653795668839,-0.004580418569702255,0.7262268994086244,1.2569904155152176,-0.0005027621909649456,1.2574931777061826
602,12.04,idle,locomotion,0,1.3899999856948853,0.019999999552965164,0.10973345824050044,-0.039886802011048515,-0.004586426426479283,0.7262274535063651,1.25699054778134,-0.0005028026202882271,1.2574933504016281
603,12.06,idle,locomotion,0,1.3899999856948853,0.019999999552965164,0.10973345824050044,-0.039887063928388304,-0.004592435196693002,0.7262280071505144,1.2569906797266204,-0.0005028430668680799,1.2574935227934885
604,12.08,idle,locomotion,0,1.3899999856948853,0.019999999552965164,0.10973345824050044,-0.03988732410036229,-0.0045984435992431905,0.7262285606657872,1.256990811613236,-0.0005028835143976867,1.2574936951276336
605,12.1,idle,locomotion,0,1.3899999856948853,0.019999999552965164,0.10973345824050044,-0.039887583578759635,-0.004604450197701194,0.7262291123797577,1.2569909417533833,-0.0005029238941605813,1.2574938656475438
606,12.12,idle,locomotion,0,1.3899999856948853,0.019999999552965164,0.10973345824050044,-0.039887842304794544,-0.004610455376416976,0.7262296628449179,1.2569910705614655,-0.0005029641740608402,1.2574940347355263
607,12.14,idle,locomotion,0,1.3899999856948853,0.019999999552965164,0.10973345824050044,-0.039888100036724695,-0.00461645844589661,0.7262302107570306,1.2569911969225893,-0.0005030044328025209,1.2574942013553918
608,12.16,idle,locomotion,0,1.3899999856948853,0.019999999552965164,0.10973345824050044,-0.03988835646711967,-0.004622460922574018,0.7262307583261401,1.2569913228690381,-0.0005030446620240617,1.2574943675310621
609,12.18,idle,locomotion,0,1.3899999856948853,0.019999999552965164,0.10973345824050044,-0.039888611167414906,-0.004628464562559081,0.7262313047245771,1.2569914478847313,-0.0005030848590844156,1.2574945327438156
610,12.2,idle,locomotion,0,1.3899999856948853,0.019999999552965164,0.10973345824050044,-0.039888864143129074,-0.004634467559907203,0.7262318495198685,1.256991571374688,-0.0005031252395440236,1.257494696614232
611,12.22,idle,locomotion,0,1.3899999856948853,0.019999999552965164,0.10973345824050044,-0.039889115645827866,-0.004640467490679244,0.7262323921127142,1.25699169281311,-0.0005031656149459586,1.2574948584280559
612,12.24,idle,locomotion,0,1.3899999856948853,0.019999999552965164,0.10973345824050044,-0.03988936526037098,-0.00464646647932256,0.7262329344034791,1.2569918139594907,-0.0005032060090857694,1.2574950199685764
613,12.26,idle,locomotion,0,1.3899999856948853,0.019999999552965164,0.10973345824050044,-0.03988961281437232,-0.004652467298010193,0.726233477219218,1.2569919357949002,-0.0005032463715383233,1.2574951821664386
614,12.28,idle,locomotion,0,1.3899999856948853,0.019999999552965164,0.10973345824050044,-0.03988985874135166,-0.004658469365058626,0.7262340181793466,1.2569920559649645,-0.0005032867936979185,1.2574953427586624
615,12.3,idle,locomotion,0,1.3899999856948853,0.019999999552965164,0.10973345824050044,-0.039890103363923464,-0.004664471129891458,0.7262345573288914,1.256992174316687,-0.0005033272838758547,1.257495501600563
616,12.32,idle,locomotion,0,1.3899999856948853,0.019999999552965164,0.10973345824050044,-0.03989034682089939,-0.004670472007194629,0.7262350967459915,1.2569922928724926,-0.0005033678126493239,1.257495660685142
617,12.34,idle,locomotion,0,1.3899999856948853,0.019999999552965164,0.10973345824050044,-0.039890589279369296,-0.004676472914284072,0.7262356344958903,1.2569924098949294,-0.0005034082030934174,1.257495818098023
618,12.36,idle,locomotion,0,1.3899999856948853,0.019999999552965164,0.10973345824050044,-0.0398908305849115,-0.00468247457687829,0.7262361721919803,1.2569925268200923,-0.0005034486556472935,1.2574959754757395
619,12.38,idle,locomotion,0,1.3899999856948853,0.019999999552965164,0.10973345824050044,-0.039891070853655515,-0.004688476792081852,0.7262367096009411,1.2569926435707022,-0.0005034890360535241,1.2574961326067557
620,12.4,idle,locomotion,0,1.3899999856948853,0.019999999552965164,0.10973345824050044,-0.039891309910855974,-0.004694479393695129,0.7262372456576972,1.2569927589804868,-0.000503529479457393,1.257496288459944
621,12.42,idle,locomotion,0,1.3899999856948853,0.019999999552965164,0.10973345824050044,-0.039891547554895206,-0.004700482185466724,0.7262377811694327,1.2569928738390548,-0.0005035700315622477,1.257496443870617
622,12.44,idle,locomotion,0,1.3899999856948853,0.019999999552965164,0.10973345824050044,-0.03989178366150486,-0.004706485161434408,0.7262383155230423,1.2569929876307815,-0.0005036105351355347,1.257496598165917
623,12.46,idle,locomotion,0,1.3899999856948853,0.019999999552965164,0.10973345824050044,-0.039892017805810906,-0.004712490119378919,0.7262388480841454,1.2569930997837757,-0.0005036509822729969,1.2574967507660486
624,12.48,idle,locomotion,0,1.3899999856948853,0.019999999552965164,0.10973345824050044,-0.03989225046102626,-0.004718495392294838,0.7262393792182827,1.25699321063634,-0.0005036915505140308,1.257496902186854
625,12.5,idle,locomotion,0,1.3899999856948853,0.019999999552965164,0.10973345824050044,-0.039892482094366626,-0.004724499456689997,0.726239908998579,1.2569933201771035,-0.0005037321956434422,1.257497052372747
626,12.52,idle,locomotion,0,1.3899999856948853,0.019999999552965164,0.10973345824050044,-0.03989271276273537,-0.004730503311508604,0.726240436323061,1.2569934273280663,-0.0005037727177873152,1.2574972000458535
627,12.54,idle,locomotion,0,1.3899999856948853,0.019999999552965164,0.10973345824050044,-0.039892941910684133,-0.004736507657744823,0.7262409623219673,1.2569935332241955,-0.0005038132398444209,1.25749734646404
628,12.56,idle,locomotion,0,1.3899999856948853,0.019999999552965164,0.10973345824050044,-0.03989316955319648,-0.004742512775271984,0.7262414880266709,1.256993638974931,-0.0005038538091789273,1.2574974927841098
629,12.58,idle,locomotion,0,1.3899999856948853,0.019999999552965164,0.10973345824050044,-0.039893396280280914,-0.00474851777810286,0.7262420133023836,1.2569937443262862,-0.000503894438856331,1.2574976387651424
630,12.6,idle,locomotion,0,1.3899999856948853,0.019999999552965164,0.10973345824050044,-0.03989362235174604,-0.004754521504038534,0.7262425374606319,1.2569938485504062,-0.0005039349946770293,1.2574977835450831
631,12.62,idle,locomotion,0,1.3899999856948853,0.019999999552965164,0.10973345824050044,-0.039893847582476306,-0.004760524788684878,0.7262430603074528,1.256993951475098,-0.0005039754396837307,1.257497926914782
632,12.64,idle,locomotion,0,1.3899999856948853,0.019999999552965164,0.10973345824050044,-0.03989407174561965,-0.00476652921235946,0.7262435824505317,1.2569940537248017,-0.000504015920588425,1.2574980696453901
633,12.66,idle,locomotion,0,1.3899999856948853,0.019999999552965164,0.10973345824050044,-0.0398942945539493,-0.00477253437047831,0.7262441056588941,1.2569941570076113,-0.000504056540670858,1.2574982135482822
634,12.68,idle,locomotion,0,1.3899999856948853,0.019999999552965164,0.10973345824050044,-0.03989451603710587,-0.004778538962629614,0.7262446281622104,1.2569942597061092,-0.0005040971667454285,1.2574983568728546
635,12.7,idle,locomotion,0,1.3899999856948853,0.019999999552965164,0.10973345824050044,-0.03989473608656857,-0.004784544781524637,0.7262451484519662,1.2569943602702747,-0.0005041377601251763,1.2574984980303998
636,12.72,idle,locomotion,0,1.3899999856948853,0.019999999552965164,0.10973345824050044,-0.039894954638349106,-0.004790551898525454,0.726245666330342,1.2569944585734294,-0.0005041784438760341,1.2574986370173054
637,12.74,idle,locomotion,0,1.3899999856948853,0.019999999552965164,0.10973345824050044,-0.039895171973337376,-0.004796558531602511,0.726246183128727,1.25699455581771,-0.0005042191576203545,1.2574987749753304
638,12.76,idle,locomotion,0,1.3899999856948853,0.019999999552965164,0.10973345824050044,-0.03989538867363788,-0.0048025633271634935,0.7262466987296081,1.2569946518805515,-0.0005042598790234096,1.257498911759575
639,12.78,idle,locomotion,0,1.3899999856948853,0.019999999552965164,0.10973345824050044,-0.039895605056465736,-0.004808567592010363,0.7262472134958255,1.256994747010257,-0.0005043004441382323,1.2574990474543952
640,12.8,idle,locomotion,0,1.3899999856948853,0.019999999552965164,0.10973345824050044,-0.0398958206521323,-0.004814572027174234,0.7262477270062204,1.256994840948467,-0.0005043410740539662,1.257499182022521
641,12.82,idle,locomotion,0,1.3899999856948853,0.019999999552965164,0.10973345824050044,-0.03989603526158981,-0.004820576796458232,0.726248239506474,1.2569949339010646,-0.0005043817327844528,1.2574993156338492
642,12.84,idle,locomotion,0,1.3899999856948853,0.019999999552965164,0.10973345824050044,-0.03989624891905218,-0.004826582632131268,0.7262487505094644,1.256995025460129,-0.0005044223924714208,1.2574994478526005
643,12.86,idle,locomotion,0,1.3899999856948853,0.019999999552965164,0.10973345824050044,-0.03989646180113943,-0.004832588394693597,0.7262492605863358,1.2569951160780717,-0.0005044631361094676,1.2574995792141812
644,12.88,idle,locomotion,0,1.3899999856948853,0.019999999552965164,0.10973345824050044,-0.039896674249829824,-0.004838592735206363,0.7262497695820095,1.2569952055956426,-0.0005045038849077754,1.2574997094805505
645,12.9,idle,locomotion,0,1.3899999856948853,0.019999999552965164,0.10973345824050044,-0.039896885581323475,-0.004844597495623431,0.7262502772929437,1.2569952938511988,-0.00050454451428859,1.2574998383654874
646,12.92,idle,locomotion,0,1.3899999856948853,0.019999999552965164,0.10973345824050044,-0.03989709550458131,-0.004850603037219189,0.7262507847942156,1.2569953819520623,-0.0005045852035224785,1.2574999671555847
647,12.94,idle,locomotion,0,1.3899999856948853,0.019999999552965164,0.10973345824050044,-0.03989730431771077,-0.004856607925693438,0.7262512910697883,1.256995468956177,-0.000504625866212069,1.2575000948223891
648,12.96,idle,locomotion,0,1.3899999856948853,0.019999999552965164,0.10973345824050044,-0.03989751200443494,-0.0048626121643578196,0.7262517962416316,1.2569955548582474,-0.0005046666162209987,1.2575002214744684
649,12.98,idle,locomotion,0,1.3899999856948853,0.019999999552965164,0.10973345824050044,-0.03989771837401354,-0.004868616493370593,0.7262523012795685,1.2569956406276888,-0.0005047073277222279,1.257500347955411
650,13.0,idle,locomotion,0,1.3899999856948853,0.019999999552965164,0.10973345824050044,-0.03989792335031867,-0.004874623775133332,0.7262528043280886,1.2569957245535575,-0.0005047478833678232,1.2575004724369252
651,13.02,idle,locomotion,0,1.3899999856948853,0.019999999552965164,0.10973345824050044,-0.03989812769656523,-0.00488063284776409,0.7262533050033086,1.2569958060750401,-0.0005047887863390901,1.2575005948613793
652,13.04,idle,locomotion,0,1.3899999856948853,0.019999999552965164,0.10973345824050044,-0.03989833095555661,-0.00488664340654425,0.72625380419542,1.2569958861251538,-0.0005048296746114414,1.2575007157997653
653,13.06,idle,locomotion,0,1.3899999856948853,0.019999999552965164,0.10973345824050044,-0.03989853292588818,-0.004892654579202812,0.7262543041013678,1.2569959668578428,-0.0005048706934661605,1.2575008375513088
654,13.08,idle,locomotion,0,1.3899999856948853,0.019999999552965164,0.10973345824050044,-0.03989873380207299,-0.004898664742884162,0.7262548043393459,1.256996047944376,-0.0005049115910731282,1.2575009595354492
655,13.1,idle,locomotion,0,1.3899999856948853,0.019999999552965164,0.10973345824050044,-0.03989893375085718,-0.004904674887716718,0.7262553036716503,1.2569961281301372,-0.0005049523497783065,1.2575010804799154
656,13.12,idle,locomotion,0,1.3899999856948853,0.019999999552965164,0.10973345824050044,-0.03989913326117394,-0.004910683766007584,0.726255800754907,1.2569962060946314,-0.0005049931186671824,1.2575011992132985
657,13.14,idle,locomotion,0,1.3899999856948853,0.019999999552965164,0.10973345824050044,-0.03989933203034875,-0.0049166904863845624,0.726256295601993,1.2569962817921025,-0.0005050339123949185,1.2575013157044974
658,13.16,idle,locomotion,0,1.3899999856948853,0.019999999552965164,0.10973345824050044,-0.03989952950786011,-0.004922697575671524,0.7262567880344154,1.2569963552100356,-0.0005050745895130888,1.2575014297995486
659,13.18,idle,locomotion,0,1.3899999856948853,0.019999999552965164,0.10973345824050044,-0.03989972569041601,-0.004928704787902049,0.7262572796127149,1.2569964278078902,-0.0005051155224509614,1.2575015433303411
660,13.2,idle,locomotion,0,1.3899999856948853,0.019999999552965164,0.10973345824050044,-0.03989992118763275,-0.004934710931338722,0.7262577702200728,1.2569964994730944,-0.0005051563541596735,1.257501655827254
661,13.22,idle,locomotion,0,1.3899999856948853,0.019999999552965164,0.10973345824050044,-0.03990011623644745,-0.004940717964885813,0.7262582602290557,1.256996570434448,-0.0005051971818244155,1.2575017676162723
662,13.24,idle,locomotion,0,1.3899999856948853,0.019999999552965164,0.10973345824050044,-0.03990030997547244,-0.0049467266251865954,0.726258749315983,1.256996640602396,-0.0005052380628889214,1.257501878665285
663,13.26,idle,locomotion,0,1.3899999856948853,0.019999999552965164,0.10973345824050044,-0.039900502292519124,-0.004952736106934496,0.7262592380083632,1.2569967104607427,-0.0005052789891351675,1.2575019894498778
664,13.28,idle,locomotion,0,1.3899999856948853,0.019999999552965164,0.10973345824050044,-0.03990069356793067,-0.0049587464957024235,0.7262597252470461,1.2569967789877827,-0.0005053199132941041,1.2575020989010768
665,13.3,idle,locomotion,0,1.3899999856948853,0.019999999552965164,0.10973345824050044,-0.03990088384860047,-0.004964757658710605,0.7262602111041729,1.2569968461195704,-0.000505360927076131,1.2575022070466466
666,13.32,idle,locomotion,0,1.3899999856948853,0.019999999552965164,0.10973345824050044,-0.03990107356136696,-0.004970767987078874,0.7262606957669298,1.2569969120294755,-0.0005054019779158272,1.2575023140073913
667,13.34,idle,locomotion,0,1.3899999856948853,0.019999999552965164,0.10973345824050044,-0.03990126267689353,-0.004976778409165316,0.7262611794351936,1.2569969769042644,-0.0005054428805027836,1.257502419784767
668,13.36,idle,locomotion,0,1.3899999856948853,0.019999999552965164,0.10973345824050044,-0.03990145167462997,-0.0049827881612077955,0.7262616633229675,1.2569970418806702,-0.0005054837655927881,1.257502525646263
669,13.38,idle,locomotion,0,1.3899999856948853,0.019999999552965164,0.10973345824050044,-0.03990164069780366,-0.004988796174811088,0.7262621472381597,1.256997106798495,-0.0005055246007707737,1.2575026313992659
670,13.4,idle,locomotion,0,1.3899999856948853,0.019999999552965164,0.10973345824050044,-0.03990182843180184,-0.0049948047990738,0.7262626306092498,1.2569971712646864,-0.0005055653487543166,1.2575027366134406
671,13.42,idle,locomotion,0,1.3899999856948853,0.019999999552965164,0.10973345824050044,-0.03990201448321924,-0.00500081441371103,0.7262631129073281,1.2569972348645,-0.0005056061477155711,1.2575028410122155
672,13.44,idle,locomotion,0,1.3899999856948853,0.019999999552965164,0.10973345824050044,-0.03990219954632767,-0.005006823881680488,0.7262635918133097,1.2569972952779789,-0.000505647097550084,1.257502942375529
673,13.46,idle,locomotion,0,1.3899999856948853,0.019999999552965164,0.10973345824050044,-0.03990238418813346,-0.00501283328866638,0.7262640689188122,1.2569973538209713,-0.0005056881544702081,1.2575030419754416
674,13.48,idle,locomotion,0,1.3899999856948853,0.019999999552965164,0.10973345824050044,-0.039902568857433235,-0.005018842129187447,0.726264544890212,1.2569974112293374,-0.0005057292118364719,1.2575031404411738
675,13.5,idle,locomotion,0,1.3899999856948853,0.019999999552965164,0.10973345824050044,-0.0399027531150894,-0.005024850848557227,0.7262650210859108,1.256997468762362,-0.0005057702446489322,1.2575032390070109
676,13.52,idle,locomotion,0,1.3899999856948853,0.019999999552965164,0.10973345824050044,-0.03990293655262466,-0.005030859201172832,0.7262654967581527,1.2569975258894057,-0.0005058112754152272,1.257503337164821
677,13.54,idle,locomotion,0,1.3899999856948853,0.019999999552965164,0.10973345824050044,-0.03990311928361871,-0.005036866168237813,0.7262659716627164,1.2569975822136887,-0.0005058523431202694,1.257503434556809
678,13.56,idle,locomotion,0,1.3899999856948853,0.019999999552965164,0.10973345824050044,-0.03990330115294227,-0.005042871375894189,0.7262664456946523,1.2569976377237626,-0.0005058932950098086,1.2575035310187723
679,13.58,idle,locomotion,0,1.3899999856948853,0.019999999552965164,0.10973345824050044,-0.03990348266043737,-0.005048874110148351,0.7262669184876008,1.256997691985367,-0.000505934335946312,1.2575036263213133
680,13.6,idle,locomotion,0,1.3899999856948853,0.019999999552965164,0.10973345824050044,-0.03990366346259675,-0.0050548755411306484,0.7262673904826195,1.2569977454581818,-0.0005059752507415999,1.2575037207089235
681,13.62,idle,locomotion,0,1.3899999856948853,0.019999999552965164,0.10973345824050044,-0.03990384385341588,-0.0050608771997990775,0.7262678606622143,1.2569977971552715,-0.0005060161909302696,1.2575038133462018
682,13.64,idle,locomotion,0,1.3899999856948853,0.019999999552965164,0.10973345824050044,-0.03990402341412692,-0.005066878731015678,0.7262683294692317,1.256997847468293,-0.0005060573048557629,1.2575039047731489
683,13.66,idle,locomotion,0,1.3899999856948853,0.019999999552965164,0.10973345824050044,-0.0399042019125541,-0.005072878591839788,0.7262687983625292,1.2569978978933727,-0.0005060984307536098,1.2575039963241263
684,13.68,idle,locomotion,0,1.3899999856948853,0.019999999552965164,0.10973345824050044,-0.03990437972970284,-0.0050788770297349435,0.7262692676287752,1.2569979486745526,-0.0005061394599341906,1.2575040881344868
685,13.7,idle,locomotion,0,1.3899999856948853,0.019999999552965164,0.10973345824050044,-0.039904556471693435,-0.00508487410937333,0.7262697355717701,1.2569979982563533,-0.0005061804359448724,1.2575041786922982
686,13.72,idle,locomotion,0,1.3899999856948853,0.019999999552965164,0.10973345824050044,-0.03990473242076731,-0.005090869891631791,0.7262702025551182,1.2569980468523274,-0.0005062214757311952,1.2575042683280586
687,13.74,idle,locomotion,0,1.3899999856948853,0.019999999552965164,0.10973345824050044,-0.03990490838525077,-0.005096864444734887,0.7262706678631089,1.2569980937339467,-0.0005062624995780043,1.2575043562335246
688,13.76,idle,locomotion,0,1.3899999856948853,0.019999999552965164,0.10973345824050044,-0.039905084027125476,-0.005102858777106564,0.7262711313720204,1.2569981387024545,-0.0005063034968841827,1.2575044421993387
689,13.78,idle,locomotion,0,1.3899999856948853,0.019999999552965164,0.10973345824050044,-0.039905258155711894,-0.005108853948493,0.7262715930735785,1.2569981819965788,-0.0005063445443994515,1.257504526540978
690,13.8,idle,locomotion,0,1.3899999856948853,0.019999999552965164,0.10973345824050044,-0.0399054307039048,-0.0051148511058941885,0.7262720550921022,1.256998225617791,-0.0005063857131299455,1.257504611330921
691,13.82,idle,locomotion,0,1.3899999856948853,0.019999999552965164,0.10973345824050044,-0.039905602434610256,-0.005120849530962242,0.7262725177379169,1.2569982698497544,-0.0005064269470624674,1.2575046967968169
692,13.84,idle,locomotion,0,1.3899999856948853,0.019999999552965164,0.10973345824050044,-0.03990577352974056,-0.005126848036646319,0.7262729796180468,1.2569983132696858,-0.0005064681408693782,1.257504781410555
693,13.86,idle,locomotion,0,1.3899999856948853,0.019999999552965164,0.10973345824050044,-0.03990594348071788,-0.005132845650897621,0.7262734397628311,1.2569983550109156,-0.0005065093448709083,1.2575048643557865
694,13.88,idle,locomotion,0,1.3899999856948853,0.019999999552965164,0.10973345824050044,-0.039906112249137676,-0.005138843481210139,0.7262738975178894,1.256998394443191,-0.0005065504529815704,1.2575049448961726
695,13.9,idle,locomotion,0,1.3899999856948853,0.019999999552965164,0.10973345824050044,-0.03990627990013409,-0.00514484164979141,0.726274354129978,1.2569984327650292,-0.0005065916333082086,1.2575050243983374
696,13.92,idle,locomotion,0,1.3899999856948853,0.019999999552965164,0.10973345824050044,-0.03990644679665723,-0.005150838962738103,0.7262748113587496,1.2569984716777167,-0.000506632795737913,1.2575051044734546
697,13.94,idle,locomotion,0,1.3899999856948853,0.019999999552965164,0.10973345824050044,-0.03990661337999106,-0.0051568359499826796,0.7262752678517119,1.2569985098613377,-0.0005066738517442576,1.257505183713082
698,13.96,idle,locomotion,0,1.3899999856948853,0.019999999552965164,0.10973345824050044,-0.03990677886410804,-0.0051628339293791825,0.7262757228024969,1.25699854656568,-0.0005067149085258883,1.257505261474206
699,13.98,idle,locomotion,0,1.3899999856948853,0.019999999552965164,0.10973345824050044,-0.039906943463948456,-0.005168831713730034,0.7262761760383657,1.2569985816148068,-0.0005067561841743465,1.257505337798981
700,14.0,idle,locomotion,0,1.3899999856948853,0.019999999552965164,0.10973345824050044,-0.0399071070398404,-0.0051748287936402996,0.7262766288714531,1.2569986162153441,-0.0005067973986151615,1.2575054136139594
701,14.02,idle,locomotion,0,1.3899999856948853,0.019999999552965164,0.10973345824050044,-0.03990726930191191,-0.005180826360833189,0.7262770805108928,1.2569986497953691,-0.0005068385711894871,1.2575054883665586
702,14.04,idle,locomotion,0,1.3899999856948853,0.019999999552965164,0.10973345824050044,-0.039907430820256565,-0.005186824254930381,0.7262775310472974,1.2569986823041623,-0.000506879823906764,1.257505562128069
703,14.06,idle,locomotion,0,1.3899999856948853,0.019999999552965164,0.10973345824050044,-0.03990759227199302,-0.005192822337063329,0.7262779800589519,1.256998713265107,-0.000506921147517627,1.2575056344126248
704,14.08,idle,locomotion,0,1.3899999856948853,0.019999999552965164,0.10973345824050044,-0.039907753875200916,-0.005198820035336212,0.7262784262966571,1.2569987414053396,-0.000506962442581485,1.2575057038479212
705,14.1,idle,locomotion,0,1.3899999856948853,0.019999999552965164,0.10973345824050044,-0.03990791517436869,-0.005204817305510796,0.7262788717819274,1.2569987686692397,-0.0005070037903906789,1.2575057724596304
706,14.12,idle,locomotion,0,1.3899999856948853,0.019999999552965164,0.10973345824050044,-0.03990807555520388,-0.005210815766910645,0.7262793169450984,1.2569987956761124,-0.000507045088086612,1.257505840764199
707,14.14,idle,locomotion,0,1.3899999856948853,0.019999999552965164,0.10973345824050044,-0.03990823498283847,-0.005216814768931654,0.7262797616664707,1.2569988222410629,-0.0005070864619664203,1.2575059087030294
708,14.16,idle,locomotion,0,1.3899999856948853,0.019999999552965164,0.10973345824050044,-0.03990839353243958,-0.005222813156720758,0.7262802065304536,1.2569988489370563,-0.0005071278003095543,1.2575059767373657
709,14.18,idle,locomotion,0,1.3899999856948853,0.019999999552965164,0.10973345824050044,-0.03990855089523357,-0.005228811778822383,0.7262806506575857,1.256998874994603,-0.0005071690726647406,1.2575060440672678
710,14.2,idle,locomotion,0,1.3899999856948853,0.019999999552965164,0.10973345824050044,-0.039908707328233595,-0.005234809977757872,0.7262810946314594,1.2569989008793931,-0.0005072104635076395,1.2575061113429007
711,14.22,idle,locomotion,0,1.3899999856948853,0.019999999552965164,0.10973345824050044,-0.03990886284541005,-0.005240806699110623,0.7262815380740051,1.2569989263128678,-0.0005072517554849838,1.2575061780683527
712,14.24,idle,locomotion,0,1.3899999856948853,0.019999999552965164,0.10973345824050044,-0.039909018078669166,-0.005246801512290727,0.7262819791227075,1.2569989493908535,-0.000507293005222717,1.2575062423960763
713,14.26,idle,locomotion,0,1.3899999856948853,0.019999999552965164,0.10973345824050044,-0.039909172821653384,-0.005252794037817255,0.7262824187871784,1.256998971050824,-0.0005073342572435961,1.2575063053080677
714,14.28,idle,locomotion,0,1.3899999856948853,0.019999999552965164,0.10973345824050044,-0.03990932661210512,-0.005258785177315642,0.7262828580733385,1.2569989924468885,-0.0005073754993001403,1.2575063679461886
715,14.3,idle,locomotion,0,1.3899999856948853,0.019999999552965164,0.10973345824050044,-0.03990947997069291,-0.0052647752504631756,0.7262832962634659,1.256999012795844,-0.0005074168135400896,1.257506429609384
716,14.32,idle,locomotion,0,1.3899999856948853,0.019999999552965164,0.10973345824050044,-0.039909632607131644,-0.005270764940121151,0.7262837331422398,1.2569990318704016,-0.000507458131528693,1.2575064900019304
717,14.34,idle,locomotion,0,1.3899999856948853,0.019999999552965164,0.10973345824050044,-0.039909784692219494,-0.005276755277832789,0.726284168416705,1.2569990494080097,-0.0005074995171211079,1.2575065489251307
718,14.36,idle,locomotion,0,1.3899999856948853,0.019999999552965164,0.10973345824050044,-0.03990993665199135,-0.0052827457811781536,0.7262846027431616,1.256999065945186,-0.0005075410274353528,1.2575066069726213
719,14.38,idle,locomotion,0,1.3899999856948853,0.019999999552965164,0.10973345824050044,-0.039910088021429736,-0.005288734778913154,0.7262850377224853,1.2569990830974809,-0.000507582551997704,1.2575066656494787
720,14.4,idle,locomotion,0,1.3899999856948853,0.019999999552965164,0.10973345824050044,-0.03991023888161129,-0.0052947225160594955,0.7262854725827566,1.2569991002134948,-0.0005076238206950245,1.2575067240341897
721,14.42,idle,locomotion,0,1.3899999856948853,0.019999999552965164,0.10973345824050044,-0.03991038972486135,-0.005300709806911166,0.7262859058097633,1.2569991157012825,-0.0005076650977083909,1.257506780798991
722,14.44,idle,locomotion,0,1.3899999856948853,0.019999999552965164,0.10973345824050044,-0.03991054027428488,-0.0053066961545592,0.7262863387378262,1.2569991308123534,-0.0005077064855690538,1.2575068372979223
723,14.46,idle,locomotion,0,1.3899999856948853,0.019999999552965164,0.10973345824050044,-0.03991069078992331,-0.005312681533353685,0.7262867696182866,1.2569991439568629,-0.0005077478156396212,1.2575068917725025
724,14.48,idle,locomotion,0,1.3899999856948853,0.019999999552965164,0.10973345824050044,-0.03991084103425325,-0.005318667702768367,0.7262871991842359,1.2569991557027733,-0.0005077891869133856,1.2575069448896867
725,14.5,idle,locomotion,0,1.3899999856948853,0.019999999552965164,0.10973345824050044,-0.039910990340871734,-0.005324656126107698,0.7262876295687289,1.2569991682896617,-0.0005078306057417249,1.2575069988954035
726,14.52,idle,locomotion,0,1.3899999856948853,0.019999999552965164,0.10973345824050044,-0.039911138786372154,-0.005330643357473301,0.726288059036435,1.256999180145012,-0.0005078721360320219,1.257507052281044
727,14.54,idle,locomotion,0,1.3899999856948853,0.019999999552965164,0.10973345824050044,-0.039911286721209804,-0.00533662696694967,0.7262884865541986,1.2569991901021837,-0.0005079135839488845,1.2575071036861327
728,14.56,idle,locomotion,0,1.3899999856948853,0.019999999552965164,0.10973345824050044,-0.03991143402088836,-0.005342607899736705,0.7262889129583354,1.2569991989852796,-0.0005079550015527415,1.2575071539868323
729,14.58,idle,locomotion,0,1.3899999856948853,0.019999999552965164,0.10973345824050044,-0.03991158054019053,-0.005348588742232275,0.7262893388394246,1.2569992074534966,-0.0005079964080936389,1.2575072038615902
730,14.6,idle,locomotion,0,1.3899999856948853,0.019999999552965164,0.10973345824050044,-0.03991172654460309,-0.005354571148655944,0.7262897627365127,1.256999214095981,-0.0005080379297215699,1.2575072520257025
731,14.62,idle,locomotion,0,1.3899999856948853,0.019999999552965164,0.10973345824050044,-0.039911872374400276,-0.0053605546959440645,0.7262901856563864,1.256999219714824,-0.0005080795207560024,1.25750729923558
732,14.64,idle,locomotion,0,1.3899999856948853,0.019999999552965164,0.10973345824050044,-0.039912018571484825,-0.005366536547858483,0.7262906080475247,1.256999224710575,-0.0005081212084494038,1.2575073459190245
733,14.66,idle,locomotion,0,1.3899999856948853,0.019999999552965164,0.10973345824050044,-0.03991216459851572,-0.005372515474501905,0.7262910303293602,1.2569992295143362,-0.0005081627790667342,1.257507392293403
734,14.68,idle,locomotion,0,1.3899999856948853,0.019999999552965164,0.10973345824050044,-0.039912309616092156,-0.005378494327011243,0.726291452013668,1.256999233863036,-0.0005082041848259652,1.257507438047862
735,14.7,idle,locomotion,0,1.3899999856948853,0.019999999552965164,0.10973345824050044,-0.039912454120941514,-0.005384474843691544,0.7262918722044327,1.2569992367807108,-0.0005082457237436597,1.2575074825044545
736,14.72,idle,locomotion,0,1.3899999856948853,0.019999999552965164,0.10973345824050044,-0.0399125983150458,-0.005390455418903965,0.7262922916888815,1.2569992389929001,-0.0005082873143717713,1.257507526307272
737,14.74,idle,locomotion,0,1.3899999856948853,0.019999999552965164,0.10973345824050044,-0.039912742072058804,-0.005396435506296221,0.7262927107173516,1.2569992408158444,-0.0005083288684535579,1.2575075696842979
738,14.76,idle,locomotion,0,1.3899999856948853,0.019999999552965164,0.10973345824050044,-0.039912885593562035,-0.005402413072785721,0.7262931284506234,1.256999241353696,-0.000508370612298123,1.257507611965994
739,14.78,idle,locomotion,0,1.3899999856948853,0.019999999552965164,0.10973345824050044,-0.03991302837132798,-0.005408389562231975,0.7262935456207267,1.2569992412806423,-0.0005084122259653191,1.2575076535066076
740,14.8,idle,locomotion,0,1.3899999856948853,0.019999999552965164,0.10973345824050044,-0.039913170142632085,-0.0054143662547387495,0.726293961723624,1.25699924029939,-0.0005084537735000547,1.25750769407289
741,14.82,idle,locomotion,0,1.3899999856948853,0.019999999552965164,0.10973345824050044,-0.03991331137478121,-0.00542034185204523,0.7262943772764061,1.2569992387772935,-0.0005084953549993922,1.2575077341322929
742,14.84,idle,locomotion,0,1.3899999856948853,0.019999999552965164,0.10973345824050044,-0.039913453137879314,-0.005426314552330946,0.7262947930198748,1.2569992373005414,-0.0005085370357171791,1.2575077743362586
743,14.86,idle,locomotion,0,1.3899999856948853,0.019999999552965164,0.10973345824050044,-0.03991359469510187,-0.005432286877603481,0.7262952073498686,1.256999234420193,-0.0005085785204673628,1.2575078129406603
744,14.88,idle,locomotion,0,1.3899999856948853,0.019999999552965164,0.10973345824050044,-0.039913735599950394,-0.005438260227722794,0.7262956202824753,1.2569992301800346,-0.0005086202011538241,1.2575078503811883
745,14.9,idle,locomotion,0,1.3899999856948853,0.019999999552965164,0.10973345824050044,-0.03991387626772498,-0.00544423252653337,0.7262960324459744,1.2569992251462012,-0.0005086619412247861,1.2575078870874261
746,14.92,idle,locomotion,0,1.3899999856948853,0.019999999552965164,0.10973345824050044,-0.03991401626129961,-0.005450203752946537,0.7262964443711241,1.2569992198689102,-0.0005087036053211431,1.2575079234742312
747,14.94,idle,locomotion,0,1.3899999856948853,0.019999999552965164,0.10973345824050044,-0.039914155182833005,-0.005456175326793759,0.7262968557637597,1.2569992141936075,-0.000508745386261035,1.2575079595798686
748,14.96,idle,locomotion,0,1.3899999856948853,0.019999999552965164,0.10973345824050044,-0.03991429294612967,-0.005462146751158437,0.726297265407145,1.2569992069182543,-0.0005087879211684611,1.2575079948394228
749,14.98,idle,locomotion,0,1.3899999856948853,0.019999999552965164,0.10973345824050044,-0.03991442991092995,-0.005468117791398601,0.7262976738425982,1.256999198442551,-0.000508830931644378,1.2575080293741954
750,15.0,idle,locomotion,0,1.3899999856948853,0.019999999552965164,0.10973345824050044,-0.03991456621514038,-0.005474088846414095,0.7262980825588335,1.2569991902345936,-0.0005088741241730671,1.2575080643587666
751,15.02,idle,locomotion,0,1.3899999856948853,0.019999999552965164,0.10973345824050044,-0.03991470161995998,-0.0054800598706597065,0.7262984904712415,1.2569991813182035,-0.0005089173700641506,1.2575080986882676
752,15.04,idle,locomotion,0,1.3899999856948853,0.019999999552965164,0.10973345824050044,-0.03991483644042147,-0.005486030968386421,0.7262988959035197,1.2569991700142618,-0.0005089606172666399,1.2575081306315283
753,15.06,idle,locomotion,0,1.3899999856948853,0.019999999552965164,0.10973345824050044,-0.03991497072469677,-0.0054920014675271115,0.7262992992915097,1.256999156758222,-0.0005090038622920408,1.257508160620514
754,15.08,idle,locomotion,0,1.3899999856948853,0.019999999552965164,0.10973345824050044,-0.03991510507809271,-0.005497970620973749,0.726299702852751,1.2569991436091674,-0.0005090472263561303,1.2575081908355235
755,15.1,idle,locomotion,0,1.3899999856948853,0.019999999552965164,0.10973345824050044,-0.03991523916179404,-0.005503938091437117,0.7263001071166534,1.2569991311629105,-0.000509090618766174,1.2575082217816766
756,15.12,idle,locomotion,0,1.3899999856948853,0.019999999552965164,0.10973345824050044,-0.03991537298222597,-0.0055099050792418915,0.7263005097130294,1.2569991171467472,-0.0005091339028753111,1.2575082510496225
757,15.14,idle,locomotion,0,1.3899999856948853,0.019999999552965164,0.10973345824050044,-0.0399155064139203,-0.005515870677528688,0.7263009112211702,1.2569991020083153,-0.0005091773470898113,1.257508279355405
758,15.16,idle,locomotion,0,1.3899999856948853,0.019999999552965164,0.10973345824050044,-0.03991563976093116,-0.005521835412262923,0.726301311491036,1.2569990856566762,-0.000509220733511024,1.2575083063901873
759,15.18,idle,locomotion,0,1.3899999856948853,0.019999999552965164,0.10973345824050044,-0.03991577277928595,-0.005527800571935396,0.7263017121179903,1.25699906960734,-0.0005092641286051254,1.2575083337359452
760,15.2,idle,locomotion,0,1.3899999856948853,0.019999999552965164,0.10973345824050044,-0.039915905551444156,-0.005533765825630968,0.7263021126803231,1.2569990535727487,-0.0005093074998624506,1.2575083610726112
761,15.22,idle,locomotion,0,1.3899999856948853,0.019999999552965164,0.10973345824050044,-0.039916038302127185,-0.005539730559658924,0.726302511902485,1.2569990361760328,-0.0005093509187015684,1.2575083870947343
762,15.24,idle,locomotion,0,1.3899999856948853,0.019999999552965164,0.10973345824050044,-0.03991617020380677,-0.00554569549788069,0.726302909666394,1.2569990174909276,-0.0005093943421470189,1.2575084118330746
763,15.26,idle,locomotion,0,1.3899999856948853,0.019999999552965164,0.10973345824050044,-0.03991630170185043,-0.005551660318236769,0.7263033064872159,1.2569989979636835,-0.0005094379562231507,1.2575084359199067
764,15.28,idle,locomotion,0,1.3899999856948853,0.019999999552965164,0.10973345824050044,-0.03991643366603782,-0.005557622951139999,0.7263037006602148,1.2569989758135085,-0.0005094815712157301,1.2575084573847242
765,15.3,idle,locomotion,0,1.3899999856948853,0.019999999552965164,0.10973345824050044,-0.039916565670273595,-0.005563585084842741,0.7263040936237817,1.2569989523302927,-0.0005095251065664816,1.2575084774368592
766,15.32,idle,locomotion,0,1.3899999856948853,0.019999999552965164,0.10973345824050044,-0.03991669767140015,-0.005569547550817064,0.7263044855851611,1.2569989279025169,-0.0005095686614394988,1.2575084965639565
767,15.34,idle,locomotion,0,1.3899999856948853,0.019999999552965164,0.10973345824050044,-0.03991682958433499,-0.005575507997670469,0.726304877935952,1.2569989038054097,-0.0005096122493590399,1.2575085160547688
768,15.36,idle,locomotion,0,1.3899999856948853,0.019999999552965164,0.10973345824050044,-0.039916961632613344,-0.005581464234646513,0.7263052705047073,1.2569988799402285,-0.000509655803698307,1.2575085357439268
769,15.38,idle,locomotion,0,1.3899999856948853,0.019999999552965164,0.10973345824050044,-0.03991709443243423,-0.005587417212073036,0.7263056627738513,1.2569988556117961,-0.0005096992835340736,1.2575085548953302
770,15.4,idle,locomotion,0,1.3899999856948853,0.019999999552965164,0.10973345824050044,-0.039917227741816434,-0.005593368335179605,0.7263060532631991,1.2569988295146501,-0.0005097426711162985,1.2575085721857664
771,15.42,idle,locomotion,0,1.3899999856948853,0.019999999552965164,0.10973345824050044,-0.039917360884764684,-0.005599317089388006,0.7263064427286609,1.2569988023697445,-0.000509786223350097,1.2575085885930946
772,15.44,idle,locomotion,0,1.3899999856948853,0.019999999552965164,0.10973345824050044,-0.039917493081324376,-0.0056052640150835165,0.7263068311427077,1.2569987743682502,-0.0005098297518504949,1.2575086041201007
773,15.46,idle,locomotion,0,1.3899999856948853,0.019999999552965164,0.10973345824050044,-0.03991762531830894,-0.0056112082591700035,0.7263072178823259,1.2569987447384323,-0.0005098733967874129,1.2575086181352197
774,15.48,idle,locomotion,0,1.3899999856948853,0.019999999552965164,0.10973345824050044,-0.03991775792357971,-0.005617149744086469,0.7263076044269523,1.2569987147759465,-0.0005099170488923298,1.2575086318248387
775,15.5,idle,locomotion,0,1.3899999856948853,0.019999999552965164,0.10973345824050044,-0.039917890625206204,-0.005623089506687311,0.7263079913426562,1.2569986851373893,-0.0005099606467993852,1.2575086457841886
776,15.52,idle,locomotion,0,1.3899999856948853,0.019999999552965164,0.10973345824050044,-0.03991802286191998,-0.005629028065784239,0.7263083776879903,1.2569986550488448,-0.0005100041772219954,1.2575086592260667
777,15.54,idle,locomotion,0,1.3899999856948853,0.019999999552965164,0.10973345824050044,-0.03991815436325613,-0.005634965117342585,0.7263087640869363,1.2569986251036411,-0.000510047804428513,1.2575086729080696
778,15.56,idle,locomotion,0,1.3899999856948853,0.019999999552965164,0.10973345824050044,-0.039918285797301924,-0.005640900663900852,0.7263091496202025,1.2569985943574777,-0.0005100914809138234,1.2575086858383915
779,15.58,idle,locomotion,0,1.3899999856948853,0.019999999552965164,0.10973345824050044,-0.039918416781816825,-0.0056468346388998,0.7263095342594157,1.2569985627311837,-0.0005101352007811887,1.257508697931965
780,15.6,idle,locomotion,0,1.3899999856948853,0.019999999552965164,0.10973345824050044,-0.03991854723138135,-0.0056527673494543166,0.7263099176598137,1.2569985300114728,-0.0005101789018207431,1.2575087089132935
781,15.62,idle,locomotion,0,1.3899999856948853,0.019999999552965164,0.10973345824050044,-0.03991867776983973,-0.005658697230766199,0.7263102994112002,1.2569984956996343,-0.0005102226644691996,1.2575087183641034
782,15.64,idle,locomotion,0,1.3899999856948853,0.019999999552965164,0.10973345824050044,-0.039918809017179806,-0.00566462436061295,0.7263106789765453,1.2569984591644388,-0.0005102663590760732,1.257508725523515
783,15.66,idle,locomotion,0,1.3899999856948853,0.019999999552965164,0.10973345824050044,-0.039918940393051994,-0.005670550031908078,0.7263110573510718,1.2569984214513656,-0.0005103100603012049,1.2575087315116669
784,15.68,idle,locomotion,0,1.3899999856948853,0.019999999552965164,0.10973345824050044,-0.03991907125735182,-0.005676474662042856,0.7263114358214315,1.256998383953946,-0.0005103538409236066,1.2575087377948697
785,15.7,idle,locomotion,0,1.3899999856948853,0.019999999552965164,0.10973345824050044,-0.03991920260540839,-0.005682396451414776,0.7263118134295474,1.2569983455851381,-0.0005103977220471644,1.2575087433071852
786,15.72,idle,locomotion,0,1.3899999856948853,0.019999999552965164,0.10973345824050044,-0.03991933479026896,-0.005688314724783265,0.7263121897661337,1.2569983058210012,-0.0005104415160698608,1.2575087473370712
787,15.74,idle,locomotion,0,1.3899999856948853,0.019999999552965164,0.10973345824050044,-0.03991946817168298,-0.005694229199785001,0.7263125650047533,1.256998264839797,-0.0005104865947561064,1.257508751434553
788,15.76,idle,locomotion,0,1.3899999856948853,0.019999999552965164,0.10973345824050044,-0.03991960156683918,-0.005700142187498804,0.7263129394483725,1.2569982231251484,-0.0005105321449920437,1.2575087552701405
789,15.78,idle,locomotion,0,1.3899999856948853,0.019999999552965164,0.10973345824050044,-0.03991973520985556,-0.005706052825813468,0.7263133135833519,1.2569981811478819,-0.0005105779164070214,1.2575087590642888
790,15.8,idle,locomotion,0,1.3899999856948853,0.019999999552965164,0.10973345824050044,-0.039919869806687866,-0.005711960116638053,0.7263136874047069,1.2569981387157947,-0.0005106236505075697,1.2575087623663022
791,15.82,idle,locomotion,0,1.3899999856948853,0.019999999552965164,0.10973345824050044,-0.039920004621343985,-0.005717864413257959,0.7263140615350667,1.2569980965219854,-0.0005106693926944204,1.2575087659146797
792,15.84,idle,locomotion,0,1.3899999856948853,0.019999999552965164,0.10973345824050044,-0.03992013878420422,-0.0057237677836738405,0.7263144339184622,1.2569980528393345,-0.0005107149814465237,1.257508767820781
793,15.86,idle,locomotion,0,1.3899999856948853,0.019999999552965164,0.10973345824050044,-0.03992027266892475,-0.0057296695139625806,0.7263148050299526,1.2569980079243985,-0.0005107608603404715,1.257508768784739
794,15.88,idle,locomotion,0,1.3899999856948853,0.019999999552965164,0.10973345824050044,-0.03992040725392258,-0.005735567340531333,0.7263151750442861,1.256997961883134,-0.0005108066997072391,1.2575087685828412
795,15.9,idle,locomotion,0,1.3899999856948853,0.019999999552965164,0.10973345824050044,-0.03992054194488139,-0.00574146164658233,0.7263155450378425,1.25699791579075,-0.0005108524606720066,1.257508768251422
796,15.92,idle,locomotion,0,1.3899999856948853,0.019999999552965164,0.10973345824050044,-0.03992067696714776,-0.005747353203314712,0.7263159145813008,1.256997869324643,-0.0005108981719035947,1.2575087674965466
797,15.94,idle,locomotion,0,1.3899999856948853,0.019999999552965164,0.10973345824050044,-0.039920813012382476,-0.005753241529987837,0.726316282832271,1.2569978214675457,-0.0005109439382338203,1.2575087654057795
798,15.96,idle,locomotion,0,1.3899999856948853,0.019999999552965164,0.10973345824050044,-0.03992094904979258,-0.005759127384104176,0.7263166514822365,1.2569977740165432,-0.0005109896495665463,1.2575087636661098
799,15.98,idle,locomotion,0,1.3899999856948853,0.019999999552965164,0.10973345824050044,-0.03992108410927631,-0.005765011398210879,0.7263170198540737,1.2569977266103736,-0.0005110353815701747,1.2575087619919438
800,16.0,idle,locomotion,0,1.3899999856948853,0.019999999552965164,0.10973345824050044,-0.039921219073785784,-0.005770891419752724,0.7263173856803374,1.256997676853575,-0.0005110813116728369,1.257508758165248
801,16.02,idle,locomotion,0,1.3899999856948853,0.019999999552965164,0.10973345824050044,-0.03992135469591054,-0.0057767689187916286,0.7263177497716573,1.2569976252802986,-0.0005111272806257068,1.2575087525609243
802,16.04,idle,locomotion,0,1.3899999856948853,0.019999999552965164,0.10973345824050044,-0.03992149106094954,-0.005782644294561608,0.7263181140013855,1.2569975737783845,-0.0005111732686472747,1.2575087470470319
803,16.06,idle,locomotion,0,1.3899999856948853,0.019999999552965164,0.10973345824050044,-0.03992162770654148,-0.005788517535282742,0.7263184769573571,1.2569975211267588,-0.000511219198639095,1.257508740325398
804,16.08,idle,locomotion,0,1.3899999856948853,0.019999999552965164,0.10973345824050044,-0.039921764401945566,-0.005794388657598799,0.7263188393856322,1.2569974679801432,-0.0005112651509692999,1.2575087331311126
805,16.1,idle,locomotion,0,1.3899999856948853,0.019999999552965164,0.10973345824050044,-0.03992190145282239,-0.005800257105444706,0.7263192005922101,1.256997413737355,-0.0005113111433678146,1.2575087248807229
806,16.12,idle,locomotion,0,1.3899999856948853,0.019999999552965164,0.10973345824050044,-0.03992203932588554,-0.00580612197816452,0.7263195602630033,1.2569973579344338,-0.0005113571678370676,1.2575087151022708
807,16.14,idle,locomotion,0,1.3899999856948853,0.019999999552965164,0.10973345824050044,-0.039922177972284,-0.005811982791050574,0.7263199187209918,1.2569973009157807,-0.00051140317365507,1.2575087040894357
808,16.16,idle,locomotion,0,1.3899999856948853,0.019999999552965164,0.10973345824050044,-0.039922317498048865,-0.005817840280719447,0.7263202770727155,1.2569972436824701,-0.0005114491878752438,1.2575086928703454
809,16.18,idle,locomotion,0,1.3899999856948853,0.019999999552965164,0.10973345824050044,-0.03992245779571286,-0.005823695828773463,0.7263206361020398,1.2569971870376957,-0.0005114951159425306,1.2575086821536383
810,16.2,idle,locomotion,0,1.3899999856948853,0.019999999552965164,0.10973345824050044,-0.03992259826249863,-0.005829549127834531,0.7263209946938406,1.2569971300517333,-0.0005115409760844854,1.2575086710278178
811,16.22,idle,locomotion,0,1.3899999856948853,0.019999999552965164,0.10973345824050044,-0.03992273921298194,-0.005835399203348919,0.7263213527128478,1.256997072503421,-0.000511586903229496,1.2575086594066505
812,16.24,idle,locomotion,0,1.3899999856948853,0.019999999552965164,0.10973345824050044,-0.039922880729774214,-0.005841245649245742,0.7263217109199559,1.2569970150959646,-0.0005116328474605199,1.2575086479434252
813,16.26,idle,locomotion,0,1.3899999856948853,0.019999999552965164,0.10973345824050044,-0.03992302278676184,-0.005847088192772601,0.726322069300441,1.2569969578023712,-0.0005116787701683265,1.2575086365725394
814,16.28,idle,locomotion,0,1.3899999856948853,0.019999999552965164,0.10973345824050044,-0.0399231656419665,-0.005852925966666192,0.7263224264863004,1.25699689928042,-0.0005117247148979827,1.257508623995318
815,16.3,idle,locomotion,0,1.3899999856948853,0.019999999552965164,0.10973345824050044,-0.03992330850055129,-0.005858761764610299,0.7263227830707323,1.2569968402090876,-0.0005117705767138554,1.2575086107858016
816,16.32,idle,locomotion,0,1.3899999856948853,0.019999999552965164,0.10973345824050044,-0.03992345110859136,-0.0058645956257087125,0.7263231384125111,1.2569967801089263,-0.000511816681545707,1.257508596790472
817,16.34,idle,locomotion,0,1.3899999856948853,0.019999999552965164,0.10973345824050044,-0.03992359339023986,-0.005870427725411112,0.7263234926220709,1.25699671896807,-0.000511862819292927,1.2575085817873628
818,16.36,idle,locomotion,0,1.3899999856948853,0.019999999552965164,0.10973345824050044,-0.03992373596546606,-0.005876258480567691,0.7263238464277654,1.256996657446206,-0.0005119090299753742,1.2575085664761814
819,16.38,idle,locomotion,0,1.3899999856948853,0.019999999552965164,0.10973345824050044,-0.03992387958584734,-0.005882086836772357,0.7263242004495034,1.2569965959961042,-0.0005119551829517906,1.257508551179056
820,16.4,idle,locomotion,0,1.3899999856948853,0.019999999552965164,0.10973345824050044,-0.03992402381376609,-0.005887912474831251,0.7263245538154232,1.2569965339014357,-0.0005120012618054191,1.2575085351632411
821,16.42,idle,locomotion,0,1.3899999856948853,0.019999999552965164,0.10973345824050044,-0.039924167965042404,-0.005893735198459371,0.7263249057718459,1.256996470498629,-0.0005120473264340689,1.2575085178250631
822,16.44,idle,locomotion,0,1.3899999856948853,0.019999999552965164,0.10973345824050044,-0.03992431219166059,-0.005899555431227908,0.726325257778948,1.2569964071391166,-0.0005120934701868946,1.2575085006093036
823,16.46,idle,locomotion,0,1.3899999856948853,0.019999999552965164,0.10973345824050044,-0.03992445702246838,-0.005905371793507364,0.7263256098538687,1.2569963438301681,-0.0005121396729928437,1.257508483503161
824,16.48,idle,locomotion,0,1.3899999856948853,0.019999999552965164,0.10973345824050044,-0.039924601995586194,-0.0059111852835160095,0.7263259609477446,1.2569962795808627,-0.000512185791365815,1.2575084653722286
825,16.5,idle,locomotion,0,1.3899999856948853,0.019999999552965164,0.10973345824050044,-0.03992474689139658,-0.005916996552861909,0.7263263108722622,1.2569962142677644,-0.0005122320006479032,1.2575084462684123
826,16.52,idle,locomotion,0,1.3899999856948853,0.019999999552965164,0.10973345824050044,-0.039924891882396674,-0.005922805700186797,0.7263266599238497,1.256996148160282,-0.0005122782453803945,1.2575084264056624
827,16.54,idle,locomotion,0,1.3899999856948853,0.019999999552965164,0.10973345824050044,-0.039925036953284296,-0.00592861306045407,0.726327008663059,1.256996081777955,-0.0005123245483814355,1.2575084063263364
828,16.56,idle,locomotion,0,1.3899999856948853,0.019999999552965164,0.10973345824050044,-0.03992518217089031,-0.005934417143505786,0.726327357951855,1.2569960159359475,-0.000512370841253218,1.2575083867772006
829,16.58,idle,locomotion,0,1.3899999856948853,0.019999999552965164,0.10973345824050044,-0.03992532765911981,-0.005940217933059063,0.7263277061553463,1.2569959490837583,-0.0005124170301752419,1.2575083661139337
830,16.6,idle,locomotion,0,1.3899999856948853,0.019999999552965164,0.10973345824050044,-0.039925474042062974,-0.005946016142259172,0.72632805227595,1.2569958801012062,-0.0005124632387834838,1.2575083433399896
831,16.62,idle,locomotion,0,1.3899999856948853,0.019999999552965164,0.10973345824050044,-0.03992562113193639,-0.005951811627508939,0.7263283966487872,1.2569958093957554,-0.0005125094823773685,1.2575083188781329
832,16.64,idle,locomotion,0,1.3899999856948853,0.019999999552965164,0.10973345824050044,-0.039925768093312906,-0.005957605512626297,0.7263287408399431,1.256995738612631,-0.0005125557832798486,1.2575082943959108
833,16.66,idle,locomotion,0,1.3899999856948853,0.019999999552965164,0.10973345824050044,-0.039925915108515904,-0.005963396271960576,0.7263290856109074,1.2569956685251154,-0.0005126022147837958,1.2575082707398992
834,16.68,idle,locomotion,0,1.3899999856948853,0.019999999552965164,0.10973345824050044,-0.03992606260839779,-0.005969182626952354,0.7263294297576203,1.2569955978676939,-0.0005126485239868098,1.2575082463916807
835,16.7,idle,locomotion,0,1.3899999856948853,0.019999999552965164,0.10973345824050044,-0.039926210379233176,-0.005974966932319958,0.726329773776607,1.256995527077959,-0.0005126948303806403,1.2575082219083396
836,16.72,idle,locomotion,0,1.3899999856948853,0.019999999552965164,0.10973345824050044,-0.03992635866996011,-0.00598074877560348,0.7263301173411089,1.2569954559194783,-0.0005127412065074437,1.2575081971259856
837,16.74,idle,locomotion,0,1.3899999856948853,0.019999999552965164,0.10973345824050044,-0.039926507859875456,-0.005986526673420843,0.7263304597684832,1.25699538361043,-0.0005127875436672924,1.2575081711540972
838,16.76,idle,locomotion,0,1.3899999856948853,0.019999999552965164,0.10973345824050044,-0.0399266576304182,-0.005992301588194612,0.7263308020715156,1.2569953111743235,-0.0005128338683112396,1.2575081450426346
839,16.78,idle,locomotion,0,1.3899999856948853,0.019999999552965164,0.10973345824050044,-0.03992680798132816,-0.005998073647829286,0.7263311439712111,1.2569952384030851,-0.0005128803024319895,1.257508118705517
840,16.8,idle,locomotion,0,1.3899999856948853,0.019999999552965164,0.10973345824050044,-0.03992695863587681,-0.006003843536509745,0.7263314839094469,1.256995163805944,-0.0005129267017701562,1.257508090507714
841,16.82,idle,locomotion,0,1.3899999856948853,0.019999999552965164,0.10973345824050044,-0.03992710972463382,-0.006009610870314912,0.726331823509558,1.2569950888370256,-0.0005129732449401028,1.2575080620819656
842,16.84,idle,locomotion,0,1.3899999856948853,0.019999999552965164,0.10973345824050044,-0.03992726159708676,-0.006015375968093032,0.7263321634460843,1.2569950141492563,-0.000513019739439572,1.257508033888696
843,16.86,idle,locomotion,0,1.3899999856948853,0.019999999552965164,0.10973345824050044,-0.03992741393598346,-0.006021138751834612,0.7263325040156847,1.2569949400341205,-0.0005130662477695717,1.25750800628189
844,16.88,idle,locomotion,0,1.3899999856948853,0.019999999552965164,0.10973345824050044,-0.0399275664057766,-0.006026898689831235,0.7263328443692153,1.2569948657741215,-0.0005131126882630399,1.2575079784623844
845,16.9,idle,locomotion,0,1.3899999856948853,0.019999999552965164,0.10973345824050044,-0.03992771882116147,-0.006032656664868976,0.7263331839796888,1.2569947908416015,-0.0005131591377903651,1.2575079499793917
846,16.92,idle,locomotion,0,1.3899999856948853,0.019999999552965164,0.10973345824050044,-0.03992787128288819,-0.006038411429567122,0.7263335226095199,1.2569947149982277,-0.0005132057752155993,1.2575079207734432
847,16.94,idle,locomotion,0,1.3899999856948853,0.019999999552965164,0.10973345824050044,-0.03992802442375562,-0.006044161298999533,0.7263338601647498,1.256994638045279,-0.0005132523618302312,1.2575078904071093
848,16.96,idle,locomotion,0,1.3899999856948853,0.019999999552965164,0.10973345824050044,-0.03992817807894506,-0.006049907579997366,0.7263341971364461,1.2569945605253163,-0.0005132988213472842,1.2575078593466635
849,16.98,idle,locomotion,0,1.3899999856948853,0.019999999552965164,0.10973345824050044,-0.03992833200844426,-0.006055652290804117,0.7263345333957536,1.2569944824402703,-0.000513345250818819,1.2575078276910892
850,17.0,idle,locomotion,0,1.3899999856948853,0.019999999552965164,0.10973345824050044,-0.03992848649590435,-0.006061394440781568,0.726334869227658,1.2569944039860013,-0.0005133918479258773,1.2575077958339271
851,17.02,idle,locomotion,0,1.3899999856948853,0.019999999552965164,0.10973345824050044,-0.039928641866285024,-0.006067132513541664,0.7263352045714283,1.256994324978075,-0.0005134385241607996,1.2575077635022358
852,17.04,idle,locomotion,0,1.3899999856948853,0.019999999552965164,0.10973345824050044,-0.03992879792077357,-0.006072868191903645,0.7263355399906986,1.2569942459308232,-0.0005134851847491996,1.2575077311155725
853,17.06,idle,locomotion,0,1.3899999856948853,0.019999999552965164,0.10973345824050044,-0.03992895417781137,-0.006078601429314522,0.7263358760571783,1.256994167560627,-0.000513531859376002,1.2575076994200032
854,17.08,idle,locomotion,0,1.3899999856948853,0.019999999552965164,0.10973345824050044,-0.039929110631714934,-0.006084332308812057,0.726336211455709,1.2569940886385162,-0.0005135784306991888,1.2575076670692154
855,17.1,idle,locomotion,0,1.3899999856948853,0.019999999552965164,0.10973345824050044,-0.03992926733021829,-0.006090060915232493,0.7263365460834075,1.2569940090055474,-0.0005136251114468172,1.2575076341169942
856,17.12,idle,locomotion,0,1.3899999856948853,0.019999999552965164,0.10973345824050044,-0.03992942461197471,-0.0060957865958181125,0.7263368805638336,1.2569939292186463,-0.0005136719045431525,1.2575076011231894
857,17.14,idle,locomotion,0,1.3899999856948853,0.019999999552965164,0.10973345824050044,-0.039929582134940314,-0.006101508858156748,0.7263372151949752,1.2569938496176685,-0.0005137186436593166,1.2575075682613277
858,17.16,idle,locomotion,0,1.3899999856948853,0.019999999552965164,0.10973345824050044,-0.03992973992631477,-0.006107226621429534,0.7263375488554927,1.2569937691931143,-0.0005137653585311139,1.2575075345516455
859,17.18,idle,locomotion,0,1.3899999856948853,0.019999999552965164,0.10973345824050044,-0.03992989802248421,-0.006112940793922395,0.7263378801486791,1.2569936865912197,-0.000513811980958085,1.2575074985721777
860,17.2,idle,locomotion,0,1.3899999856948853,0.019999999552965164,0.10973345824050044,-0.039930056647873,-0.006118651233494662,0.7263382107041823,1.256993603316682,-0.0005138587267603488,1.2575074620434423
861,17.22,idle,locomotion,0,1.3899999856948853,0.019999999552965164,0.10973345824050044,-0.0399302161870619,-0.006124358544337407,0.7263385418836498,1.2569935206807894,-0.0005139056011800903,1.2575074262819694
862,17.24,idle,locomotion,0,1.3899999856948853,0.019999999552965164,0.10973345824050044,-0.03993037650152988,-0.006130064598359561,0.7263388728623199,1.2569934379217438,-0.0005139536975663599,1.2575073916193102
863,17.26,idle,locomotion,0,1.3899999856948853,0.019999999552965164,0.10973345824050044,-0.039930537134920265,-0.006135771187010775,0.726339202129229,1.256993353657774,-0.0005140029177272201,1.2575073565755013
864,17.28,idle,locomotion,0,1.3899999856948853,0.019999999552965164,0.10973345824050044,-0.03993069827163491,-0.006141476806688304,0.7263395300521965,1.2569932681621692,-0.0005140529139921607,1.2575073210761614
865,17.3,idle,locomotion,0,1.3899999856948853,0.019999999552965164,0.10973345824050044,-0.039930860532458555,-0.0061471800788110795,0.7263398584757205,1.2569931830957917,-0.0005141031888377355,1.2575072862846295
866,17.32,idle,locomotion,0,1.3899999856948853,0.019999999552965164,0.10973345824050044,-0.0399310246310366,-0.006152881434915828,0.7263401864733178,1.256993097555717,-0.0005141534817298746,1.257507251037447
867,17.34,idle,locomotion,0,1.3899999856948853,0.019999999552965164,0.10973345824050044,-0.03993119004398968,-0.006158582329564718,0.7263405150744697,1.2569930125926247,-0.0005142037540309084,1.2575072163466556
868,17.36,idle,locomotion,0,1.3899999856948853,0.019999999552965164,0.10973345824050044,-0.03993135613078959,-0.006164283796974122,0.7263408434438441,1.2569929276652472,-0.0005142541246594586,1.2575071817899066
869,17.38,idle,locomotion,0,1.3899999856948853,0.019999999552965164,0.10973345824050044,-0.03993152420203957,-0.006169983268670471,0.7263411704108195,1.2569928413381228,-0.0005143046771425575,1.2575071460152654
870,17.4,idle,locomotion,0,1.3899999856948853,0.019999999552965164,0.10973345824050044,-0.03993169433349353,-0.006175681723305265,0.7263414966270114,1.2569927542341413,-0.0005143550984017323,1.257507109332543
871,17.42,idle,locomotion,0,1.3899999856948853,0.019999999552965164,0.10973345824050044,-0.03993186593521994,-0.006181380795917457,0.7263418233090884,1.2569926677077783,-0.0005144055776184764,1.2575070732853968
872,17.44,idle,locomotion,0,1.3899999856948853,0.019999999552965164,0.10973345824050044,-0.03993203957257341,-0.006187080025217138,0.7263421496018638,1.256992580900685,-0.0005144561133468735,1.2575070370140318
873,17.46,idle,locomotion,0,1.3899999856948853,0.019999999552965164,0.10973345824050044,-0.039932216087492554,-0.00619277630800881,0.7263424747462373,1.2569924929067526,-0.000514506676467387,1.25750699958322
874,17.48,idle,locomotion,0,1.3899999856948853,0.019999999552965164,0.10973345824050044,-0.039932395317145444,-0.006198471055795272,0.7263427984262131,1.2569924034757098,-0.0005145570981917903,1.2575069605739015
875,17.5,idle,locomotion,0,1.3899999856948853,0.019999999552965164,0.10973345824050044,-0.03993257671169751,-0.006204166030105704,0.7263431217042116,1.2569923137404733,-0.0005146075592102617,1.2575069212996834
876,17.52,idle,locomotion,0,1.3899999856948853,0.019999999552965164,0.10973345824050044,-0.039932760958361325,-0.006209858034023775,0.7263434450186759,1.2569922240429074,-0.0005146581421146337,1.2575068821850222
877,17.54,idle,locomotion,0,1.3899999856948853,0.019999999552965164,0.10973345824050044,-0.03993294803407016,-0.006215548577067063,0.7263437677880316,1.2569921337616887,-0.000514708645282691,1.2575068424069715
878,17.56,idle,locomotion,0,1.3899999856948853,0.019999999552965164,0.10973345824050044,-0.03993313734089963,-0.00622123834668293,0.7263440898018443,1.2569920428589905,-0.0005147591777007327,1.2575068020366913
879,17.58,idle,locomotion,0,1.3899999856948853,0.019999999552965164,0.10973345824050044,-0.039933329209363,-0.006226926320770675,0.7263444109175987,1.256991951204047,-0.000514809746973606,1.2575067609510207
880,17.6,idle,locomotion,0,1.3899999856948853,0.019999999552965164,0.10973345824050044,-0.039933523916829736,-0.006232612299922729,0.7263447314598344,1.2569918590625062,-0.0005148604010343193,1.2575067194635405
881,17.62,hold,kick,2,1.3899999856948853,0.019999999552965164,0.10973345824050044,-0.03957057070289027,-0.005750528621310338,0.7364935799405126,1.2668624592229922,-0.0013216508685255472,1.2681841100915179
882,17.64,hold,kick,3,1.3899999856948853,0.019999999552965164,0.10973345824050044,-0.03804294114972453,-0.00029323618043578935,0.7567394817927843,1.2871196541471408,-0.0012226676145329664,1.2883423217616738
883,17.66,hold,kick,4,1.3899999856948853,0.019999999552965164,0.10973345824050044,-0.03341748633231976,0.007088167823981086,0.777481531370985,1.3076258392548508,-0.0011634172579286436,1.3087892565127794
884,17.68,hold,kick,5,1.3899999856948853,0.019999999552965164,0.10973345824050044,-0.02998895676653577,0.012570287041375658,0.7953940429901033,1.3238201741266777,-0.0020142914147313826,1.3258344655414092
885,17.7,hold,kick,6,1.3899999856948853,0.019999999552965164,0.10973345824050044,-0.02925838792311782,0.017013762459132012,0.8102823953715741,1.3350643072911916,-0.002602824134450135,1.3376671314256419
886,17.72,hold,kick,7,1.3899999856948853,0.019999999552965164,0.10973345824050044,-0.030275826973438218,0.020232482034498234,0.8220588152502806,1.3421732733485692,-0.0027665836350543524,1.3449398569836235
887,17.74,hold,kick,8,1.3899999856948853,0.019999999552965164,0.10973345824050044,-0.03196617460219849,0.02188600057018478,0.8307051906662907,1.345981246441664,-0.0029845698753335898,1.3489658163169977
888,17.76,hold,kick,9,1.3899999856948853,0.019999999552965164,0.10973345824050044,-0.03427475897152381,0.02118285456319197,0.8362564730871682,1.3475943889534376,-0.0032335166615573216,1.350827905614995
889,17.78,hold,kick,10,1.3899999856948853,0.019999999552965164,0.10973345824050044,-0.03701406109203004,0.01726074605969963,0.8384607737724277,1.3480252158002397,-0.0036010749863889524,1.3516262907866285
890,17.8,hold,kick,11,1.3899999856948853,0.019999999552965164,0.10973345824050044,-0.03966374672301101,0.011118415744538668,0.8377362480764954,1.3471224875251484,-0.003781900641496333,1.3509043881666447
891,17.82,hold,kick,12,1.3899999856948853,0.019999999552965164,0.10973345824050044,-0.041849567467119646,0.004753917975342422,0.8349450125747454,1.344115276920613,-0.003911269909767076,1.34802654683038
892,17.84,hold,kick,13,1.3899999856948853,0.019999999552965164,0.10973345824050044,-0.04488006092252027,-0.0009244587222293908,0.8311347571415002,1.3397004895826743,-0.00381124735176689,1.3435117369344411
893,17.86,hold,kick,14,1.3899999856948853,0.019999999552965164,0.10973345824050044,-0.05084177406882605,-0.005954772890622711,0.8255769394443239,1.3341039931983423,-0.0036610031242405514,1.3377649963225828
894,17.88,hold,kick,15,1.3899999856948853,0.019999999552965164,0.10973345824050044,-0.05786451267831359,-0.011893088747254848,0.8171011663177752,1.3267887652337254,-0.0036669215285505194,1.3304556867622759
895,17.9,hold,kick,16,1.3899999856948853,0.019999999552965164,0.10973345824050044,-0.0642673260595459,-0.018903579540852193,0.8056633631629417,1.3165694854098413,7.56434321245239e-05,1.3164938419777168
896,17.92,hold,kick,17,1.3899999856948853,0.019999999552965164,0.10973345824050044,-0.06910028245768202,-0.02588887630017123,0.7916773675534818,1.3025489363578702,0.007495168629275923,1.2950537677285943
897,17.94,hold,kick,18,1.3899999856948853,0.019999999552965164,0.10973345824050044,-0.0766919245324263,-0.03373641648999919,0.7782788665343342,1.2895744671344582,-0.008133762489422557,1.2977082296238809
898,17.96,hold,kick,19,1.3899999856948853,0.019999999552965164,0.10973345824050044,-0.0892590488312353,-0.04406287443738143,0.7713960934096836,1.2849043894911731,-0.003972661489510875,1.288877050980684
899,17.98,hold,kick,20,1.3899999856948853,0.019999999552965164,0.10973345824050044,-0.10201198025271625,-0.0561754772264751,0.7655902226553131,1.282204090589799,-0.004165267747772705,1.2863693583375717
900,18.0,hold,kick,21,1.3899999856948853,0.019999999552965164,0.10973345824050044,-0.1107964990687993,-0.06834411120300214,0.7612707820465765,1.2809120952529809,-0.00370227935553279,1.2846143746085137
901,18.02,hold,kick,22,1.3899999856948853,0.019999999552965164,0.10973345824050044,-0.11588502849543732,-0.0801632575916139,0.7589260170734132,1.2816541145398237,-0.0013740831646746783,1.2830281977044984
902,18.04,hold,kick,23,1.3899999856948853,0.019999999552965164,0.10973345824050044,-0.12000491613728781,-0.09026411040888384,0.756839615598868,1.2814952502220394,-0.0012575209353862561,1.2827527711574256
903,18.06,hold,kick,24,1.3899999856948853,0.019999999552965164,0.10973345824050044,-0.12315806200221245,-0.09763393517484553,0.7550182226120824,1.2803505803145525,-0.001620778342613087,1.2819713586571655
904,18.08,hold,kick,25,1.3899999856948853,0.019999999552965164,0.10973345824050044,-0.12604698305843098,-0.10147476100297731,0.7529005075659673,1.277396622707672,-0.0022921972157321363,1.2796888199234042
905,18.1,hold,kick,26,1.3899999856948853,0.019999999552965164,0.10973345824050044,-0.12869019115578054,-0.10220344310972347,0.7489593275592495,1.2704981105862034,-0.0030098456702129864,1.2735079562564164
906,18.12,hold,kick,27,1.3899999856948853,0.019999999552965164,0.10973345824050044,-0.13079677634876816,-0.10066080381215431,0.740041251787162,1.2557738008044628,-0.00115059869634479,1.2569243995008075
907,18.14,hold,kick,28,1.3899999856948853,0.019999999552965164,0.10973345824050044,-0.13220974858588236,-0.09856753644142352,0.7217935630737488,1.229636625713125,-0.0009132175883627899,1.2305498433014879
908,18.16,hold,kick,29,1.3899999856948853,0.019999999552965164,0.10973345824050044,-0.1317519705455151,-0.09623887673027935,0.690970003181044,1.1903638558010434,-0.0033237680247135,1.193687623825757
909,18.18,hold,kick,30,1.3899999856948853,0.019999999552965164,0.10973345824050044,-0.12677856659175768,-0.09319830459082107,0.651005672561532,1.1425079014037538,-0.0055243326362968,1.1480322340400506
910,18.2,hold,kick,31,1.3899999856948853,0.019999999552965164,0.10973345824050044,-0.1145320397208529,-0.09609296866949904,0.609671988852237,1.1042698911396547,-0.005422016792135012,1.1096919079317897
911,18.22,hold,kick,32,1.3899999856948853,0.019999999552965164,0.10973345824050044,-0.09951236620505566,-0.10411518213609379,0.574241303657156,1.077132362837148,-0.0050591916783702395,1.0821915545155183
912,18.24,hold,kick,33,1.3899999856948853,0.019999999552965164,0.10973345824050044,-0.08603545194868738,-0.11476848513094697,0.5464374531786476,1.0561809383403757,-0.004610010752262861,1.0607909490926386
913,18.26,hold,kick,34,1.3899999856948853,0.019999999552965164,0.10973345824050044,-0.07700869568845228,-0.12766332104274222,0.5245575381105313,1.0391713632601078,-0.00336846832170222,1.04253983158181
914,18.28,hold,kick,35,1.3899999856948853,0.019999999552965164,0.10973345824050044,-0.07226999109398032,-0.143050824644428,0.5050866316631359,1.0231964119078152,-0.0010797817124783837,1.0242761936202935
915,18.3,hold,kick,36,1.3899999856948853,0.019999999552965164,0.10973345824050044,-0.06858480118486114,-0.15826408309928233,0.4854202094705565,1.0057881214448512,-0.0008664725166589587,1.0066545939615101
916,18.32,hold,kick,37,1.3899999856948853,0.019999999552965164,0.10973345824050044,-0.060374416986088565,-0.16947779496690266,0.4678333364819241,0.9889742856886956,-0.0010366569879151494,0.9900109426766107
917,18.34,hold,kick,38,1.3899999856948853,0.019999999552965164,0.10973345824050044,-0.04265940739834155,-0.1710117554549021,0.4530610032564943,0.9706672708233279,-0.007092732849445983,0.9777600036727739
918,18.36,hold,kick,39,1.3899999856948853,0.019999999552965164,0.10973345824050044,-0.022835928925187477,-0.1749157810985784,0.44071505373873043,0.9502864513059429,-0.0096926506344902,0.9599791019404331
919,18.38,hold,kick,40,1.3899999856948853,0.019999999552965164,0.10973345824050044,-0.007846426286417808,-0.18327054545039742,0.43328428143433584,0.9333993466537964,-0.0013376059860151501,0.9347369526398116
920,18.4,hold,kick,41,1.3899999856948853,0.019999999552965164,0.10973345824050044,0.012454278137464766,-0.17829084224785946,0.4294816542668308,0.9153017448364552,-0.013692964534387002,0.9289947093708422
921,18.42,hold,kick,42,1.3899999856948853,0.019999999552965164,0.10973345824050044,0.03542700912503296,-0.1738415743620276,0.43392845966718085,0.9004152104406389,-0.01027696087464456,0.9106921713152835
922,18.44,hold,kick,43,1.3899999856948853,0.019999999552965164,0.10973345824050044,0.05614941271357641,-0.170133169997079,0.43490269193875336,0.8833559421285474,-0.0014477561178943416,0.8848036982464418
923,18.46,hold,kick,44,1.3899999856948853,0.019999999552965164,0.10973345824050044,0.07290295597451216,-0.1573934162743332,0.4276349155348902,0.8592938773673058,-0.0018746266545288937,0.8611685040218346
924,18.48,hold,kick,45,1.3899999856948853,0.019999999552965164,0.10973345824050044,0.09143715789244079,-0.13966879809922797,0.4155679755649583,0.8287409226540545,-0.001890629643454364,0.8306315522975088
925,18.5,hold,kick,46,1.3899999856948853,0.019999999552965164,0.10973345824050044,0.10986977521714207,-0.1284969987631167,0.3999814832399106,0.7961994712061842,0.023729482879461222,0.772469988326723
926,18.52,hold,kick,47,1.3899999856948853,0.019999999552965164,0.10973345824050044,0.11979560905419685,-0.11473719885456024,0.3726311471502873,0.7678772168355423,0.03364827719588188,0.7342289396396604
927,18.54,hold,kick,48,1.3899999856948853,0.019999999552965164,0.10973345824050044,0.1344443509053852,-0.1041254530546118,0.3463671677424392,0.7339366611733764,0.0465029581418937,0.6874337030314828
928,18.56,hold,kick,49,1.3899999856948853,0.019999999552965164,0.10973345824050044,0.139749515106133,-0.09588314535562331,0.3122919924562331,0.707904866084158,0.056622308674781886,0.6512825574093761
929,18.58,hold,kick,50,1.3899999856948853,0.019999999552965164,0.10973345824050044,0.15004174276981164,-0.08995485016414104,0.2792415488422195,0.6777201529447774,0.02747904185320938,0.650241111091568
930,18.6,hold,kick,51,1.3899999856948853,0.019999999552965164,0.10973345824050044,0.16127871108131153,-0.09202998466809864,0.25117307984855686,0.6476399718027162,-0.021066182303057623,0.6687061541057737
931,18.62,hold,kick,52,1.3899999856948853,0.019999999552965164,0.10973345824050044,0.17050524751303914,-0.08241062805546898,0.24112599855367314,0.6148705701315302,-0.024692721080663046,0.6395632912121932
932,18.64,hold,kick,53,1.3899999856948853,0.019999999552965164,0.10973345824050044,0.18026577664287902,-0.07501419356997334,0.24145807907965455,0.5724065214936266,-0.012896601580337931,0.5853031230739645
933,18.66,hold,kick,54,1.3899999856948853,0.019999999552965164,0.10973345824050044,0.17729064424593935,-0.07041435006964367,0.2400286740656609,0.540322927181551,-0.006168451509322777,0.5464913786908737
934,18.68,hold,kick,55,1.3899999856948853,0.019999999552965164,0.10973345824050044,0.16923504699307693,-0.06369575057576463,0.2296830111237757,0.5188863752547243,-0.0037367262938730467,0.5226231015485973
935,18.7,hold,kick,56,1.3899999856948853,0.019999999552965164,0.10973345824050044,0.16232646970096082,-0.06152772698729743,0.21564171993501863,0.5003370716745567,5.097657357176766e-05,0.5002860951009849
936,18.72,hold,kick,57,1.3899999856948853,0.019999999552965164,0.10973345824050044,0.1547854454717585,-0.06102699768188792,0.19827545192929563,0.4837380996704486,-0.0015150397933683252,0.48525313946381693
937,18.74,hold,kick,58,1.3899999856948853,0.019999999552965164,0.10973345824050044,0.1482810333619142,-0.05898495606118584,0.18213477118644888,0.4626800142258462,-0.002037399953981639,0.4647174141798278
938,18.76,hold,kick,59,1.3899999856948853,0.019999999552965164,0.10973345824050044,0.14344347687679196,-0.05295114606654684,0.16999675943571693,0.4332109972292618,-0.0045361361449723706,0.4377471333742342
939,18.78,hold,kick,60,1.3899999856948853,0.019999999552965164,0.10973345824050044,0.13997768008607284,-0.046832366793623806,0.16150462127086426,0.3948801959091497,-0.004329797316860097,0.3992099932260098
940,18.8,hold,kick,61,1.3899999856948853,0.019999999552965164,0.10973345824050044,0.13531832500780325,-0.04142317369163428,0.15315055458894947,0.3518980465398887,-0.014835331929349722,0.3667333784692384
941,18.82,hold,kick,62,1.3899999856948853,0.019999999552965164,0.10973345824050044,0.128196604123847,-0.038482504003699694,0.1447397762355106,0.3065727684213345,-0.005709515346706093,0.3122822837680406
942,18.84,hold,kick,63,1.3899999856948853,0.019999999552965164,0.10973345824050044,0.12046574860000737,-0.03869124751642437,0.13453184520527203,0.259608099137073,-0.004221047293090835,0.26382914643016386
943,18.86,hold,kick,64,1.3899999856948853,0.019999999552965164,0.10973345824050044,0.11042027511589735,-0.04126064762017545,0.12413940090920378,0.24338494148543313,-0.004191510896700147,0.24757645238213327
944,18.88,hold,kick,65,1.3899999856948853,0.019999999552965164,0.10973345824050044,0.09728009543334243,-0.04607109866546814,0.11439856179698546,0.24152139082367052,-0.010407998047370956,0.2519293888710415
945,18.9,hold,kick,66,1.3899999856948853,0.019999999552965164,0.10973345824050044,0.08667140128267366,-0.04875468499299757,0.1093067845322455,0.2433243559449265,-0.021633149983561424,0.26495750592848794
946,18.92,hold,kick,67,1.3899999856948853,0.019999999552965164,0.10973345824050044,0.08386747886461443,-0.05308476826402021,0.11126013928395355,0.2489801776889926,-0.020235781535030056,0.26921595922402264
947,18.94,hold,kick,68,1.3899999856948853,0.019999999552965164,0.10973345824050044,0.08335113185626727,-0.059343611858439387,0.11820284017956262,0.25021352139720254,-0.013148861434798695,0.26336238283200125
948,18.96,hold,kick,69,1.3899999856948853,0.019999999552965164,0.10973345824050044,0.08310447396161051,-0.06807400944100848,0.12448758013925314,0.24344315353934626,-0.007589337580479361,0.2510324911198256
949,18.98,hold,kick,70,1.3899999856948853,0.019999999552965164,0.10973345824050044,0.07604076646715054,-0.07868707977335701,0.13431811250612474,0.22313032714264225,-0.006176531426507842,0.2293068585691501
950,19.0,hold,kick,71,1.3899999856948853,0.019999999552965164,0.10973345824050044,0.07113982402930383,-0.07929370508983449,0.13863356016101328,0.22068983962260807,-0.006701020444295061,0.22739086006690312
951,19.02,hold,kick,72,1.3899999856948853,0.019999999552965164,0.10973345824050044,0.0790769547782697,-0.07487529953909357,0.14601941546026248,0.21888555945226446,-0.009654347083730377,0.22853990653599482
952,19.04,hold,kick,73,1.3899999856948853,0.019999999552965164,0.10973345824050044,0.10077659407824308,-0.06647660633731695,0.1542226467765588,0.22308597710872077,-0.007339233329477848,0.23042521043819864
953,19.06,hold,kick,74,1.3899999856948853,0.019999999552965164,0.10973345824050044,0.12433040802953862,-0.059671554548021005,0.15964854590490332,0.2756539780679938,-0.007232215972952691,0.2828861940409465
954,19.08,hold,kick,75,1.3899999856948853,0.019999999552965164,0.10973345824050044,0.1352565112033477,-0.053986351350500034,0.16234269318997008,0.32635204248997746,-0.006901849047003611,0.33325389153698104
955,19.1,hold,kick,76,1.3899999856948853,0.019999999552965164,0.10973345824050044,0.13789503161382743,-0.055793291997638716,0.1590699839101731,0.39513440052441084,-0.0062893965373997385,0.4014237970618106
956,19.12,hold,kick,77,1.3899999856948853,0.019999999552965164,0.10973345824050044,0.13065695423632223,-0.05882678441341113,0.16487753164616678,0.44177159279596206,-0.012047037701660698,0.4538186304976228
957,19.14,hold,kick,78,1.3899999856948853,0.019999999552965164,0.10973345824050044,0.12084147249741686,-0.06312490644295163,0.17678034487213337,0.46276614446047754,-0.008567298094472153,0.4713334425549497
958,19.16,hold,kick,79,1.3899999856948853,0.019999999552965164,0.10973345824050044,0.11304309072315777,-0.0635143259117208,0.18735507673601415,0.46893263148147746,-0.005806716438480838,0.4747393479199583
959,19.18,hold,kick,80,1.3899999856948853,0.019999999552965164,0.10973345824050044,0.10536966323111147,-0.05878790509503425,0.19862843881511116,0.46215479109181834,-0.004820710337251344,0.4669755014290697
960,19.2,hold,kick,81,1.3899999856948853,0.019999999552965164,0.10973345824050044,0.0946836882386381,-0.05098524575970566,0.2109481515390367,0.4440794979889142,-0.015789847775889508,0.4598693457648037
961,19.22,hold,kick,82,1.3899999856948853,0.019999999552965164,0.10973345824050044,0.08490368618055584,-0.04254068506415404,0.2158528423455088,0.46821242047810074,-0.004715702787009501,0.47292812326511025
962,19.24,hold,kick,83,1.3899999856948853,0.019999999552965164,0.10973345824050044,0.07635351201653283,-0.03183239102622556,0.21622727116805415,0.5095104206649903,-0.0012988016961216833,0.510809222361112
963,19.26,hold,kick,84,1.3899999856948853,0.019999999552965164,0.10973345824050044,0.06877368298262782,-0.020024179615857635,0.20892194948449933,0.5527539030994983,-0.008460392536293868,0.5612142956357922
964,19.28,hold,kick,85,1.3899999856948853,0.019999999552965164,0.10973345824050044,0.062437477746823004,-0.008178938223463057,0.19811905662287005,0.5873746704842857,-0.0009758831548693225,0.588350553639155
965,19.3,hold,kick,86,1.3899999856948853,0.019999999552965164,0.10973345824050044,0.057183567614041114,0.003610012029220139,0.18655201822513712,0.6116251864422811,-0.006185410162291377,0.6178105966045725
966,19.32,hold,kick,87,1.3899999856948853,0.019999999552965164,0.10973345824050044,0.05144293876882456,0.015768726720191212,0.17788809491258206,0.6229506968233396,-0.004885535314486239,0.6278362321378258
967,19.34,hold,kick,88,1.3899999856948853,0.019999999552965164,0.10973345824050044,0.04541598868701132,0.02902572094837282,0.1692337128037869,0.6208039187582577,-0.005251579984008159,0.6260554987422658
968,19.36,hold,kick,89,1.3899999856948853,0.019999999552965164,0.10973345824050044,0.039031915331943355,0.04457063108287715,0.1578033664385986,0.6052045791668752,-0.004657476865147184,0.6098620560320224
969,19.38,hold,kick,90,1.3899999856948853,0.019999999552965164,0.10973345824050044,0.030759728157905755,0.05759946215989544,0.1481921049441079,0.5787322931733422,-0.0015265418116816726,0.5802588349850238
970,19.4,hold,kick,91,1.3899999856948853,0.019999999552965164,0.10973345824050044,0.024267069950580186,0.07566087284410083,0.1271483691968811,0.543054346507994,-0.006822860901336013,0.54987720740933
971,19.42,hold,kick,92,1.3899999856948853,0.019999999552965164,0.10973345824050044,0.015862431588625586,0.085927293941932,0.11148912215878011,0.4944457923563316,-0.0018781516138485568,0.4963239439701802
972,19.44,hold,kick,93,1.3899999856948853,0.019999999552965164,0.10973345824050044,0.009494929998564773,0.09825489214999897,0.09197774182512213,0.425380175911823,-0.0036053140518492663,0.42898548996367225
973,19.46,hold,kick,94,1.3899999856948853,0.019999999552965164,0.10973345824050044,0.010628778231199535,0.11514712240672648,0.0818318180715036,0.33016123949717224,-0.0066642530352071655,0.3368254925323794
974,19.48,hold,kick,95,1.3899999856948853,0.019999999552965164,0.10973345824050044,0.02090407728490508,0.13252681524460477,0.08827155899470068,0.27240768329351317,-0.013688973464545756,0.28609665675805895
975,19.5,hold,kick,96,1.3899999856948853,0.019999999552965164,0.10973345824050044,0.030349932066001176,0.14416340508110584,0.09359513276119064,0.2523612844510982,-0.04046842194581951,0.2928297063969177
976,19.52,hold,kick,97,1.3899999856948853,0.019999999552965164,0.10973345824050044,0.0359975544339767,0.1510397233005681,0.096190108692855,0.32936844832817425,-0.03773577236211407,0.3671042206902883
977,19.54,hold,kick,98,1.3899999856948853,0.019999999552965164,0.10973345824050044,0.03813893066088919,0.15798583827304685,0.10123079365437501,0.39157798197012755,-0.021254577862139065,0.41283255983226663
978,19.56,hold,kick,99,1.3899999856948853,0.019999999552965164,0.10973345824050044,0.039516058072983966,0.1646177320052604,0.1076437054680706,0.4424170458762822,-0.013721401552415385,0.4561384474286976
979,19.58,hold,kick,100,1.3899999856948853,0.019999999552965164,0.10973345824050044,0.039850528954618256,0.16786876570056844,0.11217184907092446,0.475793289495002,-0.011504705072630982,0.48729799456763295
980,19.6,hold,kick,101,1.3899999856948853,0.019999999552965164,0.10973345824050044,0.03829300054489774,0.16951103400528514,0.11821595536766989,0.4909853749022819,-0.016216919057390894,0.5072022939596728
981,19.62,hold,kick,102,1.3899999856948853,0.019999999552965164,0.10973345824050044,0.034816593762800684,0.17063088868169538,0.12886343965282174,0.4865328658995251,-0.023582186763318393,0.5101150526628435
982,19.64,hold,kick,103,1.3899999856948853,0.019999999552965164,0.10973345824050044,0.03169891503840307,0.17035717568529357,0.13739839207028906,0.45647754911767613,-0.023918320272751106,0.4803958693904272
983,19.66,hold,kick,104,1.3899999856948853,0.019999999552965164,0.10973345824050044,0.032994776478083056,0.17231368296340135,0.14394494422429638,0.41744086079434317,-0.018291137179892725,0.4357319979742359
984,19.68,hold,kick,105,1.3899999856948853,0.019999999552965164,0.10973345824050044,0.03994107978776717,0.1760042517469074,0.1557102408663217,0.40784251856271064,-0.009344902646010358,0.417187421208721
985,19.7,hold,kick,106,1.3899999856948853,0.019999999552965164,0.10973345824050044,0.048124633524346636,0.17899553175958816,0.1681618742784338,0.41458380618136803,-0.0034260517246403194,0.41800985790600836
986,19.72,hold,kick,107,1.3899999856948853,0.019999999552965164,0.10973345824050044,0.054169362190547694,0.180896684331319,0.17811674361419536,0.42140543930183194,-0.001461857423791485,0.4228672967256234
987,19.74,hold,kick,108,1.3899999856948853,0.019999999552965164,0.10973345824050044,0.05812960414631644,0.18249576326768488,0.18534463505998458,0.42766120349089964,-0.0006806787589523772,0.42834188224985204
988,19.76,hold,kick,109,1.3899999856948853,0.019999999552965164,0.10973345824050044,0.060307467780583324,0.18360187962814045,0.18994466155381268,0.4322065248313323,-0.0017700346290196178,0.43397655946035196
989,19.78,hold,kick,110,1.3899999856948853,0.019999999552965164,0.10973345824050044,0.061158643487629956,0.1846272063076832,0.19137592809330964,0.432748652089156,-0.0064033329433016845,0.4391519850324577
990,19.8,hold,kick,111,1.3899999856948853,0.019999999552965164,0.10973345824050044,0.06118668117803049,0.18566716641586728,0.18897606741346284,0.42767105295989083,-0.01115160973876364,0.43882266269865444
991,19.82,hold,kick,112,1.3899999856948853,0.019999999552965164,0.10973345824050044,0.06055594241184612,0.18696605313902634,0.18358945365508703,0.4175281544726546,-0.011943231255992684,0.4294713857286473
992,19.84,hold,kick,113,1.3899999856948853,0.019999999552965164,0.10973345824050044,0.05938624544659089,0.18743120893520634,0.17704730180004424,0.4056574460881186,-0.011192957226134975,0.4168504033142536
993,19.86,hold,kick,114,1.3899999856948853,0.019999999552965164,0.10973345824050044,0.05817229698696554,0.18792319364744228,0.17310914990679044,0.3986224108152622,-0.0073011403928786855,0.40592355120814083
994,19.88,hold,kick,115,1.3899999856948853,0.019999999552965164,0.10973345824050044,0.0565138226580296,0.18810142816462386,0.17036186356719918,0.39645490930541005,-0.002979646146881537,0.39943455545229156
995,19.9,hold,kick,116,1.3899999856948853,0.019999999552965164,0.10973345824050044,0.0543853196905555,0.18720106119874952,0.16693333106105393,0.39710236871699833,-0.0011294751828533484,0.39823184389985167
996,19.92,hold,kick,117,1.3899999856948853,0.019999999552965164,0.10973345824050044,0.05203128106765904,0.18595961101529349,0.16330632421164648,0.3981403043675908,-0.00044874880503249087,0.3985890531726233
997,19.94,hold,kick,118,1.3899999856948853,0.019999999552965164,0.10973345824050044,0.049171580109215164,0.18483607795687196,0.1600737444980152,0.39958101924092304,-0.0005211926000324718,0.4001022118409555
998,19.96,hold,kick,119,1.3899999856948853,0.019999999552965164,0.10973345824050044,0.0457301403131577,0.18395302832099805,0.15717036520459304,0.3997313378470635,-0.0005686646466938894,0.4003000024937574
999,19.98,hold,kick,120,1.3899999856948853,0.019999999552965164,0.10973345824050044,0.04151107046167347,0.18330827479388936,0.15431757245316055,0.3980531881204186,-0.0005562493811149538,0.39860943750153355
1000,20.0,hold,kick,121,1.3899999856948853,0.019999999552965164,0.10973345824050044,0.036146313633367864,0.18260026075643895,0.15082023770523373,0.3955947395999512,-0.0005004085713329054,0.3960951481712841
1001,20.02,hold,kick,122,1.3899999856948853,0.019999999552965164,0.10973345824050044,0.029386417368791933,0.1816678703198104,0.14618058758970778,0.3925116396499806,-0.00040408836328116593,0.39291572801326174
1002,20.04,hold,kick,123,1.3899999856948853,0.019999999552965164,0.10973345824050044,0.02131298508064548,0.180507124613461,0.14018584393960087,0.3891050791459068,-0.004588094342943133,0.3936931734888499
1003,20.06,hold,kick,124,1.3899999856948853,0.019999999552965164,0.10973345824050044,0.014208332277756069,0.17902208638083125,0.13352953235521214,0.384798355003212,-0.020500001085687808,0.40529835608889986
1004,20.08,hold,kick,125,1.3899999856948853,0.019999999552965164,0.10973345824050044,0.013418309302231589,0.17772998607586357,0.13014534609891568,0.3781804268749793,-0.02116664608644738,0.3993470729614267
1005,20.1,hold,kick,126,1.3899999856948853,0.019999999552965164,0.10973345824050044,0.01414132279669543,0.17683084940616192,0.12836369651221677,0.3702695297559391,-0.019676394908897832,0.3899459246648369
1006,20.12,hold,kick,127,1.3899999856948853,0.019999999552965164,0.10973345824050044,0.014969204034097596,0.17617942714660756,0.1257404734347287,0.36137503051065,-0.01847401648646036,0.37984904699711036
1007,20.14,hold,kick,128,1.3899999856948853,0.019999999552965164,0.10973345824050044,0.015933682125631957,0.17534501722169976,0.12108020305653297,0.35135749632572366,-0.017826455680521047,0.3691839520062447
1008,20.16,hold,kick,129,1.3899999856948853,0.019999999552965164,0.10973345824050044,0.017046131025739323,0.1748851154772111,0.11823984652337033,0.34121037473464205,-0.01912180256363684,0.3603321772982789
1009,20.18,hold,kick,130,1.3899999856948853,0.019999999552965164,0.10973345824050044,0.01886787185181043,0.17684792714338765,0.11600958474619895,0.3319932651268522,-0.021214824410843533,0.3532080895376957
1010,20.2,hold,kick,131,1.3899999856948853,0.019999999552965164,0.10973345824050044,0.021685463839434226,0.18119607969487436,0.11370687806678959,0.3385482114088547,-0.024413999610759213,0.3629622110196139
1011,20.22,hold,kick,132,1.3899999856948853,0.019999999552965164,0.10973345824050044,0.024154139830195334,0.18488314220103894,0.10971439144154656,0.36941429152772587,-0.029344884840604296,0.39875917636833014
1012,20.24,hold,kick,133,1.3899999856948853,0.019999999552965164,0.10973345824050044,0.025303902134459925,0.18463126131381055,0.10979270361872083,0.41048419672214975,-0.03404444147188809,0.4445286381940379
1013,20.26,hold,kick,134,1.3899999856948853,0.019999999552965164,0.10973345824050044,0.024864185000295882,0.17822656860220362,0.11285146884034006,0.4255473974552365,-0.036307356691957365,0.4618547541471939
1014,20.28,hold,kick,135,1.3899999856948853,0.019999999552965164,0.10973345824050044,0.02477061774970224,0.16753235245518946,0.1152064176031808,0.4053086585829987,-0.0348771238155592,0.4401857823985579
1015,20.3,hold,kick,136,1.3899999856948853,0.019999999552965164,0.10973345824050044,0.026408903847923666,0.1564171649579778,0.11689042138463664,0.4341952954128707,-0.03093527126049453,0.4651305666733653
1016,20.32,hold,kick,137,1.3899999856948853,0.019999999552965164,0.10973345824050044,0.030931260758490647,0.14862256224915418,0.11760248180399398,0.48426175649249237,-0.024555758986352517,0.5088175154788449
1017,20.34,hold,kick,138,1.3899999856948853,0.019999999552965164,0.10973345824050044,0.039914755404003965,0.14574640136281458,0.11785756782350702,0.5415401634358709,-0.015760262511361776,0.5573004259472326
1018,20.36,hold,kick,139,1.3899999856948853,0.019999999552965164,0.10973345824050044,0.04927148101116906,0.14454015203742412,0.11685101898182791,0.5737368659633952,-0.019206540609517105,0.5929434065729123
1019,20.38,hold,kick,140,1.3899999856948853,0.019999999552965164,0.10973345824050044,0.053018708090797194,0.14656550255169118,0.11866748335529514,0.5821650767180322,-0.016926320135332282,0.5990913968533644
1020,20.4,hold,kick,141,1.3899999856948853,0.019999999552965164,0.10973345824050044,0.05269108780750702,0.14870126229181913,0.122844761723585,0.5860384755660556,-0.009813259250574823,0.5958517348166305
1021,20.42,hold,kick,142,1.3899999856948853,0.019999999552965164,0.10973345824050044,0.05196340093902,0.15036790502129302,0.1257767175286782,0.5841555444646956,-0.007933126382503583,0.5920886708471992
1022,20.44,hold,kick,143,1.3899999856948853,0.019999999552965164,0.10973345824050044,0.05089321339786883,0.15030623414442887,0.1296188911186113,0.5775592640392475,-0.007450287910842741,0.5850095519500903
1023,20.46,hold,kick,144,1.3899999856948853,0.019999999552965164,0.10973345824050044,0.04962306584380504,0.14898758596665354,0.1331763902014951,0.5686475746913384,-0.008312475944866698,0.5769600506362051
1024,20.48,hold,kick,145,1.3899999856948853,0.019999999552965164,0.10973345824050044,0.04811022650012108,0.14620397160620294,0.13601798196478643,0.5580499093773281,-0.01335378320082714,0.5714036925781553
1025,20.5,hold,kick,146,1.3899999856948853,0.019999999552965164,0.10973345824050044,0.046450204629877805,0.14239131413691677,0.13700873349810813,0.5460199407327149,-0.021522536664891186,0.5675424773976061
1026,20.52,hold,kick,147,1.3899999856948853,0.019999999552965164,0.10973345824050044,0.04468890708875336,0.1374734427022667,0.13561574446701963,0.531770318212173,-0.019624615624338232,0.5513949338365113
1027,20.54,hold,kick,148,1.3899999856948853,0.019999999552965164,0.10973345824050044,0.04359525083598166,0.13286410163137524,0.13298203665748645,0.5123528253302485,-0.019336210550937385,0.5316890358811859
1028,20.56,hold,kick,149,1.3899999856948853,0.019999999552965164,0.10973345824050044,0.04473935555840736,0.12812107242834608,0.12849530420905406,0.4913143685793133,-0.022909469740513305,0.5142238383198267
1029,20.58,hold,kick,150,1.3899999856948853,0.019999999552965164,0.10973345824050044,0.047127939757593294,0.12294063533572462,0.1256471692383773,0.47304734994974895,-0.03190827999363249,0.5049556299433815
1030,20.6,hold,kick,151,1.3899999856948853,0.019999999552965164,0.10973345824050044,0.04820884614183936,0.1168960789428296,0.12356471835698007,0.4594746636546458,-0.03668177388382879,0.4961564375384746
1031,20.62,hold,kick,152,1.3899999856948853,0.019999999552965164,0.10973345824050044,0.047222445970477915,0.11084979741474026,0.1200556673607515,0.451324830783703,-0.03505792947807096,0.48638276026177396
1032,20.64,hold,kick,153,1.3899999856948853,0.019999999552965164,0.10973345824050044,0.04429418797143512,0.1052595289853629,0.11432081881716065,0.4475549085628505,-0.03656650637766123,0.48412141494051175
1033,20.66,hold,kick,154,1.3899999856948853,0.019999999552965164,0.10973345824050044,0.04495921780665528,0.10198396865155665,0.1127804159889321,0.4461018595848877,-0.03743318284013256,0.48353504242502027
1034,20.68,hold,kick,155,1.3899999856948853,0.019999999552965164,0.10973345824050044,0.04678761689729421,0.09944901377601818,0.11413222538609533,0.4447469336440726,-0.0390406723014387,0.4837876059455113
1035,20.7,hold,kick,156,1.3899999856948853,0.019999999552965164,0.10973345824050044,0.04919488580326862,0.09626951419228988,0.11581915338342123,0.44078031317616745,-0.04248084360642681,0.48326115678259424
1036,20.72,hold,kick,157,1.3899999856948853,0.019999999552965164,0.10973345824050044,0.050253357978633915,0.09407827189113055,0.11585527334064669,0.43008829244756275,-0.04406625188475673,0.47415454433231946
1037,20.74,hold,kick,158,1.3899999856948853,0.019999999552965164,0.10973345824050044,0.04995950042061666,0.09399364888305864,0.11462040549817587,0.41057860130678336,-0.043919429611201447,0.4544980309179848
1038,20.76,hold,kick,159,1.3899999856948853,0.019999999552965164,0.10973345824050044,0.051547378229926485,0.09424217370461732,0.11338609105325999,0.38611287296363533,-0.044621641860094055,0.4307345148237294
1039,20.78,hold,kick,160,1.3899999856948853,0.019999999552965164,0.10973345824050044,0.05428692358375891,0.0959054629650562,0.113440059288622,0.3583624529512713,-0.04486068594320487,0.40322313889447614
1040,20.8,hold,kick,161,1.3899999856948853,0.019999999552965164,0.10973345824050044,0.055113049249467416,0.0980174357591671,0.11418824559087123,0.33390975626291475,-0.04497440492905631,0.37888416119197105
1041,20.82,hold,kick,162,1.3899999856948853,0.019999999552965164,0.10973345824050044,0.05601008459131488,0.0976416796124437,0.1167484855931106,0.3734685714869968,-0.04502547978792817,0.41849405127492495
1042,20.84,hold,kick,163,1.3899999856948853,0.019999999552965164,0.10973345824050044,0.05662628978604002,0.08905124079006911,0.12571609916982768,0.4032674404811974,-0.04411906301091466,0.44738650349211206
1043,20.86,hold,kick,164,1.3899999856948853,0.019999999552965164,0.10973345824050044,0.059140541437045314,0.074220994939917,0.14092807986212086,0.38403147410317073,-0.04430086036826626,0.428332334471437
1044,20.88,hold,kick,165,1.3899999856948853,0.019999999552965164,0.10973345824050044,0.06386021269284956,0.05817140567150508,0.15478227034538367,0.36103445882823154,-0.04149508754163877,0.4025295463698703
1045,20.9,hold,kick,166,1.3899999856948853,0.019999999552965164,0.10973345824050044,0.0698477739865964,0.046162221868544795,0.1636519976948182,0.34054604235479036,-0.033586456832309625,0.3741324991871
1046,20.92,hold,kick,167,1.3899999856948853,0.019999999552965164,0.10973345824050044,0.07689794826473723,0.0410747644405919,0.17025741193462518,0.3497963130857441,-0.027828098492738235,0.37762441157848237
1047,20.94,hold,kick,168,1.3899999856948853,0.019999999552965164,0.10973345824050044,0.08481841529182363,0.04165756993186024,0.16930123686844076,0.3662650177824939,-0.02383835714474819,0.39010337492724206
1048,20.96,hold,kick,169,1.3899999856948853,0.019999999552965164,0.10973345824050044,0.09349569349550543,0.048728585499860824,0.15958874392477557,0.4134340627410792,-0.0164232687408331,0.4298573314819123
1049,20.98,hold,kick,170,1.3899999856948853,0.019999999552965164,0.10973345824050044,0.1040480793110925,0.05999396996516853,0.1412011406820135,0.44725155865192784,-0.015740751591978387,0.46299231024390625
1050,21.0,hold,kick,171,1.3899999856948853,0.019999999552965164,0.10973345824050044,0.10814657669989258,0.07151145652234012,0.1370618605966097,0.479518522563394,-0.024022009209846408,0.5035405317732404
1051,21.02,hold,kick,172,1.3899999856948853,0.019999999552965164,0.10973345824050044,0.10885635746227054,0.08038223062678736,0.14471813007388576,0.5070637474377804,-0.013443410219459849,0.5205071576572402
1052,21.04,hold,kick,173,1.3899999856948853,0.019999999552965164,0.10973345824050044,0.11284078154565284,0.08937285535099113,0.15202542389228577,0.5255280396382345,-0.015016359690351436,0.5405443993285859
1053,21.06,hold,kick,174,1.3899999856948853,0.019999999552965164,0.10973345824050044,0.12375855625962867,0.09924697558188736,0.15933810833121806,0.5341960137897456,-0.013661350756526768,0.5478573645462723
1054,21.08,hold,kick,175,1.3899999856948853,0.019999999552965164,0.10973345824050044,0.13960215981458174,0.1088883621854105,0.17202440755533094,0.5321993436889146,-0.01422280229521438,0.546422145984129
1055,21.1,hold,kick,176,1.3899999856948853,0.019999999552965164,0.10973345824050044,0.15211580950731543,0.11649859481877174,0.194167656946872,0.5249788796979017,-0.01869739391109028,0.543676273608992
1056,21.12,hold,kick,177,1.3899999856948853,0.019999999552965164,0.10973345824050044,0.1539472977257618,0.11734287669744724,0.21187450430086216,0.5128688001907652,-0.017929943332463213,0.5307987435232284
1057,21.14,hold,kick,178,1.3899999856948853,0.019999999552965164,0.10973345824050044,0.15130127534136611,0.11577848830645361,0.22564549032422818,0.4907017740378884,-0.02380921149991643,0.5145109855378048
1058,21.16,hold,kick,179,1.3899999856948853,0.019999999552965164,0.10973345824050044,0.15288551466517183,0.11864295217784046,0.23675034044759746,0.4780896500872007,-0.0033244588296164612,0.4814141089168172
1059,21.18,hold,kick,180,1.3899999856948853,0.019999999552965164,0.10973345824050044,0.15568623202292856,0.12043319890895034,0.2363879181108433,0.5557223483955476,0.0003049905420205515,0.555417357853527
1060,21.2,hold,kick,181,1.3899999856948853,0.019999999552965164,0.10973345824050044,0.15872501964251282,0.11701443225233175,0.22291370040997002,0.6243510961337608,0.0014143327564543826,0.6229367633773064
1061,21.22,hold,kick,182,1.3899999856948853,0.019999999552965164,0.10973345824050044,0.1566055646897978,0.11346384196180903,0.21176340618958842,0.6656228067735848,0.003533572250204821,0.66208923452338
1062,21.24,hold,kick,183,1.3899999856948853,0.019999999552965164,0.10973345824050044,0.15345101122729793,0.10796521023601621,0.20878106793322176,0.6626165420166894,0.01922097093792506,0.6433955710787643
1063,21.26,hold,kick,184,1.3899999856948853,0.019999999552965164,0.10973345824050044,0.15113241912988895,0.09823666291003261,0.20687849482109194,0.6136317458290323,0.01625381243392665,0.5973779333951057
1064,21.28,hold,kick,185,1.3899999856948853,0.019999999552965164,0.10973345824050044,0.15086308397791046,0.08421200534226571,0.20514715920743568,0.5648980852247547,-0.004733378657671622,0.5696314638824264
1065,21.3,hold,kick,186,1.3899999856948853,0.019999999552965164,0.10973345824050044,0.15360973805041103,0.06771108767577656,0.198642135579989,0.5013884893463356,-0.0004056077863645591,0.5017940971327002
1066,21.32,hold,kick,187,1.3899999856948853,0.019999999552965164,0.10973345824050044,0.1646228764028639,0.05276710559241992,0.18213798616758572,0.5296019239765789,0.03042435419734027,0.49917756977923866
1067,21.34,hold,kick,188,1.3899999856948853,0.019999999552965164,0.10973345824050044,0.18192462002813733,0.05599624017121422,0.1527642472128708,0.5071427109694542,0.01706187358383532,0.49008083738561886
1068,21.36,hold,kick,189,1.3899999856948853,0.019999999552965164,0.10973345824050044,0.20008567713488398,0.06670824904663489,0.12894357912082335,0.44625980166478535,-0.00043082370543118254,0.44669062537021653
1069,21.38,hold,kick,190,1.3899999856948853,0.019999999552965164,0.10973345824050044,0.21110587172439535,0.08125591839103997,0.11854983819231209,0.33586930365489587,0.006902887986190619,0.32896641566870527
1070,21.4,hold,kick,191,1.3899999856948853,0.019999999552965164,0.10973345824050044,0.2104276455185201,0.09826527016537154,0.11188399466594427,0.31317380967148395,-0.02162624254513059,0.3348000522166145
1071,21.42,hold,kick,192,1.3899999856948853,0.019999999552965164,0.10973345824050044,0.19737140176599002,0.10231326967663792,0.11829514920201961,0.3268058596255194,-0.03531894458327138,0.3621248042087908
1072,21.44,hold,kick,193,1.3899999856948853,0.019999999552965164,0.10973345824050044,0.18807596923418846,0.09333481161552348,0.1225484864717629,0.3376162015990879,-0.03224658838077272,0.3698627899798606
1073,21.46,hold,kick,194,1.3899999856948853,0.019999999552965164,0.10973345824050044,0.1805237560428621,0.07684294671026223,0.11944007863931033,0.3147607105586726,-0.012703536632261321,0.3274642471909339
1074,21.48,hold,kick,195,1.3899999856948853,0.019999999552965164,0.10973345824050044,0.17478808554153188,0.060163032847768756,0.1145020798130818,0.2833377868657022,-0.013293082958446036,0.29663086982414827
1075,21.5,hold,kick,196,1.3899999856948853,0.019999999552965164,0.10973345824050044,0.1672701023702609,0.04600794194797105,0.11390072511869233,0.2690527602234274,-0.012006159568338871,0.2810589197917663
1076,21.52,hold,kick,197,1.3899999856948853,0.019999999552965164,0.10973345824050044,0.1613219377948699,0.037968535902952044,0.10932262954696571,0.31974533414182393,-0.006595406303026859,0.3263407404448508
1077,21.54,hold,kick,198,1.3899999856948853,0.019999999552965164,0.10973345824050044,0.15995171715491366,0.038093671273073754,0.10320517269464385,0.3875124540921875,-0.015347795204599286,0.40286024929678677
1078,21.56,hold,kick,199,1.3899999856948853,0.019999999552965164,0.10973345824050044,0.16636608188353694,0.046271800532046256,0.1022732046306901,0.44025120034347964,-0.01156389368945758,0.45181509403293724
1079,21.58,hold,kick,200,1.3899999856948853,0.019999999552965164,0.10973345824050044,0.1775868864739995,0.05235183350551276,0.10215242846335683,0.4657809946244136,-0.013031191152080512,0.4788121857764941
1080,21.6,hold,kick,201,1.3899999856948853,0.019999999552965164,0.10973345824050044,0.18566604570949916,0.05121265666936112,0.09250855111175477,0.4683786469706332,-0.011957059066136477,0.48033570603676967
1081,21.62,hold,kick,202,1.3899999856948853,0.019999999552965164,0.10973345824050044,0.1890999939611625,0.046636577149309695,0.08426459489841252,0.47208578044726635,-0.00641926408051402,0.47850504452778037
1082,21.64,hold,kick,203,1.3899999856948853,0.019999999552965164,0.10973345824050044,0.1909065141264171,0.0465991379635082,0.08465560296198338,0.4742730160085725,-0.01136566883716434,0.48563868484573686
1083,21.66,hold,kick,204,1.3899999856948853,0.019999999552965164,0.10973345824050044,0.19187242152056785,0.05142207388683746,0.09418282459136397,0.44271741494537764,-0.010507150828381308,0.45322456577375897
1084,21.68,hold,kick,205,1.3899999856948853,0.019999999552965164,0.10973345824050044,0.1908667478239752,0.05195846490478743,0.09888235746420325,0.42064751670990425,-0.008604158114349371,0.42925167482425364
1085,21.7,hold,kick,206,1.3899999856948853,0.019999999552965164,0.10973345824050044,0.18951330925560353,0.04842833019241225,0.09970777475812181,0.4217739771607801,-0.014201707067663605,0.4359756842284437
1086,21.72,hold,kick,207,1.3899999856948853,0.019999999552965164,0.10973345824050044,0.18780948448862,0.04792626900759865,0.10330425968049815,0.4097294548839088,-0.016176083903745968,0.42590553878765475
1087,21.74,hold,kick,208,1.3899999856948853,0.019999999552965164,0.10973345824050044,0.183455686609612,0.047499315375307265,0.1041539816564064,0.4037796050368605,-0.015237147280000973,0.4190167523168615
1088,21.76,hold,kick,209,1.3899999856948853,0.019999999552965164,0.10973345824050044,0.17924793249300192,0.044086962374937755,0.09913746944914786,0.4209146242063978,-0.013628397395353264,0.43454302160175107
1089,21.78,hold,kick,210,1.3899999856948853,0.019999999552965164,0.10973345824050044,0.17818645486348572,0.03803002732290121,0.0932524497607486,0.43835532116370257,-0.012159312063080102,0.45051463322678265
1090,21.8,hold,kick,211,1.3899999856948853,0.019999999552965164,0.10973345824050044,0.1787127099189535,0.03463909408525692,0.0887592405640736,0.43774079196614224,-0.005631890501906378,0.4433726824680486
1091,21.82,hold,kick,212,1.3899999856948853,0.019999999552965164,0.10973345824050044,0.17920747767259634,0.03341275848302898,0.08337692825416389,0.4420255287076488,-0.008140814899061488,0.45016634360671026
1092,21.84,hold,kick,213,1.3899999856948853,0.019999999552965164,0.10973345824050044,0.17976057355263092,0.02960329268777371,0.07671373116583614,0.4537415761401647,-0.01030039578280735,0.46404197192297203
1093,21.86,hold,kick,214,1.3899999856948853,0.019999999552965164,0.10973345824050044,0.18530849810987554,0.031140381039513665,0.07738944812084322,0.4351339707128201,-0.00861856974342376,0.4437525404562439
1094,21.88,hold,kick,215,1.3899999856948853,0.019999999552965164,0.10973345824050044,0.19540372489327232,0.034206184467113154,0.0916428310484209,0.45249087483116024,-0.011440518426136623,0.4639313932572969
1095,21.9,hold,kick,216,1.3899999856948853,0.019999999552965164,0.10973345824050044,0.2045840787818319,0.03387352379887727,0.10346643402488045,0.4863689875057013,-0.004689263957145959,0.49105825146284726
1096,21.92,hold,kick,217,1.3899999856948853,0.019999999552965164,0.10973345824050044,0.21188573322652038,0.03560149564082076,0.10777732522688813,0.49887103425632884,-0.006137745247290868,0.5050087795036197
1097,21.94,hold,kick,218,1.3899999856948853,0.019999999552965164,0.10973345824050044,0.2177581002459423,0.03734307347251418,0.1068290772272609,0.506365537631604,-0.003797511422369032,0.510163049053973
1098,21.96,hold,kick,219,1.3899999856948853,0.019999999552965164,0.10973345824050044,0.2206861795433643,0.038017569950117694,0.10701796074011552,0.5101316889479601,-0.00787698902279528,0.5180086779707554
1099,21.98,hold,kick,220,1.3899999856948853,0.019999999552965164,0.10973345824050044,0.21977631203658882,0.035266618170683474,0.1052120559699108,0.5111213869569415,-0.005779330655531323,0.5169007176124729
1100,22.0,hold,kick,221,1.3899999856948853,0.019999999552965164,0.10973345824050044,0.21622754394750088,0.03318358770879781,0.0988684977075954,0.5330112506413284,-0.00505383174112245,0.5380650823824509
1101,22.02,hold,kick,222,1.3899999856948853,0.019999999552965164,0.10973345824050044,0.21556447511955054,0.033112296443365004,0.09419224119426987,0.5483621329362591,-0.006678191208461234,0.5550403241447204
1102,22.04,hold,kick,223,1.3899999856948853,0.019999999552965164,0.10973345824050044,0.21729892710802196,0.03543256800654389,0.09297285399101927,0.5582050496452675,-0.0054403204284979995,0.5636453700737655
1103,22.06,hold,kick,224,1.3899999856948853,0.019999999552965164,0.10973345824050044,0.22003089419332902,0.03733764909313866,0.0912423240222458,0.5610276092944027,-0.005622341997545299,0.566649951291948
1104,22.08,hold,kick,225,1.3899999856948853,0.019999999552965164,0.10973345824050044,0.22239821202061494,0.039356014136388444,0.08897044331883372,0.553683692767485,-0.005254842250106043,0.558938535017591
1105,22.1,hold,kick,226,1.3899999856948853,0.019999999552965164,0.10973345824050044,0.22458397849092507,0.042832701966522654,0.0894281471197246,0.5320235538434267,-0.005999055431308603,0.5380226092747353
1106,22.12,hold,kick,227,1.3899999856948853,0.019999999552965164,0.10973345824050044,0.22645925355629318,0.045364217125201695,0.09004602048294517,0.5262579419223224,-0.0056719521989528066,0.5319298941212752
1107,22.14,hold,kick,228,1.3899999856948853,0.019999999552965164,0.10973345824050044,0.22744082328982393,0.045185627958317556,0.09042291463937728,0.503187721036131,-0.00577391347331585,0.5089616345094468
1108,22.16,hold,kick,229,1.3899999856948853,0.019999999552965164,0.10973345824050044,0.22851140053830474,0.043144469862857505,0.09044261407739702,0.44182568258451865,-0.005738083034377103,0.44756376561889577
1109,22.18,hold,kick,230,1.3899999856948853,0.019999999552965164,0.10973345824050044,0.23023642723814283,0.041134019133011956,0.08970317203551272,0.44678405368504986,-0.005648360841879321,0.45243241452692917
1110,22.2,hold,kick,231,1.3899999856948853,0.019999999552965164,0.10973345824050044,0.235234682089222,0.044400694190785975,0.09184348373691348,0.4919959923967834,-0.00913476856189907,0.5011307609586825
1111,22.22,hold,kick,232,1.3899999856948853,0.019999999552965164,0.10973345824050044,0.2430003109111804,0.051280885221206364,0.09991516688704931,0.5327127147785468,-0.012201172208434134,0.5449138869869808
1112,22.24,hold,kick,233,1.3899999856948853,0.019999999552965164,0.10973345824050044,0.24834986853490545,0.05638750700712003,0.10770795116218783,0.5677568772092727,-0.016993674098621105,0.5847505513078938
1113,22.26,hold,kick,234,1.3899999856948853,0.019999999552965164,0.10973345824050044,0.2516554603242445,0.058935565695360174,0.11682495166904779,0.5961710730136632,-0.02230603998786112,0.6184771130015243
1114,22.28,hold,kick,235,1.3899999856948853,0.019999999552965164,0.10973345824050044,0.2551306171663013,0.059868548543924836,0.12310079490531445,0.6114303692536646,-0.028702641869306114,0.6401330111229707
1115,22.3,hold,kick,236,1.3899999856948853,0.019999999552965164,0.10973345824050044,0.258926449013346,0.05935997690103559,0.12792981798065658,0.6164107168071296,-0.034923152417387915,0.6513338692245174
1116,22.32,hold,kick,237,1.3899999856948853,0.019999999552965164,0.10973345824050044,0.2627773749254021,0.05743943037518513,0.13217214786390707,0.6173183209841375,-0.033566564342516717,0.6508848853266542
1117,22.34,hold,kick,238,1.3899999856948853,0.019999999552965164,0.10973345824050044,0.2667742058704713,0.056325756154139955,0.13600445574077077,0.6121453187186222,-0.03155605741619267,0.6437013761348149
1118,22.36,hold,kick,239,1.3899999856948853,0.019999999552965164,0.10973345824050044,0.27009156737832,0.05652235491983153,0.13834056906292178,0.5972660264753352,-0.030993075109286172,0.6282591015846214
1119,22.38,hold,kick,240,1.3899999856948853,0.019999999552965164,0.10973345824050044,0.2719020091926535,0.0578517439881741,0.1403044182422915,0.5756587275617442,-0.02953262553112347,0.6051913530928676
1120,22.4,hold,kick,241,1.3899999856948853,0.019999999552965164,0.10973345824050044,0.27203916152711355,0.05979463243324426,0.1409472522706985,0.5515284013833917,-0.028943154229320936,0.5804715556127126
1121,22.42,hold,kick,242,1.3899999856948853,0.019999999552965164,0.10973345824050044,0.2711080590056669,0.06197480821266182,0.1402261560280516,0.5364031599801026,-0.030723533038778117,0.5671266930188807
1122,22.44,hold,kick,243,1.3899999856948853,0.019999999552965164,0.10973345824050044,0.26957362781156186,0.06449646198450308,0.1389543540401856,0.529700415106203,-0.033593392195642544,0.5632938073018455
1123,22.46,hold,kick,244,1.3899999856948853,0.019999999552965164,0.10973345824050044,0.26781160130935777,0.06697879378632636,0.1375478888602494,0.528039998846584,-0.036954717412444035,0.5649947162590281
1124,22.48,hold,kick,245,1.3899999856948853,0.019999999552965164,0.10973345824050044,0.2661525728475108,0.06876298762354835,0.13651187915679203,0.5283004091367355,-0.04037993637859533,0.5686803455153309
1125,22.5,hold,kick,246,1.3899999856948853,0.019999999552965164,0.10973345824050044,0.26470677753319843,0.06981988652621085,0.13589003344877507,0.5283143640665934,-0.04323280605754265,0.571547170124136
1126,22.52,hold,kick,247,1.3899999856948853,0.019999999552965164,0.10973345824050044,0.2636010280783506,0.07065996603245848,0.13585459819982137,0.5267629787544426,-0.045276098059005725,0.5720390768134482
1127,22.54,hold,kick,248,1.3899999856948853,0.019999999552965164,0.10973345824050044,0.2626800610816658,0.07116662797867891,0.1365504232194276,0.5227138796889287,-0.045789452373439635,0.5685033320623684
1128,22.56,hold,kick,249,1.3899999856948853,0.019999999552965164,0.10973345824050044,0.26198470602894186,0.07148610224831166,0.137326191066257,0.5176929984503891,-0.04574272796170162,0.5634357264120907
1129,22.58,hold,kick,250,1.3899999856948853,0.019999999552965164,0.10973345824050044,0.261470313872025,0.07130778739660809,0.1377181390215301,0.5123309029760045,-0.045671803331016274,0.5580027063070208
1130,22.6,hold,kick,251,1.3899999856948853,0.019999999552965164,0.10973345824050044,0.2611586714820661,0.06985715733782669,0.13726968732004982,0.5060411011963833,-0.04574308874461273,0.5517841899409961
1131,22.62,hold,kick,252,1.3899999856948853,0.019999999552965164,0.10973345824050044,0.2613571174452026,0.06673908510113577,0.13598129643330312,0.49811219509611704,-0.045863814620168405,0.5439760097162855
1132,22.64,hold,kick,253,1.3899999856948853,0.019999999552965164,0.10973345824050044,0.26275956585347293,0.061839559538272706,0.13362213721014174,0.4873970813498888,-0.04587452202853087,0.5332716033784197
1133,22.66,hold,kick,254,1.3899999856948853,0.019999999552965164,0.10973345824050044,0.2651009357439796,0.05531098483324591,0.12920314623498028,0.47368570173538804,-0.045751263778169154,0.5194369655135572
1134,22.68,hold,kick,255,1.3899999856948853,0.019999999552965164,0.10973345824050044,0.26663409676404853,0.048264028620232595,0.12460829502128437,0.4603270524698104,-0.04550518432503231,0.5058322367948427
1135,22.7,hold,kick,256,1.3899999856948853,0.019999999552965164,0.10973345824050044,0.2669092898910347,0.04398970887099625,0.12429358256789019,0.45203009356617413,-0.04529198552450829,0.49732207909068243
1136,22.72,hold,kick,257,1.3899999856948853,0.019999999552965164,0.10973345824050044,0.266622189825717,0.04035941733034961,0.12493498119136562,0.44952029823844125,-0.04532468218476016,0.4948449804232014
1137,22.74,hold,kick,258,1.3899999856948853,0.019999999552965164,0.10973345824050044,0.26638645266897826,0.03599331281642874,0.12483672902734513,0.4496281671052494,-0.04564021605686945,0.49526838316211885
1138,22.76,hold,kick,259,1.3899999856948853,0.019999999552965164,0.10973345824050044,0.26711339106480425,0.03260844190443571,0.1256759820708309,0.4515522728517526,-0.04574435460470686,0.4972966274564595
1139,22.78,hold,kick,260,1.3899999856948853,0.019999999552965164,0.10973345824050044,0.2691784353002819,0.02944441280178194,0.1273747558035216,0.457456850463312,-0.046327227357390324,0.5037840778207023
1140,22.8,hold,kick,261,1.3899999856948853,0.019999999552965164,0.10973345824050044,0.2714258515476267,0.02617840943393195,0.12971410447380782,0.4721228900432226,-0.04512508714340918,0.5172479771866318
1141,22.82,hold,kick,262,1.3899999856948853,0.019999999552965164,0.10973345824050044,0.2732432624692698,0.023282746444985215,0.13364194861025186,0.4929004014412332,-0.043276035552513456,0.5361764369937466
1142,22.84,hold,kick,263,1.3899999856948853,0.019999999552965164,0.10973345824050044,0.27344190352735376,0.023262226016015238,0.1352021078603723,0.5148919464792366,-0.04202350905388956,0.5569154555331262
1143,22.86,hold,kick,264,1.3899999856948853,0.019999999552965164,0.10973345824050044,0.2725480913669231,0.02452330930232985,0.13540886250113385,0.5341811155409067,-0.04134831732762547,0.5755294328685322
1144,22.88,hold,kick,265,1.3899999856948853,0.019999999552965164,0.10973345824050044,0.2715796139087938,0.026000943912914087,0.1355450133088925,0.5491296347959611,-0.03992956401306564,0.5890591988090268
1145,22.9,hold,kick,266,1.3899999856948853,0.019999999552965164,0.10973345824050044,0.2706527798110627,0.027523742769006983,0.13561739260101227,0.5569687667909256,-0.03962832219469444,0.59659708898562
1146,22.92,hold,kick,267,1.3899999856948853,0.019999999552965164,0.10973345824050044,0.2701642048393771,0.028684043027050302,0.13587126028117857,0.5567938792540217,-0.03970343018746815,0.5964973094414898
1147,22.94,hold,kick,268,1.3899999856948853,0.019999999552965164,0.10973345824050044,0.2701218418978185,0.029396105828905297,0.13610705966740774,0.5510425001051139,-0.040189806443311854,0.5912323065484257
1148,22.96,hold,kick,269,1.3899999856948853,0.019999999552965164,0.10973345824050044,0.27080543666608814,0.029655457627302557,0.13591391302787495,0.5403258345382527,-0.04096323771375114,0.5812890722520038
1149,22.98,hold,kick,270,1.3899999856948853,0.019999999552965164,0.10973345824050044,0.2729164462349642,0.02910849860927364,0.1346809191368819,0.522623155488677,-0.04211344661475558,0.5647366021034326
1150,23.0,hold,kick,271,1.3899999856948853,0.019999999552965164,0.10973345824050044,0.277405795452663,0.027051146131096878,0.13167373320201078,0.499266722704355,-0.04385090165738682,0.5431176243617418
1151,23.02,hold,kick,272,1.3899999856948853,0.019999999552965164,0.10973345824050044,0.28420651215429216,0.023077230579831815,0.1276891703636126,0.47379505023787527,-0.04641688916028109,0.5202119393981564
1152,23.04,hold,kick,273,1.3899999856948853,0.019999999552965164,0.10973345824050044,0.28969672258645646,0.018992100649136548,0.1257192490491613,0.45775911723294926,-0.04730923253699953,0.5050683497699487
1153,23.06,hold,kick,274,1.3899999856948853,0.019999999552965164,0.10973345824050044,0.2894912385463503,0.0156057557913842,0.1300150875111399,0.4580797903151454,-0.0438861107397863,0.5019659010549317
1154,23.08,hold,kick,275,1.3899999856948853,0.019999999552965164,0.10973345824050044,0.28649131444639014,0.013924143854125952,0.13416668516083263,0.47714843235138255,-0.038873355679453374,0.5160217880308359
1155,23.1,hold,kick,276,1.3899999856948853,0.019999999552965164,0.10973345824050044,0.28567019072889127,0.010682607692578725,0.13832061604782234,0.5002196958889567,-0.03591428141269534,0.536133977301652
1156,23.12,hold,kick,277,1.3899999856948853,0.019999999552965164,0.10973345824050044,0.28911706737231446,0.005470809059254653,0.13855381692657248,0.5144625904337288,-0.03384534471517493,0.5483079351489037
1157,23.14,hold,kick,278,1.3899999856948853,0.019999999552965164,0.10973345824050044,0.2905099519019817,0.0006039171456388516,0.1356635494236171,0.5138644842091169,-0.03316045465203371,0.5470249388611506
1158,23.16,hold,kick,279,1.3899999856948853,0.019999999552965164,0.10973345824050044,0.2889006441814083,-0.002756766140930164,0.13348017408131654,0.5021978520112748,-0.03340814357362998,0.5356059955849047
1159,23.18,hold,kick,280,1.3899999856948853,0.019999999552965164,0.10973345824050044,0.2849040342100012,-0.004666389884981435,0.13600959132937762,0.48109867972830733,-0.03362312867443468,0.5147218084027421
1160,23.2,hold,kick,281,1.3899999856948853,0.019999999552965164,0.10973345824050044,0.2799218051958619,-0.005307003014038495,0.137734851429688,0.46253754876408987,-0.03491264555741677,0.4974501943215066
1161,23.22,hold,kick,282,1.3899999856948853,0.019999999552965164,0.10973345824050044,0.2741654914067203,-0.0061305675098788535,0.13611403288791443,0.44566172082840366,-0.03635227222733051,0.48201399305573417
1162,23.24,hold,kick,283,1.3899999856948853,0.019999999552965164,0.10973345824050044,0.26423776073689703,-0.007253411548106228,0.1274439914240288,0.4269750444767283,-0.04051881453614087,0.46749385901286916
1163,23.26,hold,kick,284,1.3899999856948853,0.019999999552965164,0.10973345824050044,0.24808194388366486,-0.008743880158169678,0.12106634024362292,0.41069711856796665,-0.04873717101629464,0.4594342895842613
1164,23.28,hold,kick,285,1.3899999856948853,0.019999999552965164,0.10973345824050044,0.23612615508526955,-0.01501814334896706,0.12371786701561471,0.4030478245820369,-0.04965066401418092,0.45269848859621786
1165,23.3,hold,kick,286,1.3899999856948853,0.019999999552965164,0.10973345824050044,0.22841441471994597,-0.026846557442109408,0.12831537380584482,0.40606069558102537,-0.04811387133461047,0.45417456691563585
1166,23.32,hold,kick,287,1.3899999856948853,0.019999999552965164,0.10973345824050044,0.22116502137862926,-0.039922291758576756,0.12891173460930402,0.42223615723310226,-0.04675432679048538,0.4689904840235876
1167,23.34,hold,kick,288,1.3899999856948853,0.019999999552965164,0.10973345824050044,0.21273364433133965,-0.05537858380000777,0.12572753337276035,0.4513428572577571,-0.0467020611957883,0.49804491845354537
1168,23.36,hold,kick,289,1.3899999856948853,0.019999999552965164,0.10973345824050044,0.2048425974378269,-0.07066588411698224,0.11993074207731529,0.49127299860494406,-0.04725544506389691,0.538528443668841
1169,23.38,hold,kick,290,1.3899999856948853,0.019999999552965164,0.10973345824050044,0.19960124103084356,-0.08214386344159114,0.11334244408114427,0.5437371703522551,-0.04925697562593758,0.5929941459781927
1170,23.4,hold,kick,291,1.3899999856948853,0.019999999552965164,0.10973345824050044,0.19880998798531596,-0.0850535984180916,0.11337273435680996,0.5851802860874773,-0.04808154198197675,0.6332618280694541
1171,23.42,hold,kick,292,1.3899999856948853,0.019999999552965164,0.10973345824050044,0.19944232942140636,-0.0820748169025555,0.11399803494496662,0.6060467653718918,-0.046467252223799105,0.6525140175956909
1172,23.44,hold,kick,293,1.3899999856948853,0.019999999552965164,0.10973345824050044,0.1989608791581801,-0.07742958794043725,0.11369445619218053,0.6144411965861569,-0.047993730068516,0.662434926654673
1173,23.46,hold,kick,294,1.3899999856948853,0.019999999552965164,0.10973345824050044,0.19829749730701715,-0.07425934803134811,0.11122736705277439,0.6184984648229719,-0.04902031296192492,0.6675187777848968
1174,23.48,hold,kick,295,1.3899999856948853,0.019999999552965164,0.10973345824050044,0.19784026901550747,-0.07312268202164182,0.11102479612243517,0.6192427431634783,-0.05029288186689276,0.669535625030371
1175,23.5,hold,kick,296,1.3899999856948853,0.019999999552965164,0.10973345824050044,0.19786366965484667,-0.07331447755934564,0.11251197476653248,0.6156145572580404,-0.049969553001870316,0.6655841102599107
1176,23.52,hold,kick,297,1.3899999856948853,0.019999999552965164,0.10973345824050044,0.1980115800022503,-0.07408049829281366,0.11426723250082454,0.607079784119513,-0.04946194032833963,0.6565417244478526
1177,23.54,hold,kick,298,1.3899999856948853,0.019999999552965164,0.10973345824050044,0.19779083418646964,-0.0759042425585669,0.11625376840594928,0.5954409137568127,-0.048222156539772784,0.6436630702965855
1178,23.56,hold,kick,299,1.3899999856948853,0.019999999552965164,0.10973345824050044,0.19722805112185574,-0.0786867363491943,0.11911848359769968,0.5839269407799673,-0.04529748917468957,0.6292244299546569
1179,23.58,hold,kick,300,1.3899999856948853,0.019999999552965164,0.10973345824050044,0.1964345136309419,-0.08163065266100263,0.12253735391405558,0.5757289580552,-0.041031633641880935,0.6167605916970809
1180,23.6,hold,kick,301,1.3899999856948853,0.019999999552965164,0.10973345824050044,0.1949115060398978,-0.08332734056771164,0.1253486767826253,0.5721307291849814,-0.03609991668446214,0.6082306458694435
1181,23.62,hold,kick,302,1.3899999856948853,0.019999999552965164,0.10973345824050044,0.19323244696414693,-0.08320218265344125,0.12626389892057252,0.5737862421358891,-0.032790433247351126,0.6065766753832402
1182,23.64,hold,kick,303,1.3899999856948853,0.019999999552965164,0.10973345824050044,0.19170208791859622,-0.08196229449700293,0.12479697172391502,0.582663872050821,-0.03277325756017349,0.6154371296109945
1183,23.66,hold,kick,304,1.3899999856948853,0.019999999552965164,0.10973345824050044,0.19064511931975492,-0.08017180470072371,0.12128953257719827,0.5950271130212329,-0.03543060667752733,0.6304577196987602
1184,23.68,hold,kick,305,1.3899999856948853,0.019999999552965164,0.10973345824050044,0.19116509161361764,-0.07847454273129026,0.11743277284484242,0.6037423539703074,-0.03970426611047889,0.6434466200807862
1185,23.7,hold,kick,306,1.3899999856948853,0.019999999552965164,0.10973345824050044,0.19254105419195483,-0.077712609758737,0.11557171503064695,0.6046581996242197,-0.043611561087021175,0.6482697607112409
1186,23.72,hold,kick,307,1.3899999856948853,0.019999999552965164,0.10973345824050044,0.19472739387253746,-0.07735321493702586,0.11489796354157557,0.5984691515944157,-0.047200170390299626,0.6456693219847154
1187,23.74,hold,kick,308,1.3899999856948853,0.019999999552965164,0.10973345824050044,0.19793710479163895,-0.07661002922329961,0.11406840971718797,0.588561840516475,-0.04905629067495672,0.6376181311914317
1188,23.76,hold,kick,309,1.3899999856948853,0.019999999552965164,0.10973345824050044,0.20173310441456183,-0.07592090401726326,0.11406105777135433,0.5789248736582602,-0.04783725640874961,0.6267621300670098
1189,23.78,hold,kick,310,1.3899999856948853,0.019999999552965164,0.10973345824050044,0.20440730243246524,-0.07702121225079973,0.11496741935324309,0.5711745914817581,-0.04587921597128839,0.6170538074530465
1190,23.8,hold,kick,311,1.3899999856948853,0.019999999552965164,0.10973345824050044,0.20582599743666316,-0.07947009938264554,0.11682890806547037,0.5631625308020515,-0.043619142777123816,0.6067816735791753
1191,23.82,hold,kick,312,1.3899999856948853,0.019999999552965164,0.10973345824050044,0.20505375442339208,-0.08126975573532087,0.11949740523987971,0.554905455840126,-0.04139563063424505,0.596301086474371
1192,23.84,hold,kick,313,1.3899999856948853,0.019999999552965164,0.10973345824050044,0.2032315391291437,-0.0824681372719896,0.12213643402245936,0.546173640629495,-0.03979128659572214,0.5859649272252172
1193,23.86,hold,kick,314,1.3899999856948853,0.019999999552965164,0.10973345824050044,0.20197858817333297,-0.0834099074253837,0.12387012215900309,0.5368788368567,-0.03883415931898608,0.575712996175686
1194,23.88,hold,kick,315,1.3899999856948853,0.019999999552965164,0.10973345824050044,0.20094027584346602,-0.08408619991375152,0.12491224622544124,0.5258976557702928,-0.03834859075949465,0.5642462465297875
1195,23.9,hold,kick,316,1.3899999856948853,0.019999999552965164,0.10973345824050044,0.20027523452916104,-0.08466859292158532,0.12521670291806494,0.51324548211129,-0.03761977180889982,0.5508652539201898
1196,23.92,hold,kick,317,1.3899999856948853,0.019999999552965164,0.10973345824050044,0.19981132998520468,-0.08536494558887107,0.12569979542187862,0.5002503268963514,-0.03652473866213146,0.5367750655584829
1197,23.94,hold,kick,318,1.3899999856948853,0.019999999552965164,0.10973345824050044,0.19950302172358872,-0.08640781195951201,0.12635173522278645,0.48757540767160773,-0.0354323169032074,0.5230077245748151
1198,23.96,hold,kick,319,1.3899999856948853,0.019999999552965164,0.10973345824050044,0.19940162606277298,-0.08740440725165362,0.12685698553528718,0.47627682380062025,-0.03430904139357556,0.5105858651941958
1199,23.98,hold,kick,320,1.3899999856948853,0.019999999552965164,0.10973345824050044,0.19933176671797098,-0.08824883666667696,0.1272147367553111,0.4665417884723735,-0.033203753778985254,0.49974554225135875
1200,24.0,hold,kick,321,1.3899999856948853,0.019999999552965164,0.10973345824050044,0.19905006846154708,-0.0889865836015622,0.1276633216612278,0.45808977028000664,-0.03197681833788416,0.4900665886178908
1201,24.02,hold,kick,322,1.3899999856948853,0.019999999552965164,0.10973345824050044,0.19856346046608553,-0.0895199139724015,0.12821419416379845,0.45176570330570565,-0.030674680996682552,0.4824403843023882
1202,24.04,hold,kick,323,1.3899999856948853,0.019999999552965164,0.10973345824050044,0.19806296041989252,-0.08983723809139256,0.12863909214739952,0.44614757964745966,-0.02951301604872944,0.4756605956961891
1203,24.06,hold,kick,324,1.3899999856948853,0.019999999552965164,0.10973345824050044,0.19765907078908396,-0.09004548420220837,0.12890462955807797,0.44104256248616575,-0.028613329008496828,0.4696558914946626
1204,24.08,hold,kick,325,1.3899999856948853,0.019999999552965164,0.10973345824050044,0.19738797590864604,-0.09027157604732146,0.1290798070789141,0.4364304834757966,-0.027987135305755806,0.4644176187815524
1205,24.1,hold,kick,326,1.3899999856948853,0.019999999552965164,0.10973345824050044,0.1972259524446662,-0.09057628760764598,0.12922727084499938,0.43224941612818346,-0.02752246564324963,0.4597718817714331
1206,24.12,hold,kick,327,1.3899999856948853,0.019999999552965164,0.10973345824050044,0.19712906215590617,-0.090862482959557,0.12934536870248717,0.42864990390606084,-0.02715873693400283,0.4558086408400637
1207,24.14,hold,kick,328,1.3899999856948853,0.019999999552965164,0.10973345824050044,0.19708366689249818,-0.09103472432114884,0.1293881739571586,0.42584012582950764,-0.026904974081542674,0.45274509991105033
1208,24.16,hold,kick,329,1.3899999856948853,0.019999999552965164,0.10973345824050044,0.19709807269081606,-0.09106731511755883,0.1293370297766788,0.4238543521104042,-0.026758371643264077,0.45061272375366823
1209,24.18,hold,kick,330,1.3899999856948853,0.019999999552965164,0.10973345824050044,0.19715852381986293,-0.09099583442900226,0.12921447537606467,0.422596211476997,-0.02670590943822322,0.4493021209152202
1210,24.2,hold,kick,331,1.3899999856948853,0.019999999552965164,0.10973345824050044,0.19724652508735072,-0.09086153064789011,0.12904799011982904,0.42196341053098957,-0.026745472916083285,0.4487088834470728
1211,24.22,hold,kick,332,1.3899999856948853,0.019999999552965164,0.10973345824050044,0.19735196894527157,-0.09068249839295395,0.12885163210106748,0.4218825621724087,-0.02687001241510053,0.4487525745875092
1212,24.24,hold,kick,333,1.3899999856948853,0.019999999552965164,0.10973345824050044,0.1974630781349437,-0.09048225742841622,0.12864251397627743,0.42229683303587456,-0.02708486847426189,0.44938170151013646
1213,24.26,hold,kick,334,1.3899999856948853,0.019999999552965164,0.10973345824050044,0.19757797785027423,-0.09026760561426082,0.12842223845473014,0.4231413137207577,-0.027366425530360887,0.4505077392511186
1214,24.28,hold,kick,335,1.3899999856948853,0.019999999552965164,0.10973345824050044,0.19770343833844706,-0.09002756620170127,0.12817910233481772,0.42441144254739116,-0.027696728576013317,0.45210817112340446
1215,24.3,hold,kick,336,1.3899999856948853,0.019999999552965164,0.10973345824050044,0.1978405256884853,-0.08975892437936567,0.12791086142465777,0.4261283641514392,-0.028075590293005742,0.45420395444444495
1216,24.32,hold,kick,337,1.3899999856948853,0.019999999552965164,0.10973345824050044,0.19799059269529368,-0.0894606735666611,0.12761553720479657,0.4283076307739736,-0.028511920883861883,0.4568195516578355
1217,24.34,hold,kick,338,1.3899999856948853,0.019999999552965164,0.10973345824050044,0.19816232306154438,-0.08912571168012126,0.12728716096359924,0.43106985735567716,-0.02901835608818766,0.4600882134438648
1218,24.36,hold,kick,339,1.3899999856948853,0.019999999552965164,0.10973345824050044,0.19835486616078798,-0.08879447323571814,0.12693914711194304,0.43520749138450215,-0.029598221922890647,0.4648057133073928
1219,24.38,hold,kick,340,1.3899999856948853,0.019999999552965164,0.10973345824050044,0.19852719636358293,-0.08855060068203678,0.1266391326197007,0.4397033836504479,-0.03020081910505175,0.46990420275549966
1220,24.4,hold,kick,341,1.3899999856948853,0.019999999552965164,0.10973345824050044,0.19866352929081238,-0.08840356255577453,0.12641079638216923,0.4444427366944158,-0.030784890007740567,0.47522762670215635
1221,24.42,hold,kick,342,1.3899999856948853,0.019999999552965164,0.10973345824050044,0.19878010212036892,-0.0882953841352369,0.1262217960744024,0.44944200743121004,-0.03132771561657699,0.48076972304778703
1222,24.44,hold,kick,343,1.3899999856948853,0.019999999552965164,0.10973345824050044,0.1988972021206043,-0.08815868855946978,0.12603008238159985,0.45474128950800374,-0.03186086868960916,0.4866021581976129
1223,24.46,hold,kick,344,1.3899999856948853,0.019999999552965164,0.10973345824050044,0.199035201849949,-0.08794740135860833,0.12580081705670618,0.46034110440916404,-0.03243499557958967,0.4927760999887537
1224,24.48,hold,kick,345,1.3899999856948853,0.019999999552965164,0.10973345824050044,0.19923612878649566,-0.08758081119252802,0.1254709398088396,0.4662267755892345,-0.03313247357182797,0.49935924916106245
1225,24.5,hold,kick,346,1.3899999856948853,0.019999999552965164,0.10973345824050044,0.19948014894433377,-0.0871329641084438,0.12508499751179306,0.4722852533928314,-0.03399463850752139,0.5062798919003528
1226,24.52,hold,kick,347,1.3899999856948853,0.019999999552965164,0.10973345824050044,0.1997266870122534,-0.08671333463710526,0.12471489687940472,0.478386320382095,-0.03499901962744795,0.513385340009543
1227,24.54,hold,kick,348,1.3899999856948853,0.019999999552965164,0.10973345824050044,0.1999514455773775,-0.08636682154660566,0.12440090220442986,0.48439105988524267,-0.0361003864292217,0.5204914463144643
1228,24.56,hold,kick,349,1.3899999856948853,0.019999999552965164,0.10973345824050044,0.20015720450443047,-0.08606882947998079,0.12413338502574747,0.4901949857595001,-0.037267270250193385,0.5274622560096935
1229,24.58,hold,kick,350,1.3899999856948853,0.019999999552965164,0.10973345824050044,0.20035633224418573,-0.08577092231731676,0.12388023328291853,0.4957067881950679,-0.03848578795773695,0.5341925761528049
1230,24.6,hold,kick,351,1.3899999856948853,0.019999999552965164,0.10973345824050044,0.20060716286796232,-0.08538849474376121,0.12351333049103594,0.5001358832062502,-0.03960270713613076,0.539738590342381
1231,24.62,hold,kick,352,1.3899999856948853,0.019999999552965164,0.10973345824050044,0.20093773029943407,-0.08501359419707567,0.12308314781680402,0.5033087810039549,-0.040569254870001265,0.5438780358739562
1232,24.64,hold,kick,353,1.3899999856948853,0.019999999552965164,0.10973345824050044,0.20126136912250758,-0.08477363265573072,0.12273691260880054,0.5055572060566871,-0.04104760963171343,0.5466048156884005
1233,24.66,hold,kick,354,1.3899999856948853,0.019999999552965164,0.10973345824050044,0.20144831825637993,-0.08476379354044103,0.12259034081330346,0.5071459904097035,-0.041359631181107685,0.5485056215908112
1234,24.68,hold,kick,355,1.3899999856948853,0.019999999552965164,0.10973345824050044,0.2014712804558268,-0.08494274244066236,0.12265817500540652,0.5082377379103775,-0.04166282675770951,0.549900564668087
1235,24.7,hold,kick,356,1.3899999856948853,0.019999999552965164,0.10973345824050044,0.2014276810241026,-0.0851445442483078,0.12280577411034506,0.5091671207921776,-0.04234714694230492,0.5515142677344825
1236,24.72,hold,kick,357,1.3899999856948853,0.019999999552965164,0.10973345824050044,0.20139989694172616,-0.0851999761881936,0.1229311027003204,0.5098952058344048,-0.04294351332318072,0.5528387191575855
1237,24.74,hold,kick,358,1.3899999856948853,0.019999999552965164,0.10973345824050044,0.20143162872227266,-0.08509603810264116,0.12295292647646595,0.510355451406399,-0.043627951571653244,0.5539834029780523
1238,24.76,hold,kick,359,1.3899999856948853,0.019999999552965164,0.10973345824050044,0.20154823423448218,-0.08484877755224372,0.12274654929456762,0.5102224727304076,-0.0441655941815774,0.554388066911985
1239,24.78,hold,kick,360,1.3899999856948853,0.019999999552965164,0.10973345824050044,0.20168027896873783,-0.08457470177291064,0.12248184827128919,0.5093923349575303,-0.044615344383627964,0.5540076793411584
1240,24.8,hold,kick,361,1.3899999856948853,0.019999999552965164,0.10973345824050044,0.20179007022013326,-0.08433868219584612,0.12225433269435787,0.50803297163291,-0.04497305397104023,0.5530060256039502
1241,24.82,hold,kick,362,1.3899999856948853,0.019999999552965164,0.10973345824050044,0.20187076270292836,-0.08415721450031068,0.1220731900570765,0.5063032214717881,-0.04527851256768646,0.5515817340394745
1242,24.84,hold,kick,363,1.3899999856948853,0.019999999552965164,0.10973345824050044,0.20192694554483004,-0.08402554720948788,0.12193596552949472,0.5042670136489927,-0.045530326153568085,0.5497973398025608
1243,24.86,hold,kick,364,1.3899999856948853,0.019999999552965164,0.10973345824050044,0.2019661939263251,-0.08392897790858339,0.12183256618845512,0.5019877717165686,-0.04572933309343667,0.5477171048100052
1244,24.88,hold,kick,365,1.3899999856948853,0.019999999552965164,0.10973345824050044,0.20199518716991702,-0.08385492722275559,0.12175607790009038,0.49956137906791204,-0.04587809489533913,0.5454394739632512
1245,24.9,hold,kick,366,1.3899999856948853,0.019999999552965164,0.10973345824050044,0.202018919094397,-0.08379629289681141,0.12170185189508076,0.4970967852184228,-0.04598183400496998,0.5430786192233928
1246,24.92,hold,kick,367,1.3899999856948853,0.019999999552965164,0.10973345824050044,0.20203821645131487,-0.08375168254629292,0.12166724376395996,0.49469309249257615,-0.046046542683484855,0.540739635176061
1247,24.94,hold,kick,368,1.3899999856948853,0.019999999552965164,0.10973345824050044,0.20205290226426115,-0.0837209549551525,0.12164844503265072,0.49244006998583445,-0.046081785179034246,0.5385218551648687
1248,24.96,hold,kick,369,1.3899999856948853,0.019999999552965164,0.10973345824050044,0.20206416648712722,-0.08369930407204425,0.12163883178187948,0.4904150188502079,-0.046100026130893146,0.536515044981101
1249,24.98,hold,kick,370,1.3899999856948853,0.019999999552965164,0.10973345824050044,0.20207238667696686,-0.0836846981823881,0.12163670474031626,0.48867726496244673,-0.04610488258432685,0.5347821475467736
1250,25.0,hold,kick,371,1.3899999856948853,0.019999999552965164,0.10973345824050044,0.20207748688658264,-0.08367769252563745,0.12164301855260432,0.4872393316222986,-0.04609652543073805,0.5333358570530367
1251,25.02,hold,kick,372,1.3899999856948853,0.019999999552965164,0.10973345824050044,0.2020805414423688,-0.08367524384011285,0.12165476508843558,0.48611532976326616,-0.04608097075387661,0.5321963005171427
1252,25.04,hold,kick,373,1.3899999856948853,0.019999999552965164,0.10973345824050044,0.2020821566826843,-0.08367521733305402,0.12167026807453143,0.4853157619401352,-0.04605998035777898,0.5313757422979142
1253,25.06,hold,kick,374,1.3899999856948853,0.019999999552965164,0.10973345824050044,0.20208281503121467,-0.08367680646712583,0.12168888887598091,0.48484465532994336,-0.04603379310071873,0.5308784484306621
1254,25.08,hold,kick,375,1.3899999856948853,0.019999999552965164,0.10973345824050044,0.20208294903857849,-0.08367998617830397,0.1217098722444152,0.48469436213259137,-0.0460036886458003,0.5306980507783917
1255,25.1,hold,kick,376,1.3899999856948853,0.019999999552965164,0.10973345824050044,0.20208299915286382,-0.0836842021582231,0.12173271626333332,0.48484186666820217,-0.04597021157409627,0.5308120782422985
1256,25.12,hold,kick,377,1.3899999856948853,0.019999999552965164,0.10973345824050044,0.20208337266115398,-0.08368834301229082,0.12175644075005135,0.48525200451344314,-0.04593419125097828,0.5311861957644214
1257,25.14,hold,kick,378,1.3899999856948853,0.019999999552965164,0.10973345824050044,0.2020845020934055,-0.08369151942591432,0.1217797125092742,0.48586552686919093,-0.04589832578256958,0.5317638526517605
1258,25.16,hold,kick,379,1.3899999856948853,0.019999999552965164,0.10973345824050044,0.20208639823607877,-0.08369378992838229,0.12180185302021625,0.48654374941643774,-0.045865194184763175,0.532408943601201
1259,25.18,hold,kick,380,1.3899999856948853,0.019999999552965164,0.10973345824050044,0.2020877603348409,-0.08369746706946278,0.12182478913302022,0.4872114016516337,-0.04583164610366743,0.5330430477553011
1260,25.2,hold,kick,381,1.3899999856948853,0.019999999552965164,0.10973345824050044,0.20208813909498832,-0.08370345290731807,0.12184921231764177,0.4878610909075298,-0.04579678063110111,0.533657871538631
1261,25.22,hold,kick,382,1.3899999856948853,0.019999999552965164,0.10973345824050044,0.20208763385617268,-0.08371150427628962,0.12187484768721324,0.48849243755300387,-0.0457613356760068,0.5342537732290107
1262,25.24,hold,kick,383,1.3899999856948853,0.019999999552965164,0.10973345824050044,0.20208646830343777,-0.08372105442703281,0.12190120175352623,0.48910468963660175,-0.04572610316114797,0.5348307927977497
1263,25.26,hold,kick,384,1.3899999856948853,0.019999999552965164,0.10973345824050044,0.20208496622638839,-0.08373112534405416,0.12192738572644973,0.48969836951771184,-0.04569187625641616,0.535390245774128
1264,25.28,hold,kick,385,1.3899999856948853,0.019999999552965164,0.10973345824050044,0.20208341514457479,-0.0837409246816321,0.12195273102572368,0.49027195439365123,-0.04565928990429359,0.5359312442979448
1265,25.3,hold,kick,386,1.3899999856948853,0.019999999552965164,0.10973345824050044,0.20208198291304458,-0.08375006063477684,0.12197694248195966,0.490821661920753,-0.0456286960048186,0.5364503579255716
1266,25.32,hold,kick,387,1.3899999856948853,0.019999999552965164,0.10973345824050044,0.2020807550569704,-0.08375835213352284,0.12199991121628283,0.4913433881095283,-0.045600187837667346,0.5369435759471957
1267,25.34,hold,kick,388,1.3899999856948853,0.019999999552965164,0.10973345824050044,0.20207979138221097,-0.08376567456300991,0.12202158677014543,0.4918326910006296,-0.04557374836498352,0.5374064393656132
1268,25.36,hold,kick,389,1.3899999856948853,0.019999999552965164,0.10973345824050044,0.20207915208503094,-0.08377189435981566,0.1220419301308542,0.49228502801938673,-0.045549266425913545,0.5378342944453003
1269,25.38,hold,kick,390,1.3899999856948853,0.019999999552965164,0.10973345824050044,0.20207888504715293,-0.0837768934308278,0.12206090656483015,0.49269576407263715,-0.045526645229051324,0.5382224093016885
1270,25.4,hold,kick,391,1.3899999856948853,0.019999999552965164,0.10973345824050044,0.20207901686700216,-0.08378060399772123,0.12207849997422972,0.4930606112608529,-0.04550586552084407,0.5385664767816969
1271,25.42,hold,kick,392,1.3899999856948853,0.019999999552965164,0.10973345824050044,0.20207957138823335,-0.08378296923934869,0.12209469206165656,0.4933769276212319,-0.04548695172420317,0.5388638793454351
1272,25.44,hold,kick,393,1.3899999856948853,0.019999999552965164,0.10973345824050044,0.202080543916114,-0.08378398282575157,0.12210950817706337,0.4936435948374982,-0.04546985186678553,0.5391134467042837
1273,25.46,hold,kick,394,1.3899999856948853,0.019999999552965164,0.10973345824050044,0.20208190383361707,-0.08378371032952944,0.12212303064402649,0.49386087287836244,-0.045454436248667254,0.5393153091270297
1274,25.48,hold,kick,395,1.3899999856948853,0.019999999552965164,0.10973345824050044,0.20208361730040073,-0.08378223013233178,0.12213535094451022,0.4940304896283954,-0.04544058037764621,0.5394710700060417
1275,25.5,hold,kick,396,1.3899999856948853,0.019999999552965164,0.10973345824050044,0.20208568989113718,-0.08377942168150043,0.12214636008790132,0.49416031478195066,-0.04542858155950958,0.5395888963414602
1276,25.52,hold,kick,397,1.3899999856948853,0.019999999552965164,0.10973345824050044,0.2020880785022777,-0.08377543878653057,0.12215619347176745,0.4942592966767256,-0.045418141453669146,0.5396774381303947
1277,25.54,hold,kick,398,1.3899999856948853,0.019999999552965164,0.10973345824050044,0.20209068752403714,-0.0837706582417174,0.12216520476220058,0.49433145457750605,-0.04540860888653084,0.5397400634640369
1278,25.56,hold,kick,399,1.3899999856948853,0.019999999552965164,0.10973345824050044,0.20209343726523554,-0.08376534390181903,0.12217365076391733,0.49437946448448405,-0.04539963318416553,0.5397790976686496
1279,25.58,hold,kick,399,1.3899999856948853,0.019999999552965164,0.10973345824050044,0.2020962792725363,-0.08375964011822479,0.12218167406158224,0.4944059506447738,-0.04539107384457644,0.5397970244893502
1280,25.6,hold,kick,399,1.3899999856948853,0.019999999552965164,0.10973345824050044,0.20209913785260697,-0.08375370533808185,0.122189426957561,0.49441717890025866,-0.045382755691409274,0.539799934591668
