tick,t_s,phase,task_mode,curr_motion_timestep,ball_x,ball_y,ball_z,base_x,base_y,base_z,robot_top_z,robot_bottom_z,robot_height,kick_aim_theta_deg
0,0.0,idle,locomotion,0,1.3899999856948853,0.019999999552965164,0.10989091315873106,-0.0004543668524025666,-8.036044738567684e-06,0.7549788067637767,1.2870338798385434,-0.000632725291058605,1.287666605129602,
1,0.02,idle,locomotion,0,1.3899999856948853,0.019999999552965164,0.10980902141344312,-0.0016669221773087995,-7.688966872467602e-05,0.7512426443898476,1.28330764283904,-0.00048446506593594063,1.2837921079049759,
2,0.04,idle,locomotion,0,1.3899999856948853,0.019999999552965164,0.10976503447145444,-0.003458094414136978,-0.0002120534212616017,0.745607842268515,1.2776317215698216,-0.0005820739660774947,1.2782137955358992,
3,0.06,idle,locomotion,0,1.3899999856948853,0.019999999552965164,0.10974518062216254,-0.005590782335423035,-0.00039132589124650334,0.7388095799112946,1.2707125608185017,-0.0004254938934854513,1.271138054711987,
4,0.08,idle,locomotion,0,1.3899999856948853,0.019999999552965164,0.10973731266832155,-0.0077430148193098425,-0.0005531209300543428,0.7320040457789156,1.2637120017781989,-0.0004104570054380384,1.2641224587836368,
5,0.1,idle,locomotion,0,1.3899999856948853,0.019999999552965164,0.10973454404443848,-0.009696759020290074,-0.0006369615934248587,0.7261868460811842,1.2576586121275082,-0.00042037949051038775,1.2580789916180186,
6,0.12,idle,locomotion,0,1.3899999856948853,0.019999999552965164,0.10973369052927323,-0.011374551875630235,-0.0006158588767769342,0.721933119253055,1.253161288072559,-0.0004548122706050685,1.2536161003431643,
7,0.14,idle,locomotion,0,1.3899999856948853,0.019999999552965164,0.1097334732878534,-0.01276849924675493,-0.0004960957206941096,0.7194261593298747,1.2504304624232678,-0.000492142365721638,1.2509226047889894,
8,0.16,idle,locomotion,0,1.3899999856948853,0.019999999552965164,0.10973343775080387,-0.013909202658656885,-0.00030893765850570956,0.7185429979746603,1.2493632503880028,-0.0005107718644073687,1.24987402225241,
9,0.18,idle,locomotion,0,1.3899999856948853,0.019999999552965164,0.10973344222612894,-0.014841222436797726,-8.576770810293015e-05,0.7189277872828825,1.2496196428560826,-0.0005132574846468604,1.2501329003407295,
10,0.2,idle,locomotion,0,1.3899999856948853,0.019999999552965164,0.10973344999820983,-0.015651510164842737,0.00014130397631563967,0.7201766010195808,1.250791900651761,-0.0005083087373648869,1.251300209389126,
11,0.22,idle,locomotion,0,1.3899999856948853,0.019999999552965164,0.1097334547231311,-0.01640230732707917,0.00035513729529483004,0.7218772257984731,1.2524637749864929,-0.0004949496799413582,1.2529587246664342,
12,0.24,idle,locomotion,0,1.3899999856948853,0.019999999552965164,0.10973345692610834,-0.017162414267649456,0.0005565743977067224,0.7236686379416041,1.2542634441058522,-0.00048116021577722726,1.2547446043216295,
13,0.26,idle,locomotion,0,1.3899999856948853,0.019999999552965164,0.10973345780729221,-0.017984119868934473,0.0007420133897262239,0.7252789287765221,1.2559067831631376,-0.00047286324950533004,1.2563796464126429,
14,0.28,idle,locomotion,0,1.3899999856948853,0.019999999552965164,0.10973345811827714,-0.018870821565751032,0.0008890471893841128,0.7265416120220052,1.2572224035471533,-0.0004662982825903855,1.2576887018297438,
15,0.3,idle,locomotion,0,1.3899999856948853,0.019999999552965164,0.10973345821428342,-0.019816633722057463,0.0010003780230722083,0.7273925353654347,1.2581394535821109,-0.0004659374084290645,1.25860539099054,
16,0.32,idle,locomotion,0,1.3899999856948853,0.019999999552965164,0.10973345823876013,-0.020837962367473643,0.0010816815422700391,0.7278500034272483,1.2586625295296547,-0.00046977558529575844,1.2591323051149506,
17,0.34,idle,locomotion,0,1.3899999856948853,0.019999999552965164,0.10973345824278434,-0.021938458555451488,0.0011360210268352685,0.7279801399665529,1.2588483755529283,-0.0004747112653352599,1.2593230868182634,
18,0.36,idle,locomotion,0,1.3899999856948853,0.019999999552965164,0.10973345824229395,-0.02308530902238056,0.001162751603231912,0.7278819527294665,1.2587967799701905,-0.0004775374246053926,1.2592743173947958,
19,0.38,idle,locomotion,0,1.3899999856948853,0.019999999552965164,0.10973345824142507,-0.024258057477390224,0.0011617711705621768,0.7276440455389211,1.2585962239255943,-0.0004822317907258421,1.2590784557163202,
20,0.4,idle,locomotion,0,1.3899999856948853,0.019999999552965164,0.10973345824089552,-0.02543787802512364,0.0011308480870719738,0.7273416594619986,1.2583218435864145,-0.0004867459938229894,1.2588085895802374,
21,0.42,idle,locomotion,0,1.3899999856948853,0.019999999552965164,0.10973345824064834,-0.026605726540974237,0.0010720633281813196,0.7270370554864927,1.2580373794193525,-0.0004902713551415486,1.258527650774494,
22,0.44,idle,locomotion,0,1.3899999856948853,0.019999999552965164,0.10973345824054938,-0.027754522821319544,0.0009910927069894137,0.7267737205122384,1.2577866976298981,-0.0004927557397645076,1.2582794533696626,
23,0.46,idle,locomotion,0,1.3899999856948853,0.019999999552965164,0.10973345824051445,-0.0288835349503219,0.0008943676878932764,0.7265755943644177,1.2575930277311311,-0.0004951250669481093,1.2580881527980792,
24,0.48,idle,locomotion,0,1.3899999856948853,0.019999999552965164,0.10973345824050364,-0.029985313232983243,0.0007841161058908993,0.7264497630573286,1.2574649926143522,-0.0004970974647480302,1.2579620900791002,
25,0.5,idle,locomotion,0,1.3899999856948853,0.019999999552965164,0.10973345824050088,-0.031053040525737534,0.0006620944488070536,0.7263822927877558,1.257391335093095,-0.0004984086996129393,1.257889743792708,
26,0.52,idle,locomotion,0,1.3899999856948853,0.019999999552965164,0.10973345824050044,-0.03208505383540407,0.000527314681072874,0.726347193468139,1.2573469729819853,-0.0004992513672112953,1.2578462243491966,
27,0.54,idle,locomotion,0,1.3899999856948853,0.019999999552965164,0.10973345824050044,-0.03307395397614222,0.0003804733460099495,0.7263384984917726,1.2573277531379352,-0.0005000778315324486,1.2578278309694677,
28,0.56,idle,locomotion,0,1.3899999856948853,0.019999999552965164,0.10973345824050044,-0.03401199735302461,0.00022363565378386016,0.7263506705275722,1.2573301740398108,-0.0005008367802353322,1.2578310108200461,
29,0.58,idle,locomotion,0,1.3899999856948853,0.019999999552965164,0.10973345824050044,-0.034893729242984846,5.898830012638939e-05,0.7263768605978856,1.2573487810650341,-0.0005015117307687403,1.2578502927958028,
30,0.6,idle,locomotion,0,1.3899999856948853,0.019999999552965164,0.10973345824050044,-0.035715941647862445,-0.00011081755108554767,0.7264101026471784,1.2573774114642855,-0.0005020985346813715,1.2578795099989668,
31,0.62,idle,locomotion,0,1.3899999856948853,0.019999999552965164,0.10973345824050044,-0.0364774254825453,-0.0002840487762632498,0.7264442739884158,1.2574101928217298,-0.0005026248252252216,1.257912817646955,
32,0.64,idle,locomotion,0,1.3899999856948853,0.019999999552965164,0.10973345824050044,-0.03717856411631017,-0.0004587608935228198,0.7264746171233121,1.257442180242499,-0.0005030899351342287,1.2579452701776332,
33,0.66,idle,locomotion,0,1.3899999856948853,0.019999999552965164,0.10973345824050044,-0.0378219468905369,-0.0006325694678693464,0.7264980754553528,1.2574694892737392,-0.0005035006106692309,1.2579729898844085,
34,0.68,idle,locomotion,0,1.3899999856948853,0.019999999552965164,0.10973345824050044,-0.038411139760180346,-0.0008036217389076036,0.7265129357896246,1.2574893283728557,-0.0005038808662282575,1.257993209239084,
35,0.7,idle,locomotion,0,1.3899999856948853,0.019999999552965164,0.10973345824050044,-0.03894892945229191,-0.0009702113875018463,0.7265186028027316,1.2575003579415522,-0.0005046910734117852,1.2580050490149641,
36,0.72,idle,locomotion,0,1.3899999856948853,0.019999999552965164,0.10973345824050044,-0.03943723815168459,-0.0011309977648460358,0.7265156105497168,1.2575026915945915,-0.0005054209392585246,1.25800811253385,
37,0.74,idle,locomotion,0,1.3899999856948853,0.019999999552965164,0.10973345824050044,-0.03987752731841378,-0.0012846326863762692,0.7265054467948414,1.2574975694213135,-0.0005060726126544998,1.258003642033968,
38,0.76,idle,locomotion,0,1.3899999856948853,0.019999999552965164,0.10973345824050044,-0.04027085740321489,-0.0014296465717027428,0.7264912415110814,1.25748797115466,-0.0005066722852116665,1.2579946434398717,
39,0.78,idle,locomotion,0,1.3899999856948853,0.019999999552965164,0.10973345824050044,-0.04061816513072794,-0.0015649802837822877,0.7264764349894404,1.2574773404328108,-0.0005070387111499146,1.2579843791439607,
40,0.8,idle,locomotion,0,1.3899999856948853,0.019999999552965164,0.10973345824050044,-0.040920521999623885,-0.001690280141913741,0.7264626757053745,1.2574673705813948,-0.0005071561923798151,1.2579745267737745,
41,0.82,idle,locomotion,0,1.3899999856948853,0.019999999552965164,0.10973345824050044,-0.041179132425182244,-0.0018054633087433393,0.7264505258403825,1.2574586842058857,-0.0005071467247005322,1.2579658309305861,
42,0.84,idle,locomotion,0,1.3899999856948853,0.019999999552965164,0.10973345824050044,-0.04139535503133958,-0.001910601207430664,0.7264399635695082,1.2574513206780162,-0.0005070553999537292,1.25795837607797,
43,0.86,idle,locomotion,0,1.3899999856948853,0.019999999552965164,0.10973345824050044,-0.041570709403586904,-0.0020058576132906602,0.7264307677108193,1.2574451043728632,-0.0005068985980488175,1.257952002970912,
44,0.88,idle,locomotion,0,1.3899999856948853,0.019999999552965164,0.10973345824050044,-0.041707182810244124,-0.0020916225015134428,0.726423261503501,1.257440342380363,-0.0005066079939117368,1.2579469503742748,
45,0.9,idle,locomotion,0,1.3899999856948853,0.019999999552965164,0.10973345824050044,-0.04180765480138006,-0.002168379154604032,0.7264177053428951,1.2574372294403555,-0.0005062003078078747,1.2579434297481633,
46,0.92,idle,locomotion,0,1.3899999856948853,0.019999999552965164,0.10973345824050044,-0.04187566711461471,-0.00223666260423643,0.7264138490725843,1.2574353716992552,-0.0005057369831114635,1.2579411086823666,
47,0.94,idle,locomotion,0,1.3899999856948853,0.019999999552965164,0.10973345824050044,-0.04191478656264619,-0.002296945299533838,0.7264112835646754,1.2574341584487354,-0.000505255235536288,1.2579394136842716,
48,0.96,idle,locomotion,0,1.3899999856948853,0.019999999552965164,0.10973345824050044,-0.041927853927044234,-0.0023490469934854706,0.7264097932439173,1.2574333360597303,-0.0005047580151322263,1.2579380940748626,
49,0.98,idle,locomotion,0,1.3899999856948853,0.019999999552965164,0.10973345824050044,-0.04191726807266054,-0.0023927291143966793,0.7264092041071178,1.25743279540369,-0.0005042588550478073,1.2579370542587378,
50,1.0,idle,locomotion,0,1.3899999856948853,0.019999999552965164,0.10973345824050044,-0.0418851932097772,-0.002428320324866157,0.7264093644121038,1.2574324778029242,-0.0005037638662864427,1.2579362416692106,
51,1.02,idle,locomotion,0,1.3899999856948853,0.019999999552965164,0.10973345824050044,-0.04183369365420133,-0.0024563509372403456,0.7264101287589884,1.2574323314611158,-0.0005032725925343991,1.2579356040536502,
52,1.04,idle,locomotion,0,1.3899999856948853,0.019999999552965164,0.10973345824050044,-0.04176437054244685,-0.0024777260680677584,0.7264114743643386,1.2574325330559075,-0.0005027900958696659,1.2579353231517771,
53,1.06,idle,locomotion,0,1.3899999856948853,0.019999999552965164,0.10973345824050044,-0.04167826412142006,-0.002493070647466598,0.7264132179567963,1.2574332691016001,-0.000502311023296103,1.2579355801248961,
54,1.08,idle,locomotion,0,1.3899999856948853,0.019999999552965164,0.10973345824050044,-0.04157669578558532,-0.0025028426261968348,0.7264150723659516,1.2574345127795055,-0.0005018309651666462,1.257936343744672,
55,1.1,idle,locomotion,0,1.3899999856948853,0.019999999552965164,0.10973345824050044,-0.04146131179830592,-0.0025075020268564914,0.7264167015065993,1.2574360539022331,-0.00050136764233049,1.2579374215445636,
56,1.12,idle,locomotion,0,1.3899999856948853,0.019999999552965164,0.10973345824050044,-0.04133381063214716,-0.0025075442705886288,0.7264177804322798,1.2574376002665648,-0.0005009459376954482,1.2579385462042603,
57,1.14,idle,locomotion,0,1.3899999856948853,0.019999999552965164,0.10973345824050044,-0.04119609154599926,-0.0025035942465845926,0.7264179347667935,1.2574387242985747,-0.0005005513749333258,1.2579392756735082,
58,1.16,idle,locomotion,0,1.3899999856948853,0.019999999552965164,0.10973345824050044,-0.04105029270253038,-0.0024963021605742862,0.7264163690619682,1.2574384944891743,-0.0005001787527126114,1.257938673241887,
59,1.18,idle,locomotion,0,1.3899999856948853,0.019999999552965164,0.10973345824050044,-0.04089844390097959,-0.002486518644482271,0.7264123760295456,1.2574360259269304,-0.0004998261908534633,1.257935852117784,
60,1.2,idle,locomotion,0,1.3899999856948853,0.019999999552965164,0.10973345824050044,-0.04074233118462425,-0.0024746287839918983,0.7264057112879275,1.2574309195918207,-0.0004994986339735448,1.2579304182257942,
61,1.22,idle,locomotion,0,1.3899999856948853,0.019999999552965164,0.10973345824050044,-0.04058362644504501,-0.0024609082736407827,0.7263966256172888,1.2574232855270835,-0.0004991915682471364,1.2579224770953306,
62,1.24,idle,locomotion,0,1.3899999856948853,0.019999999552965164,0.10973345824050044,-0.040423854470425305,-0.0024456169593852634,0.7263856776684589,1.2574135667140047,-0.0004989015844331715,1.257912468298438,
63,1.26,idle,locomotion,0,1.3899999856948853,0.019999999552965164,0.10973345824050044,-0.0402643639508111,-0.0024289128463796114,0.7263735667356236,1.2574023819647984,-0.0004986273652035425,1.2579010093300018,
64,1.28,idle,locomotion,0,1.3899999856948853,0.019999999552965164,0.10973345824050044,-0.04010633072293424,-0.0024109281855187485,0.7263610056593276,1.2573903957364203,-0.0004983659049162259,1.2578887616413366,
65,1.3,idle,locomotion,0,1.3899999856948853,0.019999999552965164,0.10973345824050044,-0.039950777903729785,-0.0023921562115900457,0.7263486503503236,1.2573782417340162,-0.0004981132818550824,1.2578763550158714,
66,1.32,idle,locomotion,0,1.3899999856948853,0.019999999552965164,0.10973345824050044,-0.039798569112456716,-0.002372744957085811,0.7263369883169647,1.2573664182323605,-0.0004978727708221942,1.2578642910031828,
67,1.34,idle,locomotion,0,1.3899999856948853,0.019999999552965164,0.10973345824050044,-0.039650456017403954,-0.0023528876742618253,0.7263263514370878,1.2573552773826797,-0.0004976487222828931,1.2578529261049627,
68,1.36,idle,locomotion,0,1.3899999856948853,0.019999999552965164,0.10973345824050044,-0.039507071234474694,-0.0023326245313092255,0.7263169048910123,1.257345020892138,-0.0004974402659337837,1.2578424611580716,
69,1.38,idle,locomotion,0,1.3899999856948853,0.019999999552965164,0.10973345824050044,-0.039368955272481625,-0.0023120522176872747,0.7263086594382638,1.2573357052266456,-0.0004972431769076149,1.2578329484035533,
70,1.4,idle,locomotion,0,1.3899999856948853,0.019999999552965164,0.10973345824050044,-0.039236585302279206,-0.002291292468639742,0.7263015292209395,1.2573272882372577,-0.0004970570907353727,1.2578243453279931,
71,1.42,idle,locomotion,0,1.3899999856948853,0.019999999552965164,0.10973345824050044,-0.039110313214058126,-0.0022704722335068674,0.7262952916436223,1.2573195964671657,-0.0004968834470251982,1.2578164799141909,
72,1.44,idle,locomotion,0,1.3899999856948853,0.019999999552965164,0.10973345824050044,-0.038990268553169144,-0.002249706794842088,0.726289659363795,1.257312412036121,-0.0004967228412846234,1.2578091348774056,
73,1.46,idle,locomotion,0,1.3899999856948853,0.019999999552965164,0.10973345824050044,-0.038876256500185495,-0.00222908331043301,0.7262844888162466,1.257305737883123,-0.0004965745641637674,1.2578023124472868,
74,1.48,idle,locomotion,0,1.3899999856948853,0.019999999552965164,0.10973345824050044,-0.03876825374524405,-0.002208691927478188,0.7262796650255577,1.2572995472091129,-0.0004964379390248776,1.2577959851481377,
75,1.5,idle,locomotion,0,1.3899999856948853,0.019999999552965164,0.10973345824050044,-0.03866637106998156,-0.002188626282179605,0.7262750713791107,1.257293751718504,-0.0004963165999906094,1.2577900683184948,
76,1.52,idle,locomotion,0,1.3899999856948853,0.019999999552965164,0.10973345824050044,-0.03857066008911649,-0.0021689672689285742,0.7262705373741128,1.2572881938242382,-0.0004962203375078397,1.257784414161746,
77,1.54,idle,locomotion,0,1.3899999856948853,0.019999999552965164,0.10973345824050044,-0.03848113558199984,-0.0021497942342655297,0.7262659465143604,1.257282756144034,-0.0004961412072762121,1.2577788973513102,
78,1.56,idle,locomotion,0,1.3899999856948853,0.019999999552965164,0.10973345824050044,-0.03839779479526954,-0.002131190682318707,0.7262612645326159,1.2572773949335936,-0.0004960746511431975,1.2577734695847367,
79,1.58,idle,locomotion,0,1.3899999856948853,0.019999999552965164,0.10973345824050044,-0.03832060382734518,-0.0021132421983318067,0.7262565144106783,1.2572721192184924,-0.0004960196207476099,1.2577681388392399,
80,1.6,idle,locomotion,0,1.3899999856948853,0.019999999552965164,0.10973345824050044,-0.03824949220999581,-0.0020960297789313397,0.7262517486296834,1.2572669663807465,-0.000495975146056666,1.2577629415268032,
81,1.62,idle,locomotion,0,1.3899999856948853,0.019999999552965164,0.10973345824050044,-0.038184353574487476,-0.0020796273363429462,0.7262470363835782,1.2572619899926465,-0.0004959406271823098,1.2577579306198288,
82,1.64,idle,locomotion,0,1.3899999856948853,0.019999999552965164,0.10973345824050044,-0.038125050369908424,-0.002064100499352367,0.7262424412721082,1.2572572391175325,-0.000495914786116193,1.2577531539036486,
83,1.66,idle,locomotion,0,1.3899999856948853,0.019999999552965164,0.10973345824050044,-0.03807141703927618,-0.0020495042010744025,0.7262380093383676,1.2572527460737677,-0.000495896626414364,1.257748642700182,
84,1.68,idle,locomotion,0,1.3899999856948853,0.019999999552965164,0.10973345824050044,-0.038023264554272795,-0.002035883928515374,0.726233776002491,1.2572485335422443,-0.0004958853378794204,1.2577444188801237,
85,1.7,idle,locomotion,0,1.3899999856948853,0.019999999552965164,0.10973345824050044,-0.03798036547473747,-0.0020232855018041574,0.7262297525841002,1.2572446073620145,-0.0004958833557931266,1.2577404907178076,
86,1.72,idle,locomotion,0,1.3899999856948853,0.019999999552965164,0.10973345824050044,-0.03794247550777045,-0.0020117433502586553,0.726225792412785,1.2572408245549782,-0.0004958880667775799,1.2577367126217558,
87,1.74,idle,locomotion,0,1.3899999856948853,0.019999999552965164,0.10973345824050044,-0.03790936571956132,-0.0020012437793620274,0.7262218031342148,1.2572370885189725,-0.0004958969715412841,1.2577329854905137,
88,1.76,idle,locomotion,0,1.3899999856948853,0.019999999552965164,0.10973345824050044,-0.03788081757900791,-0.0019917509670590843,0.7262177658024656,1.2572333729733352,-0.0004959094698492976,1.2577292824431845,
89,1.78,idle,locomotion,0,1.3899999856948853,0.019999999552965164,0.10973345824050044,-0.03785661328307375,-0.0019832267791976854,0.7262136945327635,1.2572296823380127,-0.0004959256820852645,1.257725608020098,
90,1.8,idle,locomotion,0,1.3899999856948853,0.019999999552965164,0.10973345824050044,-0.03783653228051785,-0.0019756275804517086,0.7262096180977397,1.257226035127313,-0.0004959455087628246,1.2577219806360758,
91,1.82,idle,locomotion,0,1.3899999856948853,0.019999999552965164,0.10973345824050044,-0.03782035104706744,-0.001968904553919018,0.726205552868027,1.2572224384697634,-0.0004959676624402866,1.2577184061322038,
92,1.84,idle,locomotion,0,1.3899999856948853,0.019999999552965164,0.10973345824050044,-0.03780784271893175,-0.0019630048176416744,0.7262015117392386,1.257218896096506,-0.0004959917602533961,1.2577148878567594,
93,1.86,idle,locomotion,0,1.3899999856948853,0.019999999552965164,0.10973345824050044,-0.037798778321955065,-0.0019578818765514064,0.7261975145023787,1.2572154190112321,-0.0004960176386713915,1.2577114366499036,
94,1.88,idle,locomotion,0,1.3899999856948853,0.019999999552965164,0.10973345824050044,-0.03779293045009661,-0.001953490411247343,0.726193574390708,1.2572120127770172,-0.0004960443200940322,1.2577080570971113,
95,1.9,idle,locomotion,0,1.3899999856948853,0.019999999552965164,0.10973345824050044,-0.03779007553827672,-0.0019497731584616161,0.7261896477497393,1.2572086303302545,-0.0004960676045246137,1.2577046979347792,
96,1.92,idle,locomotion,0,1.3899999856948853,0.019999999552965164,0.10973345824050044,-0.03778999226334688,-0.0019466833035973238,0.7261857059884366,1.257205238096582,-0.0004960906258754429,1.2577013287224574,
97,1.94,idle,locomotion,0,1.3899999856948853,0.019999999552965164,0.10973345824050044,-0.037792468128504196,-0.00194418313666298,0.7261817534201144,1.2572018351200798,-0.000496114850380102,1.25769794997046,
98,1.96,idle,locomotion,0,1.3899999856948853,0.019999999552965164,0.10973345824050044,-0.03779729848375077,-0.0019422413003321564,0.726177802286486,1.257198427814511,-0.0004961398017618232,1.2576945676162727,
99,1.98,idle,locomotion,0,1.3899999856948853,0.019999999552965164,0.10973345824050044,-0.03780428502417955,-0.0019408303404072351,0.7261738650777927,1.2571950231089988,-0.0004961650512365079,1.2576911881602353,
100,2.0,idle,locomotion,0,1.3899999856948853,0.019999999552965164,0.10973345824050044,-0.03781323379185113,-0.0019399267377983773,0.7261699534650011,1.257191627564353,-0.0004961901973054468,1.2576878177616586,
101,2.02,idle,locomotion,0,1.3899999856948853,0.019999999552965164,0.10973345824050044,-0.03782395862817629,-0.0019395074618364,0.7261660777502572,1.2571882468408229,-0.0004962149995801114,1.257684461840403,
102,2.04,idle,locomotion,0,1.3899999856948853,0.019999999552965164,0.10973345824050044,-0.037836280574161246,-0.0019395475092077938,0.7261622482239438,1.2571848870002704,-0.0004962394133865011,1.257681126413657,
103,2.06,idle,locomotion,0,1.3899999856948853,0.019999999552965164,0.10973345824050044,-0.03785002687409095,-0.0019400241959340037,0.7261584736975744,1.2571815533352613,-0.0004962631162311465,1.2576778164514923,
104,2.08,idle,locomotion,0,1.3899999856948853,0.019999999552965164,0.10973345824050044,-0.037865033127248766,-0.001940915985550478,0.7261547612279218,1.2571782497758424,-0.0004962860614132099,1.2576745358372556,
105,2.1,idle,locomotion,0,1.3899999856948853,0.019999999552965164,0.10973345824050044,-0.037881144366853234,-0.0019421997976113254,0.726151116904291,1.2571749796301404,-0.0004963081677062248,1.2576712877978466,
106,2.12,idle,locomotion,0,1.3899999856948853,0.019999999552965164,0.10973345824050044,-0.03789821342254424,-0.0019438574994747407,0.7261475461966,1.2571717459155485,-0.0004963292852786308,1.2576680752008271,
107,2.14,idle,locomotion,0,1.3899999856948853,0.019999999552965164,0.10973345824050044,-0.03791610088426661,-0.0019458706634041644,0.7261440523124426,1.257168550029562,-0.0004963494413197968,1.2576648994708817,
108,2.16,idle,locomotion,0,1.3899999856948853,0.019999999552965164,0.10973345824050044,-0.037934676725383185,-0.0019482171533004235,0.7261406394163334,1.2571653944787577,-0.0004963686710794807,1.2576617631498372,
109,2.18,idle,locomotion,0,1.3899999856948853,0.019999999552965164,0.10973345824050044,-0.03795381956317606,-0.0019508789264131967,0.7261373117212283,1.2571622821336388,-0.0004963868129287605,1.2576586689465676,
110,2.2,idle,locomotion,0,1.3899999856948853,0.019999999552965164,0.10973345824050044,-0.037973415054025836,-0.0019538383056631465,0.7261340708636467,1.2571592138701555,-0.0004964039391299642,1.2576556178092855,
111,2.22,idle,locomotion,0,1.3899999856948853,0.019999999552965164,0.10973345824050044,-0.03799335755406067,-0.0019570763714151012,0.7261309181180389,1.2571561904214696,-0.0004964200058592445,1.257652610427329,
112,2.24,idle,locomotion,0,1.3899999856948853,0.019999999552965164,0.10973345824050044,-0.03801355059364184,-0.0019605734981437395,0.7261278555893353,1.2571532135027426,-0.0004964350517124606,1.257649648554455,
113,2.26,idle,locomotion,0,1.3899999856948853,0.019999999552965164,0.10973345824050044,-0.03803390485269935,-0.0019643138253974675,0.7261248831906353,1.2571502830130215,-0.0004964489921240774,1.2576467320051454,
114,2.28,idle,locomotion,0,1.3899999856948853,0.019999999552965164,0.10973345824050044,-0.0380543386829913,-0.0019682800452618613,0.7261220022671725,1.2571474003582783,-0.0004964619728673528,1.2576438623311457,
115,2.3,idle,locomotion,0,1.3899999856948853,0.019999999552965164,0.10973345824050044,-0.03807477880323311,-0.0019724512922397585,0.726119212564563,1.2571445657903717,-0.0004964738401231732,1.257641039630495,
116,2.32,idle,locomotion,0,1.3899999856948853,0.019999999552965164,0.10973345824050044,-0.0380951589331823,-0.001976812928142802,0.7261165110495029,1.257141776791511,-0.0004964845780563339,1.2576382613695674,
117,2.34,idle,locomotion,0,1.3899999856948853,0.019999999552965164,0.10973345824050044,-0.03811541963138133,-0.0019813487443219656,0.7261138968503841,1.2571390330871515,-0.000496494442514258,1.2576355275296658,
118,2.36,idle,locomotion,0,1.3899999856948853,0.019999999552965164,0.10973345824050044,-0.0381355072414061,-0.0019860435973440343,0.7261113696488681,1.2571363353017593,-0.0004965033428867907,1.257632838644646,
119,2.38,idle,locomotion,0,1.3899999856948853,0.019999999552965164,0.10973345824050044,-0.03815537424913184,-0.0019908845963955376,0.7261089280647258,1.2571336831136042,-0.0004965112907185411,1.2576301944043227,
120,2.4,idle,locomotion,0,1.3899999856948853,0.019999999552965164,0.10973345824050044,-0.03817497987875535,-0.001995856067290558,0.7261065704415878,1.2571310759861642,-0.0004965184539976186,1.2576275944401618,
121,2.42,idle,locomotion,0,1.3899999856948853,0.019999999552965164,0.10973345824050044,-0.038194289444005304,-0.0020009430520182116,0.7261042920530185,1.2571285104478342,-0.0004965246971528926,1.2576250351449871,
122,2.44,idle,locomotion,0,1.3899999856948853,0.019999999552965164,0.10973345824050044,-0.038213272964481196,-0.0020061314575537262,0.7261020917294111,1.2571259864425746,-0.0004965301757188859,1.2576225166182935,
123,2.46,idle,locomotion,0,1.3899999856948853,0.019999999552965164,0.10973345824050044,-0.03823190512165872,-0.0020114067436119367,0.7260999679523092,1.2571235040372957,-0.0004965348304388877,1.2576200388677345,
124,2.48,idle,locomotion,0,1.3899999856948853,0.019999999552965164,0.10973345824050044,-0.03825016549663611,-0.002016758451302328,0.7260979165744087,1.257121060466779,-0.0004965386315066225,1.2576175990982856,
125,2.5,idle,locomotion,0,1.3899999856948853,0.019999999552965164,0.10973345824050044,-0.03826803749585762,-0.0020221765513113235,0.7260959363872206,1.257118655878214,-0.0004965417981860377,1.2576151976764,
126,2.52,idle,locomotion,0,1.3899999856948853,0.019999999552965164,0.10973345824050044,-0.03828550859871927,-0.002027648123901554,0.7260940252195499,1.257116289803787,-0.0004965443239988467,1.257612834127786,
127,2.54,idle,locomotion,0,1.3899999856948853,0.019999999552965164,0.10973345824050044,-0.03830257102440053,-0.002033162133514072,0.7260921806388804,1.2571139611487832,-0.0004965462333212205,1.2576105073821044,
128,2.56,idle,locomotion,0,1.3899999856948853,0.019999999552965164,0.10973345824050044,-0.03831922028933088,-0.0020387076222750803,0.7260903998514068,1.2571116685714374,-0.0004965475656289915,1.2576082161370663,
129,2.58,idle,locomotion,0,1.3899999856948853,0.019999999552965164,0.10973345824050044,-0.03833545385901176,-0.002044274219127755,0.7260886795923636,1.257109410329231,-0.0004965484103609426,1.257605958739592,
130,2.6,idle,locomotion,0,1.3899999856948853,0.019999999552965164,0.10973345824050044,-0.03835127191250799,-0.0020498534684010904,0.7260870162395606,1.2571071843517538,-0.0004965487680453663,1.2576037331197991,
131,2.62,idle,locomotion,0,1.3899999856948853,0.019999999552965164,0.10973345824050044,-0.03836667677864048,-0.002055436846506584,0.7260854058987604,1.2571049883599132,-0.0004965486690571633,1.2576015370289704,
132,2.64,idle,locomotion,0,1.3899999856948853,0.019999999552965164,0.10973345824050044,-0.03838167251922361,-0.0020610180673987103,0.7260838466965723,1.257102821946388,-0.0004965481796601647,1.2575993701260482,
133,2.66,idle,locomotion,0,1.3899999856948853,0.019999999552965164,0.10973345824050044,-0.038396265671164734,-0.002066593008540854,0.7260823371845653,1.2571006851081845,-0.000496547312343696,1.2575972324205282,
134,2.68,idle,locomotion,0,1.3899999856948853,0.019999999552965164,0.10973345824050044,-0.03841046517470593,-0.0020721561727101664,0.7260808749109112,1.2570985767875307,-0.000496546108203131,1.2575951228957338,
135,2.7,idle,locomotion,0,1.3899999856948853,0.019999999552965164,0.10973345824050044,-0.038424281100109516,-0.002077701258646643,0.7260794565972339,1.2570964951270847,-0.0004965446206247406,1.2575930397477093,
136,2.72,idle,locomotion,0,1.3899999856948853,0.019999999552965164,0.10973345824050044,-0.03843772477193467,-0.0020832235247779476,0.7260780794026077,1.2570944385447915,-0.000496542997099135,1.2575909815418906,
137,2.74,idle,locomotion,0,1.3899999856948853,0.019999999552965164,0.10973345824050044,-0.03845080895794096,-0.0020887163002007436,0.7260767423276431,1.2570924072695862,-0.0004965411737480468,1.2575889484433342,
138,2.76,idle,locomotion,0,1.3899999856948853,0.019999999552965164,0.10973345824050044,-0.038463546787017196,-0.00209417705913636,0.726075442647068,1.257090399867639,-0.0004965390477959936,1.257586938915435,
139,2.78,idle,locomotion,0,1.3899999856948853,0.019999999552965164,0.10973345824050044,-0.038475951028005224,-0.0020996039638302134,0.7260741786984997,1.2570884158708564,-0.0004965368569205576,1.257584952727777,
140,2.8,idle,locomotion,0,1.3899999856948853,0.019999999552965164,0.10973345824050044,-0.03848803606335266,-0.002104992908397576,0.726072948714042,1.2570864547599423,-0.0004965344984395603,1.2575829892583819,
141,2.82,idle,locomotion,0,1.3899999856948853,0.019999999552965164,0.10973345824050044,-0.03849981654532726,-0.0021103432242110254,0.7260717510278482,1.2570845158663522,-0.0004965320527842987,1.2575810479191365,
142,2.84,idle,locomotion,0,1.3899999856948853,0.019999999552965164,0.10973345824050044,-0.03851130711214258,-0.0021156539870702423,0.7260705836855562,1.2570825983170753,-0.000496529579520788,1.257579127896596,
143,2.86,idle,locomotion,0,1.3899999856948853,0.019999999552965164,0.10973345824050044,-0.03852252260289845,-0.0021209225086536634,0.7260694457644026,1.2570807021400583,-0.0004965271703322831,1.2575772293103906,
144,2.88,idle,locomotion,0,1.3899999856948853,0.019999999552965164,0.10973345824050044,-0.038533478357978206,-0.002126147308672739,0.7260683339236514,1.257078825020617,-0.0004965247107701111,1.2575753497313873,
145,2.9,idle,locomotion,0,1.3899999856948853,0.019999999552965164,0.10973345824050044,-0.03854418893641657,-0.0021313288000770923,0.7260672482054482,1.2570769676630884,-0.000496522343713706,1.257573490006802,
146,2.92,idle,locomotion,0,1.3899999856948853,0.019999999552965164,0.10973345824050044,-0.03855466915469271,-0.0021364662314939955,0.7260661871186549,1.257075129584491,-0.000496519981565996,1.2575716495660572,
147,2.94,idle,locomotion,0,1.3899999856948853,0.019999999552965164,0.10973345824050044,-0.038564933230236784,-0.0021415604631658627,0.7260651485678868,1.2570733094264293,-0.0004965175976748316,1.257569827024104,
148,2.96,idle,locomotion,0,1.3899999856948853,0.019999999552965164,0.10973345824050044,-0.03857499514037846,-0.002146613697074356,0.7260641300908689,1.2570715055173165,-0.0004965152608320429,1.2575680207781486,
149,2.98,idle,locomotion,0,1.3899999856948853,0.019999999552965164,0.10973345824050044,-0.03858486852780457,-0.0021516278052373257,0.7260631329171688,1.257069719513792,-0.0004965131776700285,1.257566232691462,
150,3.0,idle,locomotion,0,1.3899999856948853,0.019999999552965164,0.10973345824050044,-0.03859456665864512,-0.0021566015428350757,0.726062157214361,1.2570679523705843,-0.0004965112259555059,1.2575644635965397,
151,3.02,idle,locomotion,0,1.3899999856948853,0.019999999552965164,0.10973345824050044,-0.03860410224457754,-0.0021615359267802346,0.7260612000942488,1.2570662017691607,-0.0004965093649283818,1.257562711134089,
152,3.04,idle,locomotion,0,1.3899999856948853,0.019999999552965164,0.10973345824050044,-0.038613486507273295,-0.0021664347675250085,0.7260602607269822,1.2570644673741593,-0.000496507623783362,1.2575609749979426,
153,3.06,idle,locomotion,0,1.3899999856948853,0.019999999552965164,0.10973345824050044,-0.03862273049271604,-0.0021712997909190393,0.726059340185352,1.2570627507930838,-0.0004965060753824788,1.2575592568684664,
154,3.08,idle,locomotion,0,1.3899999856948853,0.019999999552965164,0.10973345824050044,-0.03863184559711019,-0.0021761315582920007,0.7260584378073341,1.2570610518391765,-0.0004965046750397342,1.2575575565142163,
155,3.1,idle,locomotion,0,1.3899999856948853,0.019999999552965164,0.10973345824050044,-0.038640842830062375,-0.002180932491474363,0.7260575520500243,1.2570593692897964,-0.0004965033844703363,1.2575558726742668,
156,3.12,idle,locomotion,0,1.3899999856948853,0.019999999552965164,0.10973345824050044,-0.03864973193071552,-0.0021857041703144636,0.7260566816476446,1.2570577022864562,-0.0004965023691498489,1.257554204655606,
157,3.14,idle,locomotion,0,1.3899999856948853,0.019999999552965164,0.10973345824050044,-0.03865852192526093,-0.0021904485144333143,0.7260558259737272,1.2570560505385286,-0.0004965015117767944,1.2575525520503055,
158,3.16,idle,locomotion,0,1.3899999856948853,0.019999999552965164,0.10973345824050044,-0.03866722104081008,-0.002195167849060168,0.7260549854030398,1.257054414701619,-0.0004965008947482967,1.2575509155963673,
159,3.18,idle,locomotion,0,1.3899999856948853,0.019999999552965164,0.10973345824050044,-0.03867583767897617,-0.0021998627726266774,0.7260541600615571,1.2570527951457455,-0.0004965004525935984,1.2575492955983392,
160,3.2,idle,locomotion,0,1.3899999856948853,0.019999999552965164,0.10973345824050044,-0.03868437916085785,-0.002204535175652503,0.7260533485150802,1.2570511907273412,-0.0004965001656586643,1.257547690893,
161,3.22,idle,locomotion,0,1.3899999856948853,0.019999999552965164,0.10973345824050044,-0.03869285179351357,-0.0022091877392968924,0.7260525516630524,1.2570496024791726,-0.0004965001255609162,1.2575461026047337,
162,3.24,idle,locomotion,0,1.3899999856948853,0.019999999552965164,0.10973345824050044,-0.03870126247657046,-0.0022138237572766374,0.7260517677280621,1.257048028884222,-0.0004965001921591293,1.2575445290763811,
163,3.26,idle,locomotion,0,1.3899999856948853,0.019999999552965164,0.10973345824050044,-0.03870961629957666,-0.0022184453049225905,0.7260509985249289,1.2570464717314627,-0.0004965005628858113,1.2575429722943485,
164,3.28,idle,locomotion,0,1.3899999856948853,0.019999999552965164,0.10973345824050044,-0.03871791809634245,-0.0022230537559869176,0.7260502440725352,1.2570449313996697,-0.0004965011224073099,1.257541432522077,
165,3.3,idle,locomotion,0,1.3899999856948853,0.019999999552965164,0.10973345824050044,-0.038726172808313315,-0.002227650979778748,0.7260495027966888,1.2570434062974234,-0.0004965019348980027,1.2575399082323213,
166,3.32,idle,locomotion,0,1.3899999856948853,0.019999999552965164,0.10973345824050044,-0.0387343842688641,-0.002232239207150122,0.726048775272058,1.2570418970740906,-0.0004965029213868308,1.2575383999954775,
167,3.34,idle,locomotion,0,1.3899999856948853,0.019999999552965164,0.10973345824050044,-0.03874255646965084,-0.0022368189550287586,0.7260480613280035,1.2570404036771416,-0.0004965040918025083,1.2575369077689442,
168,3.36,idle,locomotion,0,1.3899999856948853,0.019999999552965164,0.10973345824050044,-0.03875069184494892,-0.002241392500506018,0.7260473603437149,1.2570389256011265,-0.0004965054410431165,1.2575354310421696,
169,3.38,idle,locomotion,0,1.3899999856948853,0.019999999552965164,0.10973345824050044,-0.03875879279833655,-0.002245961908084015,0.7260466718291085,1.2570374624685567,-0.0004965069960548955,1.2575339694646117,
170,3.4,idle,locomotion,0,1.3899999856948853,0.019999999552965164,0.10973345824050044,-0.03876686220472898,-0.002250528499028146,0.7260459976446347,1.2570360159809137,-0.0004965087378877853,1.2575325247188016,
171,3.42,idle,locomotion,0,1.3899999856948853,0.019999999552965164,0.10973345824050044,-0.038774902190685016,-0.002255092904095488,0.7260453380291895,1.2570345864715649,-0.0004965106905984278,1.2575310971621634,
172,3.44,idle,locomotion,0,1.3899999856948853,0.019999999552965164,0.10973345824050044,-0.03878291419554507,-0.002259656620290737,0.7260446915403388,1.2570331725513824,-0.0004965127742503697,1.2575296853256328,
173,3.46,idle,locomotion,0,1.3899999856948853,0.019999999552965164,0.10973345824050044,-0.03879089904687833,-0.002264221451300023,0.7260440581193158,1.2570317741868668,-0.0004965150627324645,1.2575282892495994,
174,3.48,idle,locomotion,0,1.3899999856948853,0.019999999552965164,0.10973345824050044,-0.03879885881021404,-0.0022687874664362516,0.7260434383066672,1.257030391790509,-0.0004965175536574308,1.2575269093441666,
175,3.5,idle,locomotion,0,1.3899999856948853,0.019999999552965164,0.10973345824050044,-0.03880679399903761,-0.002273355449429819,0.7260428324178219,1.2570290256355277,-0.0004965202535028024,1.2575255458890304,
176,3.52,idle,locomotion,0,1.3899999856948853,0.019999999552965164,0.10973345824050044,-0.03881470426090329,-0.002277926336004063,0.7260422398620395,1.257027675256141,-0.0004965231095076274,1.2575241983656484,
177,3.54,idle,locomotion,0,1.3899999856948853,0.019999999552965164,0.10973345824050044,-0.03882258980359443,-0.00228250197302788,0.7260416607723811,1.2570263407168367,-0.0004965260915121283,1.257522866808349,
178,3.56,idle,locomotion,0,1.3899999856948853,0.019999999552965164,0.10973345824050044,-0.03883045048883817,-0.002287085657001312,0.7260410951779398,1.2570250220136903,-0.0004965292167709474,1.2575215512304612,
179,3.58,idle,locomotion,0,1.3899999856948853,0.019999999552965164,0.10973345824050044,-0.03883828580867708,-0.0022916776099128696,0.7260405440065261,1.2570237200423675,-0.0004965325735623617,1.25752025261593,
180,3.6,idle,locomotion,0,1.3899999856948853,0.019999999552965164,0.10973345824050044,-0.03884609595886741,-0.0022962740808631253,0.7260400059718726,1.257022433623747,-0.0004965361033733261,1.2575189697271203,
181,3.62,idle,locomotion,0,1.3899999856948853,0.019999999552965164,0.10973345824050044,-0.03885388077709256,-0.002300875401946183,0.7260394805493153,1.2570211620399114,-0.0004965397094070199,1.2575177017493184,
182,3.64,idle,locomotion,0,1.3899999856948853,0.019999999552965164,0.10973345824050044,-0.038861639563044684,-0.002305482970892596,0.7260389696880832,1.257019907134027,-0.0004965434902546306,1.2575164506242815,
183,3.66,idle,locomotion,0,1.3899999856948853,0.019999999552965164,0.10973345824050044,-0.03886937167874789,-0.002310100278137781,0.7260384720748667,1.2570186676413324,-0.0004965472527498904,1.2575152148940822,
184,3.68,idle,locomotion,0,1.3899999856948853,0.019999999552965164,0.10973345824050044,-0.03887707607202896,-0.0023147269281431158,0.7260379866074372,1.2570174424011442,-0.0004965512653350469,1.2575139936664792,
185,3.7,idle,locomotion,0,1.3899999856948853,0.019999999552965164,0.10973345824050044,-0.03888475149412727,-0.00231936128793718,0.7260375148242787,1.2570162329108383,-0.0004965554798880834,1.2575127883907264,
186,3.72,idle,locomotion,0,1.3899999856948853,0.019999999552965164,0.10973345824050044,-0.038892397073065715,-0.002324004630677159,0.7260370573957178,1.2570150397952786,-0.0004965597699015736,1.2575115995651802,
187,3.74,idle,locomotion,0,1.3899999856948853,0.019999999552965164,0.10973345824050044,-0.03890001177567449,-0.0023286588215443134,0.7260366144913184,1.257013863116191,-0.000496564121476209,1.2575104272376671,
188,3.76,idle,locomotion,0,1.3899999856948853,0.019999999552965164,0.10973345824050044,-0.03890759454533309,-0.002333322360182262,0.7260361847632667,1.2570127016264,-0.0004965686170138421,1.2575092702434139,
189,3.78,idle,locomotion,0,1.3899999856948853,0.019999999552965164,0.10973345824050044,-0.03891514498991831,-0.002337992784875878,0.7260357681400895,1.257011555088249,-0.0004965733422572158,1.2575081284305063,
190,3.8,idle,locomotion,0,1.3899999856948853,0.019999999552965164,0.10973345824050044,-0.03892266174022817,-0.002342671432823613,0.7260353644842243,1.2570104233708563,-0.0004965781010386472,1.257507001471895,
191,3.82,idle,locomotion,0,1.3899999856948853,0.019999999552965164,0.10973345824050044,-0.038930143382474074,-0.0023473585286403176,0.7260349728241366,1.25700930556019,-0.0004965829169615438,1.2575058884771517,
192,3.84,idle,locomotion,0,1.3899999856948853,0.019999999552965164,0.10973345824050044,-0.03893758908182494,-0.0023520532648364707,0.7260345950433541,1.2570082033640393,-0.0004965878654691926,1.2575047912295085,
193,3.86,idle,locomotion,0,1.3899999856948853,0.019999999552965164,0.10973345824050044,-0.038944997275140024,-0.002356759035525584,0.7260342323824753,1.2570071180254812,-0.0004965928583935998,1.2575037108838747,
194,3.88,idle,locomotion,0,1.3899999856948853,0.019999999552965164,0.10973345824050044,-0.0389523668319971,-0.002361474481189883,0.7260338835599205,1.2570060483512795,-0.0004965980355925263,1.257502646386872,
195,3.9,idle,locomotion,0,1.3899999856948853,0.019999999552965164,0.10973345824050044,-0.038959696800183755,-0.002366198266951751,0.7260335473686133,1.2570049931078602,-0.0004966032929031444,1.2575015964007634,
196,3.92,idle,locomotion,0,1.3899999856948853,0.019999999552965164,0.10973345824050044,-0.03896698564400276,-0.0023709249269350725,0.7260332248188544,1.2570039533693826,-0.0004966085269173769,1.2575005618963,
197,3.94,idle,locomotion,0,1.3899999856948853,0.019999999552965164,0.10973345824050044,-0.0389742345191466,-0.0023756443852648397,0.7260329143516088,1.2570029277082384,-0.0004966133320033032,1.2574995410402416,
198,3.96,idle,locomotion,0,1.3899999856948853,0.019999999552965164,0.10973345824050044,-0.03898144367847417,-0.0023803496654979735,0.7260326165806485,1.2570019165931532,-0.0004966178108295749,1.2574985344039828,
199,3.98,idle,locomotion,0,1.3899999856948853,0.019999999552965164,0.10973345824050044,-0.03898861262900063,-0.0023850358015930157,0.726032332607712,1.2570009212886084,-0.0004966224246621652,1.2574975437132705,
200,4.0,idle,locomotion,0,1.3899999856948853,0.019999999552965164,0.10973345824050044,-0.03899574067474761,-0.0023897000162703646,0.7260320611898422,1.2569999406172063,-0.0004966270633166084,1.257496567680523,
201,4.02,idle,locomotion,0,1.3899999856948853,0.019999999552965164,0.10973345824050044,-0.039002826752203665,-0.0023943456896016245,0.7260318022461046,1.2569989744287149,-0.0004966316648065371,1.2574956060935214,
202,4.04,idle,locomotion,0,1.3899999856948853,0.019999999552965164,0.10973345824050044,-0.03900987022152734,-0.0023989767963552857,0.7260315570270146,1.256998023883692,-0.0004966365707934108,1.2574946604544854,
203,4.06,idle,locomotion,0,1.3899999856948853,0.019999999552965164,0.10973345824050044,-0.03901687028402781,-0.0024035978562164514,0.7260313251923095,1.2569970886016564,-0.0004966415129379169,1.2574937301145943,
204,4.08,idle,locomotion,0,1.3899999856948853,0.019999999552965164,0.10973345824050044,-0.03902382538162212,-0.0024082146302418653,0.7260311037794913,1.2569961657395319,-0.0004966466804289422,1.257492812419961,
205,4.1,idle,locomotion,0,1.3899999856948853,0.019999999552965164,0.10973345824050044,-0.0390307346959804,-0.0024128316350019293,0.7260308943090956,1.2569952565734333,-0.0004966519087290372,1.2574919084821623,
206,4.12,idle,locomotion,0,1.3899999856948853,0.019999999552965164,0.10973345824050044,-0.0390375975652226,-0.002417453780028898,0.7260306973247309,1.2569943616770578,-0.0004966574043517927,1.2574910190814097,
207,4.14,idle,locomotion,0,1.3899999856948853,0.019999999552965164,0.10973345824050044,-0.039044413196631954,-0.0024220851605340596,0.7260305121959553,1.2569934802887457,-0.0004966629976930377,1.2574901432864387,
208,4.16,idle,locomotion,0,1.3899999856948853,0.019999999552965164,0.10973345824050044,-0.03905118112710596,-0.002426728921883502,0.7260303390189512,1.2569926124190955,-0.0004966688146619339,1.2574892812337575,
209,4.18,idle,locomotion,0,1.3899999856948853,0.019999999552965164,0.10973345824050044,-0.03905790062699131,-0.0024313856470762245,0.7260301770149119,1.256991757330268,-0.0004966746779091827,1.2574884320081772,
210,4.2,idle,locomotion,0,1.3899999856948853,0.019999999552965164,0.10973345824050044,-0.03906457110921193,-0.0024360560849746964,0.726030026228581,1.256990915002498,-0.0004966805895167022,1.2574875955920148,
211,4.22,idle,locomotion,0,1.3899999856948853,0.019999999552965164,0.10973345824050044,-0.03907119271345569,-0.0024407412981477276,0.72602988594929,1.2569900846933708,-0.000496686537446285,1.257486771230817,
212,4.24,idle,locomotion,0,1.3899999856948853,0.019999999552965164,0.10973345824050044,-0.0390777653539631,-0.0024454403430556656,0.7260297561363873,1.2569892662695936,-0.0004966926311292044,1.2574859589007228,
213,4.26,idle,locomotion,0,1.3899999856948853,0.019999999552965164,0.10973345824050044,-0.039084288827117245,-0.0024501520284943555,0.7260296388052548,1.256988461634478,-0.0004966986479216576,1.2574851602823995,
214,4.28,idle,locomotion,0,1.3899999856948853,0.019999999552965164,0.10973345824050044,-0.039090762687507725,-0.0024548757490298907,0.7260295327291906,1.25698766980547,-0.0004967046503315323,1.2574843744558015,
215,4.3,idle,locomotion,0,1.3899999856948853,0.019999999552965164,0.10973345824050044,-0.03909718661452382,-0.002459609340647847,0.7260294381401445,1.2569868909508872,-0.0004967107803994057,1.2574836017312867,
216,4.32,idle,locomotion,0,1.3899999856948853,0.019999999552965164,0.10973345824050044,-0.03910356068427325,-0.002464351891000357,0.7260293534325425,1.2569861236027655,-0.0004967169130099362,1.2574828405157754,
217,4.34,idle,locomotion,0,1.3899999856948853,0.019999999552965164,0.10973345824050044,-0.03910988630833488,-0.0024691023745382432,0.726029278390539,1.2569853672661488,-0.0004967232084780102,1.257482090474627,
218,4.36,idle,locomotion,0,1.3899999856948853,0.019999999552965164,0.10973345824050044,-0.03911616400706695,-0.0024738585844346476,0.7260292127442293,1.2569846217239284,-0.0004967294599174804,1.2574813511838459,
219,4.38,idle,locomotion,0,1.3899999856948853,0.019999999552965164,0.10973345824050044,-0.03912239342164468,-0.0024786176048299143,0.7260291567821752,1.256983887306306,-0.0004967358617425609,1.2574806231680484,
220,4.4,idle,locomotion,0,1.3899999856948853,0.019999999552965164,0.10973345824050044,-0.03912857461911493,-0.0024833764670433617,0.7260291109903092,1.256983164559649,-0.000496742201720874,1.2574799067613698,
221,4.42,idle,locomotion,0,1.3899999856948853,0.019999999552965164,0.10973345824050044,-0.03913470777177063,-0.0024881346009353916,0.7260290749133682,1.2569824530888711,-0.0004967485448324344,1.2574792016337035,
222,4.44,idle,locomotion,0,1.3899999856948853,0.019999999552965164,0.10973345824050044,-0.039140793525499686,-0.002492891787135853,0.7260290470583138,1.2569817514240818,-0.0004967549173584551,1.2574785063414402,
223,4.46,idle,locomotion,0,1.3899999856948853,0.019999999552965164,0.10973345824050044,-0.03914683182232867,-0.002497647996606299,0.726029028149368,1.2569810601868465,-0.0004967614806849971,1.2574778216675315,
224,4.48,idle,locomotion,0,1.3899999856948853,0.019999999552965164,0.10973345824050044,-0.03915282288726682,-0.002502404000352057,0.7260290186856311,1.256980379943583,-0.0004967680519676401,1.2574771479955507,
225,4.5,idle,locomotion,0,1.3899999856948853,0.019999999552965164,0.10973345824050044,-0.03915876768466101,-0.0025071605471830363,0.7260290183754332,1.2569797103369094,-0.0004967746406606272,1.25747648497757,
226,4.52,idle,locomotion,0,1.3899999856948853,0.019999999552965164,0.10973345824050044,-0.03916466659454268,-0.0025119159669089374,0.726029027868805,1.256979051979402,-0.0004967812776852341,1.2574758332570872,
227,4.54,idle,locomotion,0,1.3899999856948853,0.019999999552965164,0.10973345824050044,-0.03917051965339499,-0.0025166698806194567,0.726029046375772,1.2569784042064984,-0.0004967879003592371,1.2574751921068577,
228,4.56,idle,locomotion,0,1.3899999856948853,0.019999999552965164,0.10973345824050044,-0.03917632711429996,-0.002521422782940672,0.7260290727863254,1.2569777659357988,-0.0004967946944444898,1.2574745606302433,
229,4.58,idle,locomotion,0,1.3899999856948853,0.019999999552965164,0.10973345824050044,-0.039182089164980526,-0.0025261756724781325,0.7260291063340226,1.2569771363948758,-0.0004968015012603508,1.2574739378961362,
230,4.6,idle,locomotion,0,1.3899999856948853,0.019999999552965164,0.10973345824050044,-0.03918780671885118,-0.0025309292841428957,0.7260291489519268,1.2569765173406209,-0.0004968084041407327,1.2574733257447617,
231,4.62,idle,locomotion,0,1.3899999856948853,0.019999999552965164,0.10973345824050044,-0.039193479878023754,-0.0025356828762759668,0.7260292006467377,1.2569759089272443,-0.0004968153372509852,1.2574727242644952,
232,4.64,idle,locomotion,0,1.3899999856948853,0.019999999552965164,0.10973345824050044,-0.039199108907201394,-0.002540437744629984,0.7260292604716047,1.256975310196625,-0.0004968223260576124,1.2574721325226825,
233,4.66,idle,locomotion,0,1.3899999856948853,0.019999999552965164,0.10973345824050044,-0.0392046943589799,-0.002545194850631432,0.7260293283176488,1.2569747210256579,-0.0004968293843419097,1.2574715504099998,
234,4.68,idle,locomotion,0,1.3899999856948853,0.019999999552965164,0.10973345824050044,-0.03921023649399252,-0.002549952962416087,0.7260294044554565,1.2569741417488045,-0.000496836530879393,1.2574709782796838,
235,4.7,idle,locomotion,0,1.3899999856948853,0.019999999552965164,0.10973345824050044,-0.03921573620469618,-0.0025547116680072197,0.7260294884923816,1.25697357195984,-0.0004968437234927764,1.2574704156833327,
236,4.72,idle,locomotion,0,1.3899999856948853,0.019999999552965164,0.10973345824050044,-0.03922119426014996,-0.0025594724051225836,0.7260295792025722,1.256973010385531,-0.0004968510070398439,1.2574698613925708,
237,4.74,idle,locomotion,0,1.3899999856948853,0.019999999552965164,0.10973345824050044,-0.03922661096175246,-0.0025642350731877608,0.7260296772297935,1.2569724575963725,-0.0004968583203812625,1.2574693159167538,
238,4.76,idle,locomotion,0,1.3899999856948853,0.019999999552965164,0.10973345824050044,-0.03923198634679776,-0.0025690005353556653,0.726029782753397,1.2569719138753632,-0.0004968656256285307,1.2574687795009918,
239,4.78,idle,locomotion,0,1.3899999856948853,0.019999999552965164,0.10973345824050044,-0.03923732043628101,-0.0025737697043294637,0.7260298965632929,1.2569713799698516,-0.0004968730981255373,1.2574682530679773,
240,4.8,idle,locomotion,0,1.3899999856948853,0.019999999552965164,0.10973345824050044,-0.039242614665443265,-0.0025785426146022715,0.7260300175120343,1.256970854708212,-0.000496880666188703,1.2574677353744006,
241,4.82,idle,locomotion,0,1.3899999856948853,0.019999999552965164,0.10973345824050044,-0.039247869129326284,-0.002583318133258714,0.7260301450059564,1.256970337469443,-0.0004968882966363865,1.2574672257660793,
242,4.84,idle,locomotion,0,1.3899999856948853,0.019999999552965164,0.10973345824050044,-0.03925308358287663,-0.0025880960224199776,0.7260302801588913,1.2569698294347245,-0.0004968959413224096,1.257466725376047,
243,4.86,idle,locomotion,0,1.3899999856948853,0.019999999552965164,0.10973345824050044,-0.039258257994324,-0.002592875526639106,0.7260304240491536,1.256969331734271,-0.0004969036203065595,1.2574662353545776,
244,4.88,idle,locomotion,0,1.3899999856948853,0.019999999552965164,0.10973345824050044,-0.03926339312843768,-0.0025976577708219776,0.7260305747101373,1.2569688424331609,-0.0004969113209864554,1.2574657537541474,
245,4.9,idle,locomotion,0,1.3899999856948853,0.019999999552965164,0.10973345824050044,-0.039268489421251294,-0.0026024447930513917,0.7260307324345954,1.2569683616383898,-0.0004969191964803825,1.25746528083487,
246,4.92,idle,locomotion,0,1.3899999856948853,0.019999999552965164,0.10973345824050044,-0.03927354725717619,-0.0026072370690085537,0.7260308972511628,1.2569678894636063,-0.0004969271328817276,1.257464816596488,
247,4.94,idle,locomotion,0,1.3899999856948853,0.019999999552965164,0.10973345824050044,-0.03927856701266262,-0.0026120350087091636,0.7260310679447654,1.2569674246988831,-0.0004969351309210522,1.257464359829804,
248,4.96,idle,locomotion,0,1.3899999856948853,0.019999999552965164,0.10973345824050044,-0.039283548954031765,-0.002616838448223413,0.7260312457348914,1.2569669685005767,-0.0004969432106804936,1.2574639117112572,
249,4.98,idle,locomotion,0,1.3899999856948853,0.019999999552965164,0.10973345824050044,-0.03928849403660076,-0.0026216472856885067,0.7260314302471943,1.2569665205241247,-0.0004969513247570882,1.2574634718488817,
250,5.0,idle,locomotion,0,1.3899999856948853,0.019999999552965164,0.10973345824050044,-0.03929340264191977,-0.0026264608961319783,0.7260316208141151,1.2569660800489708,-0.0004969594437450563,1.2574630394927158,
251,5.02,idle,locomotion,0,1.3899999856948853,0.019999999552965164,0.10973345824050044,-0.039298274615874776,-0.0026312794321938695,0.7260318178082464,1.256965647494979,-0.0004969676263515306,1.2574626151213306,
252,5.04,idle,locomotion,0,1.3899999856948853,0.019999999552965164,0.10973345824050044,-0.03930311017020475,-0.0026361036355299745,0.7260320204812319,1.256965222174302,-0.000496975912113562,1.2574621980864156,
253,5.06,idle,locomotion,0,1.3899999856948853,0.019999999552965164,0.10973345824050044,-0.039307909785795556,-0.002640933651531885,0.7260322293886037,1.2569648045144466,-0.0004969842882846937,1.2574617888027313,
254,5.08,idle,locomotion,0,1.3899999856948853,0.019999999552965164,0.10973345824050044,-0.03931267368351951,-0.002645770668077311,0.7260324454819063,1.2569643954717495,-0.0004969927007869614,1.2574613881725365,
255,5.1,idle,locomotion,0,1.3899999856948853,0.019999999552965164,0.10973345824050044,-0.039317401897257326,-0.0026506140875357143,0.7260326678853193,1.2569639943004263,-0.0004970012395886375,1.257460995540015,
256,5.12,idle,locomotion,0,1.3899999856948853,0.019999999552965164,0.10973345824050044,-0.03932209492346592,-0.002655463314925709,0.7260328946961656,1.256963599096574,-0.0004970096990530651,1.257460608795627,
257,5.14,idle,locomotion,0,1.3899999856948853,0.019999999552965164,0.10973345824050044,-0.03932675280852325,-0.0026603193258867164,0.7260331268770384,1.2569632107141506,-0.0004970183795702347,1.257460229093721,
258,5.16,idle,locomotion,0,1.3899999856948853,0.019999999552965164,0.10973345824050044,-0.03933137633673157,-0.0026651818436126437,0.7260333644688046,1.2569628292137922,-0.0004970270973933474,1.2574598563111856,
259,5.18,idle,locomotion,0,1.3899999856948853,0.019999999552965164,0.10973345824050044,-0.0393359663062689,-0.0026700510361669563,0.7260336079751604,1.2569624549124807,-0.0004970358029635497,1.2574594907154442,
260,5.2,idle,locomotion,0,1.3899999856948853,0.019999999552965164,0.10973345824050044,-0.03934052272318973,-0.002674927443479494,0.7260338580879483,1.2569620885205306,-0.0004970446434787029,1.2574591331640093,
261,5.22,idle,locomotion,0,1.3899999856948853,0.019999999552965164,0.10973345824050044,-0.03934504540490797,-0.002679810282788769,0.7260341137322341,1.256961729127852,-0.0004970535335469504,1.257458782661399,
262,5.24,idle,locomotion,0,1.3899999856948853,0.019999999552965164,0.10973345824050044,-0.03934953446975541,-0.0026846985957019683,0.7260343748175236,1.2569613766240568,-0.0004970624070305407,1.2574584390310874,
263,5.26,idle,locomotion,0,1.3899999856948853,0.019999999552965164,0.10973345824050044,-0.039353989950411034,-0.002689592154330934,0.7260346416192996,1.256961031346921,-0.0004970713949960931,1.2574581027419172,
264,5.28,idle,locomotion,0,1.3899999856948853,0.019999999552965164,0.10973345824050044,-0.039358412640886714,-0.002694491969337547,0.7260349149831677,1.256960693984187,-0.0004970803970969426,1.257457774381284,
265,5.3,idle,locomotion,0,1.3899999856948853,0.019999999552965164,0.10973345824050044,-0.039362802983884594,-0.0026993983065613037,0.7260351941515587,1.2569603638326867,-0.0004970895413777404,1.2574574533740646,
266,5.32,idle,locomotion,0,1.3899999856948853,0.019999999552965164,0.10973345824050044,-0.039367160999138485,-0.002704310438991711,0.726035478497953,1.2569600402505714,-0.000497098645257231,1.2574571388958287,
267,5.34,idle,locomotion,0,1.3899999856948853,0.019999999552965164,0.10973345824050044,-0.03937148699020812,-0.0027092296362493497,0.7260357676030766,1.2569597228097695,-0.0004971078474577048,1.2574568306572271,
268,5.36,idle,locomotion,0,1.3899999856948853,0.019999999552965164,0.10973345824050044,-0.03937578118468656,-0.002714155317372472,0.7260360610363121,1.2569594110800493,-0.0004971171364236554,1.257456528216473,
269,5.38,idle,locomotion,0,1.3899999856948853,0.019999999552965164,0.10973345824050044,-0.039380043974246694,-0.0027190868006669445,0.7260363597055611,1.256959105887772,-0.0004971265067683119,1.2574562323945404,
270,5.4,idle,locomotion,0,1.3899999856948853,0.019999999552965164,0.10973345824050044,-0.03938427576384307,-0.0027240243557228087,0.7260366634731785,1.256958807136717,-0.0004971358730483898,1.2574559430097654,
271,5.42,idle,locomotion,0,1.3899999856948853,0.019999999552965164,0.10973345824050044,-0.0393884765035774,-0.0027289678894432466,0.7260369720160155,1.256958514520548,-0.0004971452750097451,1.2574556597955577,
272,5.44,idle,locomotion,0,1.3899999856948853,0.019999999552965164,0.10973345824050044,-0.039392646275829876,-0.00273391595924774,0.7260372866944368,1.2569582293457853,-0.0004971548119551313,1.2574553841577405,
273,5.46,idle,locomotion,0,1.3899999856948853,0.019999999552965164,0.10973345824050044,-0.03939678543137752,-0.0027388673581510018,0.7260376070580323,1.2569579512291222,-0.0004971643313285735,1.2574551155604508,
274,5.48,idle,locomotion,0,1.3899999856948853,0.019999999552965164,0.10973345824050044,-0.03940089423592713,-0.0027438238844384693,0.726037931931653,1.2569576789239112,-0.0004971738150254881,1.2574548527389366,
275,5.5,idle,locomotion,0,1.3899999856948853,0.019999999552965164,0.10973345824050044,-0.039404972748292834,-0.0027487876673331756,0.7260382615870007,1.2569574126611398,-0.0004971834195346761,1.2574545960806744,
276,5.52,idle,locomotion,0,1.3899999856948853,0.019999999552965164,0.10973345824050044,-0.039409021216377176,-0.0027537587360484846,0.726038595685573,1.2569571522013032,-0.0004971930669651035,1.2574543452682683,
277,5.54,idle,locomotion,0,1.3899999856948853,0.019999999552965164,0.10973345824050044,-0.03941303943915875,-0.002758737480467717,0.726038934320811,1.2569568976430638,-0.0004972028030326842,1.2574541004460966,
278,5.56,idle,locomotion,0,1.3899999856948853,0.019999999552965164,0.10973345824050044,-0.039417027573884524,-0.002763724221709395,0.7260392766825192,1.2569566482394348,-0.0004972126416046864,1.2574538608810395,
279,5.58,idle,locomotion,0,1.3899999856948853,0.019999999552965164,0.10973345824050044,-0.03942098674498,-0.0027687169234016508,0.7260396241935725,1.2569564051471722,-0.0004972226257296507,1.2574536277729018,
280,5.6,idle,locomotion,0,1.3899999856948853,0.019999999552965164,0.10973345824050044,-0.039424917190569175,-0.00277371442027837,0.7260399767747371,1.2569561683880903,-0.0004972325273665812,1.257453400915457,
281,5.62,idle,locomotion,0,1.3899999856948853,0.019999999552965164,0.10973345824050044,-0.03942881884792418,-0.0027787170231251966,0.7260403336002159,1.2569559371378674,-0.0004972425878674892,1.257453179725735,
282,5.64,idle,locomotion,0,1.3899999856948853,0.019999999552965164,0.10973345824050044,-0.03943269189507635,-0.002783723800335772,0.7260406944233628,1.2569557111398908,-0.0004972526150525645,1.2574529637549434,
283,5.66,idle,locomotion,0,1.3899999856948853,0.019999999552965164,0.10973345824050044,-0.0394365363317013,-0.002788736293279522,0.7260410592667004,1.25695549040841,-0.0004972625293429844,1.2574527529377528,
284,5.68,idle,locomotion,0,1.3899999856948853,0.019999999552965164,0.10973345824050044,-0.03944035242058888,-0.0027937546284601167,0.7260414267690247,1.256955273703373,-0.0004972726172714388,1.2574525463206443,
285,5.7,idle,locomotion,0,1.3899999856948853,0.019999999552965164,0.10973345824050044,-0.03944414068362455,-0.0027987764584912127,0.7260417977326129,1.2569550616529102,-0.0004972828339638649,1.257452344486874,
286,5.72,idle,locomotion,0,1.3899999856948853,0.019999999552965164,0.10973345824050044,-0.03944790131981941,-0.002803802485755283,0.7260421741945229,1.2569548562267667,-0.0004972929198963083,1.257452149146663,
287,5.74,idle,locomotion,0,1.3899999856948853,0.019999999552965164,0.10973345824050044,-0.03945163424004917,-0.002808833864425868,0.7260425559855602,1.2569546573414474,-0.0004973031933295201,1.257451960534777,
288,5.76,idle,locomotion,0,1.3899999856948853,0.019999999552965164,0.10973345824050044,-0.03945533911746154,-0.0028138714268407953,0.7260429411122284,1.256954463089228,-0.0004973133843119565,1.25745177647354,
289,5.78,idle,locomotion,0,1.3899999856948853,0.019999999552965164,0.10973345824050044,-0.03945901617981512,-0.0028189162408621253,0.7260433302656781,1.2569542740740631,-0.0004973237603898145,1.257451597834453,
290,5.8,idle,locomotion,0,1.3899999856948853,0.019999999552965164,0.10973345824050044,-0.03946266691862052,-0.0028239667371016174,0.7260437239619126,1.256954090681891,-0.0004973342622844393,1.2574514249441755,
291,5.82,idle,locomotion,0,1.3899999856948853,0.019999999552965164,0.10973345824050044,-0.0394662914550908,-0.0028290216361363425,0.7260441223286925,1.2569539129789433,-0.0004973446128460415,1.2574512575917893,
292,5.84,idle,locomotion,0,1.3899999856948853,0.019999999552965164,0.10973345824050044,-0.03946988914140509,-0.0028340813416556834,0.7260445253190158,1.2569537410397682,-0.0004973550468939519,1.257451096086662,
293,5.86,idle,locomotion,0,1.3899999856948853,0.019999999552965164,0.10973345824050044,-0.039473459459018305,-0.0028391454460638885,0.7260449322536318,1.2569535743182783,-0.0004973655204622077,1.2574509398387406,
294,5.88,idle,locomotion,0,1.3899999856948853,0.019999999552965164,0.10973345824050044,-0.03947700264650571,-0.0028442139695373353,0.7260453428535258,1.2569534125155881,-0.0004973760648391487,1.2574507885804274,
295,5.9,idle,locomotion,0,1.3899999856948853,0.019999999552965164,0.10973345824050044,-0.03948051952964486,-0.0028492886257822396,0.7260457567662963,1.2569532551266467,-0.0004973867144924295,1.257450641841139,
296,5.92,idle,locomotion,0,1.3899999856948853,0.019999999552965164,0.10973345824050044,-0.03948401072867474,-0.0028543696803171796,0.7260461740437747,1.2569531021063034,-0.0004973974652796309,1.257450499571583,
297,5.94,idle,locomotion,0,1.3899999856948853,0.019999999552965164,0.10973345824050044,-0.0394874759056643,-0.00285945605982352,0.726046594953487,1.2569529538896216,-0.000497408063411333,1.2574503619530328,
298,5.96,idle,locomotion,0,1.3899999856948853,0.019999999552965164,0.10973345824050044,-0.03949091491361666,-0.002864547206973975,0.726047019879448,1.2569528109227515,-0.0004974187459852696,1.2574502296687367,
299,5.98,idle,locomotion,0,1.3899999856948853,0.019999999552965164,0.10973345824050044,-0.0394943277284457,-0.002869642586653128,0.7260474488953086,1.2569526732270506,-0.0004974295444404135,1.257450102771491,
300,6.0,idle,locomotion,0,1.3899999856948853,0.019999999552965164,0.10973345824050044,-0.03949771452167988,-0.002874742930002297,0.7260478808420808,1.25695253969849,-0.0004974403857148993,1.257449980084205,
301,6.02,idle,locomotion,0,1.3899999856948853,0.019999999552965164,0.10973345824050044,-0.03950107612032144,-0.0028798495969955536,0.7260483160897275,1.2569524105078334,-0.0004974513302559713,1.2574498618380894,
302,6.04,idle,locomotion,0,1.3899999856948853,0.019999999552965164,0.10973345824050044,-0.03950441255491175,-0.0028849632623797264,0.7260487565076901,1.2569522874628927,-0.0004974623101778354,1.2574497497730706,
303,6.06,idle,locomotion,0,1.3899999856948853,0.019999999552965164,0.10973345824050044,-0.03950772431550272,-0.0028900834466637684,0.726049201198317,1.256952169759919,-0.0004974733023723581,1.2574496430622915,
304,6.08,idle,locomotion,0,1.3899999856948853,0.019999999552965164,0.10973345824050044,-0.039511011527200254,-0.002895209088539365,0.7260496487847226,1.2569520560251923,-0.0004974842302759436,1.2574495402554682,
305,6.1,idle,locomotion,0,1.3899999856948853,0.019999999552965164,0.10973345824050044,-0.03951427379725149,-0.0029003402902771755,0.7260500980978719,1.2569519452034132,-0.0004974951903788799,1.2574494403937921,
306,6.12,idle,locomotion,0,1.3899999856948853,0.019999999552965164,0.10973345824050044,-0.03951751133014885,-0.0029054774048194246,0.7260505504749942,1.2569518385510778,-0.0004975062871149308,1.2574493448381927,
307,6.14,idle,locomotion,0,1.3899999856948853,0.019999999552965164,0.10973345824050044,-0.039520724570778105,-0.002910619122137852,0.7260510069218462,1.2569517371156305,-0.0004975174409481871,1.2574492545565787,
308,6.16,idle,locomotion,0,1.3899999856948853,0.019999999552965164,0.10973345824050044,-0.0395239138565436,-0.002915763875870355,0.7260514668567651,1.2569516403112495,-0.0004975285813476407,1.257449168892597,
309,6.18,idle,locomotion,0,1.3899999856948853,0.019999999552965164,0.10973345824050044,-0.03952707988065669,-0.002920911741676286,0.7260519292560094,1.2569515470315367,-0.0004975397371553801,1.257449086768692,
310,6.2,idle,locomotion,0,1.3899999856948853,0.019999999552965164,0.10973345824050044,-0.03953022292027655,-0.0029260635619408593,0.726052395250683,1.2569514582728556,-0.000497550955235803,1.2574490092280914,
311,6.22,idle,locomotion,0,1.3899999856948853,0.019999999552965164,0.10973345824050044,-0.039533342770717024,-0.0029312200936339144,0.7260528647590735,1.2569513740506952,-0.0004975622768455222,1.2574489363275407,
312,6.24,idle,locomotion,0,1.3899999856948853,0.019999999552965164,0.10973345824050044,-0.039536439503427966,-0.002936382297462131,0.7260533360803296,1.2569512927221589,-0.0004975735743174767,1.2574488662964765,
313,6.26,idle,locomotion,0,1.3899999856948853,0.019999999552965164,0.10973345824050044,-0.0395395131837894,-0.0029415499801989826,0.7260538108671574,1.256951215799627,-0.0004975849410911552,1.257448800740718,
314,6.28,idle,locomotion,0,1.3899999856948853,0.019999999552965164,0.10973345824050044,-0.039542563476857556,-0.0029467223379687395,0.7260542897738005,1.2569511441163652,-0.0004975963749669528,1.2574487404913322,
315,6.3,idle,locomotion,0,1.3899999856948853,0.019999999552965164,0.10973345824050044,-0.03954559057913374,-0.002951900229158863,0.7260547713371983,1.2569510762191825,-0.0004976077625843643,1.257448683981767,
316,6.32,idle,locomotion,0,1.3899999856948853,0.019999999552965164,0.10973345824050044,-0.03954859489366518,-0.002957085181513246,0.7260552556162689,1.2569510120491354,-0.0004976191902715948,1.257448631239407,
317,6.34,idle,locomotion,0,1.3899999856948853,0.019999999552965164,0.10973345824050044,-0.03955157658213068,-0.0029622760275643495,0.7260557413001557,1.2569509504342344,-0.0004976307180228484,1.2574485811522573,
318,6.36,idle,locomotion,0,1.3899999856948853,0.019999999552965164,0.10973345824050044,-0.039554535873052674,-0.00296747097111579,0.7260562306396442,1.25695089341842,-0.0004976423111065775,1.2574485357295264,
319,6.38,idle,locomotion,0,1.3899999856948853,0.019999999552965164,0.10973345824050044,-0.03955747377768578,-0.002972669798861335,0.7260567232653784,1.2569508407211751,-0.0004976539314853999,1.2574484946526605,
320,6.4,idle,locomotion,0,1.3899999856948853,0.019999999552965164,0.10973345824050044,-0.03956039034437448,-0.002977872676153987,0.7260572179970703,1.2569507910682491,-0.000497665608965206,1.2574484566772144,
321,6.42,idle,locomotion,0,1.3899999856948853,0.019999999552965164,0.10973345824050044,-0.039563285405501504,-0.0029830803318534735,0.726057714488625,1.2569507441636754,-0.0004976772667796454,1.257448421430455,
322,6.44,idle,locomotion,0,1.3899999856948853,0.019999999552965164,0.10973345824050044,-0.039566158972042506,-0.002988293147365538,0.7260582160090209,1.2569507030459228,-0.0004976889923418784,1.2574483920382646,
323,6.46,idle,locomotion,0,1.3899999856948853,0.019999999552965164,0.10973345824050044,-0.03956901070971252,-0.002993511311799324,0.7260587208990716,1.2569506663564745,-0.0004977007792577384,1.2574483671357322,
324,6.48,idle,locomotion,0,1.3899999856948853,0.019999999552965164,0.10973345824050044,-0.03957184064307124,-0.0029987348956327688,0.7260592268682647,1.2569506317472026,-0.0004977125304384301,1.257448344277641,
325,6.5,idle,locomotion,0,1.3899999856948853,0.019999999552965164,0.10973345824050044,-0.03957464908804574,-0.003003964568068926,0.7260597347183266,1.256950599976135,-0.0004977243632475828,1.2574483243393826,
326,6.52,idle,locomotion,0,1.3899999856948853,0.019999999552965164,0.10973345824050044,-0.039577436107350226,-0.003009200343715231,0.7260602444937867,1.2569505711511608,-0.0004977362356895776,1.2574483073868503,
327,6.54,idle,locomotion,0,1.3899999856948853,0.019999999552965164,0.10973345824050044,-0.03958020183644918,-0.0030144418497873283,0.726060756915162,1.256950545945389,-0.0004977481748769282,1.2574482941202658,
328,6.56,idle,locomotion,0,1.3899999856948853,0.019999999552965164,0.10973345824050044,-0.039582947065158226,-0.0030196889727756703,0.7260612725047361,1.256950524832266,-0.0004977601116590638,1.2574482849439252,
329,6.58,idle,locomotion,0,1.3899999856948853,0.019999999552965164,0.10973345824050044,-0.03958567202332001,-0.003024941426405151,0.7260617910633664,1.2569505075710392,-0.0004977721079023369,1.2574482796789415,
330,6.6,idle,locomotion,0,1.3899999856948853,0.019999999552965164,0.10973345824050044,-0.0395883764894103,-0.003030197994869585,0.7260623118119065,1.2569504934693116,-0.0004977841307751418,1.2574482776000868,
331,6.62,idle,locomotion,0,1.3899999856948853,0.019999999552965164,0.10973345824050044,-0.03959106017175359,-0.003035458564091615,0.7260628347587015,1.2569504825126248,-0.0004977961753992732,1.2574482786880241,
332,6.64,idle,locomotion,0,1.3899999856948853,0.019999999552965164,0.10973345824050044,-0.03959372345209504,-0.0030407241720707,0.7260633599033527,1.256950474696581,-0.0004978082775665242,1.2574482829741476,
333,6.66,idle,locomotion,0,1.3899999856948853,0.019999999552965164,0.10973345824050044,-0.03959636651576279,-0.003045995223107819,0.7260638875568467,1.2569504702797443,-0.0004978203894129181,1.257448290669157,
334,6.68,idle,locomotion,0,1.3899999856948853,0.019999999552965164,0.10973345824050044,-0.03959898915915706,-0.003051273040723406,0.726064417128095,1.256950468765075,-0.0004978324983904957,1.2574483012634654,
335,6.7,idle,locomotion,0,1.3899999856948853,0.019999999552965164,0.10973345824050044,-0.03960159146011729,-0.00305655660614422,0.72606495051064,1.2569504719402969,-0.0004978447962184565,1.2574483167365154,
336,6.72,idle,locomotion,0,1.3899999856948853,0.019999999552965164,0.10973345824050044,-0.0396041743051783,-0.003061844195729947,0.7260654867116438,1.2569504788893748,-0.0004978570432355479,1.2574483359326103,
337,6.74,idle,locomotion,0,1.3899999856948853,0.019999999552965164,0.10973345824050044,-0.03960673782008728,-0.003067137228237054,0.7260660251907656,1.2569504889068743,-0.00049786924983998,1.2574483581567144,
338,6.76,idle,locomotion,0,1.3899999856948853,0.019999999552965164,0.10973345824050044,-0.039609281820627416,-0.003072437310471085,0.7260665636851656,1.25695049996102,-0.0004978814284702024,1.25744838138949,
339,6.78,idle,locomotion,0,1.3899999856948853,0.019999999552965164,0.10973345824050044,-0.039611806252568896,-0.0030777432354925174,0.7260671025958115,1.256950512339718,-0.0004978938687707941,1.2574484062084887,
340,6.8,idle,locomotion,0,1.3899999856948853,0.019999999552965164,0.10973345824050044,-0.03961431171293562,-0.003083053495028427,0.7260676449614447,1.256950528970904,-0.0004979062968465467,1.2574484352677506,
341,6.82,idle,locomotion,0,1.3899999856948853,0.019999999552965164,0.10973345824050044,-0.03961679858151176,-0.0030883685053290574,0.7260681904704525,1.2569505495949718,-0.0004979186999505628,1.2574484682949223,
342,6.84,idle,locomotion,0,1.3899999856948853,0.019999999552965164,0.10973345824050044,-0.03961926663842486,-0.003093687591458249,0.7260687386405967,1.2569505737517415,-0.0004979310708997549,1.2574485048226411,
343,6.86,idle,locomotion,0,1.3899999856948853,0.019999999552965164,0.10973345824050044,-0.039621716573398046,-0.0030990104875006515,0.7260692882351785,1.2569506002204447,-0.0004979434806155272,1.2574485437010603,
344,6.88,idle,locomotion,0,1.3899999856948853,0.019999999552965164,0.10973345824050044,-0.039624148464967236,-0.003104337831981795,0.7260698380848445,1.2569506277613467,-0.0004979559763908549,1.2574485837377376,
345,6.9,idle,locomotion,0,1.3899999856948853,0.019999999552965164,0.10973345824050044,-0.039626561693190655,-0.0031096701083415147,0.7260703891109742,1.2569506573335159,-0.0004979685306206114,1.2574486258641364,
346,6.92,idle,locomotion,0,1.3899999856948853,0.019999999552965164,0.10973345824050044,-0.03962895651135022,-0.00311500648154883,0.7260709426419766,1.2569506902812448,-0.0004979811292303744,1.2574486714104751,
347,6.94,idle,locomotion,0,1.3899999856948853,0.019999999552965164,0.10973345824050044,-0.03963133320986824,-0.003120345843739232,0.7260714989769956,1.2569507268648394,-0.0004979937184501834,1.2574487205832896,
348,6.96,idle,locomotion,0,1.3899999856948853,0.019999999552965164,0.10973345824050044,-0.039633691709954386,-0.0031256871047818753,0.7260720583500578,1.2569507673342122,-0.0004980063303567962,1.257448773664569,
349,6.98,idle,locomotion,0,1.3899999856948853,0.019999999552965164,0.10973345824050044,-0.03963603232869913,-0.003131030645289697,0.7260726201111731,1.2569508110568475,-0.0004980189897001476,1.2574488300465476,
350,7.0,idle,locomotion,0,1.3899999856948853,0.019999999552965164,0.10973345824050044,-0.039638355469041174,-0.003136378338207359,0.7260731829472279,1.2569508566507583,-0.0004980316889054287,1.2574488883396637,
351,7.02,idle,locomotion,0,1.3899999856948853,0.019999999552965164,0.10973345824050044,-0.03964066111400148,-0.003141731250791029,0.7260737474956704,1.2569509046700753,-0.0004980443515078987,1.2574489490215832,
352,7.04,idle,locomotion,0,1.3899999856948853,0.019999999552965164,0.10973345824050044,-0.03964294876924933,-0.0031470904068584622,0.7260743139774792,1.256950955433489,-0.0004980570767267878,1.2574490125102158,
353,7.06,idle,locomotion,0,1.3899999856948853,0.019999999552965164,0.10973345824050044,-0.03964521846862333,-0.0031524562830719523,0.7260748816506567,1.2569510082425317,-0.0004980699064914551,1.257449078149023,
354,7.08,idle,locomotion,0,1.3899999856948853,0.019999999552965164,0.10973345824050044,-0.039647470040567775,-0.0031578282584064214,0.7260754510814802,1.2569510636781205,-0.0004980827272240591,1.2574491464053446,
355,7.1,idle,locomotion,0,1.3899999856948853,0.019999999552965164,0.10973345824050044,-0.0396497041356739,-0.0031632065122691785,0.7260760220042016,1.2569511214710833,-0.0004980955871518242,1.2574492170582352,
356,7.12,idle,locomotion,0,1.3899999856948853,0.019999999552965164,0.10973345824050044,-0.0396519216882295,-0.0031685902353664965,0.7260765948095063,1.2569511818357706,-0.00049810849190653,1.257449290327677,
357,7.14,idle,locomotion,0,1.3899999856948853,0.019999999552965164,0.10973345824050044,-0.039654122750475036,-0.0031739786651195307,0.7260771692106236,1.2569512445583124,-0.0004981213165765226,1.2574493658748889,
358,7.16,idle,locomotion,0,1.3899999856948853,0.019999999552965164,0.10973345824050044,-0.03965630672307735,-0.003179372833739082,0.72607774503561,1.25695130949727,-0.0004981342075416062,1.2574494437048116,
359,7.18,idle,locomotion,0,1.3899999856948853,0.019999999552965164,0.10973345824050044,-0.03965847354636784,-0.0031847719157176674,0.7260783232671939,1.2569513776183012,-0.0004981472942141227,1.2574495249125153,
360,7.2,idle,locomotion,0,1.3899999856948853,0.019999999552965164,0.10973345824050044,-0.03966062371467287,-0.0031901737577885404,0.7260789036700919,1.2569514486860416,-0.0004981603230942884,1.2574496090091358,
361,7.22,idle,locomotion,0,1.3899999856948853,0.019999999552965164,0.10973345824050044,-0.03966275766248864,-0.0031955780705787036,0.7260794848406223,1.2569515212902216,-0.0004981732997731622,1.2574496945899947,
362,7.24,idle,locomotion,0,1.3899999856948853,0.019999999552965164,0.10973345824050044,-0.03966487555525233,-0.0032009854610253294,0.7260800675193765,1.25695159608995,-0.0004981862837340617,1.257449782373684,
363,7.26,idle,locomotion,0,1.3899999856948853,0.019999999552965164,0.10973345824050044,-0.039666977256185725,-0.0032063966940504484,0.7260806509056503,1.2569516724404293,-0.00049819930885147,1.2574498717492808,
364,7.28,idle,locomotion,0,1.3899999856948853,0.019999999552965164,0.10973345824050044,-0.03966906275987827,-0.003211812053057939,0.7260812361194965,1.2569517513197779,-0.0004982124149572262,1.2574499637347352,
365,7.3,idle,locomotion,0,1.3899999856948853,0.019999999552965164,0.10973345824050044,-0.03967113226808879,-0.0032172320937917834,0.7260818240174822,1.256951833626917,-0.0004982255778688931,1.257450059204786,
366,7.32,idle,locomotion,0,1.3899999856948853,0.019999999552965164,0.10973345824050044,-0.03967318556182526,-0.0032226575554806674,0.7260824131699987,1.2569519180092346,-0.000498238678478747,1.2574501566877132,
367,7.34,idle,locomotion,0,1.3899999856948853,0.019999999552965164,0.10973345824050044,-0.039675222602645395,-0.0032280883726510867,0.7260830013216267,1.2569520022818919,-0.0004982518951924253,1.2574502541770842,
368,7.36,idle,locomotion,0,1.3899999856948853,0.019999999552965164,0.10973345824050044,-0.039677244024641165,-0.003233523552732554,0.7260835900023646,1.256952087743496,-0.0004982651826837582,1.2574503529261798,
369,7.38,idle,locomotion,0,1.3899999856948853,0.019999999552965164,0.10973345824050044,-0.039679250258585985,-0.003238962219329865,0.7260841817389337,1.2569521769226308,-0.0004982784480005095,1.2574504553706314,
370,7.4,idle,locomotion,0,1.3899999856948853,0.019999999552965164,0.10973345824050044,-0.03968124092355352,-0.0032444028449941185,0.7260847758165598,1.2569522692614699,-0.0004982916685349267,1.2574505609300048,
371,7.42,idle,locomotion,0,1.3899999856948853,0.019999999552965164,0.10973345824050044,-0.0396832157994497,-0.003249846120771301,0.7260853726141522,1.256952365068438,-0.0004983048602611173,1.2574506699286991,
372,7.44,idle,locomotion,0,1.3899999856948853,0.019999999552965164,0.10973345824050044,-0.039685175944518536,-0.003255292847187878,0.7260859704880526,1.2569524627497803,-0.0004983182122729364,1.2574507809620532,
373,7.46,idle,locomotion,0,1.3899999856948853,0.019999999552965164,0.10973345824050044,-0.03968712132053144,-0.0032607430235359306,0.7260865687636163,1.256952561432395,-0.0004983316589139801,1.257450893091309,
374,7.48,idle,locomotion,0,1.3899999856948853,0.019999999552965164,0.10973345824050044,-0.039689051701068144,-0.0032661977354763567,0.7260871686252053,1.2569526623229268,-0.000498345124954603,1.2574510074478813,
375,7.5,idle,locomotion,0,1.3899999856948853,0.019999999552965164,0.10973345824050044,-0.03969096743070634,-0.00327165598618805,0.7260877701026008,1.2569527655116512,-0.0004983585536625854,1.257451124065314,
376,7.52,idle,locomotion,0,1.3899999856948853,0.019999999552965164,0.10973345824050044,-0.03969286881857193,-0.0032771167209519414,0.7260883716686977,1.2569528694936924,-0.0004983720271650796,1.2574512415208576,
377,7.54,idle,locomotion,0,1.3899999856948853,0.019999999552965164,0.10973345824050044,-0.039694755743056566,-0.003282580132071377,0.7260889742973629,1.256952975148065,-0.0004983854229885579,1.2574513605710536,
378,7.56,idle,locomotion,0,1.3899999856948853,0.019999999552965164,0.10973345824050044,-0.03969662755408212,-0.0032880487048055295,0.7260895783872996,1.2569530830003193,-0.0004983988710605333,1.2574514818713798,
379,7.58,idle,locomotion,0,1.3899999856948853,0.019999999552965164,0.10973345824050044,-0.03969848419256661,-0.0032935248282046897,0.7260901832359125,1.256953192355083,-0.0004984124199903135,1.2574516047750732,
380,7.6,idle,locomotion,0,1.3899999856948853,0.019999999552965164,0.10973345824050044,-0.039700325731029475,-0.003299008185442082,0.7260907892418449,1.256953303578465,-0.0004984260403909681,1.257451729618856,
381,7.62,idle,locomotion,0,1.3899999856948853,0.019999999552965164,0.10973345824050044,-0.03970215252380097,-0.0033044976034565295,0.7260913966872534,1.2569534169157612,-0.0004984396984377693,1.257451856614199,
382,7.64,idle,locomotion,0,1.3899999856948853,0.019999999552965164,0.10973345824050044,-0.03970396541148339,-0.003309992381413396,0.7260920057458647,1.2569535323870316,-0.0004984533988858647,1.2574519857859174,
383,7.66,idle,locomotion,0,1.3899999856948853,0.019999999552965164,0.10973345824050044,-0.039705764217874806,-0.003315491613261338,0.7260926151520213,1.2569536488611879,-0.0004984669974217905,1.2574521158586096,
384,7.68,idle,locomotion,0,1.3899999856948853,0.019999999552965164,0.10973345824050044,-0.03970754848319234,-0.0033209944617226678,0.7260932252416555,1.256953766675409,-0.0004984806372697569,1.2574522473126786,
385,7.7,idle,locomotion,0,1.3899999856948853,0.019999999552965164,0.10973345824050044,-0.03970931839913587,-0.0033264993162071092,0.7260938370400049,1.2569538868727284,-0.0004984942778133022,1.2574523811505416,
386,7.72,idle,locomotion,0,1.3899999856948853,0.019999999552965164,0.10973345824050044,-0.03971107395262216,-0.003332006559161112,0.7260944493878205,1.2569540083913973,-0.0004985078500553096,1.2574525162414525,
387,7.74,idle,locomotion,0,1.3899999856948853,0.019999999552965164,0.10973345824050044,-0.03971281607345143,-0.0033375168134147475,0.726095062265963,1.2569541310845243,-0.0004985215510521328,1.2574526526355765,
388,7.76,idle,locomotion,0,1.3899999856948853,0.019999999552965164,0.10973345824050044,-0.03971454543362954,-0.0033430288824903933,0.7260956769147358,1.2569542560674143,-0.0004985353215964002,1.2574527913890108,
389,7.78,idle,locomotion,0,1.3899999856948853,0.019999999552965164,0.10973345824050044,-0.03971626186906777,-0.0033485421320453668,0.726096292962635,1.2569543830650922,-0.0004985490980835422,1.2574529321631758,
390,7.8,idle,locomotion,0,1.3899999856948853,0.019999999552965164,0.10973345824050044,-0.039717965159498714,-0.003354056924229653,0.7260969091464614,1.2569545108671687,-0.0004985628111410581,1.2574530736783098,
391,7.82,idle,locomotion,0,1.3899999856948853,0.019999999552965164,0.10973345824050044,-0.03971965551433327,-0.003359575308993809,0.726097525893836,1.2569546397890348,-0.0004985766028788655,1.2574532163919137,
392,7.84,idle,locomotion,0,1.3899999856948853,0.019999999552965164,0.10973345824050044,-0.039721333373125854,-0.0033650975499140987,0.7260981436587727,1.2569547702528425,-0.0004985904918242932,1.2574533607446667,
393,7.86,idle,locomotion,0,1.3899999856948853,0.019999999552965164,0.10973345824050044,-0.03972299815420399,-0.0033706226437968186,0.7260987621881866,1.2569549021245399,-0.0004986042841308817,1.2574535064086707,
394,7.88,idle,locomotion,0,1.3899999856948853,0.019999999552965164,0.10973345824050044,-0.03972464925970332,-0.0033761503912496473,0.726099381569568,1.2569550355858292,-0.0004986181141906458,1.2574536537000198,
395,7.9,idle,locomotion,0,1.3899999856948853,0.019999999552965164,0.10973345824050044,-0.03972628691844083,-0.003381681485734085,0.7261000011363665,1.2569551700138237,-0.0004986319654105495,1.2574538019792343,
396,7.92,idle,locomotion,0,1.3899999856948853,0.019999999552965164,0.10973345824050044,-0.039727911997065116,-0.0033872177754066114,0.7261006196332397,1.256955304083058,-0.0004986458620966291,1.2574539499451545,
397,7.94,idle,locomotion,0,1.3899999856948853,0.019999999552965164,0.10973345824050044,-0.03972952508158191,-0.0033927585221528284,0.7261012388981603,1.256955439417723,-0.0004986599253431999,1.257454099343066,
398,7.96,idle,locomotion,0,1.3899999856948853,0.019999999552965164,0.10973345824050044,-0.03973112639908225,-0.003398302281557086,0.7261018598161084,1.2569555769371208,-0.0004986739330980032,1.257454250870219,
399,7.98,idle,locomotion,0,1.3899999856948853,0.019999999552965164,0.10973345824050044,-0.0397327160813404,-0.003403850183629402,0.7261024823897324,1.2569557165453018,-0.0004986879228973708,1.2574544044681992,
400,8.0,idle,locomotion,0,1.3899999856948853,0.019999999552965164,0.10973345824050044,-0.0397342934080437,-0.0034094022714485956,0.7261031065331435,1.2569558582623592,-0.0004987018984270869,1.2574545601607863,
401,8.02,idle,locomotion,0,1.3899999856948853,0.019999999552965164,0.10973345824050044,-0.03973585771592988,-0.00341495901261407,0.7261037320269276,1.2569560019697532,-0.0004987158865501704,1.2574547178563034,
402,8.04,idle,locomotion,0,1.3899999856948853,0.019999999552965164,0.10973345824050044,-0.03973740938163433,-0.0034205202800080747,0.7261043582945542,1.2569561470949633,-0.0004987300228695354,1.2574548771178329,
403,8.06,idle,locomotion,0,1.3899999856948853,0.019999999552965164,0.10973345824050044,-0.03973894884125587,-0.0034260851180904976,0.7261049842738091,1.2569562925367594,-0.0004987440876909541,1.2574550366244504,
404,8.08,idle,locomotion,0,1.3899999856948853,0.019999999552965164,0.10973345824050044,-0.03974047606293825,-0.0034316535711473427,0.7261056103371538,1.2569564386194658,-0.0004987582212320901,1.257455196840698,
405,8.1,idle,locomotion,0,1.3899999856948853,0.019999999552965164,0.10973345824050044,-0.03974199071042552,-0.003437225690894444,0.7261062366015254,1.2569565855591345,-0.0004987723153795191,1.257455357874514,
406,8.12,idle,locomotion,0,1.3899999856948853,0.019999999552965164,0.10973345824050044,-0.03974349326492871,-0.0034428020690007856,0.7261068628776591,1.2569567331238893,-0.0004987865268430113,1.2574555196507324,
407,8.14,idle,locomotion,0,1.3899999856948853,0.019999999552965164,0.10973345824050044,-0.03974498415727324,-0.0034483829046155668,0.7261074905637968,1.2569568825409094,-0.0004988007395884918,1.257455683280498,
408,8.16,idle,locomotion,0,1.3899999856948853,0.019999999552965164,0.10973345824050044,-0.03974646345289529,-0.0034539687632232628,0.7261081198739171,1.256957034099607,-0.0004988149515110091,1.257455849051118,
409,8.18,idle,locomotion,0,1.3899999856948853,0.019999999552965164,0.10973345824050044,-0.03974793120133182,-0.0034595588276423155,0.7261087502244757,1.256957187214737,-0.0004988291896904258,1.2574560164044273,
410,8.2,idle,locomotion,0,1.3899999856948853,0.019999999552965164,0.10973345824050044,-0.039749387300668376,-0.0034651528489841217,0.7261093804727172,1.2569573408218035,-0.0004988434031171392,1.2574561842249208,
411,8.22,idle,locomotion,0,1.3899999856948853,0.019999999552965164,0.10973345824050044,-0.039750831924289194,-0.0034707503009996457,0.7261100109991583,1.2569574952151275,-0.000498857700141981,1.2574563529152694,
412,8.24,idle,locomotion,0,1.3899999856948853,0.019999999552965164,0.10973345824050044,-0.03975226533620413,-0.0034763506471034464,0.7261106419343442,1.2569576505459732,-0.0004988719508949753,1.2574565224968681,
413,8.26,idle,locomotion,0,1.3899999856948853,0.019999999552965164,0.10973345824050044,-0.039753687368594255,-0.003481954429887153,0.7261112726697158,1.2569578062281623,-0.0004988862470384006,1.2574566924752006,
414,8.28,idle,locomotion,0,1.3899999856948853,0.019999999552965164,0.10973345824050044,-0.0397550980526747,-0.00348756113333143,0.726111903761843,1.256957962799914,-0.0004989006112256986,1.2574568634111396,
415,8.3,idle,locomotion,0,1.3899999856948853,0.019999999552965164,0.10973345824050044,-0.03975649791966029,-0.003493169870931185,0.7261125354712298,1.2569581205168143,-0.0004989149700864622,1.2574570354869008,
416,8.32,idle,locomotion,0,1.3899999856948853,0.019999999552965164,0.10973345824050044,-0.03975788728866981,-0.0034987810097015957,0.7261131668437565,1.2569582784341506,-0.0004989293020874787,1.257457207736238,
417,8.34,idle,locomotion,0,1.3899999856948853,0.019999999552965164,0.10973345824050044,-0.039759265759421104,-0.00350439564097267,0.726113798787086,1.2569584374185907,-0.0004989436439439589,1.2574573810625347,
418,8.36,idle,locomotion,0,1.3899999856948853,0.019999999552965164,0.10973345824050044,-0.03976063330698652,-0.0035100142883795027,0.726114431188352,1.2569585974378912,-0.0004989580987885753,1.2574575555366798,
419,8.38,idle,locomotion,0,1.3899999856948853,0.019999999552965164,0.10973345824050044,-0.039761990145599814,-0.003515636600830613,0.7261150640561649,1.2569587584094064,-0.0004989726003255708,1.257457731009732,
420,8.4,idle,locomotion,0,1.3899999856948853,0.019999999552965164,0.10973345824050044,-0.03976333628422575,-0.0035212620381651375,0.726115698024865,1.256958920972392,-0.0004989870856017924,1.2574579080579937,
421,8.42,idle,locomotion,0,1.3899999856948853,0.019999999552965164,0.10973345824050044,-0.039764671258728485,-0.0035268899121639,0.7261163330083188,1.2569590850974712,-0.0004990015464627247,1.257458086643934,
422,8.44,idle,locomotion,0,1.3899999856948853,0.019999999552965164,0.10973345824050044,-0.0397659953643119,-0.0035325199998282398,0.7261169689905353,1.2569592507505765,-0.0004990160560340608,1.2574582668066105,
423,8.46,idle,locomotion,0,1.3899999856948853,0.019999999552965164,0.10973345824050044,-0.039767309295050006,-0.00353815204143915,0.7261176047010749,1.256959416654896,-0.0004990305519172525,1.2574584472068133,
424,8.48,idle,locomotion,0,1.3899999856948853,0.019999999552965164,0.10973345824050044,-0.03976861322646794,-0.0035437866659466005,0.726118239600364,1.2569595822170019,-0.0004990450088239035,1.2574586272258257,
425,8.5,idle,locomotion,0,1.3899999856948853,0.019999999552965164,0.10973345824050044,-0.03976990707689058,-0.0035494247666282004,0.7261188747259423,1.2569597484537869,-0.000499059554002975,1.2574588080077898,
426,8.52,idle,locomotion,0,1.3899999856948853,0.019999999552965164,0.10973345824050044,-0.03977119035949388,-0.003555066840516627,0.7261195108865204,1.2569599162094796,-0.0004990741733253284,1.2574589903828048,
427,8.54,idle,locomotion,0,1.3899999856948853,0.019999999552965164,0.10973345824050044,-0.039772463322279884,-0.003560712389022911,0.7261201471404647,1.2569600846189122,-0.0004990888030246346,1.257459173421937,
428,8.56,idle,locomotion,0,1.3899999856948853,0.019999999552965164,0.10973345824050044,-0.03977372644095761,-0.003566361146476955,0.7261207830867364,1.2569602531744033,-0.0004991033810729274,1.2574593565554761,
429,8.58,idle,locomotion,0,1.3899999856948853,0.019999999552965164,0.10973345824050044,-0.0397749798067994,-0.0035720133905068263,0.7261214194733281,1.2569604225895943,-0.000499118014276892,1.257459540603871,
430,8.6,idle,locomotion,0,1.3899999856948853,0.019999999552965164,0.10973345824050044,-0.0397762232507306,-0.003577668054527754,0.7261220571653771,1.2569605937530763,-0.0004991325711145127,1.257459726324191,
431,8.62,idle,locomotion,0,1.3899999856948853,0.019999999552965164,0.10973345824050044,-0.03977745654558143,-0.003583324350589674,0.726122695825421,1.2569607663800366,-0.0004991472226279943,1.2574599136026645,
432,8.64,idle,locomotion,0,1.3899999856948853,0.019999999552965164,0.10973345824050044,-0.039778679406590266,-0.0035889830809911804,0.7261233350191121,1.256960940010527,-0.0004991618523302287,1.2574601018628573,
433,8.66,idle,locomotion,0,1.3899999856948853,0.019999999552965164,0.10973345824050044,-0.03977989199676765,-0.0035946451892911015,0.72612397259363,1.2569611126159612,-0.0004991766748512656,1.2574602892908124,
434,8.68,idle,locomotion,0,1.3899999856948853,0.019999999552965164,0.10973345824050044,-0.039781094562887004,-0.0036003095503912407,0.72612460957725,1.25696128502655,-0.0004991914798983185,1.2574604765064483,
435,8.7,idle,locomotion,0,1.3899999856948853,0.019999999552965164,0.10973345824050044,-0.03978228680974362,-0.003605978280569687,0.7261252484001027,1.2569614596978396,-0.0004992061844531978,1.2574606658822927,
436,8.72,idle,locomotion,0,1.3899999856948853,0.019999999552965164,0.10973345824050044,-0.03978346929014404,-0.0036116523072531703,0.7261258875369858,1.2569616351890962,-0.0004992209898484479,1.2574608561789447,
437,8.74,idle,locomotion,0,1.3899999856948853,0.019999999552965164,0.10973345824050044,-0.039784642314299734,-0.00361732979072532,0.7261265262559969,1.256961810658448,-0.0004992357746191854,1.257461046433067,
438,8.76,idle,locomotion,0,1.3899999856948853,0.019999999552965164,0.10973345824050044,-0.039785805861332284,-0.0036230107550880145,0.7261271648360372,1.2569619864146897,-0.0004992505825531235,1.2574612369972429,
439,8.78,idle,locomotion,0,1.3899999856948853,0.019999999552965164,0.10973345824050044,-0.03978696050551772,-0.003628695614943128,0.7261278028153403,1.2569621619520293,-0.0004992653673684261,1.2574614273193976,
440,8.8,idle,locomotion,0,1.3899999856948853,0.019999999552965164,0.10973345824050044,-0.03978810610283739,-0.0036343830710314933,0.726128440721509,1.256962337799543,-0.0004992801765406306,1.2574616179760836,
441,8.82,idle,locomotion,0,1.3899999856948853,0.019999999552965164,0.10973345824050044,-0.03978924230748205,-0.0036400718570015174,0.7261290803181576,1.2569625157385336,-0.0004992949431872479,1.2574618106817208,
442,8.84,idle,locomotion,0,1.3899999856948853,0.019999999552965164,0.10973345824050044,-0.03979036875704599,-0.003645761708693038,0.7261297202458094,1.2569626946107726,-0.0004993097781057498,1.2574620043888785,
443,8.86,idle,locomotion,0,1.3899999856948853,0.019999999552965164,0.10973345824050044,-0.0397914856624226,-0.0036514521236008443,0.7261303597862339,1.2569628735788618,-0.0004993246430293717,1.2574621982218912,
444,8.88,idle,locomotion,0,1.3899999856948853,0.019999999552965164,0.10973345824050044,-0.03979259354554233,-0.0036571437025170656,0.7261309996151382,1.2569630532519527,-0.0004993395676194147,1.257462392819572,
445,8.9,idle,locomotion,0,1.3899999856948853,0.019999999552965164,0.10973345824050044,-0.03979369225727139,-0.0036628371943916,0.7261316389527649,1.2569632329307572,-0.0004993544431008065,1.257462587373858,
446,8.92,idle,locomotion,0,1.3899999856948853,0.019999999552965164,0.10973345824050044,-0.03979478172746985,-0.003668534881697463,0.7261322793311911,1.2569634139877692,-0.0004993693526698373,1.257462783340439,
447,8.94,idle,locomotion,0,1.3899999856948853,0.019999999552965164,0.10973345824050044,-0.039795861948002595,-0.003674238749860382,0.7261329197452695,1.2569635955736185,-0.0004993842960113043,1.2574629798696297,
448,8.96,idle,locomotion,0,1.3899999856948853,0.019999999552965164,0.10973345824050044,-0.03979693303785844,-0.003679947990151227,0.7261335603407254,1.2569637776956517,-0.0004993993151300238,1.2574631770107818,
449,8.98,idle,locomotion,0,1.3899999856948853,0.019999999552965164,0.10973345824050044,-0.039797994972884665,-0.0036856608816512146,0.7261342007590349,1.2569639601011005,-0.0004994143270103044,1.2574633744281107,
450,9.0,idle,locomotion,0,1.3899999856948853,0.019999999552965164,0.10973345824050044,-0.039799047861696746,-0.003691375888468555,0.7261348409439542,1.2569641426846312,-0.0004994294013695999,1.2574635720860008,
451,9.02,idle,locomotion,0,1.3899999856948853,0.019999999552965164,0.10973345824050044,-0.03980009199118272,-0.003697093014913414,0.7261354812579814,1.2569643257863017,-0.000499444383537672,1.2574637701698395,
452,9.04,idle,locomotion,0,1.3899999856948853,0.019999999552965164,0.10973345824050044,-0.039801127273240665,-0.0037028133700847945,0.7261361214824532,1.256964509257652,-0.000499459346806324,1.2574639686044584,
453,9.06,idle,locomotion,0,1.3899999856948853,0.019999999552965164,0.10973345824050044,-0.03980215392875015,-0.003708537910254128,0.7261367604087458,1.2569646919224786,-0.0004994743983591718,1.2574641663208377,
454,9.08,idle,locomotion,0,1.3899999856948853,0.019999999552965164,0.10973345824050044,-0.03980317255270779,-0.0037142667055794706,0.7261373993362044,1.2569648748904354,-0.000499489517123565,1.257464364407559,
455,9.1,idle,locomotion,0,1.3899999856948853,0.019999999552965164,0.10973345824050044,-0.03980418368687284,-0.003719998238792522,0.7261380382260031,1.2569650581648355,-0.0004995046114288533,1.2574645627762644,
456,9.12,idle,locomotion,0,1.3899999856948853,0.019999999552965164,0.10973345824050044,-0.0398051862143468,-0.003725731251220826,0.7261386777329129,1.2569652424364486,-0.0004995197308442986,1.257464762167293,
457,9.14,idle,locomotion,0,1.3899999856948853,0.019999999552965164,0.10973345824050044,-0.039806180094345715,-0.003731466667356315,0.7261393171003387,1.256965427056217,-0.0004995348309647096,1.2574649618871816,
458,9.16,idle,locomotion,0,1.3899999856948853,0.019999999552965164,0.10973345824050044,-0.03980716544014046,-0.0037372051422076627,0.7261399552421413,1.2569656109054819,-0.0004995499707932116,1.257465160876275,
459,9.18,idle,locomotion,0,1.3899999856948853,0.019999999552965164,0.10973345824050044,-0.03980814305848338,-0.0037429460660329357,0.7261405941361914,1.2569657957333922,-0.0004995651788432913,1.2574653609122355,
460,9.2,idle,locomotion,0,1.3899999856948853,0.019999999552965164,0.10973345824050044,-0.03980911235011341,-0.0037486887213393854,0.7261412336187653,1.2569659815676946,-0.0004995803066382108,1.2574655618743327,
461,9.22,idle,locomotion,0,1.3899999856948853,0.019999999552965164,0.10973345824050044,-0.039810073128511224,-0.003754432297058916,0.7261418718871057,1.256966166648835,-0.0004995955101020633,1.2574657621589371,
462,9.24,idle,locomotion,0,1.3899999856948853,0.019999999552965164,0.10973345824050044,-0.03981102575168933,-0.0037601755726920046,0.7261425097604286,1.2569663516698415,-0.0004996106977923874,1.2574659623676339,
463,9.26,idle,locomotion,0,1.3899999856948853,0.019999999552965164,0.10973345824050044,-0.03981197015434522,-0.003765918554953579,0.7261431484750542,1.2569665379052721,-0.0004996258082194012,1.2574661637134916,
464,9.28,idle,locomotion,0,1.3899999856948853,0.019999999552965164,0.10973345824050044,-0.03981290680484572,-0.003771663406452603,0.7261437877093699,1.2569667250148968,-0.0004996409783112228,1.257466365993208,
465,9.3,idle,locomotion,0,1.3899999856948853,0.019999999552965164,0.10973345824050044,-0.03981383528782684,-0.0037774108210566963,0.7261444278974659,1.2569669134401424,-0.0004996561928997979,1.2574665696330423,
466,9.32,idle,locomotion,0,1.3899999856948853,0.019999999552965164,0.10973345824050044,-0.039814755642499006,-0.0037831619136846377,0.7261450675991932,1.2569671018350865,-0.0004996714083847983,1.2574667732434712,
467,9.34,idle,locomotion,0,1.3899999856948853,0.019999999552965164,0.10973345824050044,-0.039815667855584595,-0.0037889165703590072,0.7261457055823829,1.2569672889866508,-0.0004996867211618482,1.2574669757078125,
468,9.36,idle,locomotion,0,1.3899999856948853,0.019999999552965164,0.10973345824050044,-0.03981657172570209,-0.0037946727586499317,0.7261463430995143,1.2569674761245024,-0.0004997020781541579,1.2574671782026565,
469,9.38,idle,locomotion,0,1.3899999856948853,0.019999999552965164,0.10973345824050044,-0.03981746794353528,-0.003800429891768477,0.7261469810209297,1.2569676640726155,-0.0004997174075026083,1.257467381480118,
470,9.4,idle,locomotion,0,1.3899999856948853,0.019999999552965164,0.10973345824050044,-0.03981835751342514,-0.0038061882616152367,0.7261476191383635,1.256967852468675,-0.0004997327192140383,1.257467585187889,
471,9.42,idle,locomotion,0,1.3899999856948853,0.019999999552965164,0.10973345824050044,-0.039819240203349565,-0.003811949000991417,0.7261482579504598,1.2569680417671025,-0.0004997479893289088,1.2574677897564315,
472,9.44,idle,locomotion,0,1.3899999856948853,0.019999999552965164,0.10973345824050044,-0.039820114947001016,-0.0038177128277622715,0.7261488965382991,1.256968231300334,-0.0004997632248996374,1.2574679945252336,
473,9.46,idle,locomotion,0,1.3899999856948853,0.019999999552965164,0.10973345824050044,-0.039820981985799364,-0.0038234800645595697,0.7261495342616013,1.2569684203901628,-0.0004997786089401442,1.257468198999103,
474,9.48,idle,locomotion,0,1.3899999856948853,0.019999999552965164,0.10973345824050044,-0.03982184158092724,-0.0038292510971244384,0.7261501722232241,1.2569686100166828,-0.0004997939529604277,1.2574684039696433,
475,9.5,idle,locomotion,0,1.3899999856948853,0.019999999552965164,0.10973345824050044,-0.0398226933488903,-0.003835025323332757,0.7261508101255713,1.2569688000613914,-0.0004998092823692464,1.2574686093437606,
476,9.52,idle,locomotion,0,1.3899999856948853,0.019999999552965164,0.10973345824050044,-0.039823537926024416,-0.003840801440801679,0.72615144776092,1.2569689901828636,-0.0004998246800031018,1.2574688148628668,
477,9.54,idle,locomotion,0,1.3899999856948853,0.019999999552965164,0.10973345824050044,-0.0398243752773928,-0.003846580747594731,0.726152084906724,1.2569691801028275,-0.0004998400691559358,1.2574690201719836,
478,9.56,idle,locomotion,0,1.3899999856948853,0.019999999552965164,0.10973345824050044,-0.03982520545589661,-0.0038523640463260576,0.726152722209925,1.2569693703981537,-0.000499855537777958,1.2574692259359317,
479,9.58,idle,locomotion,0,1.3899999856948853,0.019999999552965164,0.10973345824050044,-0.03982602818910321,-0.0038581504445737848,0.7261533595878382,1.2569695611195213,-0.0004998709306526516,1.257469432050174,
480,9.6,idle,locomotion,0,1.3899999856948853,0.019999999552965164,0.10973345824050044,-0.03982684322985163,-0.003863940400281356,0.7261539971024733,1.2569697523582464,-0.0004998863336393503,1.2574696386918858,
481,9.62,idle,locomotion,0,1.3899999856948853,0.019999999552965164,0.10973345824050044,-0.039827651067079084,-0.0038697338358011685,0.7261546346282001,1.2569699439687496,-0.000499901777916853,1.2574698457466664,
482,9.64,idle,locomotion,0,1.3899999856948853,0.019999999552965164,0.10973345824050044,-0.0398284515135806,-0.0038755295425925186,0.7261552718519558,1.2569701356069776,-0.0004999172810078618,1.2574700528879854,
483,9.66,idle,locomotion,0,1.3899999856948853,0.019999999552965164,0.10973345824050044,-0.03982924478949719,-0.0038813265237059797,0.7261559078753741,1.2569703263974112,-0.0004999328354363501,1.2574702592328475,
484,9.68,idle,locomotion,0,1.3899999856948853,0.019999999552965164,0.10973345824050044,-0.0398300314647532,-0.0038871247707399957,0.7261565422271001,1.256970515775454,-0.0004999483752390864,1.257470464150693,
485,9.7,idle,locomotion,0,1.3899999856948853,0.019999999552965164,0.10973345824050044,-0.03983081169236277,-0.0038929245554460827,0.7261571757931776,1.2569707046269396,-0.0004999639215024949,1.257470668548442,
486,9.72,idle,locomotion,0,1.3899999856948853,0.019999999552965164,0.10973345824050044,-0.0398315853684107,-0.00389872589443837,0.7261578097397203,1.2569708941325524,-0.0004999794353850104,1.2574708735679374,
487,9.74,idle,locomotion,0,1.3899999856948853,0.019999999552965164,0.10973345824050044,-0.03983235233826037,-0.0039045292794969624,0.7261584442529349,1.2569710845463338,-0.000499994912379665,1.2574710794587134,
488,9.76,idle,locomotion,0,1.3899999856948853,0.019999999552965164,0.10973345824050044,-0.03983311292687322,-0.003910335909335604,0.726159078376925,1.2569712749290645,-0.0005000103854169158,1.2574712853144814,
489,9.78,idle,locomotion,0,1.3899999856948853,0.019999999552965164,0.10973345824050044,-0.03983386689735529,-0.003916147799188156,0.7261597116576887,1.2569714648176509,-0.0005000259061839034,1.2574714907238347,
490,9.8,idle,locomotion,0,1.3899999856948853,0.019999999552965164,0.10973345824050044,-0.03983461384223132,-0.003921964661905758,0.7261603441631511,1.2569716543617593,-0.0005000415455548614,1.2574716959073142,
491,9.82,idle,locomotion,0,1.3899999856948853,0.019999999552965164,0.10973345824050044,-0.03983535480286574,-0.003927785147804161,0.7261609761503797,1.256971843661192,-0.000500057251878603,1.2574719009130706,
492,9.84,idle,locomotion,0,1.3899999856948853,0.019999999552965164,0.10973345824050044,-0.039836089818550115,-0.0039336092857088206,0.7261616081884178,1.2569720331932008,-0.0005000729138090639,1.25747210610701,
493,9.86,idle,locomotion,0,1.3899999856948853,0.019999999552965164,0.10973345824050044,-0.03983681836664595,-0.0039394368659733375,0.7261622406683078,1.2569722234290455,-0.0005000886119888269,1.2574723120410343,
494,9.88,idle,locomotion,0,1.3899999856948853,0.019999999552965164,0.10973345824050044,-0.03983754071449744,-0.003945266810313805,0.7261628727283544,1.2569724135419817,-0.0005001042619371468,1.257472517803919,
495,9.9,idle,locomotion,0,1.3899999856948853,0.019999999552965164,0.10973345824050044,-0.03983825672187007,-0.003951099489263712,0.7261635040846313,1.2569726032366428,-0.000500119882958356,1.2574727231196012,
496,9.92,idle,locomotion,0,1.3899999856948853,0.019999999552965164,0.10973345824050044,-0.039838966138485046,-0.003956935358197704,0.7261641356368496,1.256972793418953,-0.0005001355986762705,1.2574729290176292,
497,9.94,idle,locomotion,0,1.3899999856948853,0.019999999552965164,0.10973345824050044,-0.039839668747805486,-0.003962774679104632,0.726164766602804,1.2569729834050813,-0.0005001513089423031,1.2574731347140236,
498,9.96,idle,locomotion,0,1.3899999856948853,0.019999999552965164,0.10973345824050044,-0.039840364749127825,-0.003968617620720926,0.7261653962293239,1.2569731724483257,-0.0005001670867228782,1.2574733395350486,
499,9.98,idle,locomotion,0,1.3899999856948853,0.019999999552965164,0.10973345824050044,-0.03984105424508181,-0.003974463226099443,0.7261660255253652,1.256973361535513,-0.0005001828161250617,1.257473544351638,
500,10.0,idle,locomotion,0,1.3899999856948853,0.019999999552965164,0.10973345824050044,-0.039841738122941166,-0.0039803118735612505,0.7261666546773119,1.2569735507331505,-0.0005001986577453446,1.2574737493908958,
501,10.02,idle,locomotion,0,1.3899999856948853,0.019999999552965164,0.10973345824050044,-0.039842416056643425,-0.003986163457520099,0.7261672839856078,1.2569737403303656,-0.0005002144566441241,1.2574739547870097,
502,10.04,idle,locomotion,0,1.3899999856948853,0.019999999552965164,0.10973345824050044,-0.03984308839609604,-0.003992018707046843,0.7261679115059775,1.2569739284936603,-0.0005002302364091708,1.2574741587300695,
503,10.06,idle,locomotion,0,1.3899999856948853,0.019999999552965164,0.10973345824050044,-0.039843754880811384,-0.00399787718173272,0.7261685388106431,1.2569741165887862,-0.0005002460744301732,1.2574743626632163,
504,10.08,idle,locomotion,0,1.3899999856948853,0.019999999552965164,0.10973345824050044,-0.039844415769915854,-0.004003738070992489,0.7261691666086187,1.256974305449112,-0.0005002619375102831,1.2574745673866223,
505,10.1,idle,locomotion,0,1.3899999856948853,0.019999999552965164,0.10973345824050044,-0.039845071081689346,-0.004009601888359791,0.7261697927807066,1.2569744929897133,-0.0005002777202144822,1.2574747707099279,
506,10.12,idle,locomotion,0,1.3899999856948853,0.019999999552965164,0.10973345824050044,-0.03984572046313492,-0.004015469580851622,0.7261704174611148,1.2569746792859278,-0.0005002935891326547,1.2574749728750605,
507,10.14,idle,locomotion,0,1.3899999856948853,0.019999999552965164,0.10973345824050044,-0.03984636347080353,-0.00402133973776261,0.7261710427255378,1.2569748664617275,-0.0005003095196984553,1.257475175981426,
508,10.16,idle,locomotion,0,1.3899999856948853,0.019999999552965164,0.10973345824050044,-0.03984700054814213,-0.004027212011026256,0.7261716676174033,1.25697505362887,-0.0005003253679064443,1.2574753789967763,
509,10.18,idle,locomotion,0,1.3899999856948853,0.019999999552965164,0.10973345824050044,-0.03984763198512443,-0.0040330877439744865,0.7261722935621115,1.2569752419470546,-0.0005003412831457374,1.2574755832302003,
510,10.2,idle,locomotion,0,1.3899999856948853,0.019999999552965164,0.10973345824050044,-0.03984825781001647,-0.004038965686329411,0.7261729203692235,1.2569754314090071,-0.0005003572171799302,1.2574757886261871,
511,10.22,idle,locomotion,0,1.3899999856948853,0.019999999552965164,0.10973345824050044,-0.039848877750217934,-0.004044845284387236,0.7261735451750027,1.2569756192718653,-0.0005003729586505259,1.2574759922305159,
512,10.24,idle,locomotion,0,1.3899999856948853,0.019999999552965164,0.10973345824050044,-0.03984949249075497,-0.0040507268331028395,0.726174168063366,1.2569758054717652,-0.0005003889307796036,1.2574761944025448,
513,10.26,idle,locomotion,0,1.3899999856948853,0.019999999552965164,0.10973345824050044,-0.03985010231744252,-0.004056609423827296,0.726174790294341,1.256975991187827,-0.0005004048261840928,1.2574763960140112,
514,10.28,idle,locomotion,0,1.3899999856948853,0.019999999552965164,0.10973345824050044,-0.03985070692325396,-0.004062493886889663,0.7261754119078025,1.2569761765165917,-0.0005004208262226542,1.2574765973428144,
515,10.3,idle,locomotion,0,1.3899999856948853,0.019999999552965164,0.10973345824050044,-0.03985130640796457,-0.004068379354947595,0.7261760328200826,1.2569763613580807,-0.0005004367172403504,1.257476798075321,
516,10.32,idle,locomotion,0,1.3899999856948853,0.019999999552965164,0.10973345824050044,-0.03985190103181183,-0.00407426473122518,0.7261766543462236,1.2569765469572205,-0.0005004526969442265,1.2574769996541648,
517,10.34,idle,locomotion,0,1.3899999856948853,0.019999999552965164,0.10973345824050044,-0.03985249070090703,-0.0040801490688751885,0.726177274965858,1.2569767319191665,-0.000500468631910566,1.257477200551077,
518,10.36,idle,locomotion,0,1.3899999856948853,0.019999999552965164,0.10973345824050044,-0.03985307469957486,-0.004086035034248693,0.7261778943332624,1.2569769158709294,-0.000500484569029673,1.2574774004399591,
519,10.38,idle,locomotion,0,1.3899999856948853,0.019999999552965164,0.10973345824050044,-0.039853652989167716,-0.004091925205714247,0.7261785127108217,1.2569770991546754,-0.0005005005491602252,1.2574775997038357,
520,10.4,idle,locomotion,0,1.3899999856948853,0.019999999552965164,0.10973345824050044,-0.0398542262709263,-0.004097817997132774,0.7261791307887228,1.2569772823403866,-0.0005005166346188847,1.2574777989750054,
521,10.42,idle,locomotion,0,1.3899999856948853,0.019999999552965164,0.10973345824050044,-0.03985479477552336,-0.004103712101250423,0.7261797494778051,1.2569774662778403,-0.0005005326458896349,1.25747799892373,
522,10.44,idle,locomotion,0,1.3899999856948853,0.019999999552965164,0.10973345824050044,-0.03985535779962889,-0.004109609012687716,0.7261803681779563,1.25697765048607,-0.0005005486832118759,1.2574781991692818,
523,10.46,idle,locomotion,0,1.3899999856948853,0.019999999552965164,0.10973345824050044,-0.03985591591570883,-0.004115507108219061,0.7261809858760713,1.2569778339146571,-0.0005005647180216337,1.2574783986326787,
524,10.48,idle,locomotion,0,1.3899999856948853,0.019999999552965164,0.10973345824050044,-0.03985646962096601,-0.004121405917706941,0.7261816032224934,1.2569780171067337,-0.0005005807302779879,1.2574785978370118,
525,10.5,idle,locomotion,0,1.3899999856948853,0.019999999552965164,0.10973345824050044,-0.03985701850557351,-0.00412730670017965,0.7261822204406698,1.2569782003701069,-0.0005005967798670484,1.257478797149974,
526,10.52,idle,locomotion,0,1.3899999856948853,0.019999999552965164,0.10973345824050044,-0.03985756229566612,-0.004133209945461618,0.7261828365932989,1.256978382879263,-0.0005006127643515448,1.2574789956436145,
527,10.54,idle,locomotion,0,1.3899999856948853,0.019999999552965164,0.10973345824050044,-0.039858100060240466,-0.004139117698085782,0.7261834509354606,1.2569785640070037,-0.0005006287827141083,1.2574791927897178,
528,10.56,idle,locomotion,0,1.3899999856948853,0.019999999552965164,0.10973345824050044,-0.0398586322003977,-0.004145029476102999,0.726184063853086,1.2569787440540199,-0.0005006449480123507,1.2574793890020322,
529,10.58,idle,locomotion,0,1.3899999856948853,0.019999999552965164,0.10973345824050044,-0.03985915931589126,-0.004150941697411154,0.7261846759724369,1.2569789235381428,-0.0005006612172236344,1.2574795847553664,
530,10.6,idle,locomotion,0,1.3899999856948853,0.019999999552965164,0.10973345824050044,-0.03985968247034204,-0.0041568526826247535,0.7261852870763663,1.2569791020979983,-0.0005006774249438246,1.2574797795229422,
531,10.62,idle,locomotion,0,1.3899999856948853,0.019999999552965164,0.10973345824050044,-0.039860201481469695,-0.004162765483254145,0.7261858987134596,1.2569792811704696,-0.0005006936064304787,1.2574799747769,
532,10.64,idle,locomotion,0,1.3899999856948853,0.019999999552965164,0.10973345824050044,-0.039860715859476786,-0.004168681569952938,0.7261865107174036,1.2569794608081604,-0.000500709704740105,1.2574801705129004,
533,10.66,idle,locomotion,0,1.3899999856948853,0.019999999552965164,0.10973345824050044,-0.03986122555839142,-0.004174599876345296,0.7261871215329728,1.2569796394844712,-0.0005007258327811778,1.2574803653172524,
534,10.68,idle,locomotion,0,1.3899999856948853,0.019999999552965164,0.10973345824050044,-0.03986173024908838,-0.004180519862992375,0.726187731635885,1.2569798176194154,-0.0005007419966842064,1.2574805596160996,
535,10.7,idle,locomotion,0,1.3899999856948853,0.019999999552965164,0.10973345824050044,-0.03986222984421396,-0.004186442109239925,0.7261883395648416,1.2569799938768473,-0.0005007581596936719,1.257480752036541,
536,10.72,idle,locomotion,0,1.3899999856948853,0.019999999552965164,0.10973345824050044,-0.039862724531432546,-0.004192367233629856,0.7261889477248988,1.2569801704171017,-0.0005007744021396886,1.2574809448192414,
537,10.74,idle,locomotion,0,1.3899999856948853,0.019999999552965164,0.10973345824050044,-0.03986321450621896,-0.004198294030057121,0.7261895565381433,1.256980347835481,-0.0005007906644252519,1.2574811384999063,
538,10.76,idle,locomotion,0,1.3899999856948853,0.019999999552965164,0.10973345824050044,-0.03986369981965179,-0.004204221113965019,0.7261901649414689,1.25698052502116,-0.0005008068816210326,1.257481331902781,
539,10.78,idle,locomotion,0,1.3899999856948853,0.019999999552965164,0.10973345824050044,-0.03986418042847056,-0.004210149566738147,0.7261907729357787,1.256980701965404,-0.0005008230784304922,1.2574815250438345,
540,10.8,idle,locomotion,0,1.3899999856948853,0.019999999552965164,0.10973345824050044,-0.0398646560333949,-0.004216081051768393,0.7261913798455719,1.2569808780847649,-0.0005008392618032001,1.257481717346568,
541,10.82,idle,locomotion,0,1.3899999856948853,0.019999999552965164,0.10973345824050044,-0.03986512641366134,-0.004222013858597585,0.7261919862027574,1.25698105393055,-0.0005008555496322752,1.2574819094801821,
542,10.84,idle,locomotion,0,1.3899999856948853,0.019999999552965164,0.10973345824050044,-0.039865592648253324,-0.004227946146028692,0.7261925917542367,1.2569812291636748,-0.000500871790239301,1.257482100953914,
543,10.86,idle,locomotion,0,1.3899999856948853,0.019999999552965164,0.10973345824050044,-0.039866055238589805,-0.004233878492299645,0.7261931965966134,1.2569814037367153,-0.000500888005295505,1.2574822917420108,
544,10.88,idle,locomotion,0,1.3899999856948853,0.019999999552965164,0.10973345824050044,-0.03986651342376337,-0.004239812346152724,0.7261938011264731,1.2569815781869087,-0.0005009042099602228,1.2574824823968689,
545,10.9,idle,locomotion,0,1.3899999856948853,0.019999999552965164,0.10973345824050044,-0.039866966592139716,-0.00424574858745729,0.726194405387943,1.2569817526593159,-0.0005009204600481612,1.257482673119364,
546,10.92,idle,locomotion,0,1.3899999856948853,0.019999999552965164,0.10973345824050044,-0.03986741591589757,-0.004251687156166108,0.7261950082888471,1.2569819259858956,-0.0005009366695722696,1.257482862655468,
547,10.94,idle,locomotion,0,1.3899999856948853,0.019999999552965164,0.10973345824050044,-0.03986786193573605,-0.004257627747313034,0.7261956092766298,1.2569820975175965,-0.0005009529412021187,1.2574830504587986,
548,10.96,idle,locomotion,0,1.3899999856948853,0.019999999552965164,0.10973345824050044,-0.03986830432253242,-0.004263569473380947,0.7261962096346183,1.2569822685267622,-0.0005009693145082844,1.2574832378412706,
549,10.98,idle,locomotion,0,1.3899999856948853,0.019999999552965164,0.10973345824050044,-0.03986874246257861,-0.004269511103001312,0.7261968108328982,1.2569824405588825,-0.0005009856974011115,1.2574834262562837,
550,11.0,idle,locomotion,0,1.3899999856948853,0.019999999552965164,0.10973345824050044,-0.03986917619001558,-0.004275452827763576,0.7261974100080565,1.2569826109776796,-0.0005010019655417863,1.2574836129432214,
551,11.02,idle,locomotion,0,1.3899999856948853,0.019999999552965164,0.10973345824050044,-0.03986960560464816,-0.004281395241565331,0.7261980079006055,1.2569827802916962,-0.0005010183264927449,1.257483798618189,
552,11.04,idle,locomotion,0,1.3899999856948853,0.019999999552965164,0.10973345824050044,-0.03987003150098425,-0.004287337225125082,0.7261986057990374,1.256982949778116,-0.0005010346966948694,1.257483984474811,
553,11.06,idle,locomotion,0,1.3899999856948853,0.019999999552965164,0.10973345824050044,-0.03987045442659386,-0.004293279622844861,0.7261992027625345,1.25698311834818,-0.0005010510626815567,1.2574841694108616,
554,11.08,idle,locomotion,0,1.3899999856948853,0.019999999552965164,0.10973345824050044,-0.039870873548892447,-0.004299223220634408,0.7261997988158331,1.2569832860429782,-0.0005010674863658929,1.257484353529344,
555,11.1,idle,locomotion,0,1.3899999856948853,0.019999999552965164,0.10973345824050044,-0.03987128838410599,-0.0043051690009925985,0.7262003941603875,1.2569834531974344,-0.0005010838370242722,1.2574845370344587,
556,11.12,idle,locomotion,0,1.3899999856948853,0.019999999552965164,0.10973345824050044,-0.03987169848659029,-0.004311119412578206,0.7262009887622435,1.2569836198519824,-0.0005011002022712978,1.2574847200542536,
557,11.14,idle,locomotion,0,1.3899999856948853,0.019999999552965164,0.10973345824050044,-0.03987210450166114,-0.004317072498904435,0.726201582053863,1.2569837854174812,-0.0005011166459829193,1.2574849020634642,
558,11.16,idle,locomotion,0,1.3899999856948853,0.019999999552965164,0.10973345824050044,-0.039872506530455126,-0.004323026276449572,0.7262021750748645,1.2569839508463319,-0.0005011331229927904,1.2574850839693246,
559,11.18,idle,locomotion,0,1.3899999856948853,0.019999999552965164,0.10973345824050044,-0.03987290491101806,-0.0043289808507427285,0.7262027667117669,1.2569841151208698,-0.0005011495641919876,1.2574852646850618,
560,11.2,idle,locomotion,0,1.3899999856948853,0.019999999552965164,0.10973345824050044,-0.03987329938663444,-0.0043349359673528105,0.7262033580081652,1.2569842791357724,-0.0005011805430356793,1.257485459678808,
561,11.22,idle,locomotion,0,1.3899999856948853,0.019999999552965164,0.10973345824050044,-0.03987369022146187,-0.004340892103325077,0.7262039490924019,1.2569844430725863,-0.0005012179263906118,1.2574856609989769,
562,11.24,idle,locomotion,0,1.3899999856948853,0.019999999552965164,0.10973345824050044,-0.039874077427171056,-0.004346850707633836,0.7262045397764657,1.2569846066708572,-0.0005012553204256434,1.2574858619912828,
563,11.26,idle,locomotion,0,1.3899999856948853,0.019999999552965164,0.10973345824050044,-0.03987446078563281,-0.0043528109627339745,0.7262051301256165,1.2569847700952173,-0.0005012927209050201,1.2574860628161222,
564,11.28,idle,locomotion,0,1.3899999856948853,0.019999999552965164,0.10973345824050044,-0.03987484045034796,-0.004358772426460055,0.7262057193221174,1.2569849325472329,-0.0005013302090083188,1.257486262756241,
565,11.3,idle,locomotion,0,1.3899999856948853,0.019999999552965164,0.10973345824050044,-0.03987521642770353,-0.004364736213040121,0.7262063082705439,1.2569850948548416,-0.0005013677894549831,1.2574864626442965,
566,11.32,idle,locomotion,0,1.3899999856948853,0.019999999552965164,0.10973345824050044,-0.03987558900849432,-0.004370701893103985,0.7262068958827483,1.256985256016293,-0.0005014052793321858,1.2574866612956253,
567,11.34,idle,locomotion,0,1.3899999856948853,0.019999999552965164,0.10973345824050044,-0.039875958133522245,-0.00437666968630253,0.7262074820112423,1.2569854157524774,-0.0005014427592497511,1.2574868585117271,
568,11.36,idle,locomotion,0,1.3899999856948853,0.019999999552965164,0.10973345824050044,-0.039876322916173684,-0.00438264177222491,0.7262080662600175,1.2569855738579507,-0.0005014802688067706,1.2574870541267575,
569,11.38,idle,locomotion,0,1.3899999856948853,0.019999999552965164,0.10973345824050044,-0.03987668354268294,-0.004388616096421998,0.7262086495854314,1.2569857312172372,-0.0005015179954619732,1.2574872492126992,
570,11.4,idle,locomotion,0,1.3899999856948853,0.019999999552965164,0.10973345824050044,-0.039877040278934954,-0.0043945898856404455,0.7262092321011366,1.2569858879882008,-0.0005015557081626265,1.2574874436963634,
571,11.42,idle,locomotion,0,1.3899999856948853,0.019999999552965164,0.10973345824050044,-0.03987739391784683,-0.004400562911195115,0.7262098143230646,1.2569860445163041,-0.0005015933850364626,1.2574876379013407,
572,11.44,idle,locomotion,0,1.3899999856948853,0.019999999552965164,0.10973345824050044,-0.03987774465938119,-0.004406536597394353,0.7262103959957105,1.256986200552139,-0.0005016309423192152,1.2574878314944582,
573,11.46,idle,locomotion,0,1.3899999856948853,0.019999999552965164,0.10973345824050044,-0.03987809140948878,-0.004412512835301994,0.7262109769225801,1.2569863560316719,-0.0005016684559153023,1.2574880244875872,
574,11.48,idle,locomotion,0,1.3899999856948853,0.019999999552965164,0.10973345824050044,-0.039878434654593946,-0.004418491423412372,0.7262115572378368,1.2569865110512108,-0.0005017060707981184,1.257488217122009,
575,11.5,idle,locomotion,0,1.3899999856948853,0.019999999552965164,0.10973345824050044,-0.0398787749835818,-0.004424471628872661,0.7262121364084416,1.2569866650090735,-0.0005017437351122339,1.2574884087441858,
576,11.52,idle,locomotion,0,1.3899999856948853,0.019999999552965164,0.10973345824050044,-0.039879112010130405,-0.00443045429160882,0.7262127141672453,1.2569868176612047,-0.0005017814023439982,1.2574885990635487,
577,11.54,idle,locomotion,0,1.3899999856948853,0.019999999552965164,0.10973345824050044,-0.039879445751959015,-0.0044364386912926655,0.7262132913766587,1.2569869698230292,-0.000501819195376417,1.2574887890184057,
578,11.56,idle,locomotion,0,1.3899999856948853,0.019999999552965164,0.10973345824050044,-0.039879776085671094,-0.004442423804555302,0.7262138677341465,1.2569871212447268,-0.0005018569042382348,1.257488978148965,
579,11.58,idle,locomotion,0,1.3899999856948853,0.019999999552965164,0.10973345824050044,-0.03988010244985007,-0.004448410344888349,0.7262144436610907,1.2569872723511601,-0.0005018945987834041,1.2574891669499435,
580,11.6,idle,locomotion,0,1.3899999856948853,0.019999999552965164,0.10973345824050044,-0.039880425275089074,-0.004454398482656174,0.7262150193418878,1.2569874233119502,-0.0005019323276961689,1.2574893556396465,
581,11.62,idle,locomotion,0,1.3899999856948853,0.019999999552965164,0.10973345824050044,-0.0398807446387158,-0.004460388626841046,0.7262155953659538,1.2569875746960724,-0.000501970124798589,1.257489544820871,
582,11.64,idle,locomotion,0,1.3899999856948853,0.019999999552965164,0.10973345824050044,-0.03988106007993456,-0.004466382791853583,0.7262161699396553,1.2569877249556858,-0.000502007844370194,1.257489732800056,
583,11.66,idle,locomotion,0,1.3899999856948853,0.019999999552965164,0.10973345824050044,-0.03988137180350564,-0.0044723797456119084,0.7262167426565747,1.2569878735710807,-0.0005020457411247202,1.2574899193122053,
584,11.68,idle,locomotion,0,1.3899999856948853,0.019999999552965164,0.10973345824050044,-0.039881680682298526,-0.004478375830453565,0.7262173149922418,1.2569880218612117,-0.000502083759004332,1.2574901056202161,
585,11.7,idle,locomotion,0,1.3899999856948853,0.019999999552965164,0.10973345824050044,-0.03988198735928463,-0.00448437082871531,0.726217886616493,1.2569881694720906,-0.0005021216034282218,1.2574902910755188,
586,11.72,idle,locomotion,0,1.3899999856948853,0.019999999552965164,0.10973345824050044,-0.03988229096684508,-0.004490367911139397,0.7262184575421575,1.256988316512253,-0.0005021594223179604,1.257490475934571,
587,11.74,idle,locomotion,0,1.3899999856948853,0.019999999552965164,0.10973345824050044,-0.03988259161304097,-0.004496365997907154,0.7262190269886493,1.2569884623041638,-0.0005021983490378391,1.2574906606532017,
588,11.76,idle,locomotion,0,1.3899999856948853,0.019999999552965164,0.10973345824050044,-0.03988288933791355,-0.004502364890717991,0.7262195948147717,1.2569886066086393,-0.0005022385192153568,1.2574908451278546,
589,11.78,idle,locomotion,0,1.3899999856948853,0.019999999552965164,0.10973345824050044,-0.03988318449558845,-0.004508364435864705,0.7262201622553366,1.2569887505708122,-0.0005022788071040278,1.2574910293779162,
590,11.8,idle,locomotion,0,1.3899999856948853,0.019999999552965164,0.10973345824050044,-0.039883476899707546,-0.004514365502273174,0.726220728994097,1.2569888939704374,-0.0005023189688125075,1.25749121293925,
591,11.82,idle,locomotion,0,1.3899999856948853,0.019999999552965164,0.10973345824050044,-0.03988376663865915,-0.004520367790751203,0.7262212945613947,1.256989036332899,-0.0005023592044311291,1.2574913955373301,
592,11.84,idle,locomotion,0,1.3899999856948853,0.019999999552965164,0.10973345824050044,-0.03988405407781345,-0.004526371759696132,0.7262218597812461,1.2569891783905045,-0.0005023994254625928,1.257491577815967,
593,11.86,idle,locomotion,0,1.3899999856948853,0.019999999552965164,0.10973345824050044,-0.0398843390257772,-0.004532377650961933,0.7262224240557601,1.2569893197088458,-0.0005024396147921967,1.2574917593236379,
594,11.88,idle,locomotion,0,1.3899999856948853,0.019999999552965164,0.10973345824050044,-0.039884621616562366,-0.0045383849663196306,0.7262229867832612,1.2569894596588724,-0.0005024798846662987,1.2574919395435387,
595,11.9,idle,locomotion,0,1.3899999856948853,0.019999999552965164,0.10973345824050044,-0.039884902475028516,-0.004544390614574042,0.7262235487985452,1.256989598928007,-0.0005025203300672056,1.2574921192580744,
596,11.92,idle,locomotion,0,1.3899999856948853,0.019999999552965164,0.10973345824050044,-0.039885181600737264,-0.004550395263911845,0.7262241095791587,1.2569897370050453,-0.0005025606271304474,1.2574922976321758,
597,11.94,idle,locomotion,0,1.3899999856948853,0.019999999552965164,0.10973345824050044,-0.03988545844205562,-0.004556398649310279,0.7262246698225139,1.2569898745903334,-0.0005026009861794321,1.257492475576513,
598,11.96,idle,locomotion,0,1.3899999856948853,0.019999999552965164,0.10973345824050044,-0.03988573205716527,-0.004562402620298514,0.7262252286765853,1.2569900110732877,-0.0005026411573440664,1.2574926522306318,
599,11.98,idle,locomotion,0,1.3899999856948853,0.019999999552965164,0.10973345824050044,-0.03988600291958803,-0.0045684077709905995,0.7262257868341156,1.2569901469948777,-0.0005026814848835548,1.2574928284797613,
600,12.0,idle,locomotion,0,1.3899999856948853,0.019999999552965164,0.10973345824050044,-0.03988627161299735,-0.0045744125548751735,0.72622634410255,1.2569902821585346,-0.0005027218557363683,1.2574930040142709,
601,12.02,idle,locomotion,0,1.3899999856948853,0.019999999552965164,0.10973345824050044,-0.03988653795668839,-0.004580418569702255,0.7262268994086244,1.2569904155152176,-0.0005027621909649456,1.2574931777061826,
602,12.04,idle,locomotion,0,1.3899999856948853,0.019999999552965164,0.10973345824050044,-0.039886802011048515,-0.004586426426479283,0.7262274535063651,1.25699054778134,-0.0005028026202882271,1.2574933504016281,
603,12.06,idle,locomotion,0,1.3899999856948853,0.019999999552965164,0.10973345824050044,-0.039887063928388304,-0.004592435196693002,0.7262280071505144,1.2569906797266204,-0.0005028430668680799,1.2574935227934885,
604,12.08,idle,locomotion,0,1.3899999856948853,0.019999999552965164,0.10973345824050044,-0.03988732410036229,-0.0045984435992431905,0.7262285606657872,1.256990811613236,-0.0005028835143976867,1.2574936951276336,
605,12.1,idle,locomotion,0,1.3899999856948853,0.019999999552965164,0.10973345824050044,-0.039887583578759635,-0.004604450197701194,0.7262291123797577,1.2569909417533833,-0.0005029238941605813,1.2574938656475438,
606,12.12,idle,locomotion,0,1.3899999856948853,0.019999999552965164,0.10973345824050044,-0.039887842304794544,-0.004610455376416976,0.7262296628449179,1.2569910705614655,-0.0005029641740608402,1.2574940347355263,
607,12.14,idle,locomotion,0,1.3899999856948853,0.019999999552965164,0.10973345824050044,-0.039888100036724695,-0.00461645844589661,0.7262302107570306,1.2569911969225893,-0.0005030044328025209,1.2574942013553918,
608,12.16,idle,locomotion,0,1.3899999856948853,0.019999999552965164,0.10973345824050044,-0.03988835646711967,-0.004622460922574018,0.7262307583261401,1.2569913228690381,-0.0005030446620240617,1.2574943675310621,
609,12.18,idle,locomotion,0,1.3899999856948853,0.019999999552965164,0.10973345824050044,-0.039888611167414906,-0.004628464562559081,0.7262313047245771,1.2569914478847313,-0.0005030848590844156,1.2574945327438156,
610,12.2,idle,locomotion,0,1.3899999856948853,0.019999999552965164,0.10973345824050044,-0.039888864143129074,-0.004634467559907203,0.7262318495198685,1.256991571374688,-0.0005031252395440236,1.257494696614232,
611,12.22,idle,locomotion,0,1.3899999856948853,0.019999999552965164,0.10973345824050044,-0.039889115645827866,-0.004640467490679244,0.7262323921127142,1.25699169281311,-0.0005031656149459586,1.2574948584280559,
612,12.24,idle,locomotion,0,1.3899999856948853,0.019999999552965164,0.10973345824050044,-0.03988936526037098,-0.00464646647932256,0.7262329344034791,1.2569918139594907,-0.0005032060090857694,1.2574950199685764,
613,12.26,idle,locomotion,0,1.3899999856948853,0.019999999552965164,0.10973345824050044,-0.03988961281437232,-0.004652467298010193,0.726233477219218,1.2569919357949002,-0.0005032463715383233,1.2574951821664386,
614,12.28,idle,locomotion,0,1.3899999856948853,0.019999999552965164,0.10973345824050044,-0.03988985874135166,-0.004658469365058626,0.7262340181793466,1.2569920559649645,-0.0005032867936979185,1.2574953427586624,
615,12.3,idle,locomotion,0,1.3899999856948853,0.019999999552965164,0.10973345824050044,-0.039890103363923464,-0.004664471129891458,0.7262345573288914,1.256992174316687,-0.0005033272838758547,1.257495501600563,
616,12.32,idle,locomotion,0,1.3899999856948853,0.019999999552965164,0.10973345824050044,-0.03989034682089939,-0.004670472007194629,0.7262350967459915,1.2569922928724926,-0.0005033678126493239,1.257495660685142,
617,12.34,hold,kick,2,1.3899999856948853,0.019999999552965164,0.10973345824050044,-0.039752597595054,-0.0044100311457043045,0.7352099202659922,1.2656955473817781,-0.0014385558316338427,1.267134103213412,
618,12.36,hold,kick,3,1.3899999856948853,0.019999999552965164,0.10973345824050044,-0.038571837913870186,0.0003385617224886141,0.7533573505753123,1.2838625286241658,-0.001467188037552962,1.2853297166617188,
619,12.38,hold,kick,4,1.3899999856948853,0.019999999552965164,0.10973345824050044,-0.03526665446325062,0.006941651354558504,0.7722117238219414,1.302478739157112,-0.001862522313550035,1.304341261470662,
620,12.4,hold,kick,5,1.3899999856948853,0.019999999552965164,0.10973345824050044,-0.03418558447642141,0.011242184394300749,0.788212483956076,1.3170740848530655,-0.002182500278437541,1.319256585131503,
621,12.42,hold,kick,6,1.3899999856948853,0.019999999552965164,0.10973345824050044,-0.03571111475203616,0.013450365683571395,0.8006050254855103,1.3268744262875043,-0.002816641013588396,1.3296910673010927,
622,12.44,hold,kick,7,1.3899999856948853,0.019999999552965164,0.10973345824050044,-0.03755160518934714,0.013794779828511225,0.808937191905642,1.3322635204691344,-0.003210931798789736,1.3354744522679243,
623,12.46,hold,kick,8,1.3899999856948853,0.019999999552965164,0.10973345824050044,-0.03776785470076608,0.013266203333286314,0.8136347115274425,1.333629201974077,-0.0034856109213110553,1.337114812895388,
624,12.48,hold,kick,9,1.3899999856948853,0.019999999552965164,0.10973345824050044,-0.03729465467096069,0.013414024292164437,0.8159196780695258,1.3312700519135552,-0.003800453626961714,1.335070505540517,
625,12.5,hold,kick,10,1.3899999856948853,0.019999999552965164,0.10973345824050044,-0.03825762978172818,0.014375694597711704,0.8161829818597303,1.325602611155498,-0.0039238524466464475,1.3295264636021444,
626,12.52,hold,kick,11,1.3899999856948853,0.019999999552965164,0.10973345824050044,-0.040927246239340485,0.014451362104645935,0.8137557600298536,1.3176622939949603,-0.0038177902247261003,1.3214800842196863,
627,12.54,hold,kick,12,1.3899999856948853,0.019999999552965164,0.10973345824050044,-0.045107044966370496,0.012871915983370978,0.8086620012688208,1.3085705408208994,-0.003500217049084528,1.312070757869984,
628,12.56,hold,kick,13,1.3899999856948853,0.019999999552965164,0.10973345824050044,-0.05082601254216108,0.010491223056309914,0.8019089818478391,1.2986810567875098,-0.0033554464382910404,1.3020365032258008,
629,12.58,hold,kick,14,1.3899999856948853,0.019999999552965164,0.10973345824050044,-0.05804619688103855,0.007844203395334924,0.7942204593621803,1.2881706765397107,-0.0028766993749181416,1.2910473759146288,
630,12.6,hold,kick,15,1.3899999856948853,0.019999999552965164,0.10973345824050044,-0.06652920712166586,0.004371662950687917,0.7854520918474507,1.2775193091829384,-0.0053510033093544795,1.2828703124922929,
631,12.62,hold,kick,16,1.3899999856948853,0.019999999552965164,0.10973345824050044,-0.07485448407728952,-2.4210382729727455e-06,0.7768724144991278,1.2676127416437455,-0.0044269094526800876,1.2720396510964256,
632,12.64,hold,kick,17,1.3899999856948853,0.019999999552965164,0.10973345824050044,-0.08288824083588872,-0.006452279585152976,0.7712637982434019,1.2615883127595573,-0.003981860006797844,1.265570172766355,
633,12.66,hold,kick,18,1.3899999856948853,0.019999999552965164,0.10973345824050044,-0.09043257504833785,-0.013650192569238455,0.7698809595266248,1.2595930429778213,-0.0031400844506660266,1.2627331274284872,
634,12.68,hold,kick,19,1.3899999856948853,0.019999999552965164,0.10973345824050044,-0.09597450418291333,-0.020960698698640264,0.7693757845268202,1.258254266544288,-0.003149656107156548,1.2614039226514444,
635,12.7,hold,kick,20,1.3899999856948853,0.019999999552965164,0.10973345824050044,-0.10010517178407638,-0.029059737255595797,0.7678563147283031,1.256816763542346,-0.003073332178409806,1.2598900957207557,
636,12.72,hold,kick,21,1.3899999856948853,0.019999999552965164,0.10973345824050044,-0.10425179941491428,-0.03775411536185001,0.7660631758720206,1.2554351555551473,-0.0029832583438911403,1.2584184138990384,
637,12.74,hold,kick,22,1.3899999856948853,0.019999999552965164,0.10973345824050044,-0.10905227322927145,-0.04664317035922316,0.765170667509908,1.254338550184544,-0.0028799645954653355,1.2572185147800095,
638,12.76,hold,kick,23,1.3899999856948853,0.019999999552965164,0.10973345824050044,-0.1146111219266139,-0.05560840484360782,0.7656750945023783,1.2537869472789667,-0.0029022329479783116,1.256689180226945,
639,12.78,hold,kick,24,1.3899999856948853,0.019999999552965164,0.10973345824050044,-0.12062610782569286,-0.06466065013275409,0.7669171985455603,1.2534496034302391,-0.002999349118552791,1.2564489525487919,
640,12.8,hold,kick,25,1.3899999856948853,0.019999999552965164,0.10973345824050044,-0.12668991731721546,-0.07389208848841373,0.7678572923795309,1.2528787431383244,-0.003099123672787578,1.255977866811112,
641,12.82,hold,kick,26,1.3899999856948853,0.019999999552965164,0.10973345824050044,-0.1326053577692586,-0.08340285244697164,0.768173410846345,1.252044691007166,-0.0032283206233923376,1.2552730116305584,
642,12.84,hold,kick,27,1.3899999856948853,0.019999999552965164,0.10973345824050044,-0.13808114123033677,-0.09312521518250395,0.7677289487572492,1.250738468418246,-0.003340072979024042,1.2540785413972702,
643,12.86,hold,kick,28,1.3899999856948853,0.019999999552965164,0.10973345824050044,-0.14284776461413168,-0.10294370125874999,0.766505344279585,1.2487914329714034,-0.0034698282810173425,1.2522612612524207,
644,12.88,hold,kick,29,1.3899999856948853,0.019999999552965164,0.10973345824050044,-0.14682196855200833,-0.11279034916779715,0.7646478934120666,1.2462247926545849,-0.0035555930882436235,1.2497803857428285,
645,12.9,hold,kick,30,1.3899999856948853,0.019999999552965164,0.10973345824050044,-0.1500904646275942,-0.12269328779745793,0.7623611221024221,1.2432177420932362,-0.003579706709360586,1.2467974488025968,
646,12.92,hold,kick,31,1.3899999856948853,0.019999999552965164,0.10973345824050044,-0.15282284432609147,-0.13274364405479835,0.7598831928134605,1.2400590707274695,-0.0036450946223016284,1.2437041653497711,
647,12.94,hold,kick,32,1.3899999856948853,0.019999999552965164,0.10973345824050044,-0.15525046931863623,-0.14311020938048477,0.7574837407574071,1.2372020988834669,-0.0038759001334036577,1.2410779990168705,
648,12.96,hold,kick,33,1.3899999856948853,0.019999999552965164,0.10973345824050044,-0.15759486584423474,-0.154035065544956,0.7554320158557661,1.235299469198132,-0.004330927412399495,1.2396303966105315,
649,12.98,hold,kick,34,1.3899999856948853,0.019999999552965164,0.10973345824050044,-0.16014212899870633,-0.16596320512460933,0.7537574384030814,1.2352752988985187,-0.00493891057902314,1.240214209477542,
650,13.0,hold,kick,35,1.3899999856948853,0.019999999552965164,0.10973345824050044,-0.16302641665109402,-0.17949344412574736,0.7522942486201043,1.238166821764001,-0.005619227992641834,1.2437860497566429,
651,13.02,hold,kick,36,1.3899999856948853,0.019999999552965164,0.10973345824050044,-0.1649325766537418,-0.19543364903936697,0.7517094967644373,1.2445910555433524,-0.0059222641420155556,1.250513319685368,
652,13.04,hold,kick,37,1.3899999856948853,0.019999999552965164,0.10973345824050044,-0.16538407157132592,-0.21509418187190124,0.7520276954235109,1.2536529015988986,-0.005824942562973091,1.2594778441618717,
653,13.06,hold,kick,38,1.3899999856948853,0.019999999552965164,0.10973345824050044,-0.16686257767077323,-0.23482169571481418,0.7524865030855336,1.2607787959331151,-0.005394859164983445,1.2661736550980986,
654,13.08,hold,kick,39,1.3899999856948853,0.019999999552965164,0.10973345824050044,-0.1674867422874909,-0.2510352528352178,0.7521365941992155,1.2633215423782773,-0.0014993491792304886,1.2648208915575079,
655,13.1,hold,kick,40,1.3899999856948853,0.019999999552965164,0.10973345824050044,-0.1667039062724745,-0.26516282935100266,0.7501063605574522,1.262178210912117,0.011897402361104384,1.2502808085510124,
656,13.12,hold,kick,41,1.3899999856948853,0.019999999552965164,0.10973345824050044,-0.16832800451398064,-0.2785637395470594,0.7449278341791146,1.2573303548457004,-0.012393719847065467,1.2697240746927658,
657,13.14,hold,kick,42,1.3899999856948853,0.019999999552965164,0.10973345824050044,-0.17207100917400361,-0.29345254527425535,0.7395120492366138,1.2518162172383556,-0.005306302868353208,1.2571225201067087,
658,13.16,hold,kick,43,1.3899999856948853,0.019999999552965164,0.10973345824050044,-0.1771270116339172,-0.31157897315827765,0.7304632404535749,1.2440729113553446,-0.007915803201604784,1.2519887145569493,
659,13.18,hold,kick,44,1.3899999856948853,0.019999999552965164,0.10973345824050044,-0.18508804280583305,-0.3272033079876761,0.7175820055476031,1.229878725705708,-0.0036044566401448735,1.233483182345853,
660,13.2,hold,kick,45,1.3899999856948853,0.019999999552965164,0.10973345824050044,-0.19030963371001847,-0.3381754384894033,0.6987988892373502,1.2063858932881877,-0.003303643700620723,1.2096895369888083,
661,13.22,hold,kick,46,1.3899999856948853,0.019999999552965164,0.10973345824050044,-0.1909090903950374,-0.3445577781359028,0.6741408979842852,1.1737918487176275,-0.0007828987441902691,1.1745747474618178,
662,13.24,hold,kick,47,1.3899999856948853,0.019999999552965164,0.10973345824050044,-0.18665872551813276,-0.34878565247507837,0.6440615014471133,1.134026647483645,-0.004554473353634111,1.138581120837279,
663,13.26,hold,kick,48,1.3899999856948853,0.019999999552965164,0.10973345824050044,-0.17568437604622597,-0.35835749674982903,0.6111477429989706,1.1014130926924819,-0.004342915165722244,1.105756007858204,
664,13.28,hold,kick,49,1.3899999856948853,0.019999999552965164,0.10973345824050044,-0.1627076841667406,-0.372343228977198,0.5800474873176169,1.076938918970439,-0.0035001231695303836,1.0804390421399694,
665,13.3,hold,kick,50,1.3899999856948853,0.019999999552965164,0.10973345824050044,-0.14942664929526966,-0.38910061703225063,0.5502212708049635,1.053029386091771,-0.0018030431561399107,1.054832429247911,
666,13.32,hold,kick,51,1.3899999856948853,0.019999999552965164,0.10973345824050044,-0.13602437037156664,-0.40612180021622535,0.5201656523280108,1.0251760959821903,-0.0008419717612201533,1.0260180677434105,
667,13.34,hold,kick,52,1.3899999856948853,0.019999999552965164,0.10973345824050044,-0.12481388709422679,-0.42267227596861306,0.4895126922810043,0.9929818470183509,-0.0010262610419886908,0.9940081080603396,
668,13.36,hold,kick,53,1.3899999856948853,0.019999999552965164,0.10973345824050044,-0.1176746210880488,-0.4401529183625939,0.45924980894648537,0.9593391093876217,-0.00113578598776011,0.9604748953753818,
669,13.38,hold,kick,54,1.3899999856948853,0.019999999552965164,0.10973345824050044,-0.10897594995820446,-0.45874505302016133,0.4319053985969638,0.9237245801710511,-0.0012904346975842473,0.9250150148686354,
670,13.4,hold,kick,55,1.3899999856948853,0.019999999552965164,0.10973345824050044,-0.09529613836614907,-0.48099572114391886,0.4102182555027583,0.8854874574655953,-0.0012769451746165866,0.886764402640212,
671,13.42,hold,kick,56,1.3899999856948853,0.019999999552965164,0.10973345824050044,-0.08084150012353913,-0.504840452660305,0.39623946187750864,0.8436377010454338,-0.018377084567071787,0.8620147856125056,
672,13.44,hold,kick,57,1.3899999856948853,0.019999999552965164,0.10973345824050044,-0.07231984467202823,-0.5208318115159152,0.3965118485103061,0.8048351752200653,-0.01953970516691536,0.8243748803869807,
673,13.46,hold,kick,58,1.3899999856948853,0.019999999552965164,0.10973345824050044,-0.06764436907045598,-0.5412056939008285,0.39901407095288377,0.7675648593904195,-0.012760718858534484,0.780325578248954,
674,13.48,hold,kick,59,1.3899999856948853,0.019999999552965164,0.10973345824050044,-0.07282064176552759,-0.5632960533824395,0.40188590022622916,0.7307892201178874,-0.01679154622792611,0.7475807663458135,
675,13.5,hold,kick,60,1.3899999856948853,0.019999999552965164,0.10973345824050044,-0.08219399566224206,-0.5817307899136879,0.41252612663413,0.6909998110062507,-0.007429804490766488,0.6984296154970172,
676,13.52,hold,kick,61,1.3899999856948853,0.019999999552965164,0.10973345824050044,-0.09548456614370017,-0.5936239212945744,0.4235001527471079,0.65415750866358,-0.005651494043277118,0.6598090027068572,
677,13.54,hold,kick,62,1.3899999856948853,0.019999999552965164,0.10973345824050044,-0.11393399558528425,-0.6009939384617558,0.4289437603778623,0.6276919228079822,-0.005666992757435603,0.6333589155654179,
678,13.56,hold,kick,63,1.3899999856948853,0.019999999552965164,0.10973345824050044,-0.1330662944346972,-0.6042261668382517,0.4287204402991694,0.6119894120926944,-0.0032504910151621297,0.6152399031078566,
679,13.58,hold,kick,64,1.3899999856948853,0.019999999552965164,0.10973345824050044,-0.1506974987790387,-0.6062716540695051,0.425682534027185,0.6017667147776065,-0.001927285037318302,0.6036939998149248,
680,13.6,hold,kick,65,1.3899999856948853,0.019999999552965164,0.10973345824050044,-0.16615684257266677,-0.6100633068255196,0.4222105249597588,0.5924916527804943,-0.002327527572389687,0.594819180352884,
681,13.62,hold,kick,66,1.3899999856948853,0.019999999552965164,0.10973345824050044,-0.17939564733843427,-0.6170874585307022,0.4174606591898396,0.5865099755718189,-0.0017514348424317316,0.5882614104142507,
682,13.64,hold,kick,67,1.3899999856948853,0.019999999552965164,0.10973345824050044,-0.19102244868006982,-0.6277776112366019,0.4118491597894408,0.5833533342359816,-0.0017112943759705207,0.5850646286119521,
683,13.66,hold,kick,68,1.3899999856948853,0.019999999552965164,0.10973345824050044,-0.20098396749348532,-0.6408111597996696,0.4048785562691625,0.5794910770078521,-0.0015792933670635,0.5810703703749156,
684,13.68,hold,kick,69,1.3899999856948853,0.019999999552965164,0.10973345824050044,-0.20948668907533335,-0.6551626153847975,0.3957455579116109,0.5745464555299122,-0.0015235001322105174,0.5760699556621227,
685,13.7,hold,kick,70,1.3899999856948853,0.019999999552965164,0.10973345824050044,-0.21796449995272701,-0.6704451534607889,0.3837422424591808,0.5677613806113138,-0.010901706230378824,0.5786630868416925,
686,13.72,hold,kick,71,1.3899999856948853,0.019999999552965164,0.10973345824050044,-0.22868131802497438,-0.6848741553990333,0.37137321903922915,0.6112125512181514,-0.009413823128264685,0.6206263743464161,
687,13.74,hold,kick,72,1.3899999856948853,0.019999999552965164,0.10973345824050044,-0.24125949768770238,-0.6978114136185185,0.35959515193068275,0.6490411161117853,-0.006192273733476736,0.655233389845262,
688,13.76,hold,kick,73,1.3899999856948853,0.019999999552965164,0.10973345824050044,-0.25530321227716707,-0.7093490723753977,0.3470143807291984,0.6825080656596636,-0.0030222161102275297,0.6855302817698912,
689,13.78,hold,kick,74,1.3899999856948853,0.019999999552965164,0.10973345824050044,-0.27022060617355925,-0.7197122686992041,0.33246720994548745,0.709710795841168,-2.084136937189479e-05,0.7097316372105399,
690,13.8,hold,kick,75,1.3899999856948853,0.019999999552965164,0.10973345824050044,-0.2848373042288893,-0.7286850345573893,0.3148271540737122,0.7340641961936835,3.990241192225463e-05,0.7340242937817612,
691,13.82,hold,kick,76,1.3899999856948853,0.019999999552965164,0.10973345824050044,-0.29885841428213794,-0.7365031680182615,0.2920899594927503,0.7534587210474748,0.0009977880181987753,0.752460933029276,
692,13.84,hold,kick,77,1.3899999856948853,0.019999999552965164,0.10973345824050044,-0.3135146227102154,-0.7429606016805889,0.26250018758839133,0.7630108672098699,-0.0016646007245929503,0.7646754679344628,
693,13.86,hold,kick,78,1.3899999856948853,0.019999999552965164,0.10973345824050044,-0.32850426255078125,-0.7461089724899674,0.22765668838221034,0.7583178325254579,-0.0037015101274434845,0.7620193426529014,
694,13.88,hold,kick,79,1.3899999856948853,0.019999999552965164,0.10973345824050044,-0.34197885770223324,-0.7449674428773987,0.191476991422993,0.7411310448188582,-0.00892059634224901,0.7500516411611071,
695,13.9,hold,kick,80,1.3899999856948853,0.019999999552965164,0.10973345824050044,-0.35488331373753573,-0.7412070468219946,0.16977521763077805,0.722395497670247,-0.019257525177508533,0.7416530228477556,
696,13.92,hold,kick,81,1.3899999856948853,0.019999999552965164,0.10973345824050044,-0.3674786440424254,-0.7390997609103116,0.1647454617006626,0.7009716814113849,-0.01444650276898047,0.7154181841803654,
697,13.94,hold,kick,82,1.3899999856948853,0.019999999552965164,0.10973345824050044,-0.3785886717364517,-0.739869909057301,0.1603652698528174,0.6692909000251538,-0.015284905046124335,0.6845758050712781,
698,13.96,hold,kick,83,1.3899999856948853,0.019999999552965164,0.10973345824050044,-0.38831114800966493,-0.7419247031643227,0.15655932582023718,0.665791084807903,-0.01603420272623734,0.6818252875341404,
699,13.98,hold,kick,84,1.3899999856948853,0.019999999552965164,0.10973345824050044,-0.3955660701758896,-0.7402355252185725,0.15663060050805033,0.6781251010915896,-0.010289085829420508,0.6884141869210101,
700,14.0,hold,kick,85,1.3899999856948853,0.019999999552965164,0.10973345824050044,-0.40087304204387647,-0.7399338678378529,0.15979939263262352,0.6903565970160073,-0.008467477643730459,0.6988240746597377,
701,14.02,hold,kick,86,1.3899999856948853,0.019999999552965164,0.10973345824050044,-0.4053669229959019,-0.741598974494028,0.1644507228006862,0.6988718677999084,-0.007807782042527314,0.7066796498424357,
702,14.04,hold,kick,87,1.3899999856948853,0.019999999552965164,0.10973345824050044,-0.4101082643924877,-0.7433275996790256,0.16857171512144434,0.703163698135241,-0.008591474693058196,0.7117551728282993,
703,14.06,hold,kick,88,1.3899999856948853,0.019999999552965164,0.10973345824050044,-0.41600003421633464,-0.7448623420346033,0.17141194542069535,0.7026203571553291,-0.009533039768000046,0.7121533969233291,
704,14.08,hold,kick,89,1.3899999856948853,0.019999999552965164,0.10973345824050044,-0.42347351158289287,-0.7464609130226143,0.17276898980775757,0.6979983364587931,-0.010402882785407894,0.708401219244201,
705,14.1,hold,kick,90,1.3899999856948853,0.019999999552965164,0.10973345824050044,-0.4309593921387183,-0.7484381962774276,0.17384059388156886,0.6908860770849172,-0.011021285968557885,0.7019073630534751,
706,14.12,hold,kick,91,1.3899999856948853,0.019999999552965164,0.10973345824050044,-0.4349355154325688,-0.7513092726247579,0.1771769742875799,0.6838837472547299,-0.011172996906624946,0.6950567441613549,
707,14.14,hold,kick,92,1.3899999856948853,0.019999999552965164,0.10973345824050044,-0.43904989739460293,-0.7552967823352045,0.18027535161333422,0.6799278474254817,-0.010482482249767618,0.6904103296752494,
708,14.16,hold,kick,93,1.3899999856948853,0.019999999552965164,0.10973345824050044,-0.44328801244606736,-0.7597787982030825,0.182819409641128,0.6786561499326347,-0.01020258187206674,0.6888587318047015,
709,14.18,hold,kick,94,1.3899999856948853,0.019999999552965164,0.10973345824050044,-0.44710232900967584,-0.764759228186063,0.18493656349195764,0.67728303054554,-0.009422269206397813,0.6867052997519377,
710,14.2,hold,kick,95,1.3899999856948853,0.019999999552965164,0.10973345824050044,-0.4502948841594771,-0.7705249088071519,0.18677657337282155,0.6744576919975822,-0.008061526171406812,0.682519218168989,
711,14.22,hold,kick,96,1.3899999856948853,0.019999999552965164,0.10973345824050044,-0.4529741551800502,-0.7761980301591933,0.1888914143397512,0.670094223560666,-0.006048917868420087,0.676143141429086,
