tick,t_s,phase,task_mode,curr_motion_timestep,ball_x,ball_y,ball_z,base_x,base_y,base_z,robot_top_z,robot_bottom_z,robot_height,kick_aim_theta_deg
0,0.0,idle,locomotion,0,1.350000023841858,-0.05000000074505806,0.10989091315873106,-0.0007055163119586716,4.329155475279006e-05,0.7548205219916156,1.2868603455545191,-0.0006154918507145085,1.2874758374052335,0.0
1,0.02,idle,locomotion,0,1.350000023841858,-0.05000000074505806,0.10980902141344312,-0.002458243318044482,0.0001317709456889859,0.750996188288899,1.2829582426695922,-0.00046425700912941514,1.2834224996787216,0.0
2,0.04,idle,locomotion,0,1.350000023841858,-0.05000000074505806,0.10976503447145444,-0.004711089999085439,0.00027014386187321996,0.746061878722328,1.277814065127184,-0.0004138831387984626,1.2782279482659826,0.0
3,0.06,idle,locomotion,0,1.350000023841858,-0.05000000074505806,0.10974518062216254,-0.006993977860178433,0.00048610980110941966,0.7409448873188358,1.2723840492947611,-0.0004186674639701238,1.2728027167587312,0.0
4,0.08,idle,locomotion,0,1.350000023841858,-0.05000000074505806,0.10973731266832155,-0.009064101696263963,0.0008043438325737409,0.7362797914293049,1.2673540637797145,-0.00043546768754876286,1.2677895314672631,0.0
5,0.1,idle,locomotion,0,1.350000023841858,-0.05000000074505806,0.10973454404443848,-0.01082832124720355,0.0012395915165544248,0.7324531345550835,1.263162805050334,-0.0004617252960325696,1.2636245303463667,0.0
6,0.12,idle,locomotion,0,1.350000023841858,-0.05000000074505806,0.10973369052927323,-0.012298747384506897,0.0018079955593074664,0.7296477009454669,1.2600263304013002,-0.000485405094273212,1.2605117354955735,0.0
7,0.14,idle,locomotion,0,1.350000023841858,-0.05000000074505806,0.1097334732878534,-0.013532346866265995,0.0025101380283343534,0.7278969433279682,1.257992788111656,-0.0005020487809230846,1.258494836892579,0.0
8,0.16,idle,locomotion,0,1.350000023841858,-0.05000000074505806,0.10973343775080387,-0.01458366237044595,0.0033317004960987653,0.7271178915577491,1.2569846679233432,-0.0005117478816789624,1.2574964158050221,0.0
9,0.18,idle,locomotion,0,1.350000023841858,-0.05000000074505806,0.10973344222612894,-0.015491837915028386,0.004246123467565554,0.7271284600376242,1.2568221112441327,-0.0005151091657666432,1.2573372204098994,0.0
10,0.2,idle,locomotion,0,1.350000023841858,-0.05000000074505806,0.10973344999820983,-0.016287398143817248,0.005231342035634284,0.7277186951208234,1.257293857641632,-0.0005138752823163582,1.2578077329239483,0.0
11,0.22,idle,locomotion,0,1.350000023841858,-0.05000000074505806,0.1097334547231311,-0.017010981769748888,0.0062669680352335074,0.7286738410145036,1.2581749098787625,-0.0005102130747111806,1.2586851229534737,0.0
12,0.24,idle,locomotion,0,1.350000023841858,-0.05000000074505806,0.10973345692610834,-0.017684904942321996,0.007337263497405203,0.729798475956378,1.259259439105243,-0.0005057170985759314,1.2597651562038188,0.0
13,0.26,idle,locomotion,0,1.350000023841858,-0.05000000074505806,0.10973345780729221,-0.01831872574984714,0.008428926713768032,0.730921909025502,1.2603718475369887,-0.0005012145082652596,1.260873062045254,0.0
14,0.28,idle,locomotion,0,1.350000023841858,-0.05000000074505806,0.10973345811827714,-0.01892763272658353,0.009517075637846926,0.7319086907361255,1.2613688470722197,-0.0004972610866507826,1.2618661081588705,0.0
15,0.3,idle,locomotion,0,1.350000023841858,-0.05000000074505806,0.10973345821428342,-0.019525515067543065,0.010577441075606188,0.7326724317929858,1.2621559524629593,-0.0004950084411868456,1.262650960904146,0.0
16,0.32,idle,locomotion,0,1.350000023841858,-0.05000000074505806,0.10973345823876013,-0.02013019206078519,0.011596330478776807,0.7331819961001536,1.2626917792799897,-0.0004916553545832106,1.263183434634573,0.0
17,0.34,idle,locomotion,0,1.350000023841858,-0.05000000074505806,0.10973345824278434,-0.02073528570605324,0.012573111455614695,0.733440696725696,1.2629787501056267,-0.0004894522072810097,1.2634682023129076,0.0
18,0.36,idle,locomotion,0,1.350000023841858,-0.05000000074505806,0.10973345824229395,-0.02133880579573549,0.013502368594949537,0.733489616236031,1.2630543894358937,-0.00048808317796494166,1.2635424726138587,0.0
19,0.38,idle,locomotion,0,1.350000023841858,-0.05000000074505806,0.10973345824142507,-0.02193056682943893,0.014385323442983494,0.7333861122376144,1.262976712135921,-0.0004889311663816391,1.2634656433023026,0.0
20,0.4,idle,locomotion,0,1.350000023841858,-0.05000000074505806,0.10973345824089552,-0.02251289097637226,0.015218888026282726,0.7331837985782012,1.2627970494367802,-0.0004907552017589072,1.2632878046385392,0.0
21,0.42,idle,locomotion,0,1.350000023841858,-0.05000000074505806,0.10973345824064834,-0.023090083760687698,0.01599808621111814,0.7329285323713218,1.262558376782206,-0.0004923772591320999,1.263050754041338,0.0
22,0.44,idle,locomotion,0,1.350000023841858,-0.05000000074505806,0.10973345824054938,-0.023659667904757372,0.016719248775757773,0.7326600204148228,1.2623000551407848,-0.0004990410651272877,1.2627990962059121,0.0
23,0.46,idle,locomotion,0,1.350000023841858,-0.05000000074505806,0.10973345824051445,-0.024213589456021378,0.017380234802998284,0.7324074243442333,1.2620529348404728,-0.0005020708783222624,1.262555005718795,0.0
24,0.48,idle,locomotion,0,1.350000023841858,-0.05000000074505806,0.10973345824050364,-0.024744308049116127,0.017975132279276856,0.7321891182053345,1.2618369793796367,-0.0005037884134605174,1.2623407677930971,0.0
25,0.5,idle,locomotion,0,1.350000023841858,-0.05000000074505806,0.10973345824050088,-0.02524711466350212,0.018503245930702596,0.7320148442617492,1.2616632015471398,-0.0005048514840743923,1.2621680530312143,0.0
26,0.52,idle,locomotion,0,1.350000023841858,-0.05000000074505806,0.10973345824050044,-0.0257217894841332,0.01896604457232919,0.7318876984086427,1.2615353611753344,-0.0005057600435386389,1.2620411212188731,0.0
27,0.54,idle,locomotion,0,1.350000023841858,-0.05000000074505806,0.10973345824050044,-0.026168984959262204,0.019364982934201868,0.7318052518630884,1.2614514753749242,-0.0005069076267818183,1.261958383001706,0.0
28,0.56,idle,locomotion,0,1.350000023841858,-0.05000000074505806,0.10973345824050044,-0.02658907655388311,0.019700414705124392,0.7317591326001368,1.2614038297054484,-0.0005082487459999244,1.2619120784514484,0.0
29,0.58,idle,locomotion,0,1.350000023841858,-0.05000000074505806,0.10973345824050044,-0.026983171935079334,0.01997418667795562,0.7317322827701277,1.2613759616453117,-0.0005092674491957473,1.2618852290945075,0.0
30,0.6,idle,locomotion,0,1.350000023841858,-0.05000000074505806,0.10973345824050044,-0.027351843149474694,0.020188752035217875,0.7317122039720731,1.2613555595025405,-0.0005096756631708908,1.2618652351657114,0.0
31,0.62,idle,locomotion,0,1.350000023841858,-0.05000000074505806,0.10973345824050044,-0.027694976080713963,0.020344001697576518,0.7316951592897928,1.2613389988320916,-0.0005095177896393688,1.2618485166217308,0.0
32,0.64,idle,locomotion,0,1.350000023841858,-0.05000000074505806,0.10973345824050044,-0.02801257427682604,0.020441753890474104,0.7316806238853183,1.2613257126184285,-0.0005087138921863119,1.2618344265106147,0.0
33,0.66,idle,locomotion,0,1.350000023841858,-0.05000000074505806,0.10973345824050044,-0.02830480403278446,0.020485080557450228,0.7316691703109729,1.2613162799419184,-0.0005070277708383308,1.2618233077127567,0.0
34,0.68,idle,locomotion,0,1.350000023841858,-0.05000000074505806,0.10973345824050044,-0.028572288964370897,0.02047948952203501,0.7316591636953877,1.2613091568546744,-0.000505126754625794,1.2618142836093003,0.0
35,0.7,idle,locomotion,0,1.350000023841858,-0.05000000074505806,0.10973345824050044,-0.028815853384814707,0.02042835452055138,0.7316470748874231,1.2613008100880765,-0.0005041097734627617,1.2618049198615393,0.0
36,0.72,idle,locomotion,0,1.350000023841858,-0.05000000074505806,0.10973345824050044,-0.02903614805763116,0.020335731408471985,0.7316305562045313,1.2612888774144253,-0.0005031107728689851,1.2617919881872943,0.0
37,0.74,idle,locomotion,0,1.350000023841858,-0.05000000074505806,0.10973345824050044,-0.029234105335729593,0.020205305145177262,0.731608688992457,1.2612723031622284,-0.0005021143294422215,1.2617744174916705,0.0
38,0.76,idle,locomotion,0,1.350000023841858,-0.05000000074505806,0.10973345824050044,-0.02941123224366282,0.020041803038590513,0.7315820299593767,1.261251380251124,-0.0005010846551538259,1.261752464906278,0.0
39,0.78,idle,locomotion,0,1.350000023841858,-0.05000000074505806,0.10973345824050044,-0.029569804130621814,0.019851953724775367,0.7315525832646204,1.2612277413561357,-0.0005020860979372266,1.261729827454073,0.0
40,0.8,idle,locomotion,0,1.350000023841858,-0.05000000074505806,0.10973345824050044,-0.029711300287427193,0.01964016979275453,0.7315218968101292,1.2612027935828698,-0.0005032322400335618,1.2617060258229034,0.0
41,0.82,idle,locomotion,0,1.350000023841858,-0.05000000074505806,0.10973345824050044,-0.029836725669119185,0.019410088815867234,0.73149090725194,1.2611774122665131,-0.0005036684366359241,1.261681080703149,0.0
42,0.84,idle,locomotion,0,1.350000023841858,-0.05000000074505806,0.10973345824050044,-0.02994787011054296,0.01916618225463424,0.7314603406818639,1.2611520738864144,-0.0005044128621723987,1.2616564867485867,0.0
43,0.86,idle,locomotion,0,1.350000023841858,-0.05000000074505806,0.10973345824050044,-0.03004626260668055,0.01891241238482049,0.7314305829114666,1.2611269200771995,-0.0005051162054484984,1.261632036282648,0.0
44,0.88,idle,locomotion,0,1.350000023841858,-0.05000000074505806,0.10973345824050044,-0.03013301161220638,0.018652770734806895,0.7314019959672511,1.2611022304618495,-0.0005057339656972352,1.2616079644275469,0.0
45,0.9,idle,locomotion,0,1.350000023841858,-0.05000000074505806,0.10973345824050044,-0.03020890358220008,0.0183908658659116,0.7313747167151348,1.2610781707680265,-0.0005059975253702137,1.2615841682933968,0.0
46,0.92,idle,locomotion,0,1.350000023841858,-0.05000000074505806,0.10973345824050044,-0.03027465158407101,0.018129858676165386,0.7313487540572745,1.2610548104196944,-0.0005060125786388314,1.2615608229983333,0.0
47,0.94,idle,locomotion,0,1.350000023841858,-0.05000000074505806,0.10973345824050044,-0.030331308360063057,0.017873185933430607,0.7313244014207588,1.2610324597426745,-0.0005066063152522754,1.2615390660579269,0.0
48,0.96,idle,locomotion,0,1.350000023841858,-0.05000000074505806,0.10973345824050044,-0.030379562141266706,0.01762356172572505,0.7313014969090829,1.2610110553016665,-0.0005071209876182682,1.2615181762892846,0.0
49,0.98,idle,locomotion,0,1.350000023841858,-0.05000000074505806,0.10973345824050044,-0.030419965772365956,0.017383319340196067,0.7312797581671902,1.2609904182683822,-0.0005073473917807034,1.261497765660163,0.0
50,1.0,idle,locomotion,0,1.350000023841858,-0.05000000074505806,0.10973345824050044,-0.030453128827986984,0.01715474123909706,0.7312589998897896,1.2609704358883653,-0.0005073908006748562,1.26147782668904,0.0
51,1.02,idle,locomotion,0,1.350000023841858,-0.05000000074505806,0.10973345824050044,-0.030479709507614357,0.01694006220781516,0.7312391661810369,1.2609511126237918,-0.0005073812099717495,1.2614584938337636,0.0
52,1.04,idle,locomotion,0,1.350000023841858,-0.05000000074505806,0.10973345824050044,-0.030500338316343592,0.01674135754729167,0.7312203902886446,1.260932609448415,-0.000507386752650222,1.2614399962010652,0.0
53,1.06,idle,locomotion,0,1.350000023841858,-0.05000000074505806,0.10973345824050044,-0.03051560783751361,0.016560316280901648,0.7312030425451455,1.2609153069824033,-0.0005074174580222794,1.2614227244404255,0.0
54,1.08,idle,locomotion,0,1.350000023841858,-0.05000000074505806,0.10973345824050044,-0.030526067266390344,0.01639795867743571,0.7311874807895489,1.260899566121453,-0.0005074525152330284,1.2614070186366861,0.0
55,1.1,idle,locomotion,0,1.350000023841858,-0.05000000074505806,0.10973345824050044,-0.03053221765803959,0.016254867808978186,0.7311738380690066,1.2608855215724613,-0.0005074784694390488,1.2613930000419002,0.0
56,1.12,idle,locomotion,0,1.350000023841858,-0.05000000074505806,0.10973345824050044,-0.03053452199662453,0.01613133231515172,0.7311621477049887,1.2608732328444152,-0.0005075061554010406,1.2613807389998162,0.0
57,1.14,idle,locomotion,0,1.350000023841858,-0.05000000074505806,0.10973345824050044,-0.030533403605677138,0.01602729504894802,0.7311522977851475,1.2608626118301183,-0.0005075618490326082,1.261370173679151,0.0
58,1.16,idle,locomotion,0,1.350000023841858,-0.05000000074505806,0.10973345824050044,-0.03052928550014366,0.015942393796976456,0.731144162697155,1.2608535562655347,-0.0005076285120003757,1.2613611847775352,0.0
59,1.18,idle,locomotion,0,1.350000023841858,-0.05000000074505806,0.10973345824050044,-0.030522577178196866,0.0158760982762426,0.7311375807803004,1.2608459307038793,-0.0005076915401442984,1.2613536222440236,0.0
60,1.2,idle,locomotion,0,1.350000023841858,-0.05000000074505806,0.10973345824050044,-0.030513672053078558,0.01582770587553848,0.7311323619343364,1.2608395708246607,-0.0005077447235376266,1.2613473155481982,0.0
61,1.22,idle,locomotion,0,1.350000023841858,-0.05000000074505806,0.10973345824050044,-0.03050294807417997,0.01579636003287704,0.7311283110988586,1.260834304910055,-0.0005077860871529755,1.261342090997208,0.0
62,1.24,idle,locomotion,0,1.350000023841858,-0.05000000074505806,0.10973345824050044,-0.0304907694199137,0.01578107622731291,0.7311252176875381,1.2608299476173055,-0.000507811849272781,1.2613377594665782,0.0
63,1.26,idle,locomotion,0,1.350000023841858,-0.05000000074505806,0.10973345824050044,-0.03047754412178273,0.015780677791121057,0.7311224539119183,1.2608259089565481,-0.0005077955246580203,1.261333704481206,0.0
64,1.28,idle,locomotion,0,1.350000023841858,-0.05000000074505806,0.10973345824050044,-0.030463687532578426,0.015793519226695335,0.7311194444937666,1.2608216122635156,-0.000507764280804842,1.2613293765443205,0.0
65,1.3,idle,locomotion,0,1.350000023841858,-0.05000000074505806,0.10973345824050044,-0.030449552233486315,0.01581798498597075,0.7311160762487777,1.2608169444033686,-0.000507730293659369,1.261324674697028,0.0
66,1.32,idle,locomotion,0,1.350000023841858,-0.05000000074505806,0.10973345824050044,-0.030435458818616014,0.015852577292640804,0.7311123605457255,1.2608119196237892,-0.0005076933162053883,1.2613196129399946,0.0
67,1.34,idle,locomotion,0,1.350000023841858,-0.05000000074505806,0.10973345824050044,-0.030421700206134297,0.015895922022517044,0.7311083303102476,1.260806575451858,-0.0005076527467498433,1.2613142281986078,0.0
68,1.36,idle,locomotion,0,1.350000023841858,-0.05000000074505806,0.10973345824050044,-0.030408540089367782,0.015946835419192017,0.731103868836396,1.2608008227260157,-0.0005076122183965137,1.2613084349444121,0.0
69,1.38,idle,locomotion,0,1.350000023841858,-0.05000000074505806,0.10973345824050044,-0.03039621018059247,0.016004384772527754,0.7310986239260764,1.2607943592946322,-0.0005075834424925797,1.2613019427371248,0.0
70,1.4,idle,locomotion,0,1.350000023841858,-0.05000000074505806,0.10973345824050044,-0.03038493913482237,0.016067671726640174,0.7310925206839171,1.260787138444336,-0.0005075632102293989,1.2612947016545655,0.0
71,1.42,idle,locomotion,0,1.350000023841858,-0.05000000074505806,0.10973345824050044,-0.030374962778827366,0.01613582083976414,0.7310856622262765,1.260779266658463,-0.0005075468695599564,1.2612868135280229,0.0
72,1.44,idle,locomotion,0,1.350000023841858,-0.05000000074505806,0.10973345824050044,-0.030366499003396222,0.016207971730943824,0.7310782314035905,1.260770913584801,-0.0005075322844238957,1.261278445869225,0.0
73,1.46,idle,locomotion,0,1.350000023841858,-0.05000000074505806,0.10973345824050044,-0.030359727992458816,0.01628327790207969,0.731070420224083,1.260762252716764,-0.0005075184486984796,1.2612697711654624,0.0
74,1.48,idle,locomotion,0,1.350000023841858,-0.05000000074505806,0.10973345824050044,-0.030354779877047502,0.016360921091307143,0.7310623959982802,1.260753436140644,-0.0005075052197431734,1.2612609413603872,0.0
75,1.5,idle,locomotion,0,1.350000023841858,-0.05000000074505806,0.10973345824050044,-0.030351736909291653,0.016440130032612806,0.7310542788442156,1.2607445630054894,-0.0005074917212771236,1.2612520547267665,0.0
76,1.52,idle,locomotion,0,1.350000023841858,-0.05000000074505806,0.10973345824050044,-0.0303506539845963,0.016520116588822707,0.7310462309125989,1.2607357831824482,-0.0005074781132806232,1.2612432612957287,0.0
77,1.54,idle,locomotion,0,1.350000023841858,-0.05000000074505806,0.10973345824050044,-0.030351533659228984,0.016600173071557218,0.7310383486643504,1.26072718877039,-0.0005074647854496142,1.2612346535558396,0.0
78,1.56,idle,locomotion,0,1.350000023841858,-0.05000000074505806,0.10973345824050044,-0.030354350258219892,0.01667965514666621,0.7310307068013248,1.2607188470919777,-0.0005074517033897101,1.2612262987953673,0.0
79,1.58,idle,locomotion,0,1.350000023841858,-0.05000000074505806,0.10973345824050044,-0.030359070192091882,0.016757941374810608,0.7310233895719579,1.2607108313272932,-0.0005074386825740969,1.2612182700098673,0.0
80,1.6,idle,locomotion,0,1.350000023841858,-0.05000000074505806,0.10973345824050044,-0.030365633611922627,0.016834496232117455,0.7310164454007708,1.26070318607706,-0.0005074257771256335,1.2612106118541855,0.0
81,1.62,idle,locomotion,0,1.350000023841858,-0.05000000074505806,0.10973345824050044,-0.030373970053100337,0.016908836353288385,0.7310099143643336,1.2606959446005814,-0.0005074129787091888,1.2612033575792907,0.0
82,1.64,idle,locomotion,0,1.350000023841858,-0.05000000074505806,0.10973345824050044,-0.030383997824877926,0.016980532912243093,0.731003825227769,1.2606891336526453,-0.0005074004305880425,1.2611965340832334,0.0
83,1.66,idle,locomotion,0,1.350000023841858,-0.05000000074505806,0.10973345824050044,-0.030395611412151562,0.01704927160937371,0.7309981610296563,1.2606827416057036,-0.0005073882496873967,1.261190129855391,0.0
84,1.68,idle,locomotion,0,1.350000023841858,-0.05000000074505806,0.10973345824050044,-0.03040872407033874,0.017114732817433424,0.7309929591396842,1.2606768007439226,-0.0005073765270060086,1.2611841772709287,0.0
85,1.7,idle,locomotion,0,1.350000023841858,-0.05000000074505806,0.10973345824050044,-0.030423235948447272,0.017176715111115817,0.7309881926465452,1.2606712838394196,-0.0005073652445298435,1.2611786490839494,0.0
86,1.72,idle,locomotion,0,1.350000023841858,-0.05000000074505806,0.10973345824050044,-0.030439052389040648,0.01723504664824516,0.7309838403702642,1.2606661708311684,-0.0005073550037212812,1.2611735258348897,0.0
87,1.74,idle,locomotion,0,1.350000023841858,-0.05000000074505806,0.10973345824050044,-0.030456062836771436,0.01728967890801804,0.7309797659761543,1.2606613505533697,-0.0005073463136938995,1.2611686968670637,0.0
88,1.76,idle,locomotion,0,1.350000023841858,-0.05000000074505806,0.10973345824050044,-0.03047416331151152,0.017340626231066282,0.7309758546367471,1.2606567180824446,-0.0005073394534891688,1.2611640575359337,0.0
89,1.78,idle,locomotion,0,1.350000023841858,-0.05000000074505806,0.10973345824050044,-0.03049327302639949,0.017387942790950614,0.7309720518803192,1.2606522242335612,-0.0005073345286644784,1.2611595587622257,0.0
90,1.8,idle,locomotion,0,1.350000023841858,-0.05000000074505806,0.10973345824050044,-0.03051331519539817,0.01743170762577739,0.7309683438192038,1.2606478624277946,-0.0005073311633589477,1.2611551935911536,0.0
91,1.82,idle,locomotion,0,1.350000023841858,-0.05000000074505806,0.10973345824050044,-0.030534218838388787,0.017472038749366866,0.7309647235042066,1.2606436216606647,-0.0005073291028541704,1.2611509507635188,0.0
92,1.84,idle,locomotion,0,1.350000023841858,-0.05000000074505806,0.10973345824050044,-0.030555915633123418,0.017509058284906454,0.7309611836954825,1.2606394905797793,-0.0005073284410925007,1.261146819020872,0.0
93,1.86,idle,locomotion,0,1.350000023841858,-0.05000000074505806,0.10973345824050044,-0.030578340604582182,0.017542892027144468,0.7309577303550266,1.260635474245315,-0.0005073289888841599,1.2611428032341991,0.0
94,1.88,idle,locomotion,0,1.350000023841858,-0.05000000074505806,0.10973345824050044,-0.03060143303750026,0.017573693571353178,0.7309543538802857,1.2606315526296774,-0.0005073302533198237,1.2611388828829972,0.0
95,1.9,idle,locomotion,0,1.350000023841858,-0.05000000074505806,0.10973345824050044,-0.030625138094384045,0.017601622844560103,0.7309510667893728,1.260627738266536,-0.0005073319732959783,1.261135070239832,0.0
96,1.92,idle,locomotion,0,1.350000023841858,-0.05000000074505806,0.10973345824050044,-0.030649391080062958,0.017626896195347092,0.7309478445649832,1.2606240027260807,-0.0005073342827429037,1.2611313370088235,0.0
97,1.94,idle,locomotion,0,1.350000023841858,-0.05000000074505806,0.10973345824050044,-0.030674138394174464,0.01764970656350727,0.7309447072706847,1.2606203658201631,-0.000507337163214678,1.2611277029833778,0.0
98,1.96,idle,locomotion,0,1.350000023841858,-0.05000000074505806,0.10973345824050044,-0.03069931725782932,0.017670285438773622,0.7309416330199985,1.2606168036659184,-0.000507340649728568,1.261124144315647,0.0
99,1.98,idle,locomotion,0,1.350000023841858,-0.05000000074505806,0.10973345824050044,-0.030724876406630616,0.017688837336629237,0.7309386344639628,1.2606133265763098,-0.0005073446945305891,1.2611206712708403,0.0
100,2.0,idle,locomotion,0,1.350000023841858,-0.05000000074505806,0.10973345824050044,-0.030750756441475235,0.017705605291643882,0.7309356981461963,1.260609925539066,-0.00050734947483232,1.2611172750138981,0.0
101,2.02,idle,locomotion,0,1.350000023841858,-0.05000000074505806,0.10973345824050044,-0.03077690657580557,0.01772079689568207,0.7309328192220735,1.260606591403123,-0.0005073545837089855,1.261113945986832,0.0
102,2.04,idle,locomotion,0,1.350000023841858,-0.05000000074505806,0.10973345824050044,-0.0308032859799857,0.01773460196303178,0.7309299952706717,1.2606033165199113,-0.0005073600926321226,1.2611106766125435,0.0
103,2.06,idle,locomotion,0,1.350000023841858,-0.05000000074505806,0.10973345824050044,-0.030829855076532457,0.01774721592440334,0.7309272325570574,1.260600109067751,-0.000507366218957056,1.261107475286708,0.0
104,2.08,idle,locomotion,0,1.350000023841858,-0.05000000074505806,0.10973345824050044,-0.030856568816463443,0.01775883213371875,0.7309245190846256,1.2605969557773755,-0.0005073725695671077,1.2611043283469425,0.0
105,2.1,idle,locomotion,0,1.350000023841858,-0.05000000074505806,0.10973345824050044,-0.030883387832785936,0.017769623506890066,0.7309218564609853,1.2605938584840266,-0.0005073792625099084,1.2611012377465365,0.0
106,2.12,idle,locomotion,0,1.350000023841858,-0.05000000074505806,0.10973345824050044,-0.030910278553785343,0.017779741940809543,0.7309192425971631,1.2605908127000611,-0.0005073856400330083,1.2610981983400942,0.0
107,2.14,idle,locomotion,0,1.350000023841858,-0.05000000074505806,0.10973345824050044,-0.030937213130521887,0.01778933796868742,0.7309166729716777,1.260587809369799,-0.0005073923952395171,1.2610952017650385,0.0
108,2.16,idle,locomotion,0,1.350000023841858,-0.05000000074505806,0.10973345824050044,-0.03096416151862823,0.017798549648190234,0.730914146847232,1.2605848523160907,-0.0005073992886692746,1.26109225160476,0.0
109,2.18,idle,locomotion,0,1.350000023841858,-0.05000000074505806,0.10973345824050044,-0.030991100340043733,0.017807491006895115,0.7309116699243097,1.2605819416090933,-0.0005074059709943325,1.2610893475800877,0.0
110,2.2,idle,locomotion,0,1.350000023841858,-0.05000000074505806,0.10973345824050044,-0.031018005154947192,0.01781627975914122,0.7309092310314148,1.2605790693397847,-0.0005074125408950012,1.2610864818806797,0.0
111,2.22,idle,locomotion,0,1.350000023841858,-0.05000000074505806,0.10973345824050044,-0.031044862017457455,0.01782499789009371,0.7309068354523406,1.2605762343477374,-0.000507418918309837,1.2610836532660472,0.0
112,2.24,idle,locomotion,0,1.350000023841858,-0.05000000074505806,0.10973345824050044,-0.031071658162841163,0.017833721834562177,0.7309044789006229,1.2605734301714937,-0.000507425914761276,1.261080856086255,0.0
113,2.26,idle,locomotion,0,1.350000023841858,-0.05000000074505806,0.10973345824050044,-0.031098373615352132,0.017842538730187485,0.7309021627549896,1.2605706658750717,-0.00050743684311454,1.2610781027181863,0.0
114,2.28,idle,locomotion,0,1.350000023841858,-0.05000000074505806,0.10973345824050044,-0.031124997925015038,0.017851496730067914,0.730899903249386,1.2605679479572722,-0.0005074495752068961,1.261075397532479,0.0
115,2.3,idle,locomotion,0,1.350000023841858,-0.05000000074505806,0.10973345824050044,-0.031151512345441723,0.017860683262139056,0.7308976808661896,1.2605652637555438,-0.000507462931637493,1.2610727266871813,0.0
116,2.32,idle,locomotion,0,1.350000023841858,-0.05000000074505806,0.10973345824050044,-0.03117790642075846,0.017870135979169605,0.7308955000161131,1.2605626148408133,-0.0005074757755903006,1.2610700906164036,0.0
117,2.34,idle,locomotion,0,1.350000023841858,-0.05000000074505806,0.10973345824050044,-0.031204175652720614,0.017879886172242086,0.7308933635883994,1.2605600009176618,-0.0005074880685992933,1.2610674889862612,0.0
118,2.36,idle,locomotion,0,1.350000023841858,-0.05000000074505806,0.10973345824050044,-0.03123031098786409,0.017889972407802743,0.7308912675460086,1.2605574232912289,-0.0005074998881557276,1.2610649231793847,0.0
119,2.38,idle,locomotion,0,1.350000023841858,-0.05000000074505806,0.10973345824050044,-0.0312563089923181,0.01790041289634254,0.7308892150973316,1.2605548803153854,-0.0005075110657492485,1.2610623913811347,0.0
120,2.4,idle,locomotion,0,1.350000023841858,-0.05000000074505806,0.10973345824050044,-0.03128216426705306,0.017911230164612362,0.7308872068294106,1.2605523778363,-0.000507521758391534,1.2610598995946916,0.0
121,2.42,idle,locomotion,0,1.350000023841858,-0.05000000074505806,0.10973345824050044,-0.03130787661398458,0.01792243283363882,0.7308852430928655,1.2605499105869933,-0.0005075319515386346,1.261057442538532,0.0
122,2.44,idle,locomotion,0,1.350000023841858,-0.05000000074505806,0.10973345824050044,-0.03133344573779562,0.0179340235735997,0.730883326985527,1.2605474839279796,-0.0005075416423362122,1.2610550255703157,0.0
123,2.46,idle,locomotion,0,1.350000023841858,-0.05000000074505806,0.10973345824050044,-0.031358865930848565,0.017946012617177758,0.7308814545140286,1.2605450965143128,-0.0005075508289007422,1.2610526473432135,0.0
124,2.48,idle,locomotion,0,1.350000023841858,-0.05000000074505806,0.10973345824050044,-0.03138413774071669,0.017958385977078186,0.7308796320188296,1.26054275028572,-0.0005075595108838364,1.261050309796604,0.0
125,2.5,idle,locomotion,0,1.350000023841858,-0.05000000074505806,0.10973345824050044,-0.03140925977765241,0.0179711344431744,0.7308778597605521,1.2605404491273136,-0.0005075677559720597,1.2610480168832856,0.0
126,2.52,idle,locomotion,0,1.350000023841858,-0.05000000074505806,0.10973345824050044,-0.03143422975061616,0.0179842535886163,0.730876133475898,1.2605381914925178,-0.0005075755126174447,1.2610457670051352,0.0
127,2.54,idle,locomotion,0,1.350000023841858,-0.05000000074505806,0.10973345824050044,-0.031459052593231174,0.01799772016386326,0.7308744583287734,1.2605359763995079,-0.0005075829010416262,1.2610435593005496,0.0
128,2.56,idle,locomotion,0,1.350000023841858,-0.05000000074505806,0.10973345824050044,-0.03148373070912684,0.01801151368837796,0.7308728365966412,1.260533809216483,-0.0005075898980740137,1.261041399114557,0.0
129,2.58,idle,locomotion,0,1.350000023841858,-0.05000000074505806,0.10973345824050044,-0.03150826236397721,0.01802562296140503,0.7308712646909801,1.2605316890287268,-0.0005075965662259228,1.2610392855949528,0.0
130,2.6,idle,locomotion,0,1.350000023841858,-0.05000000074505806,0.10973345824050044,-0.03153265198655255,0.018040015932471027,0.7308697496698744,1.2605296172915734,-0.0005076027979870924,1.2610372200895605,0.0
131,2.62,idle,locomotion,0,1.350000023841858,-0.05000000074505806,0.10973345824050044,-0.03155690061486165,0.018054669631359262,0.7308682929439757,1.260527598465892,-0.0005076086219009297,1.2610352070877928,0.0
132,2.64,idle,locomotion,0,1.350000023841858,-0.05000000074505806,0.10973345824050044,-0.031581004038859585,0.018069575511071703,0.7308668820369505,1.2605256252808559,-0.0005076142232351422,1.261033239504091,0.0
133,2.66,idle,locomotion,0,1.350000023841858,-0.05000000074505806,0.10973345824050044,-0.03160497220780895,0.018084680322477655,0.7308655388458084,1.2605237115444117,-0.0005076192151385953,1.2610313307595502,0.0
134,2.68,idle,locomotion,0,1.350000023841858,-0.05000000074505806,0.10973345824050044,-0.03162880966486857,0.01809997648819925,0.7308642472969258,1.2605218456299399,-0.0005076242735420379,1.2610294699034819,0.0
135,2.7,idle,locomotion,0,1.350000023841858,-0.05000000074505806,0.10973345824050044,-0.03165251966148118,0.01811543404683247,0.7308630166203108,1.2605200393844211,-0.0005076289078950295,1.2610276682923163,0.0
136,2.72,idle,locomotion,0,1.350000023841858,-0.05000000074505806,0.10973345824050044,-0.03167610332499144,0.018131033955181262,0.7308618445147473,1.26051828520116,-0.000507633299512613,1.2610259185006727,0.0
137,2.74,idle,locomotion,0,1.350000023841858,-0.05000000074505806,0.10973345824050044,-0.03169955908082672,0.018146759908823765,0.7308607233917012,1.2605165802434224,-0.0005076374630350877,1.2610242177064575,0.0
138,2.76,idle,locomotion,0,1.350000023841858,-0.05000000074505806,0.10973345824050044,-0.03172288716034719,0.01816258179081351,0.730859673113959,1.2605149442693402,-0.0005076412087699836,1.26102258547811,0.0
139,2.78,idle,locomotion,0,1.350000023841858,-0.05000000074505806,0.10973345824050044,-0.03174608588536391,0.018178500209151773,0.730858679976051,1.26051336374836,-0.00050764502858687,1.261021008776947,0.0
140,2.8,idle,locomotion,0,1.350000023841858,-0.05000000074505806,0.10973345824050044,-0.03176916306054961,0.018194481857978295,0.7308577473828967,1.2605118383907168,-0.0005076486534485586,1.2610194870441653,0.0
141,2.82,idle,locomotion,0,1.350000023841858,-0.05000000074505806,0.10973345824050044,-0.031792118629083176,0.018210516161840915,0.730856873653311,1.2605103719497386,-0.0005076520323712003,1.2610180239821098,0.0
142,2.84,idle,locomotion,0,1.350000023841858,-0.05000000074505806,0.10973345824050044,-0.031814950403051934,0.018226587378419503,0.7308560615259589,1.26050896544969,-0.0005076551531246649,1.2610166206028146,0.0
143,2.86,idle,locomotion,0,1.350000023841858,-0.05000000074505806,0.10973345824050044,-0.03183765759722518,0.01824268017917415,0.7308553111557513,1.260507620042844,-0.0005076580237921291,1.2610152780666362,0.0
144,2.88,idle,locomotion,0,1.350000023841858,-0.05000000074505806,0.10973345824050044,-0.031860241455401735,0.01825878397849679,0.7308546186179053,1.260506331908921,-0.0005076608756225259,1.2610139927845434,0.0
145,2.9,idle,locomotion,0,1.350000023841858,-0.05000000074505806,0.10973345824050044,-0.0318827054638469,0.018274879426411084,0.7308539890238089,1.2605051059057495,-0.0005076634301762577,1.2610127693359257,0.0
146,2.92,idle,locomotion,0,1.350000023841858,-0.05000000074505806,0.10973345824050044,-0.03190505062575243,0.01829095517798801,0.7308534200166753,1.2605039400494977,-0.0005076657319651075,1.2610116057814629,0.0
147,2.94,idle,locomotion,0,1.350000023841858,-0.05000000074505806,0.10973345824050044,-0.0319272781880873,0.018306998062620233,0.730852910249262,1.2605028345444753,-0.0005076678570966782,1.261010502401572,0.0
148,2.96,idle,locomotion,0,1.350000023841858,-0.05000000074505806,0.10973345824050044,-0.031949393330275036,0.018322987668562225,0.7308524661830632,1.2605017914640944,-0.0005076696517261267,1.2610094611158205,0.0
149,2.98,idle,locomotion,0,1.350000023841858,-0.05000000074505806,0.10973345824050044,-0.03197139685354219,0.018338927055109016,0.7308520783712049,1.2605008048566395,-0.0005076717667321755,1.2610084766233718,0.0
150,3.0,idle,locomotion,0,1.350000023841858,-0.05000000074505806,0.10973345824050044,-0.03199328979443771,0.01835480173379214,0.7308517503951576,1.2604998817284583,-0.0005076734396495496,1.261007555168108,0.0
151,3.02,idle,locomotion,0,1.350000023841858,-0.05000000074505806,0.10973345824050044,-0.03201507410290925,0.01837060662878732,0.7308514734113768,1.260499006393579,-0.000507675242146028,1.261006681635725,0.0
152,3.04,idle,locomotion,0,1.350000023841858,-0.05000000074505806,0.10973345824050044,-0.03203675224290716,0.018386327845538106,0.7308512655444446,1.260498204286143,-0.0005076768005826439,1.2610058810867257,0.0
153,3.06,idle,locomotion,0,1.350000023841858,-0.05000000074505806,0.10973345824050044,-0.03205832323095876,0.018401978942230054,0.7308511136902764,1.2604974559794142,-0.0005076784711606185,1.2610051344505748,0.0
154,3.08,idle,locomotion,0,1.350000023841858,-0.05000000074505806,0.10973345824050044,-0.03207978610781537,0.018417551061600645,0.7308510195654716,1.2604967686235653,-0.0005076797186698394,1.2610044483422351,0.0
155,3.1,idle,locomotion,0,1.350000023841858,-0.05000000074505806,0.10973345824050044,-0.032101137742579874,0.01843304160754516,0.7308509810143814,1.2604961389007097,-0.000507680871002697,1.2610038197717124,0.0
156,3.12,idle,locomotion,0,1.350000023841858,-0.05000000074505806,0.10973345824050044,-0.032122379902202916,0.018448451092231775,0.730850996705955,1.2604955633555792,-0.0005076821866722737,1.2610032455422515,0.0
157,3.14,idle,locomotion,0,1.350000023841858,-0.05000000074505806,0.10973345824050044,-0.03214351151835737,0.01846377965258454,0.7308510690713304,1.260495049629699,-0.0005076833083516377,1.2610027329380507,0.0
158,3.16,idle,locomotion,0,1.350000023841858,-0.05000000074505806,0.10973345824050044,-0.03216452673817464,0.01847903573781243,0.7308511950940363,1.2604945930574825,-0.0005076841927279807,1.2610022772502105,0.0
159,3.18,idle,locomotion,0,1.350000023841858,-0.05000000074505806,0.10973345824050044,-0.03218542028158573,0.018494220143523515,0.7308513807280609,1.2604942017846599,-0.0005076849075976511,1.2610018866922574,0.0
160,3.2,idle,locomotion,0,1.350000023841858,-0.05000000074505806,0.10973345824050044,-0.03220618978759392,0.018509341655431256,0.730851617321463,1.2604938673420172,-0.0005076854793583038,1.2610015528213754,0.0
161,3.22,idle,locomotion,0,1.350000023841858,-0.05000000074505806,0.10973345824050044,-0.032226837644094494,0.01852439231414206,0.7308519126005575,1.260493597885837,-0.0005076858395593187,1.2610012837253963,0.0
162,3.24,idle,locomotion,0,1.350000023841858,-0.05000000074505806,0.10973345824050044,-0.03224736314415373,0.018539381024161528,0.7308522603524711,1.2604933890992849,-0.0005076862158296461,1.2610010753151146,0.0
163,3.26,idle,locomotion,0,1.350000023841858,-0.05000000074505806,0.10973345824050044,-0.03226777227127836,0.018554301942354617,0.7308526628161115,1.2604932382248824,-0.000507686596985045,1.2610009248218674,0.0
164,3.28,idle,locomotion,0,1.350000023841858,-0.05000000074505806,0.10973345824050044,-0.03228807086162628,0.01856914962520172,0.7308531176891297,1.2604931446088723,-0.00050768679583078,1.261000831404703,0.0
165,3.3,idle,locomotion,0,1.350000023841858,-0.05000000074505806,0.10973345824050044,-0.032308259566727025,0.01858392774582594,0.7308536199130296,1.260493104944495,-0.0005076868015909189,1.261000791746086,0.0
166,3.32,idle,locomotion,0,1.350000023841858,-0.05000000074505806,0.10973345824050044,-0.03232834079665629,0.018598635794648172,0.7308541713086333,1.2604931192096729,-0.0005076868575242567,1.261000806067197,0.0
167,3.34,idle,locomotion,0,1.350000023841858,-0.05000000074505806,0.10973345824050044,-0.03234832311567648,0.018613263053524655,0.7308547728690493,1.2604931858637092,-0.0005076868779321474,1.2610008727416413,0.0
168,3.36,idle,locomotion,0,1.350000023841858,-0.05000000074505806,0.10973345824050044,-0.032368210588763165,0.018627813564853518,0.7308554268012302,1.260493310915786,-0.0005076866736515515,1.2610009975894376,0.0
169,3.38,idle,locomotion,0,1.350000023841858,-0.05000000074505806,0.10973345824050044,-0.032387997731597735,0.018642309077738874,0.7308561201581386,1.2604934800666687,-0.0005076867296932297,1.2610011667963619,0.0
170,3.4,idle,locomotion,0,1.350000023841858,-0.05000000074505806,0.10973345824050044,-0.03240769277180022,0.018656718191510074,0.7308568690617943,1.2604937070285749,-0.000507686212156782,1.2610013932407316,0.0
171,3.42,idle,locomotion,0,1.350000023841858,-0.05000000074505806,0.10973345824050044,-0.032427289400893,0.018671081719653888,0.7308576657161234,1.2604939908977546,-0.0005076859792512781,1.2610016768770058,0.0
172,3.44,idle,locomotion,0,1.350000023841858,-0.05000000074505806,0.10973345824050044,-0.03244678738382908,0.018685390089296025,0.7308585109735931,1.260494325110259,-0.0005076853611650188,1.261002010471424,0.0
173,3.46,idle,locomotion,0,1.350000023841858,-0.05000000074505806,0.10973345824050044,-0.03246618161070963,0.018699661262394775,0.7308593932462273,1.2604947070461083,-0.0005076847168572103,1.2610023917629656,0.0
174,3.48,idle,locomotion,0,1.350000023841858,-0.05000000074505806,0.10973345824050044,-0.03248547771753189,0.018713877976196707,0.7308603232711881,1.2604951395450172,-0.0005076838449416879,1.2610028233899588,0.0
175,3.5,idle,locomotion,0,1.350000023841858,-0.05000000074505806,0.10973345824050044,-0.03250467262492796,0.018728059569101535,0.7308612953029754,1.2604956242164511,-0.0005076829919327189,1.261003307208384,0.0
176,3.52,idle,locomotion,0,1.350000023841858,-0.05000000074505806,0.10973345824050044,-0.03252376655985663,0.018742210269168114,0.7308623113043103,1.2604961570422912,-0.0005076821618246151,1.2610038392041159,0.0
177,3.54,idle,locomotion,0,1.350000023841858,-0.05000000074505806,0.10973345824050044,-0.0325427581135609,0.018756325128815508,0.730863371899182,1.26049674076963,-0.0005076809972561942,1.261004421766886,0.0
178,3.56,idle,locomotion,0,1.350000023841858,-0.05000000074505806,0.10973345824050044,-0.032561630169869564,0.018770417571172857,0.7308644802393662,1.2604973864343736,-0.0005076795310532956,1.2610050659654268,0.0
179,3.58,idle,locomotion,0,1.350000023841858,-0.05000000074505806,0.10973345824050044,-0.032580364547721334,0.018784486826608805,0.7308656376049871,1.2604981013665781,-0.0005076777268511745,1.2610057790934293,0.0
180,3.6,idle,locomotion,0,1.350000023841858,-0.05000000074505806,0.10973345824050044,-0.0325989622500639,0.01879852053355157,0.7308668506425462,1.260498893612711,-0.0005076755191752956,1.2610065691318864,0.0
181,3.62,idle,locomotion,0,1.350000023841858,-0.05000000074505806,0.10973345824050044,-0.03261742607363801,0.01881253105588225,0.7308681149728791,1.2604997645814222,-0.0005076732403417883,1.261007437821764,0.0
182,3.64,idle,locomotion,0,1.350000023841858,-0.05000000074505806,0.10973345824050044,-0.03263576980545673,0.018826522084830533,0.7308694163905318,1.2605006900560827,-0.000507671395886769,1.2610083614519694,0.0
183,3.66,idle,locomotion,0,1.350000023841858,-0.05000000074505806,0.10973345824050044,-0.032654023450614966,0.018840471208825912,0.7308707674067255,1.2605016763515118,-0.0005076697993896644,1.2610093461509015,0.0
184,3.68,idle,locomotion,0,1.350000023841858,-0.05000000074505806,0.10973345824050044,-0.032672186933930335,0.018854404970576357,0.7308721505115758,1.2605027095907069,-0.0005076690940902968,1.2610103786847973,0.0
185,3.7,idle,locomotion,0,1.350000023841858,-0.05000000074505806,0.10973345824050044,-0.032690272576797276,0.018868316032752696,0.730873574339818,1.260503790039102,-0.0005076689044427769,1.2610114589435448,0.0
186,3.72,idle,locomotion,0,1.350000023841858,-0.05000000074505806,0.10973345824050044,-0.03270829058384643,0.018882202522619487,0.7308750380296102,1.2605049131030122,-0.0005076687009100515,1.2610125818039222,0.0
187,3.74,idle,locomotion,0,1.350000023841858,-0.05000000074505806,0.10973345824050044,-0.03272622984082395,0.018896091878028244,0.7308765384296575,1.2605060829078767,-0.0005076685590785501,1.2610137514669553,0.0
188,3.76,idle,locomotion,0,1.350000023841858,-0.05000000074505806,0.10973345824050044,-0.032744080861807856,0.018909979639605164,0.7308780728349755,1.2605072940895972,-0.0005076681774759256,1.261014962267073,0.0
189,3.78,idle,locomotion,0,1.350000023841858,-0.05000000074505806,0.10973345824050044,-0.03276184601732293,0.01892387154884745,0.7308796427893798,1.2605085511992553,-0.0005076678426168268,1.261016219041872,0.0
190,3.8,idle,locomotion,0,1.350000023841858,-0.05000000074505806,0.10973345824050044,-0.032779529829755474,0.018937777887957856,0.7308812379013493,1.2605098398736223,-0.0005076678458058488,1.261017507719428,0.0
191,3.82,idle,locomotion,0,1.350000023841858,-0.05000000074505806,0.10973345824050044,-0.03279715351694691,0.018951675735998364,0.7308828704474514,1.260511164980147,-0.0005076677485507594,1.2610188327286977,0.0
192,3.84,idle,locomotion,0,1.350000023841858,-0.05000000074505806,0.10973345824050044,-0.03281472065270913,0.018965585165301828,0.7308845328267249,1.2605125194069589,-0.0005076680037142955,1.2610201874106732,0.0
193,3.86,idle,locomotion,0,1.350000023841858,-0.05000000074505806,0.10973345824050044,-0.03283222899070825,0.018979501956091282,0.7308862221832579,1.260513898880549,-0.0005076687934017048,1.261021567673951,0.0
194,3.88,idle,locomotion,0,1.350000023841858,-0.05000000074505806,0.10973345824050044,-0.032849680782061526,0.018993414691613,0.7308879471843391,1.2605153112084637,-0.0005076696096316356,1.2610229808180953,0.0
195,3.9,idle,locomotion,0,1.350000023841858,-0.05000000074505806,0.10973345824050044,-0.032867061437424384,0.019007343574984407,0.7308897034274222,1.2605167595718256,-0.0005076708136180635,1.2610244303854437,0.0
196,3.92,idle,locomotion,0,1.350000023841858,-0.05000000074505806,0.10973345824050044,-0.03288437425148979,0.019021286288728238,0.7308915064876457,1.2605182541822282,-0.0005076721392860244,1.2610259263215142,0.0
197,3.94,idle,locomotion,0,1.350000023841858,-0.05000000074505806,0.10973345824050044,-0.03290161804543904,0.019035252645865978,0.7308933635692194,1.2605198025015056,-0.0005076741276832802,1.261027476629189,0.0
198,3.96,idle,locomotion,0,1.350000023841858,-0.05000000074505806,0.10973345824050044,-0.032918788656411735,0.019049253370461944,0.7308952851804607,1.2605214171678139,-0.0005076762056307436,1.2610290933734445,0.0
199,3.98,idle,locomotion,0,1.350000023841858,-0.05000000074505806,0.10973345824050044,-0.032935882853863487,0.019063295938483094,0.7308972645171616,1.2605230900075226,-0.0005076780028153358,1.2610307680103379,0.0
200,4.0,idle,locomotion,0,1.350000023841858,-0.05000000074505806,0.10973345824050044,-0.03295290811991271,0.01907736990265101,0.7308993039509267,1.2605248230583272,-0.0005076794444133677,1.2610325025027407,0.0
201,4.02,idle,locomotion,0,1.350000023841858,-0.05000000074505806,0.10973345824050044,-0.03296987042966899,0.019091477828830493,0.7309013859124343,1.2605265943691129,-0.0005076806360209268,1.2610342750051338,0.0
202,4.04,idle,locomotion,0,1.350000023841858,-0.05000000074505806,0.10973345824050044,-0.032986771005429245,0.01910562378229681,0.7309035203470785,1.2605284186689272,-0.0005076820515718533,1.261036100720499,0.0
203,4.06,idle,locomotion,0,1.350000023841858,-0.05000000074505806,0.10973345824050044,-0.033003604745199984,0.019119806158771995,0.7309057056039759,1.2605302899616149,-0.0005076827743169289,1.2610379727359318,0.0
204,4.08,idle,locomotion,0,1.350000023841858,-0.05000000074505806,0.10973345824050044,-0.03302037321255972,0.019134021686593717,0.7309079289639481,1.2605321975037056,-0.0005076832239139933,1.2610398807276195,0.0
205,4.1,idle,locomotion,0,1.350000023841858,-0.05000000074505806,0.10973345824050044,-0.0330370739147685,0.019148274729825412,0.730910190171542,1.260534142940528,-0.0005076836542405108,1.2610418265947685,0.0
206,4.12,idle,locomotion,0,1.350000023841858,-0.05000000074505806,0.10973345824050044,-0.033053708089299756,0.019162552570930077,0.7309124913889438,1.2605361248476243,-0.0005076835778189334,1.2610438084254432,0.0
207,4.14,idle,locomotion,0,1.350000023841858,-0.05000000074505806,0.10973345824050044,-0.0330702687783526,0.01917686784796579,0.7309148325301241,1.2605381506238247,-0.0005076836047318047,1.2610458342285564,0.0
208,4.16,idle,locomotion,0,1.350000023841858,-0.05000000074505806,0.10973345824050044,-0.03308675766417726,0.019191210260394574,0.7309172109532289,1.260540212488395,-0.0005076829139681605,1.2610478954023632,0.0
209,4.18,idle,locomotion,0,1.350000023841858,-0.05000000074505806,0.10973345824050044,-0.03310318527440545,0.01920557533449635,0.7309196128912041,1.2605422964990114,-0.0005076823017341817,1.2610499788007457,0.0
210,4.2,idle,locomotion,0,1.350000023841858,-0.05000000074505806,0.10973345824050044,-0.033119562139897744,0.019219952631607206,0.7309220445302811,1.2605444089984055,-0.0005076817425169917,1.2610520907409224,0.0
211,4.22,idle,locomotion,0,1.350000023841858,-0.05000000074505806,0.10973345824050044,-0.033135895214150266,0.019234334706466006,0.7309245041574483,1.2605465398651488,-0.0005076809161152739,1.261054220781264,0.0
212,4.24,idle,locomotion,0,1.350000023841858,-0.05000000074505806,0.10973345824050044,-0.033152172666883736,0.019248729634885896,0.7309269944701621,1.260548703793872,-0.0005076802839213516,1.2610563840777935,0.0
213,4.26,idle,locomotion,0,1.350000023841858,-0.05000000074505806,0.10973345824050044,-0.03316837739910414,0.019263146793441467,0.7309295116563919,1.2605508999073163,-0.000507679030878519,1.2610585789381947,0.0
214,4.28,idle,locomotion,0,1.350000023841858,-0.05000000074505806,0.10973345824050044,-0.033184519890855114,0.01927756334251243,0.7309320696483812,1.2605531379110249,-0.0005076774487158854,1.2610608153597407,0.0
215,4.3,idle,locomotion,0,1.350000023841858,-0.05000000074505806,0.10973345824050044,-0.033200608670247884,0.01929199253408376,0.7309346416799604,1.2605553901173443,-0.0005076759759741964,1.2610630660933184,0.0
216,4.32,idle,locomotion,0,1.350000023841858,-0.05000000074505806,0.10973345824050044,-0.033216653658495805,0.01930641911384116,0.7309372404315038,1.2605576664435674,-0.0005076747262979728,1.2610653411698654,0.0
217,4.34,idle,locomotion,0,1.350000023841858,-0.05000000074505806,0.10973345824050044,-0.03323264877823026,0.019320850183403175,0.7309398757404686,1.260559978355899,-0.0005076737372066951,1.2610676520931057,0.0
218,4.36,idle,locomotion,0,1.350000023841858,-0.05000000074505806,0.10973345824050044,-0.03324858315768787,0.019335283306383275,0.730942567029281,1.2605623509366453,-0.000507672701934414,1.2610700236385797,0.0
219,4.38,idle,locomotion,0,1.350000023841858,-0.05000000074505806,0.10973345824050044,-0.03326444975557535,0.019349727493927167,0.7309452969905464,1.2605647657838375,-0.0005076709091100112,1.2610724366929476,0.0
220,4.4,idle,locomotion,0,1.350000023841858,-0.05000000074505806,0.10973345824050044,-0.033280254354704525,0.019364169521560944,0.7309480734307711,1.2605672303470028,-0.0005076689293008127,1.2610748992763037,0.0
221,4.42,idle,locomotion,0,1.350000023841858,-0.05000000074505806,0.10973345824050044,-0.03329599774010622,0.019378616478866954,0.7309508749894343,1.2605697216072953,-0.0005076668378256287,1.261077388445121,0.0
222,4.44,idle,locomotion,0,1.350000023841858,-0.05000000074505806,0.10973345824050044,-0.03331168441762873,0.019393057895812228,0.7309537168707692,1.2605722563473865,-0.0005076649096196033,1.261079921257006,0.0
223,4.46,idle,locomotion,0,1.350000023841858,-0.05000000074505806,0.10973345824050044,-0.03332732351181971,0.01940748656884664,0.7309565809919888,1.260574810182138,-0.0005076624102571467,1.261082472592395,0.0
224,4.48,idle,locomotion,0,1.350000023841858,-0.05000000074505806,0.10973345824050044,-0.03334291896059564,0.019421892897080302,0.7309594833924545,1.260577399892299,-0.0005076604436840791,1.261085060335983,0.0
225,4.5,idle,locomotion,0,1.350000023841858,-0.05000000074505806,0.10973345824050044,-0.03335845768641465,0.01943628682469364,0.7309624303137715,1.2605800390727206,-0.000507658451851651,1.2610876975245724,0.0
226,4.52,idle,locomotion,0,1.350000023841858,-0.05000000074505806,0.10973345824050044,-0.033373945944436594,0.019450659520904762,0.7309653996497658,1.2605826972264376,-0.0005076553598328606,1.2610903525862704,0.0
227,4.54,idle,locomotion,0,1.350000023841858,-0.05000000074505806,0.10973345824050044,-0.03338938243281631,0.019465009911270578,0.7309683976510493,1.2605853883591172,-0.0005076527625661048,1.2610930411216832,0.0
228,4.56,idle,locomotion,0,1.350000023841858,-0.05000000074505806,0.10973345824050044,-0.033404773036611976,0.01947933012407882,0.7309714299932834,1.260588114782988,-0.0005076498993210159,1.261095764682309,0.0
229,4.58,idle,locomotion,0,1.350000023841858,-0.05000000074505806,0.10973345824050044,-0.03342012848112666,0.019493616934279857,0.7309744749553394,1.2605908476883465,-0.0005076466147477636,1.2610984943030943,0.0
230,4.6,idle,locomotion,0,1.350000023841858,-0.05000000074505806,0.10973345824050044,-0.033435445487386646,0.019507872564086304,0.7309775500028091,1.260593614496387,-0.000507644180815274,1.2611012586772021,0.0
231,4.62,idle,locomotion,0,1.350000023841858,-0.05000000074505806,0.10973345824050044,-0.03345072968449876,0.019522091808710996,0.7309806458346935,1.2605963961767852,-0.0005076409909514322,1.2611040371677367,0.0
232,4.64,idle,locomotion,0,1.350000023841858,-0.05000000074505806,0.10973345824050044,-0.03346597764779902,0.019536278081244494,0.7309837647731645,1.26059920270243,-0.0005076381344011824,1.2611068408368311,0.0
233,4.66,idle,locomotion,0,1.350000023841858,-0.05000000074505806,0.10973345824050044,-0.03348119128602242,0.019550422670433342,0.7309869147505687,1.2606020357804688,-0.000507635003512287,1.261109670783981,0.0
234,4.68,idle,locomotion,0,1.350000023841858,-0.05000000074505806,0.10973345824050044,-0.033496360341858544,0.01956453491128965,0.7309900956608804,1.2606049059621758,-0.0005076319855383746,1.2611125379477142,0.0
235,4.7,idle,locomotion,0,1.350000023841858,-0.05000000074505806,0.10973345824050044,-0.033511483100632684,0.019578616354217673,0.7309932981007055,1.2606078013481594,-0.0005076284603334029,1.2611154298084928,0.0
236,4.72,idle,locomotion,0,1.350000023841858,-0.05000000074505806,0.10973345824050044,-0.033526566416679504,0.019592657582951034,0.7309965207073047,1.2606107206139316,-0.0005076247955421789,1.2611183454094739,0.0
237,4.74,idle,locomotion,0,1.350000023841858,-0.05000000074505806,0.10973345824050044,-0.033541623002208906,0.019606654992190973,0.7309997542283647,1.2606136488241892,-0.0005076210169731761,1.2611212698411625,0.0
238,4.76,idle,locomotion,0,1.350000023841858,-0.05000000074505806,0.10973345824050044,-0.03355665628935001,0.019620609469495166,0.7310030130944977,1.2606166018063998,-0.000507617862271624,1.2611242196686714,0.0
239,4.78,idle,locomotion,0,1.350000023841858,-0.05000000074505806,0.10973345824050044,-0.03357165764320905,0.019634527276129937,0.7310063109328866,1.260619593719684,-0.000507614706458364,1.2611272084261425,0.0
240,4.8,idle,locomotion,0,1.350000023841858,-0.05000000074505806,0.10973345824050044,-0.03358661013462834,0.019648422324668475,0.731009630075058,1.260622612864915,-0.000507611212389826,1.2611302240773048,0.0
241,4.82,idle,locomotion,0,1.350000023841858,-0.05000000074505806,0.10973345824050044,-0.03360152019810903,0.019662281616573598,0.7310129754825381,1.2606256631744053,-0.0005076077608309991,1.2611332709352363,0.0
242,4.84,idle,locomotion,0,1.350000023841858,-0.05000000074505806,0.10973345824050044,-0.033616394618557505,0.019676108609549915,0.7310163290539676,1.260628722535383,-0.0005076042562549912,1.261136326791638,0.0
243,4.86,idle,locomotion,0,1.350000023841858,-0.05000000074505806,0.10973345824050044,-0.033631240682786556,0.019689896385837343,0.7310197074768435,1.2606318090488453,-0.0005076020655942863,1.2611394111144396,0.0
244,4.88,idle,locomotion,0,1.350000023841858,-0.05000000074505806,0.10973345824050044,-0.0336460547832059,0.019703655506438888,0.7310231079106089,1.2606349186642674,-0.0005076015898426746,1.26114252025411,0.0
245,4.9,idle,locomotion,0,1.350000023841858,-0.05000000074505806,0.10973345824050044,-0.03366083485827958,0.01971738401592454,0.7310265325455296,1.2606380547876637,-0.0005076021150850242,1.2611456569027486,0.0
246,4.92,idle,locomotion,0,1.350000023841858,-0.05000000074505806,0.10973345824050044,-0.033675574465190816,0.019731091433267393,0.7310299733742326,1.2606412122380906,-0.0005076029974795636,1.26114881523557,0.0
247,4.94,idle,locomotion,0,1.350000023841858,-0.05000000074505806,0.10973345824050044,-0.033690285840455796,0.019744768425476435,0.7310334381883855,1.2606443933791813,-0.0005076038068304693,1.261151997186012,0.0
248,4.96,idle,locomotion,0,1.350000023841858,-0.05000000074505806,0.10973345824050044,-0.03370495881446384,0.019758433128974483,0.7310369152244182,1.2606475910684924,-0.0005076048048389716,1.2611551958733314,0.0
249,4.98,idle,locomotion,0,1.350000023841858,-0.05000000074505806,0.10973345824050044,-0.033719604420336446,0.019772072984303224,0.7310404062439164,1.2606508012853537,-0.0005076053631278589,1.2611584066484816,0.0
250,5.0,idle,locomotion,0,1.350000023841858,-0.05000000074505806,0.10973345824050044,-0.033734230110366435,0.019785683186541128,0.7310439070748643,1.2606540199103096,-0.0005076059225485666,1.2611616258328582,0.0
251,5.02,idle,locomotion,0,1.350000023841858,-0.05000000074505806,0.10973345824050044,-0.03374883960021579,0.019799261648789035,0.7310474266663078,1.260657254917818,-0.0005076067284198842,1.261164861646238,0.0
252,5.04,idle,locomotion,0,1.350000023841858,-0.05000000074505806,0.10973345824050044,-0.033763424684894815,0.019812820779456827,0.7310509702057961,1.260660516612405,-0.0005076075811719545,1.2611681241935768,0.0
253,5.06,idle,locomotion,0,1.350000023841858,-0.05000000074505806,0.10973345824050044,-0.03377799211394992,0.019826352323730694,0.7310545236071029,1.260663782609575,-0.0005076076813118266,1.2611713902908868,0.0
254,5.08,idle,locomotion,0,1.350000023841858,-0.05000000074505806,0.10973345824050044,-0.033792531748700415,0.019839867389592213,0.7310581041312613,1.260667081293252,-0.0005076084735499836,1.261174689766802,0.0
255,5.1,idle,locomotion,0,1.350000023841858,-0.05000000074505806,0.10973345824050044,-0.03380703771978116,0.019853372566379403,0.7310617082752081,1.2606704053824458,-0.0005076087139976454,1.2611780140964435,0.0
256,5.12,idle,locomotion,0,1.350000023841858,-0.05000000074505806,0.10973345824050044,-0.03382150926898228,0.01986687016867658,0.7310653297656581,1.260673752219841,-0.0005076087785926553,1.2611813609984337,0.0
257,5.14,idle,locomotion,0,1.350000023841858,-0.05000000074505806,0.10973345824050044,-0.03383595223282518,0.019880361032638395,0.731068963201656,1.2606771139127044,-0.0005076086505991124,1.2611847225633035,0.0
258,5.16,idle,locomotion,0,1.350000023841858,-0.05000000074505806,0.10973345824050044,-0.03385037731379335,0.019893839592067572,0.7310726007559805,1.2606804786734696,-0.0005076084052664347,1.261188087078736,0.0
259,5.18,idle,locomotion,0,1.350000023841858,-0.05000000074505806,0.10973345824050044,-0.033864784731726695,0.019907306641209068,0.7310762545036994,1.2606838620208314,-0.0005076085278852595,1.2611914705487166,0.0
260,5.2,idle,locomotion,0,1.350000023841858,-0.05000000074505806,0.10973345824050044,-0.0338791819650731,0.019920759113822812,0.7310799226914606,1.2606872549715644,-0.0005076083428313359,1.2611948633143957,0.0
261,5.22,idle,locomotion,0,1.350000023841858,-0.05000000074505806,0.10973345824050044,-0.033893557152298234,0.019934206703035473,0.7310836130468138,1.260690672758055,-0.0005076085187704013,1.2611982812768252,0.0
262,5.24,idle,locomotion,0,1.350000023841858,-0.05000000074505806,0.10973345824050044,-0.03390790189536807,0.019947657696932772,0.7310873223120355,1.2606941138858516,-0.0005076082330391501,1.2612017221188907,0.0
263,5.26,idle,locomotion,0,1.350000023841858,-0.05000000074505806,0.10973345824050044,-0.033922230354270035,0.019961098039402124,0.7310910384341919,1.2606975610063085,-0.0005076073500953834,1.2612051683564038,0.0
264,5.28,idle,locomotion,0,1.350000023841858,-0.05000000074505806,0.10973345824050044,-0.03393655442119115,0.019974522948976847,0.7310947593016309,1.260701009750373,-0.0005076067382568071,1.2612086164886298,0.0
265,5.3,idle,locomotion,0,1.350000023841858,-0.05000000074505806,0.10973345824050044,-0.0339508814621831,0.019987929352131444,0.7310984943497628,1.2607044697509706,-0.000507606304662761,1.2612120760556333,0.0
266,5.32,idle,locomotion,0,1.350000023841858,-0.05000000074505806,0.10973345824050044,-0.03396521964469126,0.020001310640065956,0.7311022415716869,1.2607079329789166,-0.0005076057340277634,1.2612155387129445,0.0
267,5.34,idle,locomotion,0,1.350000023841858,-0.05000000074505806,0.10973345824050044,-0.033979550015353244,0.020014679862819625,0.7311060160943821,1.260711425350635,-0.0005076058391734403,1.2612190311898086,0.0
268,5.36,idle,locomotion,0,1.350000023841858,-0.05000000074505806,0.10973345824050044,-0.03399386297759845,0.020028043547508007,0.7311098147415531,1.2607149451617132,-0.0005076056721511416,1.2612225508338644,0.0
269,5.38,idle,locomotion,0,1.350000023841858,-0.05000000074505806,0.10973345824050044,-0.03400816260718948,0.020041395951736145,0.731113618175684,1.2607184714987099,-0.0005076052055064013,1.2612260767042163,0.0
270,5.4,idle,locomotion,0,1.350000023841858,-0.05000000074505806,0.10973345824050044,-0.03402246292254254,0.020054728239129942,0.7311174364199052,1.2607220119969351,-0.0005076052965098145,1.261229617293445,0.0
271,5.42,idle,locomotion,0,1.350000023841858,-0.05000000074505806,0.10973345824050044,-0.0340367610054826,0.020068049837382355,0.7311212782810345,1.2607255770625931,-0.000507605942648405,1.2612331830052415,0.0
272,5.44,idle,locomotion,0,1.350000023841858,-0.05000000074505806,0.10973345824050044,-0.03405104908003597,0.02008136821603231,0.7311251312979977,1.2607291560955134,-0.0005076063193595812,1.261236762414873,0.0
273,5.46,idle,locomotion,0,1.350000023841858,-0.05000000074505806,0.10973345824050044,-0.03406534010369595,0.020094668453605982,0.7311289943014597,1.260732742734941,-0.0005076064437725819,1.2612403491787136,0.0
274,5.48,idle,locomotion,0,1.350000023841858,-0.05000000074505806,0.10973345824050044,-0.03407963302521294,0.020107952255300203,0.7311328688956986,1.260736341443526,-0.0005076068706007519,1.2612439483141267,0.0
275,5.5,idle,locomotion,0,1.350000023841858,-0.05000000074505806,0.10973345824050044,-0.03409393518627609,0.02012121255766315,0.7311367595770268,1.260739953198438,-0.0005076071674553657,1.2612475603658935,0.0
276,5.52,idle,locomotion,0,1.350000023841858,-0.05000000074505806,0.10973345824050044,-0.03410823809417975,0.02013445967673212,0.7311406653080291,1.260743582129813,-0.0005076076385043746,1.2612511897683174,0.0
277,5.54,idle,locomotion,0,1.350000023841858,-0.05000000074505806,0.10973345824050044,-0.03412254840947171,0.02014768714841446,0.7311445856235352,1.260747222240265,-0.0005076077775695645,1.2612548300178346,0.0
278,5.56,idle,locomotion,0,1.350000023841858,-0.05000000074505806,0.10973345824050044,-0.03413685261477741,0.020160901466050436,0.7311485284526952,1.2607508893649075,-0.0005076081954277709,1.2612584975603354,0.0
279,5.58,idle,locomotion,0,1.350000023841858,-0.05000000074505806,0.10973345824050044,-0.034151144327904615,0.020174105325090584,0.7311525015791726,1.2607545889013219,-0.0005076083680122453,1.261262197269334,0.0
280,5.6,idle,locomotion,0,1.350000023841858,-0.05000000074505806,0.10973345824050044,-0.034165413918501926,0.02018730758399418,0.7311565000391267,1.260758320757712,-0.0005076083096472103,1.2612659290673591,0.0
281,5.62,idle,locomotion,0,1.350000023841858,-0.05000000074505806,0.10973345824050044,-0.03417965848873193,0.02020051179169754,0.7311605213777957,1.2607620829915291,-0.000507608045635724,1.2612696910371648,0.0
282,5.64,idle,locomotion,0,1.350000023841858,-0.05000000074505806,0.10973345824050044,-0.034193887413950554,0.020213716458380954,0.7311645416045501,1.260765846373309,-0.0005076072509123432,1.2612734536242212,0.0
283,5.66,idle,locomotion,0,1.350000023841858,-0.05000000074505806,0.10973345824050044,-0.034208107868572334,0.02022691696644057,0.7311685644258984,1.2607696152549297,-0.0005076068654542923,1.261277222120384,0.0
284,5.68,idle,locomotion,0,1.350000023841858,-0.05000000074505806,0.10973345824050044,-0.03422232404335216,0.02024010958293766,0.7311725996977181,1.2607733973045558,-0.0005076064161166141,1.2612810037206725,0.0
285,5.7,idle,locomotion,0,1.350000023841858,-0.05000000074505806,0.10973345824050044,-0.034236539914625407,0.020253292453801756,0.7311766372720553,1.2607771804965215,-0.0005076057448724393,1.261284786241394,0.0
286,5.72,idle,locomotion,0,1.350000023841858,-0.05000000074505806,0.10973345824050044,-0.03425076624010812,0.02026645432359784,0.731180696004176,1.260780980843011,-0.0005076052897590201,1.26128858613277,0.0
287,5.74,idle,locomotion,0,1.350000023841858,-0.05000000074505806,0.10973345824050044,-0.03426499356000787,0.020279603385477653,0.7311847740719389,1.2607848006018174,-0.0005076048069986711,1.2612924054088162,0.0
288,5.76,idle,locomotion,0,1.350000023841858,-0.05000000074505806,0.10973345824050044,-0.03427922753931178,0.020292735176745413,0.7311888545736853,1.2607886193314863,-0.0005076038450114936,1.261296223176498,0.0
289,5.78,idle,locomotion,0,1.350000023841858,-0.05000000074505806,0.10973345824050044,-0.03429347828071231,0.02030583733660054,0.7311929462828154,1.2607924448349304,-0.0005076032822926187,1.261300048117223,0.0
290,5.8,idle,locomotion,0,1.350000023841858,-0.05000000074505806,0.10973345824050044,-0.03430774690508439,0.020318910662242617,0.7311970529488597,1.2607962825438608,-0.0005076030068541931,1.261303885550715,0.0
291,5.82,idle,locomotion,0,1.350000023841858,-0.05000000074505806,0.10973345824050044,-0.03432203590021528,0.02033195536868911,0.7312011656120707,1.2608001210590878,-0.0005076025925698363,1.2613077236516577,0.0
292,5.84,idle,locomotion,0,1.350000023841858,-0.05000000074505806,0.10973345824050044,-0.03433634231229461,0.020344970122261496,0.7312052959268136,1.2608039758293483,-0.0005076024366534905,1.2613115782660018,0.0
293,5.86,idle,locomotion,0,1.350000023841858,-0.05000000074505806,0.10973345824050044,-0.03435065736610859,0.020357963272175376,0.7312094420710521,1.2608078458592706,-0.0005076022387832217,1.261315448098054,0.0
294,5.88,idle,locomotion,0,1.350000023841858,-0.05000000074505806,0.10973345824050044,-0.0343649718650589,0.020370937339332706,0.7312136124411139,1.2608117448760996,-0.0005076019788188418,1.2613193468549184,0.0
295,5.9,idle,locomotion,0,1.350000023841858,-0.05000000074505806,0.10973345824050044,-0.03437929489534276,0.020383886603770555,0.7312177993368467,1.2608156592521167,-0.0005076010891709275,1.2613232603412876,0.0
296,5.92,idle,locomotion,0,1.350000023841858,-0.05000000074505806,0.10973345824050044,-0.03439362647907051,0.020396813653149104,0.7312219965435132,1.2608195840184115,-0.0005076005056016582,1.2613271845240133,0.0
297,5.94,idle,locomotion,0,1.350000023841858,-0.05000000074505806,0.10973345824050044,-0.034407956528426695,0.020409729388349934,0.7312262204916214,1.2608235416979527,-0.000507600378376414,1.2613311420763291,0.0
298,5.96,idle,locomotion,0,1.350000023841858,-0.05000000074505806,0.10973345824050044,-0.034422287816254095,0.02042262561535863,0.7312304542482343,1.2608275104297104,-0.0005075993050079504,1.2613351097347183,0.0
299,5.98,idle,locomotion,0,1.350000023841858,-0.05000000074505806,0.10973345824050044,-0.034436625945202734,0.020435498204367217,0.7312346999151862,1.2608314918653327,-0.0005075985393444872,1.2613390904046773,0.0
300,6.0,idle,locomotion,0,1.350000023841858,-0.05000000074505806,0.10973345824050044,-0.03445096316184332,0.020448357284634074,0.7312389683147618,1.2608354994134865,-0.0005075980327810571,1.2613430974462676,0.0
301,6.02,idle,locomotion,0,1.350000023841858,-0.05000000074505806,0.10973345824050044,-0.03446528917385561,0.020461211684778165,0.7312432486866179,1.260839525719872,-0.0005075970860554946,1.2613471228059274,0.0
302,6.04,idle,locomotion,0,1.350000023841858,-0.05000000074505806,0.10973345824050044,-0.03447960870323797,0.020474057693432926,0.7312475387539992,1.2608435651846475,-0.0005075958168115451,1.261351161001459,0.0
303,6.06,idle,locomotion,0,1.350000023841858,-0.05000000074505806,0.10973345824050044,-0.03449392056805134,0.020486900436731608,0.7312518245244892,1.2608476052775144,-0.0005075946429677035,1.2613551999204822,0.0
304,6.08,idle,locomotion,0,1.350000023841858,-0.05000000074505806,0.10973345824050044,-0.03450823436027049,0.02049973070949467,0.7312561187646627,1.2608516556563645,-0.0005075935376498732,1.2613592491940144,0.0
305,6.1,idle,locomotion,0,1.350000023841858,-0.05000000074505806,0.10973345824050044,-0.03452255671730752,0.020512544592314202,0.7312604184767482,1.2608557093849047,-0.0005076449125396912,1.2613633542974443,0.0
306,6.12,idle,locomotion,0,1.350000023841858,-0.05000000074505806,0.10973345824050044,-0.03453690500350351,0.020525324962999646,0.7312647287843834,1.260859765415062,-0.0005077095026644815,1.2613674749177264,0.0
307,6.14,idle,locomotion,0,1.350000023841858,-0.05000000074505806,0.10973345824050044,-0.03455127752082732,0.02053807182140916,0.7312690617876637,1.26086383780396,-0.0005077750108179735,1.261371612814778,0.0
308,6.16,idle,locomotion,0,1.350000023841858,-0.05000000074505806,0.10973345824050044,-0.03456566624480309,0.020550789960468094,0.7312734210125847,1.2608679330098218,-0.0005078408061649393,1.2613757738159868,0.0
309,6.18,idle,locomotion,0,1.350000023841858,-0.05000000074505806,0.10973345824050044,-0.03458007005964941,0.02056347650943622,0.7312777960495367,1.2608720402983677,-0.0005079063594687037,1.2613799466578364,0.0
310,6.2,idle,locomotion,0,1.350000023841858,-0.05000000074505806,0.10973345824050044,-0.03459448139871365,0.02057613584907747,0.7312821813833389,1.2608761583268109,-0.0005079722234890595,1.2613841305503,0.0
311,6.22,idle,locomotion,0,1.350000023841858,-0.05000000074505806,0.10973345824050044,-0.03460889350074471,0.020588776454006773,0.7312865801488343,1.260880294591178,-0.0005080386806019625,1.26138833327178,0.0
312,6.24,idle,locomotion,0,1.350000023841858,-0.05000000074505806,0.10973345824050044,-0.03462330617369696,0.020601399527788906,0.7312909951933438,1.260884449523971,-0.0005081048274057885,1.2613925543513769,0.0
313,6.26,idle,locomotion,0,1.350000023841858,-0.05000000074505806,0.10973345824050044,-0.03463771961790478,0.02061400759849022,0.7312954135131324,1.2608886110245918,-0.0005081705172530065,1.2613967815418448,0.0
314,6.28,idle,locomotion,0,1.350000023841858,-0.05000000074505806,0.10973345824050044,-0.034652151121667925,0.020626584793304977,0.7312998397953122,1.2608927784754216,-0.0005082361839924346,1.2614010146594141,0.0
315,6.3,idle,locomotion,0,1.350000023841858,-0.05000000074505806,0.10973345824050044,-0.03466660001263544,0.020639141455276556,0.7313042764999568,1.2608969561504586,-0.0005083028621968091,1.2614052590126554,0.0
316,6.32,idle,locomotion,0,1.350000023841858,-0.05000000074505806,0.10973345824050044,-0.03468106375490413,0.020651676078761404,0.7313087278702786,1.2609011460564328,-0.0005083693856006537,1.2614095154420335,0.0
317,6.34,idle,locomotion,0,1.350000023841858,-0.05000000074505806,0.10973345824050044,-0.03469553395912076,0.02066419127647982,0.7313131991036762,1.26090535740928,-0.0005084363779295775,1.2614137937872094,0.0
318,6.36,idle,locomotion,0,1.350000023841858,-0.05000000074505806,0.10973345824050044,-0.03471000360844233,0.02067669095351414,0.7313176911278797,1.260909591954488,-0.000508503209126529,1.2614180951636145,0.0
319,6.38,idle,locomotion,0,1.350000023841858,-0.05000000074505806,0.10973345824050044,-0.03472447310134875,0.020689174458858615,0.7313222032522112,1.2609138497960526,-0.0005085700334577087,1.2614224198295103,0.0
320,6.4,idle,locomotion,0,1.350000023841858,-0.05000000074505806,0.10973345824050044,-0.03473894249321827,0.020701646188999362,0.7313267262381273,1.260918119940706,-0.0005086366151375171,1.2614267565558435,0.0
321,6.42,idle,locomotion,0,1.350000023841858,-0.05000000074505806,0.10973345824050044,-0.034753419649268674,0.02071410046074375,0.7313312598508442,1.2609224006581237,-0.0005087032321842086,1.2614311038903079,0.0
322,6.44,idle,locomotion,0,1.350000023841858,-0.05000000074505806,0.10973345824050044,-0.03476791112029839,0.0207265332957381,0.7313358006899157,1.2609266862957056,-0.000508769846022418,1.261435456141728,0.0
323,6.46,idle,locomotion,0,1.350000023841858,-0.05000000074505806,0.10973345824050044,-0.03478241509245173,0.020738947317629673,0.7313403504046303,1.2609309800228263,-0.0005088369115711366,1.2614398169343974,0.0
324,6.48,idle,locomotion,0,1.350000023841858,-0.05000000074505806,0.10973345824050044,-0.034796928816354045,0.02075134215232655,0.7313449069105983,1.2609352800449056,-0.0005089039742544633,1.2614441840191601,0.0
325,6.5,idle,locomotion,0,1.350000023841858,-0.05000000074505806,0.10973345824050044,-0.03481145375883727,0.02076371458299913,0.7313494699041896,1.26093958598657,-0.0005089711310972203,1.2614485571176672,0.0
326,6.52,idle,locomotion,0,1.350000023841858,-0.05000000074505806,0.10973345824050044,-0.03482598887553171,0.020776068662775603,0.7313540391727189,1.2609438986415984,-0.0005090384023069133,1.2614529370439054,0.0
327,6.54,idle,locomotion,0,1.350000023841858,-0.05000000074505806,0.10973345824050044,-0.034840536845458236,0.02078840185776683,0.7313586161343291,1.2609482177469316,-0.0005091055843328175,1.2614573233312645,0.0
328,6.56,idle,locomotion,0,1.350000023841858,-0.05000000074505806,0.10973345824050044,-0.03485509918607539,0.020800709920487246,0.7313632112372604,1.2609525528642112,-0.0005091730114733205,1.2614617258756844,0.0
329,6.58,idle,locomotion,0,1.350000023841858,-0.05000000074505806,0.10973345824050044,-0.03486967063920936,0.02081299878708174,0.7313678267523019,1.2609569079695313,-0.0005092408309294236,1.2614661488004608,0.0
330,6.6,idle,locomotion,0,1.350000023841858,-0.05000000074505806,0.10973345824050044,-0.03488424644655522,0.020825271335780816,0.7313724692109072,1.260961292486268,-0.0005093088323481175,1.261470601318616,0.0
331,6.62,idle,locomotion,0,1.350000023841858,-0.05000000074505806,0.10973345824050044,-0.03489882406128036,0.020837529707108816,0.7313771258075809,1.2609656934898226,-0.000509376514656653,1.2614750700044792,0.0
332,6.64,idle,locomotion,0,1.350000023841858,-0.05000000074505806,0.10973345824050044,-0.03491340392113366,0.020849771512013556,0.7313817939189016,1.2609701075235085,-0.0005094443763909023,1.2614795518998994,0.0
333,6.66,idle,locomotion,0,1.350000023841858,-0.05000000074505806,0.10973345824050044,-0.03492798775174465,0.020862007438636213,0.7313864757445645,1.2609745385937505,-0.0005095120784088594,1.2614840506721594,0.0
334,6.68,idle,locomotion,0,1.350000023841858,-0.05000000074505806,0.10973345824050044,-0.03494257719365821,0.020874222806162225,0.7313911553350866,1.2609789677733672,-0.0005095799134486288,1.2614885476868158,0.0
335,6.7,idle,locomotion,0,1.350000023841858,-0.05000000074505806,0.10973345824050044,-0.03495718009978854,0.020886416022548232,0.7313958510847215,1.2609834117719554,-0.0005096477492302909,1.2614930595211857,0.0
336,6.72,idle,locomotion,0,1.350000023841858,-0.05000000074505806,0.10973345824050044,-0.03497179591143164,0.020898600069312386,0.731400567053459,1.260987874313884,-0.0005097161454554848,1.2614975904593395,0.0
337,6.74,idle,locomotion,0,1.350000023841858,-0.05000000074505806,0.10973345824050044,-0.03498642222237322,0.020910778141149916,0.731405305875809,1.2609923582726879,-0.0005097857782361097,1.261502144050924,0.0
338,6.76,idle,locomotion,0,1.350000023841858,-0.05000000074505806,0.10973345824050044,-0.03500105735866519,0.020922952084264146,0.731410061699508,1.2609968579982342,-0.0005098561656802676,1.2615067141639145,0.0
339,6.78,idle,locomotion,0,1.350000023841858,-0.05000000074505806,0.10973345824050044,-0.035015697499584775,0.020935121915091424,0.7314148329649118,1.2610013720726263,-0.000509926967797239,1.2615112990404236,0.0
340,6.8,idle,locomotion,0,1.350000023841858,-0.05000000074505806,0.10973345824050044,-0.03503033799632702,0.02094729020166399,0.7314196200662626,1.261005901991532,-0.000509997963952475,1.2615158999554845,0.0
341,6.82,idle,locomotion,0,1.350000023841858,-0.05000000074505806,0.10973345824050044,-0.03504497199714156,0.020959459166764526,0.7314244217640122,1.261010448628494,-0.0005100690575764837,1.2615205176860707,0.0
342,6.84,idle,locomotion,0,1.350000023841858,-0.05000000074505806,0.10973345824050044,-0.03505959865169606,0.020971628386765147,0.7314292329309486,1.2610150073268531,-0.0005101399780465012,1.2615251473048996,0.0
343,6.86,idle,locomotion,0,1.350000023841858,-0.05000000074505806,0.10973345824050044,-0.03507421783053079,0.02098379731028818,0.7314340586270363,1.2610195813024143,-0.0005102110504336919,1.261529792352848,0.0
344,6.88,idle,locomotion,0,1.350000023841858,-0.05000000074505806,0.10973345824050044,-0.03508882750754054,0.020995968172639923,0.7314388979673245,1.261024170473583,-0.0005102820582894747,1.2615344525318724,0.0
345,6.9,idle,locomotion,0,1.350000023841858,-0.05000000074505806,0.10973345824050044,-0.035103426914804385,0.021008140295616696,0.7314437527244808,1.2610287751238238,-0.0005103532493943574,1.2615391283732182,0.0
346,6.92,idle,locomotion,0,1.350000023841858,-0.05000000074505806,0.10973345824050044,-0.03511801286370964,0.02102031640722253,0.7314486236793036,1.261033396869442,-0.0005104243988178526,1.26154382126826,0.0
347,6.94,idle,locomotion,0,1.350000023841858,-0.05000000074505806,0.10973345824050044,-0.03513258235316891,0.02103249653307873,0.7314535088269754,1.2610380342422365,-0.0005104955416297338,1.2615485297838662,0.0
348,6.96,idle,locomotion,0,1.350000023841858,-0.05000000074505806,0.10973345824050044,-0.03514713304031736,0.021044681185351462,0.7314584140436318,1.2610426930049063,-0.0005105667688689759,1.2615532597737753,0.0
349,6.98,idle,locomotion,0,1.350000023841858,-0.05000000074505806,0.10973345824050044,-0.03516166281629173,0.021056870744508734,0.7314633412426755,1.2610473753023181,-0.0005106379006468847,1.2615580132029651,0.0
350,7.0,idle,locomotion,0,1.350000023841858,-0.05000000074505806,0.10973345824050044,-0.035176172048709084,0.02106906355786178,0.7314682904376958,1.261052079986563,-0.0005107089484852369,1.2615627889350483,0.0
351,7.02,idle,locomotion,0,1.350000023841858,-0.05000000074505806,0.10973345824050044,-0.035190660056398135,0.021081262635165972,0.7314732536408798,1.2610567994372655,-0.0005107800149395658,1.261567579452205,0.0
352,7.04,idle,locomotion,0,1.350000023841858,-0.05000000074505806,0.10973345824050044,-0.0352051249533414,0.021093467050050867,0.7314782288076923,1.2610615316845497,-0.0005108511509789478,1.2615723828355287,0.0
353,7.06,idle,locomotion,0,1.350000023841858,-0.05000000074505806,0.10973345824050044,-0.03521956614965559,0.021105674365846965,0.7314832217491638,1.261066282018774,-0.0005109223683841049,1.261577204387158,0.0
354,7.08,idle,locomotion,0,1.350000023841858,-0.05000000074505806,0.10973345824050044,-0.035233983836732756,0.021117884649845948,0.7314882302018958,1.261071047940299,-0.0005109935363141263,1.261582041476613,0.0
355,7.1,idle,locomotion,0,1.350000023841858,-0.05000000074505806,0.10973345824050044,-0.03524837740237328,0.02113009673867235,0.7314932508192099,1.2610758260821229,-0.0005110647386702069,1.261586890820793,0.0
356,7.12,idle,locomotion,0,1.350000023841858,-0.05000000074505806,0.10973345824050044,-0.03526274442177642,0.021142309421419102,0.7314982851281714,1.2610806186665604,-0.0005111359520803202,1.2615917546186408,0.0
357,7.14,idle,locomotion,0,1.350000023841858,-0.05000000074505806,0.10973345824050044,-0.03527708318635082,0.0211545207966789,0.7315033352777934,1.2610854285663669,-0.0005112071034261249,1.261596635669793,0.0
358,7.16,idle,locomotion,0,1.350000023841858,-0.05000000074505806,0.10973345824050044,-0.03529139566303745,0.021166729793382445,0.7315084027772442,1.2610902562258677,-0.0005112783890815278,1.2616015346149492,0.0
359,7.18,idle,locomotion,0,1.350000023841858,-0.05000000074505806,0.10973345824050044,-0.03530568110329615,0.021178937265287093,0.7315134884791631,1.2610951023537469,-0.0005113497689132607,1.2616064521226602,0.0
360,7.2,idle,locomotion,0,1.350000023841858,-0.05000000074505806,0.10973345824050044,-0.0353199377735687,0.02119114298846515,0.7315185887616164,1.2610999644918812,-0.0005114210931596933,1.2616113855850408,0.0
361,7.22,idle,locomotion,0,1.350000023841858,-0.05000000074505806,0.10973345824050044,-0.035334167517424735,0.02120334295313457,0.7315237063577384,1.2611048439932633,-0.0005114924696324047,1.2616163364628956,0.0
362,7.24,idle,locomotion,0,1.350000023841858,-0.05000000074505806,0.10973345824050044,-0.03534837113523371,0.02121553543517313,0.7315288459190141,1.2611097446538457,-0.0005115639609140563,1.2616213086147599,0.0
363,7.26,idle,locomotion,0,1.350000023841858,-0.05000000074505806,0.10973345824050044,-0.03536254589181298,0.021227719705259187,0.7315340131628748,1.2611146723021285,-0.0005116356329871834,1.2616263079351158,0.0
364,7.28,idle,locomotion,0,1.350000023841858,-0.05000000074505806,0.10973345824050044,-0.035376689757215106,0.021239895509665617,0.7315392023810252,1.2611196227610277,-0.0005117072123622356,1.26163132997339,0.0
365,7.3,idle,locomotion,0,1.350000023841858,-0.05000000074505806,0.10973345824050044,-0.035390803743039004,0.021252059570797368,0.7315444054462513,1.2611245875078878,-0.0005117787260137154,1.2616363662339016,0.0
366,7.32,idle,locomotion,0,1.350000023841858,-0.05000000074505806,0.10973345824050044,-0.035404888897886656,0.021264210301133468,0.7315496226960011,1.2611295664116324,-0.0005118503335598996,1.2616414167451924,0.0
367,7.34,idle,locomotion,0,1.350000023841858,-0.05000000074505806,0.10973345824050044,-0.0354189450678015,0.021276346738684605,0.7315548547823179,1.261134560246808,-0.0005119220572469239,1.261646482304055,0.0
368,7.36,idle,locomotion,0,1.350000023841858,-0.05000000074505806,0.10973345824050044,-0.035432973282076306,0.021288468912523832,0.7315600982918541,1.26113956566765,-0.0005119942606015733,1.2616515599282516,0.0
369,7.38,idle,locomotion,0,1.350000023841858,-0.05000000074505806,0.10973345824050044,-0.0354469734628738,0.02130057464508413,0.7315653576728522,1.2611445865041784,-0.0005120671689029521,1.2616566536730813,0.0
370,7.4,idle,locomotion,0,1.350000023841858,-0.05000000074505806,0.10973345824050044,-0.035460943085055346,0.021312663031372435,0.7315706347885356,1.2611496260849302,-0.0005121403150158792,1.261661766399946,0.0
371,7.42,idle,locomotion,0,1.350000023841858,-0.05000000074505806,0.10973345824050044,-0.0354748822740984,0.021324732534567528,0.7315759251696567,1.261154680499224,-0.0005122135375612326,1.2616668940367852,0.0
372,7.44,idle,locomotion,0,1.350000023841858,-0.05000000074505806,0.10973345824050044,-0.03548879342857097,0.021336780033818788,0.7315812347122869,1.2611597540402322,-0.0005122869263904581,1.2616720409666227,0.0
373,7.46,idle,locomotion,0,1.350000023841858,-0.05000000074505806,0.10973345824050044,-0.03550267737709902,0.021348807459048474,0.7315865629744995,1.2611648463391245,-0.0005123604516210287,1.2616772067907456,0.0
374,7.48,idle,locomotion,0,1.350000023841858,-0.05000000074505806,0.10973345824050044,-0.03551653377125642,0.021360812936821846,0.7315919074109071,1.2611699548446977,-0.0005124340057526336,1.2616823888504505,0.0
375,7.5,idle,locomotion,0,1.350000023841858,-0.05000000074505806,0.10973345824050044,-0.03553036141089573,0.02137279340742096,0.7315972728507398,1.2611750844846559,-0.00051250767763086,1.2616875921622868,0.0
376,7.52,idle,locomotion,0,1.350000023841858,-0.05000000074505806,0.10973345824050044,-0.035544159017214035,0.021384750231545912,0.7316026579776821,1.2611802349583703,-0.0005125814902889325,1.2616928164486592,0.0
377,7.54,idle,locomotion,0,1.350000023841858,-0.05000000074505806,0.10973345824050044,-0.03555792816989839,0.021396682342710048,0.731608054686098,1.261185398422024,-0.0005126551644069749,1.261698053586431,0.0
378,7.56,idle,locomotion,0,1.350000023841858,-0.05000000074505806,0.10973345824050044,-0.03557167011408163,0.021408589702009945,0.7316134572814508,1.2611905693417962,-0.0005127289848750431,1.2617032983266712,0.0
379,7.58,idle,locomotion,0,1.350000023841858,-0.05000000074505806,0.10973345824050044,-0.035585386936596804,0.021420471381696775,0.7316188695042635,1.2611957506967724,-0.0005128030128399193,1.2617085537096122,0.0
380,7.6,idle,locomotion,0,1.350000023841858,-0.05000000074505806,0.10973345824050044,-0.035599080259450244,0.02143232540134978,0.7316243004021747,1.2612009503587405,-0.0005128771682437402,1.2617138275269841,0.0
381,7.62,idle,locomotion,0,1.350000023841858,-0.05000000074505806,0.10973345824050044,-0.03561275043436548,0.021444150903778682,0.7316297528794058,1.261206171001489,-0.0005129517100867648,1.2617191227115758,0.0
382,7.64,idle,locomotion,0,1.350000023841858,-0.05000000074505806,0.10973345824050044,-0.03562639739501788,0.021455948240488108,0.73163522222067,1.2612114084101793,-0.0005130279076318231,1.261724436317811,0.0
383,7.66,idle,locomotion,0,1.350000023841858,-0.05000000074505806,0.10973345824050044,-0.03564002116892486,0.02146771312731471,0.7316407068785566,1.2612166611553195,-0.000513105365355461,1.261729766520675,0.0
384,7.68,idle,locomotion,0,1.350000023841858,-0.05000000074505806,0.10973345824050044,-0.035653622000546656,0.021479444024186844,0.7316462092045553,1.2612219314737834,-0.000513183389296519,1.26173511486308,0.0
385,7.7,idle,locomotion,0,1.350000023841858,-0.05000000074505806,0.10973345824050044,-0.03566719796240716,0.02149114238436517,0.7316517279980532,1.2612272194803946,-0.0005132617313780737,1.2617404812117727,0.0
386,7.72,idle,locomotion,0,1.350000023841858,-0.05000000074505806,0.10973345824050044,-0.035680751613674434,0.021502809881653807,0.7316572566246479,1.2612325184384154,-0.0005133401340011723,1.2617458585724166,0.0
387,7.74,idle,locomotion,0,1.350000023841858,-0.05000000074505806,0.10973345824050044,-0.035694284899974615,0.02151444517874259,0.7316627972057267,1.2612378292775128,-0.0005134187120364626,1.2617512479895492,0.0
388,7.76,idle,locomotion,0,1.350000023841858,-0.05000000074505806,0.10973345824050044,-0.035707799199736795,0.021526047821180738,0.7316683534533884,1.2612431552097372,-0.0005134973710282688,1.2617566525807655,0.0
389,7.78,idle,locomotion,0,1.350000023841858,-0.05000000074505806,0.10973345824050044,-0.035721295490187134,0.02153761967303853,0.7316739228991718,1.2612484933214245,-0.0005135761933693223,1.2617620695147937,0.0
390,7.8,idle,locomotion,0,1.350000023841858,-0.05000000074505806,0.10973345824050044,-0.03573477103655609,0.021549159573321423,0.7316795060439568,1.2612538452305628,-0.0005136551364044936,1.2617675003669673,0.0
391,7.82,idle,locomotion,0,1.350000023841858,-0.05000000074505806,0.10973345824050044,-0.03574822315171271,0.021560665045896085,0.7316851064726183,1.2612592157850844,-0.0005137341487644644,1.2617729499338488,0.0
392,7.84,idle,locomotion,0,1.350000023841858,-0.05000000074505806,0.10973345824050044,-0.03576165206838033,0.02157213805651767,0.7316907196242203,1.2612646013784812,-0.0005138131829955546,1.2617784145614768,0.0
393,7.86,idle,locomotion,0,1.350000023841858,-0.05000000074505806,0.10973345824050044,-0.035775061781324766,0.021583576134820488,0.7316963418400385,1.2612699969949401,-0.0005138922579008137,1.261783889252841,0.0
394,7.88,idle,locomotion,0,1.350000023841858,-0.05000000074505806,0.10973345824050044,-0.03578845767640457,0.021594981343241865,0.7317019724124407,1.2612753997582684,-0.0005139714933961037,1.2617893712516646,0.0
395,7.9,idle,locomotion,0,1.350000023841858,-0.05000000074505806,0.10973345824050044,-0.03580183965053243,0.02160635396551916,0.7317076219080697,1.2612808186250415,-0.0005140511394677201,1.2617948697645092,0.0
396,7.92,idle,locomotion,0,1.350000023841858,-0.05000000074505806,0.10973345824050044,-0.03581520276831404,0.021617694622299132,0.7317132978963571,1.261286262898913,-0.0005141309334749516,1.2618003938323878,0.0
397,7.94,idle,locomotion,0,1.350000023841858,-0.05000000074505806,0.10973345824050044,-0.035828544016599115,0.02162900427690612,0.7317189939709506,1.2612917279456572,-0.0005142107602915356,1.2618059387059488,0.0
398,7.96,idle,locomotion,0,1.350000023841858,-0.05000000074505806,0.10973345824050044,-0.03584186354575102,0.021640281294673946,0.7317247002950201,1.261297204999035,-0.0005142905100843226,1.2618114955091193,0.0
399,7.98,idle,locomotion,0,1.350000023841858,-0.05000000074505806,0.10973345824050044,-0.03585516342294698,0.021651524050386943,0.7317304150666848,1.2613026917522587,-0.0005143703157724985,1.2618170620680311,0.0
400,8.0,idle,locomotion,0,1.350000023841858,-0.05000000074505806,0.10973345824050044,-0.035868446919006744,0.021662734967269767,0.7317361407484564,1.261308189617321,-0.0005144502302529066,1.261822639847574,0.0
401,8.02,idle,locomotion,0,1.350000023841858,-0.05000000074505806,0.10973345824050044,-0.0358817166791545,0.021673917238596328,0.7317418747912771,1.261313695392122,-0.0005145303658664994,1.2618282257579885,0.0
402,8.04,idle,locomotion,0,1.350000023841858,-0.05000000074505806,0.10973345824050044,-0.03589497486486747,0.021685069537066167,0.7317476168570223,1.261319207775929,-0.0005146105524765909,1.2618338183284057,0.0
403,8.06,idle,locomotion,0,1.350000023841858,-0.05000000074505806,0.10973345824050044,-0.0359082204659156,0.021696192102461796,0.7317533676969996,1.261324728211897,-0.0005146907712029677,1.2618394189831,0.0
404,8.08,idle,locomotion,0,1.350000023841858,-0.05000000074505806,0.10973345824050044,-0.035921451414887035,0.02170728351108179,0.7317591279327853,1.2613302585377704,-0.0005147711283344202,1.2618450296661048,0.0
405,8.1,idle,locomotion,0,1.350000023841858,-0.05000000074505806,0.10973345824050044,-0.03593466919860982,0.021718345784241627,0.7317648980839554,1.261335798985978,-0.0005148516352899528,1.2618506506212679,0.0
406,8.12,idle,locomotion,0,1.350000023841858,-0.05000000074505806,0.10973345824050044,-0.03594787354935837,0.021729380158863325,0.7317706827285344,1.2613413539168097,-0.0005149322888439861,1.2618562862056537,0.0
407,8.14,idle,locomotion,0,1.350000023841858,-0.05000000074505806,0.10973345824050044,-0.03596106658176065,0.021740387219574334,0.7317764807512416,1.2613469219783566,-0.000515012886519034,1.2618619348648756,0.0
408,8.16,idle,locomotion,0,1.350000023841858,-0.05000000074505806,0.10973345824050044,-0.03597424891686557,0.02175136929372957,0.7317822934970417,1.2613525036667776,-0.0005150937370808559,1.2618675974038585,0.0
409,8.18,idle,locomotion,0,1.350000023841858,-0.05000000074505806,0.10973345824050044,-0.03598741931074471,0.021762322781441426,0.7317881271322448,1.2613581054173655,-0.0005151745571923445,1.2618732799745578,0.0
410,8.2,idle,locomotion,0,1.350000023841858,-0.05000000074505806,0.10973345824050044,-0.03600057562070103,0.02177324986548823,0.7317939807832751,1.2613637273256142,-0.0005152554620983345,1.2618789827877126,0.0
411,8.22,idle,locomotion,0,1.350000023841858,-0.05000000074505806,0.10973345824050044,-0.03601371560063296,0.021784147222432843,0.7317998488607524,1.261369365460287,-0.0005153363789063871,1.2618847018391934,0.0
412,8.24,idle,locomotion,0,1.350000023841858,-0.05000000074505806,0.10973345824050044,-0.036026843660475406,0.021795016454417677,0.7318057263882886,1.261375013676762,-0.0005154173599865274,1.2618904310367487,0.0
413,8.26,idle,locomotion,0,1.350000023841858,-0.05000000074505806,0.10973345824050044,-0.03603996309412884,0.021805860696096552,0.7318116133125748,1.2613806703835377,-0.0005154986237963059,1.261896169007334,0.0
414,8.28,idle,locomotion,0,1.350000023841858,-0.05000000074505806,0.10973345824050044,-0.036053072855371945,0.0218166783933173,0.7318175146380149,1.2613863407622212,-0.0005155798952488876,1.2619019206574702,0.0
415,8.3,idle,locomotion,0,1.350000023841858,-0.05000000074505806,0.10973345824050044,-0.03606617299309013,0.021827469551376374,0.7318234254322732,1.2613920208856397,-0.0005156611800579414,1.2619076820656976,0.0
416,8.32,idle,locomotion,0,1.350000023841858,-0.05000000074505806,0.10973345824050044,-0.036079265413494266,0.021838233331174604,0.7318293468486896,1.261397710670545,-0.0005157426293815187,1.2619134532999265,0.0
417,8.34,idle,locomotion,0,1.350000023841858,-0.05000000074505806,0.10973345824050044,-0.03609235067421835,0.02184897202380084,0.7318352825243332,1.2614034136225176,-0.0005158241780455798,1.2619192378005633,0.0
418,8.36,idle,locomotion,0,1.350000023841858,-0.05000000074505806,0.10973345824050044,-0.036105428618518724,0.02185968459796177,0.7318412314998081,1.26140912878782,-0.0005159057980333968,1.2619250345858533,0.0
419,8.38,idle,locomotion,0,1.350000023841858,-0.05000000074505806,0.10973345824050044,-0.03611849789225141,0.021870370191366194,0.7318471925670199,1.2614148558483196,-0.0005159874552881499,1.2619308433036078,0.0
420,8.4,idle,locomotion,0,1.350000023841858,-0.05000000074505806,0.10973345824050044,-0.036131556115609365,0.021881026782643045,0.7318531668678763,1.2614205970850676,-0.0005160692686922222,1.26193666635376,0.0
421,8.42,idle,locomotion,0,1.350000023841858,-0.05000000074505806,0.10973345824050044,-0.03614459682031488,0.021891660112430354,0.7318591436643284,1.2614263431238497,-0.0005161221074678896,1.2619424652313176,0.0
422,8.44,idle,locomotion,0,1.350000023841858,-0.05000000074505806,0.10973345824050044,-0.03615761994487159,0.021902276521860508,0.7318651260284048,1.261432095476161,-0.0005161724892447754,1.261948267965406,0.0
423,8.46,idle,locomotion,0,1.350000023841858,-0.05000000074505806,0.10973345824050044,-0.0361706254211129,0.021912874365099158,0.731871119667154,1.2614378581499754,-0.0005162205718856998,1.261954078721861,0.0
424,8.48,idle,locomotion,0,1.350000023841858,-0.05000000074505806,0.10973345824050044,-0.036183613488626414,0.021923452019864408,0.7318771280501346,1.2614436336947492,-0.0005162717237170537,1.2619599054184663,0.0
425,8.5,idle,locomotion,0,1.350000023841858,-0.05000000074505806,0.10973345824050044,-0.03619657954097108,0.021934014296979523,0.7318831562925292,1.2614494263950806,-0.0005163187633651367,1.2619657451584458,0.0
426,8.52,idle,locomotion,0,1.350000023841858,-0.05000000074505806,0.10973345824050044,-0.03620951707342446,0.021944557405667166,0.7318892096683088,1.2614552438471924,-0.000516370184329349,1.2619716140315218,0.0
427,8.54,idle,locomotion,0,1.350000023841858,-0.05000000074505806,0.10973345824050044,-0.0362224213241881,0.02195508527902302,0.7318952887774051,1.2614610873737175,-0.0005164189677653239,1.2619775063414829,0.0
428,8.56,idle,locomotion,0,1.350000023841858,-0.05000000074505806,0.10973345824050044,-0.03623529359602966,0.021965600303407325,0.7319013877135482,1.2614669504915932,-0.0005164674394091684,1.2619834179310023,0.0
429,8.58,idle,locomotion,0,1.350000023841858,-0.05000000074505806,0.10973345824050044,-0.03624813456610614,0.021976103893195646,0.7319075043776238,1.2614728297462274,-0.0005165185329882825,1.2619893482792157,0.0
430,8.6,idle,locomotion,0,1.350000023841858,-0.05000000074505806,0.10973345824050044,-0.03626094337274715,0.021986597324685858,0.731913635370688,1.2614787222384345,-0.0005165650641747212,1.2619952873026092,0.0
431,8.62,idle,locomotion,0,1.350000023841858,-0.05000000074505806,0.10973345824050044,-0.036273720718514604,0.021997080470079176,0.7319197825663306,1.261484628843524,-0.0005166139027859874,1.2620012427463099,0.0
432,8.64,idle,locomotion,0,1.350000023841858,-0.05000000074505806,0.10973345824050044,-0.03628646613239168,0.022007551986189578,0.7319259465843904,1.2614905508067693,-0.0005166653066343112,1.2620072161134037,0.0
433,8.66,idle,locomotion,0,1.350000023841858,-0.05000000074505806,0.10973345824050044,-0.036299177908438666,0.02201800839657141,0.7319321232038952,1.2614964843499006,-0.0005167122859436254,1.262013196635844,0.0
434,8.68,idle,locomotion,0,1.350000023841858,-0.05000000074505806,0.10973345824050044,-0.036311855241047415,0.022028447884111343,0.731938316049031,1.2615024326795523,-0.0005167627893091845,1.2620191954688615,0.0
435,8.7,idle,locomotion,0,1.350000023841858,-0.05000000074505806,0.10973345824050044,-0.036324503701508956,0.022038864360192065,0.7319445351254703,1.2615084036641426,-0.0005168307996139855,1.2620252344637566,0.0
436,8.72,idle,locomotion,0,1.350000023841858,-0.05000000074505806,0.10973345824050044,-0.03633712683019151,0.02204924874191767,0.7319507846151713,1.2615144010047832,-0.0005169128560687658,1.2620313138608519,0.0
437,8.74,idle,locomotion,0,1.350000023841858,-0.05000000074505806,0.10973345824050044,-0.036349722835722416,0.022059598481419553,0.7319570608699596,1.2615204229839405,-0.0005169997458706506,1.2620374227298112,0.0
438,8.76,idle,locomotion,0,1.350000023841858,-0.05000000074505806,0.10973345824050044,-0.0363622933210073,0.022069916707833346,0.7319633622345236,1.2615264681570237,-0.0005170881612364467,1.2620435563182602,0.0
439,8.78,idle,locomotion,0,1.350000023841858,-0.05000000074505806,0.10973345824050044,-0.036374841831755045,0.02208020113483071,0.7319696796343296,1.2615325278564606,-0.0005171769989739949,1.2620497048554347,0.0
440,8.8,idle,locomotion,0,1.350000023841858,-0.05000000074505806,0.10973345824050044,-0.03638737035094158,0.022090448544015484,0.7319760065767608,1.2615385960990078,-0.0005172660998334216,1.2620558621988411,0.0
441,8.82,idle,locomotion,0,1.350000023841858,-0.05000000074505806,0.10973345824050044,-0.03639988057939208,0.02210065574598488,0.7319823395312681,1.2615446706267632,-0.0005173553118358251,1.262062025938599,0.0
442,8.84,idle,locomotion,0,1.350000023841858,-0.05000000074505806,0.10973345824050044,-0.036412376528420644,0.022110820836335567,0.7319886700885778,1.261550743589616,-0.0005174445620169388,1.262068188151633,0.0
443,8.86,idle,locomotion,0,1.350000023841858,-0.05000000074505806,0.10973345824050044,-0.036424865256279214,0.022120947374628202,0.7319950014001307,1.2615568157901182,-0.0005175339879237364,1.262074349778042,0.0
444,8.88,idle,locomotion,0,1.350000023841858,-0.05000000074505806,0.10973345824050044,-0.03643734916858258,0.022131034834306253,0.7320013411338018,1.2615628942006176,-0.0005176238742639547,1.2620805180748815,0.0
445,8.9,idle,locomotion,0,1.350000023841858,-0.05000000074505806,0.10973345824050044,-0.036449825537853184,0.022141075803120816,0.7320076894965073,1.2615689814572026,-0.0005177139573764901,1.262086695414579,0.0
446,8.92,idle,locomotion,0,1.350000023841858,-0.05000000074505806,0.10973345824050044,-0.03646229324917207,0.02215106905604831,0.7320140509093079,1.26157508323199,-0.0005178042012109058,1.262092887433201,0.0
447,8.94,idle,locomotion,0,1.350000023841858,-0.05000000074505806,0.10973345824050044,-0.03647475423131152,0.02216101750584972,0.7320204299405296,1.261581203989594,-0.000517894649454051,1.262099098639048,0.0
448,8.96,idle,locomotion,0,1.350000023841858,-0.05000000074505806,0.10973345824050044,-0.0364872131370111,0.022170921884622684,0.7320268218939705,1.2615873380643507,-0.000517985067003738,1.2621053231313546,0.0
449,8.98,idle,locomotion,0,1.350000023841858,-0.05000000074505806,0.10973345824050044,-0.036499672619457225,0.02218078009923832,0.7320332243876552,1.261593482099265,-0.0005180757359806963,1.2621115578352455,0.0
450,9.0,idle,locomotion,0,1.350000023841858,-0.05000000074505806,0.10973345824050044,-0.03651213377198272,0.022190592440975127,0.7320396400018292,1.261599638377961,-0.0005181665367026099,1.2621178049146637,0.0
451,9.02,idle,locomotion,0,1.350000023841858,-0.05000000074505806,0.10973345824050044,-0.03652459636258494,0.022200357946311144,0.73204607177708,1.2616058098602259,-0.0005182577188784405,1.2621240675791043,0.0
452,9.04,idle,locomotion,0,1.350000023841858,-0.05000000074505806,0.10973345824050044,-0.036537060404954684,0.022210076237931586,0.7320525160943737,1.2616119935965988,-0.0005183489852135827,1.2621303425818124,0.0
453,9.06,idle,locomotion,0,1.350000023841858,-0.05000000074505806,0.10973345824050044,-0.036549526312592624,0.022219743877203605,0.7320589650198503,1.261618182257431,-0.0005184403616168322,1.2621366226190478,0.0
454,9.08,idle,locomotion,0,1.350000023841858,-0.05000000074505806,0.10973345824050044,-0.03656199486308848,0.022229361659832077,0.7320654158703276,1.2616243738288193,-0.0005185317366574946,1.2621429055654767,0.0
455,9.1,idle,locomotion,0,1.350000023841858,-0.05000000074505806,0.10973345824050044,-0.036574469021384975,0.02223893566423264,0.7320718780381261,1.2616305757621855,-0.0005186234144821424,1.2621491991766676,0.0
456,9.12,idle,locomotion,0,1.350000023841858,-0.05000000074505806,0.10973345824050044,-0.036586948321564075,0.02224846688916335,0.7320783591514352,1.2616367953377645,-0.0005187153634019608,1.2621555107011664,0.0
457,9.14,idle,locomotion,0,1.350000023841858,-0.05000000074505806,0.10973345824050044,-0.036599430580405774,0.022257951675946193,0.7320848567874437,1.2616430311789129,-0.000518807543183078,1.2621618387220959,0.0
458,9.16,idle,locomotion,0,1.350000023841858,-0.05000000074505806,0.10973345824050044,-0.03661191384712249,0.02226738807504677,0.7320913697553079,1.2616492831995636,-0.0005189004176502331,1.2621681836172138,0.0
459,9.18,idle,locomotion,0,1.350000023841858,-0.05000000074505806,0.10973345824050044,-0.03662439937289517,0.02227677916329389,0.7320978992072653,1.261655552287106,-0.0005189942702079238,1.262174546557314,0.0
460,9.2,idle,locomotion,0,1.350000023841858,-0.05000000074505806,0.10973345824050044,-0.03663688802377438,0.02228612514675834,0.7321044439821496,1.2616618369992134,-0.0005190886069298024,1.2621809256061431,0.0
461,9.22,idle,locomotion,0,1.350000023841858,-0.05000000074505806,0.10973345824050044,-0.03664938236671275,0.022295427206373654,0.7321109993441102,1.2616681319063594,-0.0005191830308404616,1.2621873149371998,0.0
462,9.24,idle,locomotion,0,1.350000023841858,-0.05000000074505806,0.10973345824050044,-0.03666188565563102,0.022304686651531843,0.7321175632722057,1.2616744332403138,-0.000519277704998114,1.2621937109453119,0.0
463,9.26,idle,locomotion,0,1.350000023841858,-0.05000000074505806,0.10973345824050044,-0.03667439592749476,0.02231390090952278,0.7321241431908397,1.2616807486218478,-0.0005193731965697918,1.2622001218184176,0.0
464,9.28,idle,locomotion,0,1.350000023841858,-0.05000000074505806,0.10973345824050044,-0.036686910402413626,0.022323067208712386,0.7321307391188754,1.2616870799210653,-0.0005194698472259056,1.2622065497682913,0.0
465,9.3,idle,locomotion,0,1.350000023841858,-0.05000000074505806,0.10973345824050044,-0.03669942901378296,0.022332186174188057,0.7321373442430715,1.261693421104611,-0.0005195671772059811,1.262212988281817,0.0
466,9.32,idle,locomotion,0,1.350000023841858,-0.05000000074505806,0.10973345824050044,-0.03671195400334636,0.02234126051819336,0.7321439565508091,1.2616997696319172,-0.0005196648190462852,1.2622194344509634,0.0
467,9.34,idle,locomotion,0,1.350000023841858,-0.05000000074505806,0.10973345824050044,-0.036724487596425666,0.022350291922522858,0.7321505762372559,1.2617061247589276,-0.0005197627485472589,1.262225887507475,0.0
468,9.36,idle,locomotion,0,1.350000023841858,-0.05000000074505806,0.10973345824050044,-0.03673702957456503,0.02235927987660032,0.7321572040063223,1.2617124872268146,-0.0005198609740517772,1.2622323482008664,0.0
469,9.38,idle,locomotion,0,1.350000023841858,-0.05000000074505806,0.10973345824050044,-0.03674958119226879,0.02236822440709802,0.7321638369633775,1.2617188541388278,-0.0005199591397014695,1.2622388132785292,0.0
470,9.4,idle,locomotion,0,1.350000023841858,-0.05000000074505806,0.10973345824050044,-0.03676214463824862,0.022377125734606238,0.7321704720390461,1.261725221761525,-0.0005200574446217951,1.2622452792061467,0.0
471,9.42,idle,locomotion,0,1.350000023841858,-0.05000000074505806,0.10973345824050044,-0.03677470105609114,0.022386020068592305,0.732177088287839,1.261731573002319,-0.0005201101284831068,1.2622516831308022,0.0
472,9.44,idle,locomotion,0,1.350000023841858,-0.05000000074505806,0.10973345824050044,-0.03678725136279145,0.02239491648559796,0.7321837011737558,1.261737921383935,-0.0005201575676323511,1.2622580789515674,0.0
473,9.46,idle,locomotion,0,1.350000023841858,-0.05000000074505806,0.10973345824050044,-0.03679979346810499,0.022403815003629625,0.7321903289442706,1.2617442828422358,-0.0005202030292275894,1.2622644858714633,0.0
474,9.48,idle,locomotion,0,1.350000023841858,-0.05000000074505806,0.10973345824050044,-0.03681232185887438,0.02241271616709455,0.7321969910156126,1.261750676739925,-0.0005202525499283378,1.2622709292898533,0.0
475,9.5,idle,locomotion,0,1.350000023841858,-0.05000000074505806,0.10973345824050044,-0.03682483192090563,0.022421629992639247,0.7322036898301253,1.2617571040842421,-0.0005202991950347124,1.2622774032792767,0.0
476,9.52,idle,locomotion,0,1.350000023841858,-0.05000000074505806,0.10973345824050044,-0.0368373212898378,0.022430565224726196,0.7322104233108834,1.2617635634201885,-0.0005203436625180469,1.2622839070827065,0.0
477,9.54,idle,locomotion,0,1.350000023841858,-0.05000000074505806,0.10973345824050044,-0.03684978768247224,0.022439521164369935,0.7322171929383118,1.2617700547682948,-0.0005203921404863983,1.2622904469087812,0.0
478,9.56,idle,locomotion,0,1.350000023841858,-0.05000000074505806,0.10973345824050044,-0.03686223027966815,0.022448501523976736,0.7322239793006821,1.261776561763373,-0.0005204388306963292,1.2622970005940692,0.0
479,9.58,idle,locomotion,0,1.350000023841858,-0.05000000074505806,0.10973345824050044,-0.03687465271302916,0.022457508324518316,0.7322307743179236,1.2617830752149042,-0.0005204815050375983,1.2623035567199419,0.0
480,9.6,idle,locomotion,0,1.350000023841858,-0.05000000074505806,0.10973345824050044,-0.03688705835709263,0.022466532004470217,0.7322375965753228,1.2617896106880806,-0.0005205296657190342,1.2623101403537997,0.0
481,9.62,idle,locomotion,0,1.350000023841858,-0.05000000074505806,0.10973345824050044,-0.036899442768424655,0.022475577116816164,0.7322444447906682,1.261796169168881,-0.0005205756110783638,1.2623167447799595,0.0
482,9.64,idle,locomotion,0,1.350000023841858,-0.05000000074505806,0.10973345824050044,-0.036911806442510985,0.02248464075378885,0.7322513187088743,1.2618027488783037,-0.0005206213539375969,1.2623233702322412,0.0
483,9.66,idle,locomotion,0,1.350000023841858,-0.05000000074505806,0.10973345824050044,-0.0369241486288486,0.022493707200707074,0.7322582133164933,1.2618093451392705,-0.0005206657286937477,1.2623300108679643,0.0
484,9.68,idle,locomotion,0,1.350000023841858,-0.05000000074505806,0.10973345824050044,-0.03693647917669853,0.022502762020308823,0.7322651244950104,1.261815953000826,-0.0005207103735769894,1.2623366633744029,0.0
485,9.7,idle,locomotion,0,1.350000023841858,-0.05000000074505806,0.10973345824050044,-0.03694880338814209,0.022511803323125426,0.732272044544947,1.2618225666267733,-0.0005207542222691632,1.2623433208490424,0.0
486,9.72,idle,locomotion,0,1.350000023841858,-0.05000000074505806,0.10973345824050044,-0.036961120581886955,0.022520820837313663,0.732278987251977,1.261829198835311,-0.0005207985577357216,1.2623499973930468,0.0
487,9.74,idle,locomotion,0,1.350000023841858,-0.05000000074505806,0.10973345824050044,-0.03697342892005734,0.02252980734487193,0.7322859738916733,1.2618358724333252,-0.0005208446516765664,1.2623567170850016,0.0
488,9.76,idle,locomotion,0,1.350000023841858,-0.05000000074505806,0.10973345824050044,-0.036985726451767,0.022538755991873227,0.7322930117272455,1.261842595506209,-0.000520888402064764,1.2623634839082736,0.0
489,9.78,idle,locomotion,0,1.350000023841858,-0.05000000074505806,0.10973345824050044,-0.036998015807973156,0.02254765651245337,0.7323000960237349,1.2618493640713822,-0.0005209355958490404,1.2623702996672312,0.0
490,9.8,idle,locomotion,0,1.350000023841858,-0.05000000074505806,0.10973345824050044,-0.03701029466386579,0.022556508632042765,0.732307229903065,1.2618561791811123,-0.000520984035074841,1.262377163216187,0.0
491,9.82,idle,locomotion,0,1.350000023841858,-0.05000000074505806,0.10973345824050044,-0.03702256050508556,0.022565306124645905,0.732314413740328,1.2618630415728895,-0.000521030791788616,1.2623840723646782,0.0
492,9.84,idle,locomotion,0,1.350000023841858,-0.05000000074505806,0.10973345824050044,-0.03703482512400094,0.022574021690264744,0.7323216530257362,1.2618699543868452,-0.0005211043888337097,1.262391058775679,0.0
493,9.86,idle,locomotion,0,1.350000023841858,-0.05000000074505806,0.10973345824050044,-0.037047095895936785,0.022582622453496307,0.7323289507595631,1.2618769214037593,-0.0005212061695862615,1.2623981275733456,0.0
494,9.88,idle,locomotion,0,1.350000023841858,-0.05000000074505806,0.10973345824050044,-0.037059375581365316,0.022591094052451195,0.7323362884093692,1.2618839279755094,-0.0005213215654374,1.2624052495409468,0.0
495,9.9,idle,locomotion,0,1.350000023841858,-0.05000000074505806,0.10973345824050044,-0.037071671669753586,0.022599429532965988,0.7323436453238928,1.261890954274889,-0.000521443074528366,1.2624123973494175,0.0
496,9.92,idle,locomotion,0,1.350000023841858,-0.05000000074505806,0.10973345824050044,-0.037083991036010254,0.022607619340496325,0.7323510104297036,1.2618979896297706,-0.0005215672848292302,1.2624195569146,0.0
497,9.94,idle,locomotion,0,1.350000023841858,-0.05000000074505806,0.10973345824050044,-0.03709633981610476,0.022615657110873835,0.7323583809233655,1.2619050310094742,-0.0005216925932381954,1.2624267236027122,0.0
498,9.96,idle,locomotion,0,1.350000023841858,-0.05000000074505806,0.10973345824050044,-0.03710872307270405,0.022623531442518923,0.7323657535579633,1.2619120757038955,-0.0005218186400389006,1.2624338943439344,0.0
499,9.98,idle,locomotion,0,1.350000023841858,-0.05000000074505806,0.10973345824050044,-0.03712114551303086,0.02263123655933107,0.7323731218586409,1.2619191182651115,-0.0005219456673851847,1.2624410639324968,0.0
500,10.0,idle,locomotion,0,1.350000023841858,-0.05000000074505806,0.10973345824050044,-0.03713360878285951,0.022638766353833006,0.7323804841030763,1.2619261568575195,-0.0005221124647044363,1.2624482693222239,0.0
501,10.02,idle,locomotion,0,1.350000023841858,-0.05000000074505806,0.10973345824050044,-0.037146113532367665,0.022646121903708565,0.7323878452708805,1.2619331973392793,-0.0005223461347135042,1.2624555434739928,0.0
502,10.04,idle,locomotion,0,1.350000023841858,-0.05000000074505806,0.10973345824050044,-0.03715866191028616,0.02265329596154453,0.7323952069858515,1.2619402416480248,-0.0005225809472213308,1.2624628225952461,0.0
503,10.06,idle,locomotion,0,1.350000023841858,-0.05000000074505806,0.10973345824050044,-0.03717125909461873,0.022660293446209217,0.7324025790061888,1.2619472970975063,-0.0005228166382954674,1.2624701137358019,0.0
504,10.08,idle,locomotion,0,1.350000023841858,-0.05000000074505806,0.10973345824050044,-0.03718390580493202,0.022667111232487883,0.7324099619090993,1.2619543650823457,-0.000523053466727718,1.2624774185490735,0.0
505,10.1,idle,locomotion,0,1.350000023841858,-0.05000000074505806,0.10973345824050044,-0.0371965999406337,0.02267374557141119,0.7324173592807232,1.2619614498800218,-0.0005232913865833577,1.2624847412666051,0.0
506,10.12,idle,locomotion,0,1.350000023841858,-0.05000000074505806,0.10973345824050044,-0.03720934154097549,0.022680197881467568,0.7324247670430335,1.2619685492701023,-0.0005235304689958954,1.2624920797390982,0.0
507,10.14,idle,locomotion,0,1.350000023841858,-0.05000000074505806,0.10973345824050044,-0.03722213133748839,0.022686474049288703,0.7324321813753791,1.2619756584473834,-0.0005237705539916371,1.262499429001375,0.0
508,10.16,idle,locomotion,0,1.350000023841858,-0.05000000074505806,0.10973345824050044,-0.03723496722250088,0.02269257688836235,0.7324396103219544,1.2619827856754318,-0.0005240113809069427,1.2625067970563386,0.0
509,10.18,idle,locomotion,0,1.350000023841858,-0.05000000074505806,0.10973345824050044,-0.037247850460266574,0.02269851861516372,0.7324470501644009,1.2619899279742657,-0.0005242580038391127,1.2625141859781048,0.0
510,10.2,idle,locomotion,0,1.350000023841858,-0.05000000074505806,0.10973345824050044,-0.03726078654919119,0.02270429407641146,0.7324544902396666,1.261997072521271,-0.0005245108847609474,1.262521583406032,0.0
511,10.22,idle,locomotion,0,1.350000023841858,-0.05000000074505806,0.10973345824050044,-0.03727377784202365,0.022709917550754223,0.7324619311307834,1.2620042186022056,-0.0005247645795904941,1.262528983181796,0.0
512,10.24,idle,locomotion,0,1.350000023841858,-0.05000000074505806,0.10973345824050044,-0.037286822178189356,0.022715394222689516,0.7324693711213767,1.2620113643474995,-0.000525018819054205,1.2625363831665537,0.0
513,10.26,idle,locomotion,0,1.350000023841858,-0.05000000074505806,0.10973345824050044,-0.037299900554085094,0.022720744751852533,0.7324767992910022,1.2620185031186193,-0.0005252247845873997,1.2625437279032068,0.0
514,10.28,idle,locomotion,0,1.350000023841858,-0.05000000074505806,0.10973345824050044,-0.037313009653222075,0.02272598207586359,0.732484225530301,1.2620256444184799,-0.0005254135845042147,1.2625510580029842,0.0
515,10.3,idle,locomotion,0,1.350000023841858,-0.05000000074505806,0.10973345824050044,-0.03732615201814263,0.022731110711805287,0.7324916595659791,1.262032794544393,-0.000525600826901066,1.262558395371294,0.0
516,10.32,idle,locomotion,0,1.350000023841858,-0.05000000074505806,0.10973345824050044,-0.03733932115461366,0.022736148681994466,0.7324991169306746,1.2620399664289288,-0.0005257930747709881,1.2625657595036999,0.0
517,10.34,idle,locomotion,0,1.350000023841858,-0.05000000074505806,0.10973345824050044,-0.03735250477421692,0.022741113986441137,0.7325066052630926,1.2620471687347383,-0.0005259871384950578,1.2625731558732334,0.0
518,10.36,idle,locomotion,0,1.350000023841858,-0.05000000074505806,0.10973345824050044,-0.03736569275878657,0.02274601738102304,0.7325141224290277,1.2620543981310797,-0.000526180932252273,1.262580579063332,0.0
519,10.38,idle,locomotion,0,1.350000023841858,-0.05000000074505806,0.10973345824050044,-0.03737887623386985,0.022750868077488415,0.7325216555740833,1.2620616422577315,-0.0005263755248693554,1.262588017782601,0.0
520,10.4,idle,locomotion,0,1.350000023841858,-0.05000000074505806,0.10973345824050044,-0.03739204985162096,0.022755678072801606,0.7325291945022295,1.262068889559096,-0.0005265727155663244,1.2625954622746622,0.0
521,10.42,idle,locomotion,0,1.350000023841858,-0.05000000074505806,0.10973345824050044,-0.037405206292458075,0.022760460133386833,0.7325367376550687,1.2620761372950535,-0.0005267649796292968,1.2626029022746827,0.0
522,10.44,idle,locomotion,0,1.350000023841858,-0.05000000074505806,0.10973345824050044,-0.03741834288889406,0.022765221372864044,0.7325442859847582,1.2620833867635843,-0.0005269674778620205,1.2626103542414464,0.0
523,10.46,idle,locomotion,0,1.350000023841858,-0.05000000074505806,0.10973345824050044,-0.037431464520492265,0.022769963283498198,0.732551844644156,1.26209064058333,-0.0005271984530848539,1.262617839036415,0.0
524,10.48,idle,locomotion,0,1.350000023841858,-0.05000000074505806,0.10973345824050044,-0.037444583258493834,0.02277468148649457,0.7325594228833305,1.2620979056317327,-0.0005274730499102986,1.262625378681643,0.0
525,10.5,idle,locomotion,0,1.350000023841858,-0.05000000074505806,0.10973345824050044,-0.03745770232735792,0.022779377108325418,0.7325670103869608,1.2621051723376198,-0.0005277716582095839,1.2626329439958293,0.0
526,10.52,idle,locomotion,0,1.350000023841858,-0.05000000074505806,0.10973345824050044,-0.03747082153788446,0.02278405418754969,0.7325746005982795,1.2621124352940416,-0.0005280810837561996,1.2626405163777978,0.0
527,10.54,idle,locomotion,0,1.350000023841858,-0.05000000074505806,0.10973345824050044,-0.03748394024397021,0.022788714892234413,0.7325821937287423,1.262119696001157,-0.0005283949681224448,1.2626480909692794,0.0
528,10.56,idle,locomotion,0,1.350000023841858,-0.05000000074505806,0.10973345824050044,-0.03749705983856767,0.022793361231543498,0.7325897878047041,1.2621269529720618,-0.0005287105969754118,1.2626556635690371,0.0
529,10.58,idle,locomotion,0,1.350000023841858,-0.05000000074505806,0.10973345824050044,-0.03751018118905122,0.022797992600080943,0.7325973807848644,1.2621342046042876,-0.0005290269891305051,1.262663231593418,0.0
530,10.6,idle,locomotion,0,1.350000023841858,-0.05000000074505806,0.10973345824050044,-0.03752330553098155,0.022802608626509863,0.732604972389306,1.26214145104889,-0.0005293435312567069,1.2626707945801467,0.0
531,10.62,idle,locomotion,0,1.350000023841858,-0.05000000074505806,0.10973345824050044,-0.037536433555491,0.02280720746031036,0.7326125692511803,1.26214869867358,-0.0005296610396991995,1.2626783597132791,0.0
532,10.64,idle,locomotion,0,1.350000023841858,-0.05000000074505806,0.10973345824050044,-0.03754956603721989,0.022811786470572092,0.7326201738243864,1.2621559512214675,-0.0005299860051983483,1.2626859372266659,0.0
533,10.66,idle,locomotion,0,1.350000023841858,-0.05000000074505806,0.10973345824050044,-0.03756270273505468,0.022816343590670814,0.732627795595625,1.2621632176765194,-0.0005303243835726688,1.262693542060092,0.0
534,10.68,idle,locomotion,0,1.350000023841858,-0.05000000074505806,0.10973345824050044,-0.03757584104841851,0.022820876459623437,0.7326354439670141,1.2621705082164048,-0.0005306650309067594,1.2627011732473115,0.0
535,10.7,idle,locomotion,0,1.350000023841858,-0.05000000074505806,0.10973345824050044,-0.037588979086814044,0.022825381968180538,0.7326431207364725,1.262177824598013,-0.0005310071021913873,1.2627088317002044,0.0
536,10.72,idle,locomotion,0,1.350000023841858,-0.05000000074505806,0.10973345824050044,-0.037602113398915366,0.022829856583983697,0.7326508220992058,1.262185164545887,-0.0005313501524048907,1.262716514698292,0.0
537,10.74,idle,locomotion,0,1.350000023841858,-0.05000000074505806,0.10973345824050044,-0.037615242823207024,0.02283429765430344,0.7326585419805309,1.2621925228116302,-0.0005316936758073404,1.2627242164874375,0.0
538,10.76,idle,locomotion,0,1.350000023841858,-0.05000000074505806,0.10973345824050044,-0.03762836895240693,0.022838703891875325,0.7326662768466119,1.2621998952347535,-0.0005320377022428671,1.2627319329369964,0.0
539,10.78,idle,locomotion,0,1.350000023841858,-0.05000000074505806,0.10973345824050044,-0.0376414896101742,0.02284307298168233,0.7326740342399729,1.2622072891783063,-0.0005323824285828581,1.262739671606889,0.0
540,10.8,idle,locomotion,0,1.350000023841858,-0.05000000074505806,0.10973345824050044,-0.03765460281246901,0.022847403323109652,0.732681821123033,1.2622147121650635,-0.0005327275874419564,1.2627474397525056,0.0
541,10.82,idle,locomotion,0,1.350000023841858,-0.05000000074505806,0.10973345824050044,-0.03766771007410942,0.022851693321240617,0.7326896285298816,1.2622221550566788,-0.0005330733872013355,1.26275522844388,0.0
542,10.84,idle,locomotion,0,1.350000023841858,-0.05000000074505806,0.10973345824050044,-0.03768081017561669,0.02285594178954987,0.732697453963792,1.2622296154400843,-0.0005334197046728377,1.2627630351447572,0.0
543,10.86,idle,locomotion,0,1.350000023841858,-0.05000000074505806,0.10973345824050044,-0.037693902384757914,0.02286014774761709,0.7327053004211032,1.2622370965365541,-0.0005337665887710716,1.2627708631253252,0.0
544,10.88,idle,locomotion,0,1.350000023841858,-0.05000000074505806,0.10973345824050044,-0.037706985693172004,0.022864310402810818,0.7327131712591166,1.262244601469525,-0.0005341143403924178,1.2627787158099175,0.0
545,10.9,idle,locomotion,0,1.350000023841858,-0.05000000074505806,0.10973345824050044,-0.037720061431406715,0.022868427821850272,0.7327210655445023,1.262252128817242,-0.0005344626003800299,1.262786591417622,0.0
546,10.92,idle,locomotion,0,1.350000023841858,-0.05000000074505806,0.10973345824050044,-0.037733130699581056,0.022872497741336855,0.7327289813312993,1.2622596756111157,-0.0005348114424623233,1.262794487053578,0.0
547,10.94,idle,locomotion,0,1.350000023841858,-0.05000000074505806,0.10973345824050044,-0.03774619236226843,0.02287651808553675,0.7327369205364027,1.2622672438107876,-0.0005351609118049681,1.2628024047225925,0.0
548,10.96,idle,locomotion,0,1.350000023841858,-0.05000000074505806,0.10973345824050044,-0.03775924454224793,0.022880486865535177,0.7327448840273983,1.2622748348656396,-0.0005355110941407878,1.2628103459597804,0.0
549,10.98,idle,locomotion,0,1.350000023841858,-0.05000000074505806,0.10973345824050044,-0.03777228487520456,0.022884402500645374,0.7327528745087296,1.2622824522430758,-0.0005358619941646867,1.2628183142372404,0.0
550,11.0,idle,locomotion,0,1.350000023841858,-0.05000000074505806,0.10973345824050044,-0.037785312234328065,0.022888263445522042,0.7327608887825995,1.2622900938429475,-0.0005362135389502705,1.2628263073818977,0.0
551,11.02,idle,locomotion,0,1.350000023841858,-0.05000000074505806,0.10973345824050044,-0.037798329626617416,0.022892071153562465,0.7327689241907422,1.2622977554323427,-0.0005365656488427878,1.2628343210811854,0.0
552,11.04,idle,locomotion,0,1.350000023841858,-0.05000000074505806,0.10973345824050044,-0.03781134010844371,0.022895825832311808,0.7327769805649962,1.2623054349096086,-0.0005369183945604164,1.262842353304169,0.0
553,11.06,idle,locomotion,0,1.350000023841858,-0.05000000074505806,0.10973345824050044,-0.037824341828455746,0.02289952640050085,0.7327850609286936,1.2623131350774892,-0.0005372718412096252,1.2628504069186988,0.0
554,11.08,idle,locomotion,0,1.350000023841858,-0.05000000074505806,0.10973345824050044,-0.03783733067621093,0.02290317058124416,0.7327931692629371,1.262320861045319,-0.0005376259979716289,1.2628584870432906,0.0
555,11.1,idle,locomotion,0,1.350000023841858,-0.05000000074505806,0.10973345824050044,-0.037850302540052116,0.02290675683460612,0.7328013067529439,1.2623286154291253,-0.0005379810046745037,1.2628665964338,0.0
556,11.12,idle,locomotion,0,1.350000023841858,-0.05000000074505806,0.10973345824050044,-0.03786325790239398,0.022910285652199054,0.7328094730816873,1.2623363975167596,-0.0005383364641412154,1.2628747339809008,0.0
557,11.14,idle,locomotion,0,1.350000023841858,-0.05000000074505806,0.10973345824050044,-0.03787619663204597,0.022913756231965135,0.7328176659225876,1.262344204711891,-0.0005386925368220004,1.262882897248713,0.0
558,11.16,idle,locomotion,0,1.350000023841858,-0.05000000074505806,0.10973345824050044,-0.037889118012581664,0.022917167386951143,0.7328258777419108,1.2623520304227438,-0.0005390491306618769,1.2628910795534056,0.0
559,11.18,idle,locomotion,0,1.350000023841858,-0.05000000074505806,0.10973345824050044,-0.03790202257623741,0.022920518972212492,0.7328341032419745,1.2623598694710587,-0.0005394062529235355,1.2628992757239823,0.0
560,11.2,idle,locomotion,0,1.350000023841858,-0.05000000074505806,0.10973345824050044,-0.0379149104469596,0.02292381130143243,0.7328423446558462,1.2623677241616162,-0.0005397640661658938,1.2629074882277822,0.0
561,11.22,idle,locomotion,0,1.350000023841858,-0.05000000074505806,0.10973345824050044,-0.03792778277676773,0.022927045228184072,0.7328506027120416,1.262375595116042,-0.0005401224764640319,1.262915717592506,0.0
562,11.24,idle,locomotion,0,1.350000023841858,-0.05000000074505806,0.10973345824050044,-0.03794063904396274,0.022930222209931544,0.7328588776175446,1.2623834837665124,-0.0005404815599996046,1.262923965326512,0.0
563,11.26,idle,locomotion,0,1.350000023841858,-0.05000000074505806,0.10973345824050044,-0.03795344205224561,0.022933361907255395,0.7328671498892405,1.2623913705272245,-0.0005405780814961188,1.2629319486087207,0.0
564,11.28,idle,locomotion,0,1.350000023841858,-0.05000000074505806,0.10973345824050044,-0.0379662111154615,0.022936445884007187,0.7328754643194981,1.2623993000252356,-0.0005407111990186654,1.2629400112242544,0.0
565,11.3,idle,locomotion,0,1.350000023841858,-0.05000000074505806,0.10973345824050044,-0.0379789318828107,0.022939463893320966,0.7328838227077107,1.262407271991204,-0.0005408127172213499,1.2629480847084253,0.0
566,11.32,idle,locomotion,0,1.350000023841858,-0.05000000074505806,0.10973345824050044,-0.037991598875496094,0.022942425862538897,0.7328922331055872,1.262415297185649,-0.0005409337938608039,1.26295623097951,0.0
567,11.34,idle,locomotion,0,1.350000023841858,-0.05000000074505806,0.10973345824050044,-0.03800420839465061,0.02294536289270869,0.7329006796651583,1.2624233611532776,-0.0005410572263560287,1.2629644183796336,0.0
568,11.36,idle,locomotion,0,1.350000023841858,-0.05000000074505806,0.10973345824050044,-0.03801675995974894,0.022948303836881314,0.7329091679130347,1.2624314662477332,-0.0005411893814019145,1.2629726556291352,0.0
569,11.38,idle,locomotion,0,1.350000023841858,-0.05000000074505806,0.10973345824050044,-0.038029243139799454,0.02295129602284943,0.7329176943991645,1.2624396108341438,-0.0005413168497720687,1.262980927683916,0.0
570,11.4,idle,locomotion,0,1.350000023841858,-0.05000000074505806,0.10973345824050044,-0.03804166537325939,0.022954378142458362,0.7329262695922786,1.2624478016060439,-0.0005414924408105211,1.2629892940468543,0.0
571,11.42,idle,locomotion,0,1.350000023841858,-0.05000000074505806,0.10973345824050044,-0.03805400723487604,0.022957642949056334,0.7329348737095571,1.262456019908252,-0.0005416620426896557,1.2629976819509416,0.0
572,11.44,idle,locomotion,0,1.350000023841858,-0.05000000074505806,0.10973345824050044,-0.03806627475995288,0.022961117654083183,0.7329435236853573,1.2624642748079402,-0.0005418200530508469,1.2630060948609911,0.0
573,11.46,idle,locomotion,0,1.350000023841858,-0.05000000074505806,0.10973345824050044,-0.03807846781931786,0.022964804472424376,0.732952210496809,1.2624725586381587,-0.0005419552145552835,1.263014513852714,0.0
574,11.48,idle,locomotion,0,1.350000023841858,-0.05000000074505806,0.10973345824050044,-0.038090593663529834,0.022968701118046976,0.7329609100002724,1.2624808468808497,-0.0005420733003729805,1.2630229201812226,0.0
575,11.5,idle,locomotion,0,1.350000023841858,-0.05000000074505806,0.10973345824050044,-0.038102668884159564,0.022972794271659165,0.7329696178138904,1.2624891324814655,-0.0005422078977407631,1.2630313403792064,0.0
576,11.52,idle,locomotion,0,1.350000023841858,-0.05000000074505806,0.10973345824050044,-0.038114689711747175,0.02297709216609213,0.7329783373486504,1.2624974192527199,-0.0005423290124413581,1.2630397482651612,0.0
577,11.54,idle,locomotion,0,1.350000023841858,-0.05000000074505806,0.10973345824050044,-0.03812666309103456,0.022981582153744903,0.7329871131872909,1.262505742249666,-0.0005424620327555835,1.2630482042824216,0.0
578,11.56,idle,locomotion,0,1.350000023841858,-0.05000000074505806,0.10973345824050044,-0.03813857017675551,0.022986270187123906,0.7329959467033801,1.2625141104855184,-0.0005425800188649937,1.2630566905043834,0.0
579,11.58,idle,locomotion,0,1.350000023841858,-0.05000000074505806,0.10973345824050044,-0.03815041213449846,0.02299114678792598,0.7330048177771363,1.2625225095424744,-0.0005427024445294679,1.2630652119870038,0.0
580,11.6,idle,locomotion,0,1.350000023841858,-0.05000000074505806,0.10973345824050044,-0.0381621953937742,0.0229962050089082,0.7330137191884007,1.262530929016256,-0.0005428225716809024,1.2630737515879369,0.0
581,11.62,idle,locomotion,0,1.350000023841858,-0.05000000074505806,0.10973345824050044,-0.03817392499185571,0.02300143346466203,0.7330226599495364,1.2625393785271115,-0.0005429466988662486,1.2630823252259777,0.0
582,11.64,idle,locomotion,0,1.350000023841858,-0.05000000074505806,0.10973345824050044,-0.038185603463346963,0.023006819212429357,0.7330316389458058,1.262547858397176,-0.000543071536856149,1.2630909299340323,0.0
583,11.66,idle,locomotion,0,1.350000023841858,-0.05000000074505806,0.10973345824050044,-0.03819723243274681,0.023012353977103918,0.7330406542333912,1.2625563674168172,-0.00054319014469301,1.2630995575615103,0.0
584,11.68,idle,locomotion,0,1.350000023841858,-0.05000000074505806,0.10973345824050044,-0.038208814996821834,0.02301802605195593,0.7330497119743355,1.2625649119606401,-0.00054330706449119,1.2631082190251313,0.0
585,11.7,idle,locomotion,0,1.350000023841858,-0.05000000074505806,0.10973345824050044,-0.03822035552593839,0.02302381903649877,0.7330588270106246,1.2625735054858347,-0.0005434285107532681,1.263116933996588,0.0
586,11.72,idle,locomotion,0,1.350000023841858,-0.05000000074505806,0.10973345824050044,-0.038231864890277516,0.02302970871227988,0.7330680003060207,1.262582151114074,-0.0005435760811925948,1.2631257271952665,0.0
587,11.74,idle,locomotion,0,1.350000023841858,-0.05000000074505806,0.10973345824050044,-0.038243364279030315,0.023035651542145548,0.7330772446694744,1.2625908559873944,-0.0005437900839434864,1.263134646071338,0.0
588,11.76,idle,locomotion,0,1.350000023841858,-0.05000000074505806,0.10973345824050044,-0.03825489409012543,0.023041545030152023,0.7330865890098985,1.2625996460447955,-0.0005441463611942227,1.2631437924059896,0.0
589,11.78,idle,locomotion,0,1.350000023841858,-0.05000000074505806,0.10973345824050044,-0.03826647358078295,0.023047326022679546,0.7330960247718551,1.2626085144266046,-0.000544616176336242,1.2631531306029409,0.0
590,11.8,idle,locomotion,0,1.350000023841858,-0.05000000074505806,0.10973345824050044,-0.038278120412886654,0.023052952470126915,0.733105536001704,1.262617448496485,-0.0005451746580224723,1.2631626231545074,0.0
591,11.82,idle,locomotion,0,1.350000023841858,-0.05000000074505806,0.10973345824050044,-0.03828984741883977,0.023058388073428113,0.7331150853807379,1.2626264154703863,-0.0005457908355996043,1.263172206305986,0.0
592,11.84,idle,locomotion,0,1.350000023841858,-0.05000000074505806,0.10973345824050044,-0.03830166438381371,0.023063599727225874,0.7331246398841875,1.2626353852163428,-0.0005464408509686033,1.2631818260673113,0.0
593,11.86,idle,locomotion,0,1.350000023841858,-0.05000000074505806,0.10973345824050044,-0.038313577417153716,0.023068554359116446,0.7331341760698208,1.2626443375924477,-0.0005471097439550786,1.2631914473364028,0.0
594,11.88,idle,locomotion,0,1.350000023841858,-0.05000000074505806,0.10973345824050044,-0.03832558920006036,0.02307321916664487,0.7331436743420503,1.2626532570537712,-0.0005477885986049057,1.2632010456523761,0.0
595,11.9,idle,locomotion,0,1.350000023841858,-0.05000000074505806,0.10973345824050044,-0.03833770269852164,0.023077566404642293,0.7331531246276576,1.2626621364213901,-0.0005484729604406241,1.2632106093818307,0.0
596,11.92,idle,locomotion,0,1.350000023841858,-0.05000000074505806,0.10973345824050044,-0.038349920045455115,0.023081572518045587,0.733162528704321,1.2626709791369992,-0.0005491609120037745,1.263220140049003,0.0
597,11.94,idle,locomotion,0,1.350000023841858,-0.05000000074505806,0.10973345824050044,-0.038362241109972404,0.02308521685853456,0.7331718937965205,1.2626797942750076,-0.000549851701596625,1.2632296459766044,0.0
598,11.96,idle,locomotion,0,1.350000023841858,-0.05000000074505806,0.10973345824050044,-0.038374666218084504,0.023088482628394493,0.7331812234906324,1.2626885868824336,-0.0005505453156039557,1.2632391321980376,0.0
599,11.98,idle,locomotion,0,1.350000023841858,-0.05000000074505806,0.10973345824050044,-0.038387195554221376,0.02309135773624576,0.7331905247449169,1.262697364224184,-0.0005512539389977526,1.263248618163182,0.0
600,12.0,idle,locomotion,0,1.350000023841858,-0.05000000074505806,0.10973345824050044,-0.03839981495654172,0.02309383812240578,0.7331997879206066,1.2627061218443332,-0.0005519370154529885,1.2632580588597861,0.0
601,12.02,idle,locomotion,0,1.350000023841858,-0.05000000074505806,0.10973345824050044,-0.03841246772586341,0.023095972851093143,0.7332089565638586,1.2627148068853151,-0.0005524733242004212,1.2632672802095155,0.0
602,12.04,idle,locomotion,0,1.350000023841858,-0.05000000074505806,0.10973345824050044,-0.03842515417112387,0.023097786187447737,0.7332180744037545,1.2627234579225524,-0.0005529472150639404,1.2632764051376164,0.0
603,12.06,idle,locomotion,0,1.350000023841858,-0.05000000074505806,0.10973345824050044,-0.038437868276226646,0.023099289866285865,0.7332271899329165,1.2627321172644945,-0.0005533920189731423,1.2632855092834676,0.0
604,12.08,idle,locomotion,0,1.350000023841858,-0.05000000074505806,0.10973345824050044,-0.03845059999259302,0.023100496566532427,0.7332363473677512,1.262740823317556,-0.0005538215148080984,1.2632946448323643,0.0
605,12.1,idle,locomotion,0,1.350000023841858,-0.05000000074505806,0.10973345824050044,-0.03846333609901268,0.02310142514885065,0.7332455494850167,1.2627495838681906,-0.0005542518895852513,1.263303835757776,0.0
606,12.12,idle,locomotion,0,1.350000023841858,-0.05000000074505806,0.10973345824050044,-0.038476068897641526,0.023102098242013164,0.7332547869525449,1.2627583890560659,-0.0005546812602458227,1.2633130703163116,0.0
607,12.14,idle,locomotion,0,1.350000023841858,-0.05000000074505806,0.10973345824050044,-0.038488805004158785,0.02310253913136598,0.7332640738495562,1.2627672430582846,-0.0005551185119716459,1.2633223615702562,0.0
608,12.16,idle,locomotion,0,1.350000023841858,-0.05000000074505806,0.10973345824050044,-0.03850153957925632,0.023102773867110175,0.7332734097580335,1.2627761427814366,-0.0005555586040833123,1.2633317013855199,0.0
609,12.18,idle,locomotion,0,1.350000023841858,-0.05000000074505806,0.10973345824050044,-0.038514294080708535,0.0231028040979252,0.7332828187967017,1.262785105648039,-0.0005560717789040472,1.2633411774269432,0.0
610,12.2,idle,locomotion,0,1.350000023841858,-0.05000000074505806,0.10973345824050044,-0.038527116679398364,0.02310259505360128,0.7332923275469908,1.2627941522617219,-0.0005567368460491738,1.263350889107771,0.0
611,12.22,idle,locomotion,0,1.350000023841858,-0.05000000074505806,0.10973345824050044,-0.038540037023676504,0.023102119365248423,0.7333019004945981,1.262803248052245,-0.0005575322604041352,1.2633607803126492,0.0
612,12.24,idle,locomotion,0,1.350000023841858,-0.05000000074505806,0.10973345824050044,-0.038553076729087005,0.023101357723118526,0.7333114823089342,1.2628123407344518,-0.0005584214234998566,1.2633707621579517,0.0
613,12.26,idle,locomotion,0,1.350000023841858,-0.05000000074505806,0.10973345824050044,-0.0385662573081747,0.023100293104269656,0.7333210227021153,1.262821382516146,-0.0005593740731937927,1.2633807565893398,0.0
614,12.28,idle,locomotion,0,1.350000023841858,-0.05000000074505806,0.10973345824050044,-0.038579596307067913,0.02309890837705671,0.733330488822402,1.2628303425623113,-0.0005603691255169664,1.2633907116878282,0.0
615,12.3,idle,locomotion,0,1.350000023841858,-0.05000000074505806,0.10973345824050044,-0.038593105589528075,0.02309719294579044,0.7333398641555856,1.2628392073150654,-0.0005613918500998495,1.2634005991651653,0.0
616,12.32,idle,locomotion,0,1.350000023841858,-0.05000000074505806,0.10973345824050044,-0.03860679498930499,0.02309513756834942,0.7333491386784792,1.2628479688654772,-0.0005624326772859373,1.2634104015427632,0.0
617,12.34,idle,locomotion,0,1.350000023841858,-0.05000000074505806,0.10973345824050044,-0.03862066668994828,0.023092731821789104,0.7333583113278931,1.262856630049038,-0.0005634855901165553,1.2634201156391547,0.0
618,12.36,idle,locomotion,0,1.350000023841858,-0.05000000074505806,0.10973345824050044,-0.038634718211787156,0.023089966783547404,0.7333673928531473,1.2628652060961976,-0.0005645472167220833,1.2634297533129197,0.0
619,12.38,idle,locomotion,0,1.350000023841858,-0.05000000074505806,0.10973345824050044,-0.03864894500463931,0.02308683533384982,0.7333764052729932,1.2628737223314566,-0.0005656159874307953,1.2634393383188873,0.0
620,12.4,idle,locomotion,0,1.350000023841858,-0.05000000074505806,0.10973345824050044,-0.03866334108199626,0.023083333289133794,0.733385376854728,1.2628822090369158,-0.0005666912209923991,1.2634489002579081,0.0
621,12.42,idle,locomotion,0,1.350000023841858,-0.05000000074505806,0.10973345824050044,-0.03867790015455303,0.023079457175856063,0.7333943303795154,1.2628906901585322,-0.0005677727364292035,1.2634584628949614,0.0
622,12.44,idle,locomotion,0,1.350000023841858,-0.05000000074505806,0.10973345824050044,-0.038692613820359975,0.023075203072417342,0.733403281232341,1.262899182455726,-0.0005688607449773411,1.2634680432007035,0.0
623,12.46,idle,locomotion,0,1.350000023841858,-0.05000000074505806,0.10973345824050044,-0.03870747458332045,0.023070570130305144,0.7334122386275324,1.262907695745663,-0.000569954965638126,1.2634776507113012,0.0
624,12.48,idle,locomotion,0,1.350000023841858,-0.05000000074505806,0.10973345824050044,-0.03872247695154129,0.02306555946633042,0.733421203871322,1.262916230876425,-0.0005710549672841951,1.2634872858437092,0.0
625,12.5,idle,locomotion,0,1.350000023841858,-0.05000000074505806,0.10973345824050044,-0.038737614565358,0.023060174794147736,0.7334301781808129,1.262924788246211,-0.0005721605033629611,1.263496948749574,0.0
626,12.52,idle,locomotion,0,1.350000023841858,-0.05000000074505806,0.10973345824050044,-0.03875287772459951,0.02305441983759787,0.7334391628165263,1.2629333699325802,-0.0005732715575312471,1.2635066414901115,0.0
627,12.54,idle,locomotion,0,1.350000023841858,-0.05000000074505806,0.10973345824050044,-0.03876825904531015,0.023048302449594896,0.7334481543943976,1.2629419729320204,-0.0005743875734525762,1.263516360505473,0.0
628,12.56,idle,locomotion,0,1.350000023841858,-0.05000000074505806,0.10973345824050044,-0.03878375303454318,0.023041832381112324,0.7334571540468953,1.2629505965029852,-0.0005755084991391629,1.2635261050021245,0.0
629,12.58,idle,locomotion,0,1.350000023841858,-0.05000000074505806,0.10973345824050044,-0.03879935328288047,0.023035018532232217,0.7334661544520258,1.2629592334435165,-0.0005766340409149133,1.2635358674844315,0.0
630,12.6,idle,locomotion,0,1.350000023841858,-0.05000000074505806,0.10973345824050044,-0.038815054711525514,0.023027872542193205,0.7334751493798047,1.2629678761898437,-0.0005777636456434539,1.2635456398354872,0.0
631,12.62,idle,locomotion,0,1.350000023841858,-0.05000000074505806,0.10973345824050044,-0.038830851889241416,0.02302040806523852,0.7334841391063156,1.2629765238199435,-0.0005788969903228955,1.2635554208102664,0.0
632,12.64,idle,locomotion,0,1.350000023841858,-0.05000000074505806,0.10973345824050044,-0.03884673954823795,0.023012638260850784,0.7334931207481609,1.2629851722030498,-0.0005800342152918192,1.2635652064183416,0.0
633,12.66,idle,locomotion,0,1.350000023841858,-0.05000000074505806,0.10973345824050044,-0.03886271091320984,0.023004576820298807,0.7335020939191538,1.2629938202418491,-0.0005811747924648093,1.263574995034314,0.0
634,12.68,idle,locomotion,0,1.350000023841858,-0.05000000074505806,0.10973345824050044,-0.038878759989259264,0.02299623844636554,0.7335110603973843,1.2630024687613217,-0.0005823183716127424,1.2635847871329344,0.0
635,12.7,idle,locomotion,0,1.350000023841858,-0.05000000074505806,0.10973345824050044,-0.03889488074239022,0.022987638638576734,0.733520022115855,1.263011118342684,-0.0005834651438450592,1.263594583486529,0.0
636,12.72,idle,locomotion,0,1.350000023841858,-0.05000000074505806,0.10973345824050044,-0.038911065423084625,0.02297879190329766,0.7335289814548118,1.2630197708953244,-0.0005846149418862225,1.2636043858372106,0.0
637,12.74,idle,locomotion,0,1.350000023841858,-0.05000000074505806,0.10973345824050044,-0.038927305244292706,0.022969712489483953,0.733537940709601,1.2630284289125,-0.0005857674629695282,1.2636141963754695,0.0
638,12.76,idle,locomotion,0,1.350000023841858,-0.05000000074505806,0.10973345824050044,-0.03894359328713271,0.02296041530244679,0.7335469011305299,1.2630370931495407,-0.0005869225102048403,1.2636240156597456,0.0
639,12.78,idle,locomotion,0,1.350000023841858,-0.05000000074505806,0.10973345824050044,-0.03895992289071623,0.022950915220350178,0.7335558657774344,1.2630457657538383,-0.0005880798789837938,1.263633845632822,0.0
640,12.8,idle,locomotion,0,1.350000023841858,-0.05000000074505806,0.10973345824050044,-0.038976287350604884,0.022941226211860948,0.7335648333902535,1.263054445508347,-0.0005892390939080082,1.263643684602255,0.0
641,12.82,idle,locomotion,0,1.350000023841858,-0.05000000074505806,0.10973345824050044,-0.03899268157278883,0.02293136306504811,0.733573800886185,1.263063128668584,-0.0005903999347279323,1.263653528603312,0.0
642,12.84,idle,locomotion,0,1.350000023841858,-0.05000000074505806,0.10973345824050044,-0.039009101019738084,0.022921339908854345,0.733582767120382,1.2630718134406391,-0.000591562246390169,1.2636633756870292,0.0
643,12.86,idle,locomotion,0,1.350000023841858,-0.05000000074505806,0.10973345824050044,-0.03902554076578309,0.02291117105636831,0.7335917357352084,1.263080502438414,-0.0005927258972972596,1.2636732283357113,0.0
644,12.88,idle,locomotion,0,1.350000023841858,-0.05000000074505806,0.10973345824050044,-0.039041995470330576,0.02290086981803317,0.7336007117975546,1.2630892000003395,-0.0005938910570378528,1.2636830910573773,0.0
645,12.9,idle,locomotion,0,1.350000023841858,-0.05000000074505806,0.10973345824050044,-0.03905845790890215,0.022890447822731454,0.7336096986221732,1.2630979098646133,-0.000595057491719661,1.263692967356333,0.0
646,12.92,idle,locomotion,0,1.350000023841858,-0.05000000074505806,0.10973345824050044,-0.039074922054191226,0.02287991705832618,0.7336186965210957,1.2631066328562095,-0.0005962250330252931,1.2637028578892349,0.0
647,12.94,idle,locomotion,0,1.350000023841858,-0.05000000074505806,0.10973345824050044,-0.03909138398928024,0.022869289772020022,0.7336277073884473,1.2631153702264817,-0.0005973933646863661,1.263712763591168,0.0
648,12.96,idle,locomotion,0,1.350000023841858,-0.05000000074505806,0.10973345824050044,-0.03910784047927242,0.022858577914859082,0.7336367342853035,1.2631241240180655,-0.0005985627047825313,1.263722686722848,0.0
649,12.98,idle,locomotion,0,1.350000023841858,-0.05000000074505806,0.10973345824050044,-0.03912428787512641,0.02284779071462051,0.7336457762116129,1.2631328927395566,-0.0005997328980640697,1.2637326256376207,0.0
650,13.0,idle,locomotion,0,1.350000023841858,-0.05000000074505806,0.10973345824050044,-0.0391407217617095,0.022836936298818996,0.7336548334532759,1.2631416766118708,-0.0006009036356957667,1.2637425802475666,0.0
651,13.02,idle,locomotion,0,1.350000023841858,-0.05000000074505806,0.10973345824050044,-0.03915713876209134,0.022826023709627514,0.733663907614319,1.2631504768512922,-0.0006020748903760552,1.2637525517416683,0.0
652,13.04,idle,locomotion,0,1.350000023841858,-0.05000000074505806,0.10973345824050044,-0.03917353398472049,0.022815060759316476,0.733673004938145,1.2631592996912397,-0.000603246470460922,1.2637625461617006,0.0
653,13.06,idle,locomotion,0,1.350000023841858,-0.05000000074505806,0.10973345824050044,-0.03918990447275149,0.022804054736720644,0.7336821226797633,1.263168143153406,-0.0006044206940769258,1.263772563847483,0.0
654,13.08,idle,locomotion,0,1.350000023841858,-0.05000000074505806,0.10973345824050044,-0.03920624944380938,0.02279301249954437,0.733691256743144,1.2631770022166624,-0.0006055977600951008,1.2637825999767576,0.0
655,13.1,idle,locomotion,0,1.350000023841858,-0.05000000074505806,0.10973345824050044,-0.03922256734655521,0.02278194112808221,0.7337004090319691,1.2631858782251029,-0.000606774939517607,1.2637926531646204,0.0
656,13.12,idle,locomotion,0,1.350000023841858,-0.05000000074505806,0.10973345824050044,-0.03923885630707182,0.022770846041221843,0.7337095811117995,1.263194772551747,-0.0006079522057858798,1.2638027247575327,0.0
657,13.14,idle,locomotion,0,1.350000023841858,-0.05000000074505806,0.10973345824050044,-0.03925511250285558,0.0227597315381709,0.733718776361241,1.2632036892661191,-0.0006091296187044279,1.2638128188848237,0.0
658,13.16,idle,locomotion,0,1.350000023841858,-0.05000000074505806,0.10973345824050044,-0.03927133546467859,0.022748601383578173,0.7337279872856295,1.2632126216786506,-0.00061030708584758,1.2638229287644982,0.0
659,13.18,idle,locomotion,0,1.350000023841858,-0.05000000074505806,0.10973345824050044,-0.039287524911957826,0.022737459237108494,0.7337372125395757,1.2632215679162115,-0.0006114845681104743,1.263833052484322,0.0
660,13.2,idle,locomotion,0,1.350000023841858,-0.05000000074505806,0.10973345824050044,-0.03930368096086872,0.022726310262051883,0.7337464564195172,1.2632305319993167,-0.0006126619806118595,1.2638431939799286,0.0
661,13.22,idle,locomotion,0,1.350000023841858,-0.05000000074505806,0.10973345824050044,-0.0393198035398102,0.022715156942900192,0.7337557201265715,1.2632395146893365,-0.0006138394477403289,1.263853354137077,0.0
662,13.24,idle,locomotion,0,1.350000023841858,-0.05000000074505806,0.10973345824050044,-0.03933589087562365,0.02270400179508382,0.7337650110827054,1.2632485232758273,-0.0006150170040510987,1.2638635402798784,0.0
663,13.26,idle,locomotion,0,1.350000023841858,-0.05000000074505806,0.10973345824050044,-0.03935194335627652,0.022692846213766195,0.7337743280396366,1.2632575564978148,-0.0006161947087024791,1.2638737512065172,0.0
664,13.28,idle,locomotion,0,1.350000023841858,-0.05000000074505806,0.10973345824050044,-0.03936796032721001,0.022681691059346278,0.7337836708375738,1.2632666137713287,-0.0006173725953462911,1.2638839863666749,0.0
665,13.3,idle,locomotion,0,1.350000023841858,-0.05000000074505806,0.10973345824050044,-0.03938394179191165,0.02267053600873636,0.7337930371737288,1.2632756935628988,-0.0006185505840278598,1.2638942441469267,0.0
666,13.32,idle,locomotion,0,1.350000023841858,-0.05000000074505806,0.10973345824050044,-0.039399890757292014,0.022659382143070176,0.7338024205400262,1.2632847886993483,-0.0006197285140411186,1.2639045172133894,0.0
667,13.34,idle,locomotion,0,1.350000023841858,-0.05000000074505806,0.10973345824050044,-0.03941581097696314,0.022648232030362973,0.7338118226227062,1.2632938987052096,-0.0006209065677684235,1.263914805272978,0.0
668,13.36,idle,locomotion,0,1.350000023841858,-0.05000000074505806,0.10973345824050044,-0.03943170291866294,0.022637083776221013,0.733821242824426,1.263303022986391,-0.0006220849550792364,1.2639251079414704,0.0
669,13.38,idle,locomotion,0,1.350000023841858,-0.05000000074505806,0.10973345824050044,-0.039447565119657066,0.022625936867223796,0.7338306854909256,1.2633121662352917,-0.0006232635738224919,1.2639354298091143,0.0
670,13.4,idle,locomotion,0,1.350000023841858,-0.05000000074505806,0.10973345824050044,-0.03946339779281562,0.022614791586679252,0.7338401590989769,1.2633213361315574,-0.000624442360294717,1.2639457784918522,0.0
671,13.42,idle,locomotion,0,1.350000023841858,-0.05000000074505806,0.10973345824050044,-0.03947920086606094,0.022603644747908554,0.7338496600323449,1.2633305295177202,-0.0006256214144274644,1.2639561509321477,0.0
672,13.44,idle,locomotion,0,1.350000023841858,-0.05000000074505806,0.10973345824050044,-0.03949497291824365,0.02259249415800474,0.7338591881022505,1.2633397466755067,-0.0006268006399350982,1.2639665473154418,0.0
673,13.46,idle,locomotion,0,1.350000023841858,-0.05000000074505806,0.10973345824050044,-0.03951071418669702,0.022581340169196825,0.7338687488939594,1.2633489927221888,-0.000627980007409247,1.263976972729598,0.0
674,13.48,idle,locomotion,0,1.350000023841858,-0.05000000074505806,0.10973345824050044,-0.03952642552665327,0.022570181316021343,0.7338783433878996,1.2633582680144502,-0.0006291596947592369,1.2639874277092094,0.0
675,13.5,idle,locomotion,0,1.350000023841858,-0.05000000074505806,0.10973345824050044,-0.03954210695953707,0.022559013802003116,0.7338879653189818,1.2633675670429703,-0.00063033984933894,1.2639979068923093,0.0
676,13.52,idle,locomotion,0,1.350000023841858,-0.05000000074505806,0.10973345824050044,-0.039557759844751066,0.02254783497368909,0.7338976056114525,1.263376881272175,-0.0006315201130237084,1.2640084013851989,0.0
677,13.54,idle,locomotion,0,1.350000023841858,-0.05000000074505806,0.10973345824050044,-0.039573384920300395,0.022536645417498353,0.733907270505682,1.2633862159352651,-0.0006327004306525483,1.2640189163659177,0.0
678,13.56,idle,locomotion,0,1.350000023841858,-0.05000000074505806,0.10973345824050044,-0.03958898284721455,0.022525443421856896,0.7339169658641562,1.2633955766368608,-0.0006338809958960009,1.2640294576327566,0.0
679,13.58,idle,locomotion,0,1.350000023841858,-0.05000000074505806,0.10973345824050044,-0.039604554111735704,0.022514225491950073,0.7339266871033822,1.2634049591928236,-0.0006350619070883065,1.2640400210999119,0.0
680,13.6,idle,locomotion,0,1.350000023841858,-0.05000000074505806,0.10973345824050044,-0.03962009950244795,0.022502989447651032,0.733936432181848,1.2634143614860647,-0.0006362431510694225,1.264050604637134,0.0
681,13.62,idle,locomotion,0,1.350000023841858,-0.05000000074505806,0.10973345824050044,-0.039635619766629875,0.022491733369694174,0.7339462011399358,1.2634237835952757,-0.0006374246295063925,1.2640612082247822,0.0
682,13.64,idle,locomotion,0,1.350000023841858,-0.05000000074505806,0.10973345824050044,-0.03965111472479177,0.022480456382564403,0.7339559993972494,1.263433230315624,-0.0006386064640398759,1.2640718367796637,0.0
683,13.66,idle,locomotion,0,1.350000023841858,-0.05000000074505806,0.10973345824050044,-0.039666583580807546,0.022469156252880988,0.7339658327686841,1.2634427074640364,-0.0006397888071922875,1.2640824962712287,0.0
684,13.68,idle,locomotion,0,1.350000023841858,-0.05000000074505806,0.10973345824050044,-0.039682025462904835,0.02245782968914846,0.7339756991774206,1.2634522136293946,-0.0006409715558065472,1.264093185185201,0.0
685,13.7,idle,locomotion,0,1.350000023841858,-0.05000000074505806,0.10973345824050044,-0.03969744116646645,0.022446473390423317,0.7339855869016845,1.2634617382417104,-0.0006421543561719346,1.2641038925978823,0.0
686,13.72,idle,locomotion,0,1.350000023841858,-0.05000000074505806,0.10973345824050044,-0.03971283109248263,0.022435086687013966,0.7339954956690066,1.2634712809403625,-0.0006433371731998754,1.2641146181135625,0.0
687,13.74,idle,locomotion,0,1.350000023841858,-0.05000000074505806,0.10973345824050044,-0.03972819515480735,0.022423669684436248,0.7340054356729786,1.2634808517376617,-0.0006445202137752293,1.264125371951437,0.0
688,13.76,idle,locomotion,0,1.350000023841858,-0.05000000074505806,0.10973345824050044,-0.039743534419618205,0.022412220765027052,0.7340154059403641,1.26349044975313,-0.0006457037941676007,1.2641361535472977,0.0
689,13.78,idle,locomotion,0,1.350000023841858,-0.05000000074505806,0.10973345824050044,-0.03975884967659816,0.022400737512101497,0.7340253996748018,1.2635000684124915,-0.0006468878580120282,1.2641469562705034,0.0
690,13.8,idle,locomotion,0,1.350000023841858,-0.05000000074505806,0.10973345824050044,-0.039774141696702306,0.022389217259899192,0.7340354091396555,1.2635097009915466,-0.0006480721990810845,1.2641577731906277,0.0
691,13.82,idle,locomotion,0,1.350000023841858,-0.05000000074505806,0.10973345824050044,-0.0397894110263517,0.022377660122202235,0.7340454365139467,1.2635193498536312,-0.0006492566343816418,1.2641686064880129,0.0
692,13.84,idle,locomotion,0,1.350000023841858,-0.05000000074505806,0.10973345824050044,-0.03980465760854376,0.02236606578940812,0.7340554933409822,1.2635290262952932,-0.000650438250821811,1.264179464546115,0.0
693,13.86,idle,locomotion,0,1.350000023841858,-0.05000000074505806,0.10973345824050044,-0.03981988227847745,0.022354423654964744,0.7340655875021489,1.2635387385024102,-0.0006516195005801598,1.2641903580029903,0.0
694,13.88,idle,locomotion,0,1.350000023841858,-0.05000000074505806,0.10973345824050044,-0.03983508699424394,0.022342726106082633,0.7340757218039531,1.2635484886394541,-0.0006528112449704047,1.2642012998844245,0.0
695,13.9,idle,locomotion,0,1.350000023841858,-0.05000000074505806,0.10973345824050044,-0.039850273040573925,0.022330968701378167,0.7340858949848922,1.2635582755849388,-0.0006540148153392419,1.2642122904002782,0.0
696,13.92,idle,locomotion,0,1.350000023841858,-0.05000000074505806,0.10973345824050044,-0.03986544056500411,0.022319154376069166,0.7340960950528822,1.2635680889743826,-0.000655227319752899,1.2642233162941354,0.0
697,13.94,idle,locomotion,0,1.350000023841858,-0.05000000074505806,0.10973345824050044,-0.03988058873999563,0.022307294649615367,0.7341063147743728,1.2635779230141917,-0.000656445545136497,1.2642343685593282,0.0
698,13.96,idle,locomotion,0,1.350000023841858,-0.05000000074505806,0.10973345824050044,-0.03989571542853701,0.022295403549404142,0.7341165613487781,1.2635877859319173,-0.0006576667555002122,1.2642454526874176,0.0
699,13.98,idle,locomotion,0,1.350000023841858,-0.05000000074505806,0.10973345824050044,-0.03991081878199531,0.022283493858272496,0.7341268384162197,1.263597682941847,-0.0006588892542268021,1.2642565721960737,0.0
700,14.0,idle,locomotion,0,1.350000023841858,-0.05000000074505806,0.10973345824050044,-0.039925898785928685,0.02227157169522245,0.734137139898082,1.263607609003637,-0.000660112471527044,1.264267721475164,0.0
701,14.02,idle,locomotion,0,1.350000023841858,-0.05000000074505806,0.10973345824050044,-0.03994095566560548,0.022259636281027027,0.7341474604986671,1.263617559569101,-0.0006613369071834796,1.2642788964762846,0.0
702,14.04,idle,locomotion,0,1.350000023841858,-0.05000000074505806,0.10973345824050044,-0.03995599032731046,0.022247688067960566,0.7341577951232168,1.2636275299641242,-0.0006625633741959847,1.26429009333832,0.0
703,14.06,idle,locomotion,0,1.350000023841858,-0.05000000074505806,0.10973345824050044,-0.0399710042621192,0.02223572824323029,0.7341681413011882,1.2636375172930068,-0.0006637922082601139,1.264301309501267,0.0
704,14.08,idle,locomotion,0,1.350000023841858,-0.05000000074505806,0.10973345824050044,-0.03998599917608104,0.022223756079521657,0.7341784961601505,1.2636475185432003,-0.0006650238757628969,1.2643125424189632,0.0
705,14.1,idle,locomotion,0,1.350000023841858,-0.05000000074505806,0.10973345824050044,-0.04000097601825734,0.022211773215137724,0.734188858918347,1.2636575324947112,-0.0006662589101382455,1.2643237914048495,0.0
706,14.12,idle,locomotion,0,1.350000023841858,-0.05000000074505806,0.10973345824050044,-0.04001593523314477,0.022199782982818717,0.7341992333341781,1.2636675623000817,-0.0006674973370579228,1.2643350596371397,0.0
707,14.14,idle,locomotion,0,1.350000023841858,-0.05000000074505806,0.10973345824050044,-0.04003087767504281,0.022187786831133406,0.734209619585562,1.263677607810914,-0.0006687390517745757,1.2643463468626885,0.0
708,14.16,idle,locomotion,0,1.350000023841858,-0.05000000074505806,0.10973345824050044,-0.04004580488508678,0.022175786503274123,0.7342200141497254,1.2636876651463236,-0.0006699840778546448,1.2643576492241781,0.0
709,14.18,idle,locomotion,0,1.350000023841858,-0.05000000074505806,0.10973345824050044,-0.04006071790147353,0.02216378563163698,0.7342304207897161,1.263697737143303,-0.0006712323215204742,1.2643689694648235,0.0
710,14.2,idle,locomotion,0,1.350000023841858,-0.05000000074505806,0.10973345824050044,-0.040075617368396196,0.022151785923923365,0.7342408436993193,1.2637078276893507,-0.0006724838074629209,1.2643803114968137,0.0
711,14.22,idle,locomotion,0,1.350000023841858,-0.05000000074505806,0.10973345824050044,-0.04009050317839398,0.022139791630807766,0.7342512872198271,1.2637179404358938,-0.0006737386335320533,1.2643916790694258,0.0
712,14.24,idle,locomotion,0,1.350000023841858,-0.05000000074505806,0.10973345824050044,-0.04010537446190245,0.02212780845482196,0.7342617615199026,1.2637280843851273,-0.0006749964372605062,1.2644030808223878,0.0
713,14.26,idle,locomotion,0,1.350000023841858,-0.05000000074505806,0.10973345824050044,-0.040120231590545695,0.0221158364161738,0.7342722649047855,1.263738257502396,-0.0006762572066278463,1.264414514709024,0.0
714,14.28,idle,locomotion,0,1.350000023841858,-0.05000000074505806,0.10973345824050044,-0.040135073546607045,0.022103874086649187,0.7342827950025742,1.263748457090283,-0.000677520803700437,1.2644259778939835,0.0
715,14.3,idle,locomotion,0,1.350000023841858,-0.05000000074505806,0.10973345824050044,-0.04014989944342939,0.022091921779815664,0.7342933487727719,1.2637586807141128,-0.0006787872139338569,1.2644374679280466,0.0
716,14.32,idle,locomotion,0,1.350000023841858,-0.05000000074505806,0.10973345824050044,-0.040164708612566616,0.0220799812389398,0.7343039258244123,1.26376892779124,-0.0006800562908998338,1.2644489840821398,0.0
717,14.34,idle,locomotion,0,1.350000023841858,-0.05000000074505806,0.10973345824050044,-0.04017950033109491,0.02206805589903884,0.7343145309731701,1.2637792028929145,-0.0006813279343919794,1.2644605308273065,0.0
718,14.36,idle,locomotion,0,1.350000023841858,-0.05000000074505806,0.10973345824050044,-0.04019427412335235,0.022056148231895015,0.7343251669742911,1.263789508294509,-0.0006826019403837966,1.2644721102348928,0.0
719,14.38,idle,locomotion,0,1.350000023841858,-0.05000000074505806,0.10973345824050044,-0.040209029037469285,0.022044258659213764,0.734335836096509,1.263799845951367,-0.0006838781967517457,1.2644837241481188,0.0
720,14.4,idle,locomotion,0,1.350000023841858,-0.05000000074505806,0.10973345824050044,-0.040223763263029566,0.022032384584386108,0.7343465436201932,1.2638102211631594,-0.0006851569042780892,1.2644953780674375,0.0
721,14.42,idle,locomotion,0,1.350000023841858,-0.05000000074505806,0.10973345824050044,-0.040238476292010314,0.022020524838047836,0.7343572864047159,1.2638206312669442,-0.0006864379901014295,1.2645070692570457,0.0
722,14.44,idle,locomotion,0,1.350000023841858,-0.05000000074505806,0.10973345824050044,-0.040253168559263926,0.02200867995465383,0.7343680578254761,1.263831069509228,-0.0006877213635918152,1.26451879087282,0.0
723,14.46,idle,locomotion,0,1.350000023841858,-0.05000000074505806,0.10973345824050044,-0.040267839463946395,0.02199685175731078,0.7343788636078984,1.2638415409310153,-0.0006890067630106501,1.264530547694026,0.0
724,14.48,idle,locomotion,0,1.350000023841858,-0.05000000074505806,0.10973345824050044,-0.04028248784252922,0.021985039504787286,0.7343897108008226,1.2638520525766463,-0.0006902942078717833,1.264542346784518,0.0
725,14.5,idle,locomotion,0,1.350000023841858,-0.05000000074505806,0.10973345824050044,-0.04029711303978318,0.021973242724234853,0.7344005978959749,1.2638626030550908,-0.0006915838053078056,1.2645541868603987,0.0
726,14.52,idle,locomotion,0,1.350000023841858,-0.05000000074505806,0.10973345824050044,-0.04031171447424185,0.021961460844577355,0.7344115232566272,1.2638731906322676,-0.0006928755905650993,1.2645660662228326,0.0
727,14.54,idle,locomotion,0,1.350000023841858,-0.05000000074505806,0.10973345824050044,-0.040326292029685976,0.02194968989319174,0.7344224824435119,1.2638838114508748,-0.0006941694946274758,1.2645779809455022,0.0
728,14.56,idle,locomotion,0,1.350000023841858,-0.05000000074505806,0.10973345824050044,-0.0403408455917094,0.02193792896345584,0.7344334731705627,1.263894463407733,-0.0006954654286724718,1.2645899288364053,0.0
729,14.58,idle,locomotion,0,1.350000023841858,-0.05000000074505806,0.10973345824050044,-0.04035537419543405,0.02192617821227416,0.7344445009586117,1.2639051521379394,-0.0006967632808655873,1.264601915418805,0.0
730,14.6,idle,locomotion,0,1.350000023841858,-0.05000000074505806,0.10973345824050044,-0.04036987792567429,0.02191443660744499,0.7344555657845521,1.2639158779702169,-0.0006980629936084969,1.2646139409638253,0.0
731,14.62,idle,locomotion,0,1.350000023841858,-0.05000000074505806,0.10973345824050044,-0.04038435728753568,0.02190270430203918,0.7344666677290095,1.26392664056852,-0.0006993645432173123,1.2646260051117375,0.0
732,14.64,idle,locomotion,0,1.350000023841858,-0.05000000074505806,0.10973345824050044,-0.040398812520552316,0.021890980416638686,0.7344778118292856,1.2639374447079272,-0.0007006680742633019,1.2646381127821906,0.0
733,14.66,idle,locomotion,0,1.350000023841858,-0.05000000074505806,0.10973345824050044,-0.040413243797735254,0.021879265639085585,0.7344890007625704,1.2639482926755439,-0.0007019736519308997,1.2646502663274748,0.0
734,14.68,idle,locomotion,0,1.350000023841858,-0.05000000074505806,0.10973345824050044,-0.04042765131575724,0.021867556353016696,0.7345002312942075,1.263959181514795,-0.0007032811540026059,1.2646624626687977,0.0
735,14.7,idle,locomotion,0,1.350000023841858,-0.05000000074505806,0.10973345824050044,-0.04044203423229656,0.021855851823763484,0.7345115024100896,1.2639701103482344,-0.0007045906358585478,1.2646747009840928,0.0
736,14.72,idle,locomotion,0,1.350000023841858,-0.05000000074505806,0.10973345824050044,-0.040456392668190864,0.02184415228831483,0.734522815823202,1.2639810807722507,-0.0007059020336265612,1.2646869828058773,0.0
737,14.74,idle,locomotion,0,1.350000023841858,-0.05000000074505806,0.10973345824050044,-0.04047072742619171,0.0218324543425097,0.7345341670725594,1.2639920886775038,-0.0007072153446265536,1.2646993040221304,0.0
738,14.76,idle,locomotion,0,1.350000023841858,-0.05000000074505806,0.10973345824050044,-0.04048503776939626,0.02182075800345638,0.734545559165569,1.264003136884605,-0.000708530468067365,1.2647116673526724,0.0
739,14.78,idle,locomotion,0,1.350000023841858,-0.05000000074505806,0.10973345824050044,-0.04049932400305376,0.02180906090970331,0.7345569918616278,1.2640142258713563,-0.0007098472997159773,1.2647240731710723,0.0
740,14.8,idle,locomotion,0,1.350000023841858,-0.05000000074505806,0.10973345824050044,-0.040513586265148914,0.021797362934280293,0.7345684668583342,1.2640253569137507,-0.0007111657959921053,1.264736522709743,0.0
741,14.82,idle,locomotion,0,1.350000023841858,-0.05000000074505806,0.10973345824050044,-0.04052782499530904,0.02178566363756549,0.7345799847287497,1.264036530809114,-0.0007124860629626958,1.2647490168720765,0.0
742,14.84,idle,locomotion,0,1.350000023841858,-0.05000000074505806,0.10973345824050044,-0.040542041153346024,0.02177396142375657,0.7345915423030328,1.264047744367407,-0.0007138081534535552,1.2647615525208604,0.0
743,14.86,idle,locomotion,0,1.350000023841858,-0.05000000074505806,0.10973345824050044,-0.04055623432642931,0.021762257426543245,0.7346031459625759,1.264059003563512,-0.0007151320880230336,1.264774135651535,0.0
744,14.88,idle,locomotion,0,1.350000023841858,-0.05000000074505806,0.10973345824050044,-0.04057040599767351,0.021750549202289526,0.7346147905268459,1.2640703038243066,-0.0007164577227588738,1.2647867615470656,0.0
745,14.9,idle,locomotion,0,1.350000023841858,-0.05000000074505806,0.10973345824050044,-0.040584555913689715,0.021738836647845365,0.7346264758647741,1.264081644771098,-0.0007177851244818817,1.26479942989558,0.0
746,14.92,idle,locomotion,0,1.350000023841858,-0.05000000074505806,0.10973345824050044,-0.040598683431709075,0.021727122095783598,0.7346382046898381,1.2640930298464534,-0.0007191140909760113,1.2648121439374294,0.0
747,14.94,idle,locomotion,0,1.350000023841858,-0.05000000074505806,0.10973345824050044,-0.04061278889751093,0.02171540683272988,0.734649977947607,1.2641044597891948,-0.0007204444911274692,1.2648249042803223,0.0
748,14.96,idle,locomotion,0,1.350000023841858,-0.05000000074505806,0.10973345824050044,-0.04062687361504715,0.021703691201447238,0.734661796075149,1.2641159348023747,-0.0007217764427730478,1.2648377112451477,0.0
749,14.98,idle,locomotion,0,1.350000023841858,-0.05000000074505806,0.10973345824050044,-0.040640939027297575,0.02169197373103738,0.7346736576191728,1.264127453127761,-0.0007231099986846554,1.2648505631264457,0.0
750,15.0,idle,locomotion,0,1.350000023841858,-0.05000000074505806,0.10973345824050044,-0.040654985796243846,0.021680254067057446,0.7346855643468555,1.2641390162924622,-0.0007244452663055928,1.2648634615587677,0.0
751,15.02,idle,locomotion,0,1.350000023841858,-0.05000000074505806,0.10973345824050044,-0.04066901445710013,0.021668529350426027,0.7346975171840457,1.2641506256588912,-0.0007257764992969831,1.2648764021581882,0.0
752,15.04,idle,locomotion,0,1.350000023841858,-0.05000000074505806,0.10973345824050044,-0.04068302325874479,0.02165678673155158,0.7347095214097953,1.264162288782605,-0.0007271052881264138,1.2648893940707313,0.0
753,15.06,idle,locomotion,0,1.350000023841858,-0.05000000074505806,0.10973345824050044,-0.0406970128437759,0.021645014883010138,0.7347215785474694,1.2641740077029808,-0.0007284493346043468,1.264902457037585,0.0
754,15.08,idle,locomotion,0,1.350000023841858,-0.05000000074505806,0.10973345824050044,-0.04071098505805722,0.02163320569175816,0.7347336846970002,1.2641857786074582,-0.0007298113478568548,1.264915589955315,0.0
755,15.1,idle,locomotion,0,1.350000023841858,-0.05000000074505806,0.10973345824050044,-0.04072494040363481,0.02162135376417368,0.7347458391043628,1.2641976004049182,-0.0007311882509838316,1.264928788655902,0.0
756,15.12,idle,locomotion,0,1.350000023841858,-0.05000000074505806,0.10973345824050044,-0.04073887853309364,0.021609455073790893,0.7347580405518453,1.2642094720849817,-0.0007325765701231904,1.2649420486551048,0.0
757,15.14,idle,locomotion,0,1.350000023841858,-0.05000000074505806,0.10973345824050044,-0.040752798398280665,0.021597504452974942,0.7347702867981548,1.2642213914464404,-0.0007339734586269166,1.2649553649050673,0.0
758,15.16,idle,locomotion,0,1.350000023841858,-0.05000000074505806,0.10973345824050044,-0.040766697582494106,0.02158549776989702,0.7347825835977232,1.264233363947912,-0.0007353771384127281,1.2649687410863246,0.0
759,15.18,idle,locomotion,0,1.350000023841858,-0.05000000074505806,0.10973345824050044,-0.040780573202103786,0.021573429302785226,0.7347949363182169,1.264245394897998,-0.0007367862348113124,1.2649821811328092,0.0
760,15.2,idle,locomotion,0,1.350000023841858,-0.05000000074505806,0.10973345824050044,-0.040794422821624224,0.021561291317490704,0.7348073416410892,1.2642574814316678,-0.0007381998697307338,1.2649956813013985,0.0
761,15.22,idle,locomotion,0,1.350000023841858,-0.05000000074505806,0.10973345824050044,-0.040808244095590994,0.021549079421484492,0.734819797283104,1.2642696211736153,-0.0007396176080092555,1.2650092387816245,0.0
762,15.24,idle,locomotion,0,1.350000023841858,-0.05000000074505806,0.10973345824050044,-0.04082203516714785,0.02153679081223476,0.734832301827202,1.2642818126404562,-0.000741039198251317,1.2650228518387077,0.0
763,15.26,idle,locomotion,0,1.350000023841858,-0.05000000074505806,0.10973345824050044,-0.040835793103532705,0.021524422715754686,0.7348448586976334,1.2642940589342806,-0.0007424645734238934,1.2650365235077046,0.0
764,15.28,idle,locomotion,0,1.350000023841858,-0.05000000074505806,0.10973345824050044,-0.04084951606518914,0.02151197017845106,0.7348574653384886,1.2643063582093634,-0.000743893802018742,1.2650502520113822,0.0
765,15.3,idle,locomotion,0,1.350000023841858,-0.05000000074505806,0.10973345824050044,-0.040863203033203246,0.021499430696465316,0.7348701205621049,1.2643187090344254,-0.000745326587514309,1.2650640356219398,0.0
766,15.32,idle,locomotion,0,1.350000023841858,-0.05000000074505806,0.10973345824050044,-0.040876852399066785,0.021486805838359685,0.7348828290283531,1.2643311157406578,-0.0007467630086423101,1.2650778787493002,0.0
767,15.34,idle,locomotion,0,1.350000023841858,-0.05000000074505806,0.10973345824050044,-0.04089046237404254,0.021474095420095134,0.7348955949864717,1.264343582070058,-0.0007482033103948828,1.2650917853804529,0.0
768,15.36,idle,locomotion,0,1.350000023841858,-0.05000000074505806,0.10973345824050044,-0.04090403016640235,0.021461300549007217,0.7349084294508437,1.264356118118909,-0.0007496472573248723,1.2651057653762339,0.0
769,15.38,idle,locomotion,0,1.350000023841858,-0.05000000074505806,0.10973345824050044,-0.04091755481594492,0.021448418956351474,0.7349213289047652,1.264368720719513,-0.0007510949713043225,1.2651198156908172,0.0
770,15.4,idle,locomotion,0,1.350000023841858,-0.05000000074505806,0.10973345824050044,-0.040931035730451405,0.02143544862021888,0.7349342822196717,1.264381378825333,-0.0007525463821146904,1.2651339252074478,0.0
771,15.42,idle,locomotion,0,1.350000023841858,-0.05000000074505806,0.10973345824050044,-0.040944471350965336,0.0214223923432528,0.7349472891563734,1.264394092197867,-0.0007540012990502297,1.265148093496917,0.0
772,15.44,idle,locomotion,0,1.350000023841858,-0.05000000074505806,0.10973345824050044,-0.040957860196297685,0.021409253865645874,0.734960357305072,1.2644068678966738,-0.0007554594564192947,1.265162327353093,0.0
773,15.46,idle,locomotion,0,1.350000023841858,-0.05000000074505806,0.10973345824050044,-0.040971201703553,0.02139603487358118,0.7349734899810256,1.2644197090101703,-0.0007569209492419848,1.2651766299594123,0.0
774,15.48,idle,locomotion,0,1.350000023841858,-0.05000000074505806,0.10973345824050044,-0.040984471187902285,0.021382995465086662,0.7349865538513202,1.264432475160701,-0.0007586424661894936,1.2651911176268904,0.0
775,15.5,idle,locomotion,0,1.350000023841858,-0.05000000074505806,0.10973345824050044,-0.040997594511405035,0.021370144381318575,0.7349996125770029,1.2644452479752863,-0.0007601113162174454,1.2652053592915038,0.0
776,15.52,idle,locomotion,0,1.350000023841858,-0.05000000074505806,0.10973345824050044,-0.041010515191797284,0.021357544726129492,0.7350126870268289,1.2644580558130603,-0.0007615078964704376,1.2652195637095307,0.0
777,15.54,idle,locomotion,0,1.350000023841858,-0.05000000074505806,0.10973345824050044,-0.04102322747467398,0.021345215133058797,0.7350258192350704,1.264470942708578,-0.0007628088433141444,1.265233751551892,0.0
778,15.56,idle,locomotion,0,1.350000023841858,-0.05000000074505806,0.10973345824050044,-0.041035733398435546,0.021333191445933364,0.7350390468040545,1.2644839311972353,-0.0007641156842985407,1.265248046881534,0.0
779,15.58,idle,locomotion,0,1.350000023841858,-0.05000000074505806,0.10973345824050044,-0.041048018980866866,0.021321501488332745,0.7350524358572699,1.2644970799635706,-0.0007654205067944633,1.265262500470365,0.0
780,15.6,idle,locomotion,0,1.350000023841858,-0.05000000074505806,0.10973345824050044,-0.04106007425692946,0.02131017936092966,0.7350660377822186,1.2645104357254278,-0.0007667288179132037,1.265277164543341,0.0
781,15.62,idle,locomotion,0,1.350000023841858,-0.05000000074505806,0.10973345824050044,-0.04107189134910708,0.0212992554530348,0.7350798864929811,1.2645240226577332,-0.0007680610990657318,1.265292083756799,0.0
782,15.64,idle,locomotion,0,1.350000023841858,-0.05000000074505806,0.10973345824050044,-0.04108346734315313,0.021288753727761504,0.7350939882114141,1.2645378454653948,-0.0007694068725585049,1.2653072523379534,0.0
783,15.66,idle,locomotion,0,1.350000023841858,-0.05000000074505806,0.10973345824050044,-0.04109478971350552,0.021278686028970917,0.7351083564614268,1.2645519103625842,-0.0007707599496244028,1.2653226703122087,0.0
784,15.68,idle,locomotion,0,1.350000023841858,-0.05000000074505806,0.10973345824050044,-0.041105836924104217,0.021269066865641884,0.7351230143844085,1.2645662421795745,-0.0007721164393327332,1.2653383586189073,0.0
785,15.7,idle,locomotion,0,1.350000023841858,-0.05000000074505806,0.10973345824050044,-0.04111660108135065,0.021259909403451207,0.7351379683779278,1.2645808475683682,-0.0007734857227593532,1.2653543332911275,0.0
786,15.72,idle,locomotion,0,1.350000023841858,-0.05000000074505806,0.10973345824050044,-0.041127084214303763,0.02125117981023383,0.7351532423404654,1.2645957469182605,-0.0007748081874018389,1.2653705551056624,0.0
787,15.74,idle,locomotion,0,1.350000023841858,-0.05000000074505806,0.10973345824050044,-0.041137313025825364,0.021242719065516315,0.7351689001494861,1.264611007396789,-0.0007760533788376545,1.2653870607756268,0.0
788,15.76,idle,locomotion,0,1.350000023841858,-0.05000000074505806,0.10973345824050044,-0.04114734942199985,0.02123441611040115,0.7351849256681467,1.2646266034041753,-0.0007773969644580409,1.2654040003686333,0.0
789,15.78,idle,locomotion,0,1.350000023841858,-0.05000000074505806,0.10973345824050044,-0.04115724556467635,0.021226186884837066,0.7352012735746276,1.2646424849426492,-0.0007788688725537118,1.2654213538152028,0.0
790,15.8,idle,locomotion,0,1.350000023841858,-0.05000000074505806,0.10973345824050044,-0.04116703329397484,0.021217961917940054,0.7352178905165204,1.2646586030024147,-0.0007804461484682973,1.2654390491508831,0.0
791,15.82,idle,locomotion,0,1.350000023841858,-0.05000000074505806,0.10973345824050044,-0.04117673468794207,0.021209678028802047,0.7352347177780413,1.2646749081908721,-0.0007820986561374414,1.2654570068470097,0.0
792,15.84,idle,locomotion,0,1.350000023841858,-0.05000000074505806,0.10973345824050044,-0.0411863699609084,0.021201273443447948,0.7352516943283153,1.2646913502095456,-0.0007838007267023453,1.2654751509362479,0.0
793,15.86,idle,locomotion,0,1.350000023841858,-0.05000000074505806,0.10973345824050044,-0.04119596082395374,0.021192688395439523,0.7352687741701028,1.2647078924576218,-0.0007855340463017897,1.2654934265039237,0.0
794,15.88,idle,locomotion,0,1.350000023841858,-0.05000000074505806,0.10973345824050044,-0.04120553323127536,0.02118386453934372,0.7352859271821843,1.2647245130849338,-0.0007872885610311318,1.265511801645965,0.0
795,15.9,idle,locomotion,0,1.350000023841858,-0.05000000074505806,0.10973345824050044,-0.041215110097159974,0.021174749874000073,0.7353031284669805,1.2647411931004624,-0.0007890568490125233,1.265530249949475,0.0
796,15.92,idle,locomotion,0,1.350000023841858,-0.05000000074505806,0.10973345824050044,-0.041224712325311906,0.021165299521586602,0.7353203671206658,1.264757925345627,-0.000790833321805854,1.2655487586674328,0.0
797,15.94,idle,locomotion,0,1.350000023841858,-0.05000000074505806,0.10973345824050044,-0.041234359825782003,0.02115547069598219,0.7353376358290148,1.2647747051896496,-0.0007926146854350356,1.2655673198750848,0.0
798,15.96,idle,locomotion,0,1.350000023841858,-0.05000000074505806,0.10973345824050044,-0.041244071173417864,0.021145226005422013,0.7353549265548704,1.2647915263730978,-0.000794399194295789,1.2655859255673936,0.0
799,15.98,idle,locomotion,0,1.350000023841858,-0.05000000074505806,0.10973345824050044,-0.04125386203834109,0.02113453894671223,0.7353722405187673,1.2648083903621412,-0.0007961861972715367,1.2656045765594128,0.0
800,16.0,idle,locomotion,0,1.350000023841858,-0.05000000074505806,0.10973345824050044,-0.041263746034140916,0.021123387442462508,0.7353895773184024,1.2648252973201692,-0.0007979753931087845,1.2656232727132781,0.0
801,16.02,idle,locomotion,0,1.350000023841858,-0.05000000074505806,0.10973345824050044,-0.04127373598813285,0.021111752637152825,0.735406926020696,1.2648422370678478,-0.0007997666752509007,1.2656420037430987,0.0
802,16.04,idle,locomotion,0,1.350000023841858,-0.05000000074505806,0.10973345824050044,-0.0412838486207396,0.02109961420883548,0.7354242844089015,1.2648592070246794,-0.0008015625377642312,1.2656607695624436,0.0
803,16.06,idle,locomotion,0,1.350000023841858,-0.05000000074505806,0.10973345824050044,-0.041294107333073024,0.02108695563641538,0.7354416672111408,1.2648762206754873,-0.0008033701663513436,1.2656795908418386,0.0
804,16.08,idle,locomotion,0,1.350000023841858,-0.05000000074505806,0.10973345824050044,-0.04130452265796707,0.021073782636630182,0.7354590734775742,1.2648932773358676,-0.0008051898702796136,1.2656984672061473,0.0
805,16.1,idle,locomotion,0,1.350000023841858,-0.05000000074505806,0.10973345824050044,-0.04131509924458058,0.02106010552525851,0.7354764900390617,1.2649103645921855,-0.0008070181564221283,1.2657173827486077,0.0
806,16.12,idle,locomotion,0,1.350000023841858,-0.05000000074505806,0.10973345824050044,-0.041325839110108925,0.021045935222337032,0.7354939058727092,1.2649274718804406,-0.0008088514097878384,1.2657363232902286,0.0
807,16.14,idle,locomotion,0,1.350000023841858,-0.05000000074505806,0.10973345824050044,-0.04133674563787714,0.02103128182781383,0.7355113026577391,1.264944581806477,-0.0008106868074432942,1.2657552686139204,0.0
808,16.16,idle,locomotion,0,1.350000023841858,-0.05000000074505806,0.10973345824050044,-0.0413477965274822,0.021016132137133218,0.7355286069297146,1.2649616298940374,-0.0008125198013278628,1.2657741496953652,0.0
809,16.18,idle,locomotion,0,1.350000023841858,-0.05000000074505806,0.10973345824050044,-0.04135893535579766,0.021000506847782846,0.7355457572370334,1.2649785551996349,-0.0008143065906807169,1.2657928617903156,0.0
810,16.2,idle,locomotion,0,1.350000023841858,-0.05000000074505806,0.10973345824050044,-0.04137016951812028,0.020984447061772757,0.7355628174122095,1.2649954211484087,-0.0008160549406859667,1.2658114760890946,0.0
811,16.22,idle,locomotion,0,1.350000023841858,-0.05000000074505806,0.10973345824050044,-0.04138150567924952,0.020967981357245462,0.735579834446586,1.2650122597053393,-0.0008177758933851503,1.2658300355987244,0.0
812,16.24,idle,locomotion,0,1.350000023841858,-0.05000000074505806,0.10973345824050044,-0.04139294214827539,0.020951134175732206,0.7355968411667138,1.265029098837401,-0.0008194764252237204,1.2658485752626245,0.0
813,16.26,idle,locomotion,0,1.350000023841858,-0.05000000074505806,0.10973345824050044,-0.04140447713887261,0.020933938636545045,0.7356138624004187,1.2650459523491742,-0.0008211599079439268,1.2658671122571181,0.0
814,16.28,idle,locomotion,0,1.350000023841858,-0.05000000074505806,0.10973345824050044,-0.04141611946807911,0.02091644167699658,0.7356309301179549,1.265062848203412,-0.000822830603078438,1.2658856788064905,0.0
815,16.3,idle,locomotion,0,1.350000023841858,-0.05000000074505806,0.10973345824050044,-0.04142792333805883,0.020898704503468563,0.7356481191478418,1.2650798487643549,-0.0008245198631995319,1.2659043686275544,0.0
816,16.32,idle,locomotion,0,1.350000023841858,-0.05000000074505806,0.10973345824050044,-0.04143992634189535,0.020880743871875385,0.735665406311547,1.2650969301233073,-0.000826252457034559,1.2659231825803419,0.0
817,16.34,idle,locomotion,0,1.350000023841858,-0.05000000074505806,0.10973345824050044,-0.04145214333497293,0.020862572990585804,0.7356827151089442,1.2651140221338608,-0.0008280262456094797,1.2659420483794703,0.0
818,16.36,idle,locomotion,0,1.350000023841858,-0.05000000074505806,0.10973345824050044,-0.04146458305649398,0.020844209694950978,0.7356999806307455,1.265131067898622,-0.0008298326727157398,1.2659609005713377,0.0
819,16.38,idle,locomotion,0,1.350000023841858,-0.05000000074505806,0.10973345824050044,-0.041477255558683826,0.020825668017554838,0.735717159344002,1.2651480313300798,-0.0008316631445164265,1.2659796944745962,0.0
820,16.4,idle,locomotion,0,1.350000023841858,-0.05000000074505806,0.10973345824050044,-0.041490175105425756,0.02080695404070742,0.7357342178165668,1.2651648851661148,-0.0008335114200007133,1.2659983965861155,0.0
821,16.42,idle,locomotion,0,1.350000023841858,-0.05000000074505806,0.10973345824050044,-0.04150335764093014,0.02078807420606467,0.7357511462178881,1.2651816223965526,-0.0008353724985248681,1.2660169948950775,0.0
822,16.44,idle,locomotion,0,1.350000023841858,-0.05000000074505806,0.10973345824050044,-0.041516819117543534,0.02076903392880331,0.7357679517853674,1.265198251349644,-0.0008372431819551746,1.2660354945315992,0.0
823,16.46,idle,locomotion,0,1.350000023841858,-0.05000000074505806,0.10973345824050044,-0.04153057333061201,0.020749833695640867,0.7357846513506419,1.2652147883071356,-0.0008391219021678525,1.2660539102093036,0.0
824,16.48,idle,locomotion,0,1.350000023841858,-0.05000000074505806,0.10973345824050044,-0.04154463197543808,0.020730474386227417,0.7358012673094584,1.2652312541047088,-0.000841007985189636,1.2660722620898985,0.0
825,16.5,idle,locomotion,0,1.350000023841858,-0.05000000074505806,0.10973345824050044,-0.04155900394352764,0.020710958220735248,0.7358178232023863,1.2652476695695931,-0.0008429010675054423,1.2660905706370986,0.0
826,16.52,idle,locomotion,0,1.350000023841858,-0.05000000074505806,0.10973345824050044,-0.04157369173876571,0.020691286231137702,0.7358343504336592,1.2652640632818373,-0.0008448012673169074,1.2661088645491543,0.0
827,16.54,idle,locomotion,0,1.350000023841858,-0.05000000074505806,0.10973345824050044,-0.04158869379671003,0.020671457049956894,0.7358508755773083,1.2652804598395333,-0.000846708762214099,1.2661271686017475,0.0
828,16.56,idle,locomotion,0,1.350000023841858,-0.05000000074505806,0.10973345824050044,-0.04160400520571298,0.020651471510477696,0.7358674190380837,1.265296877302628,-0.0008486237848463786,1.2661455010874745,0.0
829,16.58,idle,locomotion,0,1.350000023841858,-0.05000000074505806,0.10973345824050044,-0.04161961807747811,0.02063132899638294,0.735883995625081,1.2653133289186163,-0.0008505460219544216,1.2661638749405706,0.0
830,16.6,idle,locomotion,0,1.350000023841858,-0.05000000074505806,0.10973345824050044,-0.0416355217998633,0.020611028347172725,0.7359006152139154,1.2653298234136068,-0.0008524750169254941,1.2661822984305322,0.0
831,16.62,idle,locomotion,0,1.350000023841858,-0.05000000074505806,0.10973345824050044,-0.04165170364112376,0.02059057283764889,0.7359172881792008,1.2653463698413012,-0.000854410186298192,1.2662007800275994,0.0
832,16.64,idle,locomotion,0,1.350000023841858,-0.05000000074505806,0.10973345824050044,-0.04166814922135568,0.02056996226434794,0.7359340189830492,1.2653629722153616,-0.0008563510846579005,1.2662193233000196,0.0
833,16.66,idle,locomotion,0,1.350000023841858,-0.05000000074505806,0.10973345824050044,-0.041684843794074694,0.02054919392333618,0.7359508029070745,1.265379626228657,-0.0008582971552881097,1.2662379233839451,0.0
834,16.68,idle,locomotion,0,1.350000023841858,-0.05000000074505806,0.10973345824050044,-0.041701773278375494,0.020528268800148172,0.735967631725846,1.2653963239428792,-0.0008602478675010412,1.2662565718103802,0.0
835,16.7,idle,locomotion,0,1.350000023841858,-0.05000000074505806,0.10973345824050044,-0.04171892328513629,0.020507190723962836,0.7359845032090003,1.2654130630247347,-0.0008622022310376815,1.2662752652557723,0.0
836,16.72,idle,locomotion,0,1.350000023841858,-0.05000000074505806,0.10973345824050044,-0.04173628063772726,0.020485962794383816,0.7360014109101843,1.2654298376877064,-0.0008641598903860077,1.2662939975780925,0.0
837,16.74,idle,locomotion,0,1.350000023841858,-0.05000000074505806,0.10973345824050044,-0.04175383207405388,0.020464589754637892,0.7360183542911654,1.2654466468504884,-0.0008661206873545879,1.266312767537843,0.0
838,16.76,idle,locomotion,0,1.350000023841858,-0.05000000074505806,0.10973345824050044,-0.041771564388210274,0.020443075158685122,0.736035335380885,1.265463492626967,-0.000868084139490171,1.2663315767664571,0.0
839,16.78,idle,locomotion,0,1.350000023841858,-0.05000000074505806,0.10973345824050044,-0.041789464107593675,0.02042142319055347,0.7360523563039377,1.2654803768756262,-0.0008700500309853192,1.2663504269066115,0.0
840,16.8,idle,locomotion,0,1.350000023841858,-0.05000000074505806,0.10973345824050044,-0.041807517894694696,0.020399637216043858,0.7360694226082519,1.2654973051172778,-0.0008720182789150703,1.2663693233961928,0.0
841,16.82,idle,locomotion,0,1.350000023841858,-0.05000000074505806,0.10973345824050044,-0.04182571358924256,0.02037772330888079,0.7360865385198532,1.2655142808390736,-0.0008739887325003234,1.2663882695715738,0.0
842,16.84,idle,locomotion,0,1.350000023841858,-0.05000000074505806,0.10973345824050044,-0.041844040333863644,0.02035568528275783,0.7361036979425887,1.2655312978806492,-0.0008759612287780258,1.2664072591094273,0.0
843,16.86,idle,locomotion,0,1.350000023841858,-0.05000000074505806,0.10973345824050044,-0.041862486574294644,0.0203335255309607,0.7361208974068768,1.2655483527013198,-0.000877935524773249,1.266426288226093,0.0
844,16.88,idle,locomotion,0,1.350000023841858,-0.05000000074505806,0.10973345824050044,-0.04188104126557825,0.020311249553279506,0.7361381406790392,1.2655654489677368,-0.0008799112898371583,1.266445360257574,0.0
845,16.9,idle,locomotion,0,1.350000023841858,-0.05000000074505806,0.10973345824050044,-0.04189969405757677,0.020288865372279002,0.7361554335997033,1.2655825915710335,-0.0008818884635689861,1.2664644800346025,0.0
846,16.92,idle,locomotion,0,1.350000023841858,-0.05000000074505806,0.10973345824050044,-0.041918433769875106,0.020266378124370838,0.7361727842354,1.265599787973869,-0.0008838669747311227,1.2664836549486,0.0
847,16.94,idle,locomotion,0,1.350000023841858,-0.05000000074505806,0.10973345824050044,-0.04193725118824486,0.02024378866933051,0.7361901875658338,1.2656170336869619,-0.0008858469401308751,1.2665028806270928,0.0
848,16.96,idle,locomotion,0,1.350000023841858,-0.05000000074505806,0.10973345824050044,-0.041956138258304,0.02022110142475779,0.7362076393828695,1.2656343239719348,-0.0008878280590287578,1.2665221520309635,0.0
849,16.98,idle,locomotion,0,1.350000023841858,-0.05000000074505806,0.10973345824050044,-0.04197508620917874,0.020198323271865097,0.7362251435514295,1.265651662319397,-0.0008898098249313403,1.2665414721443282,0.0
850,17.0,idle,locomotion,0,1.350000023841858,-0.05000000074505806,0.10973345824050044,-0.04199408691042374,0.02017545889483875,0.7362426983348366,1.2656690472094148,-0.0008917920822711853,1.2665608392916858,0.0
851,17.02,idle,locomotion,0,1.350000023841858,-0.05000000074505806,0.10973345824050044,-0.04201313381517336,0.02015251014952853,0.7362602978015298,1.2656864731296686,-0.0008937747226767205,1.2665802478523454,0.0
852,17.04,idle,locomotion,0,1.350000023841858,-0.05000000074505806,0.10973345824050044,-0.04203222006591229,0.020129483758245848,0.7362779465347928,1.2657039441319071,-0.0008957575549755313,1.2665997016868826,0.0
853,17.06,idle,locomotion,0,1.350000023841858,-0.05000000074505806,0.10973345824050044,-0.04205133865342265,0.020106386060211538,0.7362956521244637,1.265721467513709,-0.0008977405715306121,1.2666192080852396,0.0
854,17.08,idle,locomotion,0,1.350000023841858,-0.05000000074505806,0.10973345824050044,-0.042070483354901655,0.02008322085950497,0.7363134177195098,1.2657390460693165,-0.000899723564590612,1.2666387696339072,0.0
855,17.1,idle,locomotion,0,1.350000023841858,-0.05000000074505806,0.10973345824050044,-0.04208964862573392,0.02005999166682281,0.7363312448249835,1.2657566809635128,-0.0009017065674996813,1.2666583875310125,0.0
856,17.12,idle,locomotion,0,1.350000023841858,-0.05000000074505806,0.10973345824050044,-0.04210882957372355,0.020036700448650427,0.7363491308628511,1.2657743697645427,-0.0009036894461606042,1.2666780592107034,0.0
857,17.14,idle,locomotion,0,1.350000023841858,-0.05000000074505806,0.10973345824050044,-0.042128021700290584,0.02001334876646116,0.7363670720721794,1.2657921092099669,-0.0009056719395233274,1.2666977811494902,0.0
858,17.16,idle,locomotion,0,1.350000023841858,-0.05000000074505806,0.10973345824050044,-0.04214722106342831,0.019989940315280723,0.7363850675766057,1.2658098987667936,-0.0009076538316258494,1.2667175525984196,0.0
859,17.18,idle,locomotion,0,1.350000023841858,-0.05000000074505806,0.10973345824050044,-0.042166424547343734,0.01996648073887684,0.7364031187675721,1.2658277397849436,-0.0009096349748965553,1.26673737475984,0.0
860,17.2,idle,locomotion,0,1.350000023841858,-0.05000000074505806,0.10973345824050044,-0.042185629118154565,0.019942974668093586,0.7364212276326378,1.2658456341132085,-0.0009116152302274423,1.266757249343436,0.0
861,17.22,idle,locomotion,0,1.350000023841858,-0.05000000074505806,0.10973345824050044,-0.0422048314260882,0.01991942635637544,0.7364393969265725,1.2658635844840975,-0.0009135943377597648,1.2667771788218574,0.0
862,17.24,idle,locomotion,0,1.350000023841858,-0.05000000074505806,0.10973345824050044,-0.04222402816341815,0.01989584020834169,0.7364576318994583,1.265881595812807,-0.000915572068835066,1.2667971678816419,0.0
863,17.26,idle,locomotion,0,1.350000023841858,-0.05000000074505806,0.10973345824050044,-0.04224321648915687,0.019872217811833338,0.7364759355167616,1.2658996710772752,-0.0009175484018450822,1.2668172194791203,0.0
864,17.28,idle,locomotion,0,1.350000023841858,-0.05000000074505806,0.10973345824050044,-0.04226239338742327,0.019848564636199943,0.7364943129345206,1.2659178146848336,-0.0009195232152294612,1.266837337900063,0.0
865,17.3,idle,locomotion,0,1.350000023841858,-0.05000000074505806,0.10973345824050044,-0.0422815569560845,0.019824880634477283,0.7365127576138729,1.2659360210015458,-0.0009214967762692615,1.266857517777815,0.0
866,17.32,idle,locomotion,0,1.350000023841858,-0.05000000074505806,0.10973345824050044,-0.042300704224456614,0.01980116911344813,0.7365312654767382,1.2659542864189668,-0.0009234682694560722,1.266877754688423,0.0
867,17.34,idle,locomotion,0,1.350000023841858,-0.05000000074505806,0.10973345824050044,-0.042319834059689664,0.019777435062457365,0.7365498372972573,1.2659726119955703,-0.000925437394790056,1.2668980493903603,0.0
868,17.36,idle,locomotion,0,1.350000023841858,-0.05000000074505806,0.10973345824050044,-0.042338945040888275,0.019753683220688906,0.7365684761736286,1.2659910002596408,-0.0009274042342637262,1.2669184044939046,0.0
869,17.38,idle,locomotion,0,1.350000023841858,-0.05000000074505806,0.10973345824050044,-0.0423580358389268,0.019729914610069888,0.7365871800849847,1.2660094501004633,-0.0009293686946592467,1.2669388187951225,0.0
870,17.4,idle,locomotion,0,1.350000023841858,-0.05000000074505806,0.10973345824050044,-0.04237710498564102,0.019706132727399045,0.7366059473298678,1.2660279601415174,-0.0009313305460605416,1.266959290687578,0.0
871,17.42,idle,locomotion,0,1.350000023841858,-0.05000000074505806,0.10973345824050044,-0.04239615264162375,0.019682343116249775,0.7366247816818415,1.2660465336595776,-0.0009332894826349428,1.2669798231422127,0.0
872,17.44,idle,locomotion,0,1.350000023841858,-0.05000000074505806,0.10973345824050044,-0.042415179252556286,0.019658549369255506,0.7366436829019353,1.2660651701210566,-0.0009352456254503594,1.267000415746507,0.0
873,17.46,idle,locomotion,0,1.350000023841858,-0.05000000074505806,0.10973345824050044,-0.04243418448045167,0.01963475485500197,0.7366626521405784,1.2660838707094457,-0.0009371988139533945,1.2670210695233992,0.0
874,17.48,idle,locomotion,0,1.350000023841858,-0.05000000074505806,0.10973345824050044,-0.042453169252000246,0.019610962014023865,0.7366816861874462,1.2661026325758822,-0.0009391490614551919,1.2670417816373374,0.0
875,17.5,idle,locomotion,0,1.350000023841858,-0.05000000074505806,0.10973345824050044,-0.04247213431624342,0.019587172920913106,0.7367007826779515,1.2661214533893028,-0.000941096634971543,1.2670625500242743,0.0
876,17.52,idle,locomotion,0,1.350000023841858,-0.05000000074505806,0.10973345824050044,-0.042491080854511316,0.019563389820822827,0.7367199429614337,1.2661403344693953,-0.0009430415625263401,1.2670833760319218,0.0
877,17.54,idle,locomotion,0,1.350000023841858,-0.05000000074505806,0.10973345824050044,-0.04251000990714546,0.019539614724072726,0.736739172899879,1.2661592809820545,-0.0009449841015811006,1.2671042650836357,0.0
878,17.56,idle,locomotion,0,1.350000023841858,-0.05000000074505806,0.10973345824050044,-0.04252892260954548,0.019515848203395844,0.7367584730274763,1.2661782938429451,-0.0009469242626765455,1.2671252181056216,0.0
879,17.58,idle,locomotion,0,1.350000023841858,-0.05000000074505806,0.10973345824050044,-0.04254782074738889,0.019492090727678376,0.7367778387549717,1.266197368756382,-0.0009488618843331124,1.267146230640715,0.0
880,17.6,idle,locomotion,0,1.350000023841858,-0.05000000074505806,0.10973345824050044,-0.042566706425139704,0.019468343658318923,0.7367972705340085,1.266216505895863,-0.0009507970618046549,1.2671673029576676,0.0
881,17.62,idle,locomotion,0,1.350000023841858,-0.05000000074505806,0.10973345824050044,-0.04258558182086974,0.019444608123284034,0.7368167706883078,1.266235707296515,-0.0009527298242202192,1.2671884371207351,0.0
882,17.64,idle,locomotion,0,1.350000023841858,-0.05000000074505806,0.10973345824050044,-0.04260444936034372,0.019420884308517634,0.736836340784056,1.2662549741800355,-0.0009546603632351533,1.2672096345432706,0.0
883,17.66,idle,locomotion,0,1.350000023841858,-0.05000000074505806,0.10973345824050044,-0.04262331023607073,0.01939717191686649,0.7368559854565048,1.2662743109142498,-0.0009565889245689713,1.2672308998388189,0.0
884,17.68,idle,locomotion,0,1.350000023841858,-0.05000000074505806,0.10973345824050044,-0.04264216606906727,0.019373469744731645,0.7368757031694904,1.2662937164379402,-0.0009585151667651504,1.2672522316047052,0.0
885,17.7,idle,locomotion,0,1.350000023841858,-0.05000000074505806,0.10973345824050044,-0.04266101808923858,0.019349777357247352,0.7368954961217181,1.2663131924866529,-0.0009604392462339746,1.2672736317328868,0.0
886,17.72,idle,locomotion,0,1.350000023841858,-0.05000000074505806,0.10973345824050044,-0.0426798543508925,0.019326141135940444,0.7369153868898833,1.2663327620984184,-0.000962359918781415,1.2672951220171997,0.0
887,17.74,idle,locomotion,0,1.350000023841858,-0.05000000074505806,0.10973345824050044,-0.042698667224968574,0.019302565466844047,0.7369353605757022,1.2663524126263552,-0.0009642772779555921,1.267316689904311,0.0
888,17.76,idle,locomotion,0,1.350000023841858,-0.05000000074505806,0.10973345824050044,-0.04271746109189855,0.01927905093827505,0.7369554050085235,1.2663721294243826,-0.0009661912399189371,1.2673383206643016,0.0
889,17.78,idle,locomotion,0,1.350000023841858,-0.05000000074505806,0.10973345824050044,-0.04273623607872933,0.01925559961277568,0.7369755060728687,1.266391898973571,-0.0009681018794054433,1.2673600008529764,0.0
890,17.8,idle,locomotion,0,1.350000023841858,-0.05000000074505806,0.10973345824050044,-0.042754990937299994,0.019232217517488052,0.736995656836017,1.2664117136298734,-0.0009700087530463905,1.2673817223829198,0.0
891,17.82,idle,locomotion,0,1.350000023841858,-0.05000000074505806,0.10973345824050044,-0.04277372530882026,0.019208909997531623,0.7370158534242583,1.2664315702713378,-0.0009719120795216724,1.2674034823508595,0.0
892,17.84,idle,locomotion,0,1.350000023841858,-0.05000000074505806,0.10973345824050044,-0.042792438469330875,0.019185680807464342,0.7370360959614539,1.2664514674482918,-0.0009738116558647147,1.2674252791041565,0.0
893,17.86,idle,locomotion,0,1.350000023841858,-0.05000000074505806,0.10973345824050044,-0.0428111308956325,0.019162522037081752,0.7370563821540093,1.2664714034131872,-0.0009757075567066731,1.267447110969894,0.0
894,17.88,idle,locomotion,0,1.350000023841858,-0.05000000074505806,0.10973345824050044,-0.04282980807504036,0.019139418188896137,0.7370767119108992,1.2664913773514115,-0.000977600488187836,1.2674689778395993,0.0
895,17.9,idle,locomotion,0,1.350000023841858,-0.05000000074505806,0.10973345824050044,-0.04284847591738976,0.01911635973323048,0.737097096596139,1.2665113987186811,-0.0009794907453327985,1.267490889464014,0.0
896,17.92,idle,locomotion,0,1.350000023841858,-0.05000000074505806,0.10973345824050044,-0.04286713614924259,0.019093339556731127,0.7371175497854024,1.2665314805441557,-0.0009813784115764133,1.267512858955732,0.0
897,17.94,idle,locomotion,0,1.350000023841858,-0.05000000074505806,0.10973345824050044,-0.04288578882920763,0.01907035098794345,0.7371380845947632,1.2665516357320037,-0.0009832639651442092,1.2675348996971478,0.0
898,17.96,idle,locomotion,0,1.350000023841858,-0.05000000074505806,0.10973345824050044,-0.04290443440980735,0.019047385661752285,0.7371587105598922,1.2665718737686709,-0.000985147433890863,1.2675570212025618,0.0
899,17.98,idle,locomotion,0,1.350000023841858,-0.05000000074505806,0.10973345824050044,-0.04292307315598398,0.019024434734862476,0.737179435581641,1.266592202576395,-0.0009870287923083206,1.2675792313687033,0.0
900,18.0,idle,locomotion,0,1.350000023841858,-0.05000000074505806,0.10973345824050044,-0.042941706583198486,0.019001489301453435,0.737200264124761,1.2666126265506095,-0.000988908195207864,1.2676015347458174,0.0
901,18.02,idle,locomotion,0,1.350000023841858,-0.05000000074505806,0.10973345824050044,-0.042960335103457016,0.018978539837789268,0.7372212004173353,1.2666331498713392,-0.0009907856453886046,1.2676239355167278,0.0
902,18.04,idle,locomotion,0,1.350000023841858,-0.05000000074505806,0.10973345824050044,-0.04297895887185657,0.01895557727942151,0.7372422478298295,1.2666537760777263,-0.0009926612061430182,1.2676464372838694,0.0
903,18.06,idle,locomotion,0,1.350000023841858,-0.05000000074505806,0.10973345824050044,-0.04299757824115565,0.018932592084251233,0.7372634017800014,1.26667450136568,-0.0009945347495803405,1.2676690361152603,0.0
904,18.08,idle,locomotion,0,1.350000023841858,-0.05000000074505806,0.10973345824050044,-0.043016193918054814,0.018909575417299082,0.7372846515014385,1.2666953163760075,-0.0009964059417335719,1.267691722317741,0.0
905,18.1,idle,locomotion,0,1.350000023841858,-0.05000000074505806,0.10973345824050044,-0.043034806181814406,0.01888651979722977,0.7373059901983342,1.2667162155092648,-0.000998274716152412,1.2677144902254172,0.0
906,18.12,idle,locomotion,0,1.350000023841858,-0.05000000074505806,0.10973345824050044,-0.04305341659898174,0.018863419114289102,0.7373274114523136,1.266737193455198,-0.0010001410056755498,1.2677373344608736,0.0
907,18.14,idle,locomotion,0,1.350000023841858,-0.05000000074505806,0.10973345824050044,-0.04307202624158976,0.018840267986706793,0.7373489175978913,1.2667582526686743,-0.0010020046863212263,1.2677602573549955,0.0
908,18.16,idle,locomotion,0,1.350000023841858,-0.05000000074505806,0.10973345824050044,-0.043090637803069626,0.01881706015113356,0.7373705005509524,1.2667793866203232,-0.0010038658872967843,1.26778325250762,0.0
909,18.18,idle,locomotion,0,1.350000023841858,-0.05000000074505806,0.10973345824050044,-0.04310925562422019,0.018793791338327936,0.7373921482046422,1.2668005834054974,-0.0010057243382253465,1.2678063077437227,0.0
910,18.2,idle,locomotion,0,1.350000023841858,-0.05000000074505806,0.10973345824050044,-0.043127882978228296,0.0187704595713646,0.7374138612718967,1.2668218435275704,-0.0010075800541168613,1.2678294235816874,0.0
911,18.22,idle,locomotion,0,1.350000023841858,-0.05000000074505806,0.10973345824050044,-0.0431465216846377,0.018747061829249744,0.737435641853474,1.2668431696449782,-0.0010094329789136457,1.2678526026238919,0.0
912,18.24,idle,locomotion,0,1.350000023841858,-0.05000000074505806,0.10973345824050044,-0.043165173779367495,0.018723595149546052,0.7374574891879071,1.2668645615542018,-0.0010112834098306815,1.2678758449640324,0.0
913,18.26,idle,locomotion,0,1.350000023841858,-0.05000000074505806,0.10973345824050044,-0.04318384259597373,0.018700056846028948,0.7374793961741503,1.2668860128869703,-0.0010131312912374513,1.2678991441782077,0.0
914,18.28,idle,locomotion,0,1.350000023841858,-0.05000000074505806,0.10973345824050044,-0.043202530267682546,0.018676444403488035,0.737501354836564,1.2669075170186945,-0.0010149766137332351,1.2679224936324278,0.0
915,18.3,idle,locomotion,0,1.350000023841858,-0.05000000074505806,0.10973345824050044,-0.04322124078657553,0.018652759054776563,0.7375233635765629,1.266929072391777,-0.0010168193865844298,1.2679458917783615,0.0
916,18.32,idle,locomotion,0,1.350000023841858,-0.05000000074505806,0.10973345824050044,-0.0432399780469881,0.018629002715969126,0.7375454270120977,1.2669506826204056,-0.0010186596190360706,1.2679693422394416,0.0
917,18.34,idle,locomotion,0,1.350000023841858,-0.05000000074505806,0.10973345824050044,-0.04325874438480811,0.018605175024733696,0.7375675454989168,1.266972348233668,-0.0010204971828247505,1.2679928454164928,0.0
918,18.36,idle,locomotion,0,1.350000023841858,-0.05000000074505806,0.10973345824050044,-0.043277541657359815,0.01858127540548328,0.7375897195243722,1.2669940695575115,-0.0010223325756302734,1.2680164021331417,0.0
919,18.38,idle,locomotion,0,1.350000023841858,-0.05000000074505806,0.10973345824050044,-0.043296372237744137,0.018557303197216653,0.7376119471150436,1.267015844784757,-0.0010241657773758552,1.268040010562133,0.0
920,18.4,idle,locomotion,0,1.350000023841858,-0.05000000074505806,0.10973345824050044,-0.043315236693389984,0.018533259833102174,0.7376342293778194,1.2670376750150478,-0.0010259967742554388,1.2680636717893032,0.0
921,18.42,idle,locomotion,0,1.350000023841858,-0.05000000074505806,0.10973345824050044,-0.04333413610814977,0.018509146316565563,0.7376565631405605,1.2670595578139787,-0.0010278256177658415,1.2680873834317445,0.0
922,18.44,idle,locomotion,0,1.350000023841858,-0.05000000074505806,0.10973345824050044,-0.04335307280794709,0.01848496508377753,0.7376789497960979,1.2670814934040668,-0.0010296525852031661,1.26811114598927,0.0
923,18.46,idle,locomotion,0,1.350000023841858,-0.05000000074505806,0.10973345824050044,-0.04337204878791552,0.018460719063265733,0.7377013920584355,1.2671034839495945,-0.001031477961442033,1.2681349619110365,0.0
924,18.48,idle,locomotion,0,1.350000023841858,-0.05000000074505806,0.10973345824050044,-0.043391065586072794,0.01843640770843893,0.7377238845333959,1.2671255246224713,-0.001033301536190457,1.2681588261586618,0.0
925,18.5,idle,locomotion,0,1.350000023841858,-0.05000000074505806,0.10973345824050044,-0.04341012196652068,0.018412030985887572,0.7377464344516891,1.267147622983324,-0.0010351232449196876,1.2681827462282438,0.0
926,18.52,idle,locomotion,0,1.350000023841858,-0.05000000074505806,0.10973345824050044,-0.0434292149927077,0.018387586423458516,0.7377690478838462,1.2671697871222982,-0.0010369431325386903,1.268206730254837,0.0
927,18.54,idle,locomotion,0,1.350000023841858,-0.05000000074505806,0.10973345824050044,-0.04344833974890638,0.018363071678624183,0.7377917338951464,1.267192027931608,-0.0010387612587513355,1.2682307891903593,0.0
928,18.56,idle,locomotion,0,1.350000023841858,-0.05000000074505806,0.10973345824050044,-0.04346749076331109,0.018338482726872645,0.7378144948026041,1.2672143518761527,-0.0010405774879707064,1.2682549293641234,0.0
929,18.58,idle,locomotion,0,1.350000023841858,-0.05000000074505806,0.10973345824050044,-0.04348666385565554,0.01831381808607542,0.7378373313376726,1.267236762833626,-0.0010423912869504323,1.2682791541205765,0.0
930,18.6,idle,locomotion,0,1.350000023841858,-0.05000000074505806,0.10973345824050044,-0.043505857083361306,0.018289077519127665,0.7378602509465958,1.2672592704999839,-0.001044202750338747,1.2683034732503227,0.0
931,18.62,idle,locomotion,0,1.350000023841858,-0.05000000074505806,0.10973345824050044,-0.04352506786563253,0.018264259216689782,0.7378832606047315,1.2672818841435955,-0.0010460118705255088,1.268327896014121,0.0
932,18.64,idle,locomotion,0,1.350000023841858,-0.05000000074505806,0.10973345824050044,-0.04354429477046764,0.0182393626300937,0.737906370525578,1.2673046153990064,-0.0010478187983052542,1.2683524341973116,0.0
933,18.66,idle,locomotion,0,1.350000023841858,-0.05000000074505806,0.10973345824050044,-0.0435635383305588,0.018214386626395688,0.7379295879596119,1.2673274723349606,-0.0010496237493630017,1.2683770960843235,0.0
934,18.68,idle,locomotion,0,1.350000023841858,-0.05000000074505806,0.10973345824050044,-0.043582798573975234,0.01818932886992283,0.7379529150236621,1.2673504585816766,-0.0010514265450574482,1.268401885126734,0.0
935,18.7,idle,locomotion,0,1.350000023841858,-0.05000000074505806,0.10973345824050044,-0.04360207946033503,0.018164188835463144,0.7379763480540011,1.2673735708681706,-0.0010532268982456003,1.268426797766416,0.0
936,18.72,idle,locomotion,0,1.350000023841858,-0.05000000074505806,0.10973345824050044,-0.04362139222021651,0.018138967227667727,0.7379998783386873,1.2673967972334552,-0.0010550251521643829,1.2684518223856196,0.0
937,18.74,idle,locomotion,0,1.350000023841858,-0.05000000074505806,0.10973345824050044,-0.043640749743418805,0.018113663427942663,0.738023495398453,1.267420123203961,-0.00105682151804707,1.2684769447220081,0.0
938,18.76,idle,locomotion,0,1.350000023841858,-0.05000000074505806,0.10973345824050044,-0.043660165758870426,0.01808827675628718,0.7380471914878439,1.2674435360398226,-0.0010586164301270781,1.2685021524699498,0.0
939,18.78,idle,locomotion,0,1.350000023841858,-0.05000000074505806,0.10973345824050044,-0.04367965121785549,0.018062804994622074,0.7380709653449257,1.2674670297692383,-0.0010604106121138782,1.2685274403813522,0.0
940,18.8,idle,locomotion,0,1.350000023841858,-0.05000000074505806,0.10973345824050044,-0.04369921301536465,0.018037242962801334,0.7380948127483118,1.267490598063579,-0.0010622037885914745,1.2685528018521706,0.0
941,18.82,idle,locomotion,0,1.350000023841858,-0.05000000074505806,0.10973345824050044,-0.04371885732835816,0.018011585908082703,0.7381187292152569,1.267514234250167,-0.0010639961474334554,1.2685782303976005,0.0
942,18.84,idle,locomotion,0,1.350000023841858,-0.05000000074505806,0.10973345824050044,-0.04373858840517177,0.017985828786551736,0.7381427205732778,1.2675379416915085,-0.001065788058749538,1.268603729750258,0.0
943,18.86,idle,locomotion,0,1.350000023841858,-0.05000000074505806,0.10973345824050044,-0.04375840750753967,0.017959964544833205,0.7381667919363811,1.2675617246588031,-0.001067579831880494,1.2686293044906836,0.0
944,18.88,idle,locomotion,0,1.350000023841858,-0.05000000074505806,0.10973345824050044,-0.04377831662087441,0.017933985268929826,0.7381909377257021,1.267585577158865,-0.0010693714397484906,1.2686549485986136,0.0
945,18.9,idle,locomotion,0,1.350000023841858,-0.05000000074505806,0.10973345824050044,-0.043798317200569106,0.01790788403086775,0.7382151585133646,1.2676094983696973,-0.0010711628636840623,1.2686806612333814,0.0
946,18.92,idle,locomotion,0,1.350000023841858,-0.05000000074505806,0.10973345824050044,-0.043818409165859315,0.017881653307449213,0.7382394579336433,1.2676334917003944,-0.0010729541566616846,1.268706445857056,0.0
947,18.94,idle,locomotion,0,1.350000023841858,-0.05000000074505806,0.10973345824050044,-0.04383859270217587,0.017855285290122896,0.7382638323221782,1.2676575535909074,-0.0010747452236291623,1.2687322988145366,0.0
948,18.96,idle,locomotion,0,1.350000023841858,-0.05000000074505806,0.10973345824050044,-0.0438588677063692,0.017828772485667395,0.7382882791913064,1.2676816815006131,-0.0010765358707330586,1.268758217371346,0.0
949,18.98,idle,locomotion,0,1.350000023841858,-0.05000000074505806,0.10973345824050044,-0.043879234412750975,0.017802107240316428,0.7383127926094948,1.2677058699705828,-0.0010783258009183852,1.2687841957715011,0.0
950,19.0,idle,locomotion,0,1.350000023841858,-0.05000000074505806,0.10973345824050044,-0.04389968829896643,0.01777528034409148,0.7383373683756154,1.2677301158862935,-0.0010801150705550717,1.2688102309568485,0.0
951,19.02,idle,locomotion,0,1.350000023841858,-0.05000000074505806,0.10973345824050044,-0.04392022386408226,0.017748284537368805,0.7383620094812124,1.267754422818976,-0.001081903457361564,1.2688363262763376,0.0
952,19.04,idle,locomotion,0,1.350000023841858,-0.05000000074505806,0.10973345824050044,-0.043940838461966975,0.017721113470156008,0.7383867243932596,1.2677787969741852,-0.0010836915257371668,1.2688624884999222,0.0
953,19.06,idle,locomotion,0,1.350000023841858,-0.05000000074505806,0.10973345824050044,-0.043961530128698564,0.017693759059707322,0.7384115167227077,1.2678032414230922,-0.0010854795952189265,1.268888721018311,0.0
954,19.08,idle,locomotion,0,1.350000023841858,-0.05000000074505806,0.10973345824050044,-0.04398230068639329,0.017666215184644528,0.7384363829497796,1.2678277526628918,-0.001087267653886885,1.2689150203167787,0.0
955,19.1,idle,locomotion,0,1.350000023841858,-0.05000000074505806,0.10973345824050044,-0.044003158003204576,0.017638513790639576,0.7384613405805973,1.2678523455930963,-0.0010890507439211862,1.2689413963370175,0.0
956,19.12,idle,locomotion,0,1.350000023841858,-0.05000000074505806,0.10973345824050044,-0.0440240864776013,0.01761066521000077,0.7384863712169107,1.2678770046622407,-0.0010908306425471727,1.268967835304788,0.0
957,19.14,idle,locomotion,0,1.350000023841858,-0.05000000074505806,0.10973345824050044,-0.04404508516085841,0.017582671491802964,0.7385114437916734,1.2679017012325597,-0.0010926074107491975,1.2689943086433089,0.0
958,19.16,idle,locomotion,0,1.350000023841858,-0.05000000074505806,0.10973345824050044,-0.0440661574467222,0.017554541891688733,0.7385365238615839,1.2679264013362692,-0.0010943806050744166,1.2690207819413437,0.0
959,19.18,idle,locomotion,0,1.350000023841858,-0.05000000074505806,0.10973345824050044,-0.044087310814232436,0.01752628510485741,0.7385615953874797,1.2679510874923974,-0.001096150297698717,1.269047237790096,0.0
960,19.2,idle,locomotion,0,1.350000023841858,-0.05000000074505806,0.10973345824050044,-0.04410854617771401,0.017497910407131632,0.7385866505123527,1.2679757529897386,-0.001097916975347689,1.2690736699650864,0.0
961,19.22,idle,locomotion,0,1.350000023841858,-0.05000000074505806,0.10973345824050044,-0.044129864696639994,0.01746942764481693,0.7386116811778284,1.268000388889748,-0.001099680488516528,1.2691000693782646,0.0
962,19.24,idle,locomotion,0,1.350000023841858,-0.05000000074505806,0.10973345824050044,-0.04415126341714481,0.01744084311184553,0.7386366782607062,1.2680249866077282,-0.0011014411233909033,1.2691264277311192,0.0
963,19.26,idle,locomotion,0,1.350000023841858,-0.05000000074505806,0.10973345824050044,-0.04417273649196738,0.01741215539234815,0.7386616329686133,1.268049539446986,-0.0011031994363361643,1.2691527388833221,0.0
964,19.28,idle,locomotion,0,1.350000023841858,-0.05000000074505806,0.10973345824050044,-0.04419427940709744,0.017383353469614945,0.7386865449613523,1.2680740476084997,-0.0011049571318153123,1.269179004740315,0.0
965,19.3,idle,locomotion,0,1.350000023841858,-0.05000000074505806,0.10973345824050044,-0.044215896546859645,0.01735442557030544,0.7387114263766682,1.2680985220200969,-0.001106715007828652,1.2692052370279254,0.0
966,19.32,idle,locomotion,0,1.350000023841858,-0.05000000074505806,0.10973345824050044,-0.04423759013283113,0.017325355960030486,0.738736297674505,1.268122982365709,-0.0011084740543517435,1.2692314564200606,0.0
967,19.34,idle,locomotion,0,1.350000023841858,-0.05000000074505806,0.10973345824050044,-0.0442593650116154,0.01729610527727249,0.738761192252359,1.2681474609618912,-0.0011102388702295476,1.2692576998321208,0.0
968,19.36,idle,locomotion,0,1.350000023841858,-0.05000000074505806,0.10973345824050044,-0.0442812281420575,0.017266622353315,0.7387861441786093,1.2681719904473812,-0.0011120144654955637,1.2692840049128766,0.0
969,19.38,idle,locomotion,0,1.350000023841858,-0.05000000074505806,0.10973345824050044,-0.04430318125917136,0.017236866864983585,0.7388111814759943,1.2681965981344017,-0.001113802319847746,1.2693104004542495,0.0
970,19.4,idle,locomotion,0,1.350000023841858,-0.05000000074505806,0.10973345824050044,-0.04432521973352837,0.01720681074942571,0.738836326475566,1.268221306317026,-0.0011156011736959612,1.269336907490722,0.0
971,19.42,idle,locomotion,0,1.350000023841858,-0.05000000074505806,0.10973345824050044,-0.04434733685338484,0.017176432522225837,0.7388615949756719,1.2682461299146455,-0.0011174090711486874,1.2693635389857942,0.0
972,19.44,idle,locomotion,0,1.350000023841858,-0.05000000074505806,0.10973345824050044,-0.04436952402865945,0.017145709832103864,0.7388869993243075,1.2682710802093615,-0.0011192243463422728,1.2693903045557038,0.0
973,19.46,idle,locomotion,0,1.350000023841858,-0.05000000074505806,0.10973345824050044,-0.04439177448949624,0.01711461564917328,0.738912538660594,1.268296157488905,-0.0011210452090407198,1.2694172026979456,0.0
974,19.48,idle,locomotion,0,1.350000023841858,-0.05000000074505806,0.10973345824050044,-0.04441408457231436,0.01708312609168103,0.7389382035334482,1.2683213535183255,-0.0011228698172766997,1.2694442233356023,0.0
975,19.5,idle,locomotion,0,1.350000023841858,-0.05000000074505806,0.10973345824050044,-0.0444364568518624,0.017051226587465496,0.7389639800416157,1.268346653997634,-0.0011246969469678597,1.2694713509446018,0.0
976,19.52,idle,locomotion,0,1.350000023841858,-0.05000000074505806,0.10973345824050044,-0.04445889780088207,0.017018904293836117,0.7389898545598641,1.2683720438611217,-0.0011265256639653685,1.269498569525087,0.0
977,19.54,idle,locomotion,0,1.350000023841858,-0.05000000074505806,0.10973345824050044,-0.0444814107202146,0.016986143645560878,0.7390158167708709,1.2683975141864248,-0.0011283555739999597,1.2695258697604248,0.0
978,19.56,idle,locomotion,0,1.350000023841858,-0.05000000074505806,0.10973345824050044,-0.04450399777612124,0.016952931256766373,0.7390418556754181,1.268423056970392,-0.001130186313531404,1.2695532432839234,0.0
979,19.58,idle,locomotion,0,1.350000023841858,-0.05000000074505806,0.10973345824050044,-0.044526664167110305,0.016919258970003726,0.7390679549775762,1.2684486584115082,-0.001132017628177967,1.2695806760396862,0.0
980,19.6,idle,locomotion,0,1.350000023841858,-0.05000000074505806,0.10973345824050044,-0.04454941732617058,0.016885123540870337,0.739094094426192,1.2684742998495975,-0.0011338496920000433,1.2696081495415976,0.0
981,19.62,idle,locomotion,0,1.350000023841858,-0.05000000074505806,0.10973345824050044,-0.04457226727051218,0.01685053004403774,0.7391202603456928,1.268499966676418,-0.0011356821594139255,1.269635648835832,0.0
982,19.64,idle,locomotion,0,1.350000023841858,-0.05000000074505806,0.10973345824050044,-0.04459522262473075,0.01681548181786822,0.7391464427778617,1.268525648130914,-0.0011375149869889307,1.269663163117903,0.0
983,19.66,idle,locomotion,0,1.350000023841858,-0.05000000074505806,0.10973345824050044,-0.04461828633089087,0.016779976729710638,0.7391726299982009,1.2685513352600386,-0.0011393485623384762,1.2696906838223772,0.0
984,19.68,idle,locomotion,0,1.350000023841858,-0.05000000074505806,0.10973345824050044,-0.04464146380492759,0.016744019795258785,0.7391988094735513,1.2685770176049307,-0.0011411827291035702,1.2697182003340342,0.0
985,19.7,idle,locomotion,0,1.350000023841858,-0.05000000074505806,0.10973345824050044,-0.044664763826181654,0.016707623717709164,0.7392249751402795,1.2686026877770136,-0.0011430173420222609,1.2697457051190357,0.0
986,19.72,idle,locomotion,0,1.350000023841858,-0.05000000074505806,0.10973345824050044,-0.04468819187617565,0.016670796279824436,0.7392511224356699,1.268628341319093,-0.001144852665709177,1.2697731939848023,0.0
987,19.74,idle,locomotion,0,1.350000023841858,-0.05000000074505806,0.10973345824050044,-0.04471175149862347,0.016633542894615154,0.7392772441385668,1.2686539724340158,-0.0011466889909011006,1.2698006614249169,0.0
988,19.76,idle,locomotion,0,1.350000023841858,-0.05000000074505806,0.10973345824050044,-0.04473544985555912,0.01659587604655768,0.739303331087267,1.268679571008091,-0.0011485260261505127,1.2698280970342415,0.0
989,19.78,idle,locomotion,0,1.350000023841858,-0.05000000074505806,0.10973345824050044,-0.044759291164172446,0.01655780473955226,0.739329383122005,1.268705135587035,-0.0011503644611071326,1.269855500048142,0.0
990,19.8,idle,locomotion,0,1.350000023841858,-0.05000000074505806,0.10973345824050044,-0.04478327817583566,0.01651933560494524,0.7393554007152876,1.2687306670073568,-0.0011522042490672117,1.269882871256424,0.0
991,19.82,idle,locomotion,0,1.350000023841858,-0.05000000074505806,0.10973345824050044,-0.04480741461189047,0.01648047494220989,0.7393813824243867,1.2687561629781194,-0.0011540457853088347,1.2699102087634282,0.0
992,19.84,idle,locomotion,0,1.350000023841858,-0.05000000074505806,0.10973345824050044,-0.04483170157256685,0.016441228216700386,0.7394073304358337,1.2687816257369888,-0.0011558890963859168,1.2699375148333747,0.0
993,19.86,idle,locomotion,0,1.350000023841858,-0.05000000074505806,0.10973345824050044,-0.04485614454997713,0.016401603095138512,0.7394332407743308,1.2688070493964867,-0.0011577342560265234,1.2699647836525132,0.0
994,19.88,idle,locomotion,0,1.350000023841858,-0.05000000074505806,0.10973345824050044,-0.04488074753120418,0.016361600877572727,0.7394591098918388,1.2688324292384252,-0.0011595817857212934,1.2699920110241465,0.0
995,19.9,idle,locomotion,0,1.350000023841858,-0.05000000074505806,0.10973345824050044,-0.04490550865308352,0.01632122620319325,0.7394849435667805,1.2688577720393237,-0.0011614316766416569,1.2700192037159654,0.0
996,19.92,idle,locomotion,0,1.350000023841858,-0.05000000074505806,0.10973345824050044,-0.0449304290038024,0.016280486521100604,0.73951074208316,1.2688830780361617,-0.001163284026139428,1.2700463620623013,0.0
997,19.94,idle,locomotion,0,1.350000023841858,-0.05000000074505806,0.10973345824050044,-0.0449555127890596,0.016239383910048824,0.7395365010469029,1.2689083416439666,-0.0011651388088499033,1.2700734804528164,0.0
998,19.96,idle,locomotion,0,1.350000023841858,-0.05000000074505806,0.10973345824050044,-0.04498076455456675,0.016197917071808128,0.7395622204377987,1.2689335613307662,-0.0011669960741163242,1.2701005574048825,0.0
999,19.98,idle,locomotion,0,1.350000023841858,-0.05000000074505806,0.10973345824050044,-0.045006185821584166,0.016156083221037336,0.7395879126781963,1.2689587477292548,-0.0011688561448841596,1.270127603874139,0.0
1000,20.0,idle,locomotion,0,1.350000023841858,-0.05000000074505806,0.10973345824050044,-0.0450317781078375,0.016113873436035223,0.7396135825148674,1.2689839056865873,-0.0011707195276714488,1.2701546252142588,0.0
1001,20.02,idle,locomotion,0,1.350000023841858,-0.05000000074505806,0.10973345824050044,-0.04505754482368108,0.016071281075929554,0.7396392298427545,1.269009033591591,-0.0011725868380426177,1.2701816204296335,0.0
1002,20.04,idle,locomotion,0,1.350000023841858,-0.05000000074505806,0.10973345824050044,-0.04508348829084549,0.016028297771420986,0.7396648642745565,1.2690341391967894,-0.0011744586017090539,1.2702085977984985,0.0
1003,20.06,idle,locomotion,0,1.350000023841858,-0.05000000074505806,0.10973345824050044,-0.04510960864965134,0.0159849123002002,0.7396904998639482,1.2690592356397552,-0.001176335110148457,1.2702355707499036,0.0
1004,20.08,idle,locomotion,0,1.350000023841858,-0.05000000074505806,0.10973345824050044,-0.04513590771960256,0.01594111196572295,0.7397161468134762,1.2690843317579943,-0.0011782167643037793,1.270262548522298,0.0
1005,20.1,idle,locomotion,0,1.350000023841858,-0.05000000074505806,0.10973345824050044,-0.045162385826409246,0.015896877408052554,0.7397418092650732,1.269109432012883,-0.0011801041075017067,1.2702895361203848,0.0
1006,20.12,idle,locomotion,0,1.350000023841858,-0.05000000074505806,0.10973345824050044,-0.04518904268458772,0.01585219141769589,0.7397674936086552,1.2691345431825467,-0.0011819974410717596,1.2703165406236185,0.0
1007,20.14,idle,locomotion,0,1.350000023841858,-0.05000000074505806,0.10973345824050044,-0.04521588131973648,0.015807037863854873,0.7397932023328628,1.2691596673061845,-0.0011838968035260272,1.2703435641097105,0.0
1008,20.16,idle,locomotion,0,1.350000023841858,-0.05000000074505806,0.10973345824050044,-0.04524290372188535,0.015761398485784707,0.7398189399060741,1.269184808529594,-0.0011858026050467624,1.270370611134641,0.0
1009,20.18,idle,locomotion,0,1.350000023841858,-0.05000000074505806,0.10973345824050044,-0.045270111520408794,0.01571525491903698,0.7398447144492253,1.2692099750776895,-0.0011877151297686461,1.270397690207458,0.0
1010,20.2,idle,locomotion,0,1.350000023841858,-0.05000000074505806,0.10973345824050044,-0.045297507497107606,0.0156685893263894,0.7398705351381918,1.2692351752807278,-0.0011896345032685954,1.2704248097839965,0.0
1011,20.22,idle,locomotion,0,1.350000023841858,-0.05000000074505806,0.10973345824050044,-0.045325105505131906,0.015621419753854384,0.7398964502323491,1.269260451580168,-0.0011915574844498789,1.2704520090646179,0.0
1012,20.24,idle,locomotion,0,1.350000023841858,-0.05000000074505806,0.10973345824050044,-0.04535287632050229,0.015573752923580332,0.7399224354630953,1.2692857855417419,-0.0011934861018250004,1.2704792716435669,0.0
1013,20.26,idle,locomotion,0,1.350000023841858,-0.05000000074505806,0.10973345824050044,-0.04538082267649173,0.015525537242541607,0.7399484519694067,1.26931113938064,-0.0011954230915378963,1.2705065624721779,0.0
1014,20.28,idle,locomotion,0,1.350000023841858,-0.05000000074505806,0.10973345824050044,-0.045408949557052554,0.015476744334344768,0.7399744630297473,1.2693364757976935,-0.00119736855971855,1.2705338443574121,0.0
1015,20.3,idle,locomotion,0,1.350000023841858,-0.05000000074505806,0.10973345824050044,-0.04543726163862286,0.01542736109310378,0.7400004546115745,1.2693617803223178,-0.0011993211225934663,1.2705611014449114,0.0
1016,20.32,idle,locomotion,0,1.350000023841858,-0.05000000074505806,0.10973345824050044,-0.045465761804327924,0.015377373229190762,0.7400264209720374,1.2693870480053906,-0.00120128020290583,1.2705883282082964,0.0
1017,20.34,idle,locomotion,0,1.350000023841858,-0.05000000074505806,0.10973345824050044,-0.045494454793030596,0.015326771970903734,0.7400523589428499,1.2694122760789106,-0.0012032454971923068,1.270615521576103,0.0
1018,20.36,idle,locomotion,0,1.350000023841858,-0.05000000074505806,0.10973345824050044,-0.04552334912461398,0.015275549028937295,0.7400782704328451,1.2694374644966784,-0.0012052170510056318,1.2706426815476841,0.0
1019,20.38,idle,locomotion,0,1.350000023841858,-0.05000000074505806,0.10973345824050044,-0.04555245430896875,0.015223687272193816,0.7401041561308204,1.26946261263087,-0.0012071954673112811,1.270669808098181,0.0
1020,20.4,idle,locomotion,0,1.350000023841858,-0.05000000074505806,0.10973345824050044,-0.04558177888166036,0.015171166987780494,0.7401300185052073,1.2694877220407021,-0.0012091815425308051,1.270696903583233,0.0
1021,20.42,idle,locomotion,0,1.350000023841858,-0.05000000074505806,0.10973345824050044,-0.045611328730688135,0.015117982532456055,0.7401558728821767,1.269512807097974,-0.0012111754309781647,1.2707239825289522,0.0
1022,20.44,idle,locomotion,0,1.350000023841858,-0.05000000074505806,0.10973345824050044,-0.04564109033823027,0.015064171556706193,0.7401817307325025,1.2695378824997359,-0.0012131753512075877,1.2707510578509436,0.0
1023,20.46,idle,locomotion,0,1.350000023841858,-0.05000000074505806,0.10973345824050044,-0.045671073595146446,0.015009680645342461,0.7402075642457772,1.2695629206117562,-0.001215183441703637,1.2707781040534598,0.0
1024,20.48,idle,locomotion,0,1.350000023841858,-0.05000000074505806,0.10973345824050044,-0.04570129518479323,0.014954480562306733,0.7402333650678556,1.2695879101895968,-0.0012172014235269507,1.2708051116131238,0.0
1025,20.5,idle,locomotion,0,1.350000023841858,-0.05000000074505806,0.10973345824050044,-0.04573176807953375,0.014898559008176703,0.7402591240474375,1.269612839446732,-0.0012192297298315412,1.2708320691765636,0.0
1026,20.52,idle,locomotion,0,1.350000023841858,-0.05000000074505806,0.10973345824050044,-0.04576250419625672,0.01484190024963891,0.7402848305305256,1.2696376957747781,-0.0012212686930239518,1.270858964467802,0.0
1027,20.54,idle,locomotion,0,1.350000023841858,-0.05000000074505806,0.10973345824050044,-0.045793513361059135,0.014784481845867909,0.7403104862498803,1.2696624794197406,-0.0012233189696381,1.2708857983893787,0.0
1028,20.56,idle,locomotion,0,1.350000023841858,-0.05000000074505806,0.10973345824050044,-0.04582480556120962,0.014726277794048061,0.7403361025521481,1.2696872001713064,-0.0012253810732121562,1.2709125812445186,0.0
1029,20.58,idle,locomotion,0,1.350000023841858,-0.05000000074505806,0.10973345824050044,-0.045856389549433094,0.014667256592481848,0.740361691704678,1.2697118694219527,-0.0012274557443181476,1.2709393251662708,0.0
1030,20.6,idle,locomotion,0,1.350000023841858,-0.05000000074505806,0.10973345824050044,-0.04588827333437718,0.014607378096222642,0.7403872614112884,1.2697364956987498,-0.0012295443388075367,1.2709660400375573,0.0
1031,20.62,idle,locomotion,0,1.350000023841858,-0.05000000074505806,0.10973345824050044,-0.045920470828824604,0.0145466051838682,0.740412816255488,1.2697610818483533,-0.0012316479615384346,1.2709927298098918,0.0
1032,20.64,idle,locomotion,0,1.350000023841858,-0.05000000074505806,0.10973345824050044,-0.045952998405365424,0.014484896977703034,0.7404383670945214,1.2697856347474061,-0.0012337678085006,1.2710194025559067,0.0
1033,20.66,idle,locomotion,0,1.350000023841858,-0.05000000074505806,0.10973345824050044,-0.04598586815755409,0.014422203130879002,0.7404639285270113,1.2698101674476772,-0.0012359052523514304,1.2710460727000286,0.0
1034,20.68,idle,locomotion,0,1.350000023841858,-0.05000000074505806,0.10973345824050044,-0.04601909505315783,0.014358469535966015,0.7404895072143836,1.269834684724355,-0.0012380616750915577,1.2710727463994465,0.0
1035,20.7,idle,locomotion,0,1.350000023841858,-0.05000000074505806,0.10973345824050044,-0.046052694516263766,0.014293636666447587,0.7405151116541486,1.2698591926134775,-0.0012402384820391077,1.2710994310955166,0.0
1036,20.72,idle,locomotion,0,1.350000023841858,-0.05000000074505806,0.10973345824050044,-0.046086681790671886,0.014227649022397086,0.7405407621965535,1.2698837100843723,-0.001242436012416602,1.2711261460967889,0.0
1037,20.74,idle,locomotion,0,1.350000023841858,-0.05000000074505806,0.10973345824050044,-0.046121064075205234,0.014160458941227952,0.7405664600865373,1.269908238545159,-0.0012446525295134285,1.2711528910746723,0.0
1038,20.76,idle,locomotion,0,1.350000023841858,-0.05000000074505806,0.10973345824050044,-0.0461558606773849,0.014091983156850618,0.7405921985125046,1.2699327674657466,-0.00124687262333446,1.2711796400890811,0.0
1039,20.78,idle,locomotion,0,1.350000023841858,-0.05000000074505806,0.10973345824050044,-0.046191089889376494,0.014022135741268395,0.7406179781678087,1.269957296779847,-0.001249113031991423,1.2712064098118383,0.0
1040,20.8,idle,locomotion,0,1.350000023841858,-0.05000000074505806,0.10973345824050044,-0.04622677549447321,0.013950838428738803,0.7406437966774475,1.269981822283447,-0.0012513884885184054,1.2712332107719653,0.0
1041,20.82,idle,locomotion,0,1.350000023841858,-0.05000000074505806,0.10973345824050044,-0.046262946241515945,0.013878013008834471,0.7406696585745036,1.2700063443166152,-0.0012537024878660763,1.2712600468044812,0.0
1042,20.84,idle,locomotion,0,1.350000023841858,-0.05000000074505806,0.10973345824050044,-0.04629963222824306,0.01380357037658399,0.7406955725535951,1.270030867989639,-0.0012560561131295112,1.2712869241027684,0.0
1043,20.86,idle,locomotion,0,1.350000023841858,-0.05000000074505806,0.10973345824050044,-0.04633686540845234,0.013727405288268733,0.7407215513896701,1.270055402549007,-0.0012584507245051862,1.2713138532735122,0.0
1044,20.88,idle,locomotion,0,1.350000023841858,-0.05000000074505806,0.10973345824050044,-0.046374680620987874,0.01364940145650722,0.7407476078778276,1.2700799575823216,-0.0012608881689536514,1.2713408457512754,0.0
1045,20.9,idle,locomotion,0,1.350000023841858,-0.05000000074505806,0.10973345824050044,-0.046413115344567456,0.013569431727694821,0.7407737612754954,1.270104547698692,-0.0012633713160332197,1.2713679190147253,0.0
1046,20.92,idle,locomotion,0,1.350000023841858,-0.05000000074505806,0.10973345824050044,-0.04645220515304047,0.01348735007066412,0.7408000400539548,1.2701291987918288,-0.0012659033668363726,1.2713951021586651,0.0
1047,20.94,idle,locomotion,0,1.350000023841858,-0.05000000074505806,0.10973345824050044,-0.04649199104394318,0.01340299152941076,0.7408264634168057,1.2701539282787506,-0.0012684882775303788,1.271422416556281,0.0
1048,20.96,idle,locomotion,0,1.350000023841858,-0.05000000074505806,0.10973345824050044,-0.046532521758468434,0.013316177512702372,0.7408530453440229,1.2701787460084923,-0.0012711301595377394,1.2714498761680302,0.0
1049,20.98,idle,locomotion,0,1.350000023841858,-0.05000000074505806,0.10973345824050044,-0.04657384883441423,0.013226706497900994,0.7408798073367325,1.270203669648382,-0.0012738193936436756,1.2714774890420257,0.0
1050,21.0,idle,locomotion,0,1.350000023841858,-0.05000000074505806,0.10973345824050044,-0.04661602080739336,0.013134342275004979,0.7409067729775102,1.2702287226977362,-0.001276514034176869,1.271505236731913,0.0
1051,21.02,idle,locomotion,0,1.350000023841858,-0.05000000074505806,0.10973345824050044,-0.046659089650046226,0.013038804218776508,0.7409339616257274,1.2702539238128765,-0.0012792705590826958,1.2715331943719592,0.0
1052,21.04,idle,locomotion,0,1.350000023841858,-0.05000000074505806,0.10973345824050044,-0.046703122548169246,0.012939773711459714,0.7409613908278768,1.2702792877686457,-0.001282121633962921,1.2715614094026086,0.0
1053,21.06,idle,locomotion,0,1.350000023841858,-0.05000000074505806,0.10973345824050044,-0.04674819347149024,0.012836886250177044,0.7409890798233157,1.2703048320496326,-0.0012850767572148494,1.2715899088068474,0.0
1054,21.08,idle,locomotion,0,1.350000023841858,-0.05000000074505806,0.10973345824050044,-0.04679438925177459,0.012729725034435625,0.7410170473214297,1.2703305718073854,-0.0012881422403053615,1.2716187140476907,0.0
1055,21.1,idle,locomotion,0,1.350000023841858,-0.05000000074505806,0.10973345824050044,-0.046841818425647726,0.012617917518466887,0.7410452700626478,1.2703564733436683,-0.0012916305302491694,1.2716481038739176,0.0
1056,21.12,idle,locomotion,0,1.350000023841858,-0.05000000074505806,0.10973345824050044,-0.04689059201935531,0.012501578910306699,0.7410736964456934,1.2703824179006784,-0.001296099193786579,1.2716785170944649,0.0
1057,21.14,idle,locomotion,0,1.350000023841858,-0.05000000074505806,0.10973345824050044,-0.04694062589117273,0.012380299033487209,0.7411024690524781,1.2704086051671797,-0.0013000947587611701,1.2717086999259408,0.0
1058,21.16,idle,locomotion,0,1.350000023841858,-0.05000000074505806,0.10973345824050044,-0.04699191014602727,0.012253190248346868,0.7411316643303559,1.2704351540078491,-0.0013033652065079365,1.271738519214357,0.0
1059,21.18,idle,locomotion,0,1.350000023841858,-0.05000000074505806,0.10973345824050044,-0.04704466801861463,0.012119240327559124,0.7411612580287513,1.2704620028515508,-0.0013066096291059759,1.2717686124806566,0.0
1060,21.2,idle,locomotion,0,1.350000023841858,-0.05000000074505806,0.10973345824050044,-0.04709921907520758,0.011977216311472355,0.7411911834227601,1.27048903689008,-0.0013100718825032436,1.2717991087725833,0.0
1061,21.22,idle,locomotion,0,1.350000023841858,-0.05000000074505806,0.10973345824050044,-0.047155911969103424,0.011825536545543778,0.7412212756961,1.2705160662809167,-0.0013137801825155865,1.2718298464634323,0.0
1062,21.24,idle,locomotion,0,1.350000023841858,-0.05000000074505806,0.10973345824050044,-0.04721514210674407,0.011662235945055267,0.7412512064092408,1.2705427611037394,-0.0013177194701794598,1.2718604805739189,0.0
1063,21.26,idle,locomotion,0,1.350000023841858,-0.05000000074505806,0.10973345824050044,-0.04727737847958607,0.011484908124853964,0.741280415362563,1.2705685875514692,-0.0013218561298327033,1.2718904436813019,0.0
1064,21.28,idle,locomotion,0,1.350000023841858,-0.05000000074505806,0.10973345824050044,-0.04734322969480928,0.011290443917317131,0.7413079960859708,1.2705926969025223,-0.0013261623126764044,1.2719188592151986,0.0
1065,21.3,idle,locomotion,0,1.350000023841858,-0.05000000074505806,0.10973345824050044,-0.047413512087314404,0.011074690877566896,0.7413325095338127,1.270613750109948,-0.001330601362426704,1.2719443514723747,0.0
1066,21.32,idle,locomotion,0,1.350000023841858,-0.05000000074505806,0.10973345824050044,-0.047489322850711384,0.01083224851194573,0.7413518364205378,1.2706297502940846,-0.0013351176383262706,1.271964867932411,0.0
1067,21.34,idle,locomotion,0,1.350000023841858,-0.05000000074505806,0.10973345824050044,-0.04757327693942504,0.01055677109365415,0.7413654865240635,1.2706395618100268,-0.0013398924294006805,1.2719794542394274,0.0
1068,21.36,idle,locomotion,0,1.350000023841858,-0.05000000074505806,0.10973345824050044,-0.04766859002538499,0.010236046407302425,0.7413693577454626,1.2706388143411524,-0.0013457693706807015,1.271984583711833,0.0
1069,21.38,idle,locomotion,0,1.350000023841858,-0.05000000074505806,0.10973345824050044,-0.04777836245954123,0.009848135445246093,0.7413514154993924,1.270615950991865,-0.0013595145036915841,1.2719754654955566,0.0
1070,21.4,idle,locomotion,0,1.350000023841858,-0.05000000074505806,0.10973345824050044,-0.04791037164104248,0.009356654782554272,0.741280102721438,1.270539397654079,-0.001383947778712695,1.2719233454327918,0.0
1071,21.42,idle,locomotion,0,1.350000023841858,-0.05000000074505806,0.10973345824050044,-0.04807618016696268,0.008689334119276103,0.7410697496660156,1.2703247416213248,-0.0014237868092860893,1.271748528430611,0.0
1072,21.44,idle,locomotion,0,1.350000023841858,-0.05000000074505806,0.10973345824050044,-0.04826755723973273,0.007711816393186487,0.7405980335229958,1.2698599975991138,-0.001313231645258598,1.2711732292443725,0.0
1073,21.46,idle,locomotion,0,1.350000023841858,-0.05000000074505806,0.10973345824050044,-0.0484415421341314,0.0063227337685771105,0.7399936927114498,1.2692662605963827,-0.0005059644157139886,1.2697722250120966,0.0
1074,21.48,idle,locomotion,0,1.350000023841858,-0.05000000074505806,0.10973345824050044,-0.04859713459584384,0.004504646012348426,0.7397703593604845,1.2690315909696706,-0.0005188396895014422,1.269550430659172,0.0
1075,21.5,idle,locomotion,0,1.350000023841858,-0.05000000074505806,0.10973345824050044,-0.04868199857197223,0.0021696206407392066,0.7401297997765269,1.2693727171334548,-0.0005235956708345112,1.2698963128042893,0.0
1076,21.52,idle,locomotion,0,1.350000023841858,-0.05000000074505806,0.10973345824050044,-0.048686523892967334,-0.000754888647799748,0.7409291476599089,1.2701604926596723,-0.0005232279929894626,1.2706837206526618,0.0
1077,21.54,idle,locomotion,0,1.350000023841858,-0.05000000074505806,0.10973345824050044,-0.04862862023584412,-0.004285329150404932,0.7417946300583235,1.2710361007223536,-0.0005206727978212394,1.271556773520175,0.0
1078,21.56,idle,locomotion,0,1.350000023841858,-0.05000000074505806,0.10973345824050044,-0.048558377133175026,-0.008375375713719092,0.7421880220114495,1.2714697153808017,-0.0005153892813394151,1.271985104662141,0.0
1079,21.58,idle,locomotion,0,1.350000023841858,-0.05000000074505806,0.10973345824050044,-0.04864852218539907,-0.01299974405787798,0.7415152833008044,1.2708456689856322,-0.0007033547412563478,1.2715490237268885,0.0
1080,21.6,idle,locomotion,0,1.350000023841858,-0.05000000074505806,0.10973345824050044,-0.04932904369626623,-0.01810178946272506,0.7390947415305558,1.2684299391608616,-0.0008931829016812325,1.2693231220625427,0.0
1081,21.62,idle,locomotion,0,1.350000023841858,-0.05000000074505806,0.10973345824050044,-0.050934682914284116,-0.022634079319395324,0.7358132397035038,1.2648950430457617,-0.0011825845359502395,1.266077627581712,0.0
1082,21.64,idle,locomotion,0,1.350000023841858,-0.05000000074505806,0.10973345824050044,-0.05248267620508257,-0.02672074843458725,0.7324740212597333,1.2613016610026253,-0.0007104423139825469,1.2620121033166078,0.0
1083,21.66,idle,locomotion,0,1.350000023841858,-0.05000000074505806,0.10973345824050044,-0.0536279412536502,-0.030201215021426343,0.7296586400165129,1.2583020516942882,-0.0006491245249713694,1.2589511762192596,0.0
1084,21.68,idle,locomotion,0,1.350000023841858,-0.05000000074505806,0.10973345824050044,-0.054355758343521646,-0.0329128889760459,0.7277922303477131,1.256302997634668,-0.0006697452530093073,1.2569727428876774,0.0
1085,21.7,idle,locomotion,0,1.350000023841858,-0.05000000074505806,0.10973345824050044,-0.05480446792218264,-0.03500460757403587,0.72693664244366,1.2553593386181428,-0.0006892801437677551,1.2560486187619104,0.0
1086,21.72,idle,locomotion,0,1.350000023841858,-0.05000000074505806,0.10973345824050044,-0.05516756910988129,-0.036682322395811394,0.7268941994499146,1.255264301923095,-0.0006953952852771957,1.2559596972083722,0.0
1087,21.74,idle,locomotion,0,1.350000023841858,-0.05000000074505806,0.10973345824050044,-0.055674328580520085,-0.03806231092016014,0.7275326447842305,1.2558456024972817,-0.0006826894781185797,1.2565282919754004,0.0
1088,21.76,idle,locomotion,0,1.350000023841858,-0.05000000074505806,0.10973345824050044,-0.056251593495206614,-0.03924355794717084,0.7287031506947147,1.2569897585918628,-0.0006798274112013308,1.2576695860030642,0.0
1089,21.78,idle,locomotion,0,1.350000023841858,-0.05000000074505806,0.10973345824050044,-0.05674448122569688,-0.04016682765731002,0.7300891986393284,1.2584132804478527,-0.0006777517232511229,1.2590910321711037,0.0
1090,21.8,idle,locomotion,0,1.350000023841858,-0.05000000074505806,0.10973345824050044,-0.05719867749165338,-0.04082574195265738,0.7315175882974104,1.2599279519414326,-0.0006764582375987753,1.2606044101790315,0.0
1091,21.82,idle,locomotion,0,1.350000023841858,-0.05000000074505806,0.10973345824050044,-0.05765522818084261,-0.04124819586239249,0.732817671378224,1.261348594113688,-0.0006726061261688211,1.2620212002398568,0.0
1092,21.84,idle,locomotion,0,1.350000023841858,-0.05000000074505806,0.10973345824050044,-0.05816240863630634,-0.041462636954542866,0.7338837429845818,1.2625519121267632,-0.0006656552038574841,1.2632175673306207,0.0
1093,21.86,idle,locomotion,0,1.350000023841858,-0.05000000074505806,0.10973345824050044,-0.05873737287725789,-0.041481859825846665,0.734670792550364,1.2634780191680333,-0.0006565265797126435,1.264134545747746,0.0
1094,21.88,idle,locomotion,0,1.350000023841858,-0.05000000074505806,0.10973345824050044,-0.05934014444129226,-0.041277853071151935,0.7351549358333518,1.2641019016852446,-0.0006500810982213757,1.264751982783466,0.0
1095,21.9,idle,locomotion,0,1.350000023841858,-0.05000000074505806,0.10973345824050044,-0.05992420795965639,-0.04084328076803281,0.735338504302921,1.2644264102164038,-0.0006425294589366692,1.2650689396753405,0.0
1096,21.92,idle,locomotion,0,1.350000023841858,-0.05000000074505806,0.10973345824050044,-0.060488412725377735,-0.04019277942222371,0.7352819653544459,1.2645044740879263,-0.0006309768623554667,1.2651354509502817,0.0
1097,21.94,idle,locomotion,0,1.350000023841858,-0.05000000074505806,0.10973345824050044,-0.06103020056215006,-0.039342603755888536,0.7350517909801532,1.26439916101463,-0.0006151884300605731,1.2650143494446904,0.0
1098,21.96,idle,locomotion,0,1.350000023841858,-0.05000000074505806,0.10973345824050044,-0.06155311553584833,-0.038313571062655004,0.7346990916143432,1.2641587149904934,-0.0005993020589812291,1.2647580170494745,0.0
1099,21.98,idle,locomotion,0,1.350000023841858,-0.05000000074505806,0.10973345824050044,-0.06206554341335192,-0.037125826898629616,0.7342739205485463,1.263830646725595,-0.0005852287563503089,1.2644158754819455,0.0
1100,22.0,idle,locomotion,0,1.350000023841858,-0.05000000074505806,0.10973345824050044,-0.06257811213489478,-0.035802769603871826,0.7338205819420623,1.2634571160990098,-0.0005732082135448645,1.2640303243125546,0.0
1101,22.02,idle,locomotion,0,1.350000023841858,-0.05000000074505806,0.10973345824050044,-0.063095222717325,-0.03436799242041039,0.7333774188358927,1.2630762989173996,-0.0005655740898433091,1.263641873007243,0.0
1102,22.04,idle,locomotion,0,1.350000023841858,-0.05000000074505806,0.10973345824050044,-0.06361487790293803,-0.032847210982429306,0.73297451619065,1.262720543305972,-0.0005598477231081277,1.2632803910290802,0.0
1103,22.06,idle,locomotion,0,1.350000023841858,-0.05000000074505806,0.10973345824050044,-0.0641342758884178,-0.03126288783244987,0.7326338309495294,1.2624138598172931,-0.000554473859979112,1.2629683336772723,0.0
1104,22.08,idle,locomotion,0,1.350000023841858,-0.05000000074505806,0.10973345824050044,-0.06464901272549757,-0.029632951750633733,0.7323655657593171,1.262168573723043,-0.000548891290527688,1.2627174650135706,0.0
1105,22.1,idle,locomotion,0,1.350000023841858,-0.05000000074505806,0.10973345824050044,-0.06515507286835635,-0.02797724748947186,0.7321634829469765,1.2619808939599433,-0.0005426377197322793,1.2625235316796755,0.0
1106,22.12,idle,locomotion,0,1.350000023841858,-0.05000000074505806,0.10973345824050044,-0.06565258238156721,-0.026314550811203773,0.7320159550951418,1.2618401495913978,-0.0005356958211509243,1.2623758454125487,0.0
1107,22.14,idle,locomotion,0,1.350000023841858,-0.05000000074505806,0.10973345824050044,-0.06614256410879951,-0.024658307659613455,0.7319210989393046,1.2617449862650878,-0.000528327428208273,1.262273313693296,0.0
1108,22.16,idle,locomotion,0,1.350000023841858,-0.05000000074505806,0.10973345824050044,-0.06662719004303358,-0.023023079529834855,0.7318730760970465,1.2616897849237185,-0.0005204875628425643,1.2622102724865611,0.0
1109,22.18,idle,locomotion,0,1.350000023841858,-0.05000000074505806,0.10973345824050044,-0.06710755263560883,-0.021423523406432936,0.7318631200385698,1.261666265885923,-0.0005117565550736732,1.2621780224409966,0.0
1110,22.2,idle,locomotion,0,1.350000023841858,-0.05000000074505806,0.10973345824050044,-0.06758559514581478,-0.0198746423509562,0.731883285396796,1.2616669334955535,-0.0005051005469379789,1.2621720340424916,0.0
1111,22.22,idle,locomotion,0,1.350000023841858,-0.05000000074505806,0.10973345824050044,-0.06806128479731736,-0.01838523263268211,0.7319256935775227,1.2616847649008274,-0.0005087982352586853,1.262193563136086,0.0
1112,22.24,idle,locomotion,0,1.350000023841858,-0.05000000074505806,0.10973345824050044,-0.06853377612050221,-0.01696126463729679,0.7319757089918866,1.2617064499149664,-0.0005191950944110693,1.2622256450093774,0.0
1113,22.26,idle,locomotion,0,1.350000023841858,-0.05000000074505806,0.10973345824050044,-0.0690003857783581,-0.015613700492365058,0.7320243724988076,1.2617241437691713,-0.0005249313456700232,1.2622490751148414,0.0
1114,22.28,idle,locomotion,0,1.350000023841858,-0.05000000074505806,0.10973345824050044,-0.0694577338509082,-0.014355143076466246,0.7320706491567748,1.261738198623648,-0.0005304447063066257,1.2622686433299546,0.0
1115,22.3,idle,locomotion,0,1.350000023841858,-0.05000000074505806,0.10973345824050044,-0.0699026586429131,-0.013192642315778401,0.7321149654564365,1.2617502185703173,-0.0005385391128228251,1.26228875768314,0.0
1116,22.32,idle,locomotion,0,1.350000023841858,-0.05000000074505806,0.10973345824050044,-0.0703318282019858,-0.012129732436705573,0.7321580689494942,1.2617621202330005,-0.0005475391640826499,1.262309659397083,0.0
1117,22.34,idle,locomotion,0,1.350000023841858,-0.05000000074505806,0.10973345824050044,-0.07074279437638782,-0.011167795849877184,0.7322002327894663,1.261775062029518,-0.0005556839757851068,1.2623307460053033,0.0
1118,22.36,idle,locomotion,0,1.350000023841858,-0.05000000074505806,0.10973345824050044,-0.0711334911599418,-0.010306022356721109,0.7322412935492373,1.2617897113242162,-0.0005626244441037757,1.26235233576832,0.0
1119,22.38,idle,locomotion,0,1.350000023841858,-0.05000000074505806,0.10973345824050044,-0.07150212708343034,-0.00954446986735302,0.7322807204410737,1.2618063011803062,-0.0005674928069528823,1.262373793987259,0.0
1120,22.4,idle,locomotion,0,1.350000023841858,-0.05000000074505806,0.10973345824050044,-0.0718484444284827,-0.008882409304454391,0.7323187899795197,1.2618255313434366,-0.0005713675539745604,1.262396898897411,0.0
1121,22.42,idle,locomotion,0,1.350000023841858,-0.05000000074505806,0.10973345824050044,-0.07217191347381234,-0.008317297208510826,0.7323554046500931,1.2618477739190155,-0.0005743221971643078,1.2624220961161798,0.0
1122,22.44,idle,locomotion,0,1.350000023841858,-0.05000000074505806,0.10973345824050044,-0.07247424599368976,-0.00784705962917205,0.7323907542253391,1.2618729405861133,-0.0005766054708419253,1.2624495460569551,0.0
1123,22.46,idle,locomotion,0,1.350000023841858,-0.05000000074505806,0.10973345824050044,-0.07275683502741304,-0.0074692721319400465,0.7324251826645964,1.2619009990834378,-0.0005782431967648674,1.2624792422802027,0.0
1124,22.48,idle,locomotion,0,1.350000023841858,-0.05000000074505806,0.10973345824050044,-0.07301986807177523,-0.007179308076984462,0.7324586124688748,1.2619317390699405,-0.0005790525242403352,1.262510791594181,0.0
1125,22.5,idle,locomotion,0,1.350000023841858,-0.05000000074505806,0.10973345824050044,-0.0732640285564415,-0.006971956374660293,0.7324899620279813,1.261963777721565,-0.0005789209925371845,1.2625426987141022,0.0
1126,22.52,idle,locomotion,0,1.350000023841858,-0.05000000074505806,0.10973345824050044,-0.07349181893153502,-0.00684166350439466,0.7325169752634868,1.261993791833895,-0.0005776182751620444,1.262571410109057,0.0
1127,22.54,idle,locomotion,0,1.350000023841858,-0.05000000074505806,0.10973345824050044,-0.07370456873849579,-0.006782464971135735,0.732539108454677,1.2620203973331834,-0.000575128140648213,1.2625955254738317,0.0
1128,22.56,idle,locomotion,0,1.350000023841858,-0.05000000074505806,0.10973345824050044,-0.07390204335417738,-0.0067886444912006105,0.7325576741340452,1.2620446424229528,-0.0005713103577375152,1.2626159527806904,0.0
1129,22.58,idle,locomotion,0,1.350000023841858,-0.05000000074505806,0.10973345824050044,-0.07408350989394297,-0.0068539745133408235,0.7325756422653733,1.2620692388563044,-0.0005675716512075907,1.262636810507512,0.0
1130,22.6,idle,locomotion,0,1.350000023841858,-0.05000000074505806,0.10973345824050044,-0.07424793266486862,-0.006975519921675431,0.7325977279394137,1.2620987752999215,-0.0005637111011029261,1.2626624864010245,0.0
1131,22.62,idle,locomotion,0,1.350000023841858,-0.05000000074505806,0.10973345824050044,-0.07439418700445605,-0.007148761696237687,0.7326252738250628,1.2621349273969107,-0.0005594472151048656,1.2626943746120156,0.0
1132,22.64,idle,locomotion,0,1.350000023841858,-0.05000000074505806,0.10973345824050044,-0.07452261715074307,-0.00736911786840197,0.7326571637138437,1.262176603073928,-0.0005548188137435642,1.2627314218876717,0.0
1133,22.66,idle,locomotion,0,1.350000023841858,-0.05000000074505806,0.10973345824050044,-0.0746343739841786,-0.007630754709101412,0.7326904432731459,1.2622207461939738,-0.0005500810704844525,1.2627708272644582,0.0
1134,22.68,idle,locomotion,0,1.350000023841858,-0.05000000074505806,0.10973345824050044,-0.07473088006778623,-0.00792762178599612,0.7327209296117045,1.2622630439357194,-0.0005453698755460076,1.2628084138112654,0.0
1135,22.7,idle,locomotion,0,1.350000023841858,-0.05000000074505806,0.10973345824050044,-0.07481314761933726,-0.008253661213400628,0.7327457519880367,1.2623006819367066,-0.0005407062826069189,1.2628413882193135,0.0
1136,22.72,idle,locomotion,0,1.350000023841858,-0.05000000074505806,0.10973345824050044,-0.07488326259591732,-0.008602859898046305,0.7327638758993216,1.2623322439390996,-0.0005361287987876891,1.2628683727378873,0.0
1137,22.74,idle,locomotion,0,1.350000023841858,-0.05000000074505806,0.10973345824050044,-0.07494354044715616,-0.008969597958855598,0.7327752103051737,1.2623570865873184,-0.0005318729280847992,1.2628889595154031,0.0
1138,22.76,idle,locomotion,0,1.350000023841858,-0.05000000074505806,0.10973345824050044,-0.07499607895284853,-0.009348965661567288,0.7327801986778589,1.2623751350774939,-0.0005278491944483363,1.2629029842719421,0.0
1139,22.78,idle,locomotion,0,1.350000023841858,-0.05000000074505806,0.10973345824050044,-0.07504271692728207,-0.00973679234485865,0.7327797063276087,1.2623868276306343,-0.0005246125844549782,1.2629114402150892,0.0
1140,22.8,idle,locomotion,0,1.350000023841858,-0.05000000074505806,0.10973345824050044,-0.07508482339668397,-0.010128541474792403,0.7327750087424868,1.26239320842847,-0.0005232892278308095,1.2629164976563008,0.0
1141,22.82,idle,locomotion,0,1.350000023841858,-0.05000000074505806,0.10973345824050044,-0.07512291168113704,-0.010520093073256347,0.7327664374758177,1.2623945607516023,-0.0005220316266202861,1.2629165923782226,0.0
1142,22.84,idle,locomotion,0,1.350000023841858,-0.05000000074505806,0.10973345824050044,-0.07515738772530803,-0.010907740117429909,0.7327544092035055,1.2623912908011583,-0.0005205776809531701,1.2629118684821115,0.0
1143,22.86,idle,locomotion,0,1.350000023841858,-0.05000000074505806,0.10973345824050044,-0.07518835437164402,-0.011287823810922736,0.7327394084735486,1.2623839550050957,-0.0005189007140175526,1.2629028557191133,0.0
1144,22.88,idle,locomotion,0,1.350000023841858,-0.05000000074505806,0.10973345824050044,-0.07521556989007733,-0.011656783122303869,0.7327218507880605,1.2623731217608596,-0.0005166204215125494,1.2628897421823722,0.0
1145,22.9,idle,locomotion,0,1.350000023841858,-0.05000000074505806,0.10973345824050044,-0.07523883056584814,-0.012012206546197947,0.732702403360782,1.2623596687769498,-0.000515848999829812,1.2628755177767796,0.0
1146,22.92,idle,locomotion,0,1.350000023841858,-0.05000000074505806,0.10973345824050044,-0.07525815283519473,-0.01235198642918325,0.7326815575460978,1.2623441876279242,-0.000516808672128128,1.2628609963000523,0.0
1147,22.94,idle,locomotion,0,1.350000023841858,-0.05000000074505806,0.10973345824050044,-0.07527381586262884,-0.01267448221364762,0.7326599573434944,1.262327330904068,-0.0005176878441764468,1.2628450187482443,0.0
1148,22.96,idle,locomotion,0,1.350000023841858,-0.05000000074505806,0.10973345824050044,-0.0752861036915562,-0.012978523937890741,0.7326386852752546,1.2623101688311111,-0.0005184842627277107,1.2628286530938388,0.0
1149,22.98,idle,locomotion,0,1.350000023841858,-0.05000000074505806,0.10973345824050044,-0.07529518598998468,-0.013263054780490708,0.7326183848680121,1.2622933782700825,-0.0005192157407974789,1.2628125940108799,0.0
1150,23.0,idle,locomotion,0,1.350000023841858,-0.05000000074505806,0.10973345824050044,-0.07530120181872743,-0.01352716918062136,0.7325993105407281,1.26227724918867,-0.0005198752747579659,1.262797124463428,0.0
1151,23.02,idle,locomotion,0,1.350000023841858,-0.05000000074505806,0.10973345824050044,-0.07530430309143966,-0.013770216928360886,0.7325814951601074,1.2622618500888598,-0.0005202754565031484,1.262782125545363,0.0
1152,23.04,idle,locomotion,0,1.350000023841858,-0.05000000074505806,0.10973345824050044,-0.0753047038086657,-0.013991611822686024,0.7325650310913248,1.262247288467834,-0.0005206158628697395,1.2627679043307036,0.0
1153,23.06,idle,locomotion,0,1.350000023841858,-0.05000000074505806,0.10973345824050044,-0.07530263352833513,-0.014191018748601814,0.7325499236628458,1.2622335871534673,-0.0005208878335336634,1.262754474987001,0.0
1154,23.08,idle,locomotion,0,1.350000023841858,-0.05000000074505806,0.10973345824050044,-0.0752983497565273,-0.01436831997030106,0.7325361273893235,1.2622207182878789,-0.0005210886607062426,1.2627418069485852,0.0
1155,23.1,idle,locomotion,0,1.350000023841858,-0.05000000074505806,0.10973345824050044,-0.07529205530894953,-0.014523334756316064,0.7325236204193452,1.2622086809585642,-0.0005212316005252481,1.2627299125590894,0.0
1156,23.12,idle,locomotion,0,1.350000023841858,-0.05000000074505806,0.10973345824050044,-0.07528388661258728,-0.01465598240537209,0.7325124691719462,1.2621975845633568,-0.0005213208628231693,1.26271890542618,0.0
1157,23.14,idle,locomotion,0,1.350000023841858,-0.05000000074505806,0.10973345824050044,-0.07527396774396103,-0.014766395560978068,0.7325026596367675,1.26218747889665,-0.0005213596530507757,1.2627088385497007,0.0
1158,23.16,idle,locomotion,0,1.350000023841858,-0.05000000074505806,0.10973345824050044,-0.07526232302748828,-0.014855158193066998,0.7324941192971853,1.2621784036014316,-0.000521358058456621,1.2626997616598883,0.0
1159,23.18,idle,locomotion,0,1.350000023841858,-0.05000000074505806,0.10973345824050044,-0.07524900977848559,-0.01492313021878507,0.7324867259893036,1.2621703625729424,-0.0005213112542012399,1.2626916738271436,0.0
1160,23.2,idle,locomotion,0,1.350000023841858,-0.05000000074505806,0.10973345824050044,-0.07523428508513691,-0.014971403422138596,0.7324803311614148,1.2621632640489289,-0.0005212132545875103,1.2626844773035164,0.0
1161,23.22,idle,locomotion,0,1.350000023841858,-0.05000000074505806,0.10973345824050044,-0.07521848534441188,-0.015001158479301328,0.732474638205612,1.262156853202257,-0.0005210637827095313,1.2626779169849665,0.0
1162,23.24,idle,locomotion,0,1.350000023841858,-0.05000000074505806,0.10973345824050044,-0.07520198363868474,-0.015013579699278213,0.7324688984998334,1.2621504261229433,-0.0005208543217465091,1.2626712804446898,0.0
1163,23.26,idle,locomotion,0,1.350000023841858,-0.05000000074505806,0.10973345824050044,-0.07518519849110063,-0.015010098096685248,0.7324624449786172,1.2621433502589803,-0.0005206349351516565,1.262663985194132,0.0
1164,23.28,idle,locomotion,0,1.350000023841858,-0.05000000074505806,0.10973345824050044,-0.07516854477306771,-0.014992212293771262,0.7324549710354784,1.2621353430932147,-0.0005204187894483972,1.262655761882663,0.0
1165,23.3,idle,locomotion,0,1.350000023841858,-0.05000000074505806,0.10973345824050044,-0.075152419712306,-0.01496131284323199,0.7324464901019486,1.2621264241468981,-0.0005202011825765455,1.2626466253294746,0.0
1166,23.32,idle,locomotion,0,1.350000023841858,-0.05000000074505806,0.10973345824050044,-0.07513719816131,-0.01491870640905758,0.73243715882333,1.2621167422920991,-0.0005199840809699194,1.2626367263730691,0.0
1167,23.34,idle,locomotion,0,1.350000023841858,-0.05000000074505806,0.10973345824050044,-0.07512321643792173,-0.014865657349317366,0.732427189755994,1.2621064867806626,-0.000519757983930693,1.2626262447645933,0.0
1168,23.36,idle,locomotion,0,1.350000023841858,-0.05000000074505806,0.10973345824050044,-0.07511076755516767,-0.01480341741077277,0.7324168180840929,1.2620958700117253,-0.0005195460275141811,1.2626154160392395,0.0
1169,23.38,idle,locomotion,0,1.350000023841858,-0.05000000074505806,0.10973345824050044,-0.0751000859901851,-0.01473321366075952,0.7324062420551123,1.2620850651428135,-0.0005193221558332968,1.2626043872986468,0.0
1170,23.4,idle,locomotion,0,1.350000023841858,-0.05000000074505806,0.10973345824050044,-0.07509136553369697,-0.014656269141118028,0.7323956649880435,1.2620742560465688,-0.0005191112413562259,1.262593367287925,0.0
1171,23.42,idle,locomotion,0,1.350000023841858,-0.05000000074505806,0.10973345824050044,-0.07508474580152945,-0.014573776725294859,0.7323852405790728,1.2620635812298522,-0.0005188988332462639,1.2625824800630985,0.0
1172,23.44,idle,locomotion,0,1.350000023841858,-0.05000000074505806,0.10973345824050044,-0.07508033674116213,-0.014486951530534512,0.7323750884850913,1.2620531472558951,-0.000518695130433084,1.2625718423863281,0.0
1173,23.46,idle,locomotion,0,1.350000023841858,-0.05000000074505806,0.10973345824050044,-0.07507820609181687,-0.01439695318961297,0.7323652864527955,1.2620430242520189,-0.0005184945153603182,1.262561518767379,0.0
1174,23.48,idle,locomotion,0,1.350000023841858,-0.05000000074505806,0.10973345824050044,-0.07507844586693041,-0.01430492863464574,0.7323558741265984,1.26203322884217,-0.0005183178253805633,1.2625515466675505,0.0
1175,23.5,idle,locomotion,0,1.350000023841858,-0.05000000074505806,0.10973345824050044,-0.07508106995384349,-0.014211878865763113,0.7323469669278518,1.2620238724901658,-0.0005181427367246458,1.2625420152268905,0.0
1176,23.52,idle,locomotion,0,1.350000023841858,-0.05000000074505806,0.10973345824050044,-0.07508604654206903,-0.014118673243550374,0.7323387027209016,1.2620150916835067,-0.000517983357413241,1.2625330750409198,0.0
1177,23.54,idle,locomotion,0,1.350000023841858,-0.05000000074505806,0.10973345824050044,-0.075093342746728,-0.014026112058159694,0.7323311700997388,1.262006971118213,-0.0005178434515220876,1.262524814569735,0.0
1178,23.56,idle,locomotion,0,1.350000023841858,-0.05000000074505806,0.10973345824050044,-0.07510289422441788,-0.013934906358462907,0.732324597841174,1.2619997218859635,-0.0005177334671819765,1.2625174553531455,0.0
1179,23.58,idle,locomotion,0,1.350000023841858,-0.05000000074505806,0.10973345824050044,-0.07511461930899783,-0.013845647650226963,0.7323192631028955,1.261993608834147,-0.0005176635992859384,1.2625112724334329,0.0
1180,23.6,idle,locomotion,0,1.350000023841858,-0.05000000074505806,0.10973345824050044,-0.07512841367250676,-0.013758741630135891,0.732314876184272,1.261988372880559,-0.0005176096821071542,1.262505982562666,0.0
1181,23.62,idle,locomotion,0,1.350000023841858,-0.05000000074505806,0.10973345824050044,-0.07514414526774932,-0.013674477261321118,0.7323111420395265,1.2619837447567295,-0.000517568341390686,1.2625013130981202,0.0
1182,23.64,idle,locomotion,0,1.350000023841858,-0.05000000074505806,0.10973345824050044,-0.0751616931381111,-0.013593145276953673,0.7323079548056489,1.2619796397565852,-0.0005175346499489315,1.262497174406534,0.0
1183,23.66,idle,locomotion,0,1.350000023841858,-0.05000000074505806,0.10973345824050044,-0.0751809522364963,-0.013514970008652072,0.7323052372607662,1.2619759910469621,-0.0005175031991218465,1.262493494246084,0.0
1184,23.68,idle,locomotion,0,1.350000023841858,-0.05000000074505806,0.10973345824050044,-0.07520182720936415,-0.013440111303381028,0.7323029237805623,1.2619727384945476,-0.0005174846213505703,1.262490223115898,0.0
1185,23.7,idle,locomotion,0,1.350000023841858,-0.05000000074505806,0.10973345824050044,-0.07522422076738958,-0.01336867105156553,0.7323009484860302,1.2619698216207043,-0.0005174716579389484,1.2624872932786433,0.0
1186,23.72,idle,locomotion,0,1.350000023841858,-0.05000000074505806,0.10973345824050044,-0.07524804008312376,-0.013300721520068691,0.7322992575448486,1.2619671900677862,-0.0005174658250735736,1.2624846558928597,0.0
1187,23.74,idle,locomotion,0,1.350000023841858,-0.05000000074505806,0.10973345824050044,-0.07527319210155031,-0.013236305471443268,0.7322978133674547,1.2619648083743502,-0.0005174697212968898,1.262482278095647,0.0
1188,23.76,idle,locomotion,0,1.350000023841858,-0.05000000074505806,0.10973345824050044,-0.07529958354852548,-0.013175439880275835,0.732296590961346,1.2619626516994529,-0.0005174795083755096,1.2624801312078284,0.0
1189,23.78,idle,locomotion,0,1.350000023841858,-0.05000000074505806,0.10973345824050044,-0.0753271194657813,-0.013118117313333167,0.7322955697393058,1.2619607010707306,-0.0005174964582903945,1.262478197529021,0.0
1190,23.8,idle,locomotion,0,1.350000023841858,-0.05000000074505806,0.10973345824050044,-0.07535570751506361,-0.013064305128552002,0.7322947182047266,1.261958929208997,-0.0005175210245686353,1.2624764502335657,0.0
1191,23.82,idle,locomotion,0,1.350000023841858,-0.05000000074505806,0.10973345824050044,-0.0753852597516087,-0.013013954637608408,0.7322940176720389,1.261957318107065,-0.000517551975556179,1.2624748700826212,0.0
1192,23.84,idle,locomotion,0,1.350000023841858,-0.05000000074505806,0.10973345824050044,-0.0754156864608102,-0.012967000353975699,0.7322934731642017,1.2619558709127996,-0.0005175892134363508,1.262473460126236,0.0
1193,23.86,idle,locomotion,0,1.350000023841858,-0.05000000074505806,0.10973345824050044,-0.07544689983377478,-0.012923362872614814,0.7322930822360206,1.261954583976654,-0.0005176349960676827,1.2624722189727215,0.0
1194,23.88,idle,locomotion,0,1.350000023841858,-0.05000000074505806,0.10973345824050044,-0.07547881104501097,-0.012882941311369033,0.7322928286400252,1.2619534427107404,-0.0005176911183727671,1.2624711338291132,0.0
1195,23.9,idle,locomotion,0,1.350000023841858,-0.05000000074505806,0.10973345824050044,-0.07551134055487288,-0.012845624930807653,0.732292704999388,1.2619524389660293,-0.0005178140325732029,1.2624702529986025,0.0
1196,23.92,idle,locomotion,0,1.350000023841858,-0.05000000074505806,0.10973345824050044,-0.07554441372159772,-0.012811300303605187,0.7322927041370734,1.261951565099529,-0.0005179176407893518,1.2624694827403184,0.0
1197,23.94,idle,locomotion,0,1.350000023841858,-0.05000000074505806,0.10973345824050044,-0.07557795541136389,-0.012779843658779717,0.7322928259326702,1.2619508175971756,-0.000518003734063497,1.2624688213312392,0.0
1198,23.96,idle,locomotion,0,1.350000023841858,-0.05000000074505806,0.10973345824050044,-0.07561189400365653,-0.012751125806673919,0.7322930808295862,1.2619502043183255,-0.0005180733220794924,1.262468277640405,0.0
1199,23.98,idle,locomotion,0,1.350000023841858,-0.05000000074505806,0.10973345824050044,-0.07564615346399156,-0.012724990275824088,0.7322934687291299,1.261949723015095,-0.0005181281101625766,1.2624678511252574,0.0
1200,24.0,idle,locomotion,0,1.350000023841858,-0.05000000074505806,0.10973345824050044,-0.07568066638388597,-0.012701268826584898,0.7322939698284543,1.2619493598489069,-0.0005181702645402596,1.2624675301134471,0.0
1201,24.02,idle,locomotion,0,1.350000023841858,-0.05000000074505806,0.10973345824050044,-0.07571536526612653,-0.012679776329676335,0.7322945893916718,1.2619491154975437,-0.0005182026304797645,1.2624673181280235,0.0
1202,24.04,idle,locomotion,0,1.350000023841858,-0.05000000074505806,0.10973345824050044,-0.07575018403784779,-0.012660324717477928,0.7322953482847877,1.2619490118349106,-0.000518225911418254,1.2624672377463289,0.0
1203,24.06,idle,locomotion,0,1.350000023841858,-0.05000000074505806,0.10973345824050044,-0.07578505531217705,-0.012642724235359388,0.732296242313275,1.261949045586569,-0.0005182686782258215,1.2624673142647949,0.0
1204,24.08,idle,locomotion,0,1.350000023841858,-0.05000000074505806,0.10973345824050044,-0.07581992546716891,-0.012626808502412643,0.7322973082870005,1.2619492508564456,-0.000518343204260259,1.262467594060706,0.0
1205,24.1,idle,locomotion,0,1.350000023841858,-0.05000000074505806,0.10973345824050044,-0.07585474410033774,-0.012612435514153888,0.732298646044357,1.2619497141098313,-0.0005184180945256613,1.262468132204357,0.0
1206,24.12,idle,locomotion,0,1.350000023841858,-0.05000000074505806,0.10973345824050044,-0.07588945366726106,-0.012599469914670192,0.7323003672787308,1.2619505385540297,-0.000518487914724055,1.2624690264687537,0.0
1207,24.14,idle,locomotion,0,1.350000023841858,-0.05000000074505806,0.10973345824050044,-0.07592399395657039,-0.012587780666351392,0.7323025150314187,1.261951765527906,-0.0005185619294028644,1.2624703274573088,0.0
1208,24.16,idle,locomotion,0,1.350000023841858,-0.05000000074505806,0.10973345824050044,-0.07595829905563926,-0.012577235282396265,0.7323050957211144,1.2619533984384628,-0.0005186397580932457,1.262472038196556,0.0
1209,24.18,idle,locomotion,0,1.350000023841858,-0.05000000074505806,0.10973345824050044,-0.07599230128394473,-0.012567706691338047,0.7323080622389916,1.2619553981147267,-0.0005187106761323536,1.262474108790859,0.0
1210,24.2,idle,locomotion,0,1.350000023841858,-0.05000000074505806,0.10973345824050044,-0.07602595178111192,-0.012559077636772994,0.7323113407892532,1.2619576970053294,-0.0005187815762264514,1.2624764785815559,0.0
1211,24.22,idle,locomotion,0,1.350000023841858,-0.05000000074505806,0.10973345824050044,-0.07605921033846656,-0.012551235044430705,0.7323148603531173,1.2619602305090623,-0.0005188547187300781,1.2624790852277923,0.0
1212,24.24,idle,locomotion,0,1.350000023841858,-0.05000000074505806,0.10973345824050044,-0.07609204329072727,-0.012544066247993218,0.7323185527490531,1.261962935918081,-0.0005189191791072113,1.2624818550971884,0.0
1213,24.26,idle,locomotion,0,1.350000023841858,-0.05000000074505806,0.10973345824050044,-0.07612443465803927,-0.012537477944489296,0.7323223642491257,1.2619657649497178,-0.0005189884928690838,1.262484753442587,0.0
1214,24.28,idle,locomotion,0,1.350000023841858,-0.05000000074505806,0.10973345824050044,-0.07615637330959542,-0.012531374078632616,0.7323262423513462,1.2619686679855782,-0.0005190568703159447,1.2624877248558941,0.0
1215,24.3,idle,locomotion,0,1.350000023841858,-0.05000000074505806,0.10973345824050044,-0.07618787100036173,-0.012525694532902632,0.7323301695616106,1.261971628563189,-0.0005191547943942318,1.2624907833575831,0.0
1216,24.32,idle,locomotion,0,1.350000023841858,-0.05000000074505806,0.10973345824050044,-0.07621894031693309,-0.01252038647456348,0.7323341190183098,1.261974621556824,-0.0005192708219054487,1.2624938923787294,0.0
1217,24.34,idle,locomotion,0,1.350000023841858,-0.05000000074505806,0.10973345824050044,-0.07624959382992315,-0.012515386861174198,0.7323380597414609,1.2619776179823692,-0.000519394552581872,1.262497012534951,0.0
1218,24.36,idle,locomotion,0,1.350000023841858,-0.05000000074505806,0.10973345824050044,-0.07627984631775071,-0.012510630104946182,0.732341974730827,1.2619806012140389,-0.0005195208845205634,1.2625001220985594,0.0
1219,24.38,idle,locomotion,0,1.350000023841858,-0.05000000074505806,0.10973345824050044,-0.07630971428715752,-0.012506052226544344,0.7323458616651507,1.2619835684022238,-0.0005196474395509978,1.2625032158417748,0.0
1220,24.4,idle,locomotion,0,1.350000023841858,-0.05000000074505806,0.10973345824050044,-0.07633921393230139,-0.012501591942599475,0.7323497191494341,1.261986517946783,-0.0005197732484079481,1.262506291195191,0.0
1221,24.42,idle,locomotion,0,1.350000023841858,-0.05000000074505806,0.10973345824050044,-0.07636836058153142,-0.01249719284361143,0.7323535558155781,1.2619894574628734,-0.000519898246312555,1.262509355709186,0.0
1222,24.44,idle,locomotion,0,1.350000023841858,-0.05000000074505806,0.10973345824050044,-0.0763971690652521,-0.01249280179716713,0.7323573759873098,1.2619923915173858,-0.0005200465412302652,1.2625124380586161,0.0
1223,24.46,idle,locomotion,0,1.350000023841858,-0.05000000074505806,0.10973345824050044,-0.07642565556449533,-0.012488373448841749,0.7323611834150965,1.2619953227026022,-0.0005202551314106643,1.262515577834013,0.0
1224,24.48,idle,locomotion,0,1.350000023841858,-0.05000000074505806,0.10973345824050044,-0.076453834057584,-0.012483863336725505,0.7323649882955576,1.2619982607134084,-0.0005204624647342053,1.2625187231781425,0.0
1225,24.5,idle,locomotion,0,1.350000023841858,-0.05000000074505806,0.10973345824050044,-0.07648171954333324,-0.012479236092771009,0.7323688056524128,1.2620012190561365,-0.0005206683999531315,1.2625218874560897,0.0
1226,24.52,idle,locomotion,0,1.350000023841858,-0.05000000074505806,0.10973345824050044,-0.07650932564196342,-0.012474457043063384,0.7323726449324309,1.2620042064736663,-0.0005208731908097237,1.262525079664476,0.0
1227,24.54,idle,locomotion,0,1.350000023841858,-0.05000000074505806,0.10973345824050044,-0.07653666492001192,-0.01246949912132215,0.7323765094123277,1.2620072257375352,-0.0005210766787707606,1.2625283024163059,0.0
1228,24.56,idle,locomotion,0,1.350000023841858,-0.05000000074505806,0.10973345824050044,-0.07656374971805248,-0.01246433946502279,0.7323804023275253,1.2620102797595487,-0.000521278886017662,1.2625315586455663,0.0
1229,24.58,idle,locomotion,0,1.350000023841858,-0.05000000074505806,0.10973345824050044,-0.07659059293408654,-0.012458960405495666,0.7323843279473757,1.2620133718661686,-0.0005214797805908576,1.2625348516467594,0.0
1230,24.6,idle,locomotion,0,1.350000023841858,-0.05000000074505806,0.10973345824050044,-0.07661720639534969,-0.012453346920681048,0.7323882951653407,1.2620165097919636,-0.0005216796252434791,1.262538189417207,0.0
1231,24.62,idle,locomotion,0,1.350000023841858,-0.05000000074505806,0.10973345824050044,-0.07664360010920945,-0.012447487116170702,0.7323923091781307,1.2620196985611498,-0.0005218785369454949,1.2625415770980952,0.0
1232,24.64,idle,locomotion,0,1.350000023841858,-0.05000000074505806,0.10973345824050044,-0.07666978601896338,-0.012441376019142152,0.7323963709205096,1.2620229382164254,-0.0005220828755310575,1.2625450210919564,0.0
1233,24.66,idle,locomotion,0,1.350000023841858,-0.05000000074505806,0.10973345824050044,-0.07669577416415631,-0.012435010077449016,0.7324004787450202,1.2620262268721778,-0.0005222876429472334,1.262548514515125,0.0
1234,24.68,idle,locomotion,0,1.350000023841858,-0.05000000074505806,0.10973345824050044,-0.0767215730054087,-0.012428388405702139,0.7324046333637624,1.2620295654067706,-0.0005224916391773637,1.2625520570459479,0.0
1235,24.7,idle,locomotion,0,1.350000023841858,-0.05000000074505806,0.10973345824050044,-0.0767471928194491,-0.012421515052514372,0.7324088382127361,1.2620329564284878,-0.0005226948070019242,1.2625556512354896,0.0
1236,24.72,idle,locomotion,0,1.350000023841858,-0.05000000074505806,0.10973345824050044,-0.07677264184179436,-0.012414394217385858,0.7324130976673703,1.2620364038452145,-0.0005228974712476638,1.2625593013164622,0.0
1237,24.74,idle,locomotion,0,1.350000023841858,-0.05000000074505806,0.10973345824050044,-0.07679792776555334,-0.012407032587390981,0.7324174131349916,1.2620399091580101,-0.0005230996145363445,1.2625630087725466,0.0
1238,24.76,idle,locomotion,0,1.350000023841858,-0.05000000074505806,0.10973345824050044,-0.07682305747825201,-0.012399437395709385,0.7324217815462787,1.2620434697252743,-0.0005233015229485598,1.262566771248223,0.0
1239,24.78,idle,locomotion,0,1.350000023841858,-0.05000000074505806,0.10973345824050044,-0.07684803904818742,-0.012391620445399178,0.7324261985499717,1.2620470813986666,-0.0005235029439638918,1.2625705843426305,0.0
1240,24.8,idle,locomotion,0,1.350000023841858,-0.05000000074505806,0.10973345824050044,-0.0768728804365066,-0.012383593505978743,0.7324306640269005,1.2620507438212851,-0.0005237042273515853,1.2625744480486367,0.0
1241,24.82,idle,locomotion,0,1.350000023841858,-0.05000000074505806,0.10973345824050044,-0.07689758881532759,-0.01237536965291313,0.7324351778357278,1.262054457096479,-0.0005239053470729206,1.2625783624435518,0.0
1242,24.84,idle,locomotion,0,1.350000023841858,-0.05000000074505806,0.10973345824050044,-0.07692217213733114,-0.0123669642647746,0.7324397452854824,1.2620582254407287,-0.0005241065865969063,1.2625823320273255,0.0
1243,24.86,idle,locomotion,0,1.350000023841858,-0.05000000074505806,0.10973345824050044,-0.07694663649738606,-0.012358391082050706,0.732444370865876,1.26206205294926,-0.0005243081260325293,1.2625863610752925,0.0
1244,24.88,idle,locomotion,0,1.350000023841858,-0.05000000074505806,0.10973345824050044,-0.07697098734888477,-0.012349667158935308,0.7324490542676415,1.2620659391513782,-0.0005245098629271319,1.2625904490143054,0.0
1245,24.9,idle,locomotion,0,1.350000023841858,-0.05000000074505806,0.10973345824050044,-0.07699522897342166,-0.0123408084169649,0.7324537923651498,1.26206988167059,-0.0005247120223998425,1.2625945936929899,0.0
1246,24.92,idle,locomotion,0,1.350000023841858,-0.05000000074505806,0.10973345824050044,-0.07701935198265106,-0.012331834675031206,0.7324585690500724,1.2620738653776624,-0.0005248676904610547,1.2625987330681234,0.0
1247,24.94,idle,locomotion,0,1.350000023841858,-0.05000000074505806,0.10973345824050044,-0.07704335901484526,-0.012322750736707454,0.7324633910736909,1.262077897666665,-0.0005250195043687289,1.2626029171710336,0.0
1248,24.96,idle,locomotion,0,1.350000023841858,-0.05000000074505806,0.10973345824050044,-0.0770672536866955,-0.012313573472940018,0.7324682631680642,1.2620819820861098,-0.0005251680151555499,1.2626071501012652,0.0
1249,24.98,idle,locomotion,0,1.350000023841858,-0.05000000074505806,0.10973345824050044,-0.0770910400691466,-0.012304320821098114,0.7324731917043869,1.2620861256476703,-0.0005253161530306624,1.262611441800701,0.0
1250,25.0,idle,locomotion,0,1.350000023841858,-0.05000000074505806,0.10973345824050044,-0.07711472403700781,-0.012295010326287525,0.7324781814126154,1.2620903311134666,-0.0005254709858029949,1.2626158020992695,0.0
1251,25.02,idle,locomotion,0,1.350000023841858,-0.05000000074505806,0.10973345824050044,-0.07713830537868462,-0.01228565998479315,0.7324832383986944,1.262094602289581,-0.0005256223276462121,1.2626202246172271,0.0
1252,25.04,idle,locomotion,0,1.350000023841858,-0.05000000074505806,0.10973345824050044,-0.07716178248487604,-0.012276283378620615,0.732488361972977,1.2620989394787911,-0.0005257787494552073,1.2626247182282464,0.0
1253,25.06,idle,locomotion,0,1.350000023841858,-0.05000000074505806,0.10973345824050044,-0.07718515420029162,-0.012266896400450127,0.73249354408212,1.2621033361050824,-0.0005259388982461199,1.2626292750033286,0.0
1254,25.08,idle,locomotion,0,1.350000023841858,-0.05000000074505806,0.10973345824050044,-0.0772084189240542,-0.012257510884085502,0.732498783915818,1.262107789776023,-0.0005260906612688833,1.2626338804372919,0.0
1255,25.1,idle,locomotion,0,1.350000023841858,-0.05000000074505806,0.10973345824050044,-0.0772315782343445,-0.012248138230563704,0.732504077895779,1.2621122992764373,-0.0005262449887706543,1.262638544265208,0.0
1256,25.12,idle,locomotion,0,1.350000023841858,-0.05000000074505806,0.10973345824050044,-0.0772546347351206,-0.012238788761727229,0.7325094222474229,1.2621168594940098,-0.0005264034484660021,1.2626432629424758,0.0
1257,25.14,idle,locomotion,0,1.350000023841858,-0.05000000074505806,0.10973345824050044,-0.07727759047316911,-0.01222947456264133,0.7325148185959176,1.2621214710416124,-0.0005265640960734168,1.2626480351376859,0.0
1258,25.16,idle,locomotion,0,1.350000023841858,-0.05000000074505806,0.10973345824050044,-0.07730044441396156,-0.01222020590174143,0.7325202685875453,1.2621261350998256,-0.0005267261698568074,1.2626528612696823,0.0
1259,25.18,idle,locomotion,0,1.350000023841858,-0.05000000074505806,0.10973345824050044,-0.07732319373507687,-0.012210995547870161,0.732525756480644,1.2621308404784912,-0.0005268799361527465,1.2626577204146439,0.0
1260,25.2,idle,locomotion,0,1.350000023841858,-0.05000000074505806,0.10973345824050044,-0.07734584266001965,-0.01220184556239697,0.7325312811116427,1.262135584076774,-0.0005270399035706107,1.2626626239803447,0.0
1261,25.22,idle,locomotion,0,1.350000023841858,-0.05000000074505806,0.10973345824050044,-0.07736839432010106,-0.012192766294546053,0.7325368415578841,1.2621403660177708,-0.0005272016670051262,1.2626675676847758,0.0
1262,25.24,idle,locomotion,0,1.350000023841858,-0.05000000074505806,0.10973345824050044,-0.07739085063162685,-0.012183762230148141,0.7325424398941438,1.2621451871912353,-0.0005273645375403098,1.2626725517287756,0.0
1263,25.26,idle,locomotion,0,1.350000023841858,-0.05000000074505806,0.10973345824050044,-0.07741321573039024,-0.012174840423231222,0.7325480805001263,1.2621500511360997,-0.0005275394710014779,1.262677590607101,0.0
1264,25.28,idle,locomotion,0,1.350000023841858,-0.05000000074505806,0.10973345824050044,-0.07743549816271014,-0.012166008210988151,0.7325537685553047,1.2621549616019734,-0.0005277483311323557,1.2626827099331057,0.0
1265,25.3,idle,locomotion,0,1.350000023841858,-0.05000000074505806,0.10973345824050044,-0.07745770918000153,-0.012157276756743196,0.7325595117978846,1.2621599257984868,-0.0005279968773643749,1.2626879226758512,0.0
1266,25.32,idle,locomotion,0,1.350000023841858,-0.05000000074505806,0.10973345824050044,-0.07747985505729937,-0.01214865942997426,0.7325653043933055,1.2621649382846074,-0.0005282673105978346,1.2626932055952051,0.0
1267,25.34,idle,locomotion,0,1.350000023841858,-0.05000000074505806,0.10973345824050044,-0.0775019383735108,-0.01214016236748021,0.7325711332741419,1.262169987744769,-0.0005285488039527622,1.2626985365487218,0.0
1268,25.36,idle,locomotion,0,1.350000023841858,-0.05000000074505806,0.10973345824050044,-0.0775239608004948,-0.012131788339141861,0.7325769887470209,1.2621750661237439,-0.0005288358339755397,1.2627039019577193,0.0
1269,25.38,idle,locomotion,0,1.350000023841858,-0.05000000074505806,0.10973345824050044,-0.07754592718849483,-0.012123540539030921,0.7325828710004716,1.262180173238974,-0.0005291255993833573,1.2627092988383573,0.0
1270,25.4,idle,locomotion,0,1.350000023841858,-0.05000000074505806,0.10973345824050044,-0.07756784034904048,-0.012115418885245883,0.732588776514154,1.2621853061029495,-0.0005294173373440111,1.2627147234402936,0.0
1271,25.42,idle,locomotion,0,1.350000023841858,-0.05000000074505806,0.10973345824050044,-0.07758970036522246,-0.012107421779815502,0.7325946989240305,1.2621904597110365,-0.0005297106914132037,1.2627201704024498,0.0
1272,25.44,idle,locomotion,0,1.350000023841858,-0.05000000074505806,0.10973345824050044,-0.07761150900455556,-0.012099549660662411,0.732600642284054,1.2621956379267734,-0.0005300055185177358,1.2627256434452911,0.0
1273,25.46,idle,locomotion,0,1.350000023841858,-0.05000000074505806,0.10973345824050044,-0.07763326782385466,-0.01209180137269332,0.7326066065430109,1.2622008411761387,-0.0005303017465608829,1.2627311429226997,0.0
1274,25.48,idle,locomotion,0,1.350000023841858,-0.05000000074505806,0.10973345824050044,-0.07765497720514442,-0.012084176318314434,0.7326125936353066,1.2622060713779426,-0.000530599465003341,1.262736670842946,0.0
1275,25.5,idle,locomotion,0,1.350000023841858,-0.05000000074505806,0.10973345824050044,-0.07767663953062962,-0.012076670773931429,0.7326186104564685,1.2622113343628918,-0.000530898772944325,1.2627422331358362,0.0
1276,25.52,idle,locomotion,0,1.350000023841858,-0.05000000074505806,0.10973345824050044,-0.07769825692895857,-0.012069282378934582,0.7326246578128752,1.2622166304651108,-0.0005312034147049727,1.2627478338798157,0.0
1277,25.54,idle,locomotion,0,1.350000023841858,-0.05000000074505806,0.10973345824050044,-0.07771982925680697,-0.012062012745970869,0.7326307348033885,1.2622219593791313,-0.0005315148049653586,1.2627534741840967,0.0
1278,25.56,idle,locomotion,0,1.350000023841858,-0.05000000074505806,0.10973345824050044,-0.07774135716925751,-0.012054864314059421,0.7326368400992083,1.2622273195471776,-0.000531830412027496,1.262759149959205,0.0
1279,25.58,idle,locomotion,0,1.350000023841858,-0.05000000074505806,0.10973345824050044,-0.07776284063865631,-0.012047836246076185,0.7326429760848052,1.2622327124295631,-0.0005321487029956717,1.2627648611325588,0.0
1280,25.6,idle,locomotion,0,1.350000023841858,-0.05000000074505806,0.10973345824050044,-0.07778427762093733,-0.012040925711641351,0.7326491407189862,1.2622381365985293,-0.0005324690558137779,1.262770605654343,0.0
1281,25.62,idle,locomotion,0,1.350000023841858,-0.05000000074505806,0.10973345824050044,-0.07780566735838963,-0.012034132163644328,0.732655333687972,1.2622435911139738,-0.0005327908607314219,1.262776381974705,0.0
1282,25.64,idle,locomotion,0,1.350000023841858,-0.05000000074505806,0.10973345824050044,-0.07782700771089678,-0.012027450748055253,0.7326615519425097,1.2622490735078569,-0.0005331140623388853,1.2627821875701957,0.0
1283,25.66,idle,locomotion,0,1.350000023841858,-0.05000000074505806,0.10973345824050044,-0.0778482962747583,-0.012020877853261126,0.7326677932474733,1.2622545819396604,-0.0005334384068169142,1.2627880203464774,0.0
1284,25.68,idle,locomotion,0,1.350000023841858,-0.05000000074505806,0.10973345824050044,-0.07786953221161365,-0.01201441041099802,0.7326740589505213,1.2622601176843726,-0.0005337638973647446,1.2627938815817374,0.0
1285,25.7,idle,locomotion,0,1.350000023841858,-0.05000000074505806,0.10973345824050044,-0.07789071542828424,-0.012008046527550048,0.7326803506953041,1.2622656816764568,-0.0005340903290594855,1.2627997720055162,0.0
1286,25.72,idle,locomotion,0,1.350000023841858,-0.05000000074505806,0.10973345824050044,-0.07791184437554918,-0.012001780503155153,0.7326866694400546,1.262271274803087,-0.0005344180033997822,1.2628056928064868,0.0
1287,25.74,idle,locomotion,0,1.350000023841858,-0.05000000074505806,0.10973345824050044,-0.07793291859227915,-0.011995609000690815,0.7326930203742569,1.2622769010510786,-0.000534746823394331,1.2628116478744729,0.0
1288,25.76,idle,locomotion,0,1.350000023841858,-0.05000000074505806,0.10973345824050044,-0.07795393472561987,-0.011989525428657066,0.7326994092067189,1.262282566209772,-0.0005350769774692087,1.2628176431872413,0.0
1289,25.78,idle,locomotion,0,1.350000023841858,-0.05000000074505806,0.10973345824050044,-0.07797489143179519,-0.011983527759995762,0.7327058327860181,1.2622882672396203,-0.0005354079096961846,1.2628236751493165,0.0
1290,25.8,idle,locomotion,0,1.350000023841858,-0.05000000074505806,0.10973345824050044,-0.07799578792907927,-0.011977612578828154,0.7327122918732262,1.2622940038660242,-0.000535739735178814,1.262829743601203,0.0
1291,25.82,idle,locomotion,0,1.350000023841858,-0.05000000074505806,0.10973345824050044,-0.07801661964828303,-0.011971772910126922,0.7327187815694627,1.2622997729298535,-0.0005360726854248613,1.2628358456152784,0.0
1292,25.84,idle,locomotion,0,1.350000023841858,-0.05000000074505806,0.10973345824050044,-0.07803738473809141,-0.011966006061325403,0.7327252978399069,1.262305570911019,-0.000536406311922144,1.2628419772229411,0.0
1293,25.86,idle,locomotion,0,1.350000023841858,-0.05000000074505806,0.10973345824050044,-0.07805808326143927,-0.011960307958247623,0.7327318396940262,1.2623113966807131,-0.0005367406809409087,1.262848137361654,0.0
1294,25.88,idle,locomotion,0,1.350000023841858,-0.05000000074505806,0.10973345824050044,-0.07807871649752746,-0.011954676246136138,0.7327384092701017,1.2623172511263407,-0.0005370757395624093,1.2628543268659032,0.0
1295,25.9,idle,locomotion,0,1.350000023841858,-0.05000000074505806,0.10973345824050044,-0.07809928412148946,-0.01194910643785452,0.7327450085257642,1.2623231358843556,-0.0005374116337848941,1.2628605475181405,0.0
1296,25.92,idle,locomotion,0,1.350000023841858,-0.05000000074505806,0.10973345824050044,-0.07811978359850746,-0.011943594965313586,0.7327516379186669,1.2623290521196346,-0.0005377485966291187,1.2628668007162638,0.0
1297,25.94,idle,locomotion,0,1.350000023841858,-0.05000000074505806,0.10973345824050044,-0.07814021567797878,-0.011938141357558552,0.7327582986804095,1.2623350005623548,-0.000538086262660737,1.2628730868250155,0.0
1298,25.96,idle,locomotion,0,1.350000023841858,-0.05000000074505806,0.10973345824050044,-0.07816058062503733,-0.011932742932453931,0.7327649956973579,1.2623409848266127,-0.0005384248358649667,1.2628794096624776,0.0
1299,25.98,idle,locomotion,0,1.350000023841858,-0.05000000074505806,0.10973345824050044,-0.07818087586723861,-0.0119273962540728,0.7327717343004636,1.2623470104750936,-0.0005387644468293346,1.2628857749219229,0.0
1300,26.0,idle,locomotion,0,1.350000023841858,-0.05000000074505806,0.10973345824050044,-0.07820109947761596,-0.011922098505508166,0.732778505492831,1.2623530699572802,-0.0005391047500074193,1.2628921747072877,0.0
1301,26.02,idle,locomotion,0,1.350000023841858,-0.05000000074505806,0.10973345824050044,-0.07822124315692133,-0.011916847559056434,0.73278527946841,1.2623591357429347,-0.0005393262314666129,1.2628984619744013,0.0
1302,26.04,idle,locomotion,0,1.350000023841858,-0.05000000074505806,0.10973345824050044,-0.07824130484246256,-0.011911624963930698,0.7327920695796882,1.2623652158301568,-0.0005394624329039185,1.2629046782630606,0.0
1303,26.06,idle,locomotion,0,1.350000023841858,-0.05000000074505806,0.10973345824050044,-0.07826129172662606,-0.011906453434354137,0.7327989047025353,1.2623713403708936,-0.0005395766572441445,1.2629109170281378,0.0
1304,26.08,idle,locomotion,0,1.350000023841858,-0.05000000074505806,0.10973345824050044,-0.07828120872837344,-0.011901343636069702,0.7328057838894707,1.2623775072620913,-0.000539666956670147,1.2629171742187615,0.0
1305,26.1,idle,locomotion,0,1.350000023841858,-0.05000000074505806,0.10973345824050044,-0.07830105730046677,-0.011896298787873256,0.7328127249760104,1.2623837333393277,-0.0005397701117337284,1.2629235034510615,0.0
1306,26.12,idle,locomotion,0,1.350000023841858,-0.05000000074505806,0.10973345824050044,-0.07832082992188173,-0.011891307387620578,0.7328197442375369,1.2623900352365691,-0.0005399011686923541,1.2629299364052615,0.0
1307,26.14,idle,locomotion,0,1.350000023841858,-0.05000000074505806,0.10973345824050044,-0.07834050335825019,-0.011886342231391064,0.7328268332363217,1.2623964029281216,-0.0005399934325052251,1.2629363963606268,0.0
1308,26.16,idle,locomotion,0,1.350000023841858,-0.05000000074505806,0.10973345824050044,-0.0783600736398401,-0.01188137836778722,0.7328339832530949,1.2624028342343463,-0.0005401481805785424,1.2629429824149248,0.0
1309,26.18,idle,locomotion,0,1.350000023841858,-0.05000000074505806,0.10973345824050044,-0.07837950989125884,-0.01187636093212683,0.732841163602784,1.2624092940785983,-0.0005402700163282675,1.2629495640949264,0.0
1310,26.2,idle,locomotion,0,1.350000023841858,-0.05000000074505806,0.10973345824050044,-0.07839880109711868,-0.011871233838174058,0.7328484111167382,1.2624158168477777,-0.0005404372653548574,1.2629562541131325,0.0
1311,26.22,idle,locomotion,0,1.350000023841858,-0.05000000074505806,0.10973345824050044,-0.07841793317959835,-0.01186593981688169,0.732855689900372,1.262422371536743,-0.0005405963129129256,1.2629629678496561,0.0
1312,26.24,idle,locomotion,0,1.350000023841858,-0.05000000074505806,0.10973345824050044,-0.07843690108036872,-0.011860411089140415,0.7328629776222882,1.262428934540776,-0.0005407493427787326,1.2629696838835547,0.0
1313,26.26,idle,locomotion,0,1.350000023841858,-0.05000000074505806,0.10973345824050044,-0.07845571272947682,-0.011854647622983333,0.7328702947786933,1.2624355223945167,-0.0005408976240197788,1.2629764200185365,0.0
1314,26.28,idle,locomotion,0,1.350000023841858,-0.05000000074505806,0.10973345824050044,-0.07847436675508138,-0.011848672160868394,0.7328776494695197,1.2624421433162358,-0.0005410297851133859,1.2629831731013492,0.0
1315,26.3,idle,locomotion,0,1.350000023841858,-0.05000000074505806,0.10973345824050044,-0.07849286582805139,-0.011842497518822975,0.7328850506391471,1.2624488054321907,-0.0005411520715624396,1.262989957503753,0.0
1316,26.32,idle,locomotion,0,1.350000023841858,-0.05000000074505806,0.10973345824050044,-0.07851121576014054,-0.011836126957216466,0.732892493741964,1.2624555054876618,-0.0005412685861824543,1.2629967740738444,0.0
1317,26.34,idle,locomotion,0,1.350000023841858,-0.05000000074505806,0.10973345824050044,-0.07852942304343573,-0.011829561488284013,0.7328999759794909,1.2624622389526532,-0.0005413801145508074,1.263003619067204,0.0
1318,26.36,idle,locomotion,0,1.350000023841858,-0.05000000074505806,0.10973345824050044,-0.0785474961334941,-0.011822806117549498,0.7329074976555406,1.2624690081039818,-0.0005414962927145807,1.2630105043966964,0.0
1319,26.38,idle,locomotion,0,1.350000023841858,-0.05000000074505806,0.10973345824050044,-0.07856544320973231,-0.01181586535738757,0.7329150641303822,1.2624758160882206,-0.0005416175708007585,1.2630174336590214,0.0
1320,26.4,idle,locomotion,0,1.350000023841858,-0.05000000074505806,0.10973345824050044,-0.07858326584311046,-0.011808741647400688,0.7329226729417632,1.2624826622181926,-0.0005417234502727505,1.2630243856684653,0.0
1321,26.42,idle,locomotion,0,1.350000023841858,-0.05000000074505806,0.10973345824050044,-0.07860097440967181,-0.01180144486870801,0.7329303297918105,1.2624895530701103,-0.0005418465866843039,1.2630313996567946,0.0
1322,26.44,idle,locomotion,0,1.350000023841858,-0.05000000074505806,0.10973345824050044,-0.07861856737899217,-0.011793979570538361,0.7329380355509795,1.2624964885056322,-0.0005419615455647224,1.2630384500511969,0.0
1323,26.46,idle,locomotion,0,1.350000023841858,-0.05000000074505806,0.10973345824050044,-0.07863604648065761,-0.011786347885763661,0.7329457995317323,1.262503479625409,-0.000542070863399767,1.263045550488809,0.0
1324,26.48,idle,locomotion,0,1.350000023841858,-0.05000000074505806,0.10973345824050044,-0.0786534177280874,-0.01177856525324766,0.7329536474328611,1.2625105454226548,-0.000542187796922132,1.263052733219577,0.0
1325,26.5,idle,locomotion,0,1.350000023841858,-0.05000000074505806,0.10973345824050044,-0.07867067803180579,-0.01177063309283003,0.7329615528530504,1.2625176705805203,-0.0005423061442662927,1.2630599767247865,0.0
1326,26.52,idle,locomotion,0,1.350000023841858,-0.05000000074505806,0.10973345824050044,-0.0786878267313367,-0.011762547019652212,0.7329695102100291,1.262524843933352,-0.000542419987908313,1.2630672639212603,0.0
1327,26.54,idle,locomotion,0,1.350000023841858,-0.05000000074505806,0.10973345824050044,-0.07870486794087897,-0.011754327250893051,0.7329775373997457,1.262532085814635,-0.0005425474940624377,1.2630746333086973,0.0
1328,26.56,idle,locomotion,0,1.350000023841858,-0.05000000074505806,0.10973345824050044,-0.07872180004454805,-0.011745974983921647,0.7329856249990192,1.262539387619343,-0.000542663648285327,1.2630820512676282,0.0
1329,26.58,idle,locomotion,0,1.350000023841858,-0.05000000074505806,0.10973345824050044,-0.0787386683457464,-0.011737582040455528,0.7329938097809375,1.2625467810867685,-0.0005429010666280383,1.2630896821533966,0.0
1330,26.6,idle,locomotion,0,1.350000023841858,-0.05000000074505806,0.10973345824050044,-0.07875552329564943,-0.011729290159470582,0.733002098345256,1.2625542705979427,-0.0005432825470545397,1.2630975531449973,0.0
1331,26.62,idle,locomotion,0,1.350000023841858,-0.05000000074505806,0.10973345824050044,-0.07877240484461336,-0.011721209255694205,0.7330104702040574,1.262561833463331,-0.0005437697870684446,1.2631056032503996,0.0
1332,26.64,idle,locomotion,0,1.350000023841858,-0.05000000074505806,0.10973345824050044,-0.07878933867298464,-0.01171341201597749,0.7330188990858809,1.262569444011244,-0.0005443258984980902,1.2631137699097421,0.0
1333,26.66,idle,locomotion,0,1.350000023841858,-0.05000000074505806,0.10973345824050044,-0.07880633787051418,-0.011705942002587484,0.733027350790416,1.2625770724011514,-0.0005449242278082675,1.2631219966289595,0.0
1334,26.68,idle,locomotion,0,1.350000023841858,-0.05000000074505806,0.10973345824050044,-0.07882341132385436,-0.011698826459780817,0.7330357957786501,1.262584693280228,-0.0005455467242262077,1.2631302400044542,0.0
1335,26.7,idle,locomotion,0,1.350000023841858,-0.05000000074505806,0.10973345824050044,-0.07884056507674309,-0.011692080435760128,0.7330442238280396,1.2625922991190939,-0.0005461826801276479,1.2631384817992215,0.0
1336,26.72,idle,locomotion,0,1.350000023841858,-0.05000000074505806,0.10973345824050044,-0.07885780064497405,-0.011685708092497324,0.7330526249759124,1.2625998842490371,-0.0005468265658154399,1.2631467108148526,0.0
1337,26.74,idle,locomotion,0,1.350000023841858,-0.05000000074505806,0.10973345824050044,-0.07887511957737724,-0.011679711989289117,0.7330609886870443,1.2626074412424486,-0.0005474750938660039,1.2631549163363147,0.0
1338,26.76,idle,locomotion,0,1.350000023841858,-0.05000000074505806,0.10973345824050044,-0.07889252466479744,-0.01167409330052061,0.7330693149697507,1.2626149712884593,-0.0005481269418078222,1.263163098230267,0.0
1339,26.78,idle,locomotion,0,1.350000023841858,-0.05000000074505806,0.10973345824050044,-0.07891000350141919,-0.0116688649517652,0.7330775890039957,1.2626224642931005,-0.0005487823343924593,1.263171246627493,0.0
1340,26.8,idle,locomotion,0,1.350000023841858,-0.05000000074505806,0.10973345824050044,-0.07892757181771086,-0.011664036692321389,0.733085845883481,1.2626299536363705,-0.0005494596398985772,1.263179413276269,0.0
1341,26.82,idle,locomotion,0,1.350000023841858,-0.05000000074505806,0.10973345824050044,-0.0789452233683116,-0.011659614295377495,0.7330940897975181,1.2626374464273225,-0.0005501416903194965,1.263187588117642,0.0
1342,26.84,idle,locomotion,0,1.350000023841858,-0.05000000074505806,0.10973345824050044,-0.0789629612468646,-0.011655603831879047,0.7331023310035849,1.2626449530009805,-0.0005508274564631106,1.2631957804574436,0.0
1343,26.86,idle,locomotion,0,1.350000023841858,-0.05000000074505806,0.10973345824050044,-0.07898077836869352,-0.011652002126128087,0.7331105682805336,1.2626524725844948,-0.0005515174587713348,1.2632039900432661,0.0
1344,26.88,idle,locomotion,0,1.350000023841858,-0.05000000074505806,0.10973345824050044,-0.07899866671854357,-0.011648838956124577,0.7331188119704792,1.2626600185187355,-0.0005521680902137831,1.2632121866089494,0.0
1345,26.9,idle,locomotion,0,1.350000023841858,-0.05000000074505806,0.10973345824050044,-0.07901657359900482,-0.011646097228892678,0.7331269977332381,1.2626675318102942,-0.0005526811525763432,1.2632202129628707,0.0
1346,26.92,idle,locomotion,0,1.350000023841858,-0.05000000074505806,0.10973345824050044,-0.07903448998957481,-0.011643717348591825,0.7331351858913305,1.2626750645794391,-0.0005531308617134044,1.2632281954411526,0.0
1347,26.94,idle,locomotion,0,1.350000023841858,-0.05000000074505806,0.10973345824050044,-0.0790524091000266,-0.011641676305527109,0.733143429213477,1.2626826687666766,-0.0005535690440334161,1.26323623781071,0.0
1348,26.96,idle,locomotion,0,1.350000023841858,-0.05000000074505806,0.10973345824050044,-0.07907030791138597,-0.011639964182016417,0.7331517379031434,1.2626903529930467,-0.0005539901178947711,1.2632443431109415,0.0
1349,26.98,idle,locomotion,0,1.350000023841858,-0.05000000074505806,0.10973345824050044,-0.07908818437029778,-0.011638584166895848,0.7331601247039008,1.262698127860102,-0.0005544087546634248,1.2632525366147653,0.0
1350,27.0,idle,locomotion,0,1.350000023841858,-0.05000000074505806,0.10973345824050044,-0.07910603833916013,-0.011637542931388122,0.7331685633016656,1.262705968227827,-0.0005548262480619091,1.263260794475889,0.0
1351,27.02,idle,locomotion,0,1.350000023841858,-0.05000000074505806,0.10973345824050044,-0.07912388227194622,-0.011636821045159052,0.7331770444960602,1.2627138558935642,-0.0005552451347252373,1.2632691010282895,0.0
1352,27.04,idle,locomotion,0,1.350000023841858,-0.05000000074505806,0.10973345824050044,-0.0791417245136079,-0.011636390556970163,0.7331855678403574,1.2627217848071204,-0.000555670391116321,1.2632774551982366,0.0
1353,27.06,idle,locomotion,0,1.350000023841858,-0.05000000074505806,0.10973345824050044,-0.07915955746443962,-0.011636214253812591,0.7331941222557175,1.2627297426938855,-0.0005560912103804265,1.2632858339042659,0.0
1354,27.08,idle,locomotion,0,1.350000023841858,-0.05000000074505806,0.10973345824050044,-0.07917738512489232,-0.011636248878587212,0.7332027035660391,1.2627377214613063,-0.0005565250333899666,1.2632942464946961,0.0
1355,27.1,idle,locomotion,0,1.350000023841858,-0.05000000074505806,0.10973345824050044,-0.07919521545647634,-0.011636442615823306,0.7332113149271126,1.2627457231144064,-0.0005570112589448548,1.2633027343733512,0.0
1356,27.12,idle,locomotion,0,1.350000023841858,-0.05000000074505806,0.10973345824050044,-0.07921309684099241,-0.011636786015854737,0.7332200044759809,1.2627537861916651,-0.0005576369621324816,1.2633114231537976,0.0
1357,27.14,idle,locomotion,0,1.350000023841858,-0.05000000074505806,0.10973345824050044,-0.07923106049215531,-0.011637323899894492,0.733228754115334,1.2627618954181647,-0.0005583930235419747,1.2633202884417067,0.0
1358,27.16,idle,locomotion,0,1.350000023841858,-0.05000000074505806,0.10973345824050044,-0.0792491394996801,-0.011638100678443498,0.7332375118393389,1.2627699981757723,-0.0005592430446296551,1.263329241220402,0.0
1359,27.18,idle,locomotion,0,1.350000023841858,-0.05000000074505806,0.10973345824050044,-0.07926736612722803,-0.011639139572393676,0.7332462327752653,1.262778050948523,-0.0005601576149334882,1.2633382085634564,0.0
1360,27.2,idle,locomotion,0,1.350000023841858,-0.05000000074505806,0.10973345824050044,-0.07928575243737743,-0.011640444425433926,0.73325489326305,1.2627860345411086,-0.0005611158046347556,1.2633471503457434,0.0
1361,27.22,idle,locomotion,0,1.350000023841858,-0.05000000074505806,0.10973345824050044,-0.07930430656777991,-0.0116420166611274,0.7332634748961858,1.2627939346121404,-0.0005621020859241689,1.2633560366980645,0.0
1362,27.24,idle,locomotion,0,1.350000023841858,-0.05000000074505806,0.10973345824050044,-0.07932303623379357,-0.011643853826319911,0.7332719584153239,1.2628017363111956,-0.0005631062753067607,1.2633648425865025,0.0
1363,27.26,idle,locomotion,0,1.350000023841858,-0.05000000074505806,0.10973345824050044,-0.07934194597464703,-0.011645950806497449,0.7332803500198074,1.2628094488115669,-0.0005641221562440873,1.2633735709678109,0.0
1364,27.28,idle,locomotion,0,1.350000023841858,-0.05000000074505806,0.10973345824050044,-0.07936103585110924,-0.011648299291500634,0.7332886684382095,1.262817093472628,-0.0005651468808334399,1.2633822403534614,0.0
1365,27.3,idle,locomotion,0,1.350000023841858,-0.05000000074505806,0.10973345824050044,-0.0793802979507287,-0.011650890941553806,0.7332969249869482,1.2628246869499022,-0.0005661794959203881,1.2633908664458227,0.0
1366,27.32,idle,locomotion,0,1.350000023841858,-0.05000000074505806,0.10973345824050044,-0.07939973151472571,-0.011653718514849669,0.7333051357682165,1.2628322423340792,-0.0005672184118679854,1.2633994607459471,0.0
1367,27.34,idle,locomotion,0,1.350000023841858,-0.05000000074505806,0.10973345824050044,-0.07941932876280332,-0.011656778060206947,0.7333133214839834,1.262839785569996,-0.0005682640836275621,1.2634080496536235,0.0
1368,27.36,idle,locomotion,0,1.350000023841858,-0.05000000074505806,0.10973345824050044,-0.07943908107518603,-0.01166006141897032,0.7333214928265799,1.2628473262769346,-0.0005693162829931847,1.2634166425599278,0.0
1369,27.38,idle,locomotion,0,1.350000023841858,-0.05000000074505806,0.10973345824050044,-0.07945897827859137,-0.011663569920592887,0.73332964987009,1.2628548658566747,-0.0005703747968138079,1.2634252406534885,0.0
1370,27.4,idle,locomotion,0,1.350000023841858,-0.05000000074505806,0.10973345824050044,-0.07947903076287835,-0.011667319267743462,0.7333378167123451,1.2628624219624085,-0.0005714396277710157,1.2634338615901795,0.0
1371,27.42,idle,locomotion,0,1.350000023841858,-0.05000000074505806,0.10973345824050044,-0.07949923212563205,-0.011671313837109351,0.7333460000343088,1.2628700005313456,-0.0005725108504390231,1.2634425113817846,0.0
1372,27.44,idle,locomotion,0,1.350000023841858,-0.05000000074505806,0.10973345824050044,-0.0795195759164609,-0.011675559880437666,0.7333542193907073,1.2628776204042973,-0.0005735888131613992,1.2634512092174588,0.0
1373,27.46,idle,locomotion,0,1.350000023841858,-0.05000000074505806,0.10973345824050044,-0.07954004950314,-0.011680053799628526,0.7333624788340662,1.2628852879806658,-0.0005746733136023398,1.263459961294268,0.0
1374,27.48,idle,locomotion,0,1.350000023841858,-0.05000000074505806,0.10973345824050044,-0.07956064093966564,-0.011684787354162661,0.7333707702364763,1.262892991627324,-0.0005757627779807636,1.2634687544053047,0.0
1375,27.5,idle,locomotion,0,1.350000023841858,-0.05000000074505806,0.10973345824050044,-0.07958134706780862,-0.011689767437548888,0.7333790941333468,1.2629007313115843,-0.0005768571438263155,1.2634775884554106,0.0
1376,27.52,idle,locomotion,0,1.350000023841858,-0.05000000074505806,0.10973345824050044,-0.07960216114008505,-0.011694996509530372,0.7333874445927642,1.262908498734627,-0.0005779557084116052,1.2634864544430386,0.0
1377,27.54,idle,locomotion,0,1.350000023841858,-0.05000000074505806,0.10973345824050044,-0.07962307157622953,-0.011700472394112331,0.7333958397802535,1.262916316403469,-0.0005790593879471811,1.263495375791416,0.0
1378,27.56,idle,locomotion,0,1.350000023841858,-0.05000000074505806,0.10973345824050044,-0.07964405902514207,-0.011706175120366058,0.7334042621776091,1.2629241658975978,-0.0005801669558805796,1.2635043328534783,0.0
1379,27.58,idle,locomotion,0,1.350000023841858,-0.05000000074505806,0.10973345824050044,-0.07966511797967651,-0.01171211220069269,0.7334127200460302,1.2629320541810771,-0.0005812783039736355,1.2635133324850507,0.0
1380,27.6,idle,locomotion,0,1.350000023841858,-0.05000000074505806,0.10973345824050044,-0.07968622347082763,-0.011718269294556242,0.733421200700375,1.2629399755797208,-0.0005823934981119515,1.2635223690778328,0.0
1381,27.62,idle,locomotion,0,1.350000023841858,-0.05000000074505806,0.10973345824050044,-0.07970737331617454,-0.011724650556637673,0.7334297010296084,1.262947920951583,-0.0005835111013265289,1.2635314320529096,0.0
1382,27.64,idle,locomotion,0,1.350000023841858,-0.05000000074505806,0.10973345824050044,-0.07972854816350605,-0.01173124011662788,0.7334382047100851,1.2629558815995652,-0.0005846313171336964,1.2635405129166988,0.0
1383,27.66,idle,locomotion,0,1.350000023841858,-0.05000000074505806,0.10973345824050044,-0.07974974598317883,-0.011738033868231582,0.7334467018076415,1.2629638425423515,-0.000585752775299507,1.263549595317651,0.0
1384,27.68,idle,locomotion,0,1.350000023841858,-0.05000000074505806,0.10973345824050044,-0.07977097184679334,-0.011745032234050004,0.7334552057894086,1.2629718140482298,-0.0005868765534849107,1.2635586906017147,0.0
1385,27.7,idle,locomotion,0,1.350000023841858,-0.05000000074505806,0.10973345824050044,-0.0797922083392773,-0.011752209763292868,0.7334637251255305,1.2629798084418382,-0.0005880033416980381,1.2635678117835363,0.0
1386,27.72,idle,locomotion,0,1.350000023841858,-0.05000000074505806,0.10973345824050044,-0.07981345300060211,-0.011759573136647801,0.7334722672130468,1.2629878275091369,-0.0005891317431040502,1.263576959252241,0.0
1387,27.74,idle,locomotion,0,1.350000023841858,-0.05000000074505806,0.10973345824050044,-0.0798346902829572,-0.011767105040668174,0.733480822562645,1.262995867304079,-0.0005902627705130191,1.263586130074592,0.0
1388,27.76,idle,locomotion,0,1.350000023841858,-0.05000000074505806,0.10973345824050044,-0.07985592041240545,-0.011774815693157243,0.7334894124871773,1.2630039431065372,-0.0005913957357835432,1.2635953388423207,0.0
1389,27.78,idle,locomotion,0,1.350000023841858,-0.05000000074505806,0.10973345824050044,-0.07987712228322294,-0.011782683580189036,0.7334980188147705,1.2630120448190665,-0.0005925310657497289,1.2636045758848162,0.0
1390,27.8,idle,locomotion,0,1.350000023841858,-0.05000000074505806,0.10973345824050044,-0.07989830052896073,-0.011790718903989023,0.7335066454704282,1.2630201709789786,-0.0005936676628791222,1.2636138386418576,0.0
1391,27.82,idle,locomotion,0,1.350000023841858,-0.05000000074505806,0.10973345824050044,-0.07991944197294068,-0.011798897018906225,0.7335152814943194,1.2630283163105278,-0.0005948062373870057,1.2636231225479149,0.0
1392,27.84,idle,locomotion,0,1.350000023841858,-0.05000000074505806,0.10973345824050044,-0.07994055279137592,-0.01180722181662365,0.7335239309846626,1.2630364761263528,-0.0005959457475671406,1.2636324218739199,0.0
1393,27.86,idle,locomotion,0,1.350000023841858,-0.05000000074505806,0.10973345824050044,-0.07996162537019669,-0.011815679949608094,0.7335325960642823,1.2630446567982656,-0.0005970879444784048,1.263641744742744,0.0
1394,27.88,idle,locomotion,0,1.350000023841858,-0.05000000074505806,0.10973345824050044,-0.07998266500463283,-0.011824277657361727,0.7335412910102097,1.2630528664453808,-0.0005982331903108401,1.2636510996356918,0.0
1395,27.9,idle,locomotion,0,1.350000023841858,-0.05000000074505806,0.10973345824050044,-0.08000365658713048,-0.011832999258981463,0.7335500048348224,1.2630611001679037,-0.0005993836033102856,1.263660483771214,0.0
1396,27.92,idle,locomotion,0,1.350000023841858,-0.05000000074505806,0.10973345824050044,-0.08002459629853631,-0.011841841082831577,0.7335587434918178,1.2630693637771497,-0.0006005354210288152,1.2636698991981785,0.0
1397,27.94,idle,locomotion,0,1.350000023841858,-0.05000000074505806,0.10973345824050044,-0.08004548032204911,-0.011850791802811607,0.7335675002796413,1.2630776491472637,-0.0006016882974784407,1.2636793374447421,0.0
1398,27.96,idle,locomotion,0,1.350000023841858,-0.05000000074505806,0.10973345824050044,-0.08006631495226114,-0.01185985638923384,0.7335762865079908,1.26308596371075,-0.000602842747656835,1.2636888064584069,0.0
1399,27.98,idle,locomotion,0,1.350000023841858,-0.05000000074505806,0.10973345824050044,-0.08008708294080998,-0.011869017231212434,0.733585095127124,1.2630943059558444,-0.0006039989101438471,1.2636983048659882,0.0
1400,28.0,idle,locomotion,0,1.350000023841858,-0.05000000074505806,0.10973345824050044,-0.08010778316312284,-0.01187827513892844,0.733593929288985,1.2631026772652323,-0.0006051561403687053,1.2637078334056009,0.0
1401,28.02,idle,locomotion,0,1.350000023841858,-0.05000000074505806,0.10973345824050044,-0.08012840327504998,-0.011887612619749756,0.7336027870526044,1.2631110805746153,-0.0006063144547278215,1.2637173950293432,0.0
1402,28.04,idle,locomotion,0,1.350000023841858,-0.05000000074505806,0.10973345824050044,-0.08014895071142725,-0.011897039997766286,0.7336116618042277,1.2631195022363741,-0.0006074722401974882,1.2637269744765716,0.0
1403,28.06,idle,locomotion,0,1.350000023841858,-0.05000000074505806,0.10973345824050044,-0.08016943401656718,-0.011906561524815538,0.7336205574027841,1.2631279465954348,-0.0006086312919666298,1.2637365778874015,0.0
1404,28.08,idle,locomotion,0,1.350000023841858,-0.05000000074505806,0.10973345824050044,-0.08018984249434156,-0.01191615663456128,0.7336294731795036,1.263136414947972,-0.0006097913258659333,1.263746206273838,0.0
1405,28.1,idle,locomotion,0,1.350000023841858,-0.05000000074505806,0.10973345824050044,-0.08021017652973242,-0.011925826357821434,0.7336384126097449,1.2631449089429974,-0.0006109517398145033,1.2637558606828119,0.0
1406,28.12,idle,locomotion,0,1.350000023841858,-0.05000000074505806,0.10973345824050044,-0.08023044268772424,-0.011935577715231802,0.7336473784475888,1.2631534285189332,-0.000612112622501701,1.2637655411414348,0.0
1407,28.14,idle,locomotion,0,1.350000023841858,-0.05000000074505806,0.10973345824050044,-0.08025064406756337,-0.011945404440105762,0.7336563794390213,1.263161981438839,-0.0006132752714765738,1.2637752567103155,0.0
1408,28.16,idle,locomotion,0,1.350000023841858,-0.05000000074505806,0.10973345824050044,-0.08027077751324968,-0.01195529933533867,0.7336654169218931,1.2631705695621303,-0.0006144397368020998,1.2637850092989324,0.0
1409,28.18,idle,locomotion,0,1.350000023841858,-0.05000000074505806,0.10973345824050044,-0.08029083115215938,-0.011965251000573156,0.7336744835404947,1.263179188077829,-0.000615604902747275,1.2637947929805762,0.0
1410,28.2,idle,locomotion,0,1.350000023841858,-0.05000000074505806,0.10973345824050044,-0.0803107983502213,-0.01197525728124424,0.7336835824773457,1.2631878421404776,-0.0006167703133869995,1.2638046124538647,0.0
1411,28.22,idle,locomotion,0,1.350000023841858,-0.05000000074505806,0.10973345824050044,-0.08033066975854919,-0.01198531270646693,0.7336927007295722,1.2631965218624357,-0.000617935242624091,1.2638144571050598,0.0
1412,28.24,idle,locomotion,0,1.350000023841858,-0.05000000074505806,0.10973345824050044,-0.08035044654593643,-0.011995416501350546,0.7337018228650892,1.2632052121403499,-0.0006190997236190342,1.263824311863969,0.0
1413,28.26,idle,locomotion,0,1.350000023841858,-0.05000000074505806,0.10973345824050044,-0.08037013738065515,-0.01200556801210376,0.7337109625512251,1.2632139240150684,-0.0006202639870449937,1.2638341880021133,0.0
1414,28.28,idle,locomotion,0,1.350000023841858,-0.05000000074505806,0.10973345824050044,-0.08038974406554304,-0.012015762690732821,0.7337201216783718,1.2632226588055042,-0.0006214280811019691,1.263844086886606,0.0
1415,28.3,idle,locomotion,0,1.350000023841858,-0.05000000074505806,0.10973345824050044,-0.08040927594990199,-0.012025999839879346,0.7337292951591409,1.2632314087665297,-0.0006225920411174965,1.2638540008076473,0.0
1416,28.32,idle,locomotion,0,1.350000023841858,-0.05000000074505806,0.10973345824050044,-0.08042874598280193,-0.012036281077141268,0.7337384786720994,1.2632401639347968,-0.0006237566664951538,1.2638639206012918,0.0
1417,28.34,idle,locomotion,0,1.350000023841858,-0.05000000074505806,0.10973345824050044,-0.08044815318851811,-0.012046602012823926,0.7337476917291391,1.2632489453257079,-0.0006249230889055837,1.2638738684146134,0.0
1418,28.36,idle,locomotion,0,1.350000023841858,-0.05000000074505806,0.10973345824050044,-0.0804674953856469,-0.012056961499078705,0.7337569397820484,1.2632577579699868,-0.0006260902551195636,1.2638838482251065,0.0
1419,28.38,idle,locomotion,0,1.350000023841858,-0.05000000074505806,0.10973345824050044,-0.08048676919238365,-0.01206735611461263,0.7337662223321696,1.2632666044471583,-0.0006272584921374995,1.2638938629392957,0.0
1420,28.4,idle,locomotion,0,1.350000023841858,-0.05000000074505806,0.10973345824050044,-0.08050597154034751,-0.012077785273817102,0.7337755340313674,1.2632754782846825,-0.0006284269460658347,1.2639039052307484,0.0
1421,28.42,idle,locomotion,0,1.350000023841858,-0.05000000074505806,0.10973345824050044,-0.08052510459502246,-0.012088254956504695,0.7337848876347844,1.2632843947675587,-0.0006295961750934498,1.2639139909426522,0.0
1422,28.44,idle,locomotion,0,1.350000023841858,-0.05000000074505806,0.10973345824050044,-0.0805441565075112,-0.01209875233926336,0.7337942755156549,1.2632933490710094,-0.000630765632526363,1.2639241147035358,0.0
1423,28.46,idle,locomotion,0,1.350000023841858,-0.05000000074505806,0.10973345824050044,-0.08056312750787514,-0.012109274352832301,0.7338036963207459,1.2633023397417362,-0.0006319351205758689,1.2639342748623121,0.0
1424,28.48,idle,locomotion,0,1.350000023841858,-0.05000000074505806,0.10973345824050044,-0.0805820127346567,-0.012119817382846365,0.7338131340506341,1.2633113535404585,-0.0006331044593114524,1.26394445799977,0.0
1425,28.5,idle,locomotion,0,1.350000023841858,-0.05000000074505806,0.10973345824050044,-0.08060082828930801,-0.012130395429189814,0.7338225969022755,1.2633203925717833,-0.0006342731121252304,1.2639546656839085,0.0
1426,28.52,idle,locomotion,0,1.350000023841858,-0.05000000074505806,0.10973345824050044,-0.08061957183221363,-0.012140996317798244,0.7338320834453224,1.2633294577141974,-0.000635442417891055,1.2639649001320885,0.0
1427,28.54,idle,locomotion,0,1.350000023841858,-0.05000000074505806,0.10973345824050044,-0.08063824364406745,-0.012151618062510871,0.7338415942598965,1.2633385487598674,-0.0006366118432841947,1.2639751606031515,0.0
1428,28.56,idle,locomotion,0,1.350000023841858,-0.05000000074505806,0.10973345824050044,-0.08065685206121286,-0.012162268668908228,0.7338511216482887,1.263347656274206,-0.0006377809171381303,1.2639854371913442,0.0
1429,28.58,idle,locomotion,0,1.350000023841858,-0.05000000074505806,0.10973345824050044,-0.08067539052774564,-0.012172929293953106,0.7338606675880565,1.2633567851877527,-0.0006389502879580074,1.2639957354757108,0.0
1430,28.6,idle,locomotion,0,1.350000023841858,-0.05000000074505806,0.10973345824050044,-0.08069387570119224,-0.012183613738901799,0.7338702374113817,1.263365932381169,-0.0006401190966859975,1.264006051477855,0.0
1431,28.62,idle,locomotion,0,1.350000023841858,-0.05000000074505806,0.10973345824050044,-0.08071231285724563,-0.012194330093787425,0.7338798367758246,1.2633751057586555,-0.0006412887717729687,1.2640163945304286,0.0
1432,28.64,idle,locomotion,0,1.350000023841858,-0.05000000074505806,0.10973345824050044,-0.080730691724602,-0.012205062262982578,0.7338894562657632,1.2633842994245996,-0.0006424589817467727,1.2640267584063465,0.0
1433,28.66,idle,locomotion,0,1.350000023841858,-0.05000000074505806,0.10973345824050044,-0.08074902138002321,-0.012215815042516466,0.7338990886312176,1.2633935011926662,-0.0006436291175115003,1.2640371303101778,0.0
1434,28.68,idle,locomotion,0,1.350000023841858,-0.05000000074505806,0.10973345824050044,-0.08076730904683385,-0.012226594705610693,0.7339087491462559,1.2634027251982693,-0.000644800085353614,1.264047525283623,0.0
1435,28.7,idle,locomotion,0,1.350000023841858,-0.05000000074505806,0.10973345824050044,-0.08078554876589585,-0.01223739773343318,0.7339184457947583,1.2634119810545872,-0.0006459717806533184,1.2640579528352405,0.0
1436,28.72,idle,locomotion,0,1.350000023841858,-0.05000000074505806,0.10973345824050044,-0.08080373740450829,-0.012248223643236663,0.7339281755085761,1.263421267340127,-0.000647144109236171,1.2640684114493632,0.0
1437,28.74,idle,locomotion,0,1.350000023841858,-0.05000000074505806,0.10973345824050044,-0.08082187407335494,-0.012259073245112348,0.7339379366237014,1.263430582289597,-0.0006483158363126372,1.2640788981259097,0.0
1438,28.76,idle,locomotion,0,1.350000023841858,-0.05000000074505806,0.10973345824050044,-0.08083996326649236,-0.01226995731204769,0.7339477349606879,1.2634399302628503,-0.0006494836338904811,1.2640894138967407,0.0
1439,28.78,idle,locomotion,0,1.350000023841858,-0.05000000074505806,0.10973345824050044,-0.08085799676426889,-0.012280875844483103,0.7339575713251193,1.2634493165298326,-0.0006506574077494165,1.264099973937582,0.0
1440,28.8,idle,locomotion,0,1.350000023841858,-0.05000000074505806,0.10973345824050044,-0.08087598037839108,-0.0122918362479736,0.7339674426185473,1.2634587364801217,-0.0006518422710051,1.2641105787511269,0.0
1441,28.82,idle,locomotion,0,1.350000023841858,-0.05000000074505806,0.10973345824050044,-0.0808939214787778,-0.012302846749874183,0.7339773306406897,1.2634681698320318,-0.0006530368520225004,1.2641212066840544,0.0
1442,28.84,idle,locomotion,0,1.350000023841858,-0.05000000074505806,0.10973345824050044,-0.08091182194262932,-0.01231391201093206,0.7339872389492393,1.2634776215571348,-0.0006542399001807295,1.2641318614573156,0.0
1443,28.86,idle,locomotion,0,1.350000023841858,-0.05000000074505806,0.10973345824050044,-0.08092967764413207,-0.012325026356068403,0.7339971768042709,1.2634871016485374,-0.0006554491996958907,1.2641425508482333,0.0
1444,28.88,idle,locomotion,0,1.350000023841858,-0.05000000074505806,0.10973345824050044,-0.08094748559391379,-0.01233618817280553,0.7340071391044464,1.263496605961925,-0.0006566628115074399,1.2641532687734325,0.0
1445,28.9,idle,locomotion,0,1.350000023841858,-0.05000000074505806,0.10973345824050044,-0.08096524549633032,-0.012347400596288447,0.7340171144254586,1.2635061242763275,-0.0006578795711780147,1.2641640038475055,0.0
1446,28.92,idle,locomotion,0,1.350000023841858,-0.05000000074505806,0.10973345824050044,-0.08098295858409871,-0.01235866552373099,0.734027102703807,1.2635156562948553,-0.0006590986319457356,1.264174754926801,0.0
1447,28.94,idle,locomotion,0,1.350000023841858,-0.05000000074505806,0.10973345824050044,-0.08100062962989439,-0.012369987850097559,0.734037106734256,1.263525204299249,-0.0006603195592609634,1.26418552385851,0.0
1448,28.96,idle,locomotion,0,1.350000023841858,-0.05000000074505806,0.10973345824050044,-0.08101826429725868,-0.012381372364515182,0.7340471314977968,1.263534770302205,-0.0006615423622763558,1.2641963126644815,0.0
1449,28.98,idle,locomotion,0,1.350000023841858,-0.05000000074505806,0.10973345824050044,-0.0810358596604935,-0.012392817420778695,0.7340571935511805,1.2635443729545512,-0.0006627681246739667,1.2642071410792253,0.0
1450,29.0,idle,locomotion,0,1.350000023841858,-0.05000000074505806,0.10973345824050044,-0.08105341808046686,-0.01240432522534473,0.7340672929447492,1.2635540096722766,-0.0006639958731484395,1.264218005545425,0.0
1451,29.02,idle,locomotion,0,1.350000023841858,-0.05000000074505806,0.10973345824050044,-0.08107094085540469,-0.012415901339566172,0.7340774384025446,1.2635636895688926,-0.0006652267301421183,1.2642289162990348,0.0
1452,29.04,idle,locomotion,0,1.350000023841858,-0.05000000074505806,0.10973345824050044,-0.08108842232417601,-0.012427542759050014,0.7340876316453008,1.2635734160826944,-0.0006664600289406838,1.2642398761116351,0.0
1453,29.06,idle,locomotion,0,1.350000023841858,-0.05000000074505806,0.10973345824050044,-0.08110585978428522,-0.012439250253806,0.7340978648451172,1.2635831826668809,-0.0006676953216110081,1.2642508779884918,0.0
1454,29.08,idle,locomotion,0,1.350000023841858,-0.05000000074505806,0.10973345824050044,-0.08112325447067296,-0.012451026989961388,0.7341081307865959,1.2635929813124482,-0.000668932321737585,1.2642619136341857,0.0
1455,29.1,idle,locomotion,0,1.350000023841858,-0.05000000074505806,0.10973345824050044,-0.0811405975072066,-0.012462862444824072,0.7341184190405551,1.2636028053454995,-0.0006701713889480237,1.2642729767344476,0.0
1456,29.12,idle,locomotion,0,1.350000023841858,-0.05000000074505806,0.10973345824050044,-0.08115789432536344,-0.012474762841814821,0.734128736574889,1.2636126593366708,-0.0006714116695186699,1.2642840710061893,0.0
1457,29.14,idle,locomotion,0,1.350000023841858,-0.05000000074505806,0.10973345824050044,-0.08117513934913877,-0.012486719608631708,0.7341390797582709,1.2636225423445393,-0.0006726533557554655,1.2642951957002948,0.0
1458,29.16,idle,locomotion,0,1.350000023841858,-0.05000000074505806,0.10973345824050044,-0.08119233741436405,-0.012498737332535826,0.7341494398572268,1.2636324430769805,-0.0006738958080745802,1.264306338885055,0.0
1459,29.18,idle,locomotion,0,1.350000023841858,-0.05000000074505806,0.10973345824050044,-0.08120949953156191,-0.012510824374393052,0.7341598297941665,1.2636423717522676,-0.0006751403006500824,1.2643175120529178,0.0
1460,29.2,idle,locomotion,0,1.350000023841858,-0.05000000074505806,0.10973345824050044,-0.08122661209004832,-0.012522961784873343,0.7341702531041251,1.2636523357596483,-0.0006763874105809552,1.2643287231702292,0.0
1461,29.22,idle,locomotion,0,1.350000023841858,-0.05000000074505806,0.10973345824050044,-0.08124367189760151,-0.012535142505072813,0.7341807098274044,1.2636623353915735,-0.0006776362697596926,1.264339971661333,0.0
1462,29.24,idle,locomotion,0,1.350000023841858,-0.05000000074505806,0.10973345824050044,-0.08126068784484831,-0.012547375103450428,0.7341912027113713,1.263672371607743,-0.000678886476959073,1.264351258084702,0.0
1463,29.26,idle,locomotion,0,1.350000023841858,-0.05000000074505806,0.10973345824050044,-0.08127764852245309,-0.012559643620655016,0.7342017234684853,1.263682437600244,-0.0006801377452239944,1.264362575345468,0.0
1464,29.28,idle,locomotion,0,1.350000023841858,-0.05000000074505806,0.10973345824050044,-0.08129455233615068,-0.012571950567056487,0.7342122724576416,1.2636925339491232,-0.000681390210620636,1.2643739241597438,0.0
1465,29.3,idle,locomotion,0,1.350000023841858,-0.05000000074505806,0.10973345824050044,-0.08131139932262409,-0.012584292794971448,0.7342228478821305,1.2637026595690992,-0.0006826438245059949,1.2643853033936052,0.0
1466,29.32,idle,locomotion,0,1.350000023841858,-0.05000000074505806,0.10973345824050044,-0.08132818824464778,-0.012596653684675673,0.7342334476810757,1.263712813099074,-0.0006838974335221792,1.2643967105325962,0.0
1467,29.34,idle,locomotion,0,1.350000023841858,-0.05000000074505806,0.10973345824050044,-0.08134491768860849,-0.012609012509503675,0.7342440706687668,1.2637229944317814,-0.0006851497422903953,1.2644081441740718,0.0
1468,29.36,idle,locomotion,0,1.350000023841858,-0.05000000074505806,0.10973345824050044,-0.08136158550764684,-0.012621347058652766,0.7342547243279488,1.2637332114300401,-0.0006864000313762178,1.2644196114614163,0.0
1469,29.38,idle,locomotion,0,1.350000023841858,-0.05000000074505806,0.10973345824050044,-0.08137819186045385,-0.012633643746631618,0.734265412228778,1.2637434682884725,-0.0006876485764685282,1.2644311168649411,0.0
1470,29.4,idle,locomotion,0,1.350000023841858,-0.05000000074505806,0.10973345824050044,-0.08139473844028207,-0.012645896452304175,0.7342761345919652,1.2637537645079395,-0.0006888968475293814,1.264442661355469,0.0
1471,29.42,idle,locomotion,0,1.350000023841858,-0.05000000074505806,0.10973345824050044,-0.08141122786876652,-0.012658102776498753,0.7342868903084917,1.2637640982343616,-0.0006901458270277931,1.2644542440613895,0.0
1472,29.44,idle,locomotion,0,1.350000023841858,-0.05000000074505806,0.10973345824050044,-0.08142766248978667,-0.01267026456006303,0.7342976726815608,1.2637744626154077,-0.0006913966360688854,1.2644658592514766,0.0
1473,29.46,idle,locomotion,0,1.350000023841858,-0.05000000074505806,0.10973345824050044,-0.08144404298474005,-0.01268237966333849,0.7343084812133875,1.2637848567041357,-0.00069265005309746,1.2644775067572331,0.0
1474,29.48,idle,locomotion,0,1.350000023841858,-0.05000000074505806,0.10973345824050044,-0.08146037003949892,-0.012694442564942851,0.7343193183741715,1.263795282322919,-0.0006939061347841433,1.2644891884577032,0.0
1475,29.5,idle,locomotion,0,1.350000023841858,-0.05000000074505806,0.10973345824050044,-0.08147664592587081,-0.012706454369310756,0.7343301795480699,1.2638057347804446,-0.0006951648252461959,1.2645008996056908,0.0
1476,29.52,idle,locomotion,0,1.350000023841858,-0.05000000074505806,0.10973345824050044,-0.08149287317098033,-0.012718413408415386,0.7343410572007703,1.2638162063969098,-0.0006964265167243404,1.2645126329136342,0.0
1477,29.54,idle,locomotion,0,1.350000023841858,-0.05000000074505806,0.10973345824050044,-0.081509054676156,-0.012730315760601005,0.7343519474463842,1.2638266927966189,-0.0006976910961954269,1.2645243838928142,0.0
1478,29.56,idle,locomotion,0,1.350000023841858,-0.05000000074505806,0.10973345824050044,-0.08152519252920407,-0.012742158112645815,0.7343628536184148,1.2638371966905069,-0.0006989582618021316,1.264536154952309,0.0
1479,29.58,idle,locomotion,0,1.350000023841858,-0.05000000074505806,0.10973345824050044,-0.08154128945215325,-0.012753939177597257,0.7343737769619768,1.2638477191535005,-0.0007002277605614761,1.264547946914062,0.0
1480,29.6,idle,locomotion,0,1.350000023841858,-0.05000000074505806,0.10973345824050044,-0.0815573480124893,-0.012765657350510974,0.7343847169315744,1.263858259132598,-0.0007014999373892473,1.2645597590699873,0.0
1481,29.62,idle,locomotion,0,1.350000023841858,-0.05000000074505806,0.10973345824050044,-0.08157337057875108,-0.01277731102362965,0.7343956767124521,1.2638688192355454,-0.0007027744235091199,1.2645715936590545,0.0
1482,29.64,idle,locomotion,0,1.350000023841858,-0.05000000074505806,0.10973345824050044,-0.08158935879250567,-0.012788898351413074,0.7344066612515645,1.2638794038715488,-0.0007040513336445953,1.2645834552051936,0.0
1483,29.66,idle,locomotion,0,1.350000023841858,-0.05000000074505806,0.10973345824050044,-0.08160531415453831,-0.0128004186461863,0.7344176751940416,1.2638900172824643,-0.0007053305748491272,1.2645953478573135,0.0
1484,29.68,idle,locomotion,0,1.350000023841858,-0.05000000074505806,0.10973345824050044,-0.08162123708195268,-0.012811871035908893,0.7344287262174156,1.2639006664209922,-0.0007066122864760327,1.2646072787074683,0.0
1485,29.7,idle,locomotion,0,1.350000023841858,-0.05000000074505806,0.10973345824050044,-0.08163712808548595,-0.01282325659666523,0.7344398207227985,1.2639113571590508,-0.0007078964896185432,1.2646192536486693,0.0
1486,29.72,idle,locomotion,0,1.350000023841858,-0.05000000074505806,0.10973345824050044,-0.08165298790579233,-0.012834579306379025,0.7344509579475766,1.2639220887359595,-0.0007091831280424676,1.264631271864002,0.0
1487,29.74,idle,locomotion,0,1.350000023841858,-0.05000000074505806,0.10973345824050044,-0.08166881632710855,-0.012845841501812736,0.734462137357229,1.2639328605960694,-0.0007104721445095989,1.264643332740579,0.0
1488,29.76,idle,locomotion,0,1.350000023841858,-0.05000000074505806,0.10973345824050044,-0.08168461355097707,-0.01285704535898401,0.7344733585604115,1.2639436723470125,-0.0007117632610307116,1.2646554356080433,0.0
1489,29.78,idle,locomotion,0,1.350000023841858,-0.05000000074505806,0.10973345824050044,-0.08170038011439178,-0.012868194469270934,0.7344846188822228,1.263954521627835,-0.0007130564038611564,1.264667578031696,0.0
1490,29.8,idle,locomotion,0,1.350000023841858,-0.05000000074505806,0.10973345824050044,-0.08171611631751714,-0.012879290473130573,0.7344959211829484,1.263965411106206,-0.0007143514735385194,1.2646797625797446,0.0
1491,29.82,idle,locomotion,0,1.350000023841858,-0.05000000074505806,0.10973345824050044,-0.08173182202283885,-0.012890335548935554,0.73450727238687,1.263976347500939,-0.0007156484504616221,1.2646919959514005,0.0
1492,29.84,idle,locomotion,0,1.350000023841858,-0.05000000074505806,0.10973345824050044,-0.08174749658310278,-0.01290133127107492,0.7345186750257202,1.2639873332182718,-0.0007169474376612361,1.264704280655933,0.0
1493,29.86,idle,locomotion,0,1.350000023841858,-0.05000000074505806,0.10973345824050044,-0.08176314002289829,-0.012912282605207498,0.7345301270869379,1.263998366417666,-0.000718248503061087,1.264716614920727,0.0
1494,29.88,idle,locomotion,0,1.350000023841858,-0.05000000074505806,0.10973345824050044,-0.08177875237571634,-0.012923195858770418,0.7345416263244572,1.2640094452733561,-0.0007195517582011673,1.2647289970315574,0.0
1495,29.9,idle,locomotion,0,1.350000023841858,-0.05000000074505806,0.10973345824050044,-0.08179433374532757,-0.012934073236389688,0.7345531714906878,1.264020568599669,-0.0007208570244920144,1.2647414256241611,0.0
1496,29.92,idle,locomotion,0,1.350000023841858,-0.05000000074505806,0.10973345824050044,-0.08180988473603469,-0.012944918962041644,0.7345647616238975,1.264031735563083,-0.0007221636687913431,1.2647538992318743,0.0
1497,29.94,idle,locomotion,0,1.350000023841858,-0.05000000074505806,0.10973345824050044,-0.08182540337868177,-0.012955741688469566,0.7345764049908727,1.2640429557896826,-0.0007234632174801317,1.2647664190071628,0.0
1498,29.96,idle,locomotion,0,1.350000023841858,-0.05000000074505806,0.10973345824050044,-0.08184088862794107,-0.012966557361245919,0.7345881053634565,1.2640542354053834,-0.0007247675055018742,1.2647790029108852,0.0
1499,29.98,idle,locomotion,0,1.350000023841858,-0.05000000074505806,0.10973345824050044,-0.08185634151449997,-0.012977375945901787,0.7345998667143689,1.264065577510016,-0.0007260891460680249,1.2647916666560841,0.0
1500,30.0,idle,locomotion,0,1.350000023841858,-0.05000000074505806,0.10973345824050044,-0.08187176284230957,-0.012988208212126756,0.7346116896231635,1.2640769826333136,-0.0007274280288915545,1.2648044106622052,0.0
1501,30.02,idle,locomotion,0,1.350000023841858,-0.05000000074505806,0.10973345824050044,-0.0818871518115036,-0.01299906610733547,0.7346235703785589,1.2640884472284113,-0.0007287809089182758,1.2648172281373296,0.0
1502,30.04,idle,locomotion,0,1.350000023841858,-0.05000000074505806,0.10973345824050044,-0.08190250635132965,-0.013009958472470282,0.734635506371749,1.2640999693224952,-0.000730144401744362,1.2648301137242397,0.0
1503,30.06,idle,locomotion,0,1.350000023841858,-0.05000000074505806,0.10973345824050044,-0.08191782491164074,-0.013020894861914233,0.7346474916692425,1.2641115437076327,-0.0007315162019681243,1.2648430599096008,0.0
1504,30.08,idle,locomotion,0,1.350000023841858,-0.05000000074505806,0.10973345824050044,-0.08193310600882399,-0.013031885679245936,0.7346595188216246,1.2641231639934654,-0.0007328945854059091,1.2648560585788713,0.0
1505,30.1,idle,locomotion,0,1.350000023841858,-0.05000000074505806,0.10973345824050044,-0.08194834771197428,-0.013042936182095137,0.7346715882269214,1.2641348306881754,-0.0007342782369233816,1.2648691089250987,0.0
1506,30.12,idle,locomotion,0,1.350000023841858,-0.05000000074505806,0.10973345824050044,-0.08196354944691436,-0.013054052482233734,0.7346836985858496,1.2641465428271768,-0.0007356664145223221,1.2648822092416991,0.0
1507,30.14,idle,locomotion,0,1.350000023841858,-0.05000000074505806,0.10973345824050044,-0.0819787100622427,-0.013065239728606546,0.7346958492511431,1.2641582995325735,-0.0007370587416841365,1.2648953582742577,0.0
1508,30.16,idle,locomotion,0,1.350000023841858,-0.05000000074505806,0.10973345824050044,-0.081993828550915,-0.01307650407133363,0.734708039104037,1.264170100105994,-0.0007384550619489519,1.2649085551679429,0.0
1509,30.18,idle,locomotion,0,1.350000023841858,-0.05000000074505806,0.10973345824050044,-0.08200890369445303,-0.013087849526997536,0.73472026867773,1.26418194487868,-0.0007398552991714075,1.2649218001778513,0.0
1510,30.2,idle,locomotion,0,1.350000023841858,-0.05000000074505806,0.10973345824050044,-0.08202393389795765,-0.013099277992957709,0.7347325441617076,1.2641938396506895,-0.0007412593124434229,1.264935098963133,0.0
1511,30.22,idle,locomotion,0,1.350000023841858,-0.05000000074505806,0.10973345824050044,-0.08203891808773833,-0.013110792160219034,0.7347448689729988,1.2642057875754669,-0.0007426674075572993,1.264948454983024,0.0
1512,30.24,idle,locomotion,0,1.350000023841858,-0.05000000074505806,0.10973345824050044,-0.08205385464300113,-0.013122392653327333,0.7347572474960801,1.2642177924299114,-0.0007440795289145423,1.264961871958826,0.0
1513,30.26,idle,locomotion,0,1.350000023841858,-0.05000000074505806,0.10973345824050044,-0.08206874154252651,-0.013134080008512586,0.7347696859814647,1.264229859837484,-0.0007454958486734602,1.2649753556861574,0.0
1514,30.28,idle,locomotion,0,1.350000023841858,-0.05000000074505806,0.10973345824050044,-0.08208357748544187,-0.01314585691283181,0.7347821833070193,1.2642419886223324,-0.0007469162465973712,1.2649889048689298,0.0
1515,30.3,idle,locomotion,0,1.350000023841858,-0.05000000074505806,0.10973345824050044,-0.08209836058663669,-0.013157724927567557,0.7347947345199416,1.2642541740467739,-0.0007483407179196544,1.2650025147646935,0.0
1516,30.32,idle,locomotion,0,1.350000023841858,-0.05000000074505806,0.10973345824050044,-0.08211309016859385,-0.013169686089956573,0.7348073323175778,1.2642664094787237,-0.0007497689071720021,1.2650161783858958,0.0
1517,30.34,idle,locomotion,0,1.350000023841858,-0.05000000074505806,0.10973345824050044,-0.08212776336108957,-0.013181733351647915,0.7348199831827729,1.264278700718197,-0.0007512006322720442,1.265029901350469,0.0
1518,30.36,idle,locomotion,0,1.350000023841858,-0.05000000074505806,0.10973345824050044,-0.0821423789553338,-0.013193861532731629,0.7348326910423018,1.2642910517025148,-0.0007526358513499642,1.2650436875538646,0.0
1519,30.38,idle,locomotion,0,1.350000023841858,-0.05000000074505806,0.10973345824050044,-0.0821569359106656,-0.013206069793470556,0.7348454568999553,1.264303462977124,-0.0007540746087400726,1.265057537585864,0.0
1520,30.4,idle,locomotion,0,1.350000023841858,-0.05000000074505806,0.10973345824050044,-0.08217140884366313,-0.013218195771964536,0.7348581938891509,1.2643158429085415,-0.0007557253051791377,1.2650715682137206,0.0
1521,30.42,idle,locomotion,0,1.350000023841858,-0.05000000074505806,0.10973345824050044,-0.0821857226478098,-0.01323011488571077,0.7348708913256923,1.2643281885093864,-0.0007572324559187299,1.265085420965305,0.0
1522,30.44,idle,locomotion,0,1.350000023841858,-0.05000000074505806,0.10973345824050044,-0.08219981617766944,-0.013241816233821363,0.7348835902189176,1.2643405583794163,-0.0007585909386569126,1.2650991493180732,0.0
1523,30.46,idle,locomotion,0,1.350000023841858,-0.05000000074505806,0.10973345824050044,-0.08221365892058351,-0.013253262491553565,0.7348963322217423,1.2643529897093464,-0.0007599025669062752,1.2651128922762527,0.0
1524,30.48,idle,locomotion,0,1.350000023841858,-0.05000000074505806,0.10973345824050044,-0.08222724734136264,-0.013264426355025808,0.734909163962769,1.2643655252148516,-0.0007612004060069989,1.2651267256208585,0.0
1525,30.5,idle,locomotion,0,1.350000023841858,-0.05000000074505806,0.10973345824050044,-0.08224058770578838,-0.013275280575065699,0.7349221333178781,1.2643781985963827,-0.0007624751765425153,1.2651406737729252,0.0
1526,30.52,idle,locomotion,0,1.350000023841858,-0.05000000074505806,0.10973345824050044,-0.08225367142534908,-0.013285798792602917,0.7349352837998663,1.264391045397127,-0.0007637528095116343,1.2651547982066387,0.0
1527,30.54,idle,locomotion,0,1.350000023841858,-0.05000000074505806,0.10973345824050044,-0.08226648111626526,-0.013295950068068267,0.7349486497683315,1.2644040929021987,-0.0007650706835427012,1.2651691635857414,0.0
1528,30.56,idle,locomotion,0,1.350000023841858,-0.05000000074505806,0.10973345824050044,-0.08227900868676563,-0.013305719874229781,0.7349622565686603,1.2644173679358996,-0.000766362541650762,1.2651837304775504,0.0
1529,30.58,idle,locomotion,0,1.350000023841858,-0.05000000074505806,0.10973345824050044,-0.0822912329749182,-0.01331508817866536,0.7349761285529132,1.2644308850496773,-0.0007676967354394958,1.2651985817851168,0.0
1530,30.6,idle,locomotion,0,1.350000023841858,-0.05000000074505806,0.10973345824050044,-0.08230314035162274,-0.01332402990255508,0.734990271987393,1.2644446583467324,-0.0007690556897423095,1.2652137140364748,0.0
1531,30.62,idle,locomotion,0,1.350000023841858,-0.05000000074505806,0.10973345824050044,-0.08231471580886109,-0.013332534254165652,0.7350046984163705,1.264458688849055,-0.0007704421516065083,1.2652291310006616,0.0
1532,30.64,idle,locomotion,0,1.350000023841858,-0.05000000074505806,0.10973345824050044,-0.0823259500169576,-0.013340593032936278,0.7350194039502603,1.2644729812817759,-0.0007717788969364113,1.2652447601787122,0.0
1533,30.66,idle,locomotion,0,1.350000023841858,-0.05000000074505806,0.10973345824050044,-0.08233686196295915,-0.013348332318857436,0.7350344515014839,1.2644875962190223,-0.0007730000307633218,1.2652605962497856,0.0
1534,30.68,idle,locomotion,0,1.350000023841858,-0.05000000074505806,0.10973345824050044,-0.08234751177166619,-0.013355897026089913,0.7350498854768478,1.2645025740239693,-0.0007742663962882618,1.2652768404202575,0.0
1535,30.7,idle,locomotion,0,1.350000023841858,-0.05000000074505806,0.10973345824050044,-0.08235797658847575,-0.01336337797403862,0.7350656989319033,1.2645178935106693,-0.0007756620156882839,1.2652935555263576,0.0
1536,30.72,idle,locomotion,0,1.350000023841858,-0.05000000074505806,0.10973345824050044,-0.08236831452915366,-0.01337084713586341,0.7350818566569324,1.2645335137972364,-0.0007771769369191266,1.2653106907341556,0.0
1537,30.74,idle,locomotion,0,1.350000023841858,-0.05000000074505806,0.10973345824050044,-0.08237856428241098,-0.013378366402589109,0.7350982988356819,1.2645493787780528,-0.000778780765101357,1.2653281595431543,0.0
1538,30.76,idle,locomotion,0,1.350000023841858,-0.05000000074505806,0.10973345824050044,-0.08238875111225352,-0.01338598706398086,0.7351149534969815,1.2645654259095882,-0.0007804442390529562,1.265345870148641,0.0
1539,30.78,idle,locomotion,0,1.350000023841858,-0.05000000074505806,0.10973345824050044,-0.08239889158737007,-0.013393762693120564,0.73513174235666,1.264581591283029,-0.0007821449316089656,1.265363736214638,0.0
1540,30.8,idle,locomotion,0,1.350000023841858,-0.05000000074505806,0.10973345824050044,-0.0824090047578067,-0.013401749686281545,0.735148583875968,1.2645978086521634,-0.0007838668284127909,1.2653816754805762,0.0
1541,30.82,idle,locomotion,0,1.350000023841858,-0.05000000074505806,0.10973345824050044,-0.08241911544116368,-0.013409995033131325,0.7351654146168938,1.2646140263218093,-0.0007855992285751776,1.2653996255503845,0.0
1542,30.84,idle,locomotion,0,1.350000023841858,-0.05000000074505806,0.10973345824050044,-0.08242925112410268,-0.013418539755897517,0.735182201462254,1.2646302193347834,-0.000787335486948499,1.265417554821732,0.0
1543,30.86,idle,locomotion,0,1.350000023841858,-0.05000000074505806,0.10973345824050044,-0.08243944190714306,-0.013427421700657376,0.7351989307566361,1.2646463792280453,-0.0007890723248565219,1.2654354515529018,0.0
1544,30.88,idle,locomotion,0,1.350000023841858,-0.05000000074505806,0.10973345824050044,-0.08244971992295862,-0.01343667461575366,0.7352156102303825,1.2646625154373246,-0.0007908101264801279,1.2654533255638047,0.0
1545,30.9,idle,locomotion,0,1.350000023841858,-0.05000000074505806,0.10973345824050044,-0.08246011397721005,-0.013446327897532365,0.735232265896882,1.2646786544789514,-0.0007925521210343234,1.2654712065999858,0.0
1546,30.92,idle,locomotion,0,1.350000023841858,-0.05000000074505806,0.10973345824050044,-0.08247064660730768,-0.013456400207577109,0.7352489185566027,1.2646948158533493,-0.0007942995327179549,1.2654891153860672,0.0
1547,30.94,idle,locomotion,0,1.350000023841858,-0.05000000074505806,0.10973345824050044,-0.08248133542330432,-0.013466909701125535,0.7352655827376754,1.2647110123787477,-0.0007960523389766438,1.2655070647177245,0.0
1548,30.96,idle,locomotion,0,1.350000023841858,-0.05000000074505806,0.10973345824050044,-0.08249219353450277,-0.013477872543314517,0.7352822678152072,1.2647272522448343,-0.0007978106001089759,1.2655250628449433,0.0
1549,30.98,idle,locomotion,0,1.350000023841858,-0.05000000074505806,0.10973345824050044,-0.08250322987315746,-0.013489297728851025,0.7352989833350732,1.2647435435208703,-0.0007995741303019367,1.2655431176511722,0.0
1550,31.0,idle,locomotion,0,1.350000023841858,-0.05000000074505806,0.10973345824050044,-0.08251445051362087,-0.013501190380436614,0.7353157292120684,1.2647598855864135,-0.0008013425004303708,1.2655612280868438,0.0
1551,31.02,idle,locomotion,0,1.350000023841858,-0.05000000074505806,0.10973345824050044,-0.0825258593728337,-0.0135135510457235,0.7353324988235085,1.2647762713288184,-0.0008031151957577018,1.2655793865245761,0.0
1552,31.04,idle,locomotion,0,1.350000023841858,-0.05000000074505806,0.10973345824050044,-0.08253745911985348,-0.01352637744899067,0.7353492797996896,1.2647926887646819,-0.0008048916445505677,1.2655975804092325,0.0
1553,31.06,idle,locomotion,0,1.350000023841858,-0.05000000074505806,0.10973345824050044,-0.08254925553787719,-0.013539668979527526,0.7353660617139317,1.2648091273092819,-0.0008066726887268963,1.2656157999980087,0.0
1554,31.08,idle,locomotion,0,1.350000023841858,-0.05000000074505806,0.10973345824050044,-0.08256126363607544,-0.013553423913926227,0.735382856351552,1.264825596862033,-0.0008084642588497976,1.2656340611208827,0.0
1555,31.1,idle,locomotion,0,1.350000023841858,-0.05000000074505806,0.10973345824050044,-0.08257348839051565,-0.013567623975344978,0.735399666449223,1.2648420994818363,-0.0008102676882301603,1.2656523671700666,0.0
1556,31.12,idle,locomotion,0,1.350000023841858,-0.05000000074505806,0.10973345824050044,-0.08258592773284824,-0.013582249190538846,0.7354164776967361,1.2648586215785655,-0.0008120800021437537,1.2656707015807094,0.0
1557,31.14,idle,locomotion,0,1.350000023841858,-0.05000000074505806,0.10973345824050044,-0.08259857876448386,-0.013597278923770249,0.7354332732275515,1.264875146520387,-0.0008138974184731598,1.2656890439388602,0.0
1558,31.16,idle,locomotion,0,1.350000023841858,-0.05000000074505806,0.10973345824050044,-0.08261143762609516,-0.013612690121559134,0.735450043415036,1.2648916641932513,-0.0008157169141478106,1.265707381107399,0.0
1559,31.18,idle,locomotion,0,1.350000023841858,-0.05000000074505806,0.10973345824050044,-0.08262449945093549,-0.013628464824526289,0.7354667770300055,1.2649081656878702,-0.0008175366589264245,1.2657257023467967,0.0
1560,31.2,idle,locomotion,0,1.350000023841858,-0.05000000074505806,0.10973345824050044,-0.08263769446857071,-0.013644633522333976,0.7354833514936107,1.2649245354856549,-0.0008193324483074665,1.2657438679339623,0.0
1561,31.22,idle,locomotion,0,1.350000023841858,-0.05000000074505806,0.10973345824050044,-0.08265100719820093,-0.013661127129548149,0.7354998273209564,1.2649408335421912,-0.000821079774210226,1.2657619133164015,0.0
1562,31.24,idle,locomotion,0,1.350000023841858,-0.05000000074505806,0.10973345824050044,-0.0826644325825566,-0.013677920487014624,0.7355162514965228,1.2649570937517327,-0.0008227974230637612,1.2657798911747964,0.0
1563,31.26,idle,locomotion,0,1.350000023841858,-0.05000000074505806,0.10973345824050044,-0.08267796521847257,-0.013694982830215394,0.7355326698773949,1.2649733534022305,-0.0008244907613711855,1.2657978441636017,0.0
1564,31.28,idle,locomotion,0,1.350000023841858,-0.05000000074505806,0.10973345824050044,-0.08269159532794464,-0.013712285275897247,0.7355490848161292,1.2649896150786382,-0.000826163302412232,1.2658157783810504,0.0
1565,31.3,idle,locomotion,0,1.350000023841858,-0.05000000074505806,0.10973345824050044,-0.08270531811635838,-0.013729793050478988,0.7355655081148719,1.2650058810338385,-0.000827821011420999,1.2658337020452595,0.0
1566,31.32,idle,locomotion,0,1.350000023841858,-0.05000000074505806,0.10973345824050044,-0.08271915757167166,-0.013747442775954853,0.7355820254080002,1.2650222239207651,-0.0008294738671336468,1.2658516977878989,0.0
1567,31.34,idle,locomotion,0,1.350000023841858,-0.05000000074505806,0.10973345824050044,-0.08273316547076108,-0.013765196435809056,0.7355986955126443,1.2650386942490923,-0.000831162018839815,1.265869856267932,0.0
1568,31.36,idle,locomotion,0,1.350000023841858,-0.05000000074505806,0.10973345824050044,-0.08274736147531422,-0.013783047483004246,0.7356154563463251,1.265055233336128,-0.0008328946573640007,1.265888127993492,0.0
1569,31.38,idle,locomotion,0,1.350000023841858,-0.05000000074505806,0.10973345824050044,-0.08276175124736172,-0.013800984281034176,0.7356322347388149,1.265071775715921,-0.0008346648076376813,1.2659064405235587,0.0
1570,31.4,idle,locomotion,0,1.350000023841858,-0.05000000074505806,0.10973345824050044,-0.08277634042018714,-0.013818995260169994,0.7356489715152358,1.2650882709231777,-0.0008364631977850548,1.2659247341209627,0.0
1571,31.42,idle,locomotion,0,1.350000023841858,-0.05000000074505806,0.10973345824050044,-0.08279113857969633,-0.013837072945667085,0.7356656219398496,1.265104681475063,-0.0008382820669674343,1.2659429635420305,0.0
1572,31.44,idle,locomotion,0,1.350000023841858,-0.05000000074505806,0.10973345824050044,-0.08280615713675404,-0.013855210008619405,0.7356821687271651,1.2651209944589892,-0.0008401153415800652,1.2659611098005692,0.0
1573,31.46,idle,locomotion,0,1.350000023841858,-0.05000000074505806,0.10973345824050044,-0.08282140847876221,-0.01387340563355144,0.7356986138127023,1.2651372145552495,-0.0008419591300446796,1.2659791736852941,0.0
1574,31.48,idle,locomotion,0,1.350000023841858,-0.05000000074505806,0.10973345824050044,-0.08283690572483492,-0.01389166386745284,0.7357149658492645,1.2651533516468243,-0.0008438113559177465,1.265997163002742,0.0
1575,31.5,idle,locomotion,0,1.350000023841858,-0.05000000074505806,0.10973345824050044,-0.08285266116139221,-0.013909988231556893,0.7357312411966616,1.2651694213950335,-0.0008456707000854824,1.266015092095119,0.0
1576,31.52,idle,locomotion,0,1.350000023841858,-0.05000000074505806,0.10973345824050044,-0.08286868333907421,-0.013928380214024783,0.7357474681984719,1.2651854497747386,-0.0008475365194225808,1.266032986294161,0.0
1577,31.54,idle,locomotion,0,1.350000023841858,-0.05000000074505806,0.10973345824050044,-0.08288497716635897,-0.013946844725554495,0.7357636755812049,1.2652014632993254,-0.0008494088512191224,1.2660508721505446,0.0
1578,31.56,idle,locomotion,0,1.350000023841858,-0.05000000074505806,0.10973345824050044,-0.08290154458392276,-0.013965389674044792,0.7357798811095633,1.2652174780160197,-0.0008512880371802575,1.2660687660532,0.0
1579,31.58,idle,locomotion,0,1.350000023841858,-0.05000000074505806,0.10973345824050044,-0.08291838256757225,-0.013984020691955656,0.7357961042943122,1.2652335115046411,-0.0008531738494749648,1.2660866853541162,0.0
1580,31.6,idle,locomotion,0,1.350000023841858,-0.05000000074505806,0.10973345824050044,-0.08293548560314197,-0.014002744241561466,0.7358123595274629,1.2652495773581198,-0.0008550660899628165,1.2661046434480827,0.0
1581,31.62,idle,locomotion,0,1.350000023841858,-0.05000000074505806,0.10973345824050044,-0.08295284562363997,-0.014021563655616574,0.7358286612476226,1.2652656883616014,-0.0008569646304498676,1.2661226529920513,0.0
1582,31.64,idle,locomotion,0,1.350000023841858,-0.05000000074505806,0.10973345824050044,-0.0829704529505447,-0.0140404817778867,0.7358450186782062,1.2652818528128873,-0.0008588689863931187,1.2661407217992804,0.0
1583,31.66,idle,locomotion,0,1.350000023841858,-0.05000000074505806,0.10973345824050044,-0.08298829583155223,-0.014059504635059148,0.7358614352385519,1.26529807370406,-0.0008607789184190695,1.2661588526224792,0.0
1584,31.68,idle,locomotion,0,1.350000023841858,-0.05000000074505806,0.10973345824050044,-0.08300636146968111,-0.014078637417241285,0.7358779121603781,1.265314352452422,-0.0008626938723569587,1.266177046324779,0.0
1585,31.7,idle,locomotion,0,1.350000023841858,-0.05000000074505806,0.10973345824050044,-0.08302463681709091,-0.014097883193876979,0.7358944478374895,1.2653306874528025,-0.000864613386358834,1.2661953008391613,0.0
1586,31.72,idle,locomotion,0,1.350000023841858,-0.05000000074505806,0.10973345824050044,-0.08304310916046798,-0.014117243656180074,0.7359110364006145,1.2653470733788215,-0.000866536805242471,1.266213610184064,0.0
1587,31.74,idle,locomotion,0,1.350000023841858,-0.05000000074505806,0.10973345824050044,-0.08306176522426928,-0.014136720850536915,0.7359276708273087,1.2653635041723241,-0.000868463592408962,1.2662319677647331,0.0
1588,31.76,idle,locomotion,0,1.350000023841858,-0.05000000074505806,0.10973345824050044,-0.08308059241023809,-0.014156312515074732,0.7359443489762562,1.2653799778289105,-0.0008703931464839609,1.2662503709753945,0.0
1589,31.78,idle,locomotion,0,1.350000023841858,-0.05000000074505806,0.10973345824050044,-0.08309957801591766,-0.01417601457504235,0.7359610744860039,1.2653964973485547,-0.0008723249117739106,1.2662688222603287,0.0
1590,31.8,idle,locomotion,0,1.350000023841858,-0.05000000074505806,0.10973345824050044,-0.08311871033782316,-0.014195828925298583,0.7359778452245782,1.2654130610289391,-0.0008742588829477628,1.266287319911887,0.0
1591,31.82,idle,locomotion,0,1.350000023841858,-0.05000000074505806,0.10973345824050044,-0.0831379789206291,-0.014215757483638921,0.7359946545943946,1.2654296627193236,-0.0008761950490192988,1.2663058577683428,0.0
1592,31.84,idle,locomotion,0,1.350000023841858,-0.05000000074505806,0.10973345824050044,-0.08315737338666103,-0.014235798017238196,0.7360115020769172,1.265446301883814,-0.0008781330946030924,1.266324434978417,0.0
1593,31.86,idle,locomotion,0,1.350000023841858,-0.05000000074505806,0.10973345824050044,-0.08317688351985916,-0.014255947494326916,0.736028388924426,1.265462979796447,-0.000880072941081108,1.2663430527375281,0.0
1594,31.88,idle,locomotion,0,1.350000023841858,-0.05000000074505806,0.10973345824050044,-0.0831964997360003,-0.01427620217846494,0.7360453156497595,1.265479696792615,-0.000882014558960028,1.266361711351575,0.0
1595,31.9,idle,locomotion,0,1.350000023841858,-0.05000000074505806,0.10973345824050044,-0.08321621335374675,-0.014296556913057562,0.7360622831216995,1.2654964532296038,-0.0008839576972136214,1.2663804109268175,0.0
1596,31.92,idle,locomotion,0,1.350000023841858,-0.05000000074505806,0.10973345824050044,-0.08323601625845937,-0.014317008109493103,0.7360792912626883,1.265513248638196,-0.0008859022544608942,1.2663991508926569,0.0
1597,31.94,idle,locomotion,0,1.350000023841858,-0.05000000074505806,0.10973345824050044,-0.08325589935414464,-0.01433755068105454,0.7360963470185378,1.2655300891097938,-0.0008878478513979146,1.2664179369611916,0.0
1598,31.96,idle,locomotion,0,1.350000023841858,-0.05000000074505806,0.10973345824050044,-0.08327585448030421,-0.014358180454988627,0.7361134517846893,1.2655469759316502,-0.0008897945067671657,1.2664367704384174,0.0
1599,31.98,idle,locomotion,0,1.350000023841858,-0.05000000074505806,0.10973345824050044,-0.08329587519817741,-0.01437889721132977,0.7361305967577826,1.2655639005477706,-0.0008917422035364039,1.266455642751307,0.0
1600,32.0,idle,locomotion,0,1.350000023841858,-0.05000000074505806,0.10973345824050044,-0.08331595305377776,-0.01439969519966689,0.7361477877293547,1.2655808679250322,-0.0008936905913783308,1.2664745585164106,0.0
1601,32.02,idle,locomotion,0,1.350000023841858,-0.05000000074505806,0.10973345824050044,-0.08333607956622922,-0.014420569152856123,0.7361650357247513,1.2655978887255679,-0.0008956395777851081,1.266493528303353,0.0
1602,32.04,idle,locomotion,0,1.350000023841858,-0.05000000074505806,0.10973345824050044,-0.08335624739571271,-0.014441515824107578,0.736182345161924,1.2656149669398085,-0.0008975890447451666,1.2665125559845536,0.0
1603,32.06,idle,locomotion,0,1.350000023841858,-0.05000000074505806,0.10973345824050044,-0.08337645120545867,-0.01446253498493167,0.7361997099486407,1.2656320969245864,-0.0008995390046372259,1.2665316359292236,0.0
1604,32.08,idle,locomotion,0,1.350000023841858,-0.05000000074505806,0.10973345824050044,-0.08339668477187079,-0.014483624048399988,0.7362171278273322,1.265649276396077,-0.0009014895797406219,1.2665507659758175,0.0
1605,32.1,idle,locomotion,0,1.350000023841858,-0.05000000074505806,0.10973345824050044,-0.08341694316460369,-0.014504777003858637,0.7362345989163452,1.2656665054881462,-0.0009034401347891435,1.2665699456229353,0.0
1606,32.12,idle,locomotion,0,1.350000023841858,-0.05000000074505806,0.10973345824050044,-0.08343722206606058,-0.014525989352268114,0.7362521216104123,1.2656837823223372,-0.0009053903876366336,1.2665891727099738,0.0
1607,32.14,idle,locomotion,0,1.350000023841858,-0.05000000074505806,0.10973345824050044,-0.08345751523018644,-0.014547256892357498,0.736269704012383,1.2657011147816597,-0.0009073402527008112,1.2666084550343606,0.0
1608,32.16,idle,locomotion,0,1.350000023841858,-0.05000000074505806,0.10973345824050044,-0.08347781827852262,-0.01456857617339041,0.73628734994387,1.2657185066464278,-0.0009092899953727744,1.2666277966418007,0.0
1609,32.18,idle,locomotion,0,1.350000023841858,-0.05000000074505806,0.10973345824050044,-0.08349812764292512,-0.014589945595210431,0.736305060131145,1.265735958178944,-0.0009112393674640777,1.2666471975464082,0.0
1610,32.2,idle,locomotion,0,1.350000023841858,-0.05000000074505806,0.10973345824050044,-0.08351843988132945,-0.014611363354917757,0.7363228335474733,1.2657534685212428,-0.0009131882054463566,1.266666656726689,0.0
1611,32.22,idle,locomotion,0,1.350000023841858,-0.05000000074505806,0.10973345824050044,-0.08353875200525224,-0.014632827271537115,0.7363406668845514,1.265771034586984,-0.0009151360990846506,1.2666861706860686,0.0
1612,32.24,idle,locomotion,0,1.350000023841858,-0.05000000074505806,0.10973345824050044,-0.08355906117634203,-0.014654333845979186,0.7363585560228009,1.2657886527202584,-0.0009170829771474008,1.2667057356974059,0.0
1613,32.26,idle,locomotion,0,1.350000023841858,-0.05000000074505806,0.10973345824050044,-0.083579364075868,-0.014675878572033164,0.7363765038874504,1.2658063256267675,-0.0009190288843237242,1.2667253545110913,0.0
1614,32.28,idle,locomotion,0,1.350000023841858,-0.05000000074505806,0.10973345824050044,-0.08359965810061619,-0.014697458619277997,0.7363945141957672,1.2658240572182544,-0.0009209734226873836,1.2667450306409418,0.0
1615,32.3,idle,locomotion,0,1.350000023841858,-0.05000000074505806,0.10973345824050044,-0.08361994099233655,-0.014719072093660598,0.7364125879508683,1.265841848658,-0.0009229166128097571,1.2667647652708098,0.0
1616,32.32,idle,locomotion,0,1.350000023841858,-0.05000000074505806,0.10973345824050044,-0.08364021048137352,-0.014740716604199323,0.7364307271699754,1.2658597021367908,-0.0009248581977594657,1.2667845603345502,0.0
1617,32.34,idle,locomotion,0,1.350000023841858,-0.05000000074505806,0.10973345824050044,-0.08366046562133064,-0.014762389766561128,0.7364489280956629,1.2658776141724197,-0.0009267981388552185,1.266804412311275,0.0
1618,32.36,idle,locomotion,0,1.350000023841858,-0.05000000074505806,0.10973345824050044,-0.08368070511323743,-0.01478408856299339,0.7364671879977001,1.2658955821043238,-0.0009287361753952429,1.2668243182797192,0.0
1619,32.38,idle,locomotion,0,1.350000023841858,-0.05000000074505806,0.10973345824050044,-0.08370092784658903,-0.014805809592506146,0.7364855079098281,1.2659136070797228,-0.0009306720705948325,1.2668442791503176,0.0
1620,32.4,idle,locomotion,0,1.350000023841858,-0.05000000074505806,0.10973345824050044,-0.0837211329153257,-0.01482754884272739,0.7365038905969932,1.265931691534215,-0.0009326057891645735,1.2668642973233795,0.0
1621,32.42,idle,locomotion,0,1.350000023841858,-0.05000000074505806,0.10973345824050044,-0.08374132005242273,-0.014849305032203218,0.7365223337189877,1.2659498336060702,-0.0009345372822511175,1.2668843708883213,0.0
1622,32.44,idle,locomotion,0,1.350000023841858,-0.05000000074505806,0.10973345824050044,-0.08376148816711275,-0.014871075647477642,0.7365408364352943,1.2659680328544956,-0.0009364662340373177,1.266904499088533,0.0
1623,32.46,idle,locomotion,0,1.350000023841858,-0.05000000074505806,0.10973345824050044,-0.08378163653303443,-0.014892854792104896,0.7365594058194929,1.2659862958322379,-0.0009383927284713177,1.2669246885607093,0.0
1624,32.48,idle,locomotion,0,1.350000023841858,-0.05000000074505806,0.10973345824050044,-0.08380176622910625,-0.01491463976106923,0.7365780399739283,1.2660046206439182,-0.0009403165846292687,1.2669449372285475,0.0
1625,32.5,idle,locomotion,0,1.350000023841858,-0.05000000074505806,0.10973345824050044,-0.0838218765801988,-0.014936426488576186,0.7365967408363203,1.2660230087160322,-0.0009422376893857623,1.266965246405418,0.0
1626,32.52,idle,locomotion,0,1.350000023841858,-0.05000000074505806,0.10973345824050044,-0.08384196665584503,-0.014958211161745052,0.7366155173174378,1.266041468458495,-0.0009441558593348102,1.26698562431783,0.0
1627,32.54,idle,locomotion,0,1.350000023841858,-0.05000000074505806,0.10973345824050044,-0.08386203619634665,-0.014979992952961596,0.7366343637345505,1.2660599949274374,-0.0009460713616524542,1.2670060662890898,0.0
1628,32.56,idle,locomotion,0,1.350000023841858,-0.05000000074505806,0.10973345824050044,-0.08388208437675863,-0.015001770630404369,0.7366532756486125,1.2660785841387048,-0.0009479839229219328,1.2670265680616266,0.0
1629,32.58,idle,locomotion,0,1.350000023841858,-0.05000000074505806,0.10973345824050044,-0.08390211186325294,-0.015023542295379558,0.7366722515015484,1.2660972349924635,-0.0009498935934564648,1.26704712858592,0.0
1630,32.6,idle,locomotion,0,1.350000023841858,-0.05000000074505806,0.10973345824050044,-0.08392212068948632,-0.015045305993170562,0.7366912878731987,1.2661159439351768,-0.0009518005006945961,1.2670677444358713,0.0
1631,32.62,idle,locomotion,0,1.350000023841858,-0.05000000074505806,0.10973345824050044,-0.08394211349060533,-0.015067059455850743,0.7367103839630362,1.2661347097597075,-0.0009537046442690197,1.2670884144039765,0.0
1632,32.64,idle,locomotion,0,1.350000023841858,-0.05000000074505806,0.10973345824050044,-0.08396209122528266,-0.015088800799919349,0.7367295497947176,1.2661535414238263,-0.0009556062191820522,1.2671091476430083,0.0
1633,32.66,idle,locomotion,0,1.350000023841858,-0.05000000074505806,0.10973345824050044,-0.0839820544445782,-0.01511053003183024,0.7367487892383778,1.2661724432831103,-0.0009575053177444323,1.2671299486008547,0.0
1634,32.68,idle,locomotion,0,1.350000023841858,-0.05000000074505806,0.10973345824050044,-0.08400200523210795,-0.01513224696591755,0.736768095593367,1.266191408878831,-0.0009594018879668723,1.267150810766798,0.0
1635,32.7,idle,locomotion,0,1.350000023841858,-0.05000000074505806,0.10973345824050044,-0.08402194583496175,-0.015153950270490919,0.7367874680163624,1.2662104367843512,-0.0009612962497791387,1.2671717330341303,0.0
1636,32.72,idle,locomotion,0,1.350000023841858,-0.05000000074505806,0.10973345824050044,-0.08404187747320822,-0.015175640394356416,0.7368069095572045,1.266229530157672,-0.0009631881677549976,1.267192718325427,0.0
1637,32.74,idle,locomotion,0,1.350000023841858,-0.05000000074505806,0.10973345824050044,-0.08406180137938249,-0.015197317552809944,0.736826421991696,1.2662486908162673,-0.0009650777775444437,1.2672137685938119,0.0
1638,32.76,idle,locomotion,0,1.350000023841858,-0.05000000074505806,0.10973345824050044,-0.08408171918027568,-0.015218982688255339,0.7368460064105905,1.266267919809179,-0.0009669650599856937,1.2672348848691648,0.0
1639,32.78,idle,locomotion,0,1.350000023841858,-0.05000000074505806,0.10973345824050044,-0.0841016331077582,-0.015240636485585076,0.7368656630320632,1.266287217183922,-0.0009688499605737463,1.2672560671444957,0.0
1640,32.8,idle,locomotion,0,1.350000023841858,-0.05000000074505806,0.10973345824050044,-0.08412154546063295,-0.015262280655753569,0.7368853878554193,1.266306579232064,-0.0009707325852978364,1.267277311817362,0.0
1641,32.82,idle,locomotion,0,1.350000023841858,-0.05000000074505806,0.10973345824050044,-0.08414145793862059,-0.015283915832863012,0.7369051807173226,1.2663260056612604,-0.000972612918909186,1.2672986185801696,0.0
1642,32.84,idle,locomotion,0,1.350000023841858,-0.05000000074505806,0.10973345824050044,-0.08416137262347108,-0.01530554372652083,0.7369250431941694,1.2663454980994637,-0.0009744908217328256,1.2673199889211966,0.0
1643,32.86,idle,locomotion,0,1.350000023841858,-0.05000000074505806,0.10973345824050044,-0.08418129166144563,-0.015327166088754063,0.7369449731880412,1.266365054707902,-0.0009763662123231306,1.2673414209202252,0.0
1644,32.88,idle,locomotion,0,1.350000023841858,-0.05000000074505806,0.10973345824050044,-0.0842012170135359,-0.015348784762021088,0.7369649699268324,1.2663846749207075,-0.0009782392629754354,1.2673629141836829,0.0
1645,32.9,idle,locomotion,0,1.350000023841858,-0.05000000074505806,0.10973345824050044,-0.08422114991186364,-0.015370400856377201,0.7369850407027166,1.2664043654421016,-0.0009801099199707002,1.2673844753620722,0.0
1646,32.92,idle,locomotion,0,1.350000023841858,-0.05000000074505806,0.10973345824050044,-0.08424109218398794,-0.015392016299337511,0.7370051922721823,1.266424132410937,-0.000981978652771942,1.2674061110637092,0.0
1647,32.94,idle,locomotion,0,1.350000023841858,-0.05000000074505806,0.10973345824050044,-0.08426104538299149,-0.01541363422859869,0.7370254239169961,1.2664439749260497,-0.000983845414767745,1.2674278203408174,0.0
1648,32.96,idle,locomotion,0,1.350000023841858,-0.05000000074505806,0.10973345824050044,-0.08428101026182389,-0.015435257915226338,0.7370457345687925,1.2664638919827862,-0.00098571009877952,1.2674496020815658,0.0
1649,32.98,idle,locomotion,0,1.350000023841858,-0.05000000074505806,0.10973345824050044,-0.08430098712303094,-0.015456890904672999,0.7370661233665878,1.2664838832178515,-0.0009875726183957885,1.2674714558362474,0.0
1650,33.0,idle,locomotion,0,1.350000023841858,-0.05000000074505806,0.10973345824050044,-0.08432097643514294,-0.015478536113482766,0.7370865886326333,1.2665039475317486,-0.0009894328376568347,1.2674933803694053,0.0
1651,33.02,idle,locomotion,0,1.350000023841858,-0.05000000074505806,0.10973345824050044,-0.08434098022431959,-0.015500196561448076,0.7371071246480677,1.2665240797794153,-0.0009912905811953997,1.2675153703606106,0.0
1652,33.04,idle,locomotion,0,1.350000023841858,-0.05000000074505806,0.10973345824050044,-0.08436100080422246,-0.01552187474753234,0.7371277274132234,1.2665442759974288,-0.000993145844849868,1.2675374218422786,0.0
1653,33.06,idle,locomotion,0,1.350000023841858,-0.05000000074505806,0.10973345824050044,-0.08438103978584408,-0.015543572417220264,0.737148398878692,1.2665645380280943,-0.0009949988432731045,1.2675595368713675,0.0
1654,33.08,idle,locomotion,0,1.350000023841858,-0.05000000074505806,0.10973345824050044,-0.0844010961878294,-0.015565281233521456,0.7371691493080443,1.2665848752837445,-0.0009968494088965912,1.267581724692641,0.0
1655,33.1,idle,locomotion,0,1.350000023841858,-0.05000000074505806,0.10973345824050044,-0.0844211480668255,-0.015586957283967088,0.7371899883433047,1.2666053002201354,-0.0009986963453262852,1.2676039965654617,0.0
1656,33.12,idle,locomotion,0,1.350000023841858,-0.05000000074505806,0.10973345824050044,-0.08444119331876847,-0.015608604600223354,0.737210895162307,1.2666257925328783,-0.0010005394305950648,1.2676263319634733,0.0
1657,33.14,idle,locomotion,0,1.350000023841858,-0.05000000074505806,0.10973345824050044,-0.08446123396924277,-0.015630223745590227,0.7372318543307677,1.2666463362012241,-0.0010023789038175503,1.2676487151050417,0.0
1658,33.16,idle,locomotion,0,1.350000023841858,-0.05000000074505806,0.10973345824050044,-0.08448127118098314,-0.0156518112628863,0.7372528505451552,1.266666915912912,-0.0010042145822250978,1.2676711304951371,0.0
1659,33.18,idle,locomotion,0,1.350000023841858,-0.05000000074505806,0.10973345824050044,-0.08450130319600828,-0.015673358527155432,0.737273877432631,1.2666875248368568,-0.0010060461596269957,1.2676935709964838,0.0
1660,33.2,idle,locomotion,0,1.350000023841858,-0.05000000074505806,0.10973345824050044,-0.08452133151115063,-0.015694869383909016,0.73729493515756,1.2667081625859935,-0.0010078740961347414,1.2677160366821283,0.0
1661,33.22,idle,locomotion,0,1.350000023841858,-0.05000000074505806,0.10973345824050044,-0.08454135745580628,-0.015716344262059485,0.7373160240814691,1.2667288291965382,-0.00100969866171308,1.2677385278582514,0.0
1662,33.24,idle,locomotion,0,1.350000023841858,-0.05000000074505806,0.10973345824050044,-0.08456139140424433,-0.015737801233674714,0.737337140290138,1.2667495188522495,-0.0010115203688341456,1.2677610392210836,0.0
1663,33.26,idle,locomotion,0,1.350000023841858,-0.05000000074505806,0.10973345824050044,-0.08458143642711294,-0.015759246239689377,0.7373582990413591,1.2667702455676813,-0.0010133394238264794,1.2677835849915078,0.0
1664,33.28,idle,locomotion,0,1.350000023841858,-0.05000000074505806,0.10973345824050044,-0.08460149172479878,-0.015780684550856686,0.737379521260591,1.2667910300348724,-0.001015156203387619,1.26780618623826,0.0
1665,33.3,idle,locomotion,0,1.350000023841858,-0.05000000074505806,0.10973345824050044,-0.08462155698244965,-0.015802123065474016,0.7374008200480754,1.26681188536541,-0.0010169710496647846,1.2678288564150748,0.0
1666,33.32,idle,locomotion,0,1.350000023841858,-0.05000000074505806,0.10973345824050044,-0.08464163407751012,-0.01582356840500742,0.7374222038408501,1.2668328190122025,-0.0010187840570544913,1.267851603069257,0.0
1667,33.34,idle,locomotion,0,1.350000023841858,-0.05000000074505806,0.10973345824050044,-0.08466172414699566,-0.015845027781651526,0.7374436843758267,1.2668538413917645,-0.0010205953571241488,1.2678744367488886,0.0
1668,33.36,idle,locomotion,0,1.350000023841858,-0.05000000074505806,0.10973345824050044,-0.08468182643150225,-0.015866511226529535,0.7374652664846147,1.2668749578932625,-0.0010224049931279455,1.2678973628863905,0.0
1669,33.38,idle,locomotion,0,1.350000023841858,-0.05000000074505806,0.10973345824050044,-0.0847019407114441,-0.01588802685131866,0.7374869487594489,1.266896167439613,-0.0010242128511723167,1.2679203802907855,0.0
1670,33.4,idle,locomotion,0,1.350000023841858,-0.05000000074505806,0.10973345824050044,-0.08472206847192164,-0.01590958261559963,0.737508724186786,1.2669174635366414,-0.0010260185966488658,1.2679434821332902,0.0
1671,33.42,idle,locomotion,0,1.350000023841858,-0.05000000074505806,0.10973345824050044,-0.08474220934228242,-0.01593118576603672,0.7375305880127274,1.2669388423114085,-0.0010278220844841188,1.2679666643958927,0.0
1672,33.44,idle,locomotion,0,1.350000023841858,-0.05000000074505806,0.10973345824050044,-0.08476236395773312,-0.015952841951468396,0.7375525369760941,1.2669603013894641,-0.0010296232177576178,1.2679899246072217,0.0
1673,33.46,idle,locomotion,0,1.350000023841858,-0.05000000074505806,0.10973345824050044,-0.08478253327180109,-0.015974558003734998,0.7375745655160102,1.2669818360547644,-0.0010314216317530503,1.2680132576865175,0.0
1674,33.48,idle,locomotion,0,1.350000023841858,-0.05000000074505806,0.10973345824050044,-0.08480271908162892,-0.015996339056612126,0.7375966650401858,1.2670034386746971,-0.0010332173759993873,1.2680366560506966,0.0
1675,33.5,idle,locomotion,0,1.350000023841858,-0.05000000074505806,0.10973345824050044,-0.08482292283705,-0.016018189364472833,0.73761883353085,1.2670251075816137,-0.0010350104614293663,1.268060118043043,0.0
1676,33.52,idle,locomotion,0,1.350000023841858,-0.05000000074505806,0.10973345824050044,-0.0848431469827077,-0.01604011225598459,0.7376410679714445,1.2670468405090247,-0.0010368007650998906,1.2680836412741245,0.0
1677,33.54,idle,locomotion,0,1.350000023841858,-0.05000000074505806,0.10973345824050044,-0.08486339496038041,-0.016062110946512657,0.7376633607435664,1.2670686301874738,-0.0010385883965054847,1.2681072185839792,0.0
1678,33.56,idle,locomotion,0,1.350000023841858,-0.05000000074505806,0.10973345824050044,-0.0848836678276964,-0.016084188632881666,0.7376857090508905,1.2670904748341472,-0.0010403734016722864,1.2681308482358193,0.0
1679,33.58,idle,locomotion,0,1.350000023841858,-0.05000000074505806,0.10973345824050044,-0.08490396669079214,-0.016106346800454027,0.7377081130718864,1.2671123756469966,-0.0010421557606238793,1.2681545314076206,0.0
1680,33.6,idle,locomotion,0,1.350000023841858,-0.05000000074505806,0.10973345824050044,-0.08492428839441528,-0.016128587176350382,0.7377305765243632,1.2671343387792728,-0.0010439352533172554,1.2681782740325902,0.0
1681,33.62,idle,locomotion,0,1.350000023841858,-0.05000000074505806,0.10973345824050044,-0.08494462935221646,-0.01615091039320518,0.7377531015033802,1.2671563691056835,-0.0010457117025263994,1.26820208080821,0.0
1682,33.64,idle,locomotion,0,1.350000023841858,-0.05000000074505806,0.10973345824050044,-0.08496498528078512,-0.01617331838783423,0.737775692900288,1.267178474398657,-0.001047485137310001,1.2682259595359668,0.0
1683,33.66,idle,locomotion,0,1.350000023841858,-0.05000000074505806,0.10973345824050044,-0.0849853495982399,-0.016195814757666512,0.737798353912363,1.2672006623921201,-0.0010492554179765412,1.2682499178100968,0.0
1684,33.68,idle,locomotion,0,1.350000023841858,-0.05000000074505806,0.10973345824050044,-0.08500571847370612,-0.01621839703427976,0.7378210812207403,1.2672229333978495,-0.001051022772808767,1.2682739561706582,0.0
1685,33.7,idle,locomotion,0,1.350000023841858,-0.05000000074505806,0.10973345824050044,-0.08502608896446745,-0.01624105990437647,0.737843876729617,1.2672452917696164,-0.0010527871550382421,1.2682980789246547,0.0
1686,33.72,idle,locomotion,0,1.350000023841858,-0.05000000074505806,0.10973345824050044,-0.0850464589788285,-0.01626380057461496,0.7378667440538539,1.2672677439626596,-0.0010545484986095553,1.2683222924612692,0.0
1687,33.74,idle,locomotion,0,1.350000023841858,-0.05000000074505806,0.10973345824050044,-0.08506682975695222,-0.016286616637052803,0.7378896833920137,1.2672902919843507,-0.0010563065722082356,1.268346598556559,0.0
1688,33.76,idle,locomotion,0,1.350000023841858,-0.05000000074505806,0.10973345824050044,-0.08508720705367068,-0.016309503536744402,0.7379126930486647,1.2673129339610223,-0.0010580615343404702,1.2683709954953628,0.0
1689,33.78,idle,locomotion,0,1.350000023841858,-0.05000000074505806,0.10973345824050044,-0.08510760045846272,-0.016332456191781,0.7379357706474904,1.2673356652417065,-0.0010598140767903198,1.2683954793184968,0.0
1690,33.8,idle,locomotion,0,1.350000023841858,-0.05000000074505806,0.10973345824050044,-0.08512802095598154,-0.016355470677074314,0.7379589141971629,1.2673584803002949,-0.0010615645105637693,1.2684200448108587,0.0
1691,33.82,idle,locomotion,0,1.350000023841858,-0.05000000074505806,0.10973345824050044,-0.08514848050863057,-0.01637854521914186,0.7379821116135774,1.2673813645822682,-0.0010633128470366772,1.268444677429305,0.0
1692,33.84,idle,locomotion,0,1.350000023841858,-0.05000000074505806,0.10973345824050044,-0.08516899143590975,-0.01640167741419271,0.7380053556406186,1.267404306870278,-0.0010650591531385922,1.2684693660234165,0.0
1693,33.86,idle,locomotion,0,1.350000023841858,-0.05000000074505806,0.10973345824050044,-0.08518956712640026,-0.016424865533356165,0.7380286458394696,1.2674273019026607,-0.0010668038638786022,1.2684941057665393,0.0
1694,33.88,idle,locomotion,0,1.350000023841858,-0.05000000074505806,0.10973345824050044,-0.08521021763682021,-0.016448110808310563,0.7380519850697025,1.267450348285599,-0.001068547523354564,1.2685188958089535,0.0
1695,33.9,idle,locomotion,0,1.350000023841858,-0.05000000074505806,0.10973345824050044,-0.08523094961465896,-0.016471416540039634,0.7380753782428318,1.2674734483382504,-0.0010702904713417415,1.2685437388095921,0.0
1696,33.92,idle,locomotion,0,1.350000023841858,-0.05000000074505806,0.10973345824050044,-0.08525176901788512,-0.016494787377467648,0.7380988272304418,1.2674966015233755,-0.0010720329454501284,1.2685686344688256,0.0
1697,33.94,idle,locomotion,0,1.350000023841858,-0.05000000074505806,0.10973345824050044,-0.0852726787989983,-0.0165182300302013,0.738122337076793,1.2675198114220083,-0.0010737748957764248,1.2685935863177846,0.0
1698,33.96,idle,locomotion,0,1.350000023841858,-0.05000000074505806,0.10973345824050044,-0.08529367848502618,-0.016541753182187518,0.7381459145085512,1.2675430850190694,-0.001075516233669048,1.2686186012527385,0.0
1699,33.98,idle,locomotion,0,1.350000023841858,-0.05000000074505806,0.10973345824050044,-0.08531477065431027,-0.016565362567520378,0.7381695584991348,1.2675664204852035,-0.0010772570664397685,1.2686436775516432,0.0
1700,34.0,idle,locomotion,0,1.350000023841858,-0.05000000074505806,0.10973345824050044,-0.08533596055206837,-0.016589064446075847,0.7381932669079133,1.2675898129556493,-0.0010789976011044387,1.2686688105567538,0.0
1701,34.02,idle,locomotion,0,1.350000023841858,-0.05000000074505806,0.10973345824050044,-0.08535724808189199,-0.01661286680394095,0.7382170480179182,1.2676132694971831,-0.0010807378107326633,1.2686940073079158,0.0
1702,34.04,idle,locomotion,0,1.350000023841858,-0.05000000074505806,0.10973345824050044,-0.08537862901664593,-0.016636779631139093,0.7382409128434098,1.2676368020906028,-0.0010824776067235135,1.2687192796973263,0.0
1703,34.06,idle,locomotion,0,1.350000023841858,-0.05000000074505806,0.10973345824050044,-0.0854001015009348,-0.016660812449218,0.7382648542246552,1.2676604056525393,-0.0010842166039021287,1.2687446222564416,0.0
1704,34.08,idle,locomotion,0,1.350000023841858,-0.05000000074505806,0.10973345824050044,-0.08542166764250858,-0.016684971104953296,0.7382888669415918,1.2676840736313384,-0.0010859548157335572,1.268770028447072,0.0
1705,34.1,idle,locomotion,0,1.350000023841858,-0.05000000074505806,0.10973345824050044,-0.08544332751222512,-0.016709262401398608,0.7383129570939572,1.267707811146389,-0.001087692680372624,1.2687955038267618,0.0
1706,34.12,idle,locomotion,0,1.350000023841858,-0.05000000074505806,0.10973345824050044,-0.08546507828403324,-0.01673369510944011,0.7383371274526318,1.2677316219045136,-0.001089429806771132,1.2688210517112848,0.0
1707,34.14,idle,locomotion,0,1.350000023841858,-0.05000000074505806,0.10973345824050044,-0.0854869165109606,-0.016758278413962057,0.7383613717245293,1.2677555005743733,-0.0010911661935488308,1.2688466667679221,0.0
1708,34.16,idle,locomotion,0,1.350000023841858,-0.05000000074505806,0.10973345824050044,-0.08550883716848626,-0.016783021157607415,0.7383856875032755,1.2677794448990063,-0.0010929017791780488,1.2688723466781844,0.0
1709,34.18,idle,locomotion,0,1.350000023841858,-0.05000000074505806,0.10973345824050044,-0.08553083578097041,-0.016807931710182883,0.7384100729974973,1.267803453952769,-0.0010946361200135125,1.2688980900727824,0.0
1710,34.2,idle,locomotion,0,1.350000023841858,-0.05000000074505806,0.10973345824050044,-0.08555291259096273,-0.01683301502931682,0.7384345272467688,1.2678275256447722,-0.001096369532226013,1.268923895176998,0.0
1711,34.22,idle,locomotion,0,1.350000023841858,-0.05000000074505806,0.10973345824050044,-0.08557507301664989,-0.01685827560839171,0.7384590410195198,1.26785165015444,-0.0010981023457458869,1.2689497525001858,0.0
1712,34.24,idle,locomotion,0,1.350000023841858,-0.05000000074505806,0.10973345824050044,-0.08559732375478638,-0.016883715799162136,0.7384836063180034,1.2678758186224985,-0.001099834639161048,1.2689756532616596,0.0
1713,34.26,idle,locomotion,0,1.350000023841858,-0.05000000074505806,0.10973345824050044,-0.0856196711362364,-0.016909336901415783,0.7385082265234185,1.2679000335583541,-0.0011015667334870367,1.2690016002918412,0.0
1714,34.28,idle,locomotion,0,1.350000023841858,-0.05000000074505806,0.10973345824050044,-0.08564212002665696,-0.01693514218930624,0.7385329003667944,1.2679242945935711,-0.001103298753274879,1.269027593346846,0.0
1715,34.3,idle,locomotion,0,1.350000023841858,-0.05000000074505806,0.10973345824050044,-0.08566467527871845,-0.016961133739350112,0.7385576252745367,1.2679485997699287,-0.0011050307086171822,1.2690536304785458,0.0
1716,34.32,idle,locomotion,0,1.350000023841858,-0.05000000074505806,0.10973345824050044,-0.08568734205108339,-0.016987313512287543,0.738582398946058,1.2679729470187862,-0.0011067625350121672,1.2690797095537982,0.0
1717,34.34,idle,locomotion,0,1.350000023841858,-0.05000000074505806,0.10973345824050044,-0.08571012403334534,-0.017013682977663543,0.7386072249704595,1.2679973388340842,-0.0011084943926754562,1.2691058332267595,0.0
1718,34.36,idle,locomotion,0,1.350000023841858,-0.05000000074505806,0.10973345824050044,-0.08573302129887161,-0.017040246910817968,0.7386321131244928,1.2680217846605573,-0.0011102268800775028,1.2691320115406348,0.0
1719,34.38,idle,locomotion,0,1.350000023841858,-0.05000000074505806,0.10973345824050044,-0.0857560321317451,-0.01706701121423467,0.738657064495455,1.2680462876203211,-0.0011119594992388716,1.26915824711956,0.0
1720,34.4,idle,locomotion,0,1.350000023841858,-0.05000000074505806,0.10973345824050044,-0.08577915657032309,-0.017093978869799516,0.7386820813965602,1.268070850145955,-0.001113692210097366,1.2691845423560524,0.0
1721,34.42,idle,locomotion,0,1.350000023841858,-0.05000000074505806,0.10973345824050044,-0.08580239594256009,-0.017121153028160613,0.7387071670918206,1.2680954749507924,-0.0011154253003023383,1.2692109002510947,0.0
1722,34.44,idle,locomotion,0,1.350000023841858,-0.05000000074505806,0.10973345824050044,-0.0858257497589992,-0.01714851007755375,0.7387323575921073,1.2681201958243418,-0.0011171552176041794,1.269237351041946,0.0
1723,34.46,idle,locomotion,0,1.350000023841858,-0.05000000074505806,0.10973345824050044,-0.08584919523114179,-0.01717605905427065,0.7387576368248184,1.268145002505485,-0.0011188850838835564,1.2692638875893685,0.0
1724,34.48,idle,locomotion,0,1.350000023841858,-0.05000000074505806,0.10973345824050044,-0.08587273787907722,-0.017203819999212517,0.7387829862150206,1.2681698766285887,-0.0011206168639405628,1.2692904934925293,0.0
1725,34.5,idle,locomotion,0,1.350000023841858,-0.05000000074505806,0.10973345824050044,-0.08589638983712165,-0.017231818878492604,0.7388083861982546,1.2681947977815993,-0.00112235494802021,1.2693171527296194,0.0
1726,34.52,idle,locomotion,0,1.350000023841858,-0.05000000074505806,0.10973345824050044,-0.08592015918192768,-0.01726007711146905,0.7388338155180508,1.2682197446461727,-0.0011241019985276449,1.2693438466447005,0.0
1727,34.54,idle,locomotion,0,1.350000023841858,-0.05000000074505806,0.10973345824050044,-0.08594405198938423,-0.017288604491824427,0.7388592589691759,1.2682447013308646,-0.001125857113162338,1.269370558444027,0.0
1728,34.56,idle,locomotion,0,1.350000023841858,-0.05000000074505806,0.10973345824050044,-0.08596806405263088,-0.017317404893084323,0.7388846958381492,1.2682696479108473,-0.0011276191989091494,1.2693972671097564,0.0
1729,34.58,idle,locomotion,0,1.350000023841858,-0.05000000074505806,0.10973345824050044,-0.08599219409492356,-0.017346493226962956,0.7389101048762403,1.2682945638474812,-0.0011293869033744512,1.2694239507508556,0.0
1730,34.6,idle,locomotion,0,1.350000023841858,-0.05000000074505806,0.10973345824050044,-0.08601644813628503,-0.017375882686341212,0.7389354810357935,1.2683194432355742,-0.0011311583047871297,1.2694506015403613,0.0
1731,34.62,idle,locomotion,0,1.350000023841858,-0.05000000074505806,0.10973345824050044,-0.08604083119147318,-0.017405580630008514,0.7389608262319781,1.2683442862302994,-0.0011329315402750333,1.2694772177705744,0.0
1732,34.64,idle,locomotion,0,1.350000023841858,-0.05000000074505806,0.10973345824050044,-0.0860653411581638,-0.017435597418684584,0.7389861599618134,1.2683691106067891,-0.0011347057416088019,1.269503816348398,0.0
1733,34.66,idle,locomotion,0,1.350000023841858,-0.05000000074505806,0.10973345824050044,-0.08608997038831007,-0.017465954398900828,0.7390115055717225,1.268393942448105,-0.0011364805317089985,1.2695304229798139,0.0
1734,34.68,idle,locomotion,0,1.350000023841858,-0.05000000074505806,0.10973345824050044,-0.08611471533113361,-0.01749666875909968,0.7390368759300938,1.2684187962729536,-0.001138255548166319,1.2695570518211199,0.0
1735,34.7,idle,locomotion,0,1.350000023841858,-0.05000000074505806,0.10973345824050044,-0.08613957717184137,-0.01752775493621763,0.7390622767096026,1.2684436779422132,-0.0011400311939072094,1.2695837091361204,0.0
1736,34.72,idle,locomotion,0,1.350000023841858,-0.05000000074505806,0.10973345824050044,-0.08616455673005208,-0.017559227281256716,0.7390877081543018,1.2684685892775416,-0.001141807504119633,1.2696103967816612,0.0
1737,34.74,idle,locomotion,0,1.350000023841858,-0.05000000074505806,0.10973345824050044,-0.08618965603233718,-0.017591093008750048,0.739113171238726,1.2684935316557695,-0.0011435845970112143,1.2696371162527806,0.0
1738,34.76,idle,locomotion,0,1.350000023841858,-0.05000000074505806,0.10973345824050044,-0.08621487547314327,-0.017623351527517393,0.7391386731116714,1.2685185116538598,-0.0011453624410665553,1.2696638740949262,0.0
1739,34.78,idle,locomotion,0,1.350000023841858,-0.05000000074505806,0.10973345824050044,-0.08624021670341825,-0.017656005643235332,0.7391642091759405,1.2685435253006643,-0.001147141190064073,1.2696906664907284,0.0
1740,34.8,idle,locomotion,0,1.350000023841858,-0.05000000074505806,0.10973345824050044,-0.08626568019145325,-0.017689061116046623,0.7391897695313246,1.2685685642877242,-0.001148920914386814,1.2697174852021111,0.0
1741,34.82,idle,locomotion,0,1.350000023841858,-0.05000000074505806,0.10973345824050044,-0.08629126937197237,-0.017722517378105748,0.7392153373461624,1.2685936138024931,-0.0011507014514096948,1.2697443152539027,0.0
1742,34.84,idle,locomotion,0,1.350000023841858,-0.05000000074505806,0.10973345824050044,-0.08631699216786286,-0.017756368641578937,0.7392408925161417,1.2686186532921155,-0.0011524824043836236,1.2697711356964991,0.0
1743,34.86,idle,locomotion,0,1.350000023841858,-0.05000000074505806,0.10973345824050044,-0.08634285589275148,-0.017790605402031083,0.7392664227365457,1.2686436688295881,-0.001154263486534874,1.269797932316123,0.0
1744,34.88,idle,locomotion,0,1.350000023841858,-0.05000000074505806,0.10973345824050044,-0.08636886392699235,-0.017825223049769887,0.7392919219599934,1.2686686538261225,-0.001156044907030182,1.2698246987331527,0.0
1745,34.9,idle,locomotion,0,1.350000023841858,-0.05000000074505806,0.10973345824050044,-0.08639501698594446,-0.01786021928634138,0.7393173868915881,1.268693606167151,-0.001157826842938383,1.2698514330100894,0.0
1746,34.92,idle,locomotion,0,1.350000023841858,-0.05000000074505806,0.10973345824050044,-0.08642132149153012,-0.017895586130970757,0.7393428062574717,1.268718513962267,-0.0011596092586878756,1.2698781232209548,0.0
1747,34.94,idle,locomotion,0,1.350000023841858,-0.05000000074505806,0.10973345824050044,-0.08644778492123248,-0.017931313673477067,0.7393681715486449,1.268743365982017,-0.0011613922912571233,1.2699047582732743,0.0
1748,34.96,idle,locomotion,0,1.350000023841858,-0.05000000074505806,0.10973345824050044,-0.08647440989362648,-0.017967397394147155,0.7393934842676372,1.2687681628593537,-0.0011631763458394388,1.2699313392051932,0.0
1749,34.98,idle,locomotion,0,1.350000023841858,-0.05000000074505806,0.10973345824050044,-0.08650119332082304,-0.018003836500013044,0.7394187544555767,1.268792916072254,-0.0011649614883103426,1.2699578775605642,0.0
1750,35.0,idle,locomotion,0,1.350000023841858,-0.05000000074505806,0.10973345824050044,-0.08652813581804418,-0.018040626567268403,0.739443982526745,1.2688176270115228,-0.0011667478236219685,1.2699843748351447,0.0
1751,35.02,idle,locomotion,0,1.350000023841858,-0.05000000074505806,0.10973345824050044,-0.08655523983513322,-0.01807776374147155,0.7394691680557126,1.268842294210593,-0.0011685356687950246,1.270010829879388,0.0
1752,35.04,idle,locomotion,0,1.350000023841858,-0.05000000074505806,0.10973345824050044,-0.08658250675754214,-0.018115249630776674,0.7394943067397823,1.2688669148999783,-0.0011703253401289249,1.2700372402401072,0.0
1753,35.06,idle,locomotion,0,1.350000023841858,-0.05000000074505806,0.10973345824050044,-0.08660994079376107,-0.018153076771452014,0.7395193984246641,1.2688914869907655,-0.0011721168210797883,1.2700636038118454,0.0
1754,35.08,idle,locomotion,0,1.350000023841858,-0.05000000074505806,0.10973345824050044,-0.08663754425134952,-0.018191241772539994,0.7395444536778731,1.2689160190165876,-0.0011739103577866651,1.2700899293743741,0.0
1755,35.1,idle,locomotion,0,1.350000023841858,-0.05000000074505806,0.10973345824050044,-0.0866653149040824,-0.018229744999075332,0.7395694764908936,1.268940516173481,-0.0011757062119876968,1.2701162223854687,0.0
1756,35.12,idle,locomotion,0,1.350000023841858,-0.05000000074505806,0.10973345824050044,-0.08669325619089822,-0.018268585759271497,0.7395944516819006,1.26896496397424,-0.0011775044088412692,1.2701424683830813,0.0
1757,35.14,idle,locomotion,0,1.350000023841858,-0.05000000074505806,0.10973345824050044,-0.08672137383156638,-0.01830775973860857,0.7396193768845476,1.268989356972213,-0.0011793046912488246,1.2701686616634618,0.0
1758,35.16,idle,locomotion,0,1.350000023841858,-0.05000000074505806,0.10973345824050044,-0.08674967388049419,-0.018347266981265552,0.7396442602605885,1.2690137005935247,-0.0011811075431496093,1.2701948081366743,0.0
1759,35.18,idle,locomotion,0,1.350000023841858,-0.05000000074505806,0.10973345824050044,-0.08677816088279369,-0.018387112910056555,0.739669106813243,1.269037997981054,-0.0011829134273990821,1.270220911408453,0.0
