tick,t_s,phase,task_mode,curr_motion_timestep,ball_x,ball_y,ball_z,base_x,base_y,base_z,robot_top_z,robot_bottom_z,robot_height,kick_aim_theta_deg
0,0.0,idle,locomotion,0,1.350000023841858,-0.05000000074505806,0.10989091315873106,-0.0007055163119586716,4.329155475279006e-05,0.7548205219916156,1.2868603455545191,-0.0006154918507145085,1.2874758374052335,0.0
1,0.02,idle,locomotion,0,1.350000023841858,-0.05000000074505806,0.10980902141344312,-0.002458243318044482,0.0001317709456889859,0.750996188288899,1.2829582426695922,-0.00046425700912941514,1.2834224996787216,0.0
2,0.04,idle,locomotion,0,1.350000023841858,-0.05000000074505806,0.10976503447145444,-0.004711089999085439,0.00027014386187321996,0.746061878722328,1.277814065127184,-0.0004138831387984626,1.2782279482659826,0.0
3,0.06,idle,locomotion,0,1.350000023841858,-0.05000000074505806,0.10974518062216254,-0.006993977860178433,0.00048610980110941966,0.7409448873188358,1.2723840492947611,-0.0004186674639701238,1.2728027167587312,0.0
4,0.08,idle,locomotion,0,1.350000023841858,-0.05000000074505806,0.10973731266832155,-0.009064101696263963,0.0008043438325737409,0.7362797914293049,1.2673540637797145,-0.00043546768754876286,1.2677895314672631,0.0
5,0.1,idle,locomotion,0,1.350000023841858,-0.05000000074505806,0.10973454404443848,-0.01082832124720355,0.0012395915165544248,0.7324531345550835,1.263162805050334,-0.0004617252960325696,1.2636245303463667,0.0
6,0.12,idle,locomotion,0,1.350000023841858,-0.05000000074505806,0.10973369052927323,-0.012298747384506897,0.0018079955593074664,0.7296477009454669,1.2600263304013002,-0.000485405094273212,1.2605117354955735,0.0
7,0.14,idle,locomotion,0,1.350000023841858,-0.05000000074505806,0.1097334732878534,-0.013532346866265995,0.0025101380283343534,0.7278969433279682,1.257992788111656,-0.0005020487809230846,1.258494836892579,0.0
8,0.16,idle,locomotion,0,1.350000023841858,-0.05000000074505806,0.10973343775080387,-0.01458366237044595,0.0033317004960987653,0.7271178915577491,1.2569846679233432,-0.0005117478816789624,1.2574964158050221,0.0
9,0.18,idle,locomotion,0,1.350000023841858,-0.05000000074505806,0.10973344222612894,-0.015491837915028386,0.004246123467565554,0.7271284600376242,1.2568221112441327,-0.0005151091657666432,1.2573372204098994,0.0
10,0.2,idle,locomotion,0,1.350000023841858,-0.05000000074505806,0.10973344999820983,-0.016287398143817248,0.005231342035634284,0.7277186951208234,1.257293857641632,-0.0005138752823163582,1.2578077329239483,0.0
11,0.22,idle,locomotion,0,1.350000023841858,-0.05000000074505806,0.1097334547231311,-0.017010981769748888,0.0062669680352335074,0.7286738410145036,1.2581749098787625,-0.0005102130747111806,1.2586851229534737,0.0
12,0.24,idle,locomotion,0,1.350000023841858,-0.05000000074505806,0.10973345692610834,-0.017684904942321996,0.007337263497405203,0.729798475956378,1.259259439105243,-0.0005057170985759314,1.2597651562038188,0.0
13,0.26,idle,locomotion,0,1.350000023841858,-0.05000000074505806,0.10973345780729221,-0.01831872574984714,0.008428926713768032,0.730921909025502,1.2603718475369887,-0.0005012145082652596,1.260873062045254,0.0
14,0.28,idle,locomotion,0,1.350000023841858,-0.05000000074505806,0.10973345811827714,-0.01892763272658353,0.009517075637846926,0.7319086907361255,1.2613688470722197,-0.0004972610866507826,1.2618661081588705,0.0
15,0.3,idle,locomotion,0,1.350000023841858,-0.05000000074505806,0.10973345821428342,-0.019525515067543065,0.010577441075606188,0.7326724317929858,1.2621559524629593,-0.0004950084411868456,1.262650960904146,0.0
16,0.32,idle,locomotion,0,1.350000023841858,-0.05000000074505806,0.10973345823876013,-0.02013019206078519,0.011596330478776807,0.7331819961001536,1.2626917792799897,-0.0004916553545832106,1.263183434634573,0.0
17,0.34,idle,locomotion,0,1.350000023841858,-0.05000000074505806,0.10973345824278434,-0.02073528570605324,0.012573111455614695,0.733440696725696,1.2629787501056267,-0.0004894522072810097,1.2634682023129076,0.0
18,0.36,idle,locomotion,0,1.350000023841858,-0.05000000074505806,0.10973345824229395,-0.02133880579573549,0.013502368594949537,0.733489616236031,1.2630543894358937,-0.00048808317796494166,1.2635424726138587,0.0
19,0.38,idle,locomotion,0,1.350000023841858,-0.05000000074505806,0.10973345824142507,-0.02193056682943893,0.014385323442983494,0.7333861122376144,1.262976712135921,-0.0004889311663816391,1.2634656433023026,0.0
20,0.4,idle,locomotion,0,1.350000023841858,-0.05000000074505806,0.10973345824089552,-0.02251289097637226,0.015218888026282726,0.7331837985782012,1.2627970494367802,-0.0004907552017589072,1.2632878046385392,0.0
21,0.42,idle,locomotion,0,1.350000023841858,-0.05000000074505806,0.10973345824064834,-0.023090083760687698,0.01599808621111814,0.7329285323713218,1.262558376782206,-0.0004923772591320999,1.263050754041338,0.0
22,0.44,idle,locomotion,0,1.350000023841858,-0.05000000074505806,0.10973345824054938,-0.023659667904757372,0.016719248775757773,0.7326600204148228,1.2623000551407848,-0.0004990410651272877,1.2627990962059121,0.0
23,0.46,idle,locomotion,0,1.350000023841858,-0.05000000074505806,0.10973345824051445,-0.024213589456021378,0.017380234802998284,0.7324074243442333,1.2620529348404728,-0.0005020708783222624,1.262555005718795,0.0
24,0.48,idle,locomotion,0,1.350000023841858,-0.05000000074505806,0.10973345824050364,-0.024744308049116127,0.017975132279276856,0.7321891182053345,1.2618369793796367,-0.0005037884134605174,1.2623407677930971,0.0
25,0.5,idle,locomotion,0,1.350000023841858,-0.05000000074505806,0.10973345824050088,-0.02524711466350212,0.018503245930702596,0.7320148442617492,1.2616632015471398,-0.0005048514840743923,1.2621680530312143,0.0
26,0.52,idle,locomotion,0,1.350000023841858,-0.05000000074505806,0.10973345824050044,-0.0257217894841332,0.01896604457232919,0.7318876984086427,1.2615353611753344,-0.0005057600435386389,1.2620411212188731,0.0
27,0.54,idle,locomotion,0,1.350000023841858,-0.05000000074505806,0.10973345824050044,-0.026168984959262204,0.019364982934201868,0.7318052518630884,1.2614514753749242,-0.0005069076267818183,1.261958383001706,0.0
28,0.56,idle,locomotion,0,1.350000023841858,-0.05000000074505806,0.10973345824050044,-0.02658907655388311,0.019700414705124392,0.7317591326001368,1.2614038297054484,-0.0005082487459999244,1.2619120784514484,0.0
29,0.58,idle,locomotion,0,1.350000023841858,-0.05000000074505806,0.10973345824050044,-0.026983171935079334,0.01997418667795562,0.7317322827701277,1.2613759616453117,-0.0005092674491957473,1.2618852290945075,0.0
30,0.6,idle,locomotion,0,1.350000023841858,-0.05000000074505806,0.10973345824050044,-0.027351843149474694,0.020188752035217875,0.7317122039720731,1.2613555595025405,-0.0005096756631708908,1.2618652351657114,0.0
31,0.62,idle,locomotion,0,1.350000023841858,-0.05000000074505806,0.10973345824050044,-0.027694976080713963,0.020344001697576518,0.7316951592897928,1.2613389988320916,-0.0005095177896393688,1.2618485166217308,0.0
32,0.64,idle,locomotion,0,1.350000023841858,-0.05000000074505806,0.10973345824050044,-0.02801257427682604,0.020441753890474104,0.7316806238853183,1.2613257126184285,-0.0005087138921863119,1.2618344265106147,0.0
33,0.66,idle,locomotion,0,1.350000023841858,-0.05000000074505806,0.10973345824050044,-0.02830480403278446,0.020485080557450228,0.7316691703109729,1.2613162799419184,-0.0005070277708383308,1.2618233077127567,0.0
34,0.68,idle,locomotion,0,1.350000023841858,-0.05000000074505806,0.10973345824050044,-0.028572288964370897,0.02047948952203501,0.7316591636953877,1.2613091568546744,-0.000505126754625794,1.2618142836093003,0.0
35,0.7,idle,locomotion,0,1.350000023841858,-0.05000000074505806,0.10973345824050044,-0.028815853384814707,0.02042835452055138,0.7316470748874231,1.2613008100880765,-0.0005041097734627617,1.2618049198615393,0.0
36,0.72,idle,locomotion,0,1.350000023841858,-0.05000000074505806,0.10973345824050044,-0.02903614805763116,0.020335731408471985,0.7316305562045313,1.2612888774144253,-0.0005031107728689851,1.2617919881872943,0.0
37,0.74,idle,locomotion,0,1.350000023841858,-0.05000000074505806,0.10973345824050044,-0.029234105335729593,0.020205305145177262,0.731608688992457,1.2612723031622284,-0.0005021143294422215,1.2617744174916705,0.0
38,0.76,idle,locomotion,0,1.350000023841858,-0.05000000074505806,0.10973345824050044,-0.02941123224366282,0.020041803038590513,0.7315820299593767,1.261251380251124,-0.0005010846551538259,1.261752464906278,0.0
39,0.78,idle,locomotion,0,1.350000023841858,-0.05000000074505806,0.10973345824050044,-0.029569804130621814,0.019851953724775367,0.7315525832646204,1.2612277413561357,-0.0005020860979372266,1.261729827454073,0.0
40,0.8,idle,locomotion,0,1.350000023841858,-0.05000000074505806,0.10973345824050044,-0.029711300287427193,0.01964016979275453,0.7315218968101292,1.2612027935828698,-0.0005032322400335618,1.2617060258229034,0.0
41,0.82,idle,locomotion,0,1.350000023841858,-0.05000000074505806,0.10973345824050044,-0.029836725669119185,0.019410088815867234,0.73149090725194,1.2611774122665131,-0.0005036684366359241,1.261681080703149,0.0
42,0.84,idle,locomotion,0,1.350000023841858,-0.05000000074505806,0.10973345824050044,-0.02994787011054296,0.01916618225463424,0.7314603406818639,1.2611520738864144,-0.0005044128621723987,1.2616564867485867,0.0
43,0.86,idle,locomotion,0,1.350000023841858,-0.05000000074505806,0.10973345824050044,-0.03004626260668055,0.01891241238482049,0.7314305829114666,1.2611269200771995,-0.0005051162054484984,1.261632036282648,0.0
44,0.88,idle,locomotion,0,1.350000023841858,-0.05000000074505806,0.10973345824050044,-0.03013301161220638,0.018652770734806895,0.7314019959672511,1.2611022304618495,-0.0005057339656972352,1.2616079644275469,0.0
45,0.9,idle,locomotion,0,1.350000023841858,-0.05000000074505806,0.10973345824050044,-0.03020890358220008,0.0183908658659116,0.7313747167151348,1.2610781707680265,-0.0005059975253702137,1.2615841682933968,0.0
46,0.92,idle,locomotion,0,1.350000023841858,-0.05000000074505806,0.10973345824050044,-0.03027465158407101,0.018129858676165386,0.7313487540572745,1.2610548104196944,-0.0005060125786388314,1.2615608229983333,0.0
47,0.94,idle,locomotion,0,1.350000023841858,-0.05000000074505806,0.10973345824050044,-0.030331308360063057,0.017873185933430607,0.7313244014207588,1.2610324597426745,-0.0005066063152522754,1.2615390660579269,0.0
48,0.96,idle,locomotion,0,1.350000023841858,-0.05000000074505806,0.10973345824050044,-0.030379562141266706,0.01762356172572505,0.7313014969090829,1.2610110553016665,-0.0005071209876182682,1.2615181762892846,0.0
49,0.98,idle,locomotion,0,1.350000023841858,-0.05000000074505806,0.10973345824050044,-0.030419965772365956,0.017383319340196067,0.7312797581671902,1.2609904182683822,-0.0005073473917807034,1.261497765660163,0.0
50,1.0,idle,locomotion,0,1.350000023841858,-0.05000000074505806,0.10973345824050044,-0.030453128827986984,0.01715474123909706,0.7312589998897896,1.2609704358883653,-0.0005073908006748562,1.26147782668904,0.0
51,1.02,idle,locomotion,0,1.350000023841858,-0.05000000074505806,0.10973345824050044,-0.030479709507614357,0.01694006220781516,0.7312391661810369,1.2609511126237918,-0.0005073812099717495,1.2614584938337636,0.0
52,1.04,idle,locomotion,0,1.350000023841858,-0.05000000074505806,0.10973345824050044,-0.030500338316343592,0.01674135754729167,0.7312203902886446,1.260932609448415,-0.000507386752650222,1.2614399962010652,0.0
53,1.06,idle,locomotion,0,1.350000023841858,-0.05000000074505806,0.10973345824050044,-0.03051560783751361,0.016560316280901648,0.7312030425451455,1.2609153069824033,-0.0005074174580222794,1.2614227244404255,0.0
54,1.08,idle,locomotion,0,1.350000023841858,-0.05000000074505806,0.10973345824050044,-0.030526067266390344,0.01639795867743571,0.7311874807895489,1.260899566121453,-0.0005074525152330284,1.2614070186366861,0.0
55,1.1,idle,locomotion,0,1.350000023841858,-0.05000000074505806,0.10973345824050044,-0.03053221765803959,0.016254867808978186,0.7311738380690066,1.2608855215724613,-0.0005074784694390488,1.2613930000419002,0.0
56,1.12,idle,locomotion,0,1.350000023841858,-0.05000000074505806,0.10973345824050044,-0.03053452199662453,0.01613133231515172,0.7311621477049887,1.2608732328444152,-0.0005075061554010406,1.2613807389998162,0.0
57,1.14,idle,locomotion,0,1.350000023841858,-0.05000000074505806,0.10973345824050044,-0.030533403605677138,0.01602729504894802,0.7311522977851475,1.2608626118301183,-0.0005075618490326082,1.261370173679151,0.0
58,1.16,idle,locomotion,0,1.350000023841858,-0.05000000074505806,0.10973345824050044,-0.03052928550014366,0.015942393796976456,0.731144162697155,1.2608535562655347,-0.0005076285120003757,1.2613611847775352,0.0
59,1.18,idle,locomotion,0,1.350000023841858,-0.05000000074505806,0.10973345824050044,-0.030522577178196866,0.0158760982762426,0.7311375807803004,1.2608459307038793,-0.0005076915401442984,1.2613536222440236,0.0
60,1.2,idle,locomotion,0,1.350000023841858,-0.05000000074505806,0.10973345824050044,-0.030513672053078558,0.01582770587553848,0.7311323619343364,1.2608395708246607,-0.0005077447235376266,1.2613473155481982,0.0
61,1.22,idle,locomotion,0,1.350000023841858,-0.05000000074505806,0.10973345824050044,-0.03050294807417997,0.01579636003287704,0.7311283110988586,1.260834304910055,-0.0005077860871529755,1.261342090997208,0.0
62,1.24,idle,locomotion,0,1.350000023841858,-0.05000000074505806,0.10973345824050044,-0.0304907694199137,0.01578107622731291,0.7311252176875381,1.2608299476173055,-0.000507811849272781,1.2613377594665782,0.0
63,1.26,idle,locomotion,0,1.350000023841858,-0.05000000074505806,0.10973345824050044,-0.03047754412178273,0.015780677791121057,0.7311224539119183,1.2608259089565481,-0.0005077955246580203,1.261333704481206,0.0
64,1.28,idle,locomotion,0,1.350000023841858,-0.05000000074505806,0.10973345824050044,-0.030463687532578426,0.015793519226695335,0.7311194444937666,1.2608216122635156,-0.000507764280804842,1.2613293765443205,0.0
65,1.3,idle,locomotion,0,1.350000023841858,-0.05000000074505806,0.10973345824050044,-0.030449552233486315,0.01581798498597075,0.7311160762487777,1.2608169444033686,-0.000507730293659369,1.261324674697028,0.0
66,1.32,idle,locomotion,0,1.350000023841858,-0.05000000074505806,0.10973345824050044,-0.030435458818616014,0.015852577292640804,0.7311123605457255,1.2608119196237892,-0.0005076933162053883,1.2613196129399946,0.0
67,1.34,idle,locomotion,0,1.350000023841858,-0.05000000074505806,0.10973345824050044,-0.030421700206134297,0.015895922022517044,0.7311083303102476,1.260806575451858,-0.0005076527467498433,1.2613142281986078,0.0
68,1.36,idle,locomotion,0,1.350000023841858,-0.05000000074505806,0.10973345824050044,-0.030408540089367782,0.015946835419192017,0.731103868836396,1.2608008227260157,-0.0005076122183965137,1.2613084349444121,0.0
69,1.38,idle,locomotion,0,1.350000023841858,-0.05000000074505806,0.10973345824050044,-0.03039621018059247,0.016004384772527754,0.7310986239260764,1.2607943592946322,-0.0005075834424925797,1.2613019427371248,0.0
70,1.4,idle,locomotion,0,1.350000023841858,-0.05000000074505806,0.10973345824050044,-0.03038493913482237,0.016067671726640174,0.7310925206839171,1.260787138444336,-0.0005075632102293989,1.2612947016545655,0.0
71,1.42,idle,locomotion,0,1.350000023841858,-0.05000000074505806,0.10973345824050044,-0.030374962778827366,0.01613582083976414,0.7310856622262765,1.260779266658463,-0.0005075468695599564,1.2612868135280229,0.0
72,1.44,idle,locomotion,0,1.350000023841858,-0.05000000074505806,0.10973345824050044,-0.030366499003396222,0.016207971730943824,0.7310782314035905,1.260770913584801,-0.0005075322844238957,1.261278445869225,0.0
73,1.46,idle,locomotion,0,1.350000023841858,-0.05000000074505806,0.10973345824050044,-0.030359727992458816,0.01628327790207969,0.731070420224083,1.260762252716764,-0.0005075184486984796,1.2612697711654624,0.0
74,1.48,idle,locomotion,0,1.350000023841858,-0.05000000074505806,0.10973345824050044,-0.030354779877047502,0.016360921091307143,0.7310623959982802,1.260753436140644,-0.0005075052197431734,1.2612609413603872,0.0
75,1.5,idle,locomotion,0,1.350000023841858,-0.05000000074505806,0.10973345824050044,-0.030351736909291653,0.016440130032612806,0.7310542788442156,1.2607445630054894,-0.0005074917212771236,1.2612520547267665,0.0
76,1.52,idle,locomotion,0,1.350000023841858,-0.05000000074505806,0.10973345824050044,-0.0303506539845963,0.016520116588822707,0.7310462309125989,1.2607357831824482,-0.0005074781132806232,1.2612432612957287,0.0
77,1.54,idle,locomotion,0,1.350000023841858,-0.05000000074505806,0.10973345824050044,-0.030351533659228984,0.016600173071557218,0.7310383486643504,1.26072718877039,-0.0005074647854496142,1.2612346535558396,0.0
78,1.56,idle,locomotion,0,1.350000023841858,-0.05000000074505806,0.10973345824050044,-0.030354350258219892,0.01667965514666621,0.7310307068013248,1.2607188470919777,-0.0005074517033897101,1.2612262987953673,0.0
79,1.58,idle,locomotion,0,1.350000023841858,-0.05000000074505806,0.10973345824050044,-0.030359070192091882,0.016757941374810608,0.7310233895719579,1.2607108313272932,-0.0005074386825740969,1.2612182700098673,0.0
80,1.6,idle,locomotion,0,1.350000023841858,-0.05000000074505806,0.10973345824050044,-0.030365633611922627,0.016834496232117455,0.7310164454007708,1.26070318607706,-0.0005074257771256335,1.2612106118541855,0.0
81,1.62,idle,locomotion,0,1.350000023841858,-0.05000000074505806,0.10973345824050044,-0.030373970053100337,0.016908836353288385,0.7310099143643336,1.2606959446005814,-0.0005074129787091888,1.2612033575792907,0.0
82,1.64,idle,locomotion,0,1.350000023841858,-0.05000000074505806,0.10973345824050044,-0.030383997824877926,0.016980532912243093,0.731003825227769,1.2606891336526453,-0.0005074004305880425,1.2611965340832334,0.0
83,1.66,idle,locomotion,0,1.350000023841858,-0.05000000074505806,0.10973345824050044,-0.030395611412151562,0.01704927160937371,0.7309981610296563,1.2606827416057036,-0.0005073882496873967,1.261190129855391,0.0
84,1.68,idle,locomotion,0,1.350000023841858,-0.05000000074505806,0.10973345824050044,-0.03040872407033874,0.017114732817433424,0.7309929591396842,1.2606768007439226,-0.0005073765270060086,1.2611841772709287,0.0
85,1.7,idle,locomotion,0,1.350000023841858,-0.05000000074505806,0.10973345824050044,-0.030423235948447272,0.017176715111115817,0.7309881926465452,1.2606712838394196,-0.0005073652445298435,1.2611786490839494,0.0
86,1.72,idle,locomotion,0,1.350000023841858,-0.05000000074505806,0.10973345824050044,-0.030439052389040648,0.01723504664824516,0.7309838403702642,1.2606661708311684,-0.0005073550037212812,1.2611735258348897,0.0
87,1.74,idle,locomotion,0,1.350000023841858,-0.05000000074505806,0.10973345824050044,-0.030456062836771436,0.01728967890801804,0.7309797659761543,1.2606613505533697,-0.0005073463136938995,1.2611686968670637,0.0
88,1.76,idle,locomotion,0,1.350000023841858,-0.05000000074505806,0.10973345824050044,-0.03047416331151152,0.017340626231066282,0.7309758546367471,1.2606567180824446,-0.0005073394534891688,1.2611640575359337,0.0
89,1.78,idle,locomotion,0,1.350000023841858,-0.05000000074505806,0.10973345824050044,-0.03049327302639949,0.017387942790950614,0.7309720518803192,1.2606522242335612,-0.0005073345286644784,1.2611595587622257,0.0
90,1.8,idle,locomotion,0,1.350000023841858,-0.05000000074505806,0.10973345824050044,-0.03051331519539817,0.01743170762577739,0.7309683438192038,1.2606478624277946,-0.0005073311633589477,1.2611551935911536,0.0
91,1.82,idle,locomotion,0,1.350000023841858,-0.05000000074505806,0.10973345824050044,-0.030534218838388787,0.017472038749366866,0.7309647235042066,1.2606436216606647,-0.0005073291028541704,1.2611509507635188,0.0
92,1.84,idle,locomotion,0,1.350000023841858,-0.05000000074505806,0.10973345824050044,-0.030555915633123418,0.017509058284906454,0.7309611836954825,1.2606394905797793,-0.0005073284410925007,1.261146819020872,0.0
93,1.86,idle,locomotion,0,1.350000023841858,-0.05000000074505806,0.10973345824050044,-0.030578340604582182,0.017542892027144468,0.7309577303550266,1.260635474245315,-0.0005073289888841599,1.2611428032341991,0.0
94,1.88,idle,locomotion,0,1.350000023841858,-0.05000000074505806,0.10973345824050044,-0.03060143303750026,0.017573693571353178,0.7309543538802857,1.2606315526296774,-0.0005073302533198237,1.2611388828829972,0.0
95,1.9,idle,locomotion,0,1.350000023841858,-0.05000000074505806,0.10973345824050044,-0.030625138094384045,0.017601622844560103,0.7309510667893728,1.260627738266536,-0.0005073319732959783,1.261135070239832,0.0
96,1.92,idle,locomotion,0,1.350000023841858,-0.05000000074505806,0.10973345824050044,-0.030649391080062958,0.017626896195347092,0.7309478445649832,1.2606240027260807,-0.0005073342827429037,1.2611313370088235,0.0
97,1.94,idle,locomotion,0,1.350000023841858,-0.05000000074505806,0.10973345824050044,-0.030674138394174464,0.01764970656350727,0.7309447072706847,1.2606203658201631,-0.000507337163214678,1.2611277029833778,0.0
98,1.96,idle,locomotion,0,1.350000023841858,-0.05000000074505806,0.10973345824050044,-0.03069931725782932,0.017670285438773622,0.7309416330199985,1.2606168036659184,-0.000507340649728568,1.261124144315647,0.0
99,1.98,idle,locomotion,0,1.350000023841858,-0.05000000074505806,0.10973345824050044,-0.030724876406630616,0.017688837336629237,0.7309386344639628,1.2606133265763098,-0.0005073446945305891,1.2611206712708403,0.0
100,2.0,idle,locomotion,0,1.350000023841858,-0.05000000074505806,0.10973345824050044,-0.030750756441475235,0.017705605291643882,0.7309356981461963,1.260609925539066,-0.00050734947483232,1.2611172750138981,0.0
101,2.02,idle,locomotion,0,1.350000023841858,-0.05000000074505806,0.10973345824050044,-0.03077690657580557,0.01772079689568207,0.7309328192220735,1.260606591403123,-0.0005073545837089855,1.261113945986832,0.0
102,2.04,idle,locomotion,0,1.350000023841858,-0.05000000074505806,0.10973345824050044,-0.0308032859799857,0.01773460196303178,0.7309299952706717,1.2606033165199113,-0.0005073600926321226,1.2611106766125435,0.0
103,2.06,idle,locomotion,0,1.350000023841858,-0.05000000074505806,0.10973345824050044,-0.030829855076532457,0.01774721592440334,0.7309272325570574,1.260600109067751,-0.000507366218957056,1.261107475286708,0.0
104,2.08,idle,locomotion,0,1.350000023841858,-0.05000000074505806,0.10973345824050044,-0.030856568816463443,0.01775883213371875,0.7309245190846256,1.2605969557773755,-0.0005073725695671077,1.2611043283469425,0.0
105,2.1,idle,locomotion,0,1.350000023841858,-0.05000000074505806,0.10973345824050044,-0.030883387832785936,0.017769623506890066,0.7309218564609853,1.2605938584840266,-0.0005073792625099084,1.2611012377465365,0.0
106,2.12,idle,locomotion,0,1.350000023841858,-0.05000000074505806,0.10973345824050044,-0.030910278553785343,0.017779741940809543,0.7309192425971631,1.2605908127000611,-0.0005073856400330083,1.2610981983400942,0.0
107,2.14,idle,locomotion,0,1.350000023841858,-0.05000000074505806,0.10973345824050044,-0.030937213130521887,0.01778933796868742,0.7309166729716777,1.260587809369799,-0.0005073923952395171,1.2610952017650385,0.0
108,2.16,idle,locomotion,0,1.350000023841858,-0.05000000074505806,0.10973345824050044,-0.03096416151862823,0.017798549648190234,0.730914146847232,1.2605848523160907,-0.0005073992886692746,1.26109225160476,0.0
109,2.18,idle,locomotion,0,1.350000023841858,-0.05000000074505806,0.10973345824050044,-0.030991100340043733,0.017807491006895115,0.7309116699243097,1.2605819416090933,-0.0005074059709943325,1.2610893475800877,0.0
110,2.2,idle,locomotion,0,1.350000023841858,-0.05000000074505806,0.10973345824050044,-0.031018005154947192,0.01781627975914122,0.7309092310314148,1.2605790693397847,-0.0005074125408950012,1.2610864818806797,0.0
111,2.22,idle,locomotion,0,1.350000023841858,-0.05000000074505806,0.10973345824050044,-0.031044862017457455,0.01782499789009371,0.7309068354523406,1.2605762343477374,-0.000507418918309837,1.2610836532660472,0.0
112,2.24,idle,locomotion,0,1.350000023841858,-0.05000000074505806,0.10973345824050044,-0.031071658162841163,0.017833721834562177,0.7309044789006229,1.2605734301714937,-0.000507425914761276,1.261080856086255,0.0
113,2.26,idle,locomotion,0,1.350000023841858,-0.05000000074505806,0.10973345824050044,-0.031098373615352132,0.017842538730187485,0.7309021627549896,1.2605706658750717,-0.00050743684311454,1.2610781027181863,0.0
114,2.28,idle,locomotion,0,1.350000023841858,-0.05000000074505806,0.10973345824050044,-0.031124997925015038,0.017851496730067914,0.730899903249386,1.2605679479572722,-0.0005074495752068961,1.261075397532479,0.0
115,2.3,idle,locomotion,0,1.350000023841858,-0.05000000074505806,0.10973345824050044,-0.031151512345441723,0.017860683262139056,0.7308976808661896,1.2605652637555438,-0.000507462931637493,1.2610727266871813,0.0
116,2.32,idle,locomotion,0,1.350000023841858,-0.05000000074505806,0.10973345824050044,-0.03117790642075846,0.017870135979169605,0.7308955000161131,1.2605626148408133,-0.0005074757755903006,1.2610700906164036,0.0
117,2.34,idle,locomotion,0,1.350000023841858,-0.05000000074505806,0.10973345824050044,-0.031204175652720614,0.017879886172242086,0.7308933635883994,1.2605600009176618,-0.0005074880685992933,1.2610674889862612,0.0
118,2.36,idle,locomotion,0,1.350000023841858,-0.05000000074505806,0.10973345824050044,-0.03123031098786409,0.017889972407802743,0.7308912675460086,1.2605574232912289,-0.0005074998881557276,1.2610649231793847,0.0
119,2.38,idle,locomotion,0,1.350000023841858,-0.05000000074505806,0.10973345824050044,-0.0312563089923181,0.01790041289634254,0.7308892150973316,1.2605548803153854,-0.0005075110657492485,1.2610623913811347,0.0
120,2.4,idle,locomotion,0,1.350000023841858,-0.05000000074505806,0.10973345824050044,-0.03128216426705306,0.017911230164612362,0.7308872068294106,1.2605523778363,-0.000507521758391534,1.2610598995946916,0.0
121,2.42,idle,locomotion,0,1.350000023841858,-0.05000000074505806,0.10973345824050044,-0.03130787661398458,0.01792243283363882,0.7308852430928655,1.2605499105869933,-0.0005075319515386346,1.261057442538532,0.0
122,2.44,idle,locomotion,0,1.350000023841858,-0.05000000074505806,0.10973345824050044,-0.03133344573779562,0.0179340235735997,0.730883326985527,1.2605474839279796,-0.0005075416423362122,1.2610550255703157,0.0
123,2.46,idle,locomotion,0,1.350000023841858,-0.05000000074505806,0.10973345824050044,-0.031358865930848565,0.017946012617177758,0.7308814545140286,1.2605450965143128,-0.0005075508289007422,1.2610526473432135,0.0
124,2.48,idle,locomotion,0,1.350000023841858,-0.05000000074505806,0.10973345824050044,-0.03138413774071669,0.017958385977078186,0.7308796320188296,1.26054275028572,-0.0005075595108838364,1.261050309796604,0.0
125,2.5,idle,locomotion,0,1.350000023841858,-0.05000000074505806,0.10973345824050044,-0.03140925977765241,0.0179711344431744,0.7308778597605521,1.2605404491273136,-0.0005075677559720597,1.2610480168832856,0.0
126,2.52,idle,locomotion,0,1.350000023841858,-0.05000000074505806,0.10973345824050044,-0.03143422975061616,0.0179842535886163,0.730876133475898,1.2605381914925178,-0.0005075755126174447,1.2610457670051352,0.0
127,2.54,idle,locomotion,0,1.350000023841858,-0.05000000074505806,0.10973345824050044,-0.031459052593231174,0.01799772016386326,0.7308744583287734,1.2605359763995079,-0.0005075829010416262,1.2610435593005496,0.0
128,2.56,idle,locomotion,0,1.350000023841858,-0.05000000074505806,0.10973345824050044,-0.03148373070912684,0.01801151368837796,0.7308728365966412,1.260533809216483,-0.0005075898980740137,1.261041399114557,0.0
129,2.58,idle,locomotion,0,1.350000023841858,-0.05000000074505806,0.10973345824050044,-0.03150826236397721,0.01802562296140503,0.7308712646909801,1.2605316890287268,-0.0005075965662259228,1.2610392855949528,0.0
130,2.6,idle,locomotion,0,1.350000023841858,-0.05000000074505806,0.10973345824050044,-0.03153265198655255,0.018040015932471027,0.7308697496698744,1.2605296172915734,-0.0005076027979870924,1.2610372200895605,0.0
131,2.62,idle,locomotion,0,1.350000023841858,-0.05000000074505806,0.10973345824050044,-0.03155690061486165,0.018054669631359262,0.7308682929439757,1.260527598465892,-0.0005076086219009297,1.2610352070877928,0.0
132,2.64,idle,locomotion,0,1.350000023841858,-0.05000000074505806,0.10973345824050044,-0.031581004038859585,0.018069575511071703,0.7308668820369505,1.2605256252808559,-0.0005076142232351422,1.261033239504091,0.0
133,2.66,idle,locomotion,0,1.350000023841858,-0.05000000074505806,0.10973345824050044,-0.03160497220780895,0.018084680322477655,0.7308655388458084,1.2605237115444117,-0.0005076192151385953,1.2610313307595502,0.0
134,2.68,idle,locomotion,0,1.350000023841858,-0.05000000074505806,0.10973345824050044,-0.03162880966486857,0.01809997648819925,0.7308642472969258,1.2605218456299399,-0.0005076242735420379,1.2610294699034819,0.0
135,2.7,idle,locomotion,0,1.350000023841858,-0.05000000074505806,0.10973345824050044,-0.03165251966148118,0.01811543404683247,0.7308630166203108,1.2605200393844211,-0.0005076289078950295,1.2610276682923163,0.0
136,2.72,idle,locomotion,0,1.350000023841858,-0.05000000074505806,0.10973345824050044,-0.03167610332499144,0.018131033955181262,0.7308618445147473,1.26051828520116,-0.000507633299512613,1.2610259185006727,0.0
137,2.74,idle,locomotion,0,1.350000023841858,-0.05000000074505806,0.10973345824050044,-0.03169955908082672,0.018146759908823765,0.7308607233917012,1.2605165802434224,-0.0005076374630350877,1.2610242177064575,0.0
138,2.76,idle,locomotion,0,1.350000023841858,-0.05000000074505806,0.10973345824050044,-0.03172288716034719,0.01816258179081351,0.730859673113959,1.2605149442693402,-0.0005076412087699836,1.26102258547811,0.0
139,2.78,idle,locomotion,0,1.350000023841858,-0.05000000074505806,0.10973345824050044,-0.03174608588536391,0.018178500209151773,0.730858679976051,1.26051336374836,-0.00050764502858687,1.261021008776947,0.0
140,2.8,idle,locomotion,0,1.350000023841858,-0.05000000074505806,0.10973345824050044,-0.03176916306054961,0.018194481857978295,0.7308577473828967,1.2605118383907168,-0.0005076486534485586,1.2610194870441653,0.0
141,2.82,idle,locomotion,0,1.350000023841858,-0.05000000074505806,0.10973345824050044,-0.031792118629083176,0.018210516161840915,0.730856873653311,1.2605103719497386,-0.0005076520323712003,1.2610180239821098,0.0
142,2.84,idle,locomotion,0,1.350000023841858,-0.05000000074505806,0.10973345824050044,-0.031814950403051934,0.018226587378419503,0.7308560615259589,1.26050896544969,-0.0005076551531246649,1.2610166206028146,0.0
143,2.86,idle,locomotion,0,1.350000023841858,-0.05000000074505806,0.10973345824050044,-0.03183765759722518,0.01824268017917415,0.7308553111557513,1.260507620042844,-0.0005076580237921291,1.2610152780666362,0.0
144,2.88,idle,locomotion,0,1.350000023841858,-0.05000000074505806,0.10973345824050044,-0.031860241455401735,0.01825878397849679,0.7308546186179053,1.260506331908921,-0.0005076608756225259,1.2610139927845434,0.0
145,2.9,idle,locomotion,0,1.350000023841858,-0.05000000074505806,0.10973345824050044,-0.0318827054638469,0.018274879426411084,0.7308539890238089,1.2605051059057495,-0.0005076634301762577,1.2610127693359257,0.0
146,2.92,idle,locomotion,0,1.350000023841858,-0.05000000074505806,0.10973345824050044,-0.03190505062575243,0.01829095517798801,0.7308534200166753,1.2605039400494977,-0.0005076657319651075,1.2610116057814629,0.0
147,2.94,idle,locomotion,0,1.350000023841858,-0.05000000074505806,0.10973345824050044,-0.0319272781880873,0.018306998062620233,0.730852910249262,1.2605028345444753,-0.0005076678570966782,1.261010502401572,0.0
148,2.96,idle,locomotion,0,1.350000023841858,-0.05000000074505806,0.10973345824050044,-0.031949393330275036,0.018322987668562225,0.7308524661830632,1.2605017914640944,-0.0005076696517261267,1.2610094611158205,0.0
149,2.98,idle,locomotion,0,1.350000023841858,-0.05000000074505806,0.10973345824050044,-0.03197139685354219,0.018338927055109016,0.7308520783712049,1.2605008048566395,-0.0005076717667321755,1.2610084766233718,0.0
150,3.0,idle,locomotion,0,1.350000023841858,-0.05000000074505806,0.10973345824050044,-0.03199328979443771,0.01835480173379214,0.7308517503951576,1.2604998817284583,-0.0005076734396495496,1.261007555168108,0.0
151,3.02,idle,locomotion,0,1.350000023841858,-0.05000000074505806,0.10973345824050044,-0.03201507410290925,0.01837060662878732,0.7308514734113768,1.260499006393579,-0.000507675242146028,1.261006681635725,0.0
152,3.04,idle,locomotion,0,1.350000023841858,-0.05000000074505806,0.10973345824050044,-0.03203675224290716,0.018386327845538106,0.7308512655444446,1.260498204286143,-0.0005076768005826439,1.2610058810867257,0.0
153,3.06,idle,locomotion,0,1.350000023841858,-0.05000000074505806,0.10973345824050044,-0.03205832323095876,0.018401978942230054,0.7308511136902764,1.2604974559794142,-0.0005076784711606185,1.2610051344505748,0.0
154,3.08,idle,locomotion,0,1.350000023841858,-0.05000000074505806,0.10973345824050044,-0.03207978610781537,0.018417551061600645,0.7308510195654716,1.2604967686235653,-0.0005076797186698394,1.2610044483422351,0.0
155,3.1,idle,locomotion,0,1.350000023841858,-0.05000000074505806,0.10973345824050044,-0.032101137742579874,0.01843304160754516,0.7308509810143814,1.2604961389007097,-0.000507680871002697,1.2610038197717124,0.0
156,3.12,idle,locomotion,0,1.350000023841858,-0.05000000074505806,0.10973345824050044,-0.032122379902202916,0.018448451092231775,0.730850996705955,1.2604955633555792,-0.0005076821866722737,1.2610032455422515,0.0
157,3.14,idle,locomotion,0,1.350000023841858,-0.05000000074505806,0.10973345824050044,-0.03214351151835737,0.01846377965258454,0.7308510690713304,1.260495049629699,-0.0005076833083516377,1.2610027329380507,0.0
158,3.16,idle,locomotion,0,1.350000023841858,-0.05000000074505806,0.10973345824050044,-0.03216452673817464,0.01847903573781243,0.7308511950940363,1.2604945930574825,-0.0005076841927279807,1.2610022772502105,0.0
159,3.18,idle,locomotion,0,1.350000023841858,-0.05000000074505806,0.10973345824050044,-0.03218542028158573,0.018494220143523515,0.7308513807280609,1.2604942017846599,-0.0005076849075976511,1.2610018866922574,0.0
160,3.2,idle,locomotion,0,1.350000023841858,-0.05000000074505806,0.10973345824050044,-0.03220618978759392,0.018509341655431256,0.730851617321463,1.2604938673420172,-0.0005076854793583038,1.2610015528213754,0.0
161,3.22,idle,locomotion,0,1.350000023841858,-0.05000000074505806,0.10973345824050044,-0.032226837644094494,0.01852439231414206,0.7308519126005575,1.260493597885837,-0.0005076858395593187,1.2610012837253963,0.0
162,3.24,idle,locomotion,0,1.350000023841858,-0.05000000074505806,0.10973345824050044,-0.03224736314415373,0.018539381024161528,0.7308522603524711,1.2604933890992849,-0.0005076862158296461,1.2610010753151146,0.0
163,3.26,idle,locomotion,0,1.350000023841858,-0.05000000074505806,0.10973345824050044,-0.03226777227127836,0.018554301942354617,0.7308526628161115,1.2604932382248824,-0.000507686596985045,1.2610009248218674,0.0
164,3.28,idle,locomotion,0,1.350000023841858,-0.05000000074505806,0.10973345824050044,-0.03228807086162628,0.01856914962520172,0.7308531176891297,1.2604931446088723,-0.00050768679583078,1.261000831404703,0.0
165,3.3,idle,locomotion,0,1.350000023841858,-0.05000000074505806,0.10973345824050044,-0.032308259566727025,0.01858392774582594,0.7308536199130296,1.260493104944495,-0.0005076868015909189,1.261000791746086,0.0
166,3.32,idle,locomotion,0,1.350000023841858,-0.05000000074505806,0.10973345824050044,-0.03232834079665629,0.018598635794648172,0.7308541713086333,1.2604931192096729,-0.0005076868575242567,1.261000806067197,0.0
167,3.34,idle,locomotion,0,1.350000023841858,-0.05000000074505806,0.10973345824050044,-0.03234832311567648,0.018613263053524655,0.7308547728690493,1.2604931858637092,-0.0005076868779321474,1.2610008727416413,0.0
168,3.36,idle,locomotion,0,1.350000023841858,-0.05000000074505806,0.10973345824050044,-0.032368210588763165,0.018627813564853518,0.7308554268012302,1.260493310915786,-0.0005076866736515515,1.2610009975894376,0.0
169,3.38,idle,locomotion,0,1.350000023841858,-0.05000000074505806,0.10973345824050044,-0.032387997731597735,0.018642309077738874,0.7308561201581386,1.2604934800666687,-0.0005076867296932297,1.2610011667963619,0.0
170,3.4,idle,locomotion,0,1.350000023841858,-0.05000000074505806,0.10973345824050044,-0.03240769277180022,0.018656718191510074,0.7308568690617943,1.2604937070285749,-0.000507686212156782,1.2610013932407316,0.0
171,3.42,idle,locomotion,0,1.350000023841858,-0.05000000074505806,0.10973345824050044,-0.032427289400893,0.018671081719653888,0.7308576657161234,1.2604939908977546,-0.0005076859792512781,1.2610016768770058,0.0
172,3.44,idle,locomotion,0,1.350000023841858,-0.05000000074505806,0.10973345824050044,-0.03244678738382908,0.018685390089296025,0.7308585109735931,1.260494325110259,-0.0005076853611650188,1.261002010471424,0.0
173,3.46,idle,locomotion,0,1.350000023841858,-0.05000000074505806,0.10973345824050044,-0.03246618161070963,0.018699661262394775,0.7308593932462273,1.2604947070461083,-0.0005076847168572103,1.2610023917629656,0.0
174,3.48,idle,locomotion,0,1.350000023841858,-0.05000000074505806,0.10973345824050044,-0.03248547771753189,0.018713877976196707,0.7308603232711881,1.2604951395450172,-0.0005076838449416879,1.2610028233899588,0.0
175,3.5,idle,locomotion,0,1.350000023841858,-0.05000000074505806,0.10973345824050044,-0.03250467262492796,0.018728059569101535,0.7308612953029754,1.2604956242164511,-0.0005076829919327189,1.261003307208384,0.0
176,3.52,idle,locomotion,0,1.350000023841858,-0.05000000074505806,0.10973345824050044,-0.03252376655985663,0.018742210269168114,0.7308623113043103,1.2604961570422912,-0.0005076821618246151,1.2610038392041159,0.0
177,3.54,idle,locomotion,0,1.350000023841858,-0.05000000074505806,0.10973345824050044,-0.0325427581135609,0.018756325128815508,0.730863371899182,1.26049674076963,-0.0005076809972561942,1.261004421766886,0.0
178,3.56,idle,locomotion,0,1.350000023841858,-0.05000000074505806,0.10973345824050044,-0.032561630169869564,0.018770417571172857,0.7308644802393662,1.2604973864343736,-0.0005076795310532956,1.2610050659654268,0.0
179,3.58,idle,locomotion,0,1.350000023841858,-0.05000000074505806,0.10973345824050044,-0.032580364547721334,0.018784486826608805,0.7308656376049871,1.2604981013665781,-0.0005076777268511745,1.2610057790934293,0.0
180,3.6,idle,locomotion,0,1.350000023841858,-0.05000000074505806,0.10973345824050044,-0.0325989622500639,0.01879852053355157,0.7308668506425462,1.260498893612711,-0.0005076755191752956,1.2610065691318864,0.0
181,3.62,idle,locomotion,0,1.350000023841858,-0.05000000074505806,0.10973345824050044,-0.03261742607363801,0.01881253105588225,0.7308681149728791,1.2604997645814222,-0.0005076732403417883,1.261007437821764,0.0
182,3.64,idle,locomotion,0,1.350000023841858,-0.05000000074505806,0.10973345824050044,-0.03263576980545673,0.018826522084830533,0.7308694163905318,1.2605006900560827,-0.000507671395886769,1.2610083614519694,0.0
183,3.66,idle,locomotion,0,1.350000023841858,-0.05000000074505806,0.10973345824050044,-0.032654023450614966,0.018840471208825912,0.7308707674067255,1.2605016763515118,-0.0005076697993896644,1.2610093461509015,0.0
184,3.68,idle,locomotion,0,1.350000023841858,-0.05000000074505806,0.10973345824050044,-0.032672186933930335,0.018854404970576357,0.7308721505115758,1.2605027095907069,-0.0005076690940902968,1.2610103786847973,0.0
185,3.7,idle,locomotion,0,1.350000023841858,-0.05000000074505806,0.10973345824050044,-0.032690272576797276,0.018868316032752696,0.730873574339818,1.260503790039102,-0.0005076689044427769,1.2610114589435448,0.0
186,3.72,idle,locomotion,0,1.350000023841858,-0.05000000074505806,0.10973345824050044,-0.03270829058384643,0.018882202522619487,0.7308750380296102,1.2605049131030122,-0.0005076687009100515,1.2610125818039222,0.0
187,3.74,idle,locomotion,0,1.350000023841858,-0.05000000074505806,0.10973345824050044,-0.03272622984082395,0.018896091878028244,0.7308765384296575,1.2605060829078767,-0.0005076685590785501,1.2610137514669553,0.0
188,3.76,idle,locomotion,0,1.350000023841858,-0.05000000074505806,0.10973345824050044,-0.032744080861807856,0.018909979639605164,0.7308780728349755,1.2605072940895972,-0.0005076681774759256,1.261014962267073,0.0
189,3.78,idle,locomotion,0,1.350000023841858,-0.05000000074505806,0.10973345824050044,-0.03276184601732293,0.01892387154884745,0.7308796427893798,1.2605085511992553,-0.0005076678426168268,1.261016219041872,0.0
190,3.8,idle,locomotion,0,1.350000023841858,-0.05000000074505806,0.10973345824050044,-0.032779529829755474,0.018937777887957856,0.7308812379013493,1.2605098398736223,-0.0005076678458058488,1.261017507719428,0.0
191,3.82,idle,locomotion,0,1.350000023841858,-0.05000000074505806,0.10973345824050044,-0.03279715351694691,0.018951675735998364,0.7308828704474514,1.260511164980147,-0.0005076677485507594,1.2610188327286977,0.0
192,3.84,idle,locomotion,0,1.350000023841858,-0.05000000074505806,0.10973345824050044,-0.03281472065270913,0.018965585165301828,0.7308845328267249,1.2605125194069589,-0.0005076680037142955,1.2610201874106732,0.0
193,3.86,idle,locomotion,0,1.350000023841858,-0.05000000074505806,0.10973345824050044,-0.03283222899070825,0.018979501956091282,0.7308862221832579,1.260513898880549,-0.0005076687934017048,1.261021567673951,0.0
194,3.88,idle,locomotion,0,1.350000023841858,-0.05000000074505806,0.10973345824050044,-0.032849680782061526,0.018993414691613,0.7308879471843391,1.2605153112084637,-0.0005076696096316356,1.2610229808180953,0.0
195,3.9,idle,locomotion,0,1.350000023841858,-0.05000000074505806,0.10973345824050044,-0.032867061437424384,0.019007343574984407,0.7308897034274222,1.2605167595718256,-0.0005076708136180635,1.2610244303854437,0.0
196,3.92,idle,locomotion,0,1.350000023841858,-0.05000000074505806,0.10973345824050044,-0.03288437425148979,0.019021286288728238,0.7308915064876457,1.2605182541822282,-0.0005076721392860244,1.2610259263215142,0.0
197,3.94,idle,locomotion,0,1.350000023841858,-0.05000000074505806,0.10973345824050044,-0.03290161804543904,0.019035252645865978,0.7308933635692194,1.2605198025015056,-0.0005076741276832802,1.261027476629189,0.0
198,3.96,idle,locomotion,0,1.350000023841858,-0.05000000074505806,0.10973345824050044,-0.032918788656411735,0.019049253370461944,0.7308952851804607,1.2605214171678139,-0.0005076762056307436,1.2610290933734445,0.0
199,3.98,idle,locomotion,0,1.350000023841858,-0.05000000074505806,0.10973345824050044,-0.032935882853863487,0.019063295938483094,0.7308972645171616,1.2605230900075226,-0.0005076780028153358,1.2610307680103379,0.0
200,4.0,idle,locomotion,0,1.350000023841858,-0.05000000074505806,0.10973345824050044,-0.03295290811991271,0.01907736990265101,0.7308993039509267,1.2605248230583272,-0.0005076794444133677,1.2610325025027407,0.0
201,4.02,idle,locomotion,0,1.350000023841858,-0.05000000074505806,0.10973345824050044,-0.03296987042966899,0.019091477828830493,0.7309013859124343,1.2605265943691129,-0.0005076806360209268,1.2610342750051338,0.0
202,4.04,idle,locomotion,0,1.350000023841858,-0.05000000074505806,0.10973345824050044,-0.032986771005429245,0.01910562378229681,0.7309035203470785,1.2605284186689272,-0.0005076820515718533,1.261036100720499,0.0
203,4.06,idle,locomotion,0,1.350000023841858,-0.05000000074505806,0.10973345824050044,-0.033003604745199984,0.019119806158771995,0.7309057056039759,1.2605302899616149,-0.0005076827743169289,1.2610379727359318,0.0
204,4.08,idle,locomotion,0,1.350000023841858,-0.05000000074505806,0.10973345824050044,-0.03302037321255972,0.019134021686593717,0.7309079289639481,1.2605321975037056,-0.0005076832239139933,1.2610398807276195,0.0
205,4.1,idle,locomotion,0,1.350000023841858,-0.05000000074505806,0.10973345824050044,-0.0330370739147685,0.019148274729825412,0.730910190171542,1.260534142940528,-0.0005076836542405108,1.2610418265947685,0.0
206,4.12,idle,locomotion,0,1.350000023841858,-0.05000000074505806,0.10973345824050044,-0.033053708089299756,0.019162552570930077,0.7309124913889438,1.2605361248476243,-0.0005076835778189334,1.2610438084254432,0.0
207,4.14,idle,locomotion,0,1.350000023841858,-0.05000000074505806,0.10973345824050044,-0.0330702687783526,0.01917686784796579,0.7309148325301241,1.2605381506238247,-0.0005076836047318047,1.2610458342285564,0.0
208,4.16,idle,locomotion,0,1.350000023841858,-0.05000000074505806,0.10973345824050044,-0.03308675766417726,0.019191210260394574,0.7309172109532289,1.260540212488395,-0.0005076829139681605,1.2610478954023632,0.0
209,4.18,idle,locomotion,0,1.350000023841858,-0.05000000074505806,0.10973345824050044,-0.03310318527440545,0.01920557533449635,0.7309196128912041,1.2605422964990114,-0.0005076823017341817,1.2610499788007457,0.0
210,4.2,idle,locomotion,0,1.350000023841858,-0.05000000074505806,0.10973345824050044,-0.033119562139897744,0.019219952631607206,0.7309220445302811,1.2605444089984055,-0.0005076817425169917,1.2610520907409224,0.0
211,4.22,idle,locomotion,0,1.350000023841858,-0.05000000074505806,0.10973345824050044,-0.033135895214150266,0.019234334706466006,0.7309245041574483,1.2605465398651488,-0.0005076809161152739,1.261054220781264,0.0
212,4.24,idle,locomotion,0,1.350000023841858,-0.05000000074505806,0.10973345824050044,-0.033152172666883736,0.019248729634885896,0.7309269944701621,1.260548703793872,-0.0005076802839213516,1.2610563840777935,0.0
213,4.26,idle,locomotion,0,1.350000023841858,-0.05000000074505806,0.10973345824050044,-0.03316837739910414,0.019263146793441467,0.7309295116563919,1.2605508999073163,-0.000507679030878519,1.2610585789381947,0.0
214,4.28,idle,locomotion,0,1.350000023841858,-0.05000000074505806,0.10973345824050044,-0.033184519890855114,0.01927756334251243,0.7309320696483812,1.2605531379110249,-0.0005076774487158854,1.2610608153597407,0.0
215,4.3,idle,locomotion,0,1.350000023841858,-0.05000000074505806,0.10973345824050044,-0.033200608670247884,0.01929199253408376,0.7309346416799604,1.2605553901173443,-0.0005076759759741964,1.2610630660933184,0.0
216,4.32,idle,locomotion,0,1.350000023841858,-0.05000000074505806,0.10973345824050044,-0.033216653658495805,0.01930641911384116,0.7309372404315038,1.2605576664435674,-0.0005076747262979728,1.2610653411698654,0.0
217,4.34,idle,locomotion,0,1.350000023841858,-0.05000000074505806,0.10973345824050044,-0.03323264877823026,0.019320850183403175,0.7309398757404686,1.260559978355899,-0.0005076737372066951,1.2610676520931057,0.0
218,4.36,idle,locomotion,0,1.350000023841858,-0.05000000074505806,0.10973345824050044,-0.03324858315768787,0.019335283306383275,0.730942567029281,1.2605623509366453,-0.000507672701934414,1.2610700236385797,0.0
219,4.38,idle,locomotion,0,1.350000023841858,-0.05000000074505806,0.10973345824050044,-0.03326444975557535,0.019349727493927167,0.7309452969905464,1.2605647657838375,-0.0005076709091100112,1.2610724366929476,0.0
220,4.4,idle,locomotion,0,1.350000023841858,-0.05000000074505806,0.10973345824050044,-0.033280254354704525,0.019364169521560944,0.7309480734307711,1.2605672303470028,-0.0005076689293008127,1.2610748992763037,0.0
221,4.42,idle,locomotion,0,1.350000023841858,-0.05000000074505806,0.10973345824050044,-0.03329599774010622,0.019378616478866954,0.7309508749894343,1.2605697216072953,-0.0005076668378256287,1.261077388445121,0.0
222,4.44,idle,locomotion,0,1.350000023841858,-0.05000000074505806,0.10973345824050044,-0.03331168441762873,0.019393057895812228,0.7309537168707692,1.2605722563473865,-0.0005076649096196033,1.261079921257006,0.0
223,4.46,idle,locomotion,0,1.350000023841858,-0.05000000074505806,0.10973345824050044,-0.03332732351181971,0.01940748656884664,0.7309565809919888,1.260574810182138,-0.0005076624102571467,1.261082472592395,0.0
224,4.48,idle,locomotion,0,1.350000023841858,-0.05000000074505806,0.10973345824050044,-0.03334291896059564,0.019421892897080302,0.7309594833924545,1.260577399892299,-0.0005076604436840791,1.261085060335983,0.0
225,4.5,idle,locomotion,0,1.350000023841858,-0.05000000074505806,0.10973345824050044,-0.03335845768641465,0.01943628682469364,0.7309624303137715,1.2605800390727206,-0.000507658451851651,1.2610876975245724,0.0
226,4.52,idle,locomotion,0,1.350000023841858,-0.05000000074505806,0.10973345824050044,-0.033373945944436594,0.019450659520904762,0.7309653996497658,1.2605826972264376,-0.0005076553598328606,1.2610903525862704,0.0
227,4.54,idle,locomotion,0,1.350000023841858,-0.05000000074505806,0.10973345824050044,-0.03338938243281631,0.019465009911270578,0.7309683976510493,1.2605853883591172,-0.0005076527625661048,1.2610930411216832,0.0
228,4.56,idle,locomotion,0,1.350000023841858,-0.05000000074505806,0.10973345824050044,-0.033404773036611976,0.01947933012407882,0.7309714299932834,1.260588114782988,-0.0005076498993210159,1.261095764682309,0.0
229,4.58,idle,locomotion,0,1.350000023841858,-0.05000000074505806,0.10973345824050044,-0.03342012848112666,0.019493616934279857,0.7309744749553394,1.2605908476883465,-0.0005076466147477636,1.2610984943030943,0.0
230,4.6,idle,locomotion,0,1.350000023841858,-0.05000000074505806,0.10973345824050044,-0.033435445487386646,0.019507872564086304,0.7309775500028091,1.260593614496387,-0.000507644180815274,1.2611012586772021,0.0
231,4.62,idle,locomotion,0,1.350000023841858,-0.05000000074505806,0.10973345824050044,-0.03345072968449876,0.019522091808710996,0.7309806458346935,1.2605963961767852,-0.0005076409909514322,1.2611040371677367,0.0
232,4.64,idle,locomotion,0,1.350000023841858,-0.05000000074505806,0.10973345824050044,-0.03346597764779902,0.019536278081244494,0.7309837647731645,1.26059920270243,-0.0005076381344011824,1.2611068408368311,0.0
233,4.66,idle,locomotion,0,1.350000023841858,-0.05000000074505806,0.10973345824050044,-0.03348119128602242,0.019550422670433342,0.7309869147505687,1.2606020357804688,-0.000507635003512287,1.261109670783981,0.0
234,4.68,idle,locomotion,0,1.350000023841858,-0.05000000074505806,0.10973345824050044,-0.033496360341858544,0.01956453491128965,0.7309900956608804,1.2606049059621758,-0.0005076319855383746,1.2611125379477142,0.0
235,4.7,idle,locomotion,0,1.350000023841858,-0.05000000074505806,0.10973345824050044,-0.033511483100632684,0.019578616354217673,0.7309932981007055,1.2606078013481594,-0.0005076284603334029,1.2611154298084928,0.0
236,4.72,idle,locomotion,0,1.350000023841858,-0.05000000074505806,0.10973345824050044,-0.033526566416679504,0.019592657582951034,0.7309965207073047,1.2606107206139316,-0.0005076247955421789,1.2611183454094739,0.0
237,4.74,idle,locomotion,0,1.350000023841858,-0.05000000074505806,0.10973345824050044,-0.033541623002208906,0.019606654992190973,0.7309997542283647,1.2606136488241892,-0.0005076210169731761,1.2611212698411625,0.0
238,4.76,idle,locomotion,0,1.350000023841858,-0.05000000074505806,0.10973345824050044,-0.03355665628935001,0.019620609469495166,0.7310030130944977,1.2606166018063998,-0.000507617862271624,1.2611242196686714,0.0
239,4.78,idle,locomotion,0,1.350000023841858,-0.05000000074505806,0.10973345824050044,-0.03357165764320905,0.019634527276129937,0.7310063109328866,1.260619593719684,-0.000507614706458364,1.2611272084261425,0.0
240,4.8,idle,locomotion,0,1.350000023841858,-0.05000000074505806,0.10973345824050044,-0.03358661013462834,0.019648422324668475,0.731009630075058,1.260622612864915,-0.000507611212389826,1.2611302240773048,0.0
241,4.82,idle,locomotion,0,1.350000023841858,-0.05000000074505806,0.10973345824050044,-0.03360152019810903,0.019662281616573598,0.7310129754825381,1.2606256631744053,-0.0005076077608309991,1.2611332709352363,0.0
242,4.84,idle,locomotion,0,1.350000023841858,-0.05000000074505806,0.10973345824050044,-0.033616394618557505,0.019676108609549915,0.7310163290539676,1.260628722535383,-0.0005076042562549912,1.261136326791638,0.0
243,4.86,idle,locomotion,0,1.350000023841858,-0.05000000074505806,0.10973345824050044,-0.033631240682786556,0.019689896385837343,0.7310197074768435,1.2606318090488453,-0.0005076020655942863,1.2611394111144396,0.0
244,4.88,idle,locomotion,0,1.350000023841858,-0.05000000074505806,0.10973345824050044,-0.0336460547832059,0.019703655506438888,0.7310231079106089,1.2606349186642674,-0.0005076015898426746,1.26114252025411,0.0
245,4.9,idle,locomotion,0,1.350000023841858,-0.05000000074505806,0.10973345824050044,-0.03366083485827958,0.01971738401592454,0.7310265325455296,1.2606380547876637,-0.0005076021150850242,1.2611456569027486,0.0
246,4.92,idle,locomotion,0,1.350000023841858,-0.05000000074505806,0.10973345824050044,-0.033675574465190816,0.019731091433267393,0.7310299733742326,1.2606412122380906,-0.0005076029974795636,1.26114881523557,0.0
247,4.94,idle,locomotion,0,1.350000023841858,-0.05000000074505806,0.10973345824050044,-0.033690285840455796,0.019744768425476435,0.7310334381883855,1.2606443933791813,-0.0005076038068304693,1.261151997186012,0.0
248,4.96,idle,locomotion,0,1.350000023841858,-0.05000000074505806,0.10973345824050044,-0.03370495881446384,0.019758433128974483,0.7310369152244182,1.2606475910684924,-0.0005076048048389716,1.2611551958733314,0.0
249,4.98,idle,locomotion,0,1.350000023841858,-0.05000000074505806,0.10973345824050044,-0.033719604420336446,0.019772072984303224,0.7310404062439164,1.2606508012853537,-0.0005076053631278589,1.2611584066484816,0.0
250,5.0,idle,locomotion,0,1.350000023841858,-0.05000000074505806,0.10973345824050044,-0.033734230110366435,0.019785683186541128,0.7310439070748643,1.2606540199103096,-0.0005076059225485666,1.2611616258328582,0.0
251,5.02,idle,locomotion,0,1.350000023841858,-0.05000000074505806,0.10973345824050044,-0.03374883960021579,0.019799261648789035,0.7310474266663078,1.260657254917818,-0.0005076067284198842,1.261164861646238,0.0
252,5.04,idle,locomotion,0,1.350000023841858,-0.05000000074505806,0.10973345824050044,-0.033763424684894815,0.019812820779456827,0.7310509702057961,1.260660516612405,-0.0005076075811719545,1.2611681241935768,0.0
253,5.06,idle,locomotion,0,1.350000023841858,-0.05000000074505806,0.10973345824050044,-0.03377799211394992,0.019826352323730694,0.7310545236071029,1.260663782609575,-0.0005076076813118266,1.2611713902908868,0.0
254,5.08,idle,locomotion,0,1.350000023841858,-0.05000000074505806,0.10973345824050044,-0.033792531748700415,0.019839867389592213,0.7310581041312613,1.260667081293252,-0.0005076084735499836,1.261174689766802,0.0
255,5.1,idle,locomotion,0,1.350000023841858,-0.05000000074505806,0.10973345824050044,-0.03380703771978116,0.019853372566379403,0.7310617082752081,1.2606704053824458,-0.0005076087139976454,1.2611780140964435,0.0
256,5.12,idle,locomotion,0,1.350000023841858,-0.05000000074505806,0.10973345824050044,-0.03382150926898228,0.01986687016867658,0.7310653297656581,1.260673752219841,-0.0005076087785926553,1.2611813609984337,0.0
257,5.14,idle,locomotion,0,1.350000023841858,-0.05000000074505806,0.10973345824050044,-0.03383595223282518,0.019880361032638395,0.731068963201656,1.2606771139127044,-0.0005076086505991124,1.2611847225633035,0.0
258,5.16,idle,locomotion,0,1.350000023841858,-0.05000000074505806,0.10973345824050044,-0.03385037731379335,0.019893839592067572,0.7310726007559805,1.2606804786734696,-0.0005076084052664347,1.261188087078736,0.0
259,5.18,idle,locomotion,0,1.350000023841858,-0.05000000074505806,0.10973345824050044,-0.033864784731726695,0.019907306641209068,0.7310762545036994,1.2606838620208314,-0.0005076085278852595,1.2611914705487166,0.0
260,5.2,idle,locomotion,0,1.350000023841858,-0.05000000074505806,0.10973345824050044,-0.0338791819650731,0.019920759113822812,0.7310799226914606,1.2606872549715644,-0.0005076083428313359,1.2611948633143957,0.0
261,5.22,idle,locomotion,0,1.350000023841858,-0.05000000074505806,0.10973345824050044,-0.033893557152298234,0.019934206703035473,0.7310836130468138,1.260690672758055,-0.0005076085187704013,1.2611982812768252,0.0
262,5.24,idle,locomotion,0,1.350000023841858,-0.05000000074505806,0.10973345824050044,-0.03390790189536807,0.019947657696932772,0.7310873223120355,1.2606941138858516,-0.0005076082330391501,1.2612017221188907,0.0
263,5.26,idle,locomotion,0,1.350000023841858,-0.05000000074505806,0.10973345824050044,-0.033922230354270035,0.019961098039402124,0.7310910384341919,1.2606975610063085,-0.0005076073500953834,1.2612051683564038,0.0
264,5.28,idle,locomotion,0,1.350000023841858,-0.05000000074505806,0.10973345824050044,-0.03393655442119115,0.019974522948976847,0.7310947593016309,1.260701009750373,-0.0005076067382568071,1.2612086164886298,0.0
265,5.3,idle,locomotion,0,1.350000023841858,-0.05000000074505806,0.10973345824050044,-0.0339508814621831,0.019987929352131444,0.7310984943497628,1.2607044697509706,-0.000507606304662761,1.2612120760556333,0.0
266,5.32,idle,locomotion,0,1.350000023841858,-0.05000000074505806,0.10973345824050044,-0.03396521964469126,0.020001310640065956,0.7311022415716869,1.2607079329789166,-0.0005076057340277634,1.2612155387129445,0.0
267,5.34,idle,locomotion,0,1.350000023841858,-0.05000000074505806,0.10973345824050044,-0.033979550015353244,0.020014679862819625,0.7311060160943821,1.260711425350635,-0.0005076058391734403,1.2612190311898086,0.0
268,5.36,idle,locomotion,0,1.350000023841858,-0.05000000074505806,0.10973345824050044,-0.03399386297759845,0.020028043547508007,0.7311098147415531,1.2607149451617132,-0.0005076056721511416,1.2612225508338644,0.0
269,5.38,idle,locomotion,0,1.350000023841858,-0.05000000074505806,0.10973345824050044,-0.03400816260718948,0.020041395951736145,0.731113618175684,1.2607184714987099,-0.0005076052055064013,1.2612260767042163,0.0
270,5.4,idle,locomotion,0,1.350000023841858,-0.05000000074505806,0.10973345824050044,-0.03402246292254254,0.020054728239129942,0.7311174364199052,1.2607220119969351,-0.0005076052965098145,1.261229617293445,0.0
271,5.42,idle,locomotion,0,1.350000023841858,-0.05000000074505806,0.10973345824050044,-0.0340367610054826,0.020068049837382355,0.7311212782810345,1.2607255770625931,-0.000507605942648405,1.2612331830052415,0.0
272,5.44,idle,locomotion,0,1.350000023841858,-0.05000000074505806,0.10973345824050044,-0.03405104908003597,0.02008136821603231,0.7311251312979977,1.2607291560955134,-0.0005076063193595812,1.261236762414873,0.0
273,5.46,idle,locomotion,0,1.350000023841858,-0.05000000074505806,0.10973345824050044,-0.03406534010369595,0.020094668453605982,0.7311289943014597,1.260732742734941,-0.0005076064437725819,1.2612403491787136,0.0
274,5.48,idle,locomotion,0,1.350000023841858,-0.05000000074505806,0.10973345824050044,-0.03407963302521294,0.020107952255300203,0.7311328688956986,1.260736341443526,-0.0005076068706007519,1.2612439483141267,0.0
275,5.5,idle,locomotion,0,1.350000023841858,-0.05000000074505806,0.10973345824050044,-0.03409393518627609,0.02012121255766315,0.7311367595770268,1.260739953198438,-0.0005076071674553657,1.2612475603658935,0.0
276,5.52,idle,locomotion,0,1.350000023841858,-0.05000000074505806,0.10973345824050044,-0.03410823809417975,0.02013445967673212,0.7311406653080291,1.260743582129813,-0.0005076076385043746,1.2612511897683174,0.0
277,5.54,idle,locomotion,0,1.350000023841858,-0.05000000074505806,0.10973345824050044,-0.03412254840947171,0.02014768714841446,0.7311445856235352,1.260747222240265,-0.0005076077775695645,1.2612548300178346,0.0
278,5.56,idle,locomotion,0,1.350000023841858,-0.05000000074505806,0.10973345824050044,-0.03413685261477741,0.020160901466050436,0.7311485284526952,1.2607508893649075,-0.0005076081954277709,1.2612584975603354,0.0
279,5.58,idle,locomotion,0,1.350000023841858,-0.05000000074505806,0.10973345824050044,-0.034151144327904615,0.020174105325090584,0.7311525015791726,1.2607545889013219,-0.0005076083680122453,1.261262197269334,0.0
280,5.6,idle,locomotion,0,1.350000023841858,-0.05000000074505806,0.10973345824050044,-0.034165413918501926,0.02018730758399418,0.7311565000391267,1.260758320757712,-0.0005076083096472103,1.2612659290673591,0.0
281,5.62,idle,locomotion,0,1.350000023841858,-0.05000000074505806,0.10973345824050044,-0.03417965848873193,0.02020051179169754,0.7311605213777957,1.2607620829915291,-0.000507608045635724,1.2612696910371648,0.0
282,5.64,idle,locomotion,0,1.350000023841858,-0.05000000074505806,0.10973345824050044,-0.034193887413950554,0.020213716458380954,0.7311645416045501,1.260765846373309,-0.0005076072509123432,1.2612734536242212,0.0
283,5.66,idle,locomotion,0,1.350000023841858,-0.05000000074505806,0.10973345824050044,-0.034208107868572334,0.02022691696644057,0.7311685644258984,1.2607696152549297,-0.0005076068654542923,1.261277222120384,0.0
284,5.68,idle,locomotion,0,1.350000023841858,-0.05000000074505806,0.10973345824050044,-0.03422232404335216,0.02024010958293766,0.7311725996977181,1.2607733973045558,-0.0005076064161166141,1.2612810037206725,0.0
285,5.7,idle,locomotion,0,1.350000023841858,-0.05000000074505806,0.10973345824050044,-0.034236539914625407,0.020253292453801756,0.7311766372720553,1.2607771804965215,-0.0005076057448724393,1.261284786241394,0.0
286,5.72,idle,locomotion,0,1.350000023841858,-0.05000000074505806,0.10973345824050044,-0.03425076624010812,0.02026645432359784,0.731180696004176,1.260780980843011,-0.0005076052897590201,1.26128858613277,0.0
287,5.74,idle,locomotion,0,1.350000023841858,-0.05000000074505806,0.10973345824050044,-0.03426499356000787,0.020279603385477653,0.7311847740719389,1.2607848006018174,-0.0005076048069986711,1.2612924054088162,0.0
288,5.76,idle,locomotion,0,1.350000023841858,-0.05000000074505806,0.10973345824050044,-0.03427922753931178,0.020292735176745413,0.7311888545736853,1.2607886193314863,-0.0005076038450114936,1.261296223176498,0.0
289,5.78,idle,locomotion,0,1.350000023841858,-0.05000000074505806,0.10973345824050044,-0.03429347828071231,0.02030583733660054,0.7311929462828154,1.2607924448349304,-0.0005076032822926187,1.261300048117223,0.0
290,5.8,idle,locomotion,0,1.350000023841858,-0.05000000074505806,0.10973345824050044,-0.03430774690508439,0.020318910662242617,0.7311970529488597,1.2607962825438608,-0.0005076030068541931,1.261303885550715,0.0
291,5.82,idle,locomotion,0,1.350000023841858,-0.05000000074505806,0.10973345824050044,-0.03432203590021528,0.02033195536868911,0.7312011656120707,1.2608001210590878,-0.0005076025925698363,1.2613077236516577,0.0
292,5.84,idle,locomotion,0,1.350000023841858,-0.05000000074505806,0.10973345824050044,-0.03433634231229461,0.020344970122261496,0.7312052959268136,1.2608039758293483,-0.0005076024366534905,1.2613115782660018,0.0
293,5.86,idle,locomotion,0,1.350000023841858,-0.05000000074505806,0.10973345824050044,-0.03435065736610859,0.020357963272175376,0.7312094420710521,1.2608078458592706,-0.0005076022387832217,1.261315448098054,0.0
294,5.88,idle,locomotion,0,1.350000023841858,-0.05000000074505806,0.10973345824050044,-0.0343649718650589,0.020370937339332706,0.7312136124411139,1.2608117448760996,-0.0005076019788188418,1.2613193468549184,0.0
295,5.9,idle,locomotion,0,1.350000023841858,-0.05000000074505806,0.10973345824050044,-0.03437929489534276,0.020383886603770555,0.7312177993368467,1.2608156592521167,-0.0005076010891709275,1.2613232603412876,0.0
296,5.92,idle,locomotion,0,1.350000023841858,-0.05000000074505806,0.10973345824050044,-0.03439362647907051,0.020396813653149104,0.7312219965435132,1.2608195840184115,-0.0005076005056016582,1.2613271845240133,0.0
297,5.94,idle,locomotion,0,1.350000023841858,-0.05000000074505806,0.10973345824050044,-0.034407956528426695,0.020409729388349934,0.7312262204916214,1.2608235416979527,-0.000507600378376414,1.2613311420763291,0.0
298,5.96,idle,locomotion,0,1.350000023841858,-0.05000000074505806,0.10973345824050044,-0.034422287816254095,0.02042262561535863,0.7312304542482343,1.2608275104297104,-0.0005075993050079504,1.2613351097347183,0.0
299,5.98,idle,locomotion,0,1.350000023841858,-0.05000000074505806,0.10973345824050044,-0.034436625945202734,0.020435498204367217,0.7312346999151862,1.2608314918653327,-0.0005075985393444872,1.2613390904046773,0.0
300,6.0,idle,locomotion,0,1.350000023841858,-0.05000000074505806,0.10973345824050044,-0.03445096316184332,0.020448357284634074,0.7312389683147618,1.2608354994134865,-0.0005075980327810571,1.2613430974462676,0.0
301,6.02,idle,locomotion,0,1.350000023841858,-0.05000000074505806,0.10973345824050044,-0.03446528917385561,0.020461211684778165,0.7312432486866179,1.260839525719872,-0.0005075970860554946,1.2613471228059274,0.0
302,6.04,idle,locomotion,0,1.350000023841858,-0.05000000074505806,0.10973345824050044,-0.03447960870323797,0.020474057693432926,0.7312475387539992,1.2608435651846475,-0.0005075958168115451,1.261351161001459,0.0
303,6.06,idle,locomotion,0,1.350000023841858,-0.05000000074505806,0.10973345824050044,-0.03449392056805134,0.020486900436731608,0.7312518245244892,1.2608476052775144,-0.0005075946429677035,1.2613551999204822,0.0
304,6.08,idle,locomotion,0,1.349953409257001,-0.050027027260529454,0.10973143042760432,-0.03450823436027049,0.02049973070949467,0.7312561187646627,1.2608516556563645,-0.0005075935376498732,1.2613592491940144,0.0
305,6.1,idle,locomotion,0,1.349791383799392,-0.050127735088542034,0.1097281566852982,-0.03452255671730752,0.020512544592314202,0.7312604184767482,1.2608557093849047,-0.0005076449125396912,1.2613633542974443,0.0
306,6.12,idle,locomotion,0,1.349441874100149,-0.050331552882311295,0.1097228863057705,-0.03453690500350351,0.020525324962999646,0.7312647287843834,1.260859765415062,-0.0005077095026644815,1.2613674749177264,0.0
307,6.14,idle,locomotion,0,1.348835538987521,-0.05065619585284532,0.10971665213286266,-0.03455127752082732,0.02053807182140916,0.7312690617876637,1.26086383780396,-0.0005077750108179735,1.261371612814778,0.0
308,6.16,idle,locomotion,0,1.3479070189467777,-0.05111150361624066,0.10970870514330235,-0.03456566624480309,0.020550789960468094,0.7312734210125847,1.2608679330098218,-0.0005078408061649393,1.2613757738159868,0.0
309,6.18,idle,locomotion,0,1.3465495441275908,-0.05172939635618931,0.10969805827036715,-0.03458007005964941,0.02056347650943622,0.7312777960495367,1.2608720402983677,-0.0005079063594687037,1.2613799466578364,0.0
310,6.2,idle,locomotion,0,1.3447167824693929,-0.05253445674156654,0.1096887307931396,-0.03459448139871365,0.02057613584907747,0.7312821813833389,1.2608761583268109,-0.0005079722234890595,1.2613841305503,0.0
311,6.22,idle,locomotion,0,1.3424119838518036,-0.053547532560553425,0.1096813306795957,-0.03460889350074471,0.020588776454006773,0.7312865801488343,1.260880294591178,-0.0005080386806019625,1.26138833327178,0.0
312,6.24,idle,locomotion,0,1.3396493236578622,-0.05477982350120088,0.10967576249782834,-0.03462330617369696,0.020601399527788906,0.7312909951933438,1.260884449523971,-0.0005081048274057885,1.2613925543513769,0.0
313,6.26,idle,locomotion,0,1.3364309506944152,-0.05623765997357452,0.1096698580552352,-0.03463771961790478,0.02061400759849022,0.7312954135131324,1.2608886110245918,-0.0005081705172530065,1.2613967815418448,0.0
314,6.28,idle,locomotion,0,1.3327356335537843,-0.05795248438929293,0.10966381375545606,-0.034652151121667925,0.020626584793304977,0.7312998397953122,1.2608927784754216,-0.0005082361839924346,1.2614010146594141,0.0
315,6.3,idle,locomotion,0,1.3285972660566243,-0.059917555460770926,0.10965943601756585,-0.03466660001263544,0.020639141455276556,0.7313042764999568,1.2608969561504586,-0.0005083028621968091,1.2614052590126554,0.0
316,6.32,idle,locomotion,0,1.324079769902701,-0.062099771573821856,0.10965678736844371,-0.03468106375490413,0.020651676078761404,0.7313087278702786,1.2609011460564328,-0.0005083693856006537,1.2614095154420335,0.0
317,6.34,idle,locomotion,0,1.3192409561326695,-0.0644750718390215,0.10965515340877167,-0.03469553395912076,0.02066419127647982,0.7313131991036762,1.26090535740928,-0.0005084363779295775,1.2614137937872094,0.0
318,6.36,idle,locomotion,0,1.3141613805248251,-0.06699741582830933,0.1096550004715313,-0.03471000360844233,0.02067669095351414,0.7313176911278797,1.260909591954488,-0.000508503209126529,1.2614180951636145,0.0
319,6.38,idle,locomotion,0,1.3089272931265532,-0.06963059674966526,0.10965611961066696,-0.03472447310134875,0.020689174458858615,0.7313222032522112,1.2609138497960526,-0.0005085700334577087,1.2614224198295103,0.0
320,6.4,idle,locomotion,0,1.303628386999473,-0.07234153936330935,0.10965878536454919,-0.03473894249321827,0.020701646188999362,0.7313267262381273,1.260918119940706,-0.0005086366151375171,1.2614267565558435,0.0
321,6.42,idle,locomotion,0,1.2983662855414804,-0.07507553986047817,0.10966262866044582,-0.034753419649268674,0.02071410046074375,0.7313312598508442,1.2609224006581237,-0.0005087032321842086,1.2614311038903079,0.0
322,6.44,idle,locomotion,0,1.2932231307494229,-0.07778809013449335,0.10966687032949204,-0.03476791112029839,0.0207265332957381,0.7313358006899157,1.2609266862957056,-0.000508769846022418,1.261435456141728,0.0
323,6.46,idle,locomotion,0,1.2882627728652885,-0.08044242597782533,0.10967104814414237,-0.03478241509245173,0.020738947317629673,0.7313403504046303,1.2609309800228263,-0.0005088369115711366,1.2614398169343974,0.0
324,6.48,idle,locomotion,0,1.2835331282455078,-0.08300833744443052,0.10967495949369807,-0.034796928816354045,0.02075134215232655,0.7313449069105983,1.2609352800449056,-0.0005089039742544633,1.2614441840191601,0.0
325,6.5,idle,locomotion,0,1.2790688311672562,-0.08546153443034472,0.10967853119265941,-0.03481145375883727,0.02076371458299913,0.7313494699041896,1.26093958598657,-0.0005089711310972203,1.2614485571176672,0.0
326,6.52,idle,locomotion,0,1.274893749918988,-0.08778311868204483,0.10968174384376327,-0.03482598887553171,0.020776068662775603,0.7313540391727189,1.2609438986415984,-0.0005090384023069133,1.2614529370439054,0.0
327,6.54,idle,locomotion,0,1.271023197188993,-0.08995903336002063,0.10968459935954211,-0.034840536845458236,0.02078840185776683,0.7313586161343291,1.2609482177469316,-0.0005091055843328175,1.2614573233312645,0.0
328,6.56,idle,locomotion,0,1.2674657876642195,-0.09197947821525376,0.10968710877508624,-0.03485509918607539,0.020800709920487246,0.7313632112372604,1.2609525528642112,-0.0005091730114733205,1.2614617258756844,0.0
329,6.58,idle,locomotion,0,1.2642249527309204,-0.09383831364245052,0.10968928762402055,-0.03486967063920936,0.02081299878708174,0.7313678267523019,1.2609569079695313,-0.0005092408309294236,1.2614661488004608,0.0
330,6.6,idle,locomotion,0,1.2613001475407084,-0.09553248220652723,0.1096911537869984,-0.03488424644655522,0.020825271335780816,0.7313724692109072,1.260961292486268,-0.0005093088323481175,1.261470601318616,0.0
331,6.62,idle,locomotion,0,1.2586877949411923,-0.09706147110956419,0.10969272618026372,-0.03489882406128036,0.020837529707108816,0.7313771258075809,1.2609656934898226,-0.000509376514656653,1.2614750700044792,0.0
332,6.64,idle,locomotion,0,1.256382011478698,-0.09842683102319516,0.10969402385216848,-0.03491340392113366,0.020849771512013556,0.7313817939189016,1.2609701075235085,-0.0005094443763909023,1.2614795518998994,0.0
333,6.66,idle,locomotion,0,1.2543751570609885,-0.09963175890351122,0.10969506537761309,-0.03492798775174465,0.020862007438636213,0.7313864757445645,1.2609745385937505,-0.0005095120784088594,1.2614840506721594,0.0
334,6.68,idle,locomotion,0,1.252658244402396,-0.10068074610153345,0.10969586849769371,-0.03494257719365821,0.020874222806162225,0.7313911553350866,1.2609789677733672,-0.0005095799134486288,1.2614885476868158,0.0
335,6.7,idle,locomotion,0,1.2512212385183328,-0.1015792886167143,0.10969644995378947,-0.03495718009978854,0.020886416022548232,0.7313958510847215,1.2609834117719554,-0.0005096477492302909,1.2614930595211857,0.0
336,6.72,idle,locomotion,0,1.250053271077753,-0.10233365357181812,0.1096968254656272,-0.03497179591143164,0.020898600069312386,0.731400567053459,1.260987874313884,-0.0005097161454554848,1.2614975904593395,0.0
337,6.74,idle,locomotion,0,1.249123803912433,-0.10295678239831504,0.10969602429205023,-0.03498642222237322,0.020910778141149916,0.731405305875809,1.2609923582726879,-0.0005097857782361097,1.261502144050924,0.0
338,6.76,idle,locomotion,0,1.2483464640258224,-0.10347902716528899,0.10969201111334698,-0.03500105735866519,0.020922952084264146,0.731410061699508,1.2609968579982342,-0.0005098561656802676,1.2615067141639145,0.0
339,6.78,idle,locomotion,0,1.2476337491658798,-0.10394114479478093,0.10968719783101263,-0.035015697499584775,0.020935121915091424,0.7314148329649118,1.2610013720726263,-0.000509926967797239,1.2615112990404236,0.0
340,6.8,idle,locomotion,0,1.246923201340737,-0.10437462131078366,0.10968237308246584,-0.03503033799632702,0.02094729020166399,0.7314196200662626,1.261005901991532,-0.000509997963952475,1.2615158999554845,0.0
341,6.82,idle,locomotion,0,1.2461640214732597,-0.10479710209208579,0.10967828891952396,-0.03504497199714156,0.020959459166764526,0.7314244217640122,1.261010448628494,-0.0005100690575764837,1.2615205176860707,0.0
342,6.84,idle,locomotion,0,1.2453277239934268,-0.10521871398237513,0.10967526009289187,-0.03505959865169606,0.020971628386765147,0.7314292329309486,1.2610150073268531,-0.0005101399780465012,1.2615251473048996,0.0
343,6.86,idle,locomotion,0,1.2443508351445867,-0.10565920362828378,0.10967096758818375,-0.03507421783053079,0.02098379731028818,0.7314340586270363,1.2610195813024143,-0.0005102110504336919,1.261529792352848,0.0
344,6.88,idle,locomotion,0,1.2431314788883792,-0.1061591224455019,0.1096650046439014,-0.03508882750754054,0.020995968172639923,0.7314388979673245,1.261024170473583,-0.0005102820582894747,1.2615344525318724,0.0
345,6.9,idle,locomotion,0,1.2415957017382613,-0.10674986418411786,0.10965939378505854,-0.035103426914804385,0.021008140295616696,0.7314437527244808,1.2610287751238238,-0.0005103532493943574,1.2615391283732182,0.0
346,6.92,idle,locomotion,0,1.2397201643261997,-0.10743874017292211,0.10965587494050252,-0.03511801286370964,0.02102031640722253,0.7314486236793036,1.261033396869442,-0.0005104243988178526,1.26154382126826,0.0
347,6.94,idle,locomotion,0,1.237515412878223,-0.10823123384564598,0.10965517884052194,-0.03513258235316891,0.02103249653307873,0.7314535088269754,1.2610380342422365,-0.0005104955416297338,1.2615485297838662,0.0
348,6.96,idle,locomotion,0,1.2349933914207998,-0.10913176545665211,0.10965556912046669,-0.03514713304031736,0.021044681185351462,0.7314584140436318,1.2610426930049063,-0.0005105667688689759,1.2615532597737753,0.0
349,6.98,idle,locomotion,0,1.2321362520707009,-0.11014597278518871,0.10965494971240915,-0.03516166281629173,0.021056870744508734,0.7314633412426755,1.2610473753023181,-0.0005106379006468847,1.2615580132029651,0.0
350,7.0,idle,locomotion,0,1.2289280797145725,-0.11127838436683664,0.10965461378433791,-0.035176172048709084,0.02106906355786178,0.7314682904376958,1.261052079986563,-0.0005107089484852369,1.2615627889350483,0.0
351,7.02,idle,locomotion,0,1.2253377124504163,-0.11253807414710713,0.10965442085607507,-0.035190660056398135,0.021081262635165972,0.7314732536408798,1.2610567994372655,-0.0005107800149395658,1.261567579452205,0.0
352,7.04,idle,locomotion,0,1.2213129952457658,-0.11394548951720686,0.10965425347487869,-0.0352051249533414,0.021093467050050867,0.7314782288076923,1.2610615316845497,-0.0005108511509789478,1.2615723828355287,0.0
353,7.06,idle,locomotion,0,1.2168075004520256,-0.1155199091110523,0.10965387662110668,-0.03521956614965559,0.021105674365846965,0.7314832217491638,1.261066282018774,-0.0005109223683841049,1.261577204387158,0.0
354,7.08,idle,locomotion,0,1.2118003376406619,-0.11726872826495566,0.10965454151315467,-0.035233983836732756,0.021117884649845948,0.7314882302018958,1.261071047940299,-0.0005109935363141263,1.261582041476613,0.0
355,7.1,idle,locomotion,0,1.2062889733752786,-0.11919328635407286,0.10965572975624135,-0.03524837740237328,0.02113009673867235,0.7314932508192099,1.2610758260821229,-0.0005110647386702069,1.261586890820793,0.0
356,7.12,idle,locomotion,0,1.2002712140942409,-0.12129440529792972,0.10965731878742783,-0.03526274442177642,0.021142309421419102,0.7314982851281714,1.2610806186665604,-0.0005111359520803202,1.2615917546186408,0.0
357,7.14,idle,locomotion,0,1.193746417422568,-0.12357240311062088,0.10965837202638824,-0.03527708318635082,0.0211545207966789,0.7315033352777934,1.2610854285663669,-0.0005112071034261249,1.261596635669793,0.0
358,7.16,idle,locomotion,0,1.1867023342696448,-0.1260313982621274,0.10965821435315325,-0.03529139566303745,0.021166729793382445,0.7315084027772442,1.2610902562258677,-0.0005112783890815278,1.2616015346149492,0.0
359,7.18,idle,locomotion,0,1.17914367402048,-0.1286695373871915,0.10965755911516097,-0.03530568110329615,0.021178937265287093,0.7315134884791631,1.2610951023537469,-0.0005113497689132607,1.2616064521226602,0.0
360,7.2,idle,locomotion,0,1.1710921508348953,-0.13147908007938655,0.10965638494269553,-0.0353199377735687,0.02119114298846515,0.7315185887616164,1.2610999644918812,-0.0005114210931596933,1.2616113855850408,0.0
361,7.22,idle,locomotion,0,1.1625750824236893,-0.13445028434923856,0.10965404221171743,-0.035334167517424735,0.02120334295313457,0.7315237063577384,1.2611048439932633,-0.0005114924696324047,1.2616163364628956,0.0
362,7.24,idle,locomotion,0,1.1536282280772956,-0.13757029348396235,0.10964995817138663,-0.03534837113523371,0.02121553543517313,0.7315288459190141,1.2611097446538457,-0.0005115639609140563,1.2616213086147599,0.0
363,7.26,idle,locomotion,0,1.1443028985503596,-0.14081524412431026,0.10964433355799781,-0.03536254589181298,0.021227719705259187,0.7315340131628748,1.2611146723021285,-0.0005116356329871834,1.2616263079351158,0.0
364,7.28,idle,locomotion,0,1.13467347169376,-0.14415504224504422,0.10963973470772351,-0.035376689757215106,0.021239895509665617,0.7315392023810252,1.2611196227610277,-0.0005117072123622356,1.26163132997339,0.0
365,7.3,idle,locomotion,0,1.124830483067273,-0.147560595015317,0.10963677202490607,-0.035390803743039004,0.021252059570797368,0.7315444054462513,1.2611245875078878,-0.0005117787260137154,1.2616363662339016,0.0
366,7.32,idle,locomotion,0,1.1148796632567861,-0.15099590288033293,0.10963423670198756,-0.035404888897886656,0.021264210301133468,0.7315496226960011,1.2611295664116324,-0.0005118503335598996,1.2616414167451924,0.0
367,7.34,idle,locomotion,0,1.1049600618432067,-0.15443783472051098,0.10962853545431558,-0.0354189450678015,0.021276346738684605,0.7315548547823179,1.261134560246808,-0.0005119220572469239,1.261646482304055,0.0
368,7.36,idle,locomotion,0,1.095252450068009,-0.15786969138433077,0.1096210586582232,-0.035432973282076306,0.021288468912523832,0.7315600982918541,1.26113956566765,-0.0005119942606015733,1.2616515599282516,0.0
369,7.38,idle,locomotion,0,1.0859828426573104,-0.161255764255568,0.10961365787406123,-0.0354469734628738,0.02130057464508413,0.7315653576728522,1.2611445865041784,-0.0005120671689029521,1.2616566536730813,0.0
370,7.4,idle,locomotion,0,1.077389732660534,-0.1645253014469814,0.1096065940446756,-0.035460943085055346,0.021312663031372435,0.7315706347885356,1.2611496260849302,-0.0005121403150158792,1.261661766399946,0.0
371,7.42,idle,locomotion,0,1.0696926358538974,-0.16757198359415945,0.10960089879166905,-0.0354748822740984,0.021324732534567528,0.7315759251696567,1.261154680499224,-0.0005122135375612326,1.2616668940367852,0.0
372,7.44,idle,locomotion,0,1.0630961330752273,-0.17028786473223012,0.10959684460114705,-0.03548879342857097,0.021336780033818788,0.7315812347122869,1.2611597540402322,-0.0005122869263904581,1.2616720409666227,0.0
373,7.46,idle,locomotion,0,1.0577855414678698,-0.17257279819633556,0.1095941557941809,-0.03550267737709902,0.021348807459048474,0.7315865629744995,1.2611648463391245,-0.0005123604516210287,1.2616772067907456,0.0
374,7.48,idle,locomotion,0,1.0539142865623448,-0.1743403849922505,0.10959271654157697,-0.03551653377125642,0.021360812936821846,0.7315919074109071,1.2611699548446977,-0.0005124340057526336,1.2616823888504505,0.0
375,7.5,idle,locomotion,0,1.0515946588069445,-0.17551733681910753,0.10959251588421436,-0.03553036141089573,0.02137279340742096,0.7315972728507398,1.2611750844846559,-0.00051250767763086,1.2616875921622868,0.0
376,7.52,idle,locomotion,0,1.0509019841124534,-0.1760411161537734,0.10959264222727504,-0.035544159017214035,0.021384750231545912,0.7316026579776821,1.2611802349583703,-0.0005125814902889325,1.2616928164486592,0.0
377,7.54,idle,locomotion,0,1.0518561703970626,-0.1758693806874638,0.10959384893393671,-0.03555792816989839,0.021396682342710048,0.731608054686098,1.261185398422024,-0.0005126551644069749,1.261698053586431,0.0
378,7.56,idle,locomotion,0,1.0544094269519777,-0.17499160272616485,0.10959650429555129,-0.03557167011408163,0.021408589702009945,0.7316134572814508,1.2611905693417962,-0.0005127289848750431,1.2617032983266712,0.0
379,7.58,idle,locomotion,0,1.0584647611397042,-0.17342089864465263,0.10960012197266719,-0.035585386936596804,0.021420471381696775,0.7316188695042635,1.2611957506967724,-0.0005128030128399193,1.2617085537096122,0.0
380,7.6,idle,locomotion,0,1.063887729390322,-0.17118555996195026,0.10960418366799148,-0.035599080259450244,0.02143232540134978,0.7316243004021747,1.2612009503587405,-0.0005128771682437402,1.2617138275269841,0.0
381,7.62,idle,locomotion,0,1.0705174506070405,-0.16832707473702335,0.10960825934141054,-0.03561275043436548,0.021444150903778682,0.7316297528794058,1.261206171001489,-0.0005129517100867648,1.2617191227115758,0.0
382,7.64,idle,locomotion,0,1.078176786211526,-0.16489749762815473,0.1096119832955975,-0.03562639739501788,0.021455948240488108,0.73163522222067,1.2612114084101793,-0.0005130279076318231,1.261724436317811,0.0
383,7.66,idle,locomotion,0,1.0866806312466448,-0.16095667514591344,0.10961503865664134,-0.03564002116892486,0.02146771312731471,0.7316407068785566,1.2612166611553195,-0.000513105365355461,1.261729766520675,0.0
384,7.68,idle,locomotion,0,1.0958419951454568,-0.1565696947581431,0.10961716484090488,-0.035653622000546656,0.021479444024186844,0.7316462092045553,1.2612219314737834,-0.000513183389296519,1.26173511486308,0.0
385,7.7,idle,locomotion,0,1.1054759934857892,-0.15180478563078334,0.10961817514169826,-0.03566719796240716,0.02149114238436517,0.7316517279980532,1.2612272194803946,-0.0005132617313780737,1.2617404812117727,0.0
386,7.72,idle,locomotion,0,1.1154021523197946,-0.14673175670995695,0.1096179734458822,-0.035680751613674434,0.021502809881653807,0.7316572566246479,1.2612325184384154,-0.0005133401340011723,1.2617458585724166,0.0
387,7.74,idle,locomotion,0,1.1254475628115048,-0.14142091893038683,0.10961863316636075,-0.035694284899974615,0.02151444517874259,0.7316627972057267,1.2612378292775128,-0.0005134187120364626,1.2617512479895492,0.0
388,7.76,idle,locomotion,0,1.1354459437205655,-0.13594243840886158,0.10962142675790515,-0.035707799199736795,0.021526047821180738,0.7316683534533884,1.2612431552097372,-0.0005134973710282688,1.2617566525807655,0.0
389,7.78,idle,locomotion,0,1.1452362202889486,-0.13036590534383,0.1096250333882914,-0.035721295490187134,0.02153761967303853,0.7316739228991718,1.2612484933214245,-0.0005135761933693223,1.2617620695147937,0.0
390,7.8,idle,locomotion,0,1.1546642526432767,-0.12475979162800041,0.10962799239905295,-0.03573477103655609,0.021549159573321423,0.7316795060439568,1.2612538452305628,-0.0005136551364044936,1.2617675003669673,0.0
391,7.82,idle,locomotion,0,1.163585100596443,-0.11919080461109391,0.10962977573804128,-0.03574822315171271,0.021560665045896085,0.7316851064726183,1.2612592157850844,-0.0005137341487644644,1.2617729499338488,0.0
392,7.84,idle,locomotion,0,1.1718654071171315,-0.11372312359527192,0.10963046424017873,-0.03576165206838033,0.02157213805651767,0.7316907196242203,1.2612646013784812,-0.0005138131829955546,1.2617784145614768,0.0
393,7.86,idle,locomotion,0,1.1793861374802195,-0.10841747274812623,0.10963038144668628,-0.035775061781324766,0.021583576134820488,0.7316963418400385,1.2612699969949401,-0.0005138922579008137,1.261783889252841,0.0
394,7.88,idle,locomotion,0,1.1860453633184767,-0.10333007444518119,0.1096298947093234,-0.03578845767640457,0.021594981343241865,0.7317019724124407,1.2612753997582684,-0.0005139714933961037,1.2617893712516646,0.0
395,7.9,idle,locomotion,0,1.1917606580873852,-0.09851158152441047,0.10962933165653545,-0.03580183965053243,0.02160635396551916,0.7317076219080697,1.2612808186250415,-0.0005140511394677201,1.2617948697645092,0.0
396,7.92,idle,locomotion,0,1.1964706925656854,-0.09400612634070332,0.10962895299619431,-0.03581520276831404,0.021617694622299132,0.7317132978963571,1.261286262898913,-0.0005141309334749516,1.2618003938323878,0.0
397,7.94,idle,locomotion,0,1.200135746247151,-0.08985063253759488,0.10962894993621793,-0.035828544016599115,0.02162900427690612,0.7317189939709506,1.2612917279456572,-0.0005142107602915356,1.2618059387059488,0.0
398,7.96,idle,locomotion,0,1.2027370378163877,-0.0860745047178222,0.10962945145708103,-0.03584186354575102,0.021640281294673946,0.7317247002950201,1.261297204999035,-0.0005142905100843226,1.2618114955091193,0.0
399,7.98,idle,locomotion,0,1.2042749690403087,-0.08269974968994778,0.10963053422348926,-0.03585516342294698,0.021651524050386943,0.7317304150666848,1.2613026917522587,-0.0005143703157724985,1.2618170620680311,0.0
400,8.0,idle,locomotion,0,1.2047665246327504,-0.07974151045336801,0.10963223147083678,-0.035868446919006744,0.021662734967269767,0.7317361407484564,1.261308189617321,-0.0005144502302529066,1.261822639847574,0.0
401,8.02,idle,locomotion,0,1.2042421522236737,-0.07720893252425992,0.10963453930146197,-0.0358817166791545,0.021673917238596328,0.7317418747912771,1.261313695392122,-0.0005145303658664994,1.2618282257579885,0.0
402,8.04,idle,locomotion,0,1.2031657668929991,-0.07490613104621335,0.10966613595954329,-0.03589497486486747,0.021685069537066167,0.7317476168570223,1.261319207775929,-0.0005146105524765909,1.2618338183284057,0.0
403,8.06,idle,locomotion,0,1.202049058142566,-0.07261608641206342,0.10970110237144083,-0.0359082204659156,0.021696192102461796,0.7317533676969996,1.261324728211897,-0.0005146907712029677,1.2618394189831,0.0
404,8.08,idle,locomotion,0,1.2009270996361412,-0.07032760714424811,0.10972037853587795,-0.035921451414887035,0.02170728351108179,0.7317591279327853,1.2613302585377704,-0.0005147711283344202,1.2618450296661048,0.0
405,8.1,idle,locomotion,0,1.199804438285701,-0.06803928518611486,0.10972881922605864,-0.03593466919860982,0.021718345784241627,0.7317648980839554,1.261335798985978,-0.0005148516352899528,1.2618506506212679,0.0
406,8.12,idle,locomotion,0,1.1986816758545589,-0.06575096368683618,0.10973202035076803,-0.03594787354935837,0.021729380158863325,0.7317706827285344,1.2613413539168097,-0.0005149322888439861,1.2618562862056537,0.0
407,8.14,idle,locomotion,0,1.197558896567689,-0.06346263467256787,0.10973308946565045,-0.03596106658176065,0.021740387219574334,0.7317764807512416,1.2613469219783566,-0.000515012886519034,1.2618619348648756,0.0
408,8.16,idle,locomotion,0,1.1964361138479407,-0.06117430215161608,0.109733396492898,-0.03597424891686557,0.02175136929372957,0.7317822934970417,1.2613525036667776,-0.0005150937370808559,1.2618675974038585,0.0
409,8.18,idle,locomotion,0,1.1953133303254255,-0.05888596844839216,0.1097334648651739,-0.03598741931074471,0.021762322781441426,0.7317881271322448,1.2613581054173655,-0.0005151745571923445,1.2618732799745578,0.0
410,8.2,idle,locomotion,0,1.194190546619201,-0.05659763442977504,0.10973347095710674,-0.03600057562070103,0.02177324986548823,0.7317939807832751,1.2613637273256142,-0.0005152554620983345,1.2618789827877126,0.0
411,8.22,idle,locomotion,0,1.193067762882046,-0.05430930035579265,0.10973346606391833,-0.03601371560063296,0.021784147222432843,0.7317998488607524,1.261369365460287,-0.0005153363789063871,1.2618847018391934,0.0
412,8.24,idle,locomotion,0,1.1919449791465615,-0.0520209662862148,0.10973346190833598,-0.036026843660475406,0.021795016454417677,0.7318057263882886,1.261375013676762,-0.0005154173599865274,1.2618904310367487,0.0
413,8.26,idle,locomotion,0,1.1908221954161236,-0.04973263222705205,0.10973345971336795,-0.03603996309412884,0.021805860696096552,0.7318116133125748,1.2613806703835377,-0.0005154986237963059,1.261896169007334,0.0
414,8.28,idle,locomotion,0,1.1896994116888924,-0.04744429817444044,0.10973345876220497,-0.036053072855371945,0.0218166783933173,0.7318175146380149,1.2613863407622212,-0.0005155798952488876,1.2619019206574702,0.0
415,8.3,idle,locomotion,0,1.1885766279631826,-0.04515596412493216,0.1097334584022746,-0.03606617299309013,0.021827469551376374,0.7318234254322732,1.2613920208856397,-0.0005156611800579414,1.2619076820656976,0.0
416,8.32,idle,locomotion,0,1.1874538442380878,-0.04286763007667928,0.10973345828205182,-0.036079265413494266,0.021838233331174604,0.7318293468486896,1.261397710670545,-0.0005157426293815187,1.2619134532999265,0.0
417,8.34,idle,locomotion,0,1.186331060513213,-0.04057929602887411,0.10973345824749173,-0.03609235067421835,0.02184897202380084,0.7318352825243332,1.2614034136225176,-0.0005158241780455798,1.2619192378005633,0.0
418,8.36,idle,locomotion,0,1.1852082767884071,-0.03829096198120892,0.1097334582397774,-0.036105428618518724,0.02185968459796177,0.7318412314998081,1.26140912878782,-0.0005159057980333968,1.2619250345858533,0.0
419,8.38,idle,locomotion,0,1.1840854930636198,-0.03600262793358016,0.10973345823907919,-0.03611849789225141,0.021870370191366194,0.7318471925670199,1.2614148558483196,-0.0005159874552881499,1.2619308433036078,0.0
420,8.4,idle,locomotion,0,1.1829627093388346,-0.033714293885957806,0.10973345823962388,-0.036131556115609365,0.021881026782643045,0.7318531668678763,1.2614205970850676,-0.0005160692686922222,1.26193666635376,0.0
421,8.42,idle,locomotion,0,1.1818399256140495,-0.03142595983833497,0.1097334582400892,-0.03614459682031488,0.021891660112430354,0.7318591436643284,1.2614263431238497,-0.0005161221074678896,1.2619424652313176,0.0
422,8.44,idle,locomotion,0,1.1807171418892644,-0.029137625790710973,0.1097334582403353,-0.03615761994487159,0.021902276521860508,0.7318651260284048,1.261432095476161,-0.0005161724892447754,1.261948267965406,0.0
423,8.46,idle,locomotion,0,1.1795943581644792,-0.02684929174308625,0.10973345824044205,-0.0361706254211129,0.021912874365099158,0.731871119667154,1.2614378581499754,-0.0005162205718856998,1.261954078721861,0.0
424,8.48,idle,locomotion,0,1.178471574439694,-0.024560957695461176,0.10973345824048249,-0.036183613488626414,0.021923452019864408,0.7318771280501346,1.2614436336947492,-0.0005162717237170537,1.2619599054184663,0.0
425,8.5,idle,locomotion,0,1.177348790714909,-0.022272623647835946,0.10973345824049598,-0.03619657954097108,0.021934014296979523,0.7318831562925292,1.2614494263950806,-0.0005163187633651367,1.2619657451584458,0.0
426,8.52,idle,locomotion,0,1.1762260069901238,-0.01998428960021068,0.10973345824049986,-0.03620951707342446,0.021944557405667166,0.7318892096683088,1.2614552438471924,-0.000516370184329349,1.2619716140315218,0.0
427,8.54,idle,locomotion,0,1.1751032232653387,-0.01769595555258541,0.10973345824050078,-0.0362224213241881,0.02195508527902302,0.7318952887774051,1.2614610873737175,-0.0005164189677653239,1.2619775063414829,0.0
428,8.56,idle,locomotion,0,1.1739804395405535,-0.015407621504960143,0.10973345824050079,-0.03623529359602966,0.021965600303407325,0.7319013877135482,1.2614669504915932,-0.0005164674394091684,1.2619834179310023,0.0
429,8.58,idle,locomotion,0,1.1728576558157684,-0.013119287457334875,0.10973345824050079,-0.03624813456610614,0.021976103893195646,0.7319075043776238,1.2614728297462274,-0.0005165185329882825,1.2619893482792157,0.0
430,8.6,idle,locomotion,0,1.1717348720909833,-0.010830953409709607,0.10973345824050079,-0.03626094337274715,0.021986597324685858,0.731913635370688,1.2614787222384345,-0.0005165650641747212,1.2619952873026092,0.0
431,8.62,idle,locomotion,0,1.1706120883661981,-0.00854261936208434,0.10973345824050079,-0.036273720718514604,0.021997080470079176,0.7319197825663306,1.261484628843524,-0.0005166139027859874,1.2620012427463099,0.0
432,8.64,idle,locomotion,0,1.169489304641413,-0.006254285314459072,0.10973345824050079,-0.03628646613239168,0.022007551986189578,0.7319259465843904,1.2614905508067693,-0.0005166653066343112,1.2620072161134037,0.0
433,8.66,idle,locomotion,0,1.1683665209166278,-0.003965951266833804,0.10973345824050079,-0.036299177908438666,0.02201800839657141,0.7319321232038952,1.2614964843499006,-0.0005167122859436254,1.262013196635844,0.0
434,8.68,idle,locomotion,0,1.1672437371918427,-0.0016776172192085191,0.10973345824050079,-0.036311855241047415,0.022028447884111343,0.731938316049031,1.2615024326795523,-0.0005167627893091845,1.2620191954688615,0.0
435,8.7,idle,locomotion,0,1.1661209534670576,0.0006107168284167639,0.10973345824050079,-0.036324503701508956,0.022038864360192065,0.7319445351254703,1.2615084036641426,-0.0005168307996139855,1.2620252344637566,0.0
436,8.72,idle,locomotion,0,1.1649981697422724,0.002899050876042048,0.10973345824050079,-0.03633712683019151,0.02204924874191767,0.7319507846151713,1.2615144010047832,-0.0005169128560687658,1.2620313138608519,0.0
437,8.74,idle,locomotion,0,1.1638753860174873,0.005187384923667324,0.10973345824050079,-0.036349722835722416,0.022059598481419553,0.7319570608699596,1.2615204229839405,-0.0005169997458706506,1.2620374227298112,0.0
438,8.76,idle,locomotion,0,1.1627526022927022,0.007475718971292592,0.10973345824050079,-0.0363622933210073,0.022069916707833346,0.7319633622345236,1.2615264681570237,-0.0005170881612364467,1.2620435563182602,0.0
439,8.78,idle,locomotion,0,1.161629818567917,0.00976405301891786,0.10973345824050079,-0.036374841831755045,0.02208020113483071,0.7319696796343296,1.2615325278564606,-0.0005171769989739949,1.2620497048554347,0.0
440,8.8,idle,locomotion,0,1.160507034843132,0.012052387066543128,0.10973345824050079,-0.03638737035094158,0.022090448544015484,0.7319760065767608,1.2615385960990078,-0.0005172660998334216,1.2620558621988411,0.0
441,8.82,idle,locomotion,0,1.1593842511183468,0.014340721114168396,0.10973345824050079,-0.03639988057939208,0.02210065574598488,0.7319823395312681,1.2615446706267632,-0.0005173553118358251,1.262062025938599,0.0
442,8.84,idle,locomotion,0,1.1582614673935616,0.016629055161793665,0.10973345824050079,-0.036412376528420644,0.022110820836335567,0.7319886700885778,1.261550743589616,-0.0005174445620169388,1.262068188151633,0.0
443,8.86,idle,locomotion,0,1.1571386836687765,0.018917389209418933,0.10973345824050079,-0.036424865256279214,0.022120947374628202,0.7319950014001307,1.2615568157901182,-0.0005175339879237364,1.262074349778042,0.0
444,8.88,idle,locomotion,0,1.1560158999439913,0.0212057232570442,0.10973345824050079,-0.03643734916858258,0.022131034834306253,0.7320013411338018,1.2615628942006176,-0.0005176238742639547,1.2620805180748815,0.0
445,8.9,idle,locomotion,0,1.1548931162192062,0.02349405730466947,0.10973345824050079,-0.036449825537853184,0.022141075803120816,0.7320076894965073,1.2615689814572026,-0.0005177139573764901,1.262086695414579,0.0
446,8.92,idle,locomotion,0,1.153770332494421,0.025782391352294737,0.10973345824050079,-0.03646229324917207,0.02215106905604831,0.7320140509093079,1.26157508323199,-0.0005178042012109058,1.262092887433201,0.0
447,8.94,idle,locomotion,0,1.152647548769636,0.028070725399920005,0.10973345824050079,-0.03647475423131152,0.02216101750584972,0.7320204299405296,1.261581203989594,-0.000517894649454051,1.262099098639048,0.0
448,8.96,idle,locomotion,0,1.1515247650448508,0.030359059447545272,0.10973345824050079,-0.0364872131370111,0.022170921884622684,0.7320268218939705,1.2615873380643507,-0.000517985067003738,1.2621053231313546,0.0
449,8.98,idle,locomotion,0,1.1504019813200657,0.032647393495170624,0.10973345824050079,-0.036499672619457225,0.02218078009923832,0.7320332243876552,1.261593482099265,-0.0005180757359806963,1.2621115578352455,0.0
450,9.0,idle,locomotion,0,1.1492791975952805,0.03493572754279603,0.10973345824050079,-0.03651213377198272,0.022190592440975127,0.7320396400018292,1.261599638377961,-0.0005181665367026099,1.2621178049146637,0.0
451,9.02,idle,locomotion,0,1.1481564138704954,0.03722406159042144,0.10973345824050079,-0.03652459636258494,0.022200357946311144,0.73204607177708,1.2616058098602259,-0.0005182577188784405,1.2621240675791043,0.0
452,9.04,idle,locomotion,0,1.1470336301457102,0.03951239563804684,0.10973345824050079,-0.036537060404954684,0.022210076237931586,0.7320525160943737,1.2616119935965988,-0.0005183489852135827,1.2621303425818124,0.0
453,9.06,idle,locomotion,0,1.1459108464209251,0.04180072968567225,0.10973345824050079,-0.036549526312592624,0.022219743877203605,0.7320589650198503,1.261618182257431,-0.0005184403616168322,1.2621366226190478,0.0
454,9.08,idle,locomotion,0,1.14478806269614,0.044089063733297656,0.10973345824050079,-0.03656199486308848,0.022229361659832077,0.7320654158703276,1.2616243738288193,-0.0005185317366574946,1.2621429055654767,0.0
455,9.1,idle,locomotion,0,1.1436652789713548,0.04637739778092306,0.10973345824050079,-0.036574469021384975,0.02223893566423264,0.7320718780381261,1.2616305757621855,-0.0005186234144821424,1.2621491991766676,0.0
456,9.12,idle,locomotion,0,1.1425424952465697,0.04866573182854847,0.10973345824050079,-0.036586948321564075,0.02224846688916335,0.7320783591514352,1.2616367953377645,-0.0005187153634019608,1.2621555107011664,0.0
457,9.14,idle,locomotion,0,1.1414197115217846,0.050954065876173876,0.10973345824050079,-0.036599430580405774,0.022257951675946193,0.7320848567874437,1.2616430311789129,-0.000518807543183078,1.2621618387220959,0.0
458,9.16,idle,locomotion,0,1.1402969277969994,0.05324239992379928,0.10973345824050079,-0.03661191384712249,0.02226738807504677,0.7320913697553079,1.2616492831995636,-0.0005189004176502331,1.2621681836172138,0.0
459,9.18,idle,locomotion,0,1.1391741440722143,0.05553073397142469,0.10973345824050079,-0.03662439937289517,0.02227677916329389,0.7320978992072653,1.261655552287106,-0.0005189942702079238,1.262174546557314,0.0
460,9.2,idle,locomotion,0,1.1380513603474292,0.057819068019050096,0.10973345824050079,-0.03663688802377438,0.02228612514675834,0.7321044439821496,1.2616618369992134,-0.0005190886069298024,1.2621809256061431,0.0
461,9.22,idle,locomotion,0,1.136928576622644,0.0601074020666755,0.10973345824050079,-0.03664938236671275,0.022295427206373654,0.7321109993441102,1.2616681319063594,-0.0005191830308404616,1.2621873149371998,0.0
462,9.24,idle,locomotion,0,1.1358057928978589,0.06239573611430091,0.10973345824050079,-0.03666188565563102,0.022304686651531843,0.7321175632722057,1.2616744332403138,-0.000519277704998114,1.2621937109453119,0.0
463,9.26,idle,locomotion,0,1.1346830091730737,0.06468407016192632,0.10973345824050079,-0.03667439592749476,0.02231390090952278,0.7321241431908397,1.2616807486218478,-0.0005193731965697918,1.2622001218184176,0.0
464,9.28,idle,locomotion,0,1.1335602254482886,0.06697240420955172,0.10973345824050079,-0.036686910402413626,0.022323067208712386,0.7321307391188754,1.2616870799210653,-0.0005194698472259056,1.2622065497682913,0.0
465,9.3,idle,locomotion,0,1.1324374417235035,0.06926073825717713,0.10973345824050079,-0.03669942901378296,0.022332186174188057,0.7321373442430715,1.261693421104611,-0.0005195671772059811,1.262212988281817,0.0
466,9.32,idle,locomotion,0,1.1313146579987183,0.07154907230480254,0.10973345824050079,-0.03671195400334636,0.02234126051819336,0.7321439565508091,1.2616997696319172,-0.0005196648190462852,1.2622194344509634,0.0
467,9.34,idle,locomotion,0,1.1301918742739332,0.07383740635242794,0.10973345824050079,-0.036724487596425666,0.022350291922522858,0.7321505762372559,1.2617061247589276,-0.0005197627485472589,1.262225887507475,0.0
468,9.36,idle,locomotion,0,1.129069090549148,0.07612574040005335,0.10973345824050079,-0.03673702957456503,0.02235927987660032,0.7321572040063223,1.2617124872268146,-0.0005198609740517772,1.2622323482008664,0.0
469,9.38,idle,locomotion,0,1.127946306824363,0.07841407444767876,0.10973345824050079,-0.03674958119226879,0.02236822440709802,0.7321638369633775,1.2617188541388278,-0.0005199591397014695,1.2622388132785292,0.0
470,9.4,idle,locomotion,0,1.1268235230995778,0.08070240849530416,0.10973345824050079,-0.03676214463824862,0.022377125734606238,0.7321704720390461,1.261725221761525,-0.0005200574446217951,1.2622452792061467,0.0
471,9.42,idle,locomotion,0,1.1257007393747926,0.08299074254292957,0.10973345824050079,-0.03677470105609114,0.022386020068592305,0.732177088287839,1.261731573002319,-0.0005201101284831068,1.2622516831308022,0.0
472,9.44,idle,locomotion,0,1.1245779556500075,0.08527907659055498,0.10973345824050079,-0.03678725136279145,0.02239491648559796,0.7321837011737558,1.261737921383935,-0.0005201575676323511,1.2622580789515674,0.0
473,9.46,idle,locomotion,0,1.1234551719252224,0.08756741063818038,0.10973345824050079,-0.03679979346810499,0.022403815003629625,0.7321903289442706,1.2617442828422358,-0.0005202030292275894,1.2622644858714633,0.0
474,9.48,idle,locomotion,0,1.1223323882004372,0.08985574468580579,0.10973345824050079,-0.03681232185887438,0.02241271616709455,0.7321969910156126,1.261750676739925,-0.0005202525499283378,1.2622709292898533,0.0
475,9.5,idle,locomotion,0,1.121209604475652,0.0921440787334312,0.10973345824050079,-0.03682483192090563,0.022421629992639247,0.7322036898301253,1.2617571040842421,-0.0005202991950347124,1.2622774032792767,0.0
476,9.52,idle,locomotion,0,1.120086820750867,0.0944324127810566,0.10973345824050079,-0.0368373212898378,0.022430565224726196,0.7322104233108834,1.2617635634201885,-0.0005203436625180469,1.2622839070827065,0.0
477,9.54,idle,locomotion,0,1.1189640370260818,0.09672074682868201,0.10973345824050079,-0.03684978768247224,0.022439521164369935,0.7322171929383118,1.2617700547682948,-0.0005203921404863983,1.2622904469087812,0.0
478,9.56,idle,locomotion,0,1.1178412533012967,0.09900908087630741,0.10973345824050079,-0.03686223027966815,0.022448501523976736,0.7322239793006821,1.261776561763373,-0.0005204388306963292,1.2622970005940692,0.0
479,9.58,idle,locomotion,0,1.1167184695765116,0.10129741492393282,0.10973345824050079,-0.03687465271302916,0.022457508324518316,0.7322307743179236,1.2617830752149042,-0.0005204815050375983,1.2623035567199419,0.0
480,9.6,idle,locomotion,0,1.1155956858517264,0.10358574897155823,0.10973345824050079,-0.03688705835709263,0.022466532004470217,0.7322375965753228,1.2617896106880806,-0.0005205296657190342,1.2623101403537997,0.0
481,9.62,idle,locomotion,0,1.1144729021269413,0.10587408301918363,0.10973345824050079,-0.036899442768424655,0.022475577116816164,0.7322444447906682,1.261796169168881,-0.0005205756110783638,1.2623167447799595,0.0
482,9.64,idle,locomotion,0,1.1133501184021561,0.10816241706680904,0.10973345824050079,-0.036911806442510985,0.02248464075378885,0.7322513187088743,1.2618027488783037,-0.0005206213539375969,1.2623233702322412,0.0
483,9.66,idle,locomotion,0,1.112227334677371,0.11045075111443445,0.10973345824050079,-0.0369241486288486,0.022493707200707074,0.7322582133164933,1.2618093451392705,-0.0005206657286937477,1.2623300108679643,0.0
484,9.68,idle,locomotion,0,1.1111045509525859,0.11273908516205985,0.10973345824050079,-0.03693647917669853,0.022502762020308823,0.7322651244950104,1.261815953000826,-0.0005207103735769894,1.2623366633744029,0.0
485,9.7,idle,locomotion,0,1.1099817672278007,0.11502741920968526,0.10973345824050079,-0.03694880338814209,0.022511803323125426,0.732272044544947,1.2618225666267733,-0.0005207542222691632,1.2623433208490424,0.0
486,9.72,idle,locomotion,0,1.1088589835030156,0.11731575325731067,0.10973345824050079,-0.036961120581886955,0.022520820837313663,0.732278987251977,1.261829198835311,-0.0005207985577357216,1.2623499973930468,0.0
487,9.74,idle,locomotion,0,1.1077361997782305,0.11960408730493607,0.10973345824050079,-0.03697342892005734,0.02252980734487193,0.7322859738916733,1.2618358724333252,-0.0005208446516765664,1.2623567170850016,0.0
488,9.76,idle,locomotion,0,1.1066134160534453,0.12189242135256148,0.10973345824050079,-0.036985726451767,0.022538755991873227,0.7322930117272455,1.261842595506209,-0.000520888402064764,1.2623634839082736,0.0
489,9.78,idle,locomotion,0,1.1054906323286602,0.12418075540018689,0.10973345824050079,-0.036998015807973156,0.02254765651245337,0.7323000960237349,1.2618493640713822,-0.0005209355958490404,1.2623702996672312,0.0
490,9.8,idle,locomotion,0,1.104367848603875,0.1264690894478123,0.10973345824050079,-0.03701029466386579,0.022556508632042765,0.732307229903065,1.2618561791811123,-0.000520984035074841,1.262377163216187,0.0
491,9.82,idle,locomotion,0,1.10324506487909,0.1287574234954377,0.10973345824050079,-0.03702256050508556,0.022565306124645905,0.732314413740328,1.2618630415728895,-0.000521030791788616,1.2623840723646782,0.0
492,9.84,idle,locomotion,0,1.1021222811543048,0.1310457575430631,0.10973345824050079,-0.03703482512400094,0.022574021690264744,0.7323216530257362,1.2618699543868452,-0.0005211043888337097,1.262391058775679,0.0
493,9.86,idle,locomotion,0,1.1009994974295196,0.1333340915906885,0.10973345824050079,-0.037047095895936785,0.022582622453496307,0.7323289507595631,1.2618769214037593,-0.0005212061695862615,1.2623981275733456,0.0
494,9.88,idle,locomotion,0,1.0998767137047345,0.13562242563831392,0.10973345824050079,-0.037059375581365316,0.022591094052451195,0.7323362884093692,1.2618839279755094,-0.0005213215654374,1.2624052495409468,0.0
495,9.9,idle,locomotion,0,1.0987539299799494,0.13791075968593933,0.10973345824050079,-0.037071671669753586,0.022599429532965988,0.7323436453238928,1.261890954274889,-0.000521443074528366,1.2624123973494175,0.0
496,9.92,idle,locomotion,0,1.0976311462551642,0.14019909373356473,0.10973345824050079,-0.037083991036010254,0.022607619340496325,0.7323510104297036,1.2618979896297706,-0.0005215672848292302,1.2624195569146,0.0
497,9.94,idle,locomotion,0,1.096508362530379,0.14248742778119014,0.10973345824050079,-0.03709633981610476,0.022615657110873835,0.7323583809233655,1.2619050310094742,-0.0005216925932381954,1.2624267236027122,0.0
498,9.96,idle,locomotion,0,1.095385578805594,0.14477576182881555,0.10973345824050079,-0.03710872307270405,0.022623531442518923,0.7323657535579633,1.2619120757038955,-0.0005218186400389006,1.2624338943439344,0.0
499,9.98,idle,locomotion,0,1.0942627950808088,0.14706409587644095,0.10973345824050079,-0.03712114551303086,0.02263123655933107,0.7323731218586409,1.2619191182651115,-0.0005219456673851847,1.2624410639324968,0.0
500,10.0,idle,locomotion,0,1.0931400113560237,0.14935242992406636,0.10973345824050079,-0.03713360878285951,0.022638766353833006,0.7323804841030763,1.2619261568575195,-0.0005221124647044363,1.2624482693222239,0.0
501,10.02,idle,locomotion,0,1.0920172276312385,0.15164076397169177,0.10973345824050079,-0.037146113532367665,0.022646121903708565,0.7323878452708805,1.2619331973392793,-0.0005223461347135042,1.2624555434739928,0.0
502,10.04,idle,locomotion,0,1.0908944439064534,0.15392909801931717,0.10973345824050079,-0.03715866191028616,0.02265329596154453,0.7323952069858515,1.2619402416480248,-0.0005225809472213308,1.2624628225952461,0.0
503,10.06,idle,locomotion,0,1.0897716601816683,0.15621743206694258,0.10973345824050079,-0.03717125909461873,0.022660293446209217,0.7324025790061888,1.2619472970975063,-0.0005228166382954674,1.2624701137358019,0.0
504,10.08,idle,locomotion,0,1.0886488764568831,0.158505766114568,0.10973345824050079,-0.03718390580493202,0.022667111232487883,0.7324099619090993,1.2619543650823457,-0.000523053466727718,1.2624774185490735,0.0
505,10.1,idle,locomotion,0,1.087526092732098,0.1607941001621934,0.10973345824050079,-0.0371965999406337,0.02267374557141119,0.7324173592807232,1.2619614498800218,-0.0005232913865833577,1.2624847412666051,0.0
506,10.12,idle,locomotion,0,1.0864033090073129,0.1630824342098188,0.10973345824050079,-0.03720934154097549,0.022680197881467568,0.7324247670430335,1.2619685492701023,-0.0005235304689958954,1.2624920797390982,0.0
507,10.14,idle,locomotion,0,1.0852805252825277,0.1653707682574442,0.10973345824050079,-0.03722213133748839,0.022686474049288703,0.7324321813753791,1.2619756584473834,-0.0005237705539916371,1.262499429001375,0.0
508,10.16,idle,locomotion,0,1.0841577415577426,0.1676591023050696,0.10973345824050079,-0.03723496722250088,0.02269257688836235,0.7324396103219544,1.2619827856754318,-0.0005240113809069427,1.2625067970563386,0.0
509,10.18,idle,locomotion,0,1.0830349578329574,0.16994743635269502,0.10973345824050079,-0.037247850460266574,0.02269851861516372,0.7324470501644009,1.2619899279742657,-0.0005242580038391127,1.2625141859781048,0.0
510,10.2,idle,locomotion,0,1.0819121741081723,0.17223577040032043,0.10973345824050079,-0.03726078654919119,0.02270429407641146,0.7324544902396666,1.261997072521271,-0.0005245108847609474,1.262521583406032,0.0
511,10.22,idle,locomotion,0,1.0807893903833872,0.17452410444794583,0.10973345824050079,-0.03727377784202365,0.022709917550754223,0.7324619311307834,1.2620042186022056,-0.0005247645795904941,1.262528983181796,0.0
512,10.24,idle,locomotion,0,1.079666606658602,0.17681243849557124,0.10973345824050079,-0.037286822178189356,0.022715394222689516,0.7324693711213767,1.2620113643474995,-0.000525018819054205,1.2625363831665537,0.0
513,10.26,idle,locomotion,0,1.078543822933817,0.17910077254319665,0.10973345824050079,-0.037299900554085094,0.022720744751852533,0.7324767992910022,1.2620185031186193,-0.0005252247845873997,1.2625437279032068,0.0
514,10.28,idle,locomotion,0,1.0774210392090318,0.18138910659082205,0.10973345824050079,-0.037313009653222075,0.02272598207586359,0.732484225530301,1.2620256444184799,-0.0005254135845042147,1.2625510580029842,0.0
515,10.3,idle,locomotion,0,1.0762982554842466,0.18367744063844746,0.10973345824050079,-0.03732615201814263,0.022731110711805287,0.7324916595659791,1.262032794544393,-0.000525600826901066,1.262558395371294,0.0
516,10.32,idle,locomotion,0,1.0751754717594615,0.18596577468607287,0.10973345824050079,-0.03733932115461366,0.022736148681994466,0.7324991169306746,1.2620399664289288,-0.0005257930747709881,1.2625657595036999,0.0
517,10.34,idle,locomotion,0,1.0740526880346764,0.18825410873369827,0.10973345824050079,-0.03735250477421692,0.022741113986441137,0.7325066052630926,1.2620471687347383,-0.0005259871384950578,1.2625731558732334,0.0
518,10.36,idle,locomotion,0,1.0729299043098912,0.19054244278132368,0.10973345824050079,-0.03736569275878657,0.02274601738102304,0.7325141224290277,1.2620543981310797,-0.000526180932252273,1.262580579063332,0.0
519,10.38,idle,locomotion,0,1.071807120585106,0.19283077682894909,0.10973345824050079,-0.03737887623386985,0.022750868077488415,0.7325216555740833,1.2620616422577315,-0.0005263755248693554,1.262588017782601,0.0
520,10.4,idle,locomotion,0,1.070684336860321,0.1951191108765745,0.10973345824050079,-0.03739204985162096,0.022755678072801606,0.7325291945022295,1.262068889559096,-0.0005265727155663244,1.2625954622746622,0.0
521,10.42,idle,locomotion,0,1.0695615531355358,0.1974074449241999,0.10973345824050079,-0.037405206292458075,0.022760460133386833,0.7325367376550687,1.2620761372950535,-0.0005267649796292968,1.2626029022746827,0.0
522,10.44,idle,locomotion,0,1.0684387694107507,0.1996957789718253,0.10973345824050079,-0.03741834288889406,0.022765221372864044,0.7325442859847582,1.2620833867635843,-0.0005269674778620205,1.2626103542414464,0.0
523,10.46,idle,locomotion,0,1.0673159856859655,0.2019841130194507,0.10973345824050079,-0.037431464520492265,0.022769963283498198,0.732551844644156,1.26209064058333,-0.0005271984530848539,1.262617839036415,0.0
524,10.48,idle,locomotion,0,1.0661932019611804,0.20427244706707612,0.10973345824050079,-0.037444583258493834,0.02277468148649457,0.7325594228833305,1.2620979056317327,-0.0005274730499102986,1.262625378681643,0.0
525,10.5,idle,locomotion,0,1.0650704182363953,0.20656078111470152,0.10973345824050079,-0.03745770232735792,0.022779377108325418,0.7325670103869608,1.2621051723376198,-0.0005277716582095839,1.2626329439958293,0.0
526,10.52,idle,locomotion,0,1.0639476345116101,0.20884911516232693,0.10973345824050079,-0.03747082153788446,0.02278405418754969,0.7325746005982795,1.2621124352940416,-0.0005280810837561996,1.2626405163777978,0.0
527,10.54,idle,locomotion,0,1.0628961653409719,0.21099210374515323,0.10973345824050079,-0.03748394024397021,0.022788714892234413,0.7325821937287423,1.262119696001157,-0.0005283949681224448,1.2626480909692794,0.0
528,10.56,idle,locomotion,0,1.0620072580400375,0.21280377676562592,0.10973345824050079,-0.03749705983856767,0.022793361231543498,0.7325897878047041,1.2621269529720618,-0.0005287105969754118,1.2626556635690371,0.0
529,10.58,idle,locomotion,0,1.0613154140902312,0.21421381795099526,0.10973345824050079,-0.03751018118905122,0.022797992600080943,0.7325973807848644,1.2621342046042876,-0.0005290269891305051,1.262663231593418,0.0
530,10.6,idle,locomotion,0,1.0607294780339376,0.21540801018261505,0.10973345824050079,-0.03752330553098155,0.022802608626509863,0.732604972389306,1.26214145104889,-0.0005293435312567069,1.2626707945801467,0.0
531,10.62,idle,locomotion,0,1.060145621214338,0.2165979647583586,0.10973345824050079,-0.037536433555491,0.02280720746031036,0.7326125692511803,1.26214869867358,-0.0005296610396991995,1.2626783597132791,0.0
532,10.64,idle,locomotion,0,1.059562034803074,0.2177873682196101,0.10973345824050079,-0.03754956603721989,0.022811786470572092,0.7326201738243864,1.2621559512214675,-0.0005299860051983483,1.2626859372266659,0.0
533,10.66,idle,locomotion,0,1.058978483558883,0.21897670000746666,0.10973345824050079,-0.03756270273505468,0.022816343590670814,0.732627795595625,1.2621632176765194,-0.0005303243835726688,1.262693542060092,0.0
534,10.68,idle,locomotion,0,1.05839493688823,0.220166022474074,0.10973345824050079,-0.03757584104841851,0.022820876459623437,0.7326354439670141,1.2621705082164048,-0.0005306650309067594,1.2627011732473115,0.0
535,10.7,idle,locomotion,0,1.0578113908123747,0.2213553437284367,0.10973345824050079,-0.037588979086814044,0.022825381968180538,0.7326431207364725,1.262177824598013,-0.0005310071021913873,1.2627088317002044,0.0
536,10.72,idle,locomotion,0,1.0572278448138737,0.22254466482514498,0.10973345824050079,-0.037602113398915366,0.022829856583983697,0.7326508220992058,1.262185164545887,-0.0005313501524048907,1.262716514698292,0.0
537,10.74,idle,locomotion,0,1.0566442988254319,0.22373398590134996,0.10973345824050079,-0.037615242823207024,0.02283429765430344,0.7326585419805309,1.2621925228116302,-0.0005316936758073404,1.2627242164874375,0.0
538,10.76,idle,locomotion,0,1.0560607528382995,0.22492330697488844,0.10973345824050079,-0.03762836895240693,0.022838703891875325,0.7326662768466119,1.2621998952347535,-0.0005320377022428671,1.2627319329369964,0.0
539,10.78,idle,locomotion,0,1.0554772068513372,0.2261126280480801,0.10973345824050079,-0.0376414896101742,0.02284307298168233,0.7326740342399729,1.2622072891783063,-0.0005323824285828581,1.262739671606889,0.0
540,10.8,idle,locomotion,0,1.0548936608643973,0.22730194912122673,0.10973345824050079,-0.03765460281246901,0.022847403323109652,0.732681821123033,1.2622147121650635,-0.0005327275874419564,1.2627474397525056,0.0
541,10.82,idle,locomotion,0,1.054310114877461,0.2284912701943676,0.10973345824050079,-0.03766771007410942,0.022851693321240617,0.7326896285298816,1.2622221550566788,-0.0005330733872013355,1.26275522844388,0.0
542,10.84,idle,locomotion,0,1.0537265688905246,0.22968059126750726,0.10973345824050079,-0.03768081017561669,0.02285594178954987,0.732697453963792,1.2622296154400843,-0.0005334197046728377,1.2627630351447572,0.0
543,10.86,idle,locomotion,0,1.0531430229035883,0.23086991234064677,0.10973345824050079,-0.037693902384757914,0.02286014774761709,0.7327053004211032,1.2622370965365541,-0.0005337665887710716,1.2627708631253252,0.0
544,10.88,idle,locomotion,0,1.052559476916652,0.2320592334137863,0.10973345824050079,-0.037706985693172004,0.022864310402810818,0.7327131712591166,1.262244601469525,-0.0005341143403924178,1.2627787158099175,0.0
545,10.9,idle,locomotion,0,1.0519759309297156,0.2332485544869258,0.10973345824050079,-0.037720061431406715,0.022868427821850272,0.7327210655445023,1.262252128817242,-0.0005344626003800299,1.262786591417622,0.0
546,10.92,idle,locomotion,0,1.0513923849427793,0.23443787556006532,0.10973345824050079,-0.037733130699581056,0.022872497741336855,0.7327289813312993,1.2622596756111157,-0.0005348114424623233,1.262794487053578,0.0
547,10.94,idle,locomotion,0,1.050808838955843,0.23562719663320483,0.10973345824050079,-0.03774619236226843,0.02287651808553675,0.7327369205364027,1.2622672438107876,-0.0005351609118049681,1.2628024047225925,0.0
548,10.96,idle,locomotion,0,1.0502252929689067,0.23681651770634435,0.10973345824050079,-0.03775924454224793,0.022880486865535177,0.7327448840273983,1.2622748348656396,-0.0005355110941407878,1.2628103459597804,0.0
549,10.98,idle,locomotion,0,1.0496417469819703,0.23800583877948386,0.10973345824050079,-0.03777228487520456,0.022884402500645374,0.7327528745087296,1.2622824522430758,-0.0005358619941646867,1.2628183142372404,0.0
550,11.0,idle,locomotion,0,1.049058200995034,0.23919515985262338,0.10973345824050079,-0.037785312234328065,0.022888263445522042,0.7327608887825995,1.2622900938429475,-0.0005362135389502705,1.2628263073818977,0.0
551,11.02,idle,locomotion,0,1.0484746550080977,0.2403844809257629,0.10973345824050079,-0.037798329626617416,0.022892071153562465,0.7327689241907422,1.2622977554323427,-0.0005365656488427878,1.2628343210811854,0.0
552,11.04,idle,locomotion,0,1.0478911090211613,0.2415738019989024,0.10973345824050079,-0.03781134010844371,0.022895825832311808,0.7327769805649962,1.2623054349096086,-0.0005369183945604164,1.262842353304169,0.0
553,11.06,idle,locomotion,0,1.047307563034225,0.24276312307204193,0.10973345824050079,-0.037824341828455746,0.02289952640050085,0.7327850609286936,1.2623131350774892,-0.0005372718412096252,1.2628504069186988,0.0
554,11.08,idle,locomotion,0,1.0467240170472887,0.24395244414518144,0.10973345824050079,-0.03783733067621093,0.02290317058124416,0.7327931692629371,1.262320861045319,-0.0005376259979716289,1.2628584870432906,0.0
555,11.1,idle,locomotion,0,1.0461404710603524,0.24514176521832096,0.10973345824050079,-0.037850302540052116,0.02290675683460612,0.7328013067529439,1.2623286154291253,-0.0005379810046745037,1.2628665964338,0.0
556,11.12,idle,locomotion,0,1.045556925073416,0.24633108629146047,0.10973345824050079,-0.03786325790239398,0.022910285652199054,0.7328094730816873,1.2623363975167596,-0.0005383364641412154,1.2628747339809008,0.0
557,11.14,idle,locomotion,0,1.0449733790864797,0.2475204073646,0.10973345824050079,-0.03787619663204597,0.022913756231965135,0.7328176659225876,1.262344204711891,-0.0005386925368220004,1.262882897248713,0.0
558,11.16,idle,locomotion,0,1.0443898330995434,0.2487097284377395,0.10973345824050079,-0.037889118012581664,0.022917167386951143,0.7328258777419108,1.2623520304227438,-0.0005390491306618769,1.2628910795534056,0.0
559,11.18,idle,locomotion,0,1.043806287112607,0.24989904951087902,0.10973345824050079,-0.03790202257623741,0.022920518972212492,0.7328341032419745,1.2623598694710587,-0.0005394062529235355,1.2628992757239823,0.0
560,11.2,idle,locomotion,0,1.0432227411256707,0.25108837058401956,0.10973345824050079,-0.0379149104469596,0.02292381130143243,0.7328423446558462,1.2623677241616162,-0.0005397640661658938,1.2629074882277822,0.0
561,11.22,idle,locomotion,0,1.0426391951387344,0.2522776916571602,0.10973345824050079,-0.03792778277676773,0.022927045228184072,0.7328506027120416,1.262375595116042,-0.0005401224764640319,1.262915717592506,0.0
562,11.24,idle,locomotion,0,1.042055649151798,0.2534670127303008,0.10973345824050079,-0.03794063904396274,0.022930222209931544,0.7328588776175446,1.2623834837665124,-0.0005404815599996046,1.262923965326512,0.0
563,11.26,idle,locomotion,0,1.0414721031648617,0.25465633380344144,0.10973345824050079,-0.03795344205224561,0.022933361907255395,0.7328671498892405,1.2623913705272245,-0.0005405780814961188,1.2629319486087207,0.0
564,11.28,idle,locomotion,0,1.0408885571779254,0.25584565487658206,0.10973345824050079,-0.0379662111154615,0.022936445884007187,0.7328754643194981,1.2623993000252356,-0.0005407111990186654,1.2629400112242544,0.0
565,11.3,idle,locomotion,0,1.040305011190989,0.2570349759497227,0.10973345824050079,-0.0379789318828107,0.022939463893320966,0.7328838227077107,1.262407271991204,-0.0005408127172213499,1.2629480847084253,0.0
566,11.32,idle,locomotion,0,1.0397214652040527,0.2582242970228633,0.10973345824050079,-0.037991598875496094,0.022942425862538897,0.7328922331055872,1.262415297185649,-0.0005409337938608039,1.26295623097951,0.0
567,11.34,idle,locomotion,0,1.0391379192171164,0.25941361809600394,0.10973345824050079,-0.03800420839465061,0.02294536289270869,0.7329006796651583,1.2624233611532776,-0.0005410572263560287,1.2629644183796336,0.0
568,11.36,idle,locomotion,0,1.03855437323018,0.26060293916914457,0.10973345824050079,-0.03801675995974894,0.022948303836881314,0.7329091679130347,1.2624314662477332,-0.0005411893814019145,1.2629726556291352,0.0
569,11.38,idle,locomotion,0,1.0379708272432437,0.2617922602422852,0.10973345824050079,-0.038029243139799454,0.02295129602284943,0.7329176943991645,1.2624396108341438,-0.0005413168497720687,1.262980927683916,0.0
570,11.4,idle,locomotion,0,1.0373872812563074,0.2629815813154258,0.10973345824050079,-0.03804166537325939,0.022954378142458362,0.7329262695922786,1.2624478016060439,-0.0005414924408105211,1.2629892940468543,0.0
571,11.42,idle,locomotion,0,1.036803735269371,0.26417090238856644,0.10973345824050079,-0.03805400723487604,0.022957642949056334,0.7329348737095571,1.262456019908252,-0.0005416620426896557,1.2629976819509416,0.0
572,11.44,idle,locomotion,0,1.0362201892824348,0.26536022346170707,0.10973345824050079,-0.03806627475995288,0.022961117654083183,0.7329435236853573,1.2624642748079402,-0.0005418200530508469,1.2630060948609911,0.0
573,11.46,idle,locomotion,0,1.0356366432954984,0.2665495445348477,0.10973345824050079,-0.03807846781931786,0.022964804472424376,0.732952210496809,1.2624725586381587,-0.0005419552145552835,1.263014513852714,0.0
574,11.48,idle,locomotion,0,1.035053097308562,0.2677388656079883,0.10973345824050079,-0.038090593663529834,0.022968701118046976,0.7329609100002724,1.2624808468808497,-0.0005420733003729805,1.2630229201812226,0.0
575,11.5,idle,locomotion,0,1.0344695513216258,0.26892818668112894,0.10973345824050079,-0.038102668884159564,0.022972794271659165,0.7329696178138904,1.2624891324814655,-0.0005422078977407631,1.2630313403792064,0.0
576,11.52,idle,locomotion,0,1.0338860053346894,0.27011750775426957,0.10973345824050079,-0.038114689711747175,0.02297709216609213,0.7329783373486504,1.2624974192527199,-0.0005423290124413581,1.2630397482651612,0.0
577,11.54,idle,locomotion,0,1.033302459347753,0.2713068288274102,0.10973345824050079,-0.03812666309103456,0.022981582153744903,0.7329871131872909,1.262505742249666,-0.0005424620327555835,1.2630482042824216,0.0
578,11.56,idle,locomotion,0,1.0327189133608168,0.2724961499005508,0.10973345824050079,-0.03813857017675551,0.022986270187123906,0.7329959467033801,1.2625141104855184,-0.0005425800188649937,1.2630566905043834,0.0
579,11.58,idle,locomotion,0,1.0321353673738805,0.27368547097369145,0.10973345824050079,-0.03815041213449846,0.02299114678792598,0.7330048177771363,1.2625225095424744,-0.0005427024445294679,1.2630652119870038,0.0
580,11.6,idle,locomotion,0,1.0315518213869441,0.2748747920468321,0.10973345824050079,-0.0381621953937742,0.0229962050089082,0.7330137191884007,1.262530929016256,-0.0005428225716809024,1.2630737515879369,0.0
581,11.62,idle,locomotion,0,1.0309682754000078,0.2760641131199727,0.10973345824050079,-0.03817392499185571,0.02300143346466203,0.7330226599495364,1.2625393785271115,-0.0005429466988662486,1.2630823252259777,0.0
582,11.64,idle,locomotion,0,1.0303847294130715,0.2772534341931133,0.10973345824050079,-0.038185603463346963,0.023006819212429357,0.7330316389458058,1.262547858397176,-0.000543071536856149,1.2630909299340323,0.0
583,11.66,idle,locomotion,0,1.0298011834261351,0.27844275526625395,0.10973345824050079,-0.03819723243274681,0.023012353977103918,0.7330406542333912,1.2625563674168172,-0.00054319014469301,1.2630995575615103,0.0
584,11.68,idle,locomotion,0,1.0292176374391988,0.2796320763393946,0.10973345824050079,-0.038208814996821834,0.02301802605195593,0.7330497119743355,1.2625649119606401,-0.00054330706449119,1.2631082190251313,0.0
585,11.7,idle,locomotion,0,1.0286340914522625,0.2808213974125352,0.10973345824050079,-0.03822035552593839,0.02302381903649877,0.7330588270106246,1.2625735054858347,-0.0005434285107532681,1.263116933996588,0.0
586,11.72,idle,locomotion,0,1.0280505454653261,0.2820107184856758,0.10973345824050079,-0.038231864890277516,0.02302970871227988,0.7330680003060207,1.262582151114074,-0.0005435760811925948,1.2631257271952665,0.0
587,11.74,idle,locomotion,0,1.0274669994783898,0.28320003955881645,0.10973345824050079,-0.038243364279030315,0.023035651542145548,0.7330772446694744,1.2625908559873944,-0.0005437900839434864,1.263134646071338,0.0
588,11.76,idle,locomotion,0,1.0268834534914535,0.2843893606319571,0.10973345824050079,-0.03825489409012543,0.023041545030152023,0.7330865890098985,1.2625996460447955,-0.0005441463611942227,1.2631437924059896,0.0
589,11.78,idle,locomotion,0,1.0262999075045172,0.2855786817050977,0.10973345824050079,-0.03826647358078295,0.023047326022679546,0.7330960247718551,1.2626085144266046,-0.000544616176336242,1.2631531306029409,0.0
590,11.8,idle,locomotion,0,1.0257163615175808,0.28676800277823833,0.10973345824050079,-0.038278120412886654,0.023052952470126915,0.733105536001704,1.262617448496485,-0.0005451746580224723,1.2631626231545074,0.0
591,11.82,idle,locomotion,0,1.0251328155306445,0.28795732385137895,0.10973345824050079,-0.03828984741883977,0.023058388073428113,0.7331150853807379,1.2626264154703863,-0.0005457908355996043,1.263172206305986,0.0
592,11.84,idle,locomotion,0,1.0245492695437082,0.2891466449245196,0.10973345824050079,-0.03830166438381371,0.023063599727225874,0.7331246398841875,1.2626353852163428,-0.0005464408509686033,1.2631818260673113,0.0
593,11.86,idle,locomotion,0,1.0239657235567718,0.2903359659976602,0.10973345824050079,-0.038313577417153716,0.023068554359116446,0.7331341760698208,1.2626443375924477,-0.0005471097439550786,1.2631914473364028,0.0
594,11.88,idle,locomotion,0,1.0233821775698355,0.29152528707080083,0.10973345824050079,-0.03832558920006036,0.02307321916664487,0.7331436743420503,1.2626532570537712,-0.0005477885986049057,1.2632010456523761,0.0
595,11.9,idle,locomotion,0,1.0227986315828992,0.29271460814394146,0.10973345824050079,-0.03833770269852164,0.023077566404642293,0.7331531246276576,1.2626621364213901,-0.0005484729604406241,1.2632106093818307,0.0
596,11.92,idle,locomotion,0,1.0222150855959629,0.2939039292170821,0.10973345824050079,-0.038349920045455115,0.023081572518045587,0.733162528704321,1.2626709791369992,-0.0005491609120037745,1.263220140049003,0.0
597,11.94,idle,locomotion,0,1.0216315396090265,0.2950932502902227,0.10973345824050079,-0.038362241109972404,0.02308521685853456,0.7331718937965205,1.2626797942750076,-0.000549851701596625,1.2632296459766044,0.0
598,11.96,idle,locomotion,0,1.0210479936220902,0.29628257136336333,0.10973345824050079,-0.038374666218084504,0.023088482628394493,0.7331812234906324,1.2626885868824336,-0.0005505453156039557,1.2632391321980376,0.0
599,11.98,idle,locomotion,0,1.0204644476351539,0.29747189243650396,0.10973345824050079,-0.038387195554221376,0.02309135773624576,0.7331905247449169,1.262697364224184,-0.0005512539389977526,1.263248618163182,0.0
600,12.0,idle,locomotion,0,1.0198809016482175,0.2986612135096446,0.10973345824050079,-0.03839981495654172,0.02309383812240578,0.7331997879206066,1.2627061218443332,-0.0005519370154529885,1.2632580588597861,0.0
601,12.02,idle,locomotion,0,1.0192973556612812,0.2998505345827852,0.10973345824050079,-0.03841246772586341,0.023095972851093143,0.7332089565638586,1.2627148068853151,-0.0005524733242004212,1.2632672802095155,0.0
602,12.04,idle,locomotion,0,1.0187138096743449,0.30103985565592584,0.10973345824050079,-0.03842515417112387,0.023097786187447737,0.7332180744037545,1.2627234579225524,-0.0005529472150639404,1.2632764051376164,0.0
603,12.06,idle,locomotion,0,1.0181302636874086,0.30222917672906646,0.10973345824050079,-0.038437868276226646,0.023099289866285865,0.7332271899329165,1.2627321172644945,-0.0005533920189731423,1.2632855092834676,0.0
604,12.08,idle,locomotion,0,1.0175467177004722,0.3034184978022071,0.10973345824050079,-0.03845059999259302,0.023100496566532427,0.7332363473677512,1.262740823317556,-0.0005538215148080984,1.2632946448323643,0.0
605,12.1,idle,locomotion,0,1.016963171713536,0.3046078188753477,0.10973345824050079,-0.03846333609901268,0.02310142514885065,0.7332455494850167,1.2627495838681906,-0.0005542518895852513,1.263303835757776,0.0
606,12.12,idle,locomotion,0,1.0163796257265996,0.30579713994848834,0.10973345824050079,-0.038476068897641526,0.023102098242013164,0.7332547869525449,1.2627583890560659,-0.0005546812602458227,1.2633130703163116,0.0
607,12.14,idle,locomotion,0,1.0157960797396632,0.30698646102162896,0.10973345824050079,-0.038488805004158785,0.02310253913136598,0.7332640738495562,1.2627672430582846,-0.0005551185119716459,1.2633223615702562,0.0
608,12.16,idle,locomotion,0,1.015212533752727,0.3081757820947696,0.10973345824050079,-0.03850153957925632,0.023102773867110175,0.7332734097580335,1.2627761427814366,-0.0005555586040833123,1.2633317013855199,0.0
609,12.18,idle,locomotion,0,1.0146289877657906,0.3093651031679102,0.10973345824050079,-0.038514294080708535,0.0231028040979252,0.7332828187967017,1.262785105648039,-0.0005560717789040472,1.2633411774269432,0.0
610,12.2,idle,locomotion,0,1.0140454417788543,0.31055442424105084,0.10973345824050079,-0.038527116679398364,0.02310259505360128,0.7332923275469908,1.2627941522617219,-0.0005567368460491738,1.263350889107771,0.0
611,12.22,idle,locomotion,0,1.013461895791918,0.31174374531419147,0.10973345824050079,-0.038540037023676504,0.023102119365248423,0.7333019004945981,1.262803248052245,-0.0005575322604041352,1.2633607803126492,0.0
612,12.24,idle,locomotion,0,1.0128783498049816,0.3129330663873321,0.10973345824050079,-0.038553076729087005,0.023101357723118526,0.7333114823089342,1.2628123407344518,-0.0005584214234998566,1.2633707621579517,0.0
613,12.26,idle,locomotion,0,1.0122948038180453,0.3141223874604727,0.10973345824050079,-0.0385662573081747,0.023100293104269656,0.7333210227021153,1.262821382516146,-0.0005593740731937927,1.2633807565893398,0.0
614,12.28,idle,locomotion,0,1.011711257831109,0.31531170853361334,0.10973345824050079,-0.038579596307067913,0.02309890837705671,0.733330488822402,1.2628303425623113,-0.0005603691255169664,1.2633907116878282,0.0
615,12.3,idle,locomotion,0,1.0111277118441726,0.31650102960675397,0.10973345824050079,-0.038593105589528075,0.02309719294579044,0.7333398641555856,1.2628392073150654,-0.0005613918500998495,1.2634005991651653,0.0
616,12.32,idle,locomotion,0,1.0105441658572363,0.3176903506798946,0.10973345824050079,-0.03860679498930499,0.02309513756834942,0.7333491386784792,1.2628479688654772,-0.0005624326772859373,1.2634104015427632,0.0
617,12.34,idle,locomotion,0,1.0099606198703,0.3188796717530352,0.10973345824050079,-0.03862066668994828,0.023092731821789104,0.7333583113278931,1.262856630049038,-0.0005634855901165553,1.2634201156391547,0.0
618,12.36,idle,locomotion,0,1.0093770738833636,0.32006899282617585,0.10973345824050079,-0.038634718211787156,0.023089966783547404,0.7333673928531473,1.2628652060961976,-0.0005645472167220833,1.2634297533129197,0.0
619,12.38,idle,locomotion,0,1.0087935278964273,0.32125831389931647,0.10973345824050079,-0.03864894500463931,0.02308683533384982,0.7333764052729932,1.2628737223314566,-0.0005656159874307953,1.2634393383188873,0.0
620,12.4,idle,locomotion,0,1.008209981909491,0.3224476349724571,0.10973345824050079,-0.03866334108199626,0.023083333289133794,0.733385376854728,1.2628822090369158,-0.0005666912209923991,1.2634489002579081,0.0
621,12.42,idle,locomotion,0,1.0076264359225546,0.3236369560455977,0.10973345824050079,-0.03867790015455303,0.023079457175856063,0.7333943303795154,1.2628906901585322,-0.0005677727364292035,1.2634584628949614,0.0
622,12.44,idle,locomotion,0,1.0070428899356183,0.32482627711873835,0.10973345824050079,-0.038692613820359975,0.023075203072417342,0.733403281232341,1.262899182455726,-0.0005688607449773411,1.2634680432007035,0.0
623,12.46,idle,locomotion,0,1.006459343948682,0.326015598191879,0.10973345824050079,-0.03870747458332045,0.023070570130305144,0.7334122386275324,1.262907695745663,-0.000569954965638126,1.2634776507113012,0.0
624,12.48,idle,locomotion,0,1.0058757979617456,0.3272049192650196,0.10973345824050079,-0.03872247695154129,0.02306555946633042,0.733421203871322,1.262916230876425,-0.0005710549672841951,1.2634872858437092,0.0
625,12.5,idle,locomotion,0,1.0052922519748093,0.3283942403381602,0.10973345824050079,-0.038737614565358,0.023060174794147736,0.7334301781808129,1.262924788246211,-0.0005721605033629611,1.263496948749574,0.0
626,12.52,idle,locomotion,0,1.004708705987873,0.32958356141130085,0.10973345824050079,-0.03875287772459951,0.02305441983759787,0.7334391628165263,1.2629333699325802,-0.0005732715575312471,1.2635066414901115,0.0
627,12.54,idle,locomotion,0,1.0041251600009367,0.3307728824844415,0.10973345824050079,-0.03876825904531015,0.023048302449594896,0.7334481543943976,1.2629419729320204,-0.0005743875734525762,1.263516360505473,0.0
628,12.56,idle,locomotion,0,1.0035416140140003,0.3319622035575821,0.10973345824050079,-0.03878375303454318,0.023041832381112324,0.7334571540468953,1.2629505965029852,-0.0005755084991391629,1.2635261050021245,0.0
629,12.58,idle,locomotion,0,1.002958068027064,0.33315152463072273,0.10973345824050079,-0.03879935328288047,0.023035018532232217,0.7334661544520258,1.2629592334435165,-0.0005766340409149133,1.2635358674844315,0.0
630,12.6,idle,locomotion,0,1.0023745220401277,0.33434084570386335,0.10973345824050079,-0.038815054711525514,0.023027872542193205,0.7334751493798047,1.2629678761898437,-0.0005777636456434539,1.2635456398354872,0.0
631,12.62,idle,locomotion,0,1.0017909760531913,0.335530166777004,0.10973345824050079,-0.038830851889241416,0.02302040806523852,0.7334841391063156,1.2629765238199435,-0.0005788969903228955,1.2635554208102664,0.0
632,12.64,idle,locomotion,0,1.001207430066255,0.3367194878501446,0.10973345824050079,-0.03884673954823795,0.023012638260850784,0.7334931207481609,1.2629851722030498,-0.0005800342152918192,1.2635652064183416,0.0
633,12.66,idle,locomotion,0,1.0006238840793187,0.33790880892328523,0.10973345824050079,-0.03886271091320984,0.023004576820298807,0.7335020939191538,1.2629938202418491,-0.0005811747924648093,1.263574995034314,0.0
634,12.68,idle,locomotion,0,1.0000403380923824,0.33909812999642586,0.10973345824050079,-0.038878759989259264,0.02299623844636554,0.7335110603973843,1.2630024687613217,-0.0005823183716127424,1.2635847871329344,0.0
635,12.7,idle,locomotion,0,0.999456792105446,0.3402874510695665,0.10973345824050079,-0.03889488074239022,0.022987638638576734,0.733520022115855,1.263011118342684,-0.0005834651438450592,1.263594583486529,0.0
636,12.72,idle,locomotion,0,0.9988732461185097,0.3414767721427071,0.10973345824050079,-0.038911065423084625,0.02297879190329766,0.7335289814548118,1.2630197708953244,-0.0005846149418862225,1.2636043858372106,0.0
637,12.74,idle,locomotion,0,0.9982897001315734,0.34266609321584773,0.10973345824050079,-0.038927305244292706,0.022969712489483953,0.733537940709601,1.2630284289125,-0.0005857674629695282,1.2636141963754695,0.0
638,12.76,idle,locomotion,0,0.997706154144637,0.34385541428898836,0.10973345824050079,-0.03894359328713271,0.02296041530244679,0.7335469011305299,1.2630370931495407,-0.0005869225102048403,1.2636240156597456,0.0
639,12.78,idle,locomotion,0,0.9971226081577007,0.345044735362129,0.10973345824050079,-0.03895992289071623,0.022950915220350178,0.7335558657774344,1.2630457657538383,-0.0005880798789837938,1.263633845632822,0.0
640,12.8,idle,locomotion,0,0.9965390621707644,0.3462340564352696,0.10973345824050079,-0.038976287350604884,0.022941226211860948,0.7335648333902535,1.263054445508347,-0.0005892390939080082,1.263643684602255,0.0
641,12.82,idle,locomotion,0,0.995955516183828,0.34742337750841024,0.10973345824050079,-0.03899268157278883,0.02293136306504811,0.733573800886185,1.263063128668584,-0.0005903999347279323,1.263653528603312,0.0
642,12.84,idle,locomotion,0,0.9953719701968917,0.34861269858155086,0.10973345824050079,-0.039009101019738084,0.022921339908854345,0.733582767120382,1.2630718134406391,-0.000591562246390169,1.2636633756870292,0.0
643,12.86,idle,locomotion,0,0.9947884242099554,0.3498020196546915,0.10973345824050079,-0.03902554076578309,0.02291117105636831,0.7335917357352084,1.263080502438414,-0.0005927258972972596,1.2636732283357113,0.0
644,12.88,idle,locomotion,0,0.9942048782230191,0.3509913407278321,0.10973345824050079,-0.039041995470330576,0.02290086981803317,0.7336007117975546,1.2630892000003395,-0.0005938910570378528,1.2636830910573773,0.0
645,12.9,idle,locomotion,0,0.9936213322360827,0.35218066180097274,0.10973345824050079,-0.03905845790890215,0.022890447822731454,0.7336096986221732,1.2630979098646133,-0.000595057491719661,1.263692967356333,0.0
646,12.92,idle,locomotion,0,0.9930377862491464,0.35336998287411336,0.10973345824050079,-0.039074922054191226,0.02287991705832618,0.7336186965210957,1.2631066328562095,-0.0005962250330252931,1.2637028578892349,0.0
647,12.94,idle,locomotion,0,0.9924542402622101,0.354559303947254,0.10973345824050079,-0.03909138398928024,0.022869289772020022,0.7336277073884473,1.2631153702264817,-0.0005973933646863661,1.263712763591168,0.0
648,12.96,idle,locomotion,0,0.9918706942752737,0.3557486250203946,0.10973345824050079,-0.03910784047927242,0.022858577914859082,0.7336367342853035,1.2631241240180655,-0.0005985627047825313,1.263722686722848,0.0
649,12.98,idle,locomotion,0,0.9912871482883374,0.35693794609353524,0.10973345824050079,-0.03912428787512641,0.02284779071462051,0.7336457762116129,1.2631328927395566,-0.0005997328980640697,1.2637326256376207,0.0
650,13.0,idle,locomotion,0,0.9907406667163576,0.3580517264367934,0.10973345824050079,-0.0391407217617095,0.022836936298818996,0.7336548334532759,1.2631416766118708,-0.0006009036356957667,1.2637425802475666,0.0
651,13.02,idle,locomotion,0,0.9902786736311592,0.35899331137467333,0.10973345824050079,-0.03915713876209134,0.022826023709627514,0.733663907614319,1.2631504768512922,-0.0006020748903760552,1.2637525517416683,0.0
652,13.04,idle,locomotion,0,0.9899191003633122,0.35972615518521023,0.10973345824050079,-0.03917353398472049,0.022815060759316476,0.733673004938145,1.2631592996912397,-0.000603246470460922,1.2637625461617006,0.0
653,13.06,idle,locomotion,0,0.9896719665329067,0.36022983694910565,0.10973345824050079,-0.03918990447275149,0.022804054736720644,0.7336821226797633,1.263168143153406,-0.0006044206940769258,1.263772563847483,0.0
654,13.08,idle,locomotion,0,0.9894830166335497,0.36061493444190174,0.10973345824050079,-0.03920624944380938,0.02279301249954437,0.733691256743144,1.2631770022166624,-0.0006055977600951008,1.2637825999767576,0.0
655,13.1,idle,locomotion,0,0.989295220508642,0.36099768043490105,0.10973345824050079,-0.03922256734655521,0.02278194112808221,0.7337004090319691,1.2631858782251029,-0.000606774939517607,1.2637926531646204,0.0
656,13.12,idle,locomotion,0,0.9891075744341008,0.36138012061127583,0.10973345824050079,-0.03923885630707182,0.022770846041221843,0.7337095811117995,1.263194772551747,-0.0006079522057858798,1.2638027247575327,0.0
657,13.14,idle,locomotion,0,0.9889199478738707,0.36176252101566847,0.10973345824050079,-0.03925511250285558,0.0227597315381709,0.733718776361241,1.2632036892661191,-0.0006091296187044279,1.2638128188848237,0.0
658,13.16,idle,locomotion,0,0.9887323238515101,0.36214491624764583,0.10973345824050079,-0.03927133546467859,0.022748601383578173,0.7337279872856295,1.2632126216786506,-0.00061030708584758,1.2638229287644982,0.0
659,13.18,idle,locomotion,0,0.988544700159204,0.3625273108069417,0.10973345824050079,-0.039287524911957826,0.022737459237108494,0.7337372125395757,1.2632215679162115,-0.0006114845681104743,1.263833052484322,0.0
660,13.2,idle,locomotion,0,0.988357076509822,0.3629097052787542,0.10973345824050079,-0.03930368096086872,0.022726310262051883,0.7337464564195172,1.2632305319993167,-0.0006126619806118595,1.2638431939799286,0.0
661,13.22,idle,locomotion,0,0.9881694528660222,0.36329209973918936,0.10973345824050079,-0.0393198035398102,0.022715156942900192,0.7337557201265715,1.2632395146893365,-0.0006138394477403289,1.263853354137077,0.0
662,13.24,idle,locomotion,0,0.9879818292229486,0.36367449419814485,0.10973345824050079,-0.03933589087562365,0.02270400179508382,0.7337650110827054,1.2632485232758273,-0.0006150170040510987,1.2638635402798784,0.0
663,13.26,idle,locomotion,0,0.9877942055799694,0.36405688865690794,0.10973345824050079,-0.03935194335627652,0.022692846213766195,0.7337743280396366,1.2632575564978148,-0.0006161947087024791,1.2638737512065172,0.0
664,13.28,idle,locomotion,0,0.9876065819370027,0.36443928311564594,0.10973345824050079,-0.03936796032721001,0.022681691059346278,0.7337836708375738,1.2632666137713287,-0.0006173725953462911,1.2638839863666749,0.0
665,13.3,idle,locomotion,0,0.9874189582940384,0.3648216775743815,0.10973345824050079,-0.03938394179191165,0.02267053600873636,0.7337930371737288,1.2632756935628988,-0.0006185505840278598,1.2638942441469267,0.0
666,13.32,idle,locomotion,0,0.987231334651074,0.3652040720331149,0.10973345824050079,-0.039399890757292014,0.022659382143070176,0.7338024205400262,1.2632847886993483,-0.0006197285140411186,1.2639045172133894,0.0
667,13.34,idle,locomotion,0,0.9870437110081097,0.3655864664918482,0.10973345824050079,-0.03941581097696314,0.022648232030362973,0.7338118226227062,1.2632938987052096,-0.0006209065677684235,1.263914805272978,0.0
668,13.36,idle,locomotion,0,0.9868560873651454,0.36596886095058156,0.10973345824050079,-0.03943170291866294,0.022637083776221013,0.733821242824426,1.263303022986391,-0.0006220849550792364,1.2639251079414704,0.0
669,13.38,idle,locomotion,0,0.9866684637221811,0.3663512554093149,0.10973345824050079,-0.039447565119657066,0.022625936867223796,0.7338306854909256,1.2633121662352917,-0.0006232635738224919,1.2639354298091143,0.0
670,13.4,idle,locomotion,0,0.9864808400792168,0.36673364986804824,0.10973345824050079,-0.03946339779281562,0.022614791586679252,0.7338401590989769,1.2633213361315574,-0.000624442360294717,1.2639457784918522,0.0
671,13.42,idle,locomotion,0,0.9862932164362525,0.3671160443267816,0.10973345824050079,-0.03947920086606094,0.022603644747908554,0.7338496600323449,1.2633305295177202,-0.0006256214144274644,1.2639561509321477,0.0
672,13.44,idle,locomotion,0,0.9861055927932881,0.3674984387855149,0.10973345824050079,-0.03949497291824365,0.02259249415800474,0.7338591881022505,1.2633397466755067,-0.0006268006399350982,1.2639665473154418,0.0
673,13.46,idle,locomotion,0,0.9859179691503238,0.36788083324424825,0.10973345824050079,-0.03951071418669702,0.022581340169196825,0.7338687488939594,1.2633489927221888,-0.000627980007409247,1.263976972729598,0.0
674,13.48,idle,locomotion,0,0.9857303455073595,0.3682632277029816,0.10973345824050079,-0.03952642552665327,0.022570181316021343,0.7338783433878996,1.2633582680144502,-0.0006291596947592369,1.2639874277092094,0.0
675,13.5,idle,locomotion,0,0.9855427218643952,0.3686456221617149,0.10973345824050079,-0.03954210695953707,0.022559013802003116,0.7338879653189818,1.2633675670429703,-0.00063033984933894,1.2639979068923093,0.0
676,13.52,idle,locomotion,0,0.9853550982214309,0.36902801662044826,0.10973345824050079,-0.039557759844751066,0.02254783497368909,0.7338976056114525,1.263376881272175,-0.0006315201130237084,1.2640084013851989,0.0
677,13.54,idle,locomotion,0,0.9851674745784665,0.3694104110791816,0.10973345824050079,-0.039573384920300395,0.022536645417498353,0.733907270505682,1.2633862159352651,-0.0006327004306525483,1.2640189163659177,0.0
678,13.56,idle,locomotion,0,0.9849798509355022,0.36979280553791494,0.10973345824050079,-0.03958898284721455,0.022525443421856896,0.7339169658641562,1.2633955766368608,-0.0006338809958960009,1.2640294576327566,0.0
679,13.58,idle,locomotion,0,0.9847922272925379,0.3701751999966483,0.10973345824050079,-0.039604554111735704,0.022514225491950073,0.7339266871033822,1.2634049591928236,-0.0006350619070883065,1.2640400210999119,0.0
680,13.6,idle,locomotion,0,0.9846046036495736,0.3705575944553816,0.10973345824050079,-0.03962009950244795,0.022502989447651032,0.733936432181848,1.2634143614860647,-0.0006362431510694225,1.264050604637134,0.0
681,13.62,idle,locomotion,0,0.9844169800066093,0.37093998891411495,0.10973345824050079,-0.039635619766629875,0.022491733369694174,0.7339462011399358,1.2634237835952757,-0.0006374246295063925,1.2640612082247822,0.0
682,13.64,idle,locomotion,0,0.984229356363645,0.3713223833728483,0.10973345824050079,-0.03965111472479177,0.022480456382564403,0.7339559993972494,1.263433230315624,-0.0006386064640398759,1.2640718367796637,0.0
683,13.66,idle,locomotion,0,0.9840417327206806,0.3717047778315816,0.10973345824050079,-0.039666583580807546,0.022469156252880988,0.7339658327686841,1.2634427074640364,-0.0006397888071922875,1.2640824962712287,0.0
684,13.68,idle,locomotion,0,0.9838541090777163,0.37208717229031496,0.10973345824050079,-0.039682025462904835,0.02245782968914846,0.7339756991774206,1.2634522136293946,-0.0006409715558065472,1.264093185185201,0.0
685,13.7,idle,locomotion,0,0.983666485434752,0.3724695667490483,0.10973345824050079,-0.03969744116646645,0.022446473390423317,0.7339855869016845,1.2634617382417104,-0.0006421543561719346,1.2641038925978823,0.0
686,13.72,idle,locomotion,0,0.9834788617917877,0.37285196120778163,0.10973345824050079,-0.03971283109248263,0.022435086687013966,0.7339954956690066,1.2634712809403625,-0.0006433371731998754,1.2641146181135625,0.0
687,13.74,idle,locomotion,0,0.9832912381488234,0.37323435566651497,0.10973345824050079,-0.03972819515480735,0.022423669684436248,0.7340054356729786,1.2634808517376617,-0.0006445202137752293,1.264125371951437,0.0
688,13.76,idle,locomotion,0,0.983103614505859,0.3736167501252483,0.10973345824050079,-0.039743534419618205,0.022412220765027052,0.7340154059403641,1.26349044975313,-0.0006457037941676007,1.2641361535472977,0.0
689,13.78,idle,locomotion,0,0.9829159908628947,0.37399914458398165,0.10973345824050079,-0.03975884967659816,0.022400737512101497,0.7340253996748018,1.2635000684124915,-0.0006468878580120282,1.2641469562705034,0.0
690,13.8,idle,locomotion,0,0.9827283672199304,0.374381539042715,0.10973345824050079,-0.039774141696702306,0.022389217259899192,0.7340354091396555,1.2635097009915466,-0.0006480721990810845,1.2641577731906277,0.0
691,13.82,idle,locomotion,0,0.9825407435769661,0.3747639335014483,0.10973345824050079,-0.0397894110263517,0.022377660122202235,0.7340454365139467,1.2635193498536312,-0.0006492566343816418,1.2641686064880129,0.0
692,13.84,idle,locomotion,0,0.9823531199340018,0.37514632796018166,0.10973345824050079,-0.03980465760854376,0.02236606578940812,0.7340554933409822,1.2635290262952932,-0.000650438250821811,1.264179464546115,0.0
693,13.86,idle,locomotion,0,0.9821654962910374,0.375528722418915,0.10973345824050079,-0.03981988227847745,0.022354423654964744,0.7340655875021489,1.2635387385024102,-0.0006516195005801598,1.2641903580029903,0.0
694,13.88,idle,locomotion,0,0.9819778726480731,0.37591111687764833,0.10973345824050079,-0.03983508699424394,0.022342726106082633,0.7340757218039531,1.2635484886394541,-0.0006528112449704047,1.2642012998844245,0.0
695,13.9,idle,locomotion,0,0.9817902490051088,0.37629351133638167,0.10973345824050079,-0.039850273040573925,0.022330968701378167,0.7340858949848922,1.2635582755849388,-0.0006540148153392419,1.2642122904002782,0.0
696,13.92,idle,locomotion,0,0.9816026253621445,0.376675905795115,0.10973345824050079,-0.03986544056500411,0.022319154376069166,0.7340960950528822,1.2635680889743826,-0.000655227319752899,1.2642233162941354,0.0
697,13.94,idle,locomotion,0,0.9814150017191802,0.37705830025384834,0.10973345824050079,-0.03988058873999563,0.022307294649615367,0.7341063147743728,1.2635779230141917,-0.000656445545136497,1.2642343685593282,0.0
698,13.96,idle,locomotion,0,0.9812273780762159,0.3774406947125817,0.10973345824050079,-0.03989571542853701,0.022295403549404142,0.7341165613487781,1.2635877859319173,-0.0006576667555002122,1.2642454526874176,0.0
699,13.98,idle,locomotion,0,0.9810397544332515,0.377823089171315,0.10973345824050079,-0.03991081878199531,0.022283493858272496,0.7341268384162197,1.263597682941847,-0.0006588892542268021,1.2642565721960737,0.0
700,14.0,idle,locomotion,0,0.9808521307902872,0.37820548363004836,0.10973345824050079,-0.039925898785928685,0.02227157169522245,0.734137139898082,1.263607609003637,-0.000660112471527044,1.264267721475164,0.0
701,14.02,idle,locomotion,0,0.9806645071473229,0.3785878780887817,0.10973345824050079,-0.03994095566560548,0.022259636281027027,0.7341474604986671,1.263617559569101,-0.0006613369071834796,1.2642788964762846,0.0
702,14.04,idle,locomotion,0,0.9804768835043586,0.37897027254751503,0.10973345824050079,-0.03995599032731046,0.022247688067960566,0.7341577951232168,1.2636275299641242,-0.0006625633741959847,1.26429009333832,0.0
703,14.06,idle,locomotion,0,0.9802892598613943,0.37935266700624837,0.10973345824050079,-0.0399710042621192,0.02223572824323029,0.7341681413011882,1.2636375172930068,-0.0006637922082601139,1.264301309501267,0.0
704,14.08,idle,locomotion,0,0.9801016362184299,0.3797350614649817,0.10973345824050079,-0.03998599917608104,0.022223756079521657,0.7341784961601505,1.2636475185432003,-0.0006650238757628969,1.2643125424189632,0.0
705,14.1,idle,locomotion,0,0.9799140125754656,0.38011745592371504,0.10973345824050079,-0.04000097601825734,0.022211773215137724,0.734188858918347,1.2636575324947112,-0.0006662589101382455,1.2643237914048495,0.0
706,14.12,idle,locomotion,0,0.9797263889325013,0.3804998503824484,0.10973345824050079,-0.04001593523314477,0.022199782982818717,0.7341992333341781,1.2636675623000817,-0.0006674973370579228,1.2643350596371397,0.0
707,14.14,idle,locomotion,0,0.979538765289537,0.3808822448411817,0.10973345824050079,-0.04003087767504281,0.022187786831133406,0.734209619585562,1.263677607810914,-0.0006687390517745757,1.2643463468626885,0.0
708,14.16,idle,locomotion,0,0.9793511416465727,0.38126463929991505,0.10973345824050079,-0.04004580488508678,0.022175786503274123,0.7342200141497254,1.2636876651463236,-0.0006699840778546448,1.2643576492241781,0.0
709,14.18,idle,locomotion,0,0.9791635180036083,0.3816470337586484,0.10973345824050079,-0.04006071790147353,0.02216378563163698,0.7342304207897161,1.263697737143303,-0.0006712323215204742,1.2643689694648235,0.0
710,14.2,idle,locomotion,0,0.978975894360644,0.38202942821738173,0.10973345824050079,-0.040075617368396196,0.022151785923923365,0.7342408436993193,1.2637078276893507,-0.0006724838074629209,1.2643803114968137,0.0
711,14.22,idle,locomotion,0,0.9787882707176797,0.38241182267611507,0.10973345824050079,-0.04009050317839398,0.022139791630807766,0.7342512872198271,1.2637179404358938,-0.0006737386335320533,1.2643916790694258,0.0
712,14.24,idle,locomotion,0,0.9786006470747154,0.3827942171348484,0.10973345824050079,-0.04010537446190245,0.02212780845482196,0.7342617615199026,1.2637280843851273,-0.0006749964372605062,1.2644030808223878,0.0
713,14.26,idle,locomotion,0,0.9784130234317511,0.38317661159358174,0.10973345824050079,-0.040120231590545695,0.0221158364161738,0.7342722649047855,1.263738257502396,-0.0006762572066278463,1.264414514709024,0.0
714,14.28,idle,locomotion,0,0.9782253997887868,0.3835590060523151,0.10973345824050079,-0.040135073546607045,0.022103874086649187,0.7342827950025742,1.263748457090283,-0.000677520803700437,1.2644259778939835,0.0
715,14.3,idle,locomotion,0,0.9780377761458224,0.3839414005110484,0.10973345824050079,-0.04014989944342939,0.022091921779815664,0.7342933487727719,1.2637586807141128,-0.0006787872139338569,1.2644374679280466,0.0
716,14.32,idle,locomotion,0,0.9778620695766003,0.38429950686359515,0.10973345824050079,-0.040164708612566616,0.0220799812389398,0.7343039258244123,1.26376892779124,-0.0006800562908998338,1.2644489840821398,0.0
717,14.34,idle,locomotion,0,0.9777135280261336,0.38460224837789786,0.10973345824050079,-0.04017950033109491,0.02206805589903884,0.7343145309731701,1.2637792028929145,-0.0006813279343919794,1.2644605308273065,0.0
718,14.36,idle,locomotion,0,0.9775979168353724,0.38483787475214487,0.10973345824050079,-0.04019427412335235,0.022056148231895015,0.7343251669742911,1.263789508294509,-0.0006826019403837966,1.2644721102348928,0.0
719,14.38,idle,locomotion,0,0.9775000034093932,0.38503743143348124,0.10973345824050079,-0.040209029037469285,0.022044258659213764,0.734335836096509,1.263799845951367,-0.0006838781967517457,1.2644837241481188,0.0
720,14.4,idle,locomotion,0,0.9774024374348655,0.3852362799763993,0.10973345824050079,-0.040223763263029566,0.022032384584386108,0.7343465436201932,1.2638102211631594,-0.0006851569042780892,1.2644953780674375,0.0
721,14.42,idle,locomotion,0,0.9773049166470016,0.38543503642468846,0.10973345824050079,-0.040238476292010314,0.022020524838047836,0.7343572864047159,1.2638206312669442,-0.0006864379901014295,1.2645070692570457,0.0
722,14.44,idle,locomotion,0,0.9772074017357414,0.38563378089591166,0.10973345824050079,-0.040253168559263926,0.02200867995465383,0.7343680578254761,1.263831069509228,-0.0006877213635918152,1.26451879087282,0.0
723,14.46,idle,locomotion,0,0.9771098875887436,0.3858325238094966,0.10973345824050079,-0.040267839463946395,0.02199685175731078,0.7343788636078984,1.2638415409310153,-0.0006890067630106501,1.264530547694026,0.0
724,14.48,idle,locomotion,0,0.9770123735411397,0.38603126652050807,0.10973345824050079,-0.04028248784252922,0.021985039504787286,0.7343897108008226,1.2638520525766463,-0.0006902942078717833,1.264542346784518,0.0
725,14.5,idle,locomotion,0,0.9769148595064623,0.3862300092051743,0.10973345824050079,-0.04029711303978318,0.021973242724234853,0.7344005978959749,1.2638626030550908,-0.0006915838053078056,1.2645541868603987,0.0
726,14.52,idle,locomotion,0,0.976817345473466,0.3864287518864144,0.10973345824050079,-0.04031171447424185,0.021961460844577355,0.7344115232566272,1.2638731906322676,-0.0006928755905650993,1.2645660662228326,0.0
727,14.54,idle,locomotion,0,0.9767198314406881,0.3866274945672088,0.10973345824050079,-0.040326292029685976,0.02194968989319174,0.7344224824435119,1.2638838114508748,-0.0006941694946274758,1.2645779809455022,0.0
728,14.56,idle,locomotion,0,0.9766223174079388,0.3868262372479453,0.10973345824050079,-0.0403408455917094,0.02193792896345584,0.7344334731705627,1.263894463407733,-0.0006954654286724718,1.2645899288364053,0.0
729,14.58,idle,locomotion,0,0.9765248033751924,0.3870249799286742,0.10973345824050079,-0.04035537419543405,0.02192617821227416,0.7344445009586117,1.2639051521379394,-0.0006967632808655873,1.264601915418805,0.0
730,14.6,idle,locomotion,0,0.976427289342446,0.38722372260940235,0.10973345824050079,-0.04036987792567429,0.02191443660744499,0.7344555657845521,1.2639158779702169,-0.0006980629936084969,1.2646139409638253,0.0
731,14.62,idle,locomotion,0,0.9763297753096997,0.3874224652901305,0.10973345824050079,-0.04038435728753568,0.02190270430203918,0.7344666677290095,1.26392664056852,-0.0006993645432173123,1.2646260051117375,0.0
732,14.64,idle,locomotion,0,0.9762322612769533,0.3876212079708587,0.10973345824050079,-0.040398812520552316,0.021890980416638686,0.7344778118292856,1.2639374447079272,-0.0007006680742633019,1.2646381127821906,0.0
733,14.66,idle,locomotion,0,0.9761347472442069,0.38781995065158686,0.10973345824050079,-0.040413243797735254,0.021879265639085585,0.7344890007625704,1.2639482926755439,-0.0007019736519308997,1.2646502663274748,0.0
734,14.68,idle,locomotion,0,0.9760372332114605,0.38801869333231503,0.10973345824050079,-0.04042765131575724,0.021867556353016696,0.7345002312942075,1.263959181514795,-0.0007032811540026059,1.2646624626687977,0.0
735,14.7,idle,locomotion,0,0.9759397191787141,0.3882174360130432,0.10973345824050079,-0.04044203423229656,0.021855851823763484,0.7345115024100896,1.2639701103482344,-0.0007045906358585478,1.2646747009840928,0.0
736,14.72,idle,locomotion,0,0.9758422051459678,0.3884161786937714,0.10973345824050079,-0.040456392668190864,0.02184415228831483,0.734522815823202,1.2639810807722507,-0.0007059020336265612,1.2646869828058773,0.0
737,14.74,idle,locomotion,0,0.9757446911132214,0.38861492137449954,0.10973345824050079,-0.04047072742619171,0.0218324543425097,0.7345341670725594,1.2639920886775038,-0.0007072153446265536,1.2646993040221304,0.0
738,14.76,idle,locomotion,0,0.975647177080475,0.3888136640552277,0.10973345824050079,-0.04048503776939626,0.02182075800345638,0.734545559165569,1.264003136884605,-0.000708530468067365,1.2647116673526724,0.0
739,14.78,idle,locomotion,0,0.9755496630477286,0.3890124067359559,0.10973345824050079,-0.04049932400305376,0.02180906090970331,0.7345569918616278,1.2640142258713563,-0.0007098472997159773,1.2647240731710723,0.0
740,14.8,idle,locomotion,0,0.9754521490149822,0.38921114941668405,0.10973345824050079,-0.040513586265148914,0.021797362934280293,0.7345684668583342,1.2640253569137507,-0.0007111657959921053,1.264736522709743,0.0
741,14.82,idle,locomotion,0,0.9753546349822358,0.3894098920974122,0.10973345824050079,-0.04052782499530904,0.02178566363756549,0.7345799847287497,1.264036530809114,-0.0007124860629626958,1.2647490168720765,0.0
742,14.84,idle,locomotion,0,0.9752571209494895,0.3896086347781404,0.10973345824050079,-0.040542041153346024,0.02177396142375657,0.7345915423030328,1.264047744367407,-0.0007138081534535552,1.2647615525208604,0.0
743,14.86,idle,locomotion,0,0.9751596069167431,0.38980737745886856,0.10973345824050079,-0.04055623432642931,0.021762257426543245,0.7346031459625759,1.264059003563512,-0.0007151320880230336,1.264774135651535,0.0
744,14.88,idle,locomotion,0,0.9750620928839967,0.39000612013959673,0.10973345824050079,-0.04057040599767351,0.021750549202289526,0.7346147905268459,1.2640703038243066,-0.0007164577227588738,1.2647867615470656,0.0
745,14.9,idle,locomotion,0,0.9749645788512503,0.3902048628203249,0.10973345824050079,-0.040584555913689715,0.021738836647845365,0.7346264758647741,1.264081644771098,-0.0007177851244818817,1.26479942989558,0.0
746,14.92,idle,locomotion,0,0.9748670648185039,0.3904036055010531,0.10973345824050079,-0.040598683431709075,0.021727122095783598,0.7346382046898381,1.2640930298464534,-0.0007191140909760113,1.2648121439374294,0.0
747,14.94,idle,locomotion,0,0.9747695507857576,0.39060234818178124,0.10973345824050079,-0.04061278889751093,0.02171540683272988,0.734649977947607,1.2641044597891948,-0.0007204444911274692,1.2648249042803223,0.0
748,14.96,idle,locomotion,0,0.9746720367530112,0.3908010908625094,0.10973345824050079,-0.04062687361504715,0.021703691201447238,0.734661796075149,1.2641159348023747,-0.0007217764427730478,1.2648377112451477,0.0
749,14.98,idle,locomotion,0,0.9745745227202648,0.3909998335432376,0.10973345824050079,-0.040640939027297575,0.02169197373103738,0.7346736576191728,1.264127453127761,-0.0007231099986846554,1.2648505631264457,0.0
750,15.0,idle,locomotion,0,0.9744770086875184,0.39119857622396575,0.10973345824050079,-0.040654985796243846,0.021680254067057446,0.7346855643468555,1.2641390162924622,-0.0007244452663055928,1.2648634615587677,0.0
751,15.02,idle,locomotion,0,0.974379494654772,0.3913973189046939,0.10973345824050079,-0.04066901445710013,0.021668529350426027,0.7346975171840457,1.2641506256588912,-0.0007257764992969831,1.2648764021581882,0.0
752,15.04,idle,locomotion,0,0.9742819806220256,0.3915960615854221,0.10973345824050079,-0.04068302325874479,0.02165678673155158,0.7347095214097953,1.264162288782605,-0.0007271052881264138,1.2648893940707313,0.0
753,15.06,idle,locomotion,0,0.9741844665892793,0.39179480426615027,0.10973345824050079,-0.0406970128437759,0.021645014883010138,0.7347215785474694,1.2641740077029808,-0.0007284493346043468,1.264902457037585,0.0
754,15.08,idle,locomotion,0,0.9740869525565329,0.39199354694687844,0.10973345824050079,-0.04071098505805722,0.02163320569175816,0.7347336846970002,1.2641857786074582,-0.0007298113478568548,1.264915589955315,0.0
755,15.1,idle,locomotion,0,0.9739894385237865,0.3921922896276066,0.10973345824050079,-0.04072494040363481,0.02162135376417368,0.7347458391043628,1.2641976004049182,-0.0007311882509838316,1.264928788655902,0.0
756,15.12,idle,locomotion,0,0.9738919244910401,0.3923910323083348,0.10973345824050079,-0.04073887853309364,0.021609455073790893,0.7347580405518453,1.2642094720849817,-0.0007325765701231904,1.2649420486551048,0.0
757,15.14,idle,locomotion,0,0.9737944104582937,0.39258977498906295,0.10973345824050079,-0.040752798398280665,0.021597504452974942,0.7347702867981548,1.2642213914464404,-0.0007339734586269166,1.2649553649050673,0.0
758,15.16,idle,locomotion,0,0.9736968964255474,0.3927885176697911,0.10973345824050079,-0.040766697582494106,0.02158549776989702,0.7347825835977232,1.264233363947912,-0.0007353771384127281,1.2649687410863246,0.0
759,15.18,idle,locomotion,0,0.973599382392801,0.3929872603505193,0.10973345824050079,-0.040780573202103786,0.021573429302785226,0.7347949363182169,1.264245394897998,-0.0007367862348113124,1.2649821811328092,0.0
760,15.2,idle,locomotion,0,0.9735018683600546,0.39318600303124746,0.10973345824050079,-0.040794422821624224,0.021561291317490704,0.7348073416410892,1.2642574814316678,-0.0007381998697307338,1.2649956813013985,0.0
761,15.22,idle,locomotion,0,0.9734043543273082,0.3933847457119756,0.10973345824050079,-0.040808244095590994,0.021549079421484492,0.734819797283104,1.2642696211736153,-0.0007396176080092555,1.2650092387816245,0.0
762,15.24,idle,locomotion,0,0.9733068402945618,0.3935834883927038,0.10973345824050079,-0.04082203516714785,0.02153679081223476,0.734832301827202,1.2642818126404562,-0.000741039198251317,1.2650228518387077,0.0
763,15.26,idle,locomotion,0,0.9732093262618154,0.39378223107343197,0.10973345824050079,-0.040835793103532705,0.021524422715754686,0.7348448586976334,1.2642940589342806,-0.0007424645734238934,1.2650365235077046,0.0
764,15.28,idle,locomotion,0,0.9731118122290691,0.39398097375416014,0.10973345824050079,-0.04084951606518914,0.02151197017845106,0.7348574653384886,1.2643063582093634,-0.000743893802018742,1.2650502520113822,0.0
765,15.3,idle,locomotion,0,0.9730142981963227,0.3941797164348883,0.10973345824050079,-0.040863203033203246,0.021499430696465316,0.7348701205621049,1.2643187090344254,-0.000745326587514309,1.2650640356219398,0.0
766,15.32,idle,locomotion,0,0.9729167841635763,0.3943784591156165,0.10973345824050079,-0.040876852399066785,0.021486805838359685,0.7348828290283531,1.2643311157406578,-0.0007467630086423101,1.2650778787493002,0.0
767,15.34,idle,locomotion,0,0.9728192701308299,0.39457720179634465,0.10973345824050079,-0.04089046237404254,0.021474095420095134,0.7348955949864717,1.264343582070058,-0.0007482033103948828,1.2650917853804529,0.0
768,15.36,idle,locomotion,0,0.9727217560980835,0.3947759444770728,0.10973345824050079,-0.04090403016640235,0.021461300549007217,0.7349084294508437,1.264356118118909,-0.0007496472573248723,1.2651057653762339,0.0
769,15.38,idle,locomotion,0,0.9726242420653372,0.394974687157801,0.10973345824050079,-0.04091755481594492,0.021448418956351474,0.7349213289047652,1.264368720719513,-0.0007510949713043225,1.2651198156908172,0.0
770,15.4,idle,locomotion,0,0.9725267280325908,0.39517342983852916,0.10973345824050079,-0.040931035730451405,0.02143544862021888,0.7349342822196717,1.264381378825333,-0.0007525463821146904,1.2651339252074478,0.0
771,15.42,idle,locomotion,0,0.9724292139998444,0.3953721725192573,0.10973345824050079,-0.040944471350965336,0.0214223923432528,0.7349472891563734,1.264394092197867,-0.0007540012990502297,1.265148093496917,0.0
772,15.44,idle,locomotion,0,0.972331699967098,0.3955709151999855,0.10973345824050079,-0.040957860196297685,0.021409253865645874,0.734960357305072,1.2644068678966738,-0.0007554594564192947,1.265162327353093,0.0
773,15.46,idle,locomotion,0,0.9722341859343516,0.39576965788071367,0.10973345824050079,-0.040971201703553,0.02139603487358118,0.7349734899810256,1.2644197090101703,-0.0007569209492419848,1.2651766299594123,0.0
774,15.48,idle,locomotion,0,0.9721366719016052,0.39596840056144184,0.10973345824050079,-0.040984471187902285,0.021382995465086662,0.7349865538513202,1.264432475160701,-0.0007586424661894936,1.2651911176268904,0.0
775,15.5,idle,locomotion,0,0.9720391578688589,0.39616714324217,0.10973345824050079,-0.040997594511405035,0.021370144381318575,0.7349996125770029,1.2644452479752863,-0.0007601113162174454,1.2652053592915038,0.0
776,15.52,idle,locomotion,0,0.9719416438361125,0.3963658859228982,0.10973345824050079,-0.041010515191797284,0.021357544726129492,0.7350126870268289,1.2644580558130603,-0.0007615078964704376,1.2652195637095307,0.0
777,15.54,idle,locomotion,0,0.9718441298033661,0.39656462860362635,0.10973345824050079,-0.04102322747467398,0.021345215133058797,0.7350258192350704,1.264470942708578,-0.0007628088433141444,1.265233751551892,0.0
778,15.56,idle,locomotion,0,0.9717466157706197,0.3967633712843545,0.10973345824050079,-0.041035733398435546,0.021333191445933364,0.7350390468040545,1.2644839311972353,-0.0007641156842985407,1.265248046881534,0.0
779,15.58,idle,locomotion,0,0.9716491017378733,0.3969621139650827,0.10973345824050079,-0.041048018980866866,0.021321501488332745,0.7350524358572699,1.2644970799635706,-0.0007654205067944633,1.265262500470365,0.0
780,15.6,idle,locomotion,0,0.971551587705127,0.39716085664581086,0.10973345824050079,-0.04106007425692946,0.02131017936092966,0.7350660377822186,1.2645104357254278,-0.0007667288179132037,1.265277164543341,0.0
781,15.62,idle,locomotion,0,0.9714540736723806,0.397359599326539,0.10973345824050079,-0.04107189134910708,0.0212992554530348,0.7350798864929811,1.2645240226577332,-0.0007680610990657318,1.265292083756799,0.0
782,15.64,idle,locomotion,0,0.9713565596396342,0.3975583420072672,0.10973345824050079,-0.04108346734315313,0.021288753727761504,0.7350939882114141,1.2645378454653948,-0.0007694068725585049,1.2653072523379534,0.0
783,15.66,idle,locomotion,0,0.9712590456068878,0.39775708468799537,0.10973345824050079,-0.04109478971350552,0.021278686028970917,0.7351083564614268,1.2645519103625842,-0.0007707599496244028,1.2653226703122087,0.0
784,15.68,idle,locomotion,0,0.9711615315741414,0.39795582736872354,0.10973345824050079,-0.041105836924104217,0.021269066865641884,0.7351230143844085,1.2645662421795745,-0.0007721164393327332,1.2653383586189073,0.0
785,15.7,idle,locomotion,0,0.971064017541395,0.3981545700494517,0.10973345824050079,-0.04111660108135065,0.021259909403451207,0.7351379683779278,1.2645808475683682,-0.0007734857227593532,1.2653543332911275,0.0
786,15.72,idle,locomotion,0,0.9709665035086487,0.3983533127301799,0.10973345824050079,-0.041127084214303763,0.02125117981023383,0.7351532423404654,1.2645957469182605,-0.0007748081874018389,1.2653705551056624,0.0
787,15.74,idle,locomotion,0,0.9708689894759023,0.39855205541090805,0.10973345824050079,-0.041137313025825364,0.021242719065516315,0.7351689001494861,1.264611007396789,-0.0007760533788376545,1.2653870607756268,0.0
788,15.76,idle,locomotion,0,0.9707714754431559,0.3987507980916362,0.10973345824050079,-0.04114734942199985,0.02123441611040115,0.7351849256681467,1.2646266034041753,-0.0007773969644580409,1.2654040003686333,0.0
789,15.78,idle,locomotion,0,0.9706739614104095,0.3989495407723644,0.10973345824050079,-0.04115724556467635,0.021226186884837066,0.7352012735746276,1.2646424849426492,-0.0007788688725537118,1.2654213538152028,0.0
790,15.8,idle,locomotion,0,0.9705764473776631,0.39914828345309256,0.10973345824050079,-0.04116703329397484,0.021217961917940054,0.7352178905165204,1.2646586030024147,-0.0007804461484682973,1.2654390491508831,0.0
791,15.82,idle,locomotion,0,0.9704789333449167,0.3993470261338207,0.10973345824050079,-0.04117673468794207,0.021209678028802047,0.7352347177780413,1.2646749081908721,-0.0007820986561374414,1.2654570068470097,0.0
792,15.84,idle,locomotion,0,0.9703814193121704,0.3995457688145489,0.10973345824050079,-0.0411863699609084,0.021201273443447948,0.7352516943283153,1.2646913502095456,-0.0007838007267023453,1.2654751509362479,0.0
793,15.86,idle,locomotion,0,0.970283905279424,0.39974451149527707,0.10973345824050079,-0.04119596082395374,0.021192688395439523,0.7352687741701028,1.2647078924576218,-0.0007855340463017897,1.2654934265039237,0.0
794,15.88,idle,locomotion,0,0.9701863912466776,0.39994325417600524,0.10973345824050079,-0.04120553323127536,0.02118386453934372,0.7352859271821843,1.2647245130849338,-0.0007872885610311318,1.265511801645965,0.0
795,15.9,idle,locomotion,0,0.9700888772139312,0.4001419968567334,0.10973345824050079,-0.041215110097159974,0.021174749874000073,0.7353031284669805,1.2647411931004624,-0.0007890568490125233,1.265530249949475,0.0
796,15.92,idle,locomotion,0,0.9699913631811848,0.4003407395374616,0.10973345824050079,-0.041224712325311906,0.021165299521586602,0.7353203671206658,1.264757925345627,-0.000790833321805854,1.2655487586674328,0.0
797,15.94,idle,locomotion,0,0.9698938491484385,0.40053948221818975,0.10973345824050079,-0.041234359825782003,0.02115547069598219,0.7353376358290148,1.2647747051896496,-0.0007926146854350356,1.2655673198750848,0.0
798,15.96,idle,locomotion,0,0.9697963351156921,0.4007382248989179,0.10973345824050079,-0.041244071173417864,0.021145226005422013,0.7353549265548704,1.2647915263730978,-0.000794399194295789,1.2655859255673936,0.0
799,15.98,idle,locomotion,0,0.9697050147688854,0.40092434427085205,0.10973345824050079,-0.04125386203834109,0.02113453894671223,0.7353722405187673,1.2648083903621412,-0.0007961861972715367,1.2656045765594128,0.0
800,16.0,idle,locomotion,0,0.9696278129547253,0.40108168875832,0.10973345824050079,-0.041263746034140916,0.021123387442462508,0.7353895773184024,1.2648252973201692,-0.0007979753931087845,1.2656232727132781,0.0
801,16.02,idle,locomotion,0,0.9695677261060558,0.40120415135211124,0.10973345824050079,-0.04127373598813285,0.021111752637152825,0.735406926020696,1.2648422370678478,-0.0007997666752509007,1.2656420037430987,0.0
802,16.04,idle,locomotion,0,0.9695264285614825,0.40128831959420824,0.10973345824050079,-0.0412838486207396,0.02109961420883548,0.7354242844089015,1.2648592070246794,-0.0008015625377642312,1.2656607695624436,0.0
803,16.06,idle,locomotion,0,0.9694948539006198,0.40135267169375993,0.10973345824050079,-0.041294107333073024,0.02108695563641538,0.7354416672111408,1.2648762206754873,-0.0008033701663513436,1.2656795908418386,0.0
804,16.08,idle,locomotion,0,0.9694634720423849,0.4014166308435998,0.10973345824050079,-0.04130452265796707,0.021073782636630182,0.7354590734775742,1.2648932773358676,-0.0008051898702796136,1.2656984672061473,0.0
805,16.1,idle,locomotion,0,0.9694321152584657,0.4014805388896483,0.10973345824050079,-0.04131509924458058,0.02106010552525851,0.7354764900390617,1.2649103645921855,-0.0008070181564221283,1.2657173827486077,0.0
806,16.12,idle,locomotion,0,0.9694007617355049,0.40154444028956027,0.10973345824050079,-0.041325839110108925,0.021045935222337032,0.7354939058727092,1.2649274718804406,-0.0008088514097878384,1.2657363232902286,0.0
807,16.14,idle,locomotion,0,0.9693694086366375,0.40160834082513075,0.10973345824050079,-0.04133674563787714,0.02103128182781383,0.7355113026577391,1.264944581806477,-0.0008106868074432942,1.2657552686139204,0.0
808,16.16,idle,locomotion,0,0.9693380555929237,0.40167224124829215,0.10973345824050079,-0.0413477965274822,0.021016132137133218,0.7355286069297146,1.2649616298940374,-0.0008125198013278628,1.2657741496953652,0.0
809,16.18,idle,locomotion,0,0.9693067025563832,0.4017361416568347,0.10973345824050079,-0.04135893535579766,0.021000506847782846,0.7355457572370334,1.2649785551996349,-0.0008143065906807169,1.2657928617903156,0.0
810,16.2,idle,locomotion,0,0.9692753495207754,0.40180004206347575,0.10973345824050079,-0.04137016951812028,0.020984447061772757,0.7355628174122095,1.2649954211484087,-0.0008160549406859667,1.2658114760890946,0.0
811,16.22,idle,locomotion,0,0.9692439964852891,0.40186394246986945,0.10973345824050079,-0.04138150567924952,0.020967981357245462,0.735579834446586,1.2650122597053393,-0.0008177758933851503,1.2658300355987244,0.0
812,16.24,idle,locomotion,0,0.9692126434498184,0.4019278428762312,0.10973345824050079,-0.04139294214827539,0.020951134175732206,0.7355968411667138,1.265029098837401,-0.0008194764252237204,1.2658485752626245,0.0
813,16.26,idle,locomotion,0,0.9691812904143483,0.4019917432825886,0.10973345824050079,-0.04140447713887261,0.020933938636545045,0.7356138624004187,1.2650459523491742,-0.0008211599079439268,1.2658671122571181,0.0
814,16.28,idle,locomotion,0,0.9691499373788782,0.402055643688946,0.10973345824050079,-0.04141611946807911,0.02091644167699658,0.7356309301179549,1.265062848203412,-0.000822830603078438,1.2658856788064905,0.0
815,16.3,idle,locomotion,0,0.9691185843434081,0.40211954409530337,0.10973345824050079,-0.04142792333805883,0.020898704503468563,0.7356481191478418,1.2650798487643549,-0.0008245198631995319,1.2659043686275544,0.0
816,16.32,idle,locomotion,0,0.9690872313079381,0.40218344450166077,0.10973345824050079,-0.04143992634189535,0.020880743871875385,0.735665406311547,1.2650969301233073,-0.000826252457034559,1.2659231825803419,0.0
817,16.34,idle,locomotion,0,0.969055878272468,0.40224734490801817,0.10973345824050079,-0.04145214333497293,0.020862572990585804,0.7356827151089442,1.2651140221338608,-0.0008280262456094797,1.2659420483794703,0.0
818,16.36,idle,locomotion,0,0.9690245252369979,0.40231124531437557,0.10973345824050079,-0.04146458305649398,0.020844209694950978,0.7356999806307455,1.265131067898622,-0.0008298326727157398,1.2659609005713377,0.0
819,16.38,idle,locomotion,0,0.9689931722015278,0.40237514572073296,0.10973345824050079,-0.041477255558683826,0.020825668017554838,0.735717159344002,1.2651480313300798,-0.0008316631445164265,1.2659796944745962,0.0
820,16.4,idle,locomotion,0,0.9689618191660577,0.40243904612709036,0.10973345824050079,-0.041490175105425756,0.02080695404070742,0.7357342178165668,1.2651648851661148,-0.0008335114200007133,1.2659983965861155,0.0
821,16.42,idle,locomotion,0,0.9689304661305876,0.40250294653344776,0.10973345824050079,-0.04150335764093014,0.02078807420606467,0.7357511462178881,1.2651816223965526,-0.0008353724985248681,1.2660169948950775,0.0
822,16.44,idle,locomotion,0,0.9688991130951176,0.40256684693980516,0.10973345824050079,-0.041516819117543534,0.02076903392880331,0.7357679517853674,1.265198251349644,-0.0008372431819551746,1.2660354945315992,0.0
823,16.46,idle,locomotion,0,0.9688677600596475,0.40263074734616255,0.10973345824050079,-0.04153057333061201,0.020749833695640867,0.7357846513506419,1.2652147883071356,-0.0008391219021678525,1.2660539102093036,0.0
824,16.48,idle,locomotion,0,0.9688364070241774,0.40269464775251995,0.10973345824050079,-0.04154463197543808,0.020730474386227417,0.7358012673094584,1.2652312541047088,-0.000841007985189636,1.2660722620898985,0.0
825,16.5,idle,locomotion,0,0.9688050539887073,0.40275854815887735,0.10973345824050079,-0.04155900394352764,0.020710958220735248,0.7358178232023863,1.2652476695695931,-0.0008429010675054423,1.2660905706370986,0.0
826,16.52,idle,locomotion,0,0.9687737009532372,0.40282244856523475,0.10973345824050079,-0.04157369173876571,0.020691286231137702,0.7358343504336592,1.2652640632818373,-0.0008448012673169074,1.2661088645491543,0.0
827,16.54,idle,locomotion,0,0.9687423479177671,0.40288634897159215,0.10973345824050079,-0.04158869379671003,0.020671457049956894,0.7358508755773083,1.2652804598395333,-0.000846708762214099,1.2661271686017475,0.0
828,16.56,idle,locomotion,0,0.9687109948822971,0.40295024937794954,0.10973345824050079,-0.04160400520571298,0.020651471510477696,0.7358674190380837,1.265296877302628,-0.0008486237848463786,1.2661455010874745,0.0
829,16.58,idle,locomotion,0,0.968679641846827,0.40301414978430694,0.10973345824050079,-0.04161961807747811,0.02063132899638294,0.735883995625081,1.2653133289186163,-0.0008505460219544216,1.2661638749405706,0.0
830,16.6,idle,locomotion,0,0.9686482888113569,0.40307805019066434,0.10973345824050079,-0.0416355217998633,0.020611028347172725,0.7359006152139154,1.2653298234136068,-0.0008524750169254941,1.2661822984305322,0.0
831,16.62,idle,locomotion,0,0.9686169357758868,0.40314195059702174,0.10973345824050079,-0.04165170364112376,0.02059057283764889,0.7359172881792008,1.2653463698413012,-0.000854410186298192,1.2662007800275994,0.0
832,16.64,idle,locomotion,0,0.9685855827404167,0.40320585100337913,0.10973345824050079,-0.04166814922135568,0.02056996226434794,0.7359340189830492,1.2653629722153616,-0.0008563510846579005,1.2662193233000196,0.0
833,16.66,idle,locomotion,0,0.9685542297049466,0.40326975140973653,0.10973345824050079,-0.041684843794074694,0.02054919392333618,0.7359508029070745,1.265379626228657,-0.0008582971552881097,1.2662379233839451,0.0
834,16.68,idle,locomotion,0,0.9685228766694766,0.40333365181609393,0.10973345824050079,-0.041701773278375494,0.020528268800148172,0.735967631725846,1.2653963239428792,-0.0008602478675010412,1.2662565718103802,0.0
835,16.7,idle,locomotion,0,0.9684915236340065,0.4033975522224513,0.10973345824050079,-0.04171892328513629,0.020507190723962836,0.7359845032090003,1.2654130630247347,-0.0008622022310376815,1.2662752652557723,0.0
836,16.72,idle,locomotion,0,0.9684601705985364,0.4034614526288087,0.10973345824050079,-0.04173628063772726,0.020485962794383816,0.7360014109101843,1.2654298376877064,-0.0008641598903860077,1.2662939975780925,0.0
837,16.74,idle,locomotion,0,0.9684288175630663,0.4035253530351661,0.10973345824050079,-0.04175383207405388,0.020464589754637892,0.7360183542911654,1.2654466468504884,-0.0008661206873545879,1.266312767537843,0.0
838,16.76,idle,locomotion,0,0.9683974645275962,0.4035892534415235,0.10973345824050079,-0.041771564388210274,0.020443075158685122,0.736035335380885,1.265463492626967,-0.000868084139490171,1.2663315767664571,0.0
839,16.78,idle,locomotion,0,0.9683661114921261,0.4036531538478809,0.10973345824050079,-0.041789464107593675,0.02042142319055347,0.7360523563039377,1.2654803768756262,-0.0008700500309853192,1.2663504269066115,0.0
840,16.8,idle,locomotion,0,0.9683347584566561,0.4037170542542383,0.10973345824050079,-0.041807517894694696,0.020399637216043858,0.7360694226082519,1.2654973051172778,-0.0008720182789150703,1.2663693233961928,0.0
841,16.82,idle,locomotion,0,0.968303405421186,0.4037809546605957,0.10973345824050079,-0.04182571358924256,0.02037772330888079,0.7360865385198532,1.2655142808390736,-0.0008739887325003234,1.2663882695715738,0.0
842,16.84,idle,locomotion,0,0.9682720523857159,0.4038448550669531,0.10973345824050079,-0.041844040333863644,0.02035568528275783,0.7361036979425887,1.2655312978806492,-0.0008759612287780258,1.2664072591094273,0.0
843,16.86,idle,locomotion,0,0.9682406993502458,0.4039087554733105,0.10973345824050079,-0.041862486574294644,0.0203335255309607,0.7361208974068768,1.2655483527013198,-0.000877935524773249,1.266426288226093,0.0
844,16.88,idle,locomotion,0,0.9682093463147757,0.4039726558796679,0.10973345824050079,-0.04188104126557825,0.020311249553279506,0.7361381406790392,1.2655654489677368,-0.0008799112898371583,1.266445360257574,0.0
845,16.9,idle,locomotion,0,0.9681779932793056,0.4040365562860253,0.10973345824050079,-0.04189969405757677,0.020288865372279002,0.7361554335997033,1.2655825915710335,-0.0008818884635689861,1.2664644800346025,0.0
846,16.92,idle,locomotion,0,0.9681466402438356,0.4041004566923827,0.10973345824050079,-0.041918433769875106,0.020266378124370838,0.7361727842354,1.265599787973869,-0.0008838669747311227,1.2664836549486,0.0
847,16.94,idle,locomotion,0,0.9681152872083655,0.4041643570987401,0.10973345824050079,-0.04193725118824486,0.02024378866933051,0.7361901875658338,1.2656170336869619,-0.0008858469401308751,1.2665028806270928,0.0
848,16.96,idle,locomotion,0,0.9680839341728954,0.4042282575050975,0.10973345824050079,-0.041956138258304,0.02022110142475779,0.7362076393828695,1.2656343239719348,-0.0008878280590287578,1.2665221520309635,0.0
849,16.98,idle,locomotion,0,0.9680525811374253,0.4042921579114549,0.10973345824050079,-0.04197508620917874,0.020198323271865097,0.7362251435514295,1.265651662319397,-0.0008898098249313403,1.2665414721443282,0.0
850,17.0,idle,locomotion,0,0.9680212281019552,0.4043560583178123,0.10973345824050079,-0.04199408691042374,0.02017545889483875,0.7362426983348366,1.2656690472094148,-0.0008917920822711853,1.2665608392916858,0.0
851,17.02,idle,locomotion,0,0.9679918664809479,0.4044159000360278,0.10973345824050079,-0.04201313381517336,0.02015251014952853,0.7362602978015298,1.2656864731296686,-0.0008937747226767205,1.2665802478523454,0.0
852,17.04,idle,locomotion,0,0.9679670442974176,0.4044664899578824,0.10973345824050079,-0.04203222006591229,0.020129483758245848,0.7362779465347928,1.2657039441319071,-0.0008957575549755313,1.2665997016868826,0.0
853,17.06,idle,locomotion,0,0.9679477249743984,0.40450586453750526,0.10973345824050079,-0.04205133865342265,0.020106386060211538,0.7362956521244637,1.265721467513709,-0.0008977405715306121,1.2666192080852396,0.0
854,17.08,idle,locomotion,0,0.9679313630539651,0.40453921165521917,0.10973345824050079,-0.042070483354901655,0.02008322085950497,0.7363134177195098,1.2657390460693165,-0.000899723564590612,1.2666387696339072,0.0
855,17.1,idle,locomotion,0,0.967915059194753,0.4045724404387584,0.10973345824050079,-0.04208964862573392,0.02005999166682281,0.7363312448249835,1.2657566809635128,-0.0009017065674996813,1.2666583875310125,0.0
856,17.12,idle,locomotion,0,0.9678987628865028,0.4046056538327333,0.10973345824050079,-0.04210882957372355,0.020036700448650427,0.7363491308628511,1.2657743697645427,-0.0009036894461606042,1.2666780592107034,0.0
857,17.14,idle,locomotion,0,0.9678824675602684,0.4046388652252685,0.10973345824050079,-0.042128021700290584,0.02001334876646116,0.7363670720721794,1.2657921092099669,-0.0009056719395233274,1.2666977811494902,0.0
858,17.16,idle,locomotion,0,0.9678661723617464,0.40467207635751307,0.10973345824050079,-0.04214722106342831,0.019989940315280723,0.7363850675766057,1.2658098987667936,-0.0009076538316258494,1.2667175525984196,0.0
859,17.18,idle,locomotion,0,0.967849877179834,0.40470528745590634,0.10973345824050079,-0.042166424547343734,0.01996648073887684,0.7364031187675721,1.2658277397849436,-0.0009096349748965553,1.26673737475984,0.0
860,17.2,idle,locomotion,0,0.9678335820000817,0.4047384985498971,0.10973345824050079,-0.042185629118154565,0.019942974668093586,0.7364212276326378,1.2658456341132085,-0.0009116152302274423,1.266757249343436,0.0
861,17.22,idle,locomotion,0,0.9678172868206103,0.4047717096433154,0.10973345824050079,-0.0422048314260882,0.01991942635637544,0.7364393969265725,1.2658635844840975,-0.0009135943377597648,1.2667771788218574,0.0
862,17.24,idle,locomotion,0,0.9678009916411752,0.4048049207366593,0.10973345824050079,-0.04222402816341815,0.01989584020834169,0.7364576318994583,1.265881595812807,-0.000915572068835066,1.2667971678816419,0.0
863,17.26,idle,locomotion,0,0.9677846964617455,0.40483813182999334,0.10973345824050079,-0.04224321648915687,0.019872217811833338,0.7364759355167616,1.2658996710772752,-0.0009175484018450822,1.2668172194791203,0.0
864,17.28,idle,locomotion,0,0.9677684012823174,0.40487134292332655,0.10973345824050079,-0.04226239338742327,0.019848564636199943,0.7364943129345206,1.2659178146848336,-0.0009195232152294612,1.266837337900063,0.0
865,17.3,idle,locomotion,0,0.9677521061028894,0.40490455401665976,0.10973345824050079,-0.0422815569560845,0.019824880634477283,0.7365127576138729,1.2659360210015458,-0.0009214967762692615,1.266857517777815,0.0
866,17.32,idle,locomotion,0,0.9677358109234614,0.40493776510999296,0.10973345824050079,-0.042300704224456614,0.01980116911344813,0.7365312654767382,1.2659542864189668,-0.0009234682694560722,1.266877754688423,0.0
867,17.34,idle,locomotion,0,0.9677195157440334,0.40497097620332617,0.10973345824050079,-0.042319834059689664,0.019777435062457365,0.7365498372972573,1.2659726119955703,-0.000925437394790056,1.2668980493903603,0.0
868,17.36,idle,locomotion,0,0.9677032205646053,0.4050041872966594,0.10973345824050079,-0.042338945040888275,0.019753683220688906,0.7365684761736286,1.2659910002596408,-0.0009274042342637262,1.2669184044939046,0.0
869,17.38,idle,locomotion,0,0.9676869253851773,0.4050373983899926,0.10973345824050079,-0.0423580358389268,0.019729914610069888,0.7365871800849847,1.2660094501004633,-0.0009293686946592467,1.2669388187951225,0.0
870,17.4,idle,locomotion,0,0.9676706302057493,0.4050706094833258,0.10973345824050079,-0.04237710498564102,0.019706132727399045,0.7366059473298678,1.2660279601415174,-0.0009313305460605416,1.266959290687578,0.0
871,17.42,idle,locomotion,0,0.9676543350263213,0.405103820576659,0.10973345824050079,-0.04239615264162375,0.019682343116249775,0.7366247816818415,1.2660465336595776,-0.0009332894826349428,1.2669798231422127,0.0
872,17.44,idle,locomotion,0,0.9676390748489408,0.4051349222394207,0.10973345824050079,-0.042415179252556286,0.019658549369255506,0.7366436829019353,1.2660651701210566,-0.0009352456254503594,1.267000415746507,0.0
873,17.46,idle,locomotion,0,0.9676261739630005,0.405161215446494,0.10973345824050079,-0.04243418448045167,0.01963475485500197,0.7366626521405784,1.2660838707094457,-0.0009371988139533945,1.2670210695233992,0.0
874,17.48,idle,locomotion,0,0.9676161330903913,0.40518167968003094,0.10973345824050079,-0.042453169252000246,0.019610962014023865,0.7366816861874462,1.2661026325758822,-0.0009391490614551919,1.2670417816373374,0.0
875,17.5,idle,locomotion,0,0.9676076292748821,0.4051990112480431,0.10973345824050079,-0.04247213431624342,0.019587172920913106,0.7367007826779515,1.2661214533893028,-0.000941096634971543,1.2670625500242743,0.0
876,17.52,idle,locomotion,0,0.9675991556356538,0.4052162813139843,0.10973345824050079,-0.042491080854511316,0.019563389820822827,0.7367199429614337,1.2661403344693953,-0.0009430415625263401,1.2670833760319218,0.0
877,17.54,idle,locomotion,0,0.9675906859209032,0.40523354338147466,0.10973345824050079,-0.04251000990714546,0.019539614724072726,0.736739172899879,1.2661592809820545,-0.0009449841015811006,1.2671042650836357,0.0
878,17.56,idle,locomotion,0,0.9675822167165382,0.4052508044087526,0.10973345824050079,-0.04252892260954548,0.019515848203395844,0.7367584730274763,1.2661782938429451,-0.0009469242626765455,1.2671252181056216,0.0
879,17.58,idle,locomotion,0,0.9675737475785494,0.4052680653007492,0.10973345824050079,-0.04254782074738889,0.019492090727678376,0.7367778387549717,1.266197368756382,-0.0009488618843331124,1.267146230640715,0.0
880,17.6,idle,locomotion,0,0.967565278449193,0.40528532617515217,0.10973345824050079,-0.042566706425139704,0.019468343658318923,0.7367972705340085,1.266216505895863,-0.0009507970618046549,1.2671673029576676,0.0
881,17.62,idle,locomotion,0,0.967556809320959,0.4053025870472671,0.10973345824050079,-0.04258558182086974,0.019444608123284034,0.7368167706883078,1.266235707296515,-0.0009527298242202192,1.2671884371207351,0.0
882,17.64,idle,locomotion,0,0.9675483401928711,0.4053198479190845,0.10973345824050079,-0.04260444936034372,0.019420884308517634,0.736836340784056,1.2662549741800355,-0.0009546603632351533,1.2672096345432706,0.0
883,17.66,idle,locomotion,0,0.9675398710648023,0.40533710879086304,0.10973345824050079,-0.04262331023607073,0.01939717191686649,0.7368559854565048,1.2662743109142498,-0.0009565889245689713,1.2672308998388189,0.0
884,17.68,idle,locomotion,0,0.9675314019367368,0.40535436966263716,0.10973345824050079,-0.04264216606906727,0.019373469744731645,0.7368757031694904,1.2662937164379402,-0.0009585151667651504,1.2672522316047052,0.0
885,17.7,idle,locomotion,0,0.9675229328086713,0.4053716305344091,0.10973345824050079,-0.04266101808923858,0.019349777357247352,0.7368954961217181,1.2663131924866529,-0.0009604392462339746,1.2672736317328868,0.0
886,17.72,idle,locomotion,0,0.9675144636806058,0.405388891406181,0.10973345824050079,-0.0426798543508925,0.019326141135940444,0.7369153868898833,1.2663327620984184,-0.000962359918781415,1.2672951220171997,0.0
887,17.74,idle,locomotion,0,0.9675059945525403,0.4054061522779529,0.10973345824050079,-0.042698667224968574,0.019302565466844047,0.7369353605757022,1.2663524126263552,-0.0009642772779555921,1.267316689904311,0.0
888,17.76,idle,locomotion,0,0.9674975254244748,0.4054234131497248,0.10973345824050079,-0.04271746109189855,0.01927905093827505,0.7369554050085235,1.2663721294243826,-0.0009661912399189371,1.2673383206643016,0.0
889,17.78,idle,locomotion,0,0.9674890562964092,0.4054406740214967,0.10973345824050079,-0.04273623607872933,0.01925559961277568,0.7369755060728687,1.266391898973571,-0.0009681018794054433,1.2673600008529764,0.0
890,17.8,idle,locomotion,0,0.9674805871683437,0.4054579348932686,0.10973345824050079,-0.042754990937299994,0.019232217517488052,0.736995656836017,1.2664117136298734,-0.0009700087530463905,1.2673817223829198,0.0
891,17.82,idle,locomotion,0,0.9674721180402782,0.4054751957650405,0.10973345824050079,-0.04277372530882026,0.019208909997531623,0.7370158534242583,1.2664315702713378,-0.0009719120795216724,1.2674034823508595,0.0
892,17.84,idle,locomotion,0,0.9674636489122127,0.4054924566368124,0.10973345824050079,-0.042792438469330875,0.019185680807464342,0.7370360959614539,1.2664514674482918,-0.0009738116558647147,1.2674252791041565,0.0
893,17.86,idle,locomotion,0,0.9674551797841472,0.4055097175085843,0.10973345824050079,-0.0428111308956325,0.019162522037081752,0.7370563821540093,1.2664714034131872,-0.0009757075567066731,1.267447110969894,0.0
894,17.88,idle,locomotion,0,0.9674467106560817,0.4055269783803562,0.10973345824050079,-0.04282980807504036,0.019139418188896137,0.7370767119108992,1.2664913773514115,-0.000977600488187836,1.2674689778395993,0.0
895,17.9,idle,locomotion,0,0.9674382415280162,0.40554423925212807,0.10973345824050079,-0.04284847591738976,0.01911635973323048,0.737097096596139,1.2665113987186811,-0.0009794907453327985,1.267490889464014,0.0
896,17.92,idle,locomotion,0,0.9674297723999506,0.40556150012389997,0.10973345824050079,-0.04286713614924259,0.019093339556731127,0.7371175497854024,1.2665314805441557,-0.0009813784115764133,1.267512858955732,0.0
897,17.94,idle,locomotion,0,0.9674213032718851,0.40557876099567186,0.10973345824050079,-0.04288578882920763,0.01907035098794345,0.7371380845947632,1.2665516357320037,-0.0009832639651442092,1.2675348996971478,0.0
898,17.96,idle,locomotion,0,0.9674128341438196,0.40559602186744376,0.10973345824050079,-0.04290443440980735,0.019047385661752285,0.7371587105598922,1.2665718737686709,-0.000985147433890863,1.2675570212025618,0.0
899,17.98,idle,locomotion,0,0.9674043650157541,0.40561328273921565,0.10973345824050079,-0.04292307315598398,0.019024434734862476,0.737179435581641,1.266592202576395,-0.0009870287923083206,1.2675792313687033,0.0
900,18.0,idle,locomotion,0,0.9673958958876886,0.40563054361098755,0.10973345824050079,-0.042941706583198486,0.019001489301453435,0.737200264124761,1.2666126265506095,-0.000988908195207864,1.2676015347458174,0.0
901,18.02,idle,locomotion,0,0.9673874267596231,0.40564780448275944,0.10973345824050079,-0.042960335103457016,0.018978539837789268,0.7372212004173353,1.2666331498713392,-0.0009907856453886046,1.2676239355167278,0.0
902,18.04,idle,locomotion,0,0.9673789576315576,0.40566506535453134,0.10973345824050079,-0.04297895887185657,0.01895557727942151,0.7372422478298295,1.2666537760777263,-0.0009926612061430182,1.2676464372838694,0.0
903,18.06,idle,locomotion,0,0.967370488503492,0.40568232622630324,0.10973345824050079,-0.04299757824115565,0.018932592084251233,0.7372634017800014,1.26667450136568,-0.0009945347495803405,1.2676690361152603,0.0
904,18.08,idle,locomotion,0,0.9673620193754265,0.40569958709807513,0.10973345824050079,-0.043016193918054814,0.018909575417299082,0.7372846515014385,1.2666953163760075,-0.0009964059417335719,1.267691722317741,0.0
905,18.1,idle,locomotion,0,0.967353550247361,0.405716847969847,0.10973345824050079,-0.043034806181814406,0.01888651979722977,0.7373059901983342,1.2667162155092648,-0.000998274716152412,1.2677144902254172,0.0
906,18.12,idle,locomotion,0,0.9673450811192955,0.4057341088416189,0.10973345824050079,-0.04305341659898174,0.018863419114289102,0.7373274114523136,1.266737193455198,-0.0010001410056755498,1.2677373344608736,0.0
907,18.14,idle,locomotion,0,0.96733661199123,0.4057513697133908,0.10973345824050079,-0.04307202624158976,0.018840267986706793,0.7373489175978913,1.2667582526686743,-0.0010020046863212263,1.2677602573549955,0.0
908,18.16,idle,locomotion,0,0.9673281428631645,0.4057686305851627,0.10973345824050079,-0.043090637803069626,0.01881706015113356,0.7373705005509524,1.2667793866203232,-0.0010038658872967843,1.26778325250762,0.0
909,18.18,idle,locomotion,0,0.967319673735099,0.4057858914569346,0.10973345824050079,-0.04310925562422019,0.018793791338327936,0.7373921482046422,1.2668005834054974,-0.0010057243382253465,1.2678063077437227,0.0
910,18.2,idle,locomotion,0,0.9673112046070335,0.4058031523287065,0.10973345824050079,-0.043127882978228296,0.0187704595713646,0.7374138612718967,1.2668218435275704,-0.0010075800541168613,1.2678294235816874,0.0
911,18.22,idle,locomotion,0,0.967302735478968,0.4058204132004784,0.10973345824050079,-0.0431465216846377,0.018747061829249744,0.737435641853474,1.2668431696449782,-0.0010094329789136457,1.2678526026238919,0.0
912,18.24,idle,locomotion,0,0.9672942663509024,0.4058376740722503,0.10973345824050079,-0.043165173779367495,0.018723595149546052,0.7374574891879071,1.2668645615542018,-0.0010112834098306815,1.2678758449640324,0.0
913,18.26,idle,locomotion,0,0.9672857972228369,0.4058549349440222,0.10973345824050079,-0.04318384259597373,0.018700056846028948,0.7374793961741503,1.2668860128869703,-0.0010131312912374513,1.2678991441782077,0.0
914,18.28,idle,locomotion,0,0.9672773280947714,0.4058721958157941,0.10973345824050079,-0.043202530267682546,0.018676444403488035,0.737501354836564,1.2669075170186945,-0.0010149766137332351,1.2679224936324278,0.0
915,18.3,idle,locomotion,0,0.9672688589667059,0.405889456687566,0.10973345824050079,-0.04322124078657553,0.018652759054776563,0.7375233635765629,1.266929072391777,-0.0010168193865844298,1.2679458917783615,0.0
916,18.32,idle,locomotion,0,0.9672603898386404,0.4059067175593379,0.10973345824050079,-0.0432399780469881,0.018629002715969126,0.7375454270120977,1.2669506826204056,-0.0010186596190360706,1.2679693422394416,0.0
917,18.34,idle,locomotion,0,0.9672519207105749,0.4059239784311098,0.10973345824050079,-0.04325874438480811,0.018605175024733696,0.7375675454989168,1.266972348233668,-0.0010204971828247505,1.2679928454164928,0.0
918,18.36,idle,locomotion,0,0.9672434515825094,0.4059412393028817,0.10973345824050079,-0.043277541657359815,0.01858127540548328,0.7375897195243722,1.2669940695575115,-0.0010223325756302734,1.2680164021331417,0.0
919,18.38,idle,locomotion,0,0.9672349824544438,0.40595850017465357,0.10973345824050079,-0.043296372237744137,0.018557303197216653,0.7376119471150436,1.267015844784757,-0.0010241657773758552,1.268040010562133,0.0
920,18.4,idle,locomotion,0,0.9672265133263783,0.40597576104642547,0.10973345824050079,-0.043315236693389984,0.018533259833102174,0.7376342293778194,1.2670376750150478,-0.0010259967742554388,1.2680636717893032,0.0
921,18.42,idle,locomotion,0,0.9672180441983128,0.40599302191819736,0.10973345824050079,-0.04333413610814977,0.018509146316565563,0.7376565631405605,1.2670595578139787,-0.0010278256177658415,1.2680873834317445,0.0
922,18.44,idle,locomotion,0,0.9672095750702473,0.40601028278996926,0.10973345824050079,-0.04335307280794709,0.01848496508377753,0.7376789497960979,1.2670814934040668,-0.0010296525852031661,1.26811114598927,0.0
923,18.46,idle,locomotion,0,0.9672011059421818,0.40602754366174115,0.10973345824050079,-0.04337204878791552,0.018460719063265733,0.7377013920584355,1.2671034839495945,-0.001031477961442033,1.2681349619110365,0.0
924,18.48,idle,locomotion,0,0.9671926368141163,0.40604480453351305,0.10973345824050079,-0.043391065586072794,0.01843640770843893,0.7377238845333959,1.2671255246224713,-0.001033301536190457,1.2681588261586618,0.0
925,18.5,idle,locomotion,0,0.9671841676860508,0.40606206540528494,0.10973345824050079,-0.04341012196652068,0.018412030985887572,0.7377464344516891,1.267147622983324,-0.0010351232449196876,1.2681827462282438,0.0
926,18.52,idle,locomotion,0,0.9671756985579852,0.40607932627705684,0.10973345824050079,-0.0434292149927077,0.018387586423458516,0.7377690478838462,1.2671697871222982,-0.0010369431325386903,1.268206730254837,0.0
927,18.54,idle,locomotion,0,0.9671672294299197,0.40609658714882874,0.10973345824050079,-0.04344833974890638,0.018363071678624183,0.7377917338951464,1.267192027931608,-0.0010387612587513355,1.2682307891903593,0.0
928,18.56,idle,locomotion,0,0.9671587603018542,0.40611384802060063,0.10973345824050079,-0.04346749076331109,0.018338482726872645,0.7378144948026041,1.2672143518761527,-0.0010405774879707064,1.2682549293641234,0.0
929,18.58,idle,locomotion,0,0.9671502911737887,0.4061311088923725,0.10973345824050079,-0.04348666385565554,0.01831381808607542,0.7378373313376726,1.267236762833626,-0.0010423912869504323,1.2682791541205765,0.0
930,18.6,idle,locomotion,0,0.9671418220457232,0.4061483697641444,0.10973345824050079,-0.043505857083361306,0.018289077519127665,0.7378602509465958,1.2672592704999839,-0.001044202750338747,1.2683034732503227,0.0
931,18.62,idle,locomotion,0,0.9671333529176577,0.4061656306359163,0.10973345824050079,-0.04352506786563253,0.018264259216689782,0.7378832606047315,1.2672818841435955,-0.0010460118705255088,1.268327896014121,0.0
932,18.64,idle,locomotion,0,0.9671248837895922,0.4061828915076882,0.10973345824050079,-0.04354429477046764,0.0182393626300937,0.737906370525578,1.2673046153990064,-0.0010478187983052542,1.2683524341973116,0.0
933,18.66,idle,locomotion,0,0.9671164146615266,0.4062001523794601,0.10973345824050079,-0.0435635383305588,0.018214386626395688,0.7379295879596119,1.2673274723349606,-0.0010496237493630017,1.2683770960843235,0.0
934,18.68,idle,locomotion,0,0.9671079455334611,0.406217413251232,0.10973345824050079,-0.043582798573975234,0.01818932886992283,0.7379529150236621,1.2673504585816766,-0.0010514265450574482,1.268401885126734,0.0
935,18.7,idle,locomotion,0,0.9670994764053956,0.4062346741230039,0.10973345824050079,-0.04360207946033503,0.018164188835463144,0.7379763480540011,1.2673735708681706,-0.0010532268982456003,1.268426797766416,0.0
936,18.72,idle,locomotion,0,0.9670910072773301,0.4062519349947758,0.10973345824050079,-0.04362139222021651,0.018138967227667727,0.7379998783386873,1.2673967972334552,-0.0010550251521643829,1.2684518223856196,0.0
937,18.74,idle,locomotion,0,0.9670825381492646,0.4062691958665477,0.10973345824050079,-0.043640749743418805,0.018113663427942663,0.738023495398453,1.267420123203961,-0.00105682151804707,1.2684769447220081,0.0
938,18.76,idle,locomotion,0,0.9670740690211991,0.4062864567383196,0.10973345824050079,-0.043660165758870426,0.01808827675628718,0.7380471914878439,1.2674435360398226,-0.0010586164301270781,1.2685021524699498,0.0
939,18.78,idle,locomotion,0,0.9670655998931336,0.4063037176100915,0.10973345824050079,-0.04367965121785549,0.018062804994622074,0.7380709653449257,1.2674670297692383,-0.0010604106121138782,1.2685274403813522,0.0
940,18.8,idle,locomotion,0,0.967057130765068,0.4063209784818634,0.10973345824050079,-0.04369921301536465,0.018037242962801334,0.7380948127483118,1.267490598063579,-0.0010622037885914745,1.2685528018521706,0.0
941,18.82,idle,locomotion,0,0.9670486616370025,0.4063382393536353,0.10973345824050079,-0.04371885732835816,0.018011585908082703,0.7381187292152569,1.267514234250167,-0.0010639961474334554,1.2685782303976005,0.0
942,18.84,idle,locomotion,0,0.967040192508937,0.4063555002254072,0.10973345824050079,-0.04373858840517177,0.017985828786551736,0.7381427205732778,1.2675379416915085,-0.001065788058749538,1.268603729750258,0.0
943,18.86,idle,locomotion,0,0.9670317233808715,0.40637276109717907,0.10973345824050079,-0.04375840750753967,0.017959964544833205,0.7381667919363811,1.2675617246588031,-0.001067579831880494,1.2686293044906836,0.0
944,18.88,idle,locomotion,0,0.967023254252806,0.40639002196895097,0.10973345824050079,-0.04377831662087441,0.017933985268929826,0.7381909377257021,1.267585577158865,-0.0010693714397484906,1.2686549485986136,0.0
945,18.9,idle,locomotion,0,0.9670152500885705,0.40640532078538827,0.10973348318197941,-0.043798317200569106,0.01790788403086775,0.7382151585133646,1.2676094983696973,-0.0010711628636840623,1.2686806612333814,0.0
946,18.92,idle,locomotion,0,0.967008195161961,0.4064178697592507,0.10973351162769199,-0.043818409165859315,0.017881653307449213,0.7382394579336433,1.2676334917003944,-0.0010729541566616846,1.268706445857056,0.0
947,18.94,idle,locomotion,0,0.9670021346262587,0.406428724641579,0.10973352879815348,-0.04383859270217587,0.017855285290122896,0.7382638323221782,1.2676575535909074,-0.0010747452236291623,1.2687322988145366,0.0
948,18.96,idle,locomotion,0,0.9669936215000663,0.4062741461103174,0.10974032628206877,-0.0438588677063692,0.017828772485667395,0.7382882791913064,1.2676816815006131,-0.0010765358707330586,1.268758217371346,0.0
949,18.98,idle,locomotion,0,0.9668624262684989,0.4053660186334888,0.10976843754053037,-0.043879234412750975,0.017802107240316428,0.7383127926094948,1.2677058699705828,-0.0010783258009183852,1.2687841957715011,0.0
950,19.0,idle,locomotion,0,0.9663966152761442,0.40307600513495884,0.10994244246422819,-0.04389968829896643,0.01777528034409148,0.7383373683756154,1.2677301158862935,-0.0010801150705550717,1.2688102309568485,0.0
951,19.02,idle,locomotion,0,0.9653909785669423,0.3992983015510851,0.1100014840356425,-0.04392022386408226,0.017748284537368805,0.7383620094812124,1.267754422818976,-0.001081903457361564,1.2688363262763376,0.0
952,19.04,idle,locomotion,0,0.9639798870490306,0.39410145632358606,0.11000692370425723,-0.043940838461966975,0.017721113470156008,0.7383867243932596,1.2677787969741852,-0.0010836915257371668,1.2688624884999222,0.0
953,19.06,idle,locomotion,0,0.962298889775969,0.3877723222738058,0.1100067694136236,-0.043961530128698564,0.017693759059707322,0.7384115167227077,1.2678032414230922,-0.0010854795952189265,1.268888721018311,0.0
954,19.08,idle,locomotion,0,0.9604360316375318,0.38072561959259327,0.1099976891859529,-0.04398230068639329,0.017666215184644528,0.7384363829497796,1.2678277526628918,-0.001087267653886885,1.2689150203167787,0.0
955,19.1,idle,locomotion,0,0.9584589017780001,0.3734069316883103,0.11000668648611264,-0.044003158003204576,0.017638513790639576,0.7384613405805973,1.2678523455930963,-0.0010890507439211862,1.2689413963370175,0.0
956,19.12,idle,locomotion,0,0.9563831263929143,0.3662758104909588,0.10999429886727244,-0.0440240864776013,0.01761066521000077,0.7384863712169107,1.2678770046622407,-0.0010908306425471727,1.268967835304788,0.0
957,19.14,idle,locomotion,0,0.9542361833612398,0.35968067928346265,0.11000309879075681,-0.04404508516085841,0.017582671491802964,0.7385114437916734,1.2679017012325597,-0.0010926074107491975,1.2689943086433089,0.0
958,19.16,idle,locomotion,0,0.9520517318434867,0.35390668700828093,0.10999830360066744,-0.0440661574467222,0.017554541891688733,0.7385365238615839,1.2679264013362692,-0.0010943806050744166,1.2690207819413437,0.0
959,19.18,idle,locomotion,0,0.9499524815882707,0.3491165715110688,0.10999617812878187,-0.044087310814232436,0.01752628510485741,0.7385615953874797,1.2679510874923974,-0.001096150297698717,1.269047237790096,0.0
960,19.2,idle,locomotion,0,0.9480054826914105,0.3454282795598687,0.10998692633596305,-0.04410854617771401,0.017497910407131632,0.7385866505123527,1.2679757529897386,-0.001097916975347689,1.2690736699650864,0.0
961,19.22,idle,locomotion,0,0.9461669504535325,0.3428649874517739,0.10999913147155418,-0.044129864696639994,0.01746942764481693,0.7386116811778284,1.268000388889748,-0.001099680488516528,1.2691000693782646,0.0
962,19.24,idle,locomotion,0,0.9444062193649636,0.341310364013569,0.10999894491857527,-0.04415126341714481,0.01744084311184553,0.7386366782607062,1.2680249866077282,-0.0011014411233909033,1.2691264277311192,0.0
963,19.26,idle,locomotion,0,0.9427751723953837,0.34060424997014205,0.10999698468815468,-0.04417273649196738,0.01741215539234815,0.7386616329686133,1.268049539446986,-0.0011031994363361643,1.2691527388833221,0.0
964,19.28,idle,locomotion,0,0.9413134706862131,0.3405779050100864,0.109995137654672,-0.04419427940709744,0.017383353469614945,0.7386865449613523,1.2680740476084997,-0.0011049571318153123,1.269179004740315,0.0
965,19.3,idle,locomotion,0,0.9400401579160877,0.34106684219191497,0.10999621302963994,-0.044215896546859645,0.01735442557030544,0.7387114263766682,1.2680985220200969,-0.001106715007828652,1.2692052370279254,0.0
966,19.32,idle,locomotion,0,0.9389512546153395,0.34192320628656003,0.10999268303269787,-0.04423759013283113,0.017325355960030486,0.738736297674505,1.268122982365709,-0.0011084740543517435,1.2692314564200606,0.0
967,19.34,idle,locomotion,0,0.9380256031842962,0.3430130855050444,0.10999900234368001,-0.0442593650116154,0.01729610527727249,0.738761192252359,1.2681474609618912,-0.0011102388702295476,1.2692576998321208,0.0
968,19.36,idle,locomotion,0,0.9372175551175614,0.3441968092155842,0.10999910934175595,-0.0442812281420575,0.017266622353315,0.7387861441786093,1.2681719904473812,-0.0011120144654955637,1.2692840049128766,0.0
969,19.38,idle,locomotion,0,0.9364803921745397,0.3453748294590935,0.1100001408747041,-0.04430318125917136,0.017236866864983585,0.7388111814759943,1.2681965981344017,-0.001113802319847746,1.2693104004542495,0.0
970,19.4,idle,locomotion,0,0.9356812035662249,0.3464762703507065,0.10999872984468147,-0.04432521973352837,0.01720681074942571,0.738836326475566,1.268221306317026,-0.0011156011736959612,1.269336907490722,0.0
971,19.42,idle,locomotion,0,0.9346046971997674,0.34744638826027885,0.11000290206232882,-0.04434733685338484,0.017176432522225837,0.7388615949756719,1.2682461299146455,-0.0011174090711486874,1.2693635389857942,0.0
972,19.44,idle,locomotion,0,0.9329395416027118,0.348230415982104,0.11000611185284663,-0.04436952402865945,0.017145709832103864,0.7388869993243075,1.2682710802093615,-0.0011192243463422728,1.2693903045557038,0.0
973,19.46,idle,locomotion,0,0.9304274920838111,0.34879854972667534,0.1100094275194351,-0.04439177448949624,0.01711461564917328,0.738912538660594,1.268296157488905,-0.0011210452090407198,1.2694172026979456,0.0
974,19.48,idle,locomotion,0,0.9268604887717958,0.3491502954205581,0.11002575405587059,-0.04441408457231436,0.01708312609168103,0.7389382035334482,1.2683213535183255,-0.0011228698172766997,1.2694442233356023,0.0
975,19.5,idle,locomotion,0,0.9220296050431372,0.34933576155166535,0.11000988769476232,-0.0444364568518624,0.017051226587465496,0.7389639800416157,1.268346653997634,-0.0011246969469678597,1.2694713509446018,0.0
976,19.52,idle,locomotion,0,0.915832322867491,0.3494044121085991,0.11001069862802025,-0.04445889780088207,0.017018904293836117,0.7389898545598641,1.2683720438611217,-0.0011265256639653685,1.269498569525087,0.0
977,19.54,idle,locomotion,0,0.908095509217354,0.349417935791464,0.11001468177955893,-0.0444814107202146,0.016986143645560878,0.7390158167708709,1.2683975141864248,-0.0011283555739999597,1.2695258697604248,0.0
978,19.56,idle,locomotion,0,0.8987234316656612,0.3494535672269957,0.1099925701040305,-0.04450399777612124,0.016952931256766373,0.7390418556754181,1.268423056970392,-0.001130186313531404,1.2695532432839234,0.0
979,19.58,idle,locomotion,0,0.8878321615987731,0.3495665515492101,0.11003903301793731,-0.044526664167110305,0.016919258970003726,0.7390679549775762,1.2684486584115082,-0.001132017628177967,1.2695806760396862,0.0
980,19.6,idle,locomotion,0,0.8753788322295227,0.3497668793026168,0.11002941495117151,-0.04454941732617058,0.016885123540870337,0.739094094426192,1.2684742998495975,-0.0011338496920000433,1.2696081495415976,0.0
981,19.62,idle,locomotion,0,0.8615583304372209,0.35000705001414295,0.11001840444590755,-0.04457226727051218,0.01685053004403774,0.7391202603456928,1.268499966676418,-0.0011356821594139255,1.269635648835832,0.0
982,19.64,idle,locomotion,0,0.8465734281456694,0.35018868251784885,0.11009773554948535,-0.04459522262473075,0.01681548181786822,0.7391464427778617,1.268525648130914,-0.0011375149869889307,1.269663163117903,0.0
983,19.66,idle,locomotion,0,0.8303612734251475,0.3501711013289821,0.11012953034581076,-0.04461828633089087,0.016779976729710638,0.7391726299982009,1.2685513352600386,-0.0011393485623384762,1.2696906838223772,0.0
984,19.68,idle,locomotion,0,0.8130889488449697,0.3498317707363864,0.11013627376299465,-0.04464146380492759,0.016744019795258785,0.7391988094735513,1.2685770176049307,-0.0011411827291035702,1.2697182003340342,0.0
985,19.7,idle,locomotion,0,0.7949388048391309,0.34907452448715265,0.11010437257748365,-0.044664763826181654,0.016707623717709164,0.7392249751402795,1.2686026877770136,-0.0011430173420222609,1.2697457051190357,0.0
986,19.72,idle,locomotion,0,0.7764099736268156,0.34783847525674866,0.11029665237587336,-0.04468819187617565,0.016670796279824436,0.7392511224356699,1.268628341319093,-0.001144852665709177,1.2697731939848023,0.0
987,19.74,idle,locomotion,0,0.7571999870537207,0.3461121562570342,0.11014238908215207,-0.04471175149862347,0.016633542894615154,0.7392772441385668,1.2686539724340158,-0.0011466889909011006,1.2698006614249169,0.0
988,19.76,idle,locomotion,0,0.7381237331299239,0.34390615798328944,0.11023205444415948,-0.04473544985555912,0.01659587604655768,0.739303331087267,1.268679571008091,-0.0011485260261505127,1.2698280970342415,0.0
989,19.78,idle,locomotion,0,0.7187752931706582,0.34123251553152706,0.10999712646033297,-0.044759291164172446,0.01655780473955226,0.739329383122005,1.268705135587035,-0.0011503644611071326,1.269855500048142,0.0
990,19.8,idle,locomotion,0,0.699967448387045,0.33812620514307706,0.1101903915908927,-0.04478327817583566,0.01651933560494524,0.7393554007152876,1.2687306670073568,-0.0011522042490672117,1.269882871256424,0.0
991,19.82,idle,locomotion,0,0.6811494094845751,0.3346154543905907,0.11014650143626607,-0.04480741461189047,0.01648047494220989,0.7393813824243867,1.2687561629781194,-0.0011540457853088347,1.2699102087634282,0.0
992,19.84,idle,locomotion,0,0.6627711545510436,0.33076917767044606,0.11014939209420946,-0.04483170157256685,0.016441228216700386,0.7394073304358337,1.2687816257369888,-0.0011558890963859168,1.2699375148333747,0.0
993,19.86,idle,locomotion,0,0.6448868751879346,0.3266560701892527,0.11018322063564488,-0.04485614454997713,0.016401603095138512,0.7394332407743308,1.2688070493964867,-0.0011577342560265234,1.2699647836525132,0.0
994,19.88,idle,locomotion,0,0.6273433814965412,0.32233748196956696,0.10999212615889163,-0.04488074753120418,0.016361600877572727,0.7394591098918388,1.2688324292384252,-0.0011595817857212934,1.2699920110241465,0.0
995,19.9,idle,locomotion,0,0.6108343612890569,0.31791484010603804,0.11020297677849937,-0.04490550865308352,0.01632122620319325,0.7394849435667805,1.2688577720393237,-0.0011614316766416569,1.2700192037159654,0.0
996,19.92,idle,locomotion,0,0.5947403835553047,0.3134346263159022,0.11007630818271988,-0.0449304290038024,0.016280486521100604,0.73951074208316,1.2688830780361617,-0.001163284026139428,1.2700463620623013,0.0
997,19.94,idle,locomotion,0,0.5796966861010933,0.3089846984622589,0.1100969522908209,-0.0449555127890596,0.016239383910048824,0.7395365010469029,1.2689083416439666,-0.0011651388088499033,1.2700734804528164,0.0
998,19.96,idle,locomotion,0,0.5656493886388559,0.30462279243414864,0.11016054858578471,-0.04498076455456675,0.016197917071808128,0.7395622204377987,1.2689335613307662,-0.0011669960741163242,1.2701005574048825,0.0
999,19.98,idle,locomotion,0,0.5524180297093529,0.3003682254844863,0.10999988052717607,-0.045006185821584166,0.016156083221037336,0.7395879126781963,1.2689587477292548,-0.0011688561448841596,1.270127603874139,0.0
1000,20.0,idle,locomotion,0,0.540663079156489,0.29633687549352283,0.11023633405506202,-0.0450317781078375,0.016113873436035223,0.7396135825148674,1.2689839056865873,-0.0011707195276714488,1.2701546252142588,0.0
1001,20.02,idle,locomotion,0,0.5296196929883672,0.2924505433771753,0.10998455929211803,-0.04505754482368108,0.016071281075929554,0.7396392298427545,1.269009033591591,-0.0011725868380426177,1.2701816204296335,0.0
1002,20.04,idle,locomotion,0,0.5201192799193783,0.28887665338755075,0.11029413220348878,-0.04508348829084549,0.016028297771420986,0.7396648642745565,1.2690341391967894,-0.0011744586017090539,1.2702085977984985,0.0
1003,20.06,idle,locomotion,0,0.5114839975192005,0.28549793858428235,0.1103094628347538,-0.04510960864965134,0.0159849123002002,0.7396904998639482,1.2690592356397552,-0.001176335110148457,1.2702355707499036,0.0
1004,20.08,idle,locomotion,0,0.5037519815843778,0.2823305851562391,0.11000421294432132,-0.04513590771960256,0.01594111196572295,0.7397161468134762,1.2690843317579943,-0.0011782167643037793,1.270262548522298,0.0
1005,20.1,idle,locomotion,0,0.4975778854550089,0.27958194909630996,0.11026580669344162,-0.045162385826409246,0.015896877408052554,0.7397418092650732,1.269109432012883,-0.0011801041075017067,1.2702895361203848,0.0
1006,20.12,idle,locomotion,0,0.4924534573985803,0.2771064293992464,0.11033640660368292,-0.04518904268458772,0.01585219141769589,0.7397674936086552,1.2691345431825467,-0.0011819974410717596,1.2703165406236185,0.0
1007,20.14,idle,locomotion,0,0.4883346326507521,0.2749006729632603,0.11007578028766506,-0.04521588131973648,0.015807037863854873,0.7397932023328628,1.2691596673061845,-0.0011838968035260272,1.2703435641097105,0.0
1008,20.16,idle,locomotion,0,0.4855230268541127,0.2731858246353629,0.11004898991344801,-0.04524290372188535,0.015761398485784707,0.7398189399060741,1.269184808529594,-0.0011858026050467624,1.270370611134641,0.0
1009,20.18,idle,locomotion,0,0.4839193465929483,0.27192497899616064,0.11005769279310328,-0.045270111520408794,0.01571525491903698,0.7398447144492253,1.2692099750776895,-0.0011877151297686461,1.270397690207458,0.0
1010,20.2,idle,locomotion,0,0.48323921654132457,0.2710424298889796,0.10990335690857923,-0.045297507497107606,0.0156685893263894,0.7398705351381918,1.2692351752807278,-0.0011896345032685954,1.2704248097839965,0.0
1011,20.22,idle,locomotion,0,0.4832282531608072,0.2705349675586054,0.10991073337766005,-0.045325105505131906,0.015621419753854384,0.7398964502323491,1.269260451580168,-0.0011915574844498789,1.2704520090646179,0.0
1012,20.24,idle,locomotion,0,0.48376832741619025,0.27030289116853856,0.10995578428364959,-0.04535287632050229,0.015573752923580332,0.7399224354630953,1.2692857855417419,-0.0011934861018250004,1.2704792716435669,0.0
1013,20.26,idle,locomotion,0,0.4847743954452326,0.27032145214920944,0.1100121019247137,-0.04538082267649173,0.015525537242541607,0.7399484519694067,1.26931113938064,-0.0011954230915378963,1.2705065624721779,0.0
1014,20.28,idle,locomotion,0,0.486243037341896,0.2705744101658185,0.11000851449661378,-0.045408949557052554,0.015476744334344768,0.7399744630297473,1.2693364757976935,-0.00119736855971855,1.2705338443574121,0.0
1015,20.3,idle,locomotion,0,0.48806996787419776,0.2710303553871243,0.11000226069979194,-0.04543726163862286,0.01542736109310378,0.7400004546115745,1.2693617803223178,-0.0011993211225934663,1.2705611014449114,0.0
1016,20.32,idle,locomotion,0,0.4901990752527835,0.27166368899056675,0.11000008834789382,-0.045465761804327924,0.015377373229190762,0.7400264209720374,1.2693870480053906,-0.00120128020290583,1.2705883282082964,0.0
1017,20.34,idle,locomotion,0,0.49259378759813155,0.2724516436021985,0.11000214943333657,-0.045494454793030596,0.015326771970903734,0.7400523589428499,1.2694122760789106,-0.0012032454971923068,1.270615521576103,0.0
1018,20.36,idle,locomotion,0,0.4952817842089862,0.2733827327697718,0.10999904609422596,-0.04552334912461398,0.015275549028937295,0.7400782704328451,1.2694374644966784,-0.0012052170510056318,1.2706426815476841,0.0
1019,20.38,idle,locomotion,0,0.49826995359164256,0.2744468272612719,0.1100029808979706,-0.04555245430896875,0.015223687272193816,0.7401041561308204,1.26946261263087,-0.0012071954673112811,1.270669808098181,0.0
1020,20.4,idle,locomotion,0,0.5015539768114653,0.2756334116983467,0.11001775244210403,-0.04558177888166036,0.015171166987780494,0.7401300185052073,1.2694877220407021,-0.0012091815425308051,1.270696903583233,0.0
1021,20.42,idle,locomotion,0,0.5051878822134298,0.276941039389095,0.1099979933608038,-0.045611328730688135,0.015117982532456055,0.7401558728821767,1.269512807097974,-0.0012111754309781647,1.2707239825289522,0.0
1022,20.44,idle,locomotion,0,0.5090932001916604,0.27835226695053816,0.11002317997197981,-0.04564109033823027,0.015064171556706193,0.7401817307325025,1.2695378824997359,-0.0012131753512075877,1.2707510578509436,0.0
1023,20.46,idle,locomotion,0,0.5132636142433147,0.2798573846702661,0.11006964167797953,-0.045671073595146446,0.015009680645342461,0.7402075642457772,1.2695629206117562,-0.001215183441703637,1.2707781040534598,0.0
1024,20.48,idle,locomotion,0,0.5177445079389567,0.2814558602311208,0.11003122402821734,-0.04570129518479323,0.014954480562306733,0.7402333650678556,1.2695879101895968,-0.0012172014235269507,1.2708051116131238,0.0
1025,20.5,idle,locomotion,0,0.5223089215418755,0.283103376983406,0.11009199705388825,-0.04573176807953375,0.014898559008176703,0.7402591240474375,1.269612839446732,-0.0012192297298315412,1.2708320691765636,0.0
1026,20.52,idle,locomotion,0,0.5270662142309785,0.2847977772085293,0.11004607230453031,-0.04576250419625672,0.01484190024963891,0.7402848305305256,1.2696376957747781,-0.0012212686930239518,1.270858964467802,0.0
1027,20.54,idle,locomotion,0,0.5317649052849714,0.28646952472794823,0.11000486119215734,-0.045793513361059135,0.014784481845867909,0.7403104862498803,1.2696624794197406,-0.0012233189696381,1.2708857983893787,0.0
1028,20.56,idle,locomotion,0,0.5359546440768231,0.2879694097712705,0.11002270018303399,-0.04582480556120962,0.014726277794048061,0.7403361025521481,1.2696872001713064,-0.0012253810732121562,1.2709125812445186,0.0
1029,20.58,idle,locomotion,0,0.5392081401982324,0.2890713154186966,0.10998630689775797,-0.045856389549433094,0.014667256592481848,0.740361691704678,1.2697118694219527,-0.0012274557443181476,1.2709393251662708,0.0
1030,20.6,idle,locomotion,0,0.541539619544703,0.2897393762374292,0.10992386054727996,-0.04588827333437718,0.014607378096222642,0.7403872614112884,1.2697364956987498,-0.0012295443388075367,1.2709660400375573,0.0
1031,20.62,idle,locomotion,0,0.5433427187515919,0.2901653865421138,0.10987451434851611,-0.045920470828824604,0.0145466051838682,0.740412816255488,1.2697610818483533,-0.0012316479615384346,1.2709927298098918,0.0
1032,20.64,idle,locomotion,0,0.5447031589966242,0.2904032915896805,0.10983945709137564,-0.045952998405365424,0.014484896977703034,0.7404383670945214,1.2697856347474061,-0.0012337678085006,1.2710194025559067,0.0
1033,20.66,idle,locomotion,0,0.5456532305915236,0.29048133312915053,0.10981791852584998,-0.04598586815755409,0.014422203130879002,0.7404639285270113,1.2698101674476772,-0.0012359052523514304,1.2710460727000286,0.0
1034,20.68,idle,locomotion,0,0.5462290934547925,0.29042674616115927,0.10980570679174831,-0.04601909505315783,0.014358469535966015,0.7404895072143836,1.269834684724355,-0.0012380616750915577,1.2710727463994465,0.0
1035,20.7,idle,locomotion,0,0.5464803036393264,0.2902678969271918,0.10979756237992992,-0.046052694516263766,0.014293636666447587,0.7405151116541486,1.2698591926134775,-0.0012402384820391077,1.2710994310955166,0.0
1036,20.72,idle,locomotion,0,0.5465002388153916,0.29005131030888354,0.10978893336120396,-0.046086681790671886,0.014227649022397086,0.7405407621965535,1.2698837100843723,-0.001242436012416602,1.2711261460967889,0.0
1037,20.74,idle,locomotion,0,0.5464121517349033,0.2898351557607937,0.10977776980621255,-0.046121064075205234,0.014160458941227952,0.7405664600865373,1.269908238545159,-0.0012446525295134285,1.2711528910746723,0.0
1038,20.76,idle,locomotion,0,0.5463232843288627,0.2896667099904828,0.10976458064328537,-0.0461558606773849,0.014091983156850618,0.7405921985125046,1.2699327674657466,-0.00124687262333446,1.2711796400890811,0.0
1039,20.78,idle,locomotion,0,0.5462829768373442,0.28956349038060003,0.10975304710632086,-0.046191089889376494,0.014022135741268395,0.7406179781678087,1.269957296779847,-0.001249113031991423,1.2712064098118383,0.0
1040,20.8,idle,locomotion,0,0.5462885396802529,0.28951806271771063,0.1097459844883471,-0.04622677549447321,0.013950838428738803,0.7406437966774475,1.269981822283447,-0.0012513884885184054,1.2712332107719653,0.0
1041,20.82,idle,locomotion,0,0.5463311943918449,0.289521086115583,0.1097426450180557,-0.046262946241515945,0.013878013008834471,0.7406696585745036,1.2700063443166152,-0.0012537024878660763,1.2712600468044812,0.0
1042,20.84,idle,locomotion,0,0.5464021216903393,0.28956292336852524,0.10974128655564291,-0.04629963222824306,0.01380357037658399,0.7406955725535951,1.270030867989639,-0.0012560561131295112,1.2712869241027684,0.0
1043,20.86,idle,locomotion,0,0.5464929336696619,0.28963412736459543,0.10974080163811141,-0.04633686540845234,0.013727405288268733,0.7407215513896701,1.270055402549007,-0.0012584507245051862,1.2713138532735122,0.0
1044,20.88,idle,locomotion,0,0.5465312134343381,0.2896889233380496,0.10974236033269,-0.046374680620987874,0.01364940145650722,0.7407476078778276,1.2700799575823216,-0.0012608881689536514,1.2713408457512754,0.0
1045,20.9,idle,locomotion,0,0.5463952195650766,0.2896559577183359,0.10974686301527482,-0.046413115344567456,0.013569431727694821,0.7407737612754954,1.270104547698692,-0.0012633713160332197,1.2713679190147253,0.0
1046,20.92,idle,locomotion,0,0.5460233998808809,0.2895002900017302,0.10975266395857272,-0.04645220515304047,0.01348735007066412,0.7408000400539548,1.2701291987918288,-0.0012659033668363726,1.2713951021586651,0.0
1047,20.94,idle,locomotion,0,0.5454105298139285,0.2892170773894214,0.10975770779955869,-0.04649199104394318,0.01340299152941076,0.7408264634168057,1.2701539282787506,-0.0012684882775303788,1.271422416556281,0.0
1048,20.96,idle,locomotion,0,0.5445664579134439,0.28880828028815864,0.10976165182673578,-0.046532521758468434,0.013316177512702372,0.7408530453440229,1.2701787460084923,-0.0012711301595377394,1.2714498761680302,0.0
1049,20.98,idle,locomotion,0,0.5435426229452194,0.2882994074784986,0.10976407914387487,-0.04657384883441423,0.013226706497900994,0.7408798073367325,1.270203669648382,-0.0012738193936436756,1.2714774890420257,0.0
1050,21.0,idle,locomotion,0,0.5424189037757474,0.28773324287419305,0.1097660645453423,-0.04661602080739336,0.013134342275004979,0.7409067729775102,1.2702287226977362,-0.001276514034176869,1.271505236731913,0.0
1051,21.02,idle,locomotion,0,0.5412653724263911,0.287146920122255,0.10976751924978792,-0.046659089650046226,0.013038804218776508,0.7409339616257274,1.2702539238128765,-0.0012792705590826958,1.2715331943719592,0.0
1052,21.04,idle,locomotion,0,0.5401119179439118,0.2865529846323127,0.10976826406116341,-0.046703122548169246,0.012939773711459714,0.7409613908278768,1.2702792877686457,-0.001282121633962921,1.2715614094026086,0.0
1053,21.06,idle,locomotion,0,0.5389835612061,0.2859627450243964,0.10976859217296576,-0.04674819347149024,0.012836886250177044,0.7409890798233157,1.2703048320496326,-0.0012850767572148494,1.2715899088068474,0.0
1054,21.08,idle,locomotion,0,0.5379283025051971,0.28540286396245035,0.1097687314700802,-0.04679438925177459,0.012729725034435625,0.7410170473214297,1.2703305718073854,-0.0012881422403053615,1.2716187140476907,0.0
1055,21.1,idle,locomotion,0,0.5369818200971455,0.28489365670074085,0.10976880079709084,-0.046841818425647726,0.012617917518466887,0.7410452700626478,1.2703564733436683,-0.0012916305302491694,1.2716481038739176,0.0
1056,21.12,idle,locomotion,0,0.5361678214207182,0.2844492492917602,0.10976884832485381,-0.04689059201935531,0.012501578910306699,0.7410736964456934,1.2703824179006784,-0.001296099193786579,1.2716785170944649,0.0
1057,21.14,idle,locomotion,0,0.5354991977841301,0.2840780960984641,0.10976888851120416,-0.04694062589117273,0.012380299033487209,0.7411024690524781,1.2704086051671797,-0.0013000947587611701,1.2717086999259408,0.0
1058,21.16,idle,locomotion,0,0.534979503417085,0.28378363753449903,0.10976892306246572,-0.04699191014602727,0.012253190248346868,0.7411316643303559,1.2704351540078491,-0.0013033652065079365,1.271738519214357,0.0
1059,21.18,idle,locomotion,0,0.5345743302392626,0.2835467419699994,0.10976895053681247,-0.04704466801861463,0.012119240327559124,0.7411612580287513,1.2704620028515508,-0.0013066096291059759,1.2717686124806566,0.0
1060,21.2,idle,locomotion,0,0.5342514012000431,0.28334977967719016,0.10976897082937637,-0.04709921907520758,0.011977216311472355,0.7411911834227601,1.27048903689008,-0.0013100718825032436,1.2717991087725833,0.0
1061,21.22,idle,locomotion,0,0.533949221477555,0.2831575949927914,0.10976898510144739,-0.047155911969103424,0.011825536545543778,0.7412212756961,1.2705160662809167,-0.0013137801825155865,1.2718298464634323,0.0
1062,21.24,idle,locomotion,0,0.5335588690375457,0.28290543293534476,0.10976812981850781,-0.04721514210674407,0.011662235945055267,0.7412512064092408,1.2705427611037394,-0.0013177194701794598,1.2718604805739189,0.0
1063,21.26,idle,locomotion,0,0.5329343089510838,0.28250942000296636,0.10976885600888608,-0.04727737847958607,0.011484908124853964,0.741280415362563,1.2705685875514692,-0.0013218561298327033,1.2718904436813019,0.0
1064,21.28,idle,locomotion,0,0.5319087048590345,0.2818779016705072,0.1097729464272164,-0.04734322969480928,0.011290443917317131,0.7413079960859708,1.2705926969025223,-0.0013261623126764044,1.2719188592151986,0.0
1065,21.3,idle,locomotion,0,0.5303665813875953,0.28094963361578096,0.10977965886625904,-0.047413512087314404,0.011074690877566896,0.7413325095338127,1.270613750109948,-0.001330601362426704,1.2719443514723747,0.0
1066,21.32,idle,locomotion,0,0.528211520843523,0.27967240101930607,0.10978787135709604,-0.047489322850711384,0.01083224851194573,0.7413518364205378,1.2706297502940846,-0.0013351176383262706,1.271964867932411,0.0
1067,21.34,idle,locomotion,0,0.5254001205380002,0.27802341667568475,0.10979695528252008,-0.04757327693942504,0.01055677109365415,0.7413654865240635,1.2706395618100268,-0.0013398924294006805,1.2719794542394274,0.0
1068,21.36,idle,locomotion,0,0.5220528594122085,0.2760734682335335,0.10980490191924992,-0.04766859002538499,0.010236046407302425,0.7413693577454626,1.2706388143411524,-0.0013457693706807015,1.271984583711833,0.0
1069,21.38,idle,locomotion,0,0.5183563633626442,0.27392980425856434,0.10981213402495045,-0.04777836245954123,0.009848135445246093,0.7413514154993924,1.270615950991865,-0.0013595145036915841,1.2719754654955566,0.0
1070,21.4,idle,locomotion,0,0.5144845789860357,0.27169102937102035,0.10981869823198612,-0.04791037164104248,0.009356654782554272,0.741280102721438,1.270539397654079,-0.001383947778712695,1.2719233454327918,0.0
1071,21.42,idle,locomotion,0,0.5106449082766997,0.26947386072708235,0.10982364582248627,-0.04807618016696268,0.008689334119276103,0.7410697496660156,1.2703247416213248,-0.0014237868092860893,1.271748528430611,0.0
1072,21.44,idle,locomotion,0,0.5070308766953496,0.267387322594547,0.1098270713735357,-0.04826755723973273,0.007711816393186487,0.7405980335229958,1.2698599975991138,-0.001313231645258598,1.2711732292443725,0.0
1073,21.46,idle,locomotion,0,0.5037907557451513,0.26551703530630316,0.10983040633537239,-0.0484415421341314,0.0063227337685771105,0.7399936927114498,1.2692662605963827,-0.0005059644157139886,1.2697722250120966,0.0
1074,21.48,idle,locomotion,0,0.5010250708506782,0.2639222594774587,0.1098332560054783,-0.04859713459584384,0.004504646012348426,0.7397703593604845,1.2690315909696706,-0.0005188396895014422,1.269550430659172,0.0
1075,21.5,idle,locomotion,0,0.49878720437627844,0.26263455668166935,0.1098351478749131,-0.04868199857197223,0.0021696206407392066,0.7401297997765269,1.2693727171334548,-0.0005235956708345112,1.2698963128042893,0.0
1076,21.52,idle,locomotion,0,0.49704510560351167,0.2616370397727634,0.10983802316916923,-0.048686523892967334,-0.000754888647799748,0.7409291476599089,1.2701604926596723,-0.0005232279929894626,1.2706837206526618,0.0
1077,21.54,idle,locomotion,0,0.4957022800912452,0.26087572656089947,0.10984251692163463,-0.04862862023584412,-0.004285329150404932,0.7417946300583235,1.2710361007223536,-0.0005206727978212394,1.271556773520175,0.0
1078,21.56,idle,locomotion,0,0.4946795243282278,0.2603042452309355,0.10984623599695528,-0.048558377133175026,-0.008375375713719092,0.7421880220114495,1.2714697153808017,-0.0005153892813394151,1.271985104662141,0.0
1079,21.58,idle,locomotion,0,0.49394845913039365,0.25990561884130564,0.10984919218359626,-0.04864852218539907,-0.01299974405787798,0.7415152833008044,1.2708456689856322,-0.0007033547412563478,1.2715490237268885,0.0
1080,21.6,idle,locomotion,0,0.49349904717009896,0.2596739096339949,0.10985117383832997,-0.04932904369626623,-0.01810178946272506,0.7390947415305558,1.2684299391608616,-0.0008931829016812325,1.2693231220625427,0.0
1081,21.62,idle,locomotion,0,0.49330323675993726,0.25959134618596547,0.10985205541454311,-0.050934682914284116,-0.022634079319395324,0.7358132397035038,1.2648950430457617,-0.0011825845359502395,1.266077627581712,0.0
1082,21.64,idle,locomotion,0,0.49332468479782854,0.2596353629446126,0.10985223398934245,-0.05248267620508257,-0.02672074843458725,0.7324740212597333,1.2613016610026253,-0.0007104423139825469,1.2620121033166078,0.0
1083,21.66,idle,locomotion,0,0.49352215894042356,0.25978065312352056,0.10985203461972833,-0.0536279412536502,-0.030201215021426343,0.7296586400165129,1.2583020516942882,-0.0006491245249713694,1.2589511762192596,0.0
1084,21.68,idle,locomotion,0,0.49385253281857455,0.26000096449878857,0.10985165793191656,-0.054355758343521646,-0.0329128889760459,0.7277922303477131,1.256302997634668,-0.0006697452530093073,1.2569727428876774,0.0
1085,21.7,idle,locomotion,0,0.4942733581494655,0.26027064132367445,0.10985121937081468,-0.05480446792218264,-0.03500460757403587,0.72693664244366,1.2553593386181428,-0.0006892801437677551,1.2560486187619104,0.0
1086,21.72,idle,locomotion,0,0.49474496351225067,0.2605658783157644,0.10985078465111908,-0.05516756910988129,-0.036682322395811394,0.7268941994499146,1.255264301923095,-0.0006953952852771957,1.2559596972083722,0.0
1087,21.74,idle,locomotion,0,0.495232054027612,0.2608656678880497,0.10985039084020523,-0.055674328580520085,-0.03806231092016014,0.7275326447842305,1.2558456024972817,-0.0006826894781185797,1.2565282919754004,0.0
1088,21.76,idle,locomotion,0,0.495704811253802,0.26115243915301567,0.10985005769411077,-0.056251593495206614,-0.03924355794717084,0.7287031506947147,1.2569897585918628,-0.0006798274112013308,1.2576695860030642,0.0
1089,21.78,idle,locomotion,0,0.4961395163569076,0.2614124036556771,0.10984979385765083,-0.05674448122569688,-0.04016682765731002,0.7300891986393284,1.2584132804478527,-0.0006777517232511229,1.2590910321711037,0.0
1090,21.8,idle,locomotion,0,0.4965187406687065,0.261635636867173,0.10984960057653119,-0.05719867749165338,-0.04082574195265738,0.7315175882974104,1.2599279519414326,-0.0006764582375987753,1.2606044101790315,0.0
1091,21.82,idle,locomotion,0,0.4968311645624443,0.2618159351344284,0.1098494741781396,-0.05765522818084261,-0.04124819586239249,0.732817671378224,1.261348594113688,-0.0006726061261688211,1.2620212002398568,0.0
1092,21.84,idle,locomotion,0,0.49707109698446816,0.2619504944539889,0.10984940785850378,-0.05816240863630634,-0.041462636954542866,0.7338837429845818,1.2625519121267632,-0.0006656552038574841,1.2632175673306207,0.0
1093,21.86,idle,locomotion,0,0.4972377734929893,0.2620394600796891,0.10984939300135056,-0.05873737287725789,-0.041481859825846665,0.734670792550364,1.2634780191680333,-0.0006565265797126435,1.264134545747746,0.0
1094,21.88,idle,locomotion,0,0.4973292856229358,0.2620812967040311,0.10984851696350764,-0.05934014444129226,-0.041277853071151935,0.7351549358333518,1.2641019016852446,-0.0006500810982213757,1.264751982783466,0.0
1095,21.9,idle,locomotion,0,0.49743382465450753,0.2621229367908734,0.10984207489559966,-0.05992420795965639,-0.04084328076803281,0.735338504302921,1.2644264102164038,-0.0006425294589366692,1.2650689396753405,0.0
1096,21.92,idle,locomotion,0,0.497691732494304,0.26224156868748594,0.10983124572330669,-0.060488412725377735,-0.04019277942222371,0.7352819653544459,1.2645044740879263,-0.0006309768623554667,1.2651354509502817,0.0
1097,21.94,idle,locomotion,0,0.49815546644220104,0.262469908713701,0.10982234686620998,-0.06103020056215006,-0.039342603755888536,0.7350517909801532,1.26439916101463,-0.0006151884300605731,1.2650143494446904,0.0
1098,21.96,idle,locomotion,0,0.4987924704579569,0.26279396452895193,0.10981711654751086,-0.06155311553584833,-0.038313571062655004,0.7346990916143432,1.2641587149904934,-0.0005993020589812291,1.2647580170494745,0.0
1099,21.98,idle,locomotion,0,0.49953903588823156,0.26318010189747953,0.10981429411489659,-0.06206554341335192,-0.037125826898629616,0.7342739205485463,1.263830646725595,-0.0005852287563503089,1.2644158754819455,0.0
1100,22.0,idle,locomotion,0,0.500337361339657,0.2635972863546924,0.10981276168489719,-0.06257811213489478,-0.035802769603871826,0.7338205819420623,1.2634571160990098,-0.0005732082135448645,1.2640303243125546,0.0
1101,22.02,idle,locomotion,0,0.5011375794852517,0.2640184369353003,0.10981188118292158,-0.063095222717325,-0.03436799242041039,0.7333774188358927,1.2630762989173996,-0.0005655740898433091,1.263641873007243,0.0
1102,22.04,idle,locomotion,0,0.5018988023506542,0.2644211453075494,0.10981133936282662,-0.06361487790293803,-0.032847210982429306,0.73297451619065,1.262720543305972,-0.0005598477231081277,1.2632803910290802,0.0
1103,22.06,idle,locomotion,0,0.5025895468932574,0.2647879961347593,0.10981099162296819,-0.0641342758884178,-0.03126288783244987,0.7326338309495294,1.2624138598172931,-0.000554473859979112,1.2629683336772723,0.0
1104,22.08,idle,locomotion,0,0.5031876231000675,0.26510655883575157,0.10981077062059995,-0.06464901272549757,-0.029632951750633733,0.7323655657593171,1.262168573723043,-0.000548891290527688,1.2627174650135706,0.0
1105,22.1,idle,locomotion,0,0.5036795745739308,0.26536911653409834,0.10981064183344423,-0.06515507286835635,-0.02797724748947186,0.7321634829469765,1.2619808939599433,-0.0005426377197322793,1.2625235316796755,0.0
1106,22.12,idle,locomotion,0,0.5040597733353047,0.26557219796671794,0.1098105841684167,-0.06565258238156721,-0.026314550811203773,0.7320159550951418,1.2618401495913978,-0.0005356958211509243,1.2623758454125487,0.0
1107,22.14,idle,locomotion,0,0.5043292749266649,0.26571597559020377,0.10981058217674425,-0.06614256410879951,-0.024658307659613455,0.7319210989393046,1.2617449862650878,-0.000528327428208273,1.262273313693296,0.0
1108,22.16,idle,locomotion,0,0.5044945364215121,0.2658035876520777,0.10981062314461863,-0.06662719004303358,-0.023023079529834855,0.7318730760970465,1.2616897849237185,-0.0005204875628425643,1.2622102724865611,0.0
1109,22.18,idle,locomotion,0,0.504613202891935,0.26586686080730465,0.10978782887713186,-0.06710755263560883,-0.021423523406432936,0.7318631200385698,1.261666265885923,-0.0005117565550736732,1.2621780224409966,0.0
1110,22.2,idle,locomotion,0,0.5047331872212624,0.26593136587917143,0.10976081735734906,-0.06758559514581478,-0.0198746423509562,0.731883285396796,1.2616669334955535,-0.0005051005469379789,1.2621720340424916,0.0
1111,22.22,idle,locomotion,0,0.5048533402800937,0.26599603001205296,0.10974507033444156,-0.06806128479731736,-0.01838523263268211,0.7319256935775227,1.2616847649008274,-0.0005087982352586853,1.262193563136086,0.0
1112,22.24,idle,locomotion,0,0.5049735133754056,0.2660607138258808,0.10973779557227246,-0.06853377612050221,-0.01696126463729679,0.7319757089918866,1.2617064499149664,-0.0005191950944110693,1.2622256450093774,0.0
1113,22.26,idle,locomotion,0,0.5050936881747438,0.2661253997151587,0.10973488958278517,-0.0690003857783581,-0.015613700492365058,0.7320243724988076,1.2617241437691713,-0.0005249313456700232,1.2622490751148414,0.0
1114,22.28,idle,locomotion,0,0.5052138628345626,0.26619008568003477,0.10973386307652047,-0.0694577338509082,-0.014355143076466246,0.7320706491567748,1.261738198623648,-0.0005304447063066257,1.2622686433299546,0.0
1115,22.3,idle,locomotion,0,0.5053340373486682,0.26625477158607946,0.10973354557307333,-0.0699026586429131,-0.013192642315778401,0.7321149654564365,1.2617502185703173,-0.0005385391128228251,1.26228875768314,0.0
1116,22.32,idle,locomotion,0,0.5054542118043761,0.2663194574632397,0.10973346434497429,-0.0703318282019858,-0.012129732436705573,0.7321580689494942,1.2617621202330005,-0.0005475391640826499,1.262309659397083,0.0
1117,22.34,idle,locomotion,0,0.5055743862424006,0.26638414333121335,0.10973345084303744,-0.07074279437638782,-0.011167795849877184,0.7322002327894663,1.261775062029518,-0.0005556839757851068,1.2623307460053033,0.0
1118,22.36,idle,locomotion,0,0.5056945606764507,0.2664488291970909,0.10973345236971833,-0.0711334911599418,-0.010306022356721109,0.7322412935492373,1.2617897113242162,-0.0005626244441037757,1.26235233576832,0.0
1119,22.38,idle,locomotion,0,0.5058147351101747,0.26651351506279863,0.10973345520381139,-0.07150212708343034,-0.00954446986735302,0.7322807204410737,1.2618063011803062,-0.0005674928069528823,1.262373793987259,0.0
1120,22.4,idle,locomotion,0,0.5059349095442092,0.26657820092867385,0.1097334569407109,-0.0718484444284827,-0.008882409304454391,0.7323187899795197,1.2618255313434366,-0.0005713675539745604,1.262396898897411,0.0
1121,22.42,idle,locomotion,0,0.5060550839784996,0.26664288679468745,0.10973345775357779,-0.07217191347381234,-0.008317297208510826,0.7323554046500931,1.2618477739190155,-0.0005743221971643078,1.2624220961161798,0.0
1122,22.44,idle,locomotion,0,0.5061752584129249,0.26670757266077333,0.10973345807958756,-0.07247424599368976,-0.00784705962917205,0.7323907542253391,1.2618729405861133,-0.0005766054708419253,1.2624495460569551,0.0
1123,22.46,idle,locomotion,0,0.5062954328474082,0.2667722585268903,0.10973345819492884,-0.07275683502741304,-0.0074692721319400465,0.7324251826645964,1.2619009990834378,-0.0005782431967648674,1.2624792422802027,0.0
1124,22.48,idle,locomotion,0,0.5064156072819134,0.266836944393019,0.10973345823064434,-0.07301986807177523,-0.007179308076984462,0.7324586124688748,1.2619317390699405,-0.0005790525242403352,1.262510791594181,0.0
1125,22.5,idle,locomotion,0,0.506535781716426,0.2669016302591515,0.10973345823979624,-0.0732640285564415,-0.006971956374660293,0.7324899620279813,1.261963777721565,-0.0005789209925371845,1.2625426987141022,0.0
1126,22.52,idle,locomotion,0,0.5066559561509407,0.2669663161252861,0.10973345824132495,-0.07349181893153502,-0.00684166350439466,0.7325169752634868,1.261993791833895,-0.0005776182751620444,1.262571410109057,0.0
1127,22.54,idle,locomotion,0,0.5067761305854555,0.2670310019914207,0.10973345824115804,-0.07370456873849579,-0.006782464971135735,0.732539108454677,1.2620203973331834,-0.000575128140648213,1.2625955254738317,0.0
1128,22.56,idle,locomotion,0,0.5068963050199702,0.26709568785755533,0.1097334582408412,-0.07390204335417738,-0.0067886444912006105,0.7325576741340452,1.2620446424229528,-0.0005713103577375152,1.2626159527806904,0.0
1129,22.58,idle,locomotion,0,0.5070164794544849,0.26716037372368995,0.10973345824064656,-0.07408350989394297,-0.0068539745133408235,0.7325756422653733,1.2620692388563044,-0.0005675716512075907,1.262636810507512,0.0
1130,22.6,idle,locomotion,0,0.5071366538889996,0.26722505958982457,0.10973345824055537,-0.07424793266486862,-0.006975519921675431,0.7325977279394137,1.2620987752999215,-0.0005637111011029261,1.2626624864010245,0.0
1131,22.62,idle,locomotion,0,0.5072568283235144,0.2672897454559592,0.10973345824051878,-0.07439418700445605,-0.007148761696237687,0.7326252738250628,1.2621349273969107,-0.0005594472151048656,1.2626943746120156,0.0
1132,22.64,idle,locomotion,0,0.5073770027580291,0.2673544313220938,0.10973345824050579,-0.07452261715074307,-0.00736911786840197,0.7326571637138437,1.262176603073928,-0.0005548188137435642,1.2627314218876717,0.0
1133,22.66,idle,locomotion,0,0.5074971771925438,0.2674191171882284,0.10973345824050176,-0.0746343739841786,-0.007630754709101412,0.7326904432731459,1.2622207461939738,-0.0005500810704844525,1.2627708272644582,0.0
1134,22.68,idle,locomotion,0,0.5076173516270586,0.26748380305436303,0.10973345824050075,-0.07473088006778623,-0.00792762178599612,0.7327209296117045,1.2622630439357194,-0.0005453698755460076,1.2628084138112654,0.0
1135,22.7,idle,locomotion,0,0.5077375260615733,0.26754848892049765,0.10973345824050063,-0.07481314761933726,-0.008253661213400628,0.7327457519880367,1.2623006819367066,-0.0005407062826069189,1.2628413882193135,0.0
1136,22.72,idle,locomotion,0,0.507857700496088,0.26761317478663227,0.10973345824050063,-0.07488326259591732,-0.008602859898046305,0.7327638758993216,1.2623322439390996,-0.0005361287987876891,1.2628683727378873,0.0
1137,22.74,idle,locomotion,0,0.5079778749306028,0.2676778606527669,0.10973345824050063,-0.07494354044715616,-0.008969597958855598,0.7327752103051737,1.2623570865873184,-0.0005318729280847992,1.2628889595154031,0.0
1138,22.76,idle,locomotion,0,0.5080980493651175,0.2677425465189015,0.10973345824050063,-0.07499607895284853,-0.009348965661567288,0.7327801986778589,1.2623751350774939,-0.0005278491944483363,1.2629029842719421,0.0
1139,22.78,idle,locomotion,0,0.5082182237996322,0.2678072323850361,0.10973345824050063,-0.07504271692728207,-0.00973679234485865,0.7327797063276087,1.2623868276306343,-0.0005246125844549782,1.2629114402150892,0.0
1140,22.8,idle,locomotion,0,0.508338398234147,0.26787191825117074,0.10973345824050063,-0.07508482339668397,-0.010128541474792403,0.7327750087424868,1.26239320842847,-0.0005232892278308095,1.2629164976563008,0.0
1141,22.82,idle,locomotion,0,0.5084585726686617,0.26793660411730535,0.10973345824050063,-0.07512291168113704,-0.010520093073256347,0.7327664374758177,1.2623945607516023,-0.0005220316266202861,1.2629165923782226,0.0
1142,22.84,idle,locomotion,0,0.5085787471031764,0.26800128998343997,0.10973345824050063,-0.07515738772530803,-0.010907740117429909,0.7327544092035055,1.2623912908011583,-0.0005205776809531701,1.2629118684821115,0.0
1143,22.86,idle,locomotion,0,0.5086989215376911,0.2680659758495746,0.10973345824050063,-0.07518835437164402,-0.011287823810922736,0.7327394084735486,1.2623839550050957,-0.0005189007140175526,1.2629028557191133,0.0
1144,22.88,idle,locomotion,0,0.5088190959722059,0.2681306617157092,0.10973345824050063,-0.07521556989007733,-0.011656783122303869,0.7327218507880605,1.2623731217608596,-0.0005166204215125494,1.2628897421823722,0.0
1145,22.9,idle,locomotion,0,0.5089392704067206,0.2681953475818438,0.10973345824050063,-0.07523883056584814,-0.012012206546197947,0.732702403360782,1.2623596687769498,-0.000515848999829812,1.2628755177767796,0.0
1146,22.92,idle,locomotion,0,0.5090594448412353,0.26826003344797844,0.10973345824050063,-0.07525815283519473,-0.01235198642918325,0.7326815575460978,1.2623441876279242,-0.000516808672128128,1.2628609963000523,0.0
1147,22.94,idle,locomotion,0,0.5091796192757501,0.26832471931411306,0.10973345824050063,-0.07527381586262884,-0.01267448221364762,0.7326599573434944,1.262327330904068,-0.0005176878441764468,1.2628450187482443,0.0
1148,22.96,idle,locomotion,0,0.5092997937102648,0.2683894051802477,0.10973345824050063,-0.0752861036915562,-0.012978523937890741,0.7326386852752546,1.2623101688311111,-0.0005184842627277107,1.2628286530938388,0.0
1149,22.98,idle,locomotion,0,0.5094199681447795,0.2684540910463823,0.10973345824050063,-0.07529518598998468,-0.013263054780490708,0.7326183848680121,1.2622933782700825,-0.0005192157407974789,1.2628125940108799,0.0
1150,23.0,idle,locomotion,0,0.5095401425792943,0.2685187769125169,0.10973345824050063,-0.07530120181872743,-0.01352716918062136,0.7325993105407281,1.26227724918867,-0.0005198752747579659,1.262797124463428,0.0
1151,23.02,idle,locomotion,0,0.509660317013809,0.2685834627786515,0.10973345824050063,-0.07530430309143966,-0.013770216928360886,0.7325814951601074,1.2622618500888598,-0.0005202754565031484,1.262782125545363,0.0
1152,23.04,idle,locomotion,0,0.5097804914483237,0.26864814864478614,0.10973345824050063,-0.0753047038086657,-0.013991611822686024,0.7325650310913248,1.262247288467834,-0.0005206158628697395,1.2627679043307036,0.0
1153,23.06,idle,locomotion,0,0.5099006658828384,0.26871283451092076,0.10973345824050063,-0.07530263352833513,-0.014191018748601814,0.7325499236628458,1.2622335871534673,-0.0005208878335336634,1.262754474987001,0.0
1154,23.08,idle,locomotion,0,0.5100208403173532,0.2687775203770554,0.10973345824050063,-0.0752983497565273,-0.01436831997030106,0.7325361273893235,1.2622207182878789,-0.0005210886607062426,1.2627418069485852,0.0
1155,23.1,idle,locomotion,0,0.5101410147518679,0.26884220624319,0.10973345824050063,-0.07529205530894953,-0.014523334756316064,0.7325236204193452,1.2622086809585642,-0.0005212316005252481,1.2627299125590894,0.0
1156,23.12,idle,locomotion,0,0.5102611891863826,0.2689068921093246,0.10973345824050063,-0.07528388661258728,-0.01465598240537209,0.7325124691719462,1.2621975845633568,-0.0005213208628231693,1.26271890542618,0.0
1157,23.14,idle,locomotion,0,0.5103813636208974,0.26897157797545923,0.10973345824050063,-0.07527396774396103,-0.014766395560978068,0.7325026596367675,1.26218747889665,-0.0005213596530507757,1.2627088385497007,0.0
1158,23.16,idle,locomotion,0,0.5105015380554121,0.26903626384159385,0.10973345824050063,-0.07526232302748828,-0.014855158193066998,0.7324941192971853,1.2621784036014316,-0.000521358058456621,1.2626997616598883,0.0
1159,23.18,idle,locomotion,0,0.5106217124899268,0.26910094970772847,0.10973345824050063,-0.07524900977848559,-0.01492313021878507,0.7324867259893036,1.2621703625729424,-0.0005213112542012399,1.2626916738271436,0.0
1160,23.2,idle,locomotion,0,0.5107418869244416,0.2691656355738631,0.10973345824050063,-0.07523428508513691,-0.014971403422138596,0.7324803311614148,1.2621632640489289,-0.0005212132545875103,1.2626844773035164,0.0
1161,23.22,idle,locomotion,0,0.5108620613589563,0.2692303214399977,0.10973345824050063,-0.07521848534441188,-0.015001158479301328,0.732474638205612,1.262156853202257,-0.0005210637827095313,1.2626779169849665,0.0
1162,23.24,idle,locomotion,0,0.510982235793471,0.2692950073061323,0.10973345824050063,-0.07520198363868474,-0.015013579699278213,0.7324688984998334,1.2621504261229433,-0.0005208543217465091,1.2626712804446898,0.0
1163,23.26,idle,locomotion,0,0.5111024102279857,0.26935969317226693,0.10973345824050063,-0.07518519849110063,-0.015010098096685248,0.7324624449786172,1.2621433502589803,-0.0005206349351516565,1.262663985194132,0.0
1164,23.28,idle,locomotion,0,0.5112225846625005,0.26942437903840155,0.10973345824050063,-0.07516854477306771,-0.014992212293771262,0.7324549710354784,1.2621353430932147,-0.0005204187894483972,1.262655761882663,0.0
1165,23.3,idle,locomotion,0,0.5113427590970152,0.26948906490453617,0.10973345824050063,-0.075152419712306,-0.01496131284323199,0.7324464901019486,1.2621264241468981,-0.0005202011825765455,1.2626466253294746,0.0
1166,23.32,idle,locomotion,0,0.5114629335315299,0.2695537507706708,0.10973345824050063,-0.07513719816131,-0.01491870640905758,0.73243715882333,1.2621167422920991,-0.0005199840809699194,1.2626367263730691,0.0
1167,23.34,idle,locomotion,0,0.5115831079660447,0.2696184366368054,0.10973345824050063,-0.07512321643792173,-0.014865657349317366,0.732427189755994,1.2621064867806626,-0.000519757983930693,1.2626262447645933,0.0
1168,23.36,idle,locomotion,0,0.5117032824005594,0.26968312250294,0.10973345824050063,-0.07511076755516767,-0.01480341741077277,0.7324168180840929,1.2620958700117253,-0.0005195460275141811,1.2626154160392395,0.0
1169,23.38,idle,locomotion,0,0.5118234568350741,0.26974780836907464,0.10973345824050063,-0.0751000859901851,-0.01473321366075952,0.7324062420551123,1.2620850651428135,-0.0005193221558332968,1.2626043872986468,0.0
1170,23.4,idle,locomotion,0,0.5119436312695889,0.26981249423520925,0.10973345824050063,-0.07509136553369697,-0.014656269141118028,0.7323956649880435,1.2620742560465688,-0.0005191112413562259,1.262593367287925,0.0
1171,23.42,idle,locomotion,0,0.5120638057041036,0.26987718010134387,0.10973345824050063,-0.07508474580152945,-0.014573776725294859,0.7323852405790728,1.2620635812298522,-0.0005188988332462639,1.2625824800630985,0.0
1172,23.44,idle,locomotion,0,0.5121839801386183,0.2699418659674785,0.10973345824050063,-0.07508033674116213,-0.014486951530534512,0.7323750884850913,1.2620531472558951,-0.000518695130433084,1.2625718423863281,0.0
1173,23.46,idle,locomotion,0,0.512304154573133,0.2700065518336131,0.10973345824050063,-0.07507820609181687,-0.01439695318961297,0.7323652864527955,1.2620430242520189,-0.0005184945153603182,1.262561518767379,0.0
1174,23.48,idle,locomotion,0,0.5124243290076478,0.2700712376997477,0.10973345824050063,-0.07507844586693041,-0.01430492863464574,0.7323558741265984,1.26203322884217,-0.0005183178253805633,1.2625515466675505,0.0
1175,23.5,idle,locomotion,0,0.5125445034421625,0.27013592356588234,0.10973345824050063,-0.07508106995384349,-0.014211878865763113,0.7323469669278518,1.2620238724901658,-0.0005181427367246458,1.2625420152268905,0.0
1176,23.52,idle,locomotion,0,0.5126646778766772,0.27020060943201696,0.10973345824050063,-0.07508604654206903,-0.014118673243550374,0.7323387027209016,1.2620150916835067,-0.000517983357413241,1.2625330750409198,0.0
1177,23.54,idle,locomotion,0,0.512784852311192,0.2702652952981516,0.10973345824050063,-0.075093342746728,-0.014026112058159694,0.7323311700997388,1.262006971118213,-0.0005178434515220876,1.262524814569735,0.0
1178,23.56,idle,locomotion,0,0.5129050267457067,0.2703299811642862,0.10973345824050063,-0.07510289422441788,-0.013934906358462907,0.732324597841174,1.2619997218859635,-0.0005177334671819765,1.2625174553531455,0.0
1179,23.58,idle,locomotion,0,0.5130252011802214,0.2703946670304208,0.10973345824050063,-0.07511461930899783,-0.013845647650226963,0.7323192631028955,1.261993608834147,-0.0005176635992859384,1.2625112724334329,0.0
1180,23.6,idle,locomotion,0,0.5131453756147362,0.2704593528965554,0.10973345824050063,-0.07512841367250676,-0.013758741630135891,0.732314876184272,1.261988372880559,-0.0005176096821071542,1.262505982562666,0.0
1181,23.62,idle,locomotion,0,0.5132655500492509,0.27052403876269004,0.10973345824050063,-0.07514414526774932,-0.013674477261321118,0.7323111420395265,1.2619837447567295,-0.000517568341390686,1.2625013130981202,0.0
1182,23.64,idle,locomotion,0,0.5133857244837656,0.27058872462882466,0.10973345824050063,-0.0751616931381111,-0.013593145276953673,0.7323079548056489,1.2619796397565852,-0.0005175346499489315,1.262497174406534,0.0
1183,23.66,idle,locomotion,0,0.5135058989182804,0.2706534104949593,0.10973345824050063,-0.0751809522364963,-0.013514970008652072,0.7323052372607662,1.2619759910469621,-0.0005175031991218465,1.262493494246084,0.0
1184,23.68,idle,locomotion,0,0.5136260733527951,0.2707180963610939,0.10973345824050063,-0.07520182720936415,-0.013440111303381028,0.7323029237805623,1.2619727384945476,-0.0005174846213505703,1.262490223115898,0.0
1185,23.7,idle,locomotion,0,0.5137462477873098,0.2707827822272285,0.10973345824050063,-0.07522422076738958,-0.01336867105156553,0.7323009484860302,1.2619698216207043,-0.0005174716579389484,1.2624872932786433,0.0
1186,23.72,idle,locomotion,0,0.5138664222218245,0.27084746809336313,0.10973345824050063,-0.07524804008312376,-0.013300721520068691,0.7322992575448486,1.2619671900677862,-0.0005174658250735736,1.2624846558928597,0.0
1187,23.74,idle,locomotion,0,0.5139865966563393,0.27091215395949775,0.10973345824050063,-0.07527319210155031,-0.013236305471443268,0.7322978133674547,1.2619648083743502,-0.0005174697212968898,1.262482278095647,0.0
1188,23.76,idle,locomotion,0,0.514106771090854,0.27097683982563237,0.10973345824050063,-0.07529958354852548,-0.013175439880275835,0.732296590961346,1.2619626516994529,-0.0005174795083755096,1.2624801312078284,0.0
1189,23.78,idle,locomotion,0,0.5142269455253687,0.271041525691767,0.10973345824050063,-0.0753271194657813,-0.013118117313333167,0.7322955697393058,1.2619607010707306,-0.0005174964582903945,1.262478197529021,0.0
1190,23.8,idle,locomotion,0,0.5143471199598835,0.2711062115579016,0.10973345824050063,-0.07535570751506361,-0.013064305128552002,0.7322947182047266,1.261958929208997,-0.0005175210245686353,1.2624764502335657,0.0
1191,23.82,idle,locomotion,0,0.5144672943943982,0.2711708974240362,0.10973345824050063,-0.0753852597516087,-0.013013954637608408,0.7322940176720389,1.261957318107065,-0.000517551975556179,1.2624748700826212,0.0
1192,23.84,idle,locomotion,0,0.5145874688289129,0.27123558329017083,0.10973345824050063,-0.0754156864608102,-0.012967000353975699,0.7322934731642017,1.2619558709127996,-0.0005175892134363508,1.262473460126236,0.0
1193,23.86,idle,locomotion,0,0.5147076432634277,0.27130026915630545,0.10973345824050063,-0.07544689983377478,-0.012923362872614814,0.7322930822360206,1.261954583976654,-0.0005176349960676827,1.2624722189727215,0.0
1194,23.88,idle,locomotion,0,0.5148278176979424,0.27136495502244007,0.10973345824050063,-0.07547881104501097,-0.012882941311369033,0.7322928286400252,1.2619534427107404,-0.0005176911183727671,1.2624711338291132,0.0
1195,23.9,idle,locomotion,0,0.5149479921324571,0.2714296408885747,0.10973345824050063,-0.07551134055487288,-0.012845624930807653,0.732292704999388,1.2619524389660293,-0.0005178140325732029,1.2624702529986025,0.0
1196,23.92,idle,locomotion,0,0.5150681665669719,0.2714943267547093,0.10973345824050063,-0.07554441372159772,-0.012811300303605187,0.7322927041370734,1.261951565099529,-0.0005179176407893518,1.2624694827403184,0.0
1197,23.94,idle,locomotion,0,0.5151883410014866,0.2715590126208439,0.10973345824050063,-0.07557795541136389,-0.012779843658779717,0.7322928259326702,1.2619508175971756,-0.000518003734063497,1.2624688213312392,0.0
1198,23.96,idle,locomotion,0,0.5153085154360013,0.27162369848697854,0.10973345824050063,-0.07561189400365653,-0.012751125806673919,0.7322930808295862,1.2619502043183255,-0.0005180733220794924,1.262468277640405,0.0
1199,23.98,idle,locomotion,0,0.515428689870516,0.27168838435311315,0.10973345824050063,-0.07564615346399156,-0.012724990275824088,0.7322934687291299,1.261949723015095,-0.0005181281101625766,1.2624678511252574,0.0
1200,24.0,idle,locomotion,0,0.5155488643050308,0.27175307021924777,0.10973345824050063,-0.07568066638388597,-0.012701268826584898,0.7322939698284543,1.2619493598489069,-0.0005181702645402596,1.2624675301134471,0.0
1201,24.02,idle,locomotion,0,0.5156690387395455,0.2718177560853824,0.10973345824050063,-0.07571536526612653,-0.012679776329676335,0.7322945893916718,1.2619491154975437,-0.0005182026304797645,1.2624673181280235,0.0
1202,24.04,idle,locomotion,0,0.5157892131740602,0.271882441951517,0.10973345824050063,-0.07575018403784779,-0.012660324717477928,0.7322953482847877,1.2619490118349106,-0.000518225911418254,1.2624672377463289,0.0
1203,24.06,idle,locomotion,0,0.515909387608575,0.2719471278176516,0.10973345824050063,-0.07578505531217705,-0.012642724235359388,0.732296242313275,1.261949045586569,-0.0005182686782258215,1.2624673142647949,0.0
1204,24.08,idle,locomotion,0,0.5160295620430897,0.27201181368378624,0.10973345824050063,-0.07581992546716891,-0.012626808502412643,0.7322973082870005,1.2619492508564456,-0.000518343204260259,1.262467594060706,0.0
1205,24.1,idle,locomotion,0,0.5161497364776044,0.27207649954992086,0.10973345824050063,-0.07585474410033774,-0.012612435514153888,0.732298646044357,1.2619497141098313,-0.0005184180945256613,1.262468132204357,0.0
1206,24.12,idle,locomotion,0,0.5162699109121192,0.2721411854160555,0.10973345824050063,-0.07588945366726106,-0.012599469914670192,0.7323003672787308,1.2619505385540297,-0.000518487914724055,1.2624690264687537,0.0
1207,24.14,idle,locomotion,0,0.5163900853466339,0.2722058712821901,0.10973345824050063,-0.07592399395657039,-0.012587780666351392,0.7323025150314187,1.261951765527906,-0.0005185619294028644,1.2624703274573088,0.0
1208,24.16,idle,locomotion,0,0.5165102597811486,0.2722705571483247,0.10973345824050063,-0.07595829905563926,-0.012577235282396265,0.7323050957211144,1.2619533984384628,-0.0005186397580932457,1.262472038196556,0.0
1209,24.18,idle,locomotion,0,0.5166304342156633,0.2723352430144593,0.10973345824050063,-0.07599230128394473,-0.012567706691338047,0.7323080622389916,1.2619553981147267,-0.0005187106761323536,1.262474108790859,0.0
1210,24.2,idle,locomotion,0,0.5167506086501781,0.27239992888059394,0.10973345824050063,-0.07602595178111192,-0.012559077636772994,0.7323113407892532,1.2619576970053294,-0.0005187815762264514,1.2624764785815559,0.0
1211,24.22,idle,locomotion,0,0.5168707830846928,0.27246461474672856,0.10973345824050063,-0.07605921033846656,-0.012551235044430705,0.7323148603531173,1.2619602305090623,-0.0005188547187300781,1.2624790852277923,0.0
1212,24.24,idle,locomotion,0,0.5169909575192075,0.2725293006128632,0.10973345824050063,-0.07609204329072727,-0.012544066247993218,0.7323185527490531,1.261962935918081,-0.0005189191791072113,1.2624818550971884,0.0
1213,24.26,idle,locomotion,0,0.5171111319537223,0.2725939864789978,0.10973345824050063,-0.07612443465803927,-0.012537477944489296,0.7323223642491257,1.2619657649497178,-0.0005189884928690838,1.262484753442587,0.0
1214,24.28,idle,locomotion,0,0.517231306388237,0.2726586723451324,0.10973345824050063,-0.07615637330959542,-0.012531374078632616,0.7323262423513462,1.2619686679855782,-0.0005190568703159447,1.2624877248558941,0.0
1215,24.3,idle,locomotion,0,0.5173514808227517,0.27272335821126703,0.10973345824050063,-0.07618787100036173,-0.012525694532902632,0.7323301695616106,1.261971628563189,-0.0005191547943942318,1.2624907833575831,0.0
1216,24.32,idle,locomotion,0,0.5174716552572665,0.27278804407740165,0.10973345824050063,-0.07621894031693309,-0.01252038647456348,0.7323341190183098,1.261974621556824,-0.0005192708219054487,1.2624938923787294,0.0
1217,24.34,idle,locomotion,0,0.5175918296917812,0.27285272994353627,0.10973345824050063,-0.07624959382992315,-0.012515386861174198,0.7323380597414609,1.2619776179823692,-0.000519394552581872,1.262497012534951,0.0
1218,24.36,idle,locomotion,0,0.5177120041262959,0.2729174158096709,0.10973345824050063,-0.07627984631775071,-0.012510630104946182,0.732341974730827,1.2619806012140389,-0.0005195208845205634,1.2625001220985594,0.0
1219,24.38,idle,locomotion,0,0.5178321785608107,0.2729821016758055,0.10973345824050063,-0.07630971428715752,-0.012506052226544344,0.7323458616651507,1.2619835684022238,-0.0005196474395509978,1.2625032158417748,0.0
1220,24.4,idle,locomotion,0,0.5179523529953254,0.2730467875419401,0.10973345824050063,-0.07633921393230139,-0.012501591942599475,0.7323497191494341,1.261986517946783,-0.0005197732484079481,1.262506291195191,0.0
1221,24.42,idle,locomotion,0,0.5180725274298401,0.27311147340807473,0.10973345824050063,-0.07636836058153142,-0.01249719284361143,0.7323535558155781,1.2619894574628734,-0.000519898246312555,1.262509355709186,0.0
1222,24.44,idle,locomotion,0,0.5181927018643548,0.27317615927420935,0.10973345824050063,-0.0763971690652521,-0.01249280179716713,0.7323573759873098,1.2619923915173858,-0.0005200465412302652,1.2625124380586161,0.0
