tick,t_s,phase,task_mode,curr_motion_timestep,ball_x,ball_y,ball_z,base_x,base_y,base_z,robot_top_z,robot_bottom_z,robot_height,kick_aim_theta_deg
0,0.0,idle,locomotion,0,1.350000023841858,-0.05000000074505806,0.10989091315873106,-0.0007055163119586716,4.329155475279006e-05,0.7548205219916156,1.2868603455545191,-0.0006154918507145085,1.2874758374052335,0.0
1,0.02,idle,locomotion,0,1.350000023841858,-0.05000000074505806,0.10980902141344312,-0.002458243318044482,0.0001317709456889859,0.750996188288899,1.2829582426695922,-0.00046425700912941514,1.2834224996787216,0.0
2,0.04,idle,locomotion,0,1.350000023841858,-0.05000000074505806,0.10976503447145444,-0.004711089999085439,0.00027014386187321996,0.746061878722328,1.277814065127184,-0.0004138831387984626,1.2782279482659826,0.0
3,0.06,idle,locomotion,0,1.350000023841858,-0.05000000074505806,0.10974518062216254,-0.006993977860178433,0.00048610980110941966,0.7409448873188358,1.2723840492947611,-0.0004186674639701238,1.2728027167587312,0.0
4,0.08,idle,locomotion,0,1.350000023841858,-0.05000000074505806,0.10973731266832155,-0.009064101696263963,0.0008043438325737409,0.7362797914293049,1.2673540637797145,-0.00043546768754876286,1.2677895314672631,0.0
5,0.1,idle,locomotion,0,1.350000023841858,-0.05000000074505806,0.10973454404443848,-0.01082832124720355,0.0012395915165544248,0.7324531345550835,1.263162805050334,-0.0004617252960325696,1.2636245303463667,0.0
6,0.12,idle,locomotion,0,1.350000023841858,-0.05000000074505806,0.10973369052927323,-0.012298747384506897,0.0018079955593074664,0.7296477009454669,1.2600263304013002,-0.000485405094273212,1.2605117354955735,0.0
7,0.14,idle,locomotion,0,1.350000023841858,-0.05000000074505806,0.1097334732878534,-0.013532346866265995,0.0025101380283343534,0.7278969433279682,1.257992788111656,-0.0005020487809230846,1.258494836892579,0.0
8,0.16,idle,locomotion,0,1.350000023841858,-0.05000000074505806,0.10973343775080387,-0.01458366237044595,0.0033317004960987653,0.7271178915577491,1.2569846679233432,-0.0005117478816789624,1.2574964158050221,0.0
9,0.18,idle,locomotion,0,1.350000023841858,-0.05000000074505806,0.10973344222612894,-0.015491837915028386,0.004246123467565554,0.7271284600376242,1.2568221112441327,-0.0005151091657666432,1.2573372204098994,0.0
10,0.2,idle,locomotion,0,1.350000023841858,-0.05000000074505806,0.10973344999820983,-0.016287398143817248,0.005231342035634284,0.7277186951208234,1.257293857641632,-0.0005138752823163582,1.2578077329239483,0.0
11,0.22,idle,locomotion,0,1.350000023841858,-0.05000000074505806,0.1097334547231311,-0.017010981769748888,0.0062669680352335074,0.7286738410145036,1.2581749098787625,-0.0005102130747111806,1.2586851229534737,0.0
12,0.24,idle,locomotion,0,1.350000023841858,-0.05000000074505806,0.10973345692610834,-0.017684904942321996,0.007337263497405203,0.729798475956378,1.259259439105243,-0.0005057170985759314,1.2597651562038188,0.0
13,0.26,idle,locomotion,0,1.350000023841858,-0.05000000074505806,0.10973345780729221,-0.01831872574984714,0.008428926713768032,0.730921909025502,1.2603718475369887,-0.0005012145082652596,1.260873062045254,0.0
14,0.28,idle,locomotion,0,1.350000023841858,-0.05000000074505806,0.10973345811827714,-0.01892763272658353,0.009517075637846926,0.7319086907361255,1.2613688470722197,-0.0004972610866507826,1.2618661081588705,0.0
15,0.3,idle,locomotion,0,1.350000023841858,-0.05000000074505806,0.10973345821428342,-0.019525515067543065,0.010577441075606188,0.7326724317929858,1.2621559524629593,-0.0004950084411868456,1.262650960904146,0.0
16,0.32,idle,locomotion,0,1.350000023841858,-0.05000000074505806,0.10973345823876013,-0.02013019206078519,0.011596330478776807,0.7331819961001536,1.2626917792799897,-0.0004916553545832106,1.263183434634573,0.0
17,0.34,idle,locomotion,0,1.350000023841858,-0.05000000074505806,0.10973345824278434,-0.02073528570605324,0.012573111455614695,0.733440696725696,1.2629787501056267,-0.0004894522072810097,1.2634682023129076,0.0
18,0.36,idle,locomotion,0,1.350000023841858,-0.05000000074505806,0.10973345824229395,-0.02133880579573549,0.013502368594949537,0.733489616236031,1.2630543894358937,-0.00048808317796494166,1.2635424726138587,0.0
19,0.38,idle,locomotion,0,1.350000023841858,-0.05000000074505806,0.10973345824142507,-0.02193056682943893,0.014385323442983494,0.7333861122376144,1.262976712135921,-0.0004889311663816391,1.2634656433023026,0.0
20,0.4,idle,locomotion,0,1.350000023841858,-0.05000000074505806,0.10973345824089552,-0.02251289097637226,0.015218888026282726,0.7331837985782012,1.2627970494367802,-0.0004907552017589072,1.2632878046385392,0.0
21,0.42,idle,locomotion,0,1.350000023841858,-0.05000000074505806,0.10973345824064834,-0.023090083760687698,0.01599808621111814,0.7329285323713218,1.262558376782206,-0.0004923772591320999,1.263050754041338,0.0
22,0.44,idle,locomotion,0,1.350000023841858,-0.05000000074505806,0.10973345824054938,-0.023659667904757372,0.016719248775757773,0.7326600204148228,1.2623000551407848,-0.0004990410651272877,1.2627990962059121,0.0
23,0.46,idle,locomotion,0,1.350000023841858,-0.05000000074505806,0.10973345824051445,-0.024213589456021378,0.017380234802998284,0.7324074243442333,1.2620529348404728,-0.0005020708783222624,1.262555005718795,0.0
24,0.48,idle,locomotion,0,1.350000023841858,-0.05000000074505806,0.10973345824050364,-0.024744308049116127,0.017975132279276856,0.7321891182053345,1.2618369793796367,-0.0005037884134605174,1.2623407677930971,0.0
25,0.5,idle,locomotion,0,1.350000023841858,-0.05000000074505806,0.10973345824050088,-0.02524711466350212,0.018503245930702596,0.7320148442617492,1.2616632015471398,-0.0005048514840743923,1.2621680530312143,0.0
26,0.52,idle,locomotion,0,1.350000023841858,-0.05000000074505806,0.10973345824050044,-0.0257217894841332,0.01896604457232919,0.7318876984086427,1.2615353611753344,-0.0005057600435386389,1.2620411212188731,0.0
27,0.54,idle,locomotion,0,1.350000023841858,-0.05000000074505806,0.10973345824050044,-0.026168984959262204,0.019364982934201868,0.7318052518630884,1.2614514753749242,-0.0005069076267818183,1.261958383001706,0.0
28,0.56,idle,locomotion,0,1.350000023841858,-0.05000000074505806,0.10973345824050044,-0.02658907655388311,0.019700414705124392,0.7317591326001368,1.2614038297054484,-0.0005082487459999244,1.2619120784514484,0.0
29,0.58,idle,locomotion,0,1.350000023841858,-0.05000000074505806,0.10973345824050044,-0.026983171935079334,0.01997418667795562,0.7317322827701277,1.2613759616453117,-0.0005092674491957473,1.2618852290945075,0.0
30,0.6,idle,locomotion,0,1.350000023841858,-0.05000000074505806,0.10973345824050044,-0.027351843149474694,0.020188752035217875,0.7317122039720731,1.2613555595025405,-0.0005096756631708908,1.2618652351657114,0.0
31,0.62,idle,locomotion,0,1.350000023841858,-0.05000000074505806,0.10973345824050044,-0.027694976080713963,0.020344001697576518,0.7316951592897928,1.2613389988320916,-0.0005095177896393688,1.2618485166217308,0.0
32,0.64,idle,locomotion,0,1.350000023841858,-0.05000000074505806,0.10973345824050044,-0.02801257427682604,0.020441753890474104,0.7316806238853183,1.2613257126184285,-0.0005087138921863119,1.2618344265106147,0.0
33,0.66,idle,locomotion,0,1.350000023841858,-0.05000000074505806,0.10973345824050044,-0.02830480403278446,0.020485080557450228,0.7316691703109729,1.2613162799419184,-0.0005070277708383308,1.2618233077127567,0.0
34,0.68,idle,locomotion,0,1.350000023841858,-0.05000000074505806,0.10973345824050044,-0.028572288964370897,0.02047948952203501,0.7316591636953877,1.2613091568546744,-0.000505126754625794,1.2618142836093003,0.0
35,0.7,idle,locomotion,0,1.350000023841858,-0.05000000074505806,0.10973345824050044,-0.028815853384814707,0.02042835452055138,0.7316470748874231,1.2613008100880765,-0.0005041097734627617,1.2618049198615393,0.0
36,0.72,idle,locomotion,0,1.350000023841858,-0.05000000074505806,0.10973345824050044,-0.02903614805763116,0.020335731408471985,0.7316305562045313,1.2612888774144253,-0.0005031107728689851,1.2617919881872943,0.0
37,0.74,idle,locomotion,0,1.350000023841858,-0.05000000074505806,0.10973345824050044,-0.029234105335729593,0.020205305145177262,0.731608688992457,1.2612723031622284,-0.0005021143294422215,1.2617744174916705,0.0
38,0.76,idle,locomotion,0,1.350000023841858,-0.05000000074505806,0.10973345824050044,-0.02941123224366282,0.020041803038590513,0.7315820299593767,1.261251380251124,-0.0005010846551538259,1.261752464906278,0.0
39,0.78,idle,locomotion,0,1.350000023841858,-0.05000000074505806,0.10973345824050044,-0.029569804130621814,0.019851953724775367,0.7315525832646204,1.2612277413561357,-0.0005020860979372266,1.261729827454073,0.0
40,0.8,idle,locomotion,0,1.350000023841858,-0.05000000074505806,0.10973345824050044,-0.029711300287427193,0.01964016979275453,0.7315218968101292,1.2612027935828698,-0.0005032322400335618,1.2617060258229034,0.0
41,0.82,idle,locomotion,0,1.350000023841858,-0.05000000074505806,0.10973345824050044,-0.029836725669119185,0.019410088815867234,0.73149090725194,1.2611774122665131,-0.0005036684366359241,1.261681080703149,0.0
42,0.84,idle,locomotion,0,1.350000023841858,-0.05000000074505806,0.10973345824050044,-0.02994787011054296,0.01916618225463424,0.7314603406818639,1.2611520738864144,-0.0005044128621723987,1.2616564867485867,0.0
43,0.86,idle,locomotion,0,1.350000023841858,-0.05000000074505806,0.10973345824050044,-0.03004626260668055,0.01891241238482049,0.7314305829114666,1.2611269200771995,-0.0005051162054484984,1.261632036282648,0.0
44,0.88,idle,locomotion,0,1.350000023841858,-0.05000000074505806,0.10973345824050044,-0.03013301161220638,0.018652770734806895,0.7314019959672511,1.2611022304618495,-0.0005057339656972352,1.2616079644275469,0.0
45,0.9,idle,locomotion,0,1.350000023841858,-0.05000000074505806,0.10973345824050044,-0.03020890358220008,0.0183908658659116,0.7313747167151348,1.2610781707680265,-0.0005059975253702137,1.2615841682933968,0.0
46,0.92,idle,locomotion,0,1.350000023841858,-0.05000000074505806,0.10973345824050044,-0.03027465158407101,0.018129858676165386,0.7313487540572745,1.2610548104196944,-0.0005060125786388314,1.2615608229983333,0.0
47,0.94,idle,locomotion,0,1.350000023841858,-0.05000000074505806,0.10973345824050044,-0.030331308360063057,0.017873185933430607,0.7313244014207588,1.2610324597426745,-0.0005066063152522754,1.2615390660579269,0.0
48,0.96,idle,locomotion,0,1.350000023841858,-0.05000000074505806,0.10973345824050044,-0.030379562141266706,0.01762356172572505,0.7313014969090829,1.2610110553016665,-0.0005071209876182682,1.2615181762892846,0.0
49,0.98,idle,locomotion,0,1.350000023841858,-0.05000000074505806,0.10973345824050044,-0.030419965772365956,0.017383319340196067,0.7312797581671902,1.2609904182683822,-0.0005073473917807034,1.261497765660163,0.0
50,1.0,idle,locomotion,0,1.350000023841858,-0.05000000074505806,0.10973345824050044,-0.030453128827986984,0.01715474123909706,0.7312589998897896,1.2609704358883653,-0.0005073908006748562,1.26147782668904,0.0
51,1.02,idle,locomotion,0,1.350000023841858,-0.05000000074505806,0.10973345824050044,-0.030479709507614357,0.01694006220781516,0.7312391661810369,1.2609511126237918,-0.0005073812099717495,1.2614584938337636,0.0
52,1.04,idle,locomotion,0,1.350000023841858,-0.05000000074505806,0.10973345824050044,-0.030500338316343592,0.01674135754729167,0.7312203902886446,1.260932609448415,-0.000507386752650222,1.2614399962010652,0.0
53,1.06,idle,locomotion,0,1.350000023841858,-0.05000000074505806,0.10973345824050044,-0.03051560783751361,0.016560316280901648,0.7312030425451455,1.2609153069824033,-0.0005074174580222794,1.2614227244404255,0.0
54,1.08,idle,locomotion,0,1.350000023841858,-0.05000000074505806,0.10973345824050044,-0.030526067266390344,0.01639795867743571,0.7311874807895489,1.260899566121453,-0.0005074525152330284,1.2614070186366861,0.0
55,1.1,idle,locomotion,0,1.350000023841858,-0.05000000074505806,0.10973345824050044,-0.03053221765803959,0.016254867808978186,0.7311738380690066,1.2608855215724613,-0.0005074784694390488,1.2613930000419002,0.0
56,1.12,idle,locomotion,0,1.350000023841858,-0.05000000074505806,0.10973345824050044,-0.03053452199662453,0.01613133231515172,0.7311621477049887,1.2608732328444152,-0.0005075061554010406,1.2613807389998162,0.0
57,1.14,idle,locomotion,0,1.350000023841858,-0.05000000074505806,0.10973345824050044,-0.030533403605677138,0.01602729504894802,0.7311522977851475,1.2608626118301183,-0.0005075618490326082,1.261370173679151,0.0
58,1.16,idle,locomotion,0,1.350000023841858,-0.05000000074505806,0.10973345824050044,-0.03052928550014366,0.015942393796976456,0.731144162697155,1.2608535562655347,-0.0005076285120003757,1.2613611847775352,0.0
59,1.18,idle,locomotion,0,1.350000023841858,-0.05000000074505806,0.10973345824050044,-0.030522577178196866,0.0158760982762426,0.7311375807803004,1.2608459307038793,-0.0005076915401442984,1.2613536222440236,0.0
60,1.2,idle,locomotion,0,1.350000023841858,-0.05000000074505806,0.10973345824050044,-0.030513672053078558,0.01582770587553848,0.7311323619343364,1.2608395708246607,-0.0005077447235376266,1.2613473155481982,0.0
61,1.22,idle,locomotion,0,1.350000023841858,-0.05000000074505806,0.10973345824050044,-0.03050294807417997,0.01579636003287704,0.7311283110988586,1.260834304910055,-0.0005077860871529755,1.261342090997208,0.0
62,1.24,idle,locomotion,0,1.350000023841858,-0.05000000074505806,0.10973345824050044,-0.0304907694199137,0.01578107622731291,0.7311252176875381,1.2608299476173055,-0.000507811849272781,1.2613377594665782,0.0
63,1.26,idle,locomotion,0,1.350000023841858,-0.05000000074505806,0.10973345824050044,-0.03047754412178273,0.015780677791121057,0.7311224539119183,1.2608259089565481,-0.0005077955246580203,1.261333704481206,0.0
64,1.28,idle,locomotion,0,1.350000023841858,-0.05000000074505806,0.10973345824050044,-0.030463687532578426,0.015793519226695335,0.7311194444937666,1.2608216122635156,-0.000507764280804842,1.2613293765443205,0.0
65,1.3,idle,locomotion,0,1.350000023841858,-0.05000000074505806,0.10973345824050044,-0.030449552233486315,0.01581798498597075,0.7311160762487777,1.2608169444033686,-0.000507730293659369,1.261324674697028,0.0
66,1.32,idle,locomotion,0,1.350000023841858,-0.05000000074505806,0.10973345824050044,-0.030435458818616014,0.015852577292640804,0.7311123605457255,1.2608119196237892,-0.0005076933162053883,1.2613196129399946,0.0
67,1.34,idle,locomotion,0,1.350000023841858,-0.05000000074505806,0.10973345824050044,-0.030421700206134297,0.015895922022517044,0.7311083303102476,1.260806575451858,-0.0005076527467498433,1.2613142281986078,0.0
68,1.36,idle,locomotion,0,1.350000023841858,-0.05000000074505806,0.10973345824050044,-0.030408540089367782,0.015946835419192017,0.731103868836396,1.2608008227260157,-0.0005076122183965137,1.2613084349444121,0.0
69,1.38,idle,locomotion,0,1.350000023841858,-0.05000000074505806,0.10973345824050044,-0.03039621018059247,0.016004384772527754,0.7310986239260764,1.2607943592946322,-0.0005075834424925797,1.2613019427371248,0.0
70,1.4,idle,locomotion,0,1.350000023841858,-0.05000000074505806,0.10973345824050044,-0.03038493913482237,0.016067671726640174,0.7310925206839171,1.260787138444336,-0.0005075632102293989,1.2612947016545655,0.0
71,1.42,idle,locomotion,0,1.350000023841858,-0.05000000074505806,0.10973345824050044,-0.030374962778827366,0.01613582083976414,0.7310856622262765,1.260779266658463,-0.0005075468695599564,1.2612868135280229,0.0
72,1.44,idle,locomotion,0,1.350000023841858,-0.05000000074505806,0.10973345824050044,-0.030366499003396222,0.016207971730943824,0.7310782314035905,1.260770913584801,-0.0005075322844238957,1.261278445869225,0.0
73,1.46,idle,locomotion,0,1.350000023841858,-0.05000000074505806,0.10973345824050044,-0.030359727992458816,0.01628327790207969,0.731070420224083,1.260762252716764,-0.0005075184486984796,1.2612697711654624,0.0
74,1.48,idle,locomotion,0,1.350000023841858,-0.05000000074505806,0.10973345824050044,-0.030354779877047502,0.016360921091307143,0.7310623959982802,1.260753436140644,-0.0005075052197431734,1.2612609413603872,0.0
75,1.5,idle,locomotion,0,1.350000023841858,-0.05000000074505806,0.10973345824050044,-0.030351736909291653,0.016440130032612806,0.7310542788442156,1.2607445630054894,-0.0005074917212771236,1.2612520547267665,0.0
76,1.52,idle,locomotion,0,1.350000023841858,-0.05000000074505806,0.10973345824050044,-0.0303506539845963,0.016520116588822707,0.7310462309125989,1.2607357831824482,-0.0005074781132806232,1.2612432612957287,0.0
77,1.54,idle,locomotion,0,1.350000023841858,-0.05000000074505806,0.10973345824050044,-0.030351533659228984,0.016600173071557218,0.7310383486643504,1.26072718877039,-0.0005074647854496142,1.2612346535558396,0.0
78,1.56,idle,locomotion,0,1.350000023841858,-0.05000000074505806,0.10973345824050044,-0.030354350258219892,0.01667965514666621,0.7310307068013248,1.2607188470919777,-0.0005074517033897101,1.2612262987953673,0.0
79,1.58,idle,locomotion,0,1.350000023841858,-0.05000000074505806,0.10973345824050044,-0.030359070192091882,0.016757941374810608,0.7310233895719579,1.2607108313272932,-0.0005074386825740969,1.2612182700098673,0.0
80,1.6,idle,locomotion,0,1.350000023841858,-0.05000000074505806,0.10973345824050044,-0.030365633611922627,0.016834496232117455,0.7310164454007708,1.26070318607706,-0.0005074257771256335,1.2612106118541855,0.0
81,1.62,idle,locomotion,0,1.350000023841858,-0.05000000074505806,0.10973345824050044,-0.030373970053100337,0.016908836353288385,0.7310099143643336,1.2606959446005814,-0.0005074129787091888,1.2612033575792907,0.0
82,1.64,idle,locomotion,0,1.350000023841858,-0.05000000074505806,0.10973345824050044,-0.030383997824877926,0.016980532912243093,0.731003825227769,1.2606891336526453,-0.0005074004305880425,1.2611965340832334,0.0
83,1.66,idle,locomotion,0,1.350000023841858,-0.05000000074505806,0.10973345824050044,-0.030395611412151562,0.01704927160937371,0.7309981610296563,1.2606827416057036,-0.0005073882496873967,1.261190129855391,0.0
84,1.68,idle,locomotion,0,1.350000023841858,-0.05000000074505806,0.10973345824050044,-0.03040872407033874,0.017114732817433424,0.7309929591396842,1.2606768007439226,-0.0005073765270060086,1.2611841772709287,0.0
85,1.7,idle,locomotion,0,1.350000023841858,-0.05000000074505806,0.10973345824050044,-0.030423235948447272,0.017176715111115817,0.7309881926465452,1.2606712838394196,-0.0005073652445298435,1.2611786490839494,0.0
86,1.72,idle,locomotion,0,1.350000023841858,-0.05000000074505806,0.10973345824050044,-0.030439052389040648,0.01723504664824516,0.7309838403702642,1.2606661708311684,-0.0005073550037212812,1.2611735258348897,0.0
87,1.74,idle,locomotion,0,1.350000023841858,-0.05000000074505806,0.10973345824050044,-0.030456062836771436,0.01728967890801804,0.7309797659761543,1.2606613505533697,-0.0005073463136938995,1.2611686968670637,0.0
88,1.76,idle,locomotion,0,1.350000023841858,-0.05000000074505806,0.10973345824050044,-0.03047416331151152,0.017340626231066282,0.7309758546367471,1.2606567180824446,-0.0005073394534891688,1.2611640575359337,0.0
89,1.78,idle,locomotion,0,1.350000023841858,-0.05000000074505806,0.10973345824050044,-0.03049327302639949,0.017387942790950614,0.7309720518803192,1.2606522242335612,-0.0005073345286644784,1.2611595587622257,0.0
90,1.8,idle,locomotion,0,1.350000023841858,-0.05000000074505806,0.10973345824050044,-0.03051331519539817,0.01743170762577739,0.7309683438192038,1.2606478624277946,-0.0005073311633589477,1.2611551935911536,0.0
91,1.82,idle,locomotion,0,1.350000023841858,-0.05000000074505806,0.10973345824050044,-0.030534218838388787,0.017472038749366866,0.7309647235042066,1.2606436216606647,-0.0005073291028541704,1.2611509507635188,0.0
92,1.84,idle,locomotion,0,1.350000023841858,-0.05000000074505806,0.10973345824050044,-0.030555915633123418,0.017509058284906454,0.7309611836954825,1.2606394905797793,-0.0005073284410925007,1.261146819020872,0.0
93,1.86,idle,locomotion,0,1.350000023841858,-0.05000000074505806,0.10973345824050044,-0.030578340604582182,0.017542892027144468,0.7309577303550266,1.260635474245315,-0.0005073289888841599,1.2611428032341991,0.0
94,1.88,idle,locomotion,0,1.350000023841858,-0.05000000074505806,0.10973345824050044,-0.03060143303750026,0.017573693571353178,0.7309543538802857,1.2606315526296774,-0.0005073302533198237,1.2611388828829972,0.0
95,1.9,idle,locomotion,0,1.350000023841858,-0.05000000074505806,0.10973345824050044,-0.030625138094384045,0.017601622844560103,0.7309510667893728,1.260627738266536,-0.0005073319732959783,1.261135070239832,0.0
96,1.92,idle,locomotion,0,1.350000023841858,-0.05000000074505806,0.10973345824050044,-0.030649391080062958,0.017626896195347092,0.7309478445649832,1.2606240027260807,-0.0005073342827429037,1.2611313370088235,0.0
97,1.94,idle,locomotion,0,1.350000023841858,-0.05000000074505806,0.10973345824050044,-0.030674138394174464,0.01764970656350727,0.7309447072706847,1.2606203658201631,-0.000507337163214678,1.2611277029833778,0.0
98,1.96,idle,locomotion,0,1.350000023841858,-0.05000000074505806,0.10973345824050044,-0.03069931725782932,0.017670285438773622,0.7309416330199985,1.2606168036659184,-0.000507340649728568,1.261124144315647,0.0
99,1.98,idle,locomotion,0,1.350000023841858,-0.05000000074505806,0.10973345824050044,-0.030724876406630616,0.017688837336629237,0.7309386344639628,1.2606133265763098,-0.0005073446945305891,1.2611206712708403,0.0
100,2.0,idle,locomotion,0,1.350000023841858,-0.05000000074505806,0.10973345824050044,-0.030750756441475235,0.017705605291643882,0.7309356981461963,1.260609925539066,-0.00050734947483232,1.2611172750138981,0.0
101,2.02,idle,locomotion,0,1.350000023841858,-0.05000000074505806,0.10973345824050044,-0.03077690657580557,0.01772079689568207,0.7309328192220735,1.260606591403123,-0.0005073545837089855,1.261113945986832,0.0
102,2.04,idle,locomotion,0,1.350000023841858,-0.05000000074505806,0.10973345824050044,-0.0308032859799857,0.01773460196303178,0.7309299952706717,1.2606033165199113,-0.0005073600926321226,1.2611106766125435,0.0
103,2.06,idle,locomotion,0,1.350000023841858,-0.05000000074505806,0.10973345824050044,-0.030829855076532457,0.01774721592440334,0.7309272325570574,1.260600109067751,-0.000507366218957056,1.261107475286708,0.0
104,2.08,idle,locomotion,0,1.350000023841858,-0.05000000074505806,0.10973345824050044,-0.030856568816463443,0.01775883213371875,0.7309245190846256,1.2605969557773755,-0.0005073725695671077,1.2611043283469425,0.0
105,2.1,idle,locomotion,0,1.350000023841858,-0.05000000074505806,0.10973345824050044,-0.030883387832785936,0.017769623506890066,0.7309218564609853,1.2605938584840266,-0.0005073792625099084,1.2611012377465365,0.0
106,2.12,idle,locomotion,0,1.350000023841858,-0.05000000074505806,0.10973345824050044,-0.030910278553785343,0.017779741940809543,0.7309192425971631,1.2605908127000611,-0.0005073856400330083,1.2610981983400942,0.0
107,2.14,idle,locomotion,0,1.350000023841858,-0.05000000074505806,0.10973345824050044,-0.030937213130521887,0.01778933796868742,0.7309166729716777,1.260587809369799,-0.0005073923952395171,1.2610952017650385,0.0
108,2.16,idle,locomotion,0,1.350000023841858,-0.05000000074505806,0.10973345824050044,-0.03096416151862823,0.017798549648190234,0.730914146847232,1.2605848523160907,-0.0005073992886692746,1.26109225160476,0.0
109,2.18,idle,locomotion,0,1.350000023841858,-0.05000000074505806,0.10973345824050044,-0.030991100340043733,0.017807491006895115,0.7309116699243097,1.2605819416090933,-0.0005074059709943325,1.2610893475800877,0.0
110,2.2,idle,locomotion,0,1.350000023841858,-0.05000000074505806,0.10973345824050044,-0.031018005154947192,0.01781627975914122,0.7309092310314148,1.2605790693397847,-0.0005074125408950012,1.2610864818806797,0.0
111,2.22,idle,locomotion,0,1.350000023841858,-0.05000000074505806,0.10973345824050044,-0.031044862017457455,0.01782499789009371,0.7309068354523406,1.2605762343477374,-0.000507418918309837,1.2610836532660472,0.0
112,2.24,idle,locomotion,0,1.350000023841858,-0.05000000074505806,0.10973345824050044,-0.031071658162841163,0.017833721834562177,0.7309044789006229,1.2605734301714937,-0.000507425914761276,1.261080856086255,0.0
113,2.26,idle,locomotion,0,1.350000023841858,-0.05000000074505806,0.10973345824050044,-0.031098373615352132,0.017842538730187485,0.7309021627549896,1.2605706658750717,-0.00050743684311454,1.2610781027181863,0.0
114,2.28,idle,locomotion,0,1.350000023841858,-0.05000000074505806,0.10973345824050044,-0.031124997925015038,0.017851496730067914,0.730899903249386,1.2605679479572722,-0.0005074495752068961,1.261075397532479,0.0
115,2.3,idle,locomotion,0,1.350000023841858,-0.05000000074505806,0.10973345824050044,-0.031151512345441723,0.017860683262139056,0.7308976808661896,1.2605652637555438,-0.000507462931637493,1.2610727266871813,0.0
116,2.32,idle,locomotion,0,1.350000023841858,-0.05000000074505806,0.10973345824050044,-0.03117790642075846,0.017870135979169605,0.7308955000161131,1.2605626148408133,-0.0005074757755903006,1.2610700906164036,0.0
117,2.34,idle,locomotion,0,1.350000023841858,-0.05000000074505806,0.10973345824050044,-0.031204175652720614,0.017879886172242086,0.7308933635883994,1.2605600009176618,-0.0005074880685992933,1.2610674889862612,0.0
118,2.36,idle,locomotion,0,1.350000023841858,-0.05000000074505806,0.10973345824050044,-0.03123031098786409,0.017889972407802743,0.7308912675460086,1.2605574232912289,-0.0005074998881557276,1.2610649231793847,0.0
119,2.38,idle,locomotion,0,1.350000023841858,-0.05000000074505806,0.10973345824050044,-0.0312563089923181,0.01790041289634254,0.7308892150973316,1.2605548803153854,-0.0005075110657492485,1.2610623913811347,0.0
120,2.4,idle,locomotion,0,1.350000023841858,-0.05000000074505806,0.10973345824050044,-0.03128216426705306,0.017911230164612362,0.7308872068294106,1.2605523778363,-0.000507521758391534,1.2610598995946916,0.0
121,2.42,idle,locomotion,0,1.350000023841858,-0.05000000074505806,0.10973345824050044,-0.03130787661398458,0.01792243283363882,0.7308852430928655,1.2605499105869933,-0.0005075319515386346,1.261057442538532,0.0
122,2.44,idle,locomotion,0,1.350000023841858,-0.05000000074505806,0.10973345824050044,-0.03133344573779562,0.0179340235735997,0.730883326985527,1.2605474839279796,-0.0005075416423362122,1.2610550255703157,0.0
123,2.46,idle,locomotion,0,1.350000023841858,-0.05000000074505806,0.10973345824050044,-0.031358865930848565,0.017946012617177758,0.7308814545140286,1.2605450965143128,-0.0005075508289007422,1.2610526473432135,0.0
124,2.48,idle,locomotion,0,1.350000023841858,-0.05000000074505806,0.10973345824050044,-0.03138413774071669,0.017958385977078186,0.7308796320188296,1.26054275028572,-0.0005075595108838364,1.261050309796604,0.0
125,2.5,idle,locomotion,0,1.350000023841858,-0.05000000074505806,0.10973345824050044,-0.03140925977765241,0.0179711344431744,0.7308778597605521,1.2605404491273136,-0.0005075677559720597,1.2610480168832856,0.0
126,2.52,idle,locomotion,0,1.350000023841858,-0.05000000074505806,0.10973345824050044,-0.03143422975061616,0.0179842535886163,0.730876133475898,1.2605381914925178,-0.0005075755126174447,1.2610457670051352,0.0
127,2.54,idle,locomotion,0,1.350000023841858,-0.05000000074505806,0.10973345824050044,-0.031459052593231174,0.01799772016386326,0.7308744583287734,1.2605359763995079,-0.0005075829010416262,1.2610435593005496,0.0
128,2.56,idle,locomotion,0,1.350000023841858,-0.05000000074505806,0.10973345824050044,-0.03148373070912684,0.01801151368837796,0.7308728365966412,1.260533809216483,-0.0005075898980740137,1.261041399114557,0.0
129,2.58,idle,locomotion,0,1.350000023841858,-0.05000000074505806,0.10973345824050044,-0.03150826236397721,0.01802562296140503,0.7308712646909801,1.2605316890287268,-0.0005075965662259228,1.2610392855949528,0.0
130,2.6,idle,locomotion,0,1.350000023841858,-0.05000000074505806,0.10973345824050044,-0.03153265198655255,0.018040015932471027,0.7308697496698744,1.2605296172915734,-0.0005076027979870924,1.2610372200895605,0.0
131,2.62,idle,locomotion,0,1.350000023841858,-0.05000000074505806,0.10973345824050044,-0.03155690061486165,0.018054669631359262,0.7308682929439757,1.260527598465892,-0.0005076086219009297,1.2610352070877928,0.0
132,2.64,idle,locomotion,0,1.350000023841858,-0.05000000074505806,0.10973345824050044,-0.031581004038859585,0.018069575511071703,0.7308668820369505,1.2605256252808559,-0.0005076142232351422,1.261033239504091,0.0
133,2.66,idle,locomotion,0,1.350000023841858,-0.05000000074505806,0.10973345824050044,-0.03160497220780895,0.018084680322477655,0.7308655388458084,1.2605237115444117,-0.0005076192151385953,1.2610313307595502,0.0
134,2.68,idle,locomotion,0,1.350000023841858,-0.05000000074505806,0.10973345824050044,-0.03162880966486857,0.01809997648819925,0.7308642472969258,1.2605218456299399,-0.0005076242735420379,1.2610294699034819,0.0
135,2.7,idle,locomotion,0,1.350000023841858,-0.05000000074505806,0.10973345824050044,-0.03165251966148118,0.01811543404683247,0.7308630166203108,1.2605200393844211,-0.0005076289078950295,1.2610276682923163,0.0
136,2.72,idle,locomotion,0,1.350000023841858,-0.05000000074505806,0.10973345824050044,-0.03167610332499144,0.018131033955181262,0.7308618445147473,1.26051828520116,-0.000507633299512613,1.2610259185006727,0.0
137,2.74,idle,locomotion,0,1.350000023841858,-0.05000000074505806,0.10973345824050044,-0.03169955908082672,0.018146759908823765,0.7308607233917012,1.2605165802434224,-0.0005076374630350877,1.2610242177064575,0.0
138,2.76,idle,locomotion,0,1.350000023841858,-0.05000000074505806,0.10973345824050044,-0.03172288716034719,0.01816258179081351,0.730859673113959,1.2605149442693402,-0.0005076412087699836,1.26102258547811,0.0
139,2.78,idle,locomotion,0,1.350000023841858,-0.05000000074505806,0.10973345824050044,-0.03174608588536391,0.018178500209151773,0.730858679976051,1.26051336374836,-0.00050764502858687,1.261021008776947,0.0
140,2.8,idle,locomotion,0,1.350000023841858,-0.05000000074505806,0.10973345824050044,-0.03176916306054961,0.018194481857978295,0.7308577473828967,1.2605118383907168,-0.0005076486534485586,1.2610194870441653,0.0
141,2.82,idle,locomotion,0,1.350000023841858,-0.05000000074505806,0.10973345824050044,-0.031792118629083176,0.018210516161840915,0.730856873653311,1.2605103719497386,-0.0005076520323712003,1.2610180239821098,0.0
142,2.84,idle,locomotion,0,1.350000023841858,-0.05000000074505806,0.10973345824050044,-0.031814950403051934,0.018226587378419503,0.7308560615259589,1.26050896544969,-0.0005076551531246649,1.2610166206028146,0.0
143,2.86,idle,locomotion,0,1.350000023841858,-0.05000000074505806,0.10973345824050044,-0.03183765759722518,0.01824268017917415,0.7308553111557513,1.260507620042844,-0.0005076580237921291,1.2610152780666362,0.0
144,2.88,idle,locomotion,0,1.350000023841858,-0.05000000074505806,0.10973345824050044,-0.031860241455401735,0.01825878397849679,0.7308546186179053,1.260506331908921,-0.0005076608756225259,1.2610139927845434,0.0
145,2.9,idle,locomotion,0,1.350000023841858,-0.05000000074505806,0.10973345824050044,-0.0318827054638469,0.018274879426411084,0.7308539890238089,1.2605051059057495,-0.0005076634301762577,1.2610127693359257,0.0
146,2.92,idle,locomotion,0,1.350000023841858,-0.05000000074505806,0.10973345824050044,-0.03190505062575243,0.01829095517798801,0.7308534200166753,1.2605039400494977,-0.0005076657319651075,1.2610116057814629,0.0
147,2.94,idle,locomotion,0,1.350000023841858,-0.05000000074505806,0.10973345824050044,-0.0319272781880873,0.018306998062620233,0.730852910249262,1.2605028345444753,-0.0005076678570966782,1.261010502401572,0.0
148,2.96,idle,locomotion,0,1.350000023841858,-0.05000000074505806,0.10973345824050044,-0.031949393330275036,0.018322987668562225,0.7308524661830632,1.2605017914640944,-0.0005076696517261267,1.2610094611158205,0.0
149,2.98,idle,locomotion,0,1.350000023841858,-0.05000000074505806,0.10973345824050044,-0.03197139685354219,0.018338927055109016,0.7308520783712049,1.2605008048566395,-0.0005076717667321755,1.2610084766233718,0.0
150,3.0,idle,locomotion,0,1.350000023841858,-0.05000000074505806,0.10973345824050044,-0.03199328979443771,0.01835480173379214,0.7308517503951576,1.2604998817284583,-0.0005076734396495496,1.261007555168108,0.0
151,3.02,idle,locomotion,0,1.350000023841858,-0.05000000074505806,0.10973345824050044,-0.03201507410290925,0.01837060662878732,0.7308514734113768,1.260499006393579,-0.000507675242146028,1.261006681635725,0.0
152,3.04,idle,locomotion,0,1.350000023841858,-0.05000000074505806,0.10973345824050044,-0.03203675224290716,0.018386327845538106,0.7308512655444446,1.260498204286143,-0.0005076768005826439,1.2610058810867257,0.0
153,3.06,idle,locomotion,0,1.350000023841858,-0.05000000074505806,0.10973345824050044,-0.03205832323095876,0.018401978942230054,0.7308511136902764,1.2604974559794142,-0.0005076784711606185,1.2610051344505748,0.0
154,3.08,idle,locomotion,0,1.350000023841858,-0.05000000074505806,0.10973345824050044,-0.03207978610781537,0.018417551061600645,0.7308510195654716,1.2604967686235653,-0.0005076797186698394,1.2610044483422351,0.0
155,3.1,idle,locomotion,0,1.350000023841858,-0.05000000074505806,0.10973345824050044,-0.032101137742579874,0.01843304160754516,0.7308509810143814,1.2604961389007097,-0.000507680871002697,1.2610038197717124,0.0
156,3.12,idle,locomotion,0,1.350000023841858,-0.05000000074505806,0.10973345824050044,-0.032122379902202916,0.018448451092231775,0.730850996705955,1.2604955633555792,-0.0005076821866722737,1.2610032455422515,0.0
157,3.14,idle,locomotion,0,1.350000023841858,-0.05000000074505806,0.10973345824050044,-0.03214351151835737,0.01846377965258454,0.7308510690713304,1.260495049629699,-0.0005076833083516377,1.2610027329380507,0.0
158,3.16,idle,locomotion,0,1.350000023841858,-0.05000000074505806,0.10973345824050044,-0.03216452673817464,0.01847903573781243,0.7308511950940363,1.2604945930574825,-0.0005076841927279807,1.2610022772502105,0.0
159,3.18,idle,locomotion,0,1.350000023841858,-0.05000000074505806,0.10973345824050044,-0.03218542028158573,0.018494220143523515,0.7308513807280609,1.2604942017846599,-0.0005076849075976511,1.2610018866922574,0.0
160,3.2,idle,locomotion,0,1.350000023841858,-0.05000000074505806,0.10973345824050044,-0.03220618978759392,0.018509341655431256,0.730851617321463,1.2604938673420172,-0.0005076854793583038,1.2610015528213754,0.0
161,3.22,idle,locomotion,0,1.350000023841858,-0.05000000074505806,0.10973345824050044,-0.032226837644094494,0.01852439231414206,0.7308519126005575,1.260493597885837,-0.0005076858395593187,1.2610012837253963,0.0
162,3.24,idle,locomotion,0,1.350000023841858,-0.05000000074505806,0.10973345824050044,-0.03224736314415373,0.018539381024161528,0.7308522603524711,1.2604933890992849,-0.0005076862158296461,1.2610010753151146,0.0
163,3.26,idle,locomotion,0,1.350000023841858,-0.05000000074505806,0.10973345824050044,-0.03226777227127836,0.018554301942354617,0.7308526628161115,1.2604932382248824,-0.000507686596985045,1.2610009248218674,0.0
164,3.28,idle,locomotion,0,1.350000023841858,-0.05000000074505806,0.10973345824050044,-0.03228807086162628,0.01856914962520172,0.7308531176891297,1.2604931446088723,-0.00050768679583078,1.261000831404703,0.0
165,3.3,idle,locomotion,0,1.350000023841858,-0.05000000074505806,0.10973345824050044,-0.032308259566727025,0.01858392774582594,0.7308536199130296,1.260493104944495,-0.0005076868015909189,1.261000791746086,0.0
166,3.32,idle,locomotion,0,1.350000023841858,-0.05000000074505806,0.10973345824050044,-0.03232834079665629,0.018598635794648172,0.7308541713086333,1.2604931192096729,-0.0005076868575242567,1.261000806067197,0.0
167,3.34,idle,locomotion,0,1.350000023841858,-0.05000000074505806,0.10973345824050044,-0.03234832311567648,0.018613263053524655,0.7308547728690493,1.2604931858637092,-0.0005076868779321474,1.2610008727416413,0.0
168,3.36,idle,locomotion,0,1.350000023841858,-0.05000000074505806,0.10973345824050044,-0.032368210588763165,0.018627813564853518,0.7308554268012302,1.260493310915786,-0.0005076866736515515,1.2610009975894376,0.0
169,3.38,idle,locomotion,0,1.350000023841858,-0.05000000074505806,0.10973345824050044,-0.032387997731597735,0.018642309077738874,0.7308561201581386,1.2604934800666687,-0.0005076867296932297,1.2610011667963619,0.0
170,3.4,idle,locomotion,0,1.350000023841858,-0.05000000074505806,0.10973345824050044,-0.03240769277180022,0.018656718191510074,0.7308568690617943,1.2604937070285749,-0.000507686212156782,1.2610013932407316,0.0
171,3.42,idle,locomotion,0,1.350000023841858,-0.05000000074505806,0.10973345824050044,-0.032427289400893,0.018671081719653888,0.7308576657161234,1.2604939908977546,-0.0005076859792512781,1.2610016768770058,0.0
172,3.44,idle,locomotion,0,1.350000023841858,-0.05000000074505806,0.10973345824050044,-0.03244678738382908,0.018685390089296025,0.7308585109735931,1.260494325110259,-0.0005076853611650188,1.261002010471424,0.0
173,3.46,idle,locomotion,0,1.350000023841858,-0.05000000074505806,0.10973345824050044,-0.03246618161070963,0.018699661262394775,0.7308593932462273,1.2604947070461083,-0.0005076847168572103,1.2610023917629656,0.0
174,3.48,idle,locomotion,0,1.350000023841858,-0.05000000074505806,0.10973345824050044,-0.03248547771753189,0.018713877976196707,0.7308603232711881,1.2604951395450172,-0.0005076838449416879,1.2610028233899588,0.0
175,3.5,idle,locomotion,0,1.350000023841858,-0.05000000074505806,0.10973345824050044,-0.03250467262492796,0.018728059569101535,0.7308612953029754,1.2604956242164511,-0.0005076829919327189,1.261003307208384,0.0
176,3.52,idle,locomotion,0,1.350000023841858,-0.05000000074505806,0.10973345824050044,-0.03252376655985663,0.018742210269168114,0.7308623113043103,1.2604961570422912,-0.0005076821618246151,1.2610038392041159,0.0
177,3.54,idle,locomotion,0,1.350000023841858,-0.05000000074505806,0.10973345824050044,-0.0325427581135609,0.018756325128815508,0.730863371899182,1.26049674076963,-0.0005076809972561942,1.261004421766886,0.0
178,3.56,idle,locomotion,0,1.350000023841858,-0.05000000074505806,0.10973345824050044,-0.032561630169869564,0.018770417571172857,0.7308644802393662,1.2604973864343736,-0.0005076795310532956,1.2610050659654268,0.0
179,3.58,idle,locomotion,0,1.350000023841858,-0.05000000074505806,0.10973345824050044,-0.032580364547721334,0.018784486826608805,0.7308656376049871,1.2604981013665781,-0.0005076777268511745,1.2610057790934293,0.0
180,3.6,idle,locomotion,0,1.350000023841858,-0.05000000074505806,0.10973345824050044,-0.0325989622500639,0.01879852053355157,0.7308668506425462,1.260498893612711,-0.0005076755191752956,1.2610065691318864,0.0
181,3.62,idle,locomotion,0,1.350000023841858,-0.05000000074505806,0.10973345824050044,-0.03261742607363801,0.01881253105588225,0.7308681149728791,1.2604997645814222,-0.0005076732403417883,1.261007437821764,0.0
182,3.64,idle,locomotion,0,1.350000023841858,-0.05000000074505806,0.10973345824050044,-0.03263576980545673,0.018826522084830533,0.7308694163905318,1.2605006900560827,-0.000507671395886769,1.2610083614519694,0.0
183,3.66,idle,locomotion,0,1.350000023841858,-0.05000000074505806,0.10973345824050044,-0.032654023450614966,0.018840471208825912,0.7308707674067255,1.2605016763515118,-0.0005076697993896644,1.2610093461509015,0.0
184,3.68,idle,locomotion,0,1.350000023841858,-0.05000000074505806,0.10973345824050044,-0.032672186933930335,0.018854404970576357,0.7308721505115758,1.2605027095907069,-0.0005076690940902968,1.2610103786847973,0.0
185,3.7,idle,locomotion,0,1.350000023841858,-0.05000000074505806,0.10973345824050044,-0.032690272576797276,0.018868316032752696,0.730873574339818,1.260503790039102,-0.0005076689044427769,1.2610114589435448,0.0
186,3.72,idle,locomotion,0,1.350000023841858,-0.05000000074505806,0.10973345824050044,-0.03270829058384643,0.018882202522619487,0.7308750380296102,1.2605049131030122,-0.0005076687009100515,1.2610125818039222,0.0
187,3.74,idle,locomotion,0,1.350000023841858,-0.05000000074505806,0.10973345824050044,-0.03272622984082395,0.018896091878028244,0.7308765384296575,1.2605060829078767,-0.0005076685590785501,1.2610137514669553,0.0
188,3.76,idle,locomotion,0,1.350000023841858,-0.05000000074505806,0.10973345824050044,-0.032744080861807856,0.018909979639605164,0.7308780728349755,1.2605072940895972,-0.0005076681774759256,1.261014962267073,0.0
189,3.78,idle,locomotion,0,1.350000023841858,-0.05000000074505806,0.10973345824050044,-0.03276184601732293,0.01892387154884745,0.7308796427893798,1.2605085511992553,-0.0005076678426168268,1.261016219041872,0.0
190,3.8,idle,locomotion,0,1.350000023841858,-0.05000000074505806,0.10973345824050044,-0.032779529829755474,0.018937777887957856,0.7308812379013493,1.2605098398736223,-0.0005076678458058488,1.261017507719428,0.0
191,3.82,idle,locomotion,0,1.350000023841858,-0.05000000074505806,0.10973345824050044,-0.03279715351694691,0.018951675735998364,0.7308828704474514,1.260511164980147,-0.0005076677485507594,1.2610188327286977,0.0
192,3.84,idle,locomotion,0,1.350000023841858,-0.05000000074505806,0.10973345824050044,-0.03281472065270913,0.018965585165301828,0.7308845328267249,1.2605125194069589,-0.0005076680037142955,1.2610201874106732,0.0
193,3.86,idle,locomotion,0,1.350000023841858,-0.05000000074505806,0.10973345824050044,-0.03283222899070825,0.018979501956091282,0.7308862221832579,1.260513898880549,-0.0005076687934017048,1.261021567673951,0.0
194,3.88,idle,locomotion,0,1.350000023841858,-0.05000000074505806,0.10973345824050044,-0.032849680782061526,0.018993414691613,0.7308879471843391,1.2605153112084637,-0.0005076696096316356,1.2610229808180953,0.0
195,3.9,idle,locomotion,0,1.350000023841858,-0.05000000074505806,0.10973345824050044,-0.032867061437424384,0.019007343574984407,0.7308897034274222,1.2605167595718256,-0.0005076708136180635,1.2610244303854437,0.0
196,3.92,idle,locomotion,0,1.350000023841858,-0.05000000074505806,0.10973345824050044,-0.03288437425148979,0.019021286288728238,0.7308915064876457,1.2605182541822282,-0.0005076721392860244,1.2610259263215142,0.0
197,3.94,idle,locomotion,0,1.350000023841858,-0.05000000074505806,0.10973345824050044,-0.03290161804543904,0.019035252645865978,0.7308933635692194,1.2605198025015056,-0.0005076741276832802,1.261027476629189,0.0
198,3.96,idle,locomotion,0,1.350000023841858,-0.05000000074505806,0.10973345824050044,-0.032918788656411735,0.019049253370461944,0.7308952851804607,1.2605214171678139,-0.0005076762056307436,1.2610290933734445,0.0
199,3.98,idle,locomotion,0,1.350000023841858,-0.05000000074505806,0.10973345824050044,-0.032935882853863487,0.019063295938483094,0.7308972645171616,1.2605230900075226,-0.0005076780028153358,1.2610307680103379,0.0
200,4.0,idle,locomotion,0,1.350000023841858,-0.05000000074505806,0.10973345824050044,-0.03295290811991271,0.01907736990265101,0.7308993039509267,1.2605248230583272,-0.0005076794444133677,1.2610325025027407,0.0
201,4.02,idle,locomotion,0,1.350000023841858,-0.05000000074505806,0.10973345824050044,-0.03296987042966899,0.019091477828830493,0.7309013859124343,1.2605265943691129,-0.0005076806360209268,1.2610342750051338,0.0
202,4.04,idle,locomotion,0,1.350000023841858,-0.05000000074505806,0.10973345824050044,-0.032986771005429245,0.01910562378229681,0.7309035203470785,1.2605284186689272,-0.0005076820515718533,1.261036100720499,0.0
203,4.06,idle,locomotion,0,1.350000023841858,-0.05000000074505806,0.10973345824050044,-0.033003604745199984,0.019119806158771995,0.7309057056039759,1.2605302899616149,-0.0005076827743169289,1.2610379727359318,0.0
204,4.08,idle,locomotion,0,1.350000023841858,-0.05000000074505806,0.10973345824050044,-0.03302037321255972,0.019134021686593717,0.7309079289639481,1.2605321975037056,-0.0005076832239139933,1.2610398807276195,0.0
205,4.1,idle,locomotion,0,1.350000023841858,-0.05000000074505806,0.10973345824050044,-0.0330370739147685,0.019148274729825412,0.730910190171542,1.260534142940528,-0.0005076836542405108,1.2610418265947685,0.0
206,4.12,idle,locomotion,0,1.350000023841858,-0.05000000074505806,0.10973345824050044,-0.033053708089299756,0.019162552570930077,0.7309124913889438,1.2605361248476243,-0.0005076835778189334,1.2610438084254432,0.0
207,4.14,idle,locomotion,0,1.350000023841858,-0.05000000074505806,0.10973345824050044,-0.0330702687783526,0.01917686784796579,0.7309148325301241,1.2605381506238247,-0.0005076836047318047,1.2610458342285564,0.0
208,4.16,idle,locomotion,0,1.350000023841858,-0.05000000074505806,0.10973345824050044,-0.03308675766417726,0.019191210260394574,0.7309172109532289,1.260540212488395,-0.0005076829139681605,1.2610478954023632,0.0
209,4.18,idle,locomotion,0,1.350000023841858,-0.05000000074505806,0.10973345824050044,-0.03310318527440545,0.01920557533449635,0.7309196128912041,1.2605422964990114,-0.0005076823017341817,1.2610499788007457,0.0
210,4.2,idle,locomotion,0,1.350000023841858,-0.05000000074505806,0.10973345824050044,-0.033119562139897744,0.019219952631607206,0.7309220445302811,1.2605444089984055,-0.0005076817425169917,1.2610520907409224,0.0
211,4.22,idle,locomotion,0,1.350000023841858,-0.05000000074505806,0.10973345824050044,-0.033135895214150266,0.019234334706466006,0.7309245041574483,1.2605465398651488,-0.0005076809161152739,1.261054220781264,0.0
212,4.24,idle,locomotion,0,1.350000023841858,-0.05000000074505806,0.10973345824050044,-0.033152172666883736,0.019248729634885896,0.7309269944701621,1.260548703793872,-0.0005076802839213516,1.2610563840777935,0.0
213,4.26,idle,locomotion,0,1.350000023841858,-0.05000000074505806,0.10973345824050044,-0.03316837739910414,0.019263146793441467,0.7309295116563919,1.2605508999073163,-0.000507679030878519,1.2610585789381947,0.0
214,4.28,idle,locomotion,0,1.350000023841858,-0.05000000074505806,0.10973345824050044,-0.033184519890855114,0.01927756334251243,0.7309320696483812,1.2605531379110249,-0.0005076774487158854,1.2610608153597407,0.0
215,4.3,idle,locomotion,0,1.350000023841858,-0.05000000074505806,0.10973345824050044,-0.033200608670247884,0.01929199253408376,0.7309346416799604,1.2605553901173443,-0.0005076759759741964,1.2610630660933184,0.0
216,4.32,idle,locomotion,0,1.350000023841858,-0.05000000074505806,0.10973345824050044,-0.033216653658495805,0.01930641911384116,0.7309372404315038,1.2605576664435674,-0.0005076747262979728,1.2610653411698654,0.0
217,4.34,idle,locomotion,0,1.350000023841858,-0.05000000074505806,0.10973345824050044,-0.03323264877823026,0.019320850183403175,0.7309398757404686,1.260559978355899,-0.0005076737372066951,1.2610676520931057,0.0
218,4.36,idle,locomotion,0,1.350000023841858,-0.05000000074505806,0.10973345824050044,-0.03324858315768787,0.019335283306383275,0.730942567029281,1.2605623509366453,-0.000507672701934414,1.2610700236385797,0.0
219,4.38,idle,locomotion,0,1.350000023841858,-0.05000000074505806,0.10973345824050044,-0.03326444975557535,0.019349727493927167,0.7309452969905464,1.2605647657838375,-0.0005076709091100112,1.2610724366929476,0.0
220,4.4,idle,locomotion,0,1.350000023841858,-0.05000000074505806,0.10973345824050044,-0.033280254354704525,0.019364169521560944,0.7309480734307711,1.2605672303470028,-0.0005076689293008127,1.2610748992763037,0.0
221,4.42,idle,locomotion,0,1.350000023841858,-0.05000000074505806,0.10973345824050044,-0.03329599774010622,0.019378616478866954,0.7309508749894343,1.2605697216072953,-0.0005076668378256287,1.261077388445121,0.0
222,4.44,idle,locomotion,0,1.350000023841858,-0.05000000074505806,0.10973345824050044,-0.03331168441762873,0.019393057895812228,0.7309537168707692,1.2605722563473865,-0.0005076649096196033,1.261079921257006,0.0
223,4.46,idle,locomotion,0,1.350000023841858,-0.05000000074505806,0.10973345824050044,-0.03332732351181971,0.01940748656884664,0.7309565809919888,1.260574810182138,-0.0005076624102571467,1.261082472592395,0.0
224,4.48,idle,locomotion,0,1.350000023841858,-0.05000000074505806,0.10973345824050044,-0.03334291896059564,0.019421892897080302,0.7309594833924545,1.260577399892299,-0.0005076604436840791,1.261085060335983,0.0
225,4.5,idle,locomotion,0,1.350000023841858,-0.05000000074505806,0.10973345824050044,-0.03335845768641465,0.01943628682469364,0.7309624303137715,1.2605800390727206,-0.000507658451851651,1.2610876975245724,0.0
226,4.52,idle,locomotion,0,1.350000023841858,-0.05000000074505806,0.10973345824050044,-0.033373945944436594,0.019450659520904762,0.7309653996497658,1.2605826972264376,-0.0005076553598328606,1.2610903525862704,0.0
227,4.54,idle,locomotion,0,1.350000023841858,-0.05000000074505806,0.10973345824050044,-0.03338938243281631,0.019465009911270578,0.7309683976510493,1.2605853883591172,-0.0005076527625661048,1.2610930411216832,0.0
228,4.56,idle,locomotion,0,1.350000023841858,-0.05000000074505806,0.10973345824050044,-0.033404773036611976,0.01947933012407882,0.7309714299932834,1.260588114782988,-0.0005076498993210159,1.261095764682309,0.0
229,4.58,idle,locomotion,0,1.350000023841858,-0.05000000074505806,0.10973345824050044,-0.03342012848112666,0.019493616934279857,0.7309744749553394,1.2605908476883465,-0.0005076466147477636,1.2610984943030943,0.0
230,4.6,idle,locomotion,0,1.350000023841858,-0.05000000074505806,0.10973345824050044,-0.033435445487386646,0.019507872564086304,0.7309775500028091,1.260593614496387,-0.000507644180815274,1.2611012586772021,0.0
231,4.62,idle,locomotion,0,1.350000023841858,-0.05000000074505806,0.10973345824050044,-0.03345072968449876,0.019522091808710996,0.7309806458346935,1.2605963961767852,-0.0005076409909514322,1.2611040371677367,0.0
232,4.64,idle,locomotion,0,1.350000023841858,-0.05000000074505806,0.10973345824050044,-0.03346597764779902,0.019536278081244494,0.7309837647731645,1.26059920270243,-0.0005076381344011824,1.2611068408368311,0.0
233,4.66,idle,locomotion,0,1.350000023841858,-0.05000000074505806,0.10973345824050044,-0.03348119128602242,0.019550422670433342,0.7309869147505687,1.2606020357804688,-0.000507635003512287,1.261109670783981,0.0
234,4.68,idle,locomotion,0,1.350000023841858,-0.05000000074505806,0.10973345824050044,-0.033496360341858544,0.01956453491128965,0.7309900956608804,1.2606049059621758,-0.0005076319855383746,1.2611125379477142,0.0
235,4.7,idle,locomotion,0,1.350000023841858,-0.05000000074505806,0.10973345824050044,-0.033511483100632684,0.019578616354217673,0.7309932981007055,1.2606078013481594,-0.0005076284603334029,1.2611154298084928,0.0
236,4.72,idle,locomotion,0,1.350000023841858,-0.05000000074505806,0.10973345824050044,-0.033526566416679504,0.019592657582951034,0.7309965207073047,1.2606107206139316,-0.0005076247955421789,1.2611183454094739,0.0
237,4.74,idle,locomotion,0,1.350000023841858,-0.05000000074505806,0.10973345824050044,-0.033541623002208906,0.019606654992190973,0.7309997542283647,1.2606136488241892,-0.0005076210169731761,1.2611212698411625,0.0
238,4.76,idle,locomotion,0,1.350000023841858,-0.05000000074505806,0.10973345824050044,-0.03355665628935001,0.019620609469495166,0.7310030130944977,1.2606166018063998,-0.000507617862271624,1.2611242196686714,0.0
239,4.78,idle,locomotion,0,1.350000023841858,-0.05000000074505806,0.10973345824050044,-0.03357165764320905,0.019634527276129937,0.7310063109328866,1.260619593719684,-0.000507614706458364,1.2611272084261425,0.0
240,4.8,idle,locomotion,0,1.350000023841858,-0.05000000074505806,0.10973345824050044,-0.03358661013462834,0.019648422324668475,0.731009630075058,1.260622612864915,-0.000507611212389826,1.2611302240773048,0.0
241,4.82,idle,locomotion,0,1.350000023841858,-0.05000000074505806,0.10973345824050044,-0.03360152019810903,0.019662281616573598,0.7310129754825381,1.2606256631744053,-0.0005076077608309991,1.2611332709352363,0.0
242,4.84,idle,locomotion,0,1.350000023841858,-0.05000000074505806,0.10973345824050044,-0.033616394618557505,0.019676108609549915,0.7310163290539676,1.260628722535383,-0.0005076042562549912,1.261136326791638,0.0
243,4.86,idle,locomotion,0,1.350000023841858,-0.05000000074505806,0.10973345824050044,-0.033631240682786556,0.019689896385837343,0.7310197074768435,1.2606318090488453,-0.0005076020655942863,1.2611394111144396,0.0
244,4.88,idle,locomotion,0,1.350000023841858,-0.05000000074505806,0.10973345824050044,-0.0336460547832059,0.019703655506438888,0.7310231079106089,1.2606349186642674,-0.0005076015898426746,1.26114252025411,0.0
245,4.9,idle,locomotion,0,1.350000023841858,-0.05000000074505806,0.10973345824050044,-0.03366083485827958,0.01971738401592454,0.7310265325455296,1.2606380547876637,-0.0005076021150850242,1.2611456569027486,0.0
246,4.92,idle,locomotion,0,1.350000023841858,-0.05000000074505806,0.10973345824050044,-0.033675574465190816,0.019731091433267393,0.7310299733742326,1.2606412122380906,-0.0005076029974795636,1.26114881523557,0.0
247,4.94,idle,locomotion,0,1.350000023841858,-0.05000000074505806,0.10973345824050044,-0.033690285840455796,0.019744768425476435,0.7310334381883855,1.2606443933791813,-0.0005076038068304693,1.261151997186012,0.0
248,4.96,idle,locomotion,0,1.350000023841858,-0.05000000074505806,0.10973345824050044,-0.03370495881446384,0.019758433128974483,0.7310369152244182,1.2606475910684924,-0.0005076048048389716,1.2611551958733314,0.0
249,4.98,idle,locomotion,0,1.350000023841858,-0.05000000074505806,0.10973345824050044,-0.033719604420336446,0.019772072984303224,0.7310404062439164,1.2606508012853537,-0.0005076053631278589,1.2611584066484816,0.0
250,5.0,idle,locomotion,0,1.350000023841858,-0.05000000074505806,0.10973345824050044,-0.033734230110366435,0.019785683186541128,0.7310439070748643,1.2606540199103096,-0.0005076059225485666,1.2611616258328582,0.0
251,5.02,idle,locomotion,0,1.350000023841858,-0.05000000074505806,0.10973345824050044,-0.03374883960021579,0.019799261648789035,0.7310474266663078,1.260657254917818,-0.0005076067284198842,1.261164861646238,0.0
252,5.04,idle,locomotion,0,1.350000023841858,-0.05000000074505806,0.10973345824050044,-0.033763424684894815,0.019812820779456827,0.7310509702057961,1.260660516612405,-0.0005076075811719545,1.2611681241935768,0.0
253,5.06,idle,locomotion,0,1.350000023841858,-0.05000000074505806,0.10973345824050044,-0.03377799211394992,0.019826352323730694,0.7310545236071029,1.260663782609575,-0.0005076076813118266,1.2611713902908868,0.0
254,5.08,idle,locomotion,0,1.350000023841858,-0.05000000074505806,0.10973345824050044,-0.033792531748700415,0.019839867389592213,0.7310581041312613,1.260667081293252,-0.0005076084735499836,1.261174689766802,0.0
255,5.1,idle,locomotion,0,1.350000023841858,-0.05000000074505806,0.10973345824050044,-0.03380703771978116,0.019853372566379403,0.7310617082752081,1.2606704053824458,-0.0005076087139976454,1.2611780140964435,0.0
256,5.12,idle,locomotion,0,1.350000023841858,-0.05000000074505806,0.10973345824050044,-0.03382150926898228,0.01986687016867658,0.7310653297656581,1.260673752219841,-0.0005076087785926553,1.2611813609984337,0.0
257,5.14,idle,locomotion,0,1.350000023841858,-0.05000000074505806,0.10973345824050044,-0.03383595223282518,0.019880361032638395,0.731068963201656,1.2606771139127044,-0.0005076086505991124,1.2611847225633035,0.0
258,5.16,idle,locomotion,0,1.350000023841858,-0.05000000074505806,0.10973345824050044,-0.03385037731379335,0.019893839592067572,0.7310726007559805,1.2606804786734696,-0.0005076084052664347,1.261188087078736,0.0
259,5.18,idle,locomotion,0,1.350000023841858,-0.05000000074505806,0.10973345824050044,-0.033864784731726695,0.019907306641209068,0.7310762545036994,1.2606838620208314,-0.0005076085278852595,1.2611914705487166,0.0
260,5.2,idle,locomotion,0,1.350000023841858,-0.05000000074505806,0.10973345824050044,-0.0338791819650731,0.019920759113822812,0.7310799226914606,1.2606872549715644,-0.0005076083428313359,1.2611948633143957,0.0
261,5.22,idle,locomotion,0,1.350000023841858,-0.05000000074505806,0.10973345824050044,-0.033893557152298234,0.019934206703035473,0.7310836130468138,1.260690672758055,-0.0005076085187704013,1.2611982812768252,0.0
262,5.24,idle,locomotion,0,1.350000023841858,-0.05000000074505806,0.10973345824050044,-0.03390790189536807,0.019947657696932772,0.7310873223120355,1.2606941138858516,-0.0005076082330391501,1.2612017221188907,0.0
263,5.26,idle,locomotion,0,1.350000023841858,-0.05000000074505806,0.10973345824050044,-0.033922230354270035,0.019961098039402124,0.7310910384341919,1.2606975610063085,-0.0005076073500953834,1.2612051683564038,0.0
264,5.28,idle,locomotion,0,1.350000023841858,-0.05000000074505806,0.10973345824050044,-0.03393655442119115,0.019974522948976847,0.7310947593016309,1.260701009750373,-0.0005076067382568071,1.2612086164886298,0.0
265,5.3,idle,locomotion,0,1.350000023841858,-0.05000000074505806,0.10973345824050044,-0.0339508814621831,0.019987929352131444,0.7310984943497628,1.2607044697509706,-0.000507606304662761,1.2612120760556333,0.0
266,5.32,idle,locomotion,0,1.350000023841858,-0.05000000074505806,0.10973345824050044,-0.03396521964469126,0.020001310640065956,0.7311022415716869,1.2607079329789166,-0.0005076057340277634,1.2612155387129445,0.0
267,5.34,idle,locomotion,0,1.350000023841858,-0.05000000074505806,0.10973345824050044,-0.033979550015353244,0.020014679862819625,0.7311060160943821,1.260711425350635,-0.0005076058391734403,1.2612190311898086,0.0
268,5.36,idle,locomotion,0,1.350000023841858,-0.05000000074505806,0.10973345824050044,-0.03399386297759845,0.020028043547508007,0.7311098147415531,1.2607149451617132,-0.0005076056721511416,1.2612225508338644,0.0
269,5.38,idle,locomotion,0,1.350000023841858,-0.05000000074505806,0.10973345824050044,-0.03400816260718948,0.020041395951736145,0.731113618175684,1.2607184714987099,-0.0005076052055064013,1.2612260767042163,0.0
270,5.4,idle,locomotion,0,1.350000023841858,-0.05000000074505806,0.10973345824050044,-0.03402246292254254,0.020054728239129942,0.7311174364199052,1.2607220119969351,-0.0005076052965098145,1.261229617293445,0.0
271,5.42,idle,locomotion,0,1.350000023841858,-0.05000000074505806,0.10973345824050044,-0.0340367610054826,0.020068049837382355,0.7311212782810345,1.2607255770625931,-0.000507605942648405,1.2612331830052415,0.0
272,5.44,idle,locomotion,0,1.350000023841858,-0.05000000074505806,0.10973345824050044,-0.03405104908003597,0.02008136821603231,0.7311251312979977,1.2607291560955134,-0.0005076063193595812,1.261236762414873,0.0
273,5.46,idle,locomotion,0,1.3499752125302045,-0.050007681128764296,0.10973345824050044,-0.03406534010369595,0.020094668453605982,0.7311289943014597,1.260732742734941,-0.0005076064437725819,1.2612403491787136,0.0
274,5.48,idle,locomotion,0,1.349858517380245,-0.050043857785019116,0.10973345651563492,-0.03407963302521294,0.020107952255300203,0.7311328688956986,1.260736341443526,-0.0005076068706007519,1.2612439483141267,0.0
275,5.5,idle,locomotion,0,1.3493934953981963,-0.05014757488217057,0.10973068159579949,-0.03409393518627609,0.02012121255766315,0.7311367595770268,1.260739953198438,-0.0005076071674553657,1.2612475603658935,0.0
276,5.52,idle,locomotion,0,1.3480662122117062,-0.05040463129924848,0.10972475989032025,-0.03410823809417975,0.02013445967673212,0.7311406653080291,1.260743582129813,-0.0005076076385043746,1.2612511897683174,0.0
277,5.54,idle,locomotion,0,1.3454128297157504,-0.050902092260108917,0.10971994619422622,-0.03412254840947171,0.02014768714841446,0.7311445856235352,1.260747222240265,-0.0005076077775695645,1.2612548300178346,0.0
278,5.56,idle,locomotion,0,1.3411585814194273,-0.05165280342852819,0.10972316090274797,-0.03413685261477741,0.020160901466050436,0.7311485284526952,1.2607508893649075,-0.0005076081954277709,1.2612584975603354,0.0
279,5.58,idle,locomotion,0,1.33521521044145,-0.05261281599750691,0.10973442015339138,-0.034151144327904615,0.020174105325090584,0.7311525015791726,1.2607545889013219,-0.0005076083680122453,1.261262197269334,0.0
280,5.6,idle,locomotion,0,1.3278307642444287,-0.05369129802494416,0.10975102433812502,-0.034165413918501926,0.02018730758399418,0.7311565000391267,1.260758320757712,-0.0005076083096472103,1.2612659290673591,0.0
281,5.62,idle,locomotion,0,1.3194960128277056,-0.05474753028652269,0.10976736461183119,-0.03417965848873193,0.02020051179169754,0.7311605213777957,1.2607620829915291,-0.000507608045635724,1.2612696910371648,0.0
282,5.64,idle,locomotion,0,1.3106924857733244,-0.055649902724020275,0.1097791802337375,-0.034193887413950554,0.020213716458380954,0.7311645416045501,1.260765846373309,-0.0005076072509123432,1.2612734536242212,0.0
283,5.66,idle,locomotion,0,1.3018070286478858,-0.0563215927290288,0.10978526216103131,-0.034208107868572334,0.02022691696644057,0.7311685644258984,1.2607696152549297,-0.0005076068654542923,1.261277222120384,0.0
284,5.68,idle,locomotion,0,1.2931409857019154,-0.056737682187944,0.10978608916311737,-0.03422232404335216,0.02024010958293766,0.7311725996977181,1.2607733973045558,-0.0005076064161166141,1.2612810037206725,0.0
285,5.7,idle,locomotion,0,1.2849224011378666,-0.0569141625775752,0.10978285042029803,-0.034236539914625407,0.020253292453801756,0.7311766372720553,1.2607771804965215,-0.0005076057448724393,1.261284786241394,0.0
286,5.72,idle,locomotion,0,1.2773181434761722,-0.05689331590941686,0.10977692251378805,-0.03425076624010812,0.02026645432359784,0.731180696004176,1.260780980843011,-0.0005076052897590201,1.26128858613277,0.0
287,5.74,idle,locomotion,0,1.2704453215855989,-0.056730378361077693,0.10976960542798157,-0.03426499356000787,0.020279603385477653,0.7311847740719389,1.2607848006018174,-0.0005076048069986711,1.2612924054088162,0.0
288,5.76,idle,locomotion,0,1.2643850038107822,-0.05648591659051462,0.10976231973640159,-0.03427922753931178,0.020292735176745413,0.7311888545736853,1.2607886193314863,-0.0005076038450114936,1.261296223176498,0.0
289,5.78,idle,locomotion,0,1.2592441867129203,-0.05613091895837863,0.10975782009855682,-0.03429347828071231,0.02030583733660054,0.7311929462828154,1.2607924448349304,-0.0005076032822926187,1.261300048117223,0.0
290,5.8,idle,locomotion,0,1.2550129871823814,-0.05563327927384435,0.10975614574601174,-0.03430774690508439,0.020318910662242617,0.7311970529488597,1.2607962825438608,-0.0005076030068541931,1.261303885550715,0.0
291,5.82,idle,locomotion,0,1.251599376818938,-0.05506239002812405,0.10975582224914314,-0.03432203590021528,0.02033195536868911,0.7312011656120707,1.2608001210590878,-0.0005076025925698363,1.2613077236516577,0.0
292,5.84,idle,locomotion,0,1.248975453427296,-0.05448031618481851,0.10975579673796496,-0.03433634231229461,0.020344970122261496,0.7312052959268136,1.2608039758293483,-0.0005076024366534905,1.2613115782660018,0.0
293,5.86,idle,locomotion,0,1.2471028470471293,-0.05391739733353886,0.1097554984500032,-0.03435065736610859,0.020357963272175376,0.7312094420710521,1.2608078458592706,-0.0005076022387832217,1.261315448098054,0.0
294,5.88,idle,locomotion,0,1.2459327778187963,-0.053390447847649056,0.10975472673556064,-0.0343649718650589,0.020370937339332706,0.7312136124411139,1.2608117448760996,-0.0005076019788188418,1.2613193468549184,0.0
295,5.9,idle,locomotion,0,1.2454939037975246,-0.052892922741008076,0.10975346640292061,-0.03437929489534276,0.020383886603770555,0.7312177993368467,1.2608156592521167,-0.0005076010891709275,1.2613232603412876,0.0
296,5.92,idle,locomotion,0,1.2458248908241876,-0.05241320158011145,0.10975155579269125,-0.03439362647907051,0.020396813653149104,0.7312219965435132,1.2608195840184115,-0.0005076005056016582,1.2613271845240133,0.0
297,5.94,idle,locomotion,0,1.2468760062673991,-0.05195576502942341,0.10974894273466562,-0.034407956528426695,0.020409729388349934,0.7312262204916214,1.2608235416979527,-0.000507600378376414,1.2613311420763291,0.0
298,5.96,idle,locomotion,0,1.248567670384928,-0.051535979378509164,0.10974646522091941,-0.034422287816254095,0.02042262561535863,0.7312304542482343,1.2608275104297104,-0.0005075993050079504,1.2613351097347183,0.0
299,5.98,idle,locomotion,0,1.2507974558151174,-0.051168413923202774,0.10974372031385632,-0.034436625945202734,0.020435498204367217,0.7312346999151862,1.2608314918653327,-0.0005075985393444872,1.2613390904046773,0.0
300,6.0,idle,locomotion,0,1.2534462667980948,-0.05085793485283507,0.10974044267805165,-0.03445096316184332,0.020448357284634074,0.7312389683147618,1.2608354994134865,-0.0005075980327810571,1.2613430974462676,0.0
301,6.02,idle,locomotion,0,1.2563956691956308,-0.05060445434809903,0.10973691250838619,-0.03446528917385561,0.020461211684778165,0.7312432486866179,1.260839525719872,-0.0005075970860554946,1.2613471228059274,0.0
302,6.04,idle,locomotion,0,1.2595305175765243,-0.05040415809792064,0.10973340195098676,-0.03447960870323797,0.020474057693432926,0.7312475387539992,1.2608435651846475,-0.0005075958168115451,1.261351161001459,0.0
303,6.06,idle,locomotion,0,1.2627596615392873,-0.05024020164313938,0.10973009612989275,-0.03449392056805134,0.020486900436731608,0.7312518245244892,1.2608476052775144,-0.0005075946429677035,1.2613551999204822,0.0
304,6.08,idle,locomotion,0,1.266016392056148,-0.05008718487818543,0.10973009617354329,-0.03450823436027049,0.02049973070949467,0.7312561187646627,1.2608516556563645,-0.0005075935376498732,1.2613592491940144,0.0
305,6.1,idle,locomotion,0,1.269272189874803,-0.04993412537434941,0.10973160481896994,-0.03452255671730752,0.020512544592314202,0.7312604184767482,1.2608557093849047,-0.0005076449125396912,1.2613633542974443,0.0
306,6.12,idle,locomotion,0,1.2725278715135095,-0.04978106007461354,0.10973263606466759,-0.03453690500350351,0.020525324962999646,0.7312647287843834,1.260859765415062,-0.0005077095026644815,1.2613674749177264,0.0
307,6.14,idle,locomotion,0,1.275783541519566,-0.049627993857899136,0.10973314139265918,-0.03455127752082732,0.02053807182140916,0.7312690617876637,1.26086383780396,-0.0005077750108179735,1.261371612814778,0.0
308,6.16,idle,locomotion,0,1.2790392117148213,-0.04947492744192316,0.10973335041528652,-0.03456566624480309,0.020550789960468094,0.7312734210125847,1.2608679330098218,-0.0005078408061649393,1.2613757738159868,0.0
309,6.18,idle,locomotion,0,1.2822948826385243,-0.04932186096694229,0.10973342645520072,-0.03458007005964941,0.02056347650943622,0.7312777960495367,1.2608720402983677,-0.0005079063594687037,1.2613799466578364,0.0
310,6.2,idle,locomotion,0,1.2855505539129672,-0.049168794472251746,0.1097334507818803,-0.03459448139871365,0.02057613584907747,0.7312821813833389,1.2608761583268109,-0.0005079722234890595,1.2613841305503,0.0
311,6.22,idle,locomotion,0,1.288806225314908,-0.049015727971148074,0.10973345734953671,-0.03460889350074471,0.020588776454006773,0.7312865801488343,1.260880294591178,-0.0005080386806019625,1.26138833327178,0.0
312,6.24,idle,locomotion,0,1.2920618967555288,-0.048862661468171364,0.10973345861937259,-0.03462330617369696,0.020601399527788906,0.7312909951933438,1.260884449523971,-0.0005081048274057885,1.2613925543513769,0.0
313,6.26,idle,locomotion,0,1.29531756820545,-0.04870959496475033,0.10973345861782786,-0.03463771961790478,0.02061400759849022,0.7312954135131324,1.2608886110245918,-0.0005081705172530065,1.2613967815418448,0.0
314,6.28,idle,locomotion,0,1.298573239656573,-0.04855652846127189,0.10973345844847507,-0.034652151121667925,0.020626584793304977,0.7312998397953122,1.2608927784754216,-0.0005082361839924346,1.2614010146594141,0.0
315,6.3,idle,locomotion,0,1.3018289111072818,-0.04840346195781282,0.10973345833279946,-0.03466660001263544,0.020639141455276556,0.7313042764999568,1.2608969561504586,-0.0005083028621968091,1.2614052590126554,0.0
316,6.32,idle,locomotion,0,1.3050845825575466,-0.04825039545437459,0.10973345827609293,-0.03468106375490413,0.020651676078761404,0.7313087278702786,1.2609011460564328,-0.0005083693856006537,1.2614095154420335,0.0
317,6.34,idle,locomotion,0,1.3083402540075622,-0.04809732895094806,0.10973345825262217,-0.03469553395912076,0.02066419127647982,0.7313131991036762,1.26090535740928,-0.0005084363779295775,1.2614137937872094,0.0
318,6.36,idle,locomotion,0,1.3115959254574665,-0.047944262447526774,0.10973345824407768,-0.03471000360844233,0.02067669095351414,0.7313176911278797,1.260909591954488,-0.000508503209126529,1.2614180951636145,0.0
319,6.38,idle,locomotion,0,1.3148515969073273,-0.0477911959441075,0.1097334582413417,-0.03472447310134875,0.020689174458858615,0.7313222032522112,1.2609138497960526,-0.0005085700334577087,1.2614224198295103,0.0
320,6.4,idle,locomotion,0,1.3181072683571733,-0.047638129440688896,0.10973345824060209,-0.03473894249321827,0.020701646188999362,0.7313267262381273,1.260918119940706,-0.0005086366151375171,1.2614267565558435,0.0
321,6.42,idle,locomotion,0,1.3213629398070177,-0.04748506293727061,0.10973345824045863,-0.034753419649268674,0.02071410046074375,0.7313312598508442,1.2609224006581237,-0.0005087032321842086,1.2614311038903079,0.0
322,6.44,idle,locomotion,0,1.324618611256862,-0.04733199643385232,0.10973345824045844,-0.03476791112029839,0.0207265332957381,0.7313358006899157,1.2609266862957056,-0.000508769846022418,1.261435456141728,0.0
323,6.46,idle,locomotion,0,1.3278742827067065,-0.04717892993043404,0.10973345824047737,-0.03478241509245173,0.020738947317629673,0.7313403504046303,1.2609309800228263,-0.0005088369115711366,1.2614398169343974,0.0
324,6.48,idle,locomotion,0,1.3311299541565509,-0.04702586342701575,0.10973345824049033,-0.034796928816354045,0.02075134215232655,0.7313449069105983,1.2609352800449056,-0.0005089039742544633,1.2614441840191601,0.0
325,6.5,idle,locomotion,0,1.3343856256063953,-0.046872796923597464,0.1097334582404967,-0.03481145375883727,0.02076371458299913,0.7313494699041896,1.26093958598657,-0.0005089711310972203,1.2614485571176672,0.0
326,6.52,idle,locomotion,0,1.3376412970562397,-0.04671973042017918,0.10973345824049932,-0.03482598887553171,0.020776068662775603,0.7313540391727189,1.2609438986415984,-0.0005090384023069133,1.2614529370439054,0.0
327,6.54,idle,locomotion,0,1.340896968506084,-0.04656666391676089,0.10973345824050025,-0.034840536845458236,0.02078840185776683,0.7313586161343291,1.2609482177469316,-0.0005091055843328175,1.2614573233312645,0.0
328,6.56,idle,locomotion,0,1.3441526399559285,-0.046413597413342604,0.10973345824050053,-0.03485509918607539,0.020800709920487246,0.7313632112372604,1.2609525528642112,-0.0005091730114733205,1.2614617258756844,0.0
329,6.58,idle,locomotion,0,1.3474083114057729,-0.04626053090992432,0.10973345824050053,-0.03486967063920936,0.02081299878708174,0.7313678267523019,1.2609569079695313,-0.0005092408309294236,1.2614661488004608,0.0
330,6.6,idle,locomotion,0,1.3506639828556173,-0.04610746440650603,0.10973345824050053,-0.03488424644655522,0.020825271335780816,0.7313724692109072,1.260961292486268,-0.0005093088323481175,1.261470601318616,0.0
331,6.62,idle,locomotion,0,1.3539196543054617,-0.045954397903087744,0.10973345824050053,-0.03489882406128036,0.020837529707108816,0.7313771258075809,1.2609656934898226,-0.000509376514656653,1.2614750700044792,0.0
332,6.64,idle,locomotion,0,1.357175325755306,-0.04580133139966946,0.10973345824050053,-0.03491340392113366,0.020849771512013556,0.7313817939189016,1.2609701075235085,-0.0005094443763909023,1.2614795518998994,0.0
333,6.66,idle,locomotion,0,1.3604309972051505,-0.04564826489625117,0.10973345824050053,-0.03492798775174465,0.020862007438636213,0.7313864757445645,1.2609745385937505,-0.0005095120784088594,1.2614840506721594,0.0
334,6.68,idle,locomotion,0,1.3636866686549949,-0.045495198392832885,0.10973345824050053,-0.03494257719365821,0.020874222806162225,0.7313911553350866,1.2609789677733672,-0.0005095799134486288,1.2614885476868158,0.0
335,6.7,idle,locomotion,0,1.3669423401048393,-0.0453421318894146,0.10973345824050053,-0.03495718009978854,0.020886416022548232,0.7313958510847215,1.2609834117719554,-0.0005096477492302909,1.2614930595211857,0.0
336,6.72,idle,locomotion,0,1.3701980115546837,-0.04518906538599631,0.10973345824050053,-0.03497179591143164,0.020898600069312386,0.731400567053459,1.260987874313884,-0.0005097161454554848,1.2614975904593395,0.0
337,6.74,idle,locomotion,0,1.373453683004528,-0.045035998882578025,0.10973345824050053,-0.03498642222237322,0.020910778141149916,0.731405305875809,1.2609923582726879,-0.0005097857782361097,1.261502144050924,0.0
338,6.76,idle,locomotion,0,1.3767093544543725,-0.04488293237915974,0.10973345824050053,-0.03500105735866519,0.020922952084264146,0.731410061699508,1.2609968579982342,-0.0005098561656802676,1.2615067141639145,0.0
339,6.78,idle,locomotion,0,1.3799650259042169,-0.04472986587574145,0.10973345824050053,-0.035015697499584775,0.020935121915091424,0.7314148329649118,1.2610013720726263,-0.000509926967797239,1.2615112990404236,0.0
340,6.8,idle,locomotion,0,1.3832206973540613,-0.044576799372323166,0.10973345824050053,-0.03503033799632702,0.02094729020166399,0.7314196200662626,1.261005901991532,-0.000509997963952475,1.2615158999554845,0.0
341,6.82,idle,locomotion,0,1.3864763688039057,-0.04442373286890488,0.10973345824050053,-0.03504497199714156,0.020959459166764526,0.7314244217640122,1.261010448628494,-0.0005100690575764837,1.2615205176860707,0.0
342,6.84,idle,locomotion,0,1.38973204025375,-0.04427066636548659,0.10973345824050053,-0.03505959865169606,0.020971628386765147,0.7314292329309486,1.2610150073268531,-0.0005101399780465012,1.2615251473048996,0.0
343,6.86,idle,locomotion,0,1.3929877117035945,-0.044117599862068306,0.10973345824050053,-0.03507421783053079,0.02098379731028818,0.7314340586270363,1.2610195813024143,-0.0005102110504336919,1.261529792352848,0.0
344,6.88,idle,locomotion,0,1.3962433831534389,-0.04396453335865002,0.10973345824050053,-0.03508882750754054,0.020995968172639923,0.7314388979673245,1.261024170473583,-0.0005102820582894747,1.2615344525318724,0.0
345,6.9,idle,locomotion,0,1.3992922678884638,-0.043821189003144315,0.10973345824050053,-0.035103426914804385,0.021008140295616696,0.7314437527244808,1.2610287751238238,-0.0005103532493943574,1.2615391283732182,0.0
346,6.92,idle,locomotion,0,1.4018697815317287,-0.04370000797538786,0.10973345824050053,-0.03511801286370964,0.02102031640722253,0.7314486236793036,1.261033396869442,-0.0005104243988178526,1.26154382126826,0.0
347,6.94,idle,locomotion,0,1.4038758836141363,-0.04360570491101218,0.10973345824050053,-0.03513258235316891,0.02103249653307873,0.7314535088269754,1.2610380342422365,-0.0005104955416297338,1.2615485297838662,0.0
348,6.96,idle,locomotion,0,1.4055748921548346,-0.04352585113359557,0.10973345824050053,-0.03514713304031736,0.021044681185351462,0.7314584140436318,1.2610426930049063,-0.0005105667688689759,1.2615532597737753,0.0
349,6.98,idle,locomotion,0,1.4072678716792713,-0.04344628101408164,0.10973345824050053,-0.03516166281629173,0.021056870744508734,0.7314633412426755,1.2610473753023181,-0.0005106379006468847,1.2615580132029651,0.0
350,7.0,idle,locomotion,0,1.4089600671196933,-0.043366747784769635,0.10973345824050053,-0.035176172048709084,0.02106906355786178,0.7314682904376958,1.261052079986563,-0.0005107089484852369,1.2615627889350483,0.0
351,7.02,idle,locomotion,0,1.4106521605886297,-0.04328721935309235,0.10973345824050053,-0.035190660056398135,0.021081262635165972,0.7314732536408798,1.2610567994372655,-0.0005107800149395658,1.261567579452205,0.0
352,7.04,idle,locomotion,0,1.4123442407959979,-0.04320769154535575,0.10973345824050053,-0.0352051249533414,0.021093467050050867,0.7314782288076923,1.2610615316845497,-0.0005108511509789478,1.2615723828355287,0.0
353,7.06,idle,locomotion,0,1.4140363192786758,-0.043128163818763735,0.10973345824050053,-0.03521956614965559,0.021105674365846965,0.7314832217491638,1.261066282018774,-0.0005109223683841049,1.261577204387158,0.0
354,7.08,idle,locomotion,0,1.4157283975370551,-0.04304863610272474,0.10973345824050053,-0.035233983836732756,0.021117884649845948,0.7314882302018958,1.261071047940299,-0.0005109935363141263,1.261582041476613,0.0
355,7.1,idle,locomotion,0,1.4174204757662634,-0.04296910838805815,0.10973345824050053,-0.03524837740237328,0.02113009673867235,0.7314932508192099,1.2610758260821229,-0.0005110647386702069,1.261586890820793,0.0
356,7.12,idle,locomotion,0,1.4191125539916787,-0.04288958067357005,0.10973345824050053,-0.03526274442177642,0.021142309421419102,0.7314982851281714,1.2610806186665604,-0.0005111359520803202,1.2615917546186408,0.0
357,7.14,idle,locomotion,0,1.4208046322166008,-0.042810052959105165,0.10973345824050053,-0.03527708318635082,0.0211545207966789,0.7315033352777934,1.2610854285663669,-0.0005112071034261249,1.261596635669793,0.0
358,7.16,idle,locomotion,0,1.4224967104414579,-0.0427305252446433,0.10973345824050053,-0.03529139566303745,0.021166729793382445,0.7315084027772442,1.2610902562258677,-0.0005112783890815278,1.2616015346149492,0.0
359,7.18,idle,locomotion,0,1.4241887886663087,-0.04265099753018187,0.10973345824050053,-0.03530568110329615,0.021178937265287093,0.7315134884791631,1.2610951023537469,-0.0005113497689132607,1.2616064521226602,0.0
360,7.2,idle,locomotion,0,1.4258808668911596,-0.04257146981572052,0.10973345824050053,-0.0353199377735687,0.02119114298846515,0.7315185887616164,1.2610999644918812,-0.0005114210931596933,1.2616113855850408,0.0
361,7.22,idle,locomotion,0,1.4275729451160104,-0.04249194210125917,0.10973345824050053,-0.035334167517424735,0.02120334295313457,0.7315237063577384,1.2611048439932633,-0.0005114924696324047,1.2616163364628956,0.0
362,7.24,idle,locomotion,0,1.4292650233408613,-0.042412414386797825,0.10973345824050053,-0.03534837113523371,0.02121553543517313,0.7315288459190141,1.2611097446538457,-0.0005115639609140563,1.2616213086147599,0.0
363,7.26,idle,locomotion,0,1.430957101565712,-0.04233288667233648,0.10973345824050053,-0.03536254589181298,0.021227719705259187,0.7315340131628748,1.2611146723021285,-0.0005116356329871834,1.2616263079351158,0.0
364,7.28,idle,locomotion,0,1.432649179790563,-0.04225335895787513,0.10973345824050053,-0.035376689757215106,0.021239895509665617,0.7315392023810252,1.2611196227610277,-0.0005117072123622356,1.26163132997339,0.0
365,7.3,idle,locomotion,0,1.4343412580154138,-0.042173831243413784,0.10973345824050053,-0.035390803743039004,0.021252059570797368,0.7315444054462513,1.2611245875078878,-0.0005117787260137154,1.2616363662339016,0.0
366,7.32,idle,locomotion,0,1.4360333362402646,-0.04209430352895244,0.10973345824050053,-0.035404888897886656,0.021264210301133468,0.7315496226960011,1.2611295664116324,-0.0005118503335598996,1.2616414167451924,0.0
367,7.34,idle,locomotion,0,1.4377254144651155,-0.04201477581449109,0.10973345824050053,-0.0354189450678015,0.021276346738684605,0.7315548547823179,1.261134560246808,-0.0005119220572469239,1.261646482304055,0.0
368,7.36,idle,locomotion,0,1.4394174926899663,-0.04193524810002974,0.10973345824050053,-0.035432973282076306,0.021288468912523832,0.7315600982918541,1.26113956566765,-0.0005119942606015733,1.2616515599282516,0.0
369,7.38,idle,locomotion,0,1.4411095709148172,-0.041855720385568396,0.10973345824050053,-0.0354469734628738,0.02130057464508413,0.7315653576728522,1.2611445865041784,-0.0005120671689029521,1.2616566536730813,0.0
370,7.4,idle,locomotion,0,1.442801649139668,-0.04177619267110705,0.10973345824050053,-0.035460943085055346,0.021312663031372435,0.7315706347885356,1.2611496260849302,-0.0005121403150158792,1.261661766399946,0.0
371,7.42,idle,locomotion,0,1.4444937273645189,-0.0416966649566457,0.10973345824050053,-0.0354748822740984,0.021324732534567528,0.7315759251696567,1.261154680499224,-0.0005122135375612326,1.2616668940367852,0.0
372,7.44,idle,locomotion,0,1.4461858055893697,-0.041617137242184354,0.10973345824050053,-0.03548879342857097,0.021336780033818788,0.7315812347122869,1.2611597540402322,-0.0005122869263904581,1.2616720409666227,0.0
373,7.46,idle,locomotion,0,1.4478778838142206,-0.04153760952772301,0.10973345824050053,-0.03550267737709902,0.021348807459048474,0.7315865629744995,1.2611648463391245,-0.0005123604516210287,1.2616772067907456,0.0
374,7.48,idle,locomotion,0,1.4495699620390714,-0.04145808181326166,0.10973345824050053,-0.03551653377125642,0.021360812936821846,0.7315919074109071,1.2611699548446977,-0.0005124340057526336,1.2616823888504505,0.0
375,7.5,idle,locomotion,0,1.4512620402639222,-0.04137855409880031,0.10973345824050053,-0.03553036141089573,0.02137279340742096,0.7315972728507398,1.2611750844846559,-0.00051250767763086,1.2616875921622868,0.0
376,7.52,idle,locomotion,0,1.452954118488773,-0.041299026384338966,0.10973345824050053,-0.035544159017214035,0.021384750231545912,0.7316026579776821,1.2611802349583703,-0.0005125814902889325,1.2616928164486592,0.0
377,7.54,idle,locomotion,0,1.454646196713624,-0.04121949866987762,0.10973345824050053,-0.03555792816989839,0.021396682342710048,0.731608054686098,1.261185398422024,-0.0005126551644069749,1.261698053586431,0.0
378,7.56,idle,locomotion,0,1.4563382749384748,-0.04113997095541627,0.10973345824050053,-0.03557167011408163,0.021408589702009945,0.7316134572814508,1.2611905693417962,-0.0005127289848750431,1.2617032983266712,0.0
379,7.58,idle,locomotion,0,1.4580303531633256,-0.041060443240954925,0.10973345824050053,-0.035585386936596804,0.021420471381696775,0.7316188695042635,1.2611957506967724,-0.0005128030128399193,1.2617085537096122,0.0
380,7.6,idle,locomotion,0,1.4597224313881765,-0.04098091552649358,0.10973345824050053,-0.035599080259450244,0.02143232540134978,0.7316243004021747,1.2612009503587405,-0.0005128771682437402,1.2617138275269841,0.0
381,7.62,idle,locomotion,0,1.4614145096130273,-0.04090138781203223,0.10973345824050053,-0.03561275043436548,0.021444150903778682,0.7316297528794058,1.261206171001489,-0.0005129517100867648,1.2617191227115758,0.0
382,7.64,idle,locomotion,0,1.4631065878378782,-0.04082186009757088,0.10973345824050053,-0.03562639739501788,0.021455948240488108,0.73163522222067,1.2612114084101793,-0.0005130279076318231,1.261724436317811,0.0
383,7.66,idle,locomotion,0,1.464798666062729,-0.040742332383109536,0.10973345824050053,-0.03564002116892486,0.02146771312731471,0.7316407068785566,1.2612166611553195,-0.000513105365355461,1.261729766520675,0.0
384,7.68,idle,locomotion,0,1.4664907442875799,-0.04066280466864819,0.10973345824050053,-0.035653622000546656,0.021479444024186844,0.7316462092045553,1.2612219314737834,-0.000513183389296519,1.26173511486308,0.0
385,7.7,idle,locomotion,0,1.4681828225124307,-0.04058327695418684,0.10973345824050053,-0.03566719796240716,0.02149114238436517,0.7316517279980532,1.2612272194803946,-0.0005132617313780737,1.2617404812117727,0.0
386,7.72,idle,locomotion,0,1.4698749007372816,-0.040503749239725495,0.10973345824050053,-0.035680751613674434,0.021502809881653807,0.7316572566246479,1.2612325184384154,-0.0005133401340011723,1.2617458585724166,0.0
387,7.74,idle,locomotion,0,1.4714595051882189,-0.04042927279504474,0.10973345824050053,-0.035694284899974615,0.02151444517874259,0.7316627972057267,1.2612378292775128,-0.0005134187120364626,1.2617512479895492,0.0
388,7.76,idle,locomotion,0,1.4727991227274058,-0.04036631072393195,0.10973345824050053,-0.035707799199736795,0.021526047821180738,0.7316683534533884,1.2612431552097372,-0.0005134973710282688,1.2617566525807655,0.0
389,7.78,idle,locomotion,0,1.4738417587942207,-0.040317306658429954,0.10973345824050053,-0.035721295490187134,0.02153761967303853,0.7316739228991718,1.2612484933214245,-0.0005135761933693223,1.2617620695147937,0.0
390,7.8,idle,locomotion,0,1.474724788092191,-0.040275804001364705,0.10973345824050053,-0.03573477103655609,0.021549159573321423,0.7316795060439568,1.2612538452305628,-0.0005136551364044936,1.2617675003669673,0.0
391,7.82,idle,locomotion,0,1.475604683909519,-0.04023444861591669,0.10973345824050053,-0.03574822315171271,0.021560665045896085,0.7316851064726183,1.2612592157850844,-0.0005137341487644644,1.2617729499338488,0.0
392,7.84,idle,locomotion,0,1.4764841722122581,-0.04019311238339777,0.10973345824050053,-0.03576165206838033,0.02157213805651767,0.7316907196242203,1.2612646013784812,-0.0005138131829955546,1.2617784145614768,0.0
393,7.86,idle,locomotion,0,1.477363607517018,-0.04015177864175049,0.10973345824050053,-0.035775061781324766,0.021583576134820488,0.7316963418400385,1.2612699969949401,-0.0005138922579008137,1.261783889252841,0.0
394,7.88,idle,locomotion,0,1.4782430359292988,-0.040110445224045395,0.10973345824050053,-0.03578845767640457,0.021594981343241865,0.7317019724124407,1.2612753997582684,-0.0005139714933961037,1.2617893712516646,0.0
395,7.9,idle,locomotion,0,1.4791224634452005,-0.04006911184846952,0.10973345824050053,-0.03580183965053243,0.02160635396551916,0.7317076219080697,1.2612808186250415,-0.0005140511394677201,1.2617948697645092,0.0
396,7.92,idle,locomotion,0,1.480001890844527,-0.04002777847837264,0.10973345824050053,-0.03581520276831404,0.021617694622299132,0.7317132978963571,1.261286262898913,-0.0005141309334749516,1.2618003938323878,0.0
397,7.94,idle,locomotion,0,1.4808813182286924,-0.039986445108988314,0.10973345824050053,-0.035828544016599115,0.02162900427690612,0.7317189939709506,1.2612917279456572,-0.0005142107602915356,1.2618059387059488,0.0
398,7.96,idle,locomotion,0,1.4817607456108868,-0.03994511173969666,0.10973345824050053,-0.03584186354575102,0.021640281294673946,0.7317247002950201,1.261297204999035,-0.0005142905100843226,1.2618114955091193,0.0
399,7.98,idle,locomotion,0,1.482640172992824,-0.039903778370417045,0.10973345824050053,-0.03585516342294698,0.021651524050386943,0.7317304150666848,1.2613026917522587,-0.0005143703157724985,1.2618170620680311,0.0
400,8.0,idle,locomotion,0,1.4835196003747289,-0.039862445001139,0.10973345824050053,-0.035868446919006744,0.021662734967269767,0.7317361407484564,1.261308189617321,-0.0005144502302529066,1.261822639847574,0.0
401,8.02,idle,locomotion,0,1.4843990277566323,-0.039821111631861195,0.10973345824050053,-0.0358817166791545,0.021673917238596328,0.7317418747912771,1.261313695392122,-0.0005145303658664994,1.2618282257579885,0.0
402,8.04,idle,locomotion,0,1.4852784551385358,-0.03977977826258339,0.10973345824050053,-0.03589497486486747,0.021685069537066167,0.7317476168570223,1.261319207775929,-0.0005146105524765909,1.2618338183284057,0.0
403,8.06,idle,locomotion,0,1.4861578825204393,-0.03973844489330558,0.10973345824050053,-0.0359082204659156,0.021696192102461796,0.7317533676969996,1.261324728211897,-0.0005146907712029677,1.2618394189831,0.0
404,8.08,idle,locomotion,0,1.4870373099023428,-0.03969711152402777,0.10973345824050053,-0.035921451414887035,0.02170728351108179,0.7317591279327853,1.2613302585377704,-0.0005147711283344202,1.2618450296661048,0.0
405,8.1,idle,locomotion,0,1.4879167372842463,-0.039655778154749965,0.10973345824050053,-0.03593466919860982,0.021718345784241627,0.7317648980839554,1.261335798985978,-0.0005148516352899528,1.2618506506212679,0.0
406,8.12,idle,locomotion,0,1.4887961646661498,-0.03961444478547216,0.10973345824050053,-0.03594787354935837,0.021729380158863325,0.7317706827285344,1.2613413539168097,-0.0005149322888439861,1.2618562862056537,0.0
407,8.14,idle,locomotion,0,1.4896755920480533,-0.03957311141619435,0.10973345824050053,-0.03596106658176065,0.021740387219574334,0.7317764807512416,1.2613469219783566,-0.000515012886519034,1.2618619348648756,0.0
408,8.16,idle,locomotion,0,1.4905550194299568,-0.039531778046916544,0.10973345824050053,-0.03597424891686557,0.02175136929372957,0.7317822934970417,1.2613525036667776,-0.0005150937370808559,1.2618675974038585,0.0
409,8.18,idle,locomotion,0,1.4914344468118603,-0.039490444677638736,0.10973345824050053,-0.03598741931074471,0.021762322781441426,0.7317881271322448,1.2613581054173655,-0.0005151745571923445,1.2618732799745578,0.0
410,8.2,idle,locomotion,0,1.4923138741937638,-0.03944911130836093,0.10973345824050053,-0.03600057562070103,0.02177324986548823,0.7317939807832751,1.2613637273256142,-0.0005152554620983345,1.2618789827877126,0.0
411,8.22,idle,locomotion,0,1.4931933015756673,-0.03940777793908312,0.10973345824050053,-0.03601371560063296,0.021784147222432843,0.7317998488607524,1.261369365460287,-0.0005153363789063871,1.2618847018391934,0.0
412,8.24,idle,locomotion,0,1.494016871386549,-0.03936906989357552,0.10973345824050053,-0.036026843660475406,0.021795016454417677,0.7318057263882886,1.261375013676762,-0.0005154173599865274,1.2618904310367487,0.0
413,8.26,idle,locomotion,0,1.4947195563505946,-0.0393571589632706,0.10973345824050053,-0.03603996309412884,0.021805860696096552,0.7318116133125748,1.2613806703835377,-0.0005154986237963059,1.261896169007334,0.0
414,8.28,idle,locomotion,0,1.4952796954897793,-0.03939063716151783,0.10973345824050053,-0.036053072855371945,0.0218166783933173,0.7318175146380149,1.2613863407622212,-0.0005155798952488876,1.2619019206574702,0.0
415,8.3,idle,locomotion,0,1.4956800264730223,-0.039463228022507194,0.10973345824050053,-0.03606617299309013,0.021827469551376374,0.7318234254322732,1.2613920208856397,-0.0005156611800579414,1.2619076820656976,0.0
416,8.32,idle,locomotion,0,1.495996922016872,-0.03955366887587252,0.10973345824050053,-0.036079265413494266,0.021838233331174604,0.7318293468486896,1.261397710670545,-0.0005157426293815187,1.2619134532999265,0.0
417,8.34,idle,locomotion,0,1.4963121665469428,-0.03964447497369897,0.10973345824050053,-0.03609235067421835,0.02184897202380084,0.7318352825243332,1.2614034136225176,-0.0005158241780455798,1.2619192378005633,0.0
418,8.36,idle,locomotion,0,1.496627196359809,-0.039735328572200676,0.10973345824050053,-0.036105428618518724,0.02185968459796177,0.7318412314998081,1.26140912878782,-0.0005159057980333968,1.2619250345858533,0.0
419,8.38,idle,locomotion,0,1.4969421982483306,-0.03982618834824755,0.10973345824050053,-0.03611849789225141,0.021870370191366194,0.7318471925670199,1.2614148558483196,-0.0005159874552881499,1.2619308433036078,0.0
420,8.4,idle,locomotion,0,1.4972571965052437,-0.039917048927694876,0.10973345824050053,-0.036131556115609365,0.021881026782643045,0.7318531668678763,1.2614205970850676,-0.0005160692686922222,1.26193666635376,0.0
421,8.42,idle,locomotion,0,1.4975721942898592,-0.040007909611625835,0.10973345824050053,-0.03614459682031488,0.021891660112430354,0.7318591436643284,1.2614263431238497,-0.0005161221074678896,1.2619424652313176,0.0
422,8.44,idle,locomotion,0,1.4978871920130516,-0.04009877030914505,0.10973345824050053,-0.03615761994487159,0.021902276521860508,0.7318651260284048,1.261432095476161,-0.0005161724892447754,1.261948267965406,0.0
423,8.46,idle,locomotion,0,1.4982021897282565,-0.04018963100843146,0.10973345824050053,-0.0361706254211129,0.021912874365099158,0.731871119667154,1.2614378581499754,-0.0005162205718856998,1.261954078721861,0.0
424,8.48,idle,locomotion,0,1.4985171874424226,-0.04028049170794769,0.10973345824050053,-0.036183613488626414,0.021923452019864408,0.7318771280501346,1.2614436336947492,-0.0005162717237170537,1.2619599054184663,0.0
425,8.5,idle,locomotion,0,1.4988321851564532,-0.040371352407493816,0.10973345824050053,-0.03619657954097108,0.021934014296979523,0.7318831562925292,1.2614494263950806,-0.0005163187633651367,1.2619657451584458,0.0
426,8.52,idle,locomotion,0,1.4991471828704652,-0.040462213107043815,0.10973345824050053,-0.03620951707342446,0.021944557405667166,0.7318892096683088,1.2614552438471924,-0.000516370184329349,1.2619716140315218,0.0
427,8.54,idle,locomotion,0,1.4994621805844757,-0.04055307380659436,0.10973345824050053,-0.0362224213241881,0.02195508527902302,0.7318952887774051,1.2614610873737175,-0.0005164189677653239,1.2619775063414829,0.0
428,8.56,idle,locomotion,0,1.4997771782984861,-0.04064393450614497,0.10973345824050053,-0.03623529359602966,0.021965600303407325,0.7319013877135482,1.2614669504915932,-0.0005164674394091684,1.2619834179310023,0.0
429,8.58,idle,locomotion,0,1.5000921760124966,-0.04073479520569558,0.10973345824050053,-0.03624813456610614,0.021976103893195646,0.7319075043776238,1.2614728297462274,-0.0005165185329882825,1.2619893482792157,0.0
430,8.6,idle,locomotion,0,1.500407173726507,-0.04082565590524619,0.10973345824050053,-0.03626094337274715,0.021986597324685858,0.731913635370688,1.2614787222384345,-0.0005165650641747212,1.2619952873026092,0.0
431,8.62,idle,locomotion,0,1.5007221714405174,-0.0409165166047968,0.10973345824050053,-0.036273720718514604,0.021997080470079176,0.7319197825663306,1.261484628843524,-0.0005166139027859874,1.2620012427463099,0.0
432,8.64,idle,locomotion,0,1.501037169154528,-0.04100737730434741,0.10973345824050053,-0.03628646613239168,0.022007551986189578,0.7319259465843904,1.2614905508067693,-0.0005166653066343112,1.2620072161134037,0.0
433,8.66,idle,locomotion,0,1.5013521668685383,-0.04109823800389802,0.10973345824050053,-0.036299177908438666,0.02201800839657141,0.7319321232038952,1.2614964843499006,-0.0005167122859436254,1.262013196635844,0.0
434,8.68,idle,locomotion,0,1.5016671645825488,-0.04118909870344863,0.10973345824050053,-0.036311855241047415,0.022028447884111343,0.731938316049031,1.2615024326795523,-0.0005167627893091845,1.2620191954688615,0.0
435,8.7,idle,locomotion,0,1.5019621549513904,-0.04127418830912338,0.10973345824050053,-0.036324503701508956,0.022038864360192065,0.7319445351254703,1.2615084036641426,-0.0005168307996139855,1.2620252344637566,0.0
436,8.72,idle,locomotion,0,1.502211538493933,-0.04134612268407755,0.10973345824050053,-0.03633712683019151,0.02204924874191767,0.7319507846151713,1.2615144010047832,-0.0005169128560687658,1.2620313138608519,0.0
437,8.74,idle,locomotion,0,1.5024056358874214,-0.04140210985122556,0.10973345824050053,-0.036349722835722416,0.022059598481419553,0.7319570608699596,1.2615204229839405,-0.0005169997458706506,1.2620374227298112,0.0
438,8.76,idle,locomotion,0,1.5025390385401758,-0.04144058973801597,0.10973345824050053,-0.0363622933210073,0.022069916707833346,0.7319633622345236,1.2615264681570237,-0.0005170881612364467,1.2620435563182602,0.0
439,8.78,idle,locomotion,0,1.502641033539534,-0.04147001015695792,0.10973345824050053,-0.036374841831755045,0.02208020113483071,0.7319696796343296,1.2615325278564606,-0.0005171769989739949,1.2620497048554347,0.0
440,8.8,idle,locomotion,0,1.502742405732102,-0.04149925092862387,0.10973345824050053,-0.03638737035094158,0.022090448544015484,0.7319760065767608,1.2615385960990078,-0.0005172660998334216,1.2620558621988411,0.0
441,8.82,idle,locomotion,0,1.5028436969275676,-0.04152846833685017,0.10973345824050053,-0.03639988057939208,0.02210065574598488,0.7319823395312681,1.2615446706267632,-0.0005173553118358251,1.262062025938599,0.0
442,8.84,idle,locomotion,0,1.5029449775892194,-0.04155768270662066,0.10973345824050053,-0.036412376528420644,0.022110820836335567,0.7319886700885778,1.261550743589616,-0.0005174445620169388,1.262068188151633,0.0
443,8.86,idle,locomotion,0,1.5030462568809302,-0.041586896681234706,0.10973345824050053,-0.036424865256279214,0.022120947374628202,0.7319950014001307,1.2615568157901182,-0.0005175339879237364,1.262074349778042,0.0
444,8.88,idle,locomotion,0,1.5031475359944784,-0.04161611060445795,0.10973345824050053,-0.03643734916858258,0.022131034834306253,0.7320013411338018,1.2615628942006176,-0.0005176238742639547,1.2620805180748815,0.0
445,8.9,idle,locomotion,0,1.503248815084856,-0.041645324520997756,0.10973345824050053,-0.036449825537853184,0.022141075803120816,0.7320076894965073,1.2615689814572026,-0.0005177139573764901,1.262086695414579,0.0
446,8.92,idle,locomotion,0,1.5033500941722204,-0.041674538436668365,0.10973345824050053,-0.03646229324917207,0.02215106905604831,0.7320140509093079,1.26157508323199,-0.0005178042012109058,1.262092887433201,0.0
447,8.94,idle,locomotion,0,1.5034513732591925,-0.04170375235222594,0.10973345824050053,-0.03647475423131152,0.02216101750584972,0.7320204299405296,1.261581203989594,-0.000517894649454051,1.262099098639048,0.0
448,8.96,idle,locomotion,0,1.5035526523461138,-0.041732966267768803,0.10973345824050053,-0.0364872131370111,0.022170921884622684,0.7320268218939705,1.2615873380643507,-0.000517985067003738,1.2621053231313546,0.0
449,8.98,idle,locomotion,0,1.5036539314330264,-0.041762180183309766,0.10973345824050053,-0.036499672619457225,0.02218078009923832,0.7320332243876552,1.261593482099265,-0.0005180757359806963,1.2621115578352455,0.0
450,9.0,idle,locomotion,0,1.503755210519939,-0.04179139409885048,0.10973345824050053,-0.03651213377198272,0.022190592440975127,0.7320396400018292,1.261599638377961,-0.0005181665367026099,1.2621178049146637,0.0
451,9.02,idle,locomotion,0,1.5038564896068516,-0.04182060801439104,0.10973345824050053,-0.03652459636258494,0.022200357946311144,0.73204607177708,1.2616058098602259,-0.0005182577188784405,1.2621240675791043,0.0
452,9.04,idle,locomotion,0,1.5039577686937642,-0.0418498219299316,0.10973345824050053,-0.036537060404954684,0.022210076237931586,0.7320525160943737,1.2616119935965988,-0.0005183489852135827,1.2621303425818124,0.0
453,9.06,idle,locomotion,0,1.5040590477806768,-0.04187903584547216,0.10973345824050053,-0.036549526312592624,0.022219743877203605,0.7320589650198503,1.261618182257431,-0.0005184403616168322,1.2621366226190478,0.0
454,9.08,idle,locomotion,0,1.5041603268675894,-0.04190824976101272,0.10973345824050053,-0.03656199486308848,0.022229361659832077,0.7320654158703276,1.2616243738288193,-0.0005185317366574946,1.2621429055654767,0.0
455,9.1,idle,locomotion,0,1.504261605954502,-0.04193746367655328,0.10973345824050053,-0.036574469021384975,0.02223893566423264,0.7320718780381261,1.2616305757621855,-0.0005186234144821424,1.2621491991766676,0.0
456,9.12,idle,locomotion,0,1.5043628850414146,-0.04196667759209384,0.10973345824050053,-0.036586948321564075,0.02224846688916335,0.7320783591514352,1.2616367953377645,-0.0005187153634019608,1.2621555107011664,0.0
457,9.14,idle,locomotion,0,1.5044641641283272,-0.0419958915076344,0.10973345824050053,-0.036599430580405774,0.022257951675946193,0.7320848567874437,1.2616430311789129,-0.000518807543183078,1.2621618387220959,0.0
458,9.16,idle,locomotion,0,1.5045654432152398,-0.04202510542317496,0.10973345824050053,-0.03661191384712249,0.02226738807504677,0.7320913697553079,1.2616492831995636,-0.0005189004176502331,1.2621681836172138,0.0
459,9.18,idle,locomotion,0,1.5046667223021524,-0.04205431933871552,0.10973345824050053,-0.03662439937289517,0.02227677916329389,0.7320978992072653,1.261655552287106,-0.0005189942702079238,1.262174546557314,0.0
460,9.2,idle,locomotion,0,1.504768001389065,-0.04208353325425608,0.10973345824050053,-0.03663688802377438,0.02228612514675834,0.7321044439821496,1.2616618369992134,-0.0005190886069298024,1.2621809256061431,0.0
461,9.22,idle,locomotion,0,1.5048692804759776,-0.04211274716979664,0.10973345824050053,-0.03664938236671275,0.022295427206373654,0.7321109993441102,1.2616681319063594,-0.0005191830308404616,1.2621873149371998,0.0
462,9.24,idle,locomotion,0,1.5049705595628902,-0.0421419610853372,0.10973345824050053,-0.03666188565563102,0.022304686651531843,0.7321175632722057,1.2616744332403138,-0.000519277704998114,1.2621937109453119,0.0
463,9.26,idle,locomotion,0,1.5050718386498028,-0.04217117500087776,0.10973345824050053,-0.03667439592749476,0.02231390090952278,0.7321241431908397,1.2616807486218478,-0.0005193731965697918,1.2622001218184176,0.0
464,9.28,idle,locomotion,0,1.5051731177367154,-0.04220038891641832,0.10973345824050053,-0.036686910402413626,0.022323067208712386,0.7321307391188754,1.2616870799210653,-0.0005194698472259056,1.2622065497682913,0.0
465,9.3,idle,locomotion,0,1.505274396823628,-0.04222960283195888,0.10973345824050053,-0.03669942901378296,0.022332186174188057,0.7321373442430715,1.261693421104611,-0.0005195671772059811,1.262212988281817,0.0
466,9.32,idle,locomotion,0,1.5053756759105406,-0.04225881674749944,0.10973345824050053,-0.03671195400334636,0.02234126051819336,0.7321439565508091,1.2616997696319172,-0.0005196648190462852,1.2622194344509634,0.0
467,9.34,idle,locomotion,0,1.5054769549974532,-0.04228803066304,0.10973345824050053,-0.036724487596425666,0.022350291922522858,0.7321505762372559,1.2617061247589276,-0.0005197627485472589,1.262225887507475,0.0
468,9.36,idle,locomotion,0,1.5055782340843658,-0.04231724457858056,0.10973345824050053,-0.03673702957456503,0.02235927987660032,0.7321572040063223,1.2617124872268146,-0.0005198609740517772,1.2622323482008664,0.0
469,9.38,idle,locomotion,0,1.5056795131712783,-0.04234645849412112,0.10973345824050053,-0.03674958119226879,0.02236822440709802,0.7321638369633775,1.2617188541388278,-0.0005199591397014695,1.2622388132785292,0.0
470,9.4,idle,locomotion,0,1.505780792258191,-0.04237567240966168,0.10973345824050053,-0.03676214463824862,0.022377125734606238,0.7321704720390461,1.261725221761525,-0.0005200574446217951,1.2622452792061467,0.0
471,9.42,idle,locomotion,0,1.5058820713451035,-0.04240488632520224,0.10973345824050053,-0.03677470105609114,0.022386020068592305,0.732177088287839,1.261731573002319,-0.0005201101284831068,1.2622516831308022,0.0
472,9.44,idle,locomotion,0,1.5059833504320161,-0.0424341002407428,0.10973345824050053,-0.03678725136279145,0.02239491648559796,0.7321837011737558,1.261737921383935,-0.0005201575676323511,1.2622580789515674,0.0
473,9.46,idle,locomotion,0,1.5060846295189287,-0.04246331415628336,0.10973345824050053,-0.03679979346810499,0.022403815003629625,0.7321903289442706,1.2617442828422358,-0.0005202030292275894,1.2622644858714633,0.0
474,9.48,idle,locomotion,0,1.5061859086058413,-0.04249252807182392,0.10973345824050053,-0.03681232185887438,0.02241271616709455,0.7321969910156126,1.261750676739925,-0.0005202525499283378,1.2622709292898533,0.0
475,9.5,idle,locomotion,0,1.506287187692754,-0.042521741987364484,0.10973345824050053,-0.03682483192090563,0.022421629992639247,0.7322036898301253,1.2617571040842421,-0.0005202991950347124,1.2622774032792767,0.0
476,9.52,idle,locomotion,0,1.5063884667796665,-0.042550955902905044,0.10973345824050053,-0.0368373212898378,0.022430565224726196,0.7322104233108834,1.2617635634201885,-0.0005203436625180469,1.2622839070827065,0.0
477,9.54,idle,locomotion,0,1.5064897458665791,-0.042580169818445604,0.10973345824050053,-0.03684978768247224,0.022439521164369935,0.7322171929383118,1.2617700547682948,-0.0005203921404863983,1.2622904469087812,0.0
478,9.56,idle,locomotion,0,1.5065910249534917,-0.042609383733986164,0.10973345824050053,-0.03686223027966815,0.022448501523976736,0.7322239793006821,1.261776561763373,-0.0005204388306963292,1.2622970005940692,0.0
479,9.58,idle,locomotion,0,1.5066923040404043,-0.042638597649526724,0.10973345824050053,-0.03687465271302916,0.022457508324518316,0.7322307743179236,1.2617830752149042,-0.0005204815050375983,1.2623035567199419,0.0
480,9.6,idle,locomotion,0,1.506793583127317,-0.042667811565067285,0.10973345824050053,-0.03688705835709263,0.022466532004470217,0.7322375965753228,1.2617896106880806,-0.0005205296657190342,1.2623101403537997,0.0
481,9.62,idle,locomotion,0,1.5068948622142295,-0.042697025480607845,0.10973345824050053,-0.036899442768424655,0.022475577116816164,0.7322444447906682,1.261796169168881,-0.0005205756110783638,1.2623167447799595,0.0
482,9.64,idle,locomotion,0,1.5069961413011421,-0.042726239396148405,0.10973345824050053,-0.036911806442510985,0.02248464075378885,0.7322513187088743,1.2618027488783037,-0.0005206213539375969,1.2623233702322412,0.0
483,9.66,idle,locomotion,0,1.5070974203880547,-0.042755453311688965,0.10973345824050053,-0.0369241486288486,0.022493707200707074,0.7322582133164933,1.2618093451392705,-0.0005206657286937477,1.2623300108679643,0.0
484,9.68,idle,locomotion,0,1.5071986994749673,-0.042784667227229525,0.10973345824050053,-0.03693647917669853,0.022502762020308823,0.7322651244950104,1.261815953000826,-0.0005207103735769894,1.2623366633744029,0.0
485,9.7,idle,locomotion,0,1.50729997856188,-0.042813881142770085,0.10973345824050053,-0.03694880338814209,0.022511803323125426,0.732272044544947,1.2618225666267733,-0.0005207542222691632,1.2623433208490424,0.0
486,9.72,idle,locomotion,0,1.507399637643605,-0.04284176360536094,0.10973351927939062,-0.036961120581886955,0.022520820837313663,0.732278987251977,1.261829198835311,-0.0005207985577357216,1.2623499973930468,0.0
487,9.74,idle,locomotion,0,1.5074959085871638,-0.042869221386463374,0.10973360207940368,-0.03697342892005734,0.02252980734487193,0.7322859738916733,1.2618358724333252,-0.0005208446516765664,1.2623567170850016,0.0
488,9.76,idle,locomotion,0,1.507588427139855,-0.042898550591105665,0.10973366330170437,-0.036985726451767,0.022538755991873227,0.7322930117272455,1.261842595506209,-0.000520888402064764,1.2623634839082736,0.0
489,9.78,idle,locomotion,0,1.5076135712166223,-0.04293342612691545,0.10973225647762913,-0.036998015807973156,0.02254765651245337,0.7323000960237349,1.2618493640713822,-0.0005209355958490404,1.2623702996672312,0.0
490,9.8,idle,locomotion,0,1.5073318790261916,-0.042970983967258326,0.10972330447719938,-0.03701029466386579,0.022556508632042765,0.732307229903065,1.2618561791811123,-0.000520984035074841,1.262377163216187,0.0
491,9.82,idle,locomotion,0,1.5063732669637966,-0.043016322211261705,0.10974517247518237,-0.03702256050508556,0.022565306124645905,0.732314413740328,1.2618630415728895,-0.000521030791788616,1.2623840723646782,0.0
492,9.84,idle,locomotion,0,1.504496959200345,-0.043108542379385544,0.10988525450723506,-0.03703482512400094,0.022574021690264744,0.7323216530257362,1.2618699543868452,-0.0005211043888337097,1.262391058775679,0.0
493,9.86,idle,locomotion,0,1.5016080357072852,-0.043299560005423884,0.10996123638313408,-0.037047095895936785,0.022582622453496307,0.7323289507595631,1.2618769214037593,-0.0005212061695862615,1.2623981275733456,0.0
494,9.88,idle,locomotion,0,1.4978032205030736,-0.04356353951276948,0.10998805767942472,-0.037059375581365316,0.022591094052451195,0.7323362884093692,1.2618839279755094,-0.0005213215654374,1.2624052495409468,0.0
495,9.9,idle,locomotion,0,1.4931993746535217,-0.043877374107605685,0.10999674268135032,-0.037071671669753586,0.022599429532965988,0.7323436453238928,1.261890954274889,-0.000521443074528366,1.2624123973494175,0.0
496,9.92,idle,locomotion,0,1.4879033749009178,-0.04419816393794568,0.11000217701816091,-0.037083991036010254,0.022607619340496325,0.7323510104297036,1.2618979896297706,-0.0005215672848292302,1.2624195569146,0.0
497,9.94,idle,locomotion,0,1.4820177171381488,-0.044451401947767255,0.10999779755100209,-0.03709633981610476,0.022615657110873835,0.7323583809233655,1.2619050310094742,-0.0005216925932381954,1.2624267236027122,0.0
498,9.96,idle,locomotion,0,1.4756233103179772,-0.044536335795647274,0.10999493856483704,-0.03710872307270405,0.022623531442518923,0.7323657535579633,1.2619120757038955,-0.0005218186400389006,1.2624338943439344,0.0
499,9.98,idle,locomotion,0,1.4687949342034246,-0.04437471987498618,0.10999817823878791,-0.03712114551303086,0.02263123655933107,0.7323731218586409,1.2619191182651115,-0.0005219456673851847,1.2624410639324968,0.0
500,10.0,idle,locomotion,0,1.4615809272534637,-0.04389883268974903,0.10998937566763271,-0.03713360878285951,0.022638766353833006,0.7323804841030763,1.2619261568575195,-0.0005221124647044363,1.2624482693222239,0.0
501,10.02,idle,locomotion,0,1.4540650723557544,-0.04307426182520863,0.11000194074276802,-0.037146113532367665,0.022646121903708565,0.7323878452708805,1.2619331973392793,-0.0005223461347135042,1.2624555434739928,0.0
502,10.04,idle,locomotion,0,1.4462021174667392,-0.041925289362531364,0.10999133194679218,-0.03715866191028616,0.02265329596154453,0.7323952069858515,1.2619402416480248,-0.0005225809472213308,1.2624628225952461,0.0
503,10.06,idle,locomotion,0,1.437958091233052,-0.040442446806036265,0.10999675471003735,-0.03717125909461873,0.022660293446209217,0.7324025790061888,1.2619472970975063,-0.0005228166382954674,1.2624701137358019,0.0
504,10.08,idle,locomotion,0,1.4293401952552212,-0.03862323429155859,0.10999398900396581,-0.03718390580493202,0.022667111232487883,0.7324099619090993,1.2619543650823457,-0.000523053466727718,1.2624774185490735,0.0
505,10.1,idle,locomotion,0,1.4203630537010707,-0.03648402274048607,0.10999786161022988,-0.0371965999406337,0.02267374557141119,0.7324173592807232,1.2619614498800218,-0.0005232913865833577,1.2624847412666051,0.0
506,10.12,idle,locomotion,0,1.4110556603806055,-0.034063791428497706,0.10999730142191308,-0.03720934154097549,0.022680197881467568,0.7324247670430335,1.2619685492701023,-0.0005235304689958954,1.2624920797390982,0.0
507,10.14,idle,locomotion,0,1.4014814285327581,-0.03136872877654576,0.1099945209693165,-0.03722213133748839,0.022686474049288703,0.7324321813753791,1.2619756584473834,-0.0005237705539916371,1.262499429001375,0.0
508,10.16,idle,locomotion,0,1.39170412675739,-0.028449172964436713,0.10999444795142203,-0.03723496722250088,0.02269257688836235,0.7324396103219544,1.2619827856754318,-0.0005240113809069427,1.2625067970563386,0.0
509,10.18,idle,locomotion,0,1.3817867247485052,-0.025414738627981756,0.10999391489856727,-0.037247850460266574,0.02269851861516372,0.7324470501644009,1.2619899279742657,-0.0005242580038391127,1.2625141859781048,0.0
510,10.2,idle,locomotion,0,1.371778822620845,-0.022381827404007862,0.10998688439475127,-0.03726078654919119,0.02270429407641146,0.7324544902396666,1.261997072521271,-0.0005245108847609474,1.262521583406032,0.0
511,10.22,idle,locomotion,0,1.361718066252107,-0.019421138547706364,0.11000129916032762,-0.03727377784202365,0.022709917550754223,0.7324619311307834,1.2620042186022056,-0.0005247645795904941,1.262528983181796,0.0
512,10.24,idle,locomotion,0,1.3515943594032345,-0.01660747266029793,0.10995045115268806,-0.037286822178189356,0.022715394222689516,0.7324693711213767,1.2620113643474995,-0.000525018819054205,1.2625363831665537,0.0
513,10.26,idle,locomotion,0,1.3414579201011283,-0.014088193606028697,0.10996241489798253,-0.037299900554085094,0.022720744751852533,0.7324767992910022,1.2620185031186193,-0.0005252247845873997,1.2625437279032068,0.0
514,10.28,idle,locomotion,0,1.3313042505905388,-0.012031933523978458,0.10996116703520571,-0.037313009653222075,0.02272598207586359,0.732484225530301,1.2620256444184799,-0.0005254135845042147,1.2625510580029842,0.0
515,10.3,idle,locomotion,0,1.3211264561556897,-0.010548570016446428,0.10994644402426143,-0.03732615201814263,0.022731110711805287,0.7324916595659791,1.262032794544393,-0.000525600826901066,1.262558395371294,0.0
516,10.32,idle,locomotion,0,1.310916666558001,-0.009681333221276808,0.10991039751447032,-0.03733932115461366,0.022736148681994466,0.7324991169306746,1.2620399664289288,-0.0005257930747709881,1.2625657595036999,0.0
517,10.34,idle,locomotion,0,1.3006820716329393,-0.009425052809489019,0.10985208189276954,-0.03735250477421692,0.022741113986441137,0.7325066052630926,1.2620471687347383,-0.0005259871384950578,1.2625731558732334,0.0
518,10.36,idle,locomotion,0,1.2904376435302263,-0.009768833953325548,0.10979990254603891,-0.03736569275878657,0.02274601738102304,0.7325141224290277,1.2620543981310797,-0.000526180932252273,1.262580579063332,0.0
519,10.38,idle,locomotion,0,1.2802103571291181,-0.01070550793850866,0.10976269044426636,-0.03737887623386985,0.022750868077488415,0.7325216555740833,1.2620616422577315,-0.0005263755248693554,1.262588017782601,0.0
520,10.4,idle,locomotion,0,1.27003672884942,-0.012226687368987953,0.10974802246909261,-0.03739204985162096,0.022755678072801606,0.7325291945022295,1.262068889559096,-0.0005265727155663244,1.2625954622746622,0.0
521,10.42,idle,locomotion,0,1.2599669893126704,-0.014317658374848333,0.10974875970954441,-0.037405206292458075,0.022760460133386833,0.7325367376550687,1.2620761372950535,-0.0005267649796292968,1.2626029022746827,0.0
522,10.44,idle,locomotion,0,1.2500540630823116,-0.01692695202055212,0.10975069270611224,-0.03741834288889406,0.022765221372864044,0.7325442859847582,1.2620833867635843,-0.0005269674778620205,1.2626103542414464,0.0
523,10.46,idle,locomotion,0,1.2403537293566578,-0.019991205388635278,0.10974562443283545,-0.037431464520492265,0.022769963283498198,0.732551844644156,1.26209064058333,-0.0005271984530848539,1.262617839036415,0.0
524,10.48,idle,locomotion,0,1.2316059449155445,-0.023255535969512745,0.10974105408558417,-0.037444583258493834,0.02277468148649457,0.7325594228833305,1.2620979056317327,-0.0005274730499102986,1.262625378681643,0.0
525,10.5,idle,locomotion,0,1.224229160432639,-0.026509366134968168,0.10972850078230695,-0.03745770232735792,0.022779377108325418,0.7325670103869608,1.2621051723376198,-0.0005277716582095839,1.2626329439958293,0.0
526,10.52,idle,locomotion,0,1.2178630320972175,-0.029641769151845132,0.10972251304346824,-0.03747082153788446,0.02278405418754969,0.7325746005982795,1.2621124352940416,-0.0005280810837561996,1.2626405163777978,0.0
527,10.54,idle,locomotion,0,1.212345165648354,-0.032541440528185,0.10972583947512063,-0.03748394024397021,0.022788714892234413,0.7325821937287423,1.262119696001157,-0.0005283949681224448,1.2626480909692794,0.0
528,10.56,idle,locomotion,0,1.2076213810482048,-0.035230162120197375,0.10974359024354131,-0.03749705983856767,0.022793361231543498,0.7325897878047041,1.2621269529720618,-0.0005287105969754118,1.2626556635690371,0.0
529,10.58,idle,locomotion,0,1.2036624632253146,-0.03776642558678473,0.10976843196686376,-0.03751018118905122,0.022797992600080943,0.7325973807848644,1.2621342046042876,-0.0005290269891305051,1.262663231593418,0.0
530,10.6,idle,locomotion,0,1.2004474994992709,-0.040229597629765676,0.1097916433778953,-0.03752330553098155,0.022802608626509863,0.732604972389306,1.26214145104889,-0.0005293435312567069,1.2626707945801467,0.0
531,10.62,idle,locomotion,0,1.1979445457485658,-0.0426690461563849,0.10980958523653783,-0.037536433555491,0.02280720746031036,0.7326125692511803,1.26214869867358,-0.0005296610396991995,1.2626783597132791,0.0
532,10.64,idle,locomotion,0,1.1961471978949638,-0.04511144166494584,0.10982009889948757,-0.03754956603721989,0.022811786470572092,0.7326201738243864,1.2621559512214675,-0.0005299860051983483,1.2626859372266659,0.0
533,10.66,idle,locomotion,0,1.1950793267843538,-0.047584539858692806,0.10982268725882446,-0.03756270273505468,0.022816343590670814,0.732627795595625,1.2621632176765194,-0.0005303243835726688,1.262693542060092,0.0
534,10.68,idle,locomotion,0,1.194751537100177,-0.05009585190572703,0.10981822677448058,-0.03757584104841851,0.022820876459623437,0.7326354439670141,1.2621705082164048,-0.0005306650309067594,1.2627011732473115,0.0
535,10.7,idle,locomotion,0,1.1951486002152645,-0.0526105425399796,0.10980906068605482,-0.037588979086814044,0.022825381968180538,0.7326431207364725,1.262177824598013,-0.0005310071021913873,1.2627088317002044,0.0
536,10.72,idle,locomotion,0,1.1962418117572862,-0.055087684948969,0.10979607249189183,-0.037602113398915366,0.022829856583983697,0.7326508220992058,1.262185164545887,-0.0005313501524048907,1.262716514698292,0.0
537,10.74,idle,locomotion,0,1.1979990763547288,-0.057506954641783084,0.10978039863984812,-0.037615242823207024,0.02283429765430344,0.7326585419805309,1.2621925228116302,-0.0005316936758073404,1.2627242164874375,0.0
538,10.76,idle,locomotion,0,1.2003644820587864,-0.05984679369243386,0.1097638505713592,-0.03762836895240693,0.022838703891875325,0.7326662768466119,1.2621998952347535,-0.0005320377022428671,1.2627319329369964,0.0
539,10.78,idle,locomotion,0,1.2032621584257372,-0.062087645871734744,0.10975119719834585,-0.0376414896101742,0.02284307298168233,0.7326740342399729,1.2622072891783063,-0.0005323824285828581,1.262739671606889,0.0
540,10.8,idle,locomotion,0,1.2066028655390284,-0.06421463564033261,0.10974592817375436,-0.03765460281246901,0.022847403323109652,0.732681821123033,1.2622147121650635,-0.0005327275874419564,1.2627474397525056,0.0
541,10.82,idle,locomotion,0,1.2102908811340853,-0.06621912830740298,0.10974558151709231,-0.03766771007410942,0.022851693321240617,0.7326896285298816,1.2622221550566788,-0.0005330733872013355,1.26275522844388,0.0
542,10.84,idle,locomotion,0,1.2142297249887326,-0.06809867089349703,0.10974764244246958,-0.03768081017561669,0.02285594178954987,0.732697453963792,1.2622296154400843,-0.0005334197046728377,1.2627630351447572,0.0
543,10.86,idle,locomotion,0,1.2183266718025594,-0.06985607488337883,0.10975066757570377,-0.037693902384757914,0.02286014774761709,0.7327053004211032,1.2622370965365541,-0.0005337665887710716,1.2627708631253252,0.0
544,10.88,idle,locomotion,0,1.2224959644304396,-0.07149823086901787,0.10975396343482909,-0.037706985693172004,0.022864310402810818,0.7327131712591166,1.262244601469525,-0.0005341143403924178,1.2627787158099175,0.0
545,10.9,idle,locomotion,0,1.226651321440878,-0.07304408071396137,0.10975721647014666,-0.037720061431406715,0.022868427821850272,0.7327210655445023,1.262252128817242,-0.0005344626003800299,1.262786591417622,0.0
546,10.92,idle,locomotion,0,1.2304625261740096,-0.07466835236982698,0.10975804579898156,-0.037733130699581056,0.022872497741336855,0.7327289813312993,1.2622596756111157,-0.0005348114424623233,1.262794487053578,0.0
547,10.94,idle,locomotion,0,1.2335730270963638,-0.07633003368418989,0.10975374587876004,-0.03774619236226843,0.02287651808553675,0.7327369205364027,1.2622672438107876,-0.0005351609118049681,1.2628024047225925,0.0
548,10.96,idle,locomotion,0,1.2358722405606872,-0.07788299486449965,0.10974645936945715,-0.03775924454224793,0.022880486865535177,0.7327448840273983,1.2622748348656396,-0.0005355110941407878,1.2628103459597804,0.0
549,10.98,idle,locomotion,0,1.2373222947858529,-0.079400602089058,0.109740370894849,-0.03777228487520456,0.022884402500645374,0.7327528745087296,1.2622824522430758,-0.0005358619941646867,1.2628183142372404,0.0
550,11.0,idle,locomotion,0,1.237956932695826,-0.08091698773329746,0.10973546857274764,-0.037785312234328065,0.022888263445522042,0.7327608887825995,1.2622900938429475,-0.0005362135389502705,1.2628263073818977,0.0
551,11.02,idle,locomotion,0,1.2378348906857544,-0.08245069456902976,0.1097313897023392,-0.037798329626617416,0.022892071153562465,0.7327689241907422,1.2622977554323427,-0.0005365656488427878,1.2628343210811854,0.0
552,11.04,idle,locomotion,0,1.2369963182056487,-0.08401979168787688,0.1097278914152078,-0.03781134010844371,0.022895825832311808,0.7327769805649962,1.2623054349096086,-0.0005369183945604164,1.262842353304169,0.0
553,11.06,idle,locomotion,0,1.2354617317854741,-0.08564003500240722,0.10972233260788611,-0.037824341828455746,0.02289952640050085,0.7327850609286936,1.2623131350774892,-0.0005372718412096252,1.2628504069186988,0.0
554,11.08,idle,locomotion,0,1.23325926369209,-0.08731920521112403,0.10971551935339541,-0.03783733067621093,0.02290317058124416,0.7327931692629371,1.262320861045319,-0.0005376259979716289,1.2628584870432906,0.0
555,11.1,idle,locomotion,0,1.2304101864437627,-0.08906209184827919,0.10970827968734242,-0.037850302540052116,0.02290675683460612,0.7328013067529439,1.2623286154291253,-0.0005379810046745037,1.2628665964338,0.0
556,11.12,idle,locomotion,0,1.2269528434457284,-0.09086368777166114,0.10970078023716064,-0.03786325790239398,0.022910285652199054,0.7328094730816873,1.2623363975167596,-0.0005383364641412154,1.2628747339809008,0.0
557,11.14,idle,locomotion,0,1.2229447679533947,-0.09271627038723411,0.10969313467146025,-0.03787619663204597,0.022913756231965135,0.7328176659225876,1.262344204711891,-0.0005386925368220004,1.262882897248713,0.0
558,11.16,idle,locomotion,0,1.2184390207105338,-0.09461528536308061,0.10968550726417949,-0.037889118012581664,0.022917167386951143,0.7328258777419108,1.2623520304227438,-0.0005390491306618769,1.2628910795534056,0.0
559,11.18,idle,locomotion,0,1.2135017593964423,-0.09655052215488075,0.10967865233402657,-0.03790202257623741,0.022920518972212492,0.7328341032419745,1.2623598694710587,-0.0005394062529235355,1.2628992757239823,0.0
560,11.2,idle,locomotion,0,1.2082050180266004,-0.09850901902393698,0.10967260074952052,-0.0379149104469596,0.02292381130143243,0.7328423446558462,1.2623677241616162,-0.0005397640661658938,1.2629074882277822,0.0
561,11.22,idle,locomotion,0,1.2026269783464674,-0.10047524356633634,0.10966700277727211,-0.03792778277676773,0.022927045228184072,0.7328506027120416,1.262375595116042,-0.0005401224764640319,1.262915717592506,0.0
562,11.24,idle,locomotion,0,1.1968510777065995,-0.10243151856781686,0.10966167477761464,-0.03794063904396274,0.022930222209931544,0.7328588776175446,1.2623834837665124,-0.0005404815599996046,1.262923965326512,0.0
563,11.26,idle,locomotion,0,1.190964648146259,-0.10435858525672566,0.10965659343468272,-0.03795344205224561,0.022933361907255395,0.7328671498892405,1.2623913705272245,-0.0005405780814961188,1.2629319486087207,0.0
564,11.28,idle,locomotion,0,1.1850569433088507,-0.10623629176663621,0.10965181320071742,-0.0379662111154615,0.022936445884007187,0.7328754643194981,1.2623993000252356,-0.0005407111990186654,1.2629400112242544,0.0
565,11.3,idle,locomotion,0,1.1792166578744054,-0.10804435816221618,0.10964740888810945,-0.0379789318828107,0.022939463893320966,0.7328838227077107,1.262407271991204,-0.0005408127172213499,1.2629480847084253,0.0
566,11.32,idle,locomotion,0,1.1735291377366053,-0.10976316016273562,0.10964344676381081,-0.037991598875496094,0.022942425862538897,0.7328922331055872,1.262415297185649,-0.0005409337938608039,1.26295623097951,0.0
567,11.34,idle,locomotion,0,1.1680735330290957,-0.11137448181723093,0.10963997254904921,-0.03800420839465061,0.02294536289270869,0.7329006796651583,1.2624233611532776,-0.0005410572263560287,1.2629644183796336,0.0
568,11.36,idle,locomotion,0,1.1629201640125153,-0.11286220339823158,0.10963700807084331,-0.03801675995974894,0.022948303836881314,0.7329091679130347,1.2624314662477332,-0.0005411893814019145,1.2629726556291352,0.0
569,11.38,idle,locomotion,0,1.158128346833508,-0.1142129025793932,0.10963455239913711,-0.038029243139799454,0.02295129602284943,0.7329176943991645,1.2624396108341438,-0.0005413168497720687,1.262980927683916,0.0
570,11.4,idle,locomotion,0,1.1537448645952932,-0.1154163471796447,0.10963258542753872,-0.03804166537325939,0.022954378142458362,0.7329262695922786,1.2624478016060439,-0.0005414924408105211,1.2629892940468543,0.0
571,11.42,idle,locomotion,0,1.1498031813586613,-0.1164658499387322,0.10963107267084209,-0.03805400723487604,0.022957642949056334,0.7329348737095571,1.262456019908252,-0.0005416620426896557,1.2629976819509416,0.0
572,11.44,idle,locomotion,0,1.1463234020317363,-0.11735845151301647,0.10962997036354746,-0.03806627475995288,0.022961117654083183,0.7329435236853573,1.2624642748079402,-0.0005418200530508469,1.2630060948609911,0.0
573,11.46,idle,locomotion,0,1.1433128993237305,-0.11809490676760048,0.10962923015839159,-0.03807846781931786,0.022964804472424376,0.732952210496809,1.2624725586381587,-0.0005419552145552835,1.263014513852714,0.0
574,11.48,idle,locomotion,0,1.1407674732533857,-0.11867947149832446,0.10962880296046938,-0.038090593663529834,0.022968701118046976,0.7329609100002724,1.2624808468808497,-0.0005420733003729805,1.2630229201812226,0.0
575,11.5,idle,locomotion,0,1.1386728829126243,-0.11911951339059072,0.10962864168138808,-0.038102668884159564,0.022972794271659165,0.7329696178138904,1.2624891324814655,-0.0005422078977407631,1.2630313403792064,0.0
576,11.52,idle,locomotion,0,1.1370065903060829,-0.11942499222658477,0.10962870291772348,-0.038114689711747175,0.02297709216609213,0.7329783373486504,1.2624974192527199,-0.0005423290124413581,1.2630397482651612,0.0
577,11.54,idle,locomotion,0,1.1357822355173581,-0.11958582121686649,0.10962763120678987,-0.03812666309103456,0.022981582153744903,0.7329871131872909,1.262505742249666,-0.0005424620327555835,1.2630482042824216,0.0
578,11.56,idle,locomotion,0,1.1350323905846025,-0.11958282396276522,0.1096260426470875,-0.03813857017675551,0.022986270187123906,0.7329959467033801,1.2625141104855184,-0.0005425800188649937,1.2630566905043834,0.0
579,11.58,idle,locomotion,0,1.1347320088429271,-0.11942516404417639,0.10962543969200093,-0.03815041213449846,0.02299114678792598,0.7330048177771363,1.2625225095424744,-0.0005427024445294679,1.2630652119870038,0.0
580,11.6,idle,locomotion,0,1.1348189381978906,-0.11913866144101898,0.10962589350190166,-0.0381621953937742,0.0229962050089082,0.7330137191884007,1.262530929016256,-0.0005428225716809024,1.2630737515879369,0.0
581,11.62,idle,locomotion,0,1.135232272343226,-0.11874859844883938,0.10962688802802839,-0.03817392499185571,0.02300143346466203,0.7330226599495364,1.2625393785271115,-0.0005429466988662486,1.2630823252259777,0.0
582,11.64,idle,locomotion,0,1.135913943024052,-0.11827878282115527,0.10962808860093813,-0.038185603463346963,0.023006819212429357,0.7330316389458058,1.262547858397176,-0.000543071536856149,1.2630909299340323,0.0
583,11.66,idle,locomotion,0,1.1368096855153211,-0.11775103542422907,0.10962934783610072,-0.03819723243274681,0.023012353977103918,0.7330406542333912,1.2625563674168172,-0.00054319014469301,1.2630995575615103,0.0
584,11.68,idle,locomotion,0,1.1378696820872722,-0.11718490678554158,0.10963060944957868,-0.038208814996821834,0.02301802605195593,0.7330497119743355,1.2625649119606401,-0.00054330706449119,1.2631082190251313,0.0
585,11.7,idle,locomotion,0,1.139048936524067,-0.11659755685904022,0.1096318494227972,-0.03822035552593839,0.02302381903649877,0.7330588270106246,1.2625735054858347,-0.0005434285107532681,1.263116933996588,0.0
586,11.72,idle,locomotion,0,1.1403074293085411,-0.11600375277283712,0.10963305280415504,-0.038231864890277516,0.02302970871227988,0.7330680003060207,1.262582151114074,-0.0005435760811925948,1.2631257271952665,0.0
587,11.74,idle,locomotion,0,1.1416101010696638,-0.11541594995191422,0.10963420723389475,-0.038243364279030315,0.023035651542145548,0.7330772446694744,1.2625908559873944,-0.0005437900839434864,1.263134646071338,0.0
588,11.76,idle,locomotion,0,1.142926707117558,-0.11484442947916922,0.10963530199267614,-0.03825489409012543,0.023041545030152023,0.7330865890098985,1.2625996460447955,-0.0005441463611942227,1.2631437924059896,0.0
589,11.78,idle,locomotion,0,1.1442315798493394,-0.11429747042674061,0.10963632822396921,-0.03826647358078295,0.023047326022679546,0.7330960247718551,1.2626085144266046,-0.000544616176336242,1.2631531306029409,0.0
590,11.8,idle,locomotion,0,1.1455033295127888,-0.11378154076571716,0.1096372791317623,-0.038278120412886654,0.023052952470126915,0.733105536001704,1.262617448496485,-0.0005451746580224723,1.2631626231545074,0.0
591,11.82,idle,locomotion,0,1.1467696524146167,-0.11327237388345349,0.10966751061756717,-0.03828984741883977,0.023058388073428113,0.7331150853807379,1.2626264154703863,-0.0005457908355996043,1.263172206305986,0.0
592,11.84,idle,locomotion,0,1.1480454490761511,-0.11275721194663757,0.10970165560175475,-0.03830166438381371,0.023063599727225874,0.7331246398841875,1.2626353852163428,-0.0005464408509686033,1.2631818260673113,0.0
593,11.86,idle,locomotion,0,1.1493225148612176,-0.11224125720477725,0.10972057021909119,-0.038313577417153716,0.023068554359116446,0.7331341760698208,1.2626443375924477,-0.0005471097439550786,1.2631914473364028,0.0
594,11.88,idle,locomotion,0,1.1505997701331248,-0.11172518960280856,0.1097288764033146,-0.03832558920006036,0.02307321916664487,0.7331436743420503,1.2626532570537712,-0.0005477885986049057,1.2632010456523761,0.0
595,11.9,idle,locomotion,0,1.1518770609853102,-0.11120910291036498,0.10973203399886552,-0.03833770269852164,0.023077566404642293,0.7331531246276576,1.2626621364213901,-0.0005484729604406241,1.2632106093818307,0.0
596,11.92,idle,locomotion,0,1.1531543606330437,-0.11069301205128858,0.10973309122103891,-0.038349920045455115,0.023081572518045587,0.733162528704321,1.2626709791369992,-0.0005491609120037745,1.263220140049003,0.0
597,11.94,idle,locomotion,0,1.154431662820691,-0.11017692008628042,0.10973339588498576,-0.038362241109972404,0.02308521685853456,0.7331718937965205,1.2626797942750076,-0.000549851701596625,1.2632296459766044,0.0
598,11.96,idle,locomotion,0,1.1557089657409005,-0.1096608278149192,0.10973346421656568,-0.038374666218084504,0.023088482628394493,0.7331812234906324,1.2626885868824336,-0.0005505453156039557,1.2632391321980376,0.0
599,11.98,idle,locomotion,0,1.1569862688465506,-0.10914473546728312,0.1097334705938615,-0.038387195554221376,0.02309135773624576,0.7331905247449169,1.262697364224184,-0.0005512539389977526,1.263248618163182,0.0
600,12.0,idle,locomotion,0,1.1582635719847043,-0.10862864310633892,0.10973346590132754,-0.03839981495654172,0.02309383812240578,0.7331997879206066,1.2627061218443332,-0.0005519370154529885,1.2632580588597861,0.0
601,12.02,idle,locomotion,0,1.1595408751208724,-0.10811255074617404,0.1097334618452245,-0.03841246772586341,0.023095972851093143,0.7332089565638586,1.2627148068853151,-0.0005524733242004212,1.2632672802095155,0.0
602,12.04,idle,locomotion,0,1.1608181782514204,-0.10759645838827722,0.10973345969173227,-0.03842515417112387,0.023097786187447737,0.7332180744037545,1.2627234579225524,-0.0005529472150639404,1.2632764051376164,0.0
603,12.06,idle,locomotion,0,1.1620954813783915,-0.10708036603182519,0.10973345875576505,-0.038437868276226646,0.023099289866285865,0.7332271899329165,1.2627321172644945,-0.0005533920189731423,1.2632855092834676,0.0
604,12.08,idle,locomotion,0,1.1633727845036612,-0.10656427367606076,0.10973345840073553,-0.03845059999259302,0.023100496566532427,0.7332363473677512,1.262740823317556,-0.0005538215148080984,1.2632946448323643,0.0
605,12.1,idle,locomotion,0,1.1646500876282402,-0.10604818132057521,0.10973345828185221,-0.03846333609901268,0.02310142514885065,0.7332455494850167,1.2627495838681906,-0.0005542518895852513,1.263303835757776,0.0
606,12.12,idle,locomotion,0,1.1659273907525725,-0.10553208896518934,0.10973345824755916,-0.038476068897641526,0.023102098242013164,0.7332547869525449,1.2627583890560659,-0.0005546812602458227,1.2633130703163116,0.0
607,12.14,idle,locomotion,0,1.1672046938768268,-0.10501599660983477,0.10973345823985,-0.038488805004158785,0.02310253913136598,0.7332640738495562,1.2627672430582846,-0.0005551185119716459,1.2633223615702562,0.0
608,12.16,idle,locomotion,0,1.1684819970010607,-0.10449990425448834,0.10973345823911992,-0.03850153957925632,0.023102773867110175,0.7332734097580335,1.2627761427814366,-0.0005555586040833123,1.2633317013855199,0.0
609,12.18,idle,locomotion,0,1.1697593001252904,-0.10398381189914344,0.10973345823964212,-0.038514294080708535,0.0231028040979252,0.7332828187967017,1.262785105648039,-0.0005560717789040472,1.2633411774269432,0.0
610,12.2,idle,locomotion,0,1.17103660324952,-0.1034677195437985,0.10973345824009617,-0.038527116679398364,0.02310259505360128,0.7332923275469908,1.2627941522617219,-0.0005567368460491738,1.263350889107771,0.0
611,12.22,idle,locomotion,0,1.1723139063737498,-0.10295162718845306,0.10973345824033767,-0.038540037023676504,0.023102119365248423,0.7333019004945981,1.262803248052245,-0.0005575322604041352,1.2633607803126492,0.0
612,12.24,idle,locomotion,0,1.1735100805140057,-0.10246831487382983,0.10973345824044281,-0.038553076729087005,0.023101357723118526,0.7333114823089342,1.2628123407344518,-0.0005584214234998566,1.2633707621579517,0.0
613,12.26,idle,locomotion,0,1.174521321049412,-0.10205972541295548,0.1097334582404827,-0.0385662573081747,0.023100293104269656,0.7333210227021153,1.262821382516146,-0.0005593740731937927,1.2633807565893398,0.0
614,12.28,idle,locomotion,0,1.1753083804094364,-0.10174172157207062,0.10973345824049606,-0.038579596307067913,0.02309890837705671,0.733330488822402,1.2628303425623113,-0.0005603691255169664,1.2633907116878282,0.0
615,12.3,idle,locomotion,0,1.1758493312318963,-0.10152317524129603,0.10973345824049988,-0.038593105589528075,0.02309719294579044,0.7333398641555856,1.2628392073150654,-0.0005613918500998495,1.2634005991651653,0.0
616,12.32,idle,locomotion,0,1.176262929798491,-0.10135609831231877,0.10973345824050076,-0.03860679498930499,0.02309513756834942,0.7333491386784792,1.2628479688654772,-0.0005624326772859373,1.2634104015427632,0.0
617,12.34,idle,locomotion,0,1.1766740029921368,-0.10119004199542321,0.10973345824050078,-0.03862066668994828,0.023092731821789104,0.7333583113278931,1.262856630049038,-0.0005634855901165553,1.2634201156391547,0.0
618,12.36,idle,locomotion,0,1.1770847477566535,-0.10102411841089792,0.10973345824050078,-0.038634718211787156,0.023089966783547404,0.7333673928531473,1.2628652060961976,-0.0005645472167220833,1.2634297533129197,0.0
619,12.38,idle,locomotion,0,1.1774954498083932,-0.10085821208844747,0.10973345824050078,-0.03864894500463931,0.02308683533384982,0.7333764052729932,1.2628737223314566,-0.0005656159874307953,1.2634393383188873,0.0
620,12.4,idle,locomotion,0,1.177906146305261,-0.10069230801095977,0.10973345824050078,-0.03866334108199626,0.023083333289133794,0.733385376854728,1.2628822090369158,-0.0005666912209923991,1.2634489002579081,0.0
621,12.42,idle,locomotion,0,1.1783168420797085,-0.10052640422543338,0.10973345824050078,-0.03867790015455303,0.023079457175856063,0.7333943303795154,1.2628906901585322,-0.0005677727364292035,1.2634584628949614,0.0
622,12.44,idle,locomotion,0,1.178727537760205,-0.10036050047787706,0.10973345824050078,-0.038692613820359975,0.023075203072417342,0.733403281232341,1.262899182455726,-0.0005688607449773411,1.2634680432007035,0.0
623,12.46,idle,locomotion,0,1.1791382334284817,-0.1001945967352588,0.10973345824050078,-0.03870747458332045,0.023070570130305144,0.7334122386275324,1.262907695745663,-0.000569954965638126,1.2634776507113012,0.0
624,12.48,idle,locomotion,0,1.1795489290951697,-0.10002869299328272,0.10973345824050078,-0.03872247695154129,0.02306555946633042,0.733421203871322,1.262916230876425,-0.0005710549672841951,1.2634872858437092,0.0
625,12.5,idle,locomotion,0,1.179959624761651,-0.09986278925139017,0.10973345824050078,-0.038737614565358,0.023060174794147736,0.7334301781808129,1.262924788246211,-0.0005721605033629611,1.263496948749574,0.0
626,12.52,idle,locomotion,0,1.180370320428105,-0.0996968855095085,0.10973345824050078,-0.03875287772459951,0.02305441983759787,0.7334391628165263,1.2629333699325802,-0.0005732715575312471,1.2635066414901115,0.0
627,12.54,idle,locomotion,0,1.180781016094558,-0.09953098176762828,0.10973345824050078,-0.03876825904531015,0.023048302449594896,0.7334481543943976,1.2629419729320204,-0.0005743875734525762,1.263516360505473,0.0
628,12.56,idle,locomotion,0,1.181191711761011,-0.09936507802574832,0.10973345824050078,-0.03878375303454318,0.023041832381112324,0.7334571540468953,1.2629505965029852,-0.0005755084991391629,1.2635261050021245,0.0
629,12.58,idle,locomotion,0,1.1816024074274638,-0.09919917428386835,0.10973345824050078,-0.03879935328288047,0.023035018532232217,0.7334661544520258,1.2629592334435165,-0.0005766340409149133,1.2635358674844315,0.0
630,12.6,idle,locomotion,0,1.1820131030939167,-0.09903327054198838,0.10973345824050078,-0.038815054711525514,0.023027872542193205,0.7334751493798047,1.2629678761898437,-0.0005777636456434539,1.2635456398354872,0.0
631,12.62,idle,locomotion,0,1.1824237987603696,-0.09886736680010841,0.10973345824050078,-0.038830851889241416,0.02302040806523852,0.7334841391063156,1.2629765238199435,-0.0005788969903228955,1.2635554208102664,0.0
632,12.64,idle,locomotion,0,1.1828344944268225,-0.09870146305822844,0.10973345824050078,-0.03884673954823795,0.023012638260850784,0.7334931207481609,1.2629851722030498,-0.0005800342152918192,1.2635652064183416,0.0
633,12.66,idle,locomotion,0,1.1832451900932754,-0.09853555931634847,0.10973345824050078,-0.03886271091320984,0.023004576820298807,0.7335020939191538,1.2629938202418491,-0.0005811747924648093,1.263574995034314,0.0
634,12.68,idle,locomotion,0,1.1836558857597284,-0.0983696555744685,0.10973345824050078,-0.038878759989259264,0.02299623844636554,0.7335110603973843,1.2630024687613217,-0.0005823183716127424,1.2635847871329344,0.0
635,12.7,idle,locomotion,0,1.1840665814261813,-0.09820375183258853,0.10973345824050078,-0.03889488074239022,0.022987638638576734,0.733520022115855,1.263011118342684,-0.0005834651438450592,1.263594583486529,0.0
636,12.72,idle,locomotion,0,1.1844772770926342,-0.09803784809070856,0.10973345824050078,-0.038911065423084625,0.02297879190329766,0.7335289814548118,1.2630197708953244,-0.0005846149418862225,1.2636043858372106,0.0
637,12.74,idle,locomotion,0,1.184887972759087,-0.0978719443488286,0.10973345824050078,-0.038927305244292706,0.022969712489483953,0.733537940709601,1.2630284289125,-0.0005857674629695282,1.2636141963754695,0.0
638,12.76,idle,locomotion,0,1.18529866842554,-0.09770604060694862,0.10973345824050078,-0.03894359328713271,0.02296041530244679,0.7335469011305299,1.2630370931495407,-0.0005869225102048403,1.2636240156597456,0.0
639,12.78,idle,locomotion,0,1.185709364091993,-0.09754013686506866,0.10973345824050078,-0.03895992289071623,0.022950915220350178,0.7335558657774344,1.2630457657538383,-0.0005880798789837938,1.263633845632822,0.0
640,12.8,idle,locomotion,0,1.1861200597584458,-0.09737423312318869,0.10973345824050078,-0.038976287350604884,0.022941226211860948,0.7335648333902535,1.263054445508347,-0.0005892390939080082,1.263643684602255,0.0
641,12.82,idle,locomotion,0,1.1865307554248987,-0.09720832938130872,0.10973345824050078,-0.03899268157278883,0.02293136306504811,0.733573800886185,1.263063128668584,-0.0005903999347279323,1.263653528603312,0.0
642,12.84,idle,locomotion,0,1.1869414510913516,-0.09704242563942875,0.10973345824050078,-0.039009101019738084,0.022921339908854345,0.733582767120382,1.2630718134406391,-0.000591562246390169,1.2636633756870292,0.0
643,12.86,idle,locomotion,0,1.1873521467578045,-0.09687652189754878,0.10973345824050078,-0.03902554076578309,0.02291117105636831,0.7335917357352084,1.263080502438414,-0.0005927258972972596,1.2636732283357113,0.0
644,12.88,idle,locomotion,0,1.1877628424242574,-0.09671061815566881,0.10973345824050078,-0.039041995470330576,0.02290086981803317,0.7336007117975546,1.2630892000003395,-0.0005938910570378528,1.2636830910573773,0.0
645,12.9,idle,locomotion,0,1.1881735380907104,-0.09654471441378884,0.10973345824050078,-0.03905845790890215,0.022890447822731454,0.7336096986221732,1.2630979098646133,-0.000595057491719661,1.263692967356333,0.0
646,12.92,idle,locomotion,0,1.1885842337571633,-0.09637881067190887,0.10973345824050078,-0.039074922054191226,0.02287991705832618,0.7336186965210957,1.2631066328562095,-0.0005962250330252931,1.2637028578892349,0.0
647,12.94,idle,locomotion,0,1.1889949294236162,-0.0962129069300289,0.10973345824050078,-0.03909138398928024,0.022869289772020022,0.7336277073884473,1.2631153702264817,-0.0005973933646863661,1.263712763591168,0.0
648,12.96,idle,locomotion,0,1.189405625090069,-0.09604700318814893,0.10973345824050078,-0.03910784047927242,0.022858577914859082,0.7336367342853035,1.2631241240180655,-0.0005985627047825313,1.263722686722848,0.0
649,12.98,idle,locomotion,0,1.189816320756522,-0.09588109944626896,0.10973345824050078,-0.03912428787512641,0.02284779071462051,0.7336457762116129,1.2631328927395566,-0.0005997328980640697,1.2637326256376207,0.0
650,13.0,idle,locomotion,0,1.190227016422975,-0.095715195704389,0.10973345824050078,-0.0391407217617095,0.022836936298818996,0.7336548334532759,1.2631416766118708,-0.0006009036356957667,1.2637425802475666,0.0
651,13.02,idle,locomotion,0,1.1906377120894278,-0.09554929196250903,0.10973345824050078,-0.03915713876209134,0.022826023709627514,0.733663907614319,1.2631504768512922,-0.0006020748903760552,1.2637525517416683,0.0
652,13.04,idle,locomotion,0,1.1910484077558807,-0.09538338822062906,0.10973345824050078,-0.03917353398472049,0.022815060759316476,0.733673004938145,1.2631592996912397,-0.000603246470460922,1.2637625461617006,0.0
653,13.06,idle,locomotion,0,1.1914591034223336,-0.09521748447874909,0.10973345824050078,-0.03918990447275149,0.022804054736720644,0.7336821226797633,1.263168143153406,-0.0006044206940769258,1.263772563847483,0.0
654,13.08,idle,locomotion,0,1.1918697990887865,-0.09505158073686912,0.10973345824050078,-0.03920624944380938,0.02279301249954437,0.733691256743144,1.2631770022166624,-0.0006055977600951008,1.2637825999767576,0.0
655,13.1,idle,locomotion,0,1.1922804947552395,-0.09488567699498915,0.10973345824050078,-0.03922256734655521,0.02278194112808221,0.7337004090319691,1.2631858782251029,-0.000606774939517607,1.2637926531646204,0.0
656,13.12,idle,locomotion,0,1.1926911904216924,-0.09471977325310918,0.10973345824050078,-0.03923885630707182,0.022770846041221843,0.7337095811117995,1.263194772551747,-0.0006079522057858798,1.2638027247575327,0.0
657,13.14,idle,locomotion,0,1.1931018860881453,-0.09455386951122921,0.10973345824050078,-0.03925511250285558,0.0227597315381709,0.733718776361241,1.2632036892661191,-0.0006091296187044279,1.2638128188848237,0.0
658,13.16,idle,locomotion,0,1.1935125817545982,-0.09438796576934924,0.10973345824050078,-0.03927133546467859,0.022748601383578173,0.7337279872856295,1.2632126216786506,-0.00061030708584758,1.2638229287644982,0.0
659,13.18,idle,locomotion,0,1.193923277421051,-0.09422206202746927,0.10973345824050078,-0.039287524911957826,0.022737459237108494,0.7337372125395757,1.2632215679162115,-0.0006114845681104743,1.263833052484322,0.0
660,13.2,idle,locomotion,0,1.194333973087504,-0.0940561582855893,0.10973345824050078,-0.03930368096086872,0.022726310262051883,0.7337464564195172,1.2632305319993167,-0.0006126619806118595,1.2638431939799286,0.0
661,13.22,idle,locomotion,0,1.194744668753957,-0.09389025454370933,0.10973345824050078,-0.0393198035398102,0.022715156942900192,0.7337557201265715,1.2632395146893365,-0.0006138394477403289,1.263853354137077,0.0
662,13.24,idle,locomotion,0,1.1951553644204098,-0.09372435080182936,0.10973345824050078,-0.03933589087562365,0.02270400179508382,0.7337650110827054,1.2632485232758273,-0.0006150170040510987,1.2638635402798784,0.0
663,13.26,idle,locomotion,0,1.1955660600868627,-0.0935584470599494,0.10973345824050078,-0.03935194335627652,0.022692846213766195,0.7337743280396366,1.2632575564978148,-0.0006161947087024791,1.2638737512065172,0.0
664,13.28,idle,locomotion,0,1.1959767557533156,-0.09339254331806943,0.10973345824050078,-0.03936796032721001,0.022681691059346278,0.7337836708375738,1.2632666137713287,-0.0006173725953462911,1.2638839863666749,0.0
665,13.3,idle,locomotion,0,1.1963874514197685,-0.09322663957618946,0.10973345824050078,-0.03938394179191165,0.02267053600873636,0.7337930371737288,1.2632756935628988,-0.0006185505840278598,1.2638942441469267,0.0
666,13.32,idle,locomotion,0,1.1967981470862215,-0.09306073583430949,0.10973345824050078,-0.039399890757292014,0.022659382143070176,0.7338024205400262,1.2632847886993483,-0.0006197285140411186,1.2639045172133894,0.0
667,13.34,idle,locomotion,0,1.1972088427526744,-0.09289483209242952,0.10973345824050078,-0.03941581097696314,0.022648232030362973,0.7338118226227062,1.2632938987052096,-0.0006209065677684235,1.263914805272978,0.0
668,13.36,idle,locomotion,0,1.1976195384191273,-0.09272892835054955,0.10973345824050078,-0.03943170291866294,0.022637083776221013,0.733821242824426,1.263303022986391,-0.0006220849550792364,1.2639251079414704,0.0
669,13.38,idle,locomotion,0,1.1980302340855802,-0.09256302460866958,0.10973345824050078,-0.039447565119657066,0.022625936867223796,0.7338306854909256,1.2633121662352917,-0.0006232635738224919,1.2639354298091143,0.0
670,13.4,idle,locomotion,0,1.198440929752033,-0.09239712086678961,0.10973345824050078,-0.03946339779281562,0.022614791586679252,0.7338401590989769,1.2633213361315574,-0.000624442360294717,1.2639457784918522,0.0
671,13.42,idle,locomotion,0,1.198851625418486,-0.09223121712490964,0.10973345824050078,-0.03947920086606094,0.022603644747908554,0.7338496600323449,1.2633305295177202,-0.0006256214144274644,1.2639561509321477,0.0
672,13.44,idle,locomotion,0,1.199262321084939,-0.09206531338302967,0.10973345824050078,-0.03949497291824365,0.02259249415800474,0.7338591881022505,1.2633397466755067,-0.0006268006399350982,1.2639665473154418,0.0
673,13.46,idle,locomotion,0,1.1996730167513918,-0.0918994096411497,0.10973345824050078,-0.03951071418669702,0.022581340169196825,0.7338687488939594,1.2633489927221888,-0.000627980007409247,1.263976972729598,0.0
674,13.48,idle,locomotion,0,1.2000837124178447,-0.09173350589926973,0.10973345824050078,-0.03952642552665327,0.022570181316021343,0.7338783433878996,1.2633582680144502,-0.0006291596947592369,1.2639874277092094,0.0
675,13.5,idle,locomotion,0,1.2004944080842976,-0.09156760215738977,0.10973345824050078,-0.03954210695953707,0.022559013802003116,0.7338879653189818,1.2633675670429703,-0.00063033984933894,1.2639979068923093,0.0
676,13.52,idle,locomotion,0,1.2009051037507505,-0.0914016984155098,0.10973345824050078,-0.039557759844751066,0.02254783497368909,0.7338976056114525,1.263376881272175,-0.0006315201130237084,1.2640084013851989,0.0
677,13.54,idle,locomotion,0,1.2013157994172035,-0.09123579467362983,0.10973345824050078,-0.039573384920300395,0.022536645417498353,0.733907270505682,1.2633862159352651,-0.0006327004306525483,1.2640189163659177,0.0
678,13.56,idle,locomotion,0,1.2017264950836564,-0.09106989093174986,0.10973345824050078,-0.03958898284721455,0.022525443421856896,0.7339169658641562,1.2633955766368608,-0.0006338809958960009,1.2640294576327566,0.0
679,13.58,idle,locomotion,0,1.2021371907501093,-0.09090398718986989,0.10973345824050078,-0.039604554111735704,0.022514225491950073,0.7339266871033822,1.2634049591928236,-0.0006350619070883065,1.2640400210999119,0.0
680,13.6,idle,locomotion,0,1.2025478864165622,-0.09073808344798992,0.10973345824050078,-0.03962009950244795,0.022502989447651032,0.733936432181848,1.2634143614860647,-0.0006362431510694225,1.264050604637134,0.0
681,13.62,idle,locomotion,0,1.202958582083015,-0.09057217970610995,0.10973345824050078,-0.039635619766629875,0.022491733369694174,0.7339462011399358,1.2634237835952757,-0.0006374246295063925,1.2640612082247822,0.0
682,13.64,idle,locomotion,0,1.203369277749468,-0.09040627596422998,0.10973345824050078,-0.03965111472479177,0.022480456382564403,0.7339559993972494,1.263433230315624,-0.0006386064640398759,1.2640718367796637,0.0
683,13.66,idle,locomotion,0,1.203779973415921,-0.09024037222235001,0.10973345824050078,-0.039666583580807546,0.022469156252880988,0.7339658327686841,1.2634427074640364,-0.0006397888071922875,1.2640824962712287,0.0
684,13.68,idle,locomotion,0,1.2041906690823738,-0.09007446848047004,0.10973345824050078,-0.039682025462904835,0.02245782968914846,0.7339756991774206,1.2634522136293946,-0.0006409715558065472,1.264093185185201,0.0
685,13.7,idle,locomotion,0,1.2046013647488267,-0.08990856473859007,0.10973345824050078,-0.03969744116646645,0.022446473390423317,0.7339855869016845,1.2634617382417104,-0.0006421543561719346,1.2641038925978823,0.0
686,13.72,idle,locomotion,0,1.2050120604152796,-0.0897426609967101,0.10973345824050078,-0.03971283109248263,0.022435086687013966,0.7339954956690066,1.2634712809403625,-0.0006433371731998754,1.2641146181135625,0.0
687,13.74,idle,locomotion,0,1.2054227560817325,-0.08957675725483014,0.10973345824050078,-0.03972819515480735,0.022423669684436248,0.7340054356729786,1.2634808517376617,-0.0006445202137752293,1.264125371951437,0.0
688,13.76,idle,locomotion,0,1.2058334517481855,-0.08941085351295017,0.10973345824050078,-0.039743534419618205,0.022412220765027052,0.7340154059403641,1.26349044975313,-0.0006457037941676007,1.2641361535472977,0.0
689,13.78,idle,locomotion,0,1.2062441474146384,-0.0892449497710702,0.10973345824050078,-0.03975884967659816,0.022400737512101497,0.7340253996748018,1.2635000684124915,-0.0006468878580120282,1.2641469562705034,0.0
690,13.8,idle,locomotion,0,1.2066548430810913,-0.08907904602919023,0.10973345824050078,-0.039774141696702306,0.022389217259899192,0.7340354091396555,1.2635097009915466,-0.0006480721990810845,1.2641577731906277,0.0
691,13.82,idle,locomotion,0,1.2070655387475442,-0.08891314228731026,0.10973345824050078,-0.0397894110263517,0.022377660122202235,0.7340454365139467,1.2635193498536312,-0.0006492566343816418,1.2641686064880129,0.0
692,13.84,idle,locomotion,0,1.207476234413997,-0.08874723854543029,0.10973345824050078,-0.03980465760854376,0.02236606578940812,0.7340554933409822,1.2635290262952932,-0.000650438250821811,1.264179464546115,0.0
693,13.86,idle,locomotion,0,1.20786084439921,-0.08859187231947822,0.10973345824050078,-0.03981988227847745,0.022354423654964744,0.7340655875021489,1.2635387385024102,-0.0006516195005801598,1.2641903580029903,0.0
694,13.88,idle,locomotion,0,1.208192434665301,-0.08848133916012814,0.10973345824050078,-0.03983508699424394,0.022342726106082633,0.7340757218039531,1.2635484886394541,-0.0006528112449704047,1.2642012998844245,0.0
695,13.9,idle,locomotion,0,1.208463747478334,-0.08843805916921696,0.10973345824050078,-0.039850273040573925,0.022330968701378167,0.7340858949848922,1.2635582755849388,-0.0006540148153392419,1.2642122904002782,0.0
696,13.92,idle,locomotion,0,1.20866556867798,-0.08845789523080368,0.10973345824050078,-0.03986544056500411,0.022319154376069166,0.7340960950528822,1.2635680889743826,-0.000655227319752899,1.2642233162941354,0.0
697,13.94,idle,locomotion,0,1.2087935233652904,-0.08853327178173241,0.10973345824050078,-0.03988058873999563,0.022307294649615367,0.7341063147743728,1.2635779230141917,-0.000656445545136497,1.2642343685593282,0.0
698,13.96,idle,locomotion,0,1.208883776241181,-0.08863440040315589,0.10973345824050078,-0.03989571542853701,0.022295403549404142,0.7341165613487781,1.2635877859319173,-0.0006576667555002122,1.2642454526874176,0.0
699,13.98,idle,locomotion,0,1.2089732788009933,-0.08873605464888057,0.10973345824050078,-0.03991081878199531,0.022283493858272496,0.7341268384162197,1.263597682941847,-0.0006588892542268021,1.2642565721960737,0.0
700,14.0,idle,locomotion,0,1.209062683780899,-0.08883777725295669,0.10973345824050078,-0.039925898785928685,0.02227157169522245,0.734137139898082,1.263607609003637,-0.000660112471527044,1.264267721475164,0.0
701,14.02,idle,locomotion,0,1.2091520760703691,-0.08893950874715492,0.10973345824050078,-0.03994095566560548,0.022259636281027027,0.7341474604986671,1.263617559569101,-0.0006613369071834796,1.2642788964762846,0.0
702,14.04,idle,locomotion,0,1.2092414667094258,-0.08904124139752896,0.10973345824050078,-0.03995599032731046,0.022247688067960566,0.7341577951232168,1.2636275299641242,-0.0006625633741959847,1.26429009333832,0.0
703,14.06,idle,locomotion,0,1.2093308571338437,-0.08914297419826561,0.10973345824050078,-0.0399710042621192,0.02223572824323029,0.7341681413011882,1.2636375172930068,-0.0006637922082601139,1.264301309501267,0.0
704,14.08,idle,locomotion,0,1.2094202475303477,-0.08924470701855719,0.10973345824050078,-0.03998599917608104,0.022223756079521657,0.7341784961601505,1.2636475185432003,-0.0006650238757628969,1.2643125424189632,0.0
705,14.1,idle,locomotion,0,1.209509637923222,-0.08934643984139193,0.10973345824050078,-0.04000097601825734,0.022211773215137724,0.734188858918347,1.2636575324947112,-0.0006662589101382455,1.2643237914048495,0.0
706,14.12,idle,locomotion,0,1.2095990283156233,-0.08944817266455742,0.10973345824050078,-0.04001593523314477,0.022199782982818717,0.7341992333341781,1.2636675623000817,-0.0006674973370579228,1.2643350596371397,0.0
707,14.14,idle,locomotion,0,1.2096884187079628,-0.08954990548776591,0.10973345824050078,-0.04003087767504281,0.022187786831133406,0.734209619585562,1.263677607810914,-0.0006687390517745757,1.2643463468626885,0.0
708,14.16,idle,locomotion,0,1.2097778091002955,-0.08965163831097998,0.10973345824050078,-0.04004580488508678,0.022175786503274123,0.7342200141497254,1.2636876651463236,-0.0006699840778546448,1.2643576492241781,0.0
709,14.18,idle,locomotion,0,1.2098671994926282,-0.08975337113419495,0.10973345824050078,-0.04006071790147353,0.02216378563163698,0.7342304207897161,1.263697737143303,-0.0006712323215204742,1.2643689694648235,0.0
710,14.2,idle,locomotion,0,1.209956589884961,-0.08985510395740996,0.10973345824050078,-0.040075617368396196,0.022151785923923365,0.7342408436993193,1.2637078276893507,-0.0006724838074629209,1.2643803114968137,0.0
711,14.22,idle,locomotion,0,1.2100459802772936,-0.08995683678062498,0.10973345824050078,-0.04009050317839398,0.022139791630807766,0.7342512872198271,1.2637179404358938,-0.0006737386335320533,1.2643916790694258,0.0
712,14.24,idle,locomotion,0,1.2101353706696263,-0.09005856960384,0.10973345824050078,-0.04010537446190245,0.02212780845482196,0.7342617615199026,1.2637280843851273,-0.0006749964372605062,1.2644030808223878,0.0
713,14.26,idle,locomotion,0,1.2102153747448336,-0.0901432604814165,0.10973344675834552,-0.040120231590545695,0.0221158364161738,0.7342722649047855,1.263738257502396,-0.0006762572066278463,1.264414514709024,0.0
714,14.28,idle,locomotion,0,1.2102769995384755,-0.09020289121103453,0.10973343126405463,-0.040135073546607045,0.022103874086649187,0.7342827950025742,1.263748457090283,-0.000677520803700437,1.2644259778939835,0.0
715,14.3,idle,locomotion,0,1.210321138888903,-0.09024635302272441,0.10973342246574645,-0.04014989944342939,0.022091921779815664,0.7342933487727719,1.2637586807141128,-0.0006787872139338569,1.2644374679280466,0.0
716,14.32,idle,locomotion,0,1.2103496248001226,-0.09027515110271173,0.10973342050622124,-0.040164708612566616,0.0220799812389398,0.7343039258244123,1.26376892779124,-0.0006800562908998338,1.2644489840821398,0.0
717,14.34,idle,locomotion,0,1.2103644722841065,-0.09029115522524626,0.10973342251800097,-0.04017950033109491,0.02206805589903884,0.7343145309731701,1.2637792028929145,-0.0006813279343919794,1.2644605308273065,0.0
718,14.36,idle,locomotion,0,1.2103678528433148,-0.09029643712254178,0.10973342649614744,-0.04019427412335235,0.022056148231895015,0.7343251669742911,1.263789508294509,-0.0006826019403837966,1.2644721102348928,0.0
719,14.38,idle,locomotion,0,1.2103619920889732,-0.0902931213869544,0.10973343135424043,-0.040209029037469285,0.022044258659213764,0.734335836096509,1.263799845951367,-0.0006838781967517457,1.2644837241481188,0.0
720,14.4,idle,locomotion,0,1.2103490689007719,-0.0902832752190426,0.10973343651518708,-0.040223763263029566,0.022032384584386108,0.7343465436201932,1.2638102211631594,-0.0006851569042780892,1.2644953780674375,0.0
721,14.42,idle,locomotion,0,1.210333182185661,-0.09027070093930065,0.10973344473505352,-0.040238476292010314,0.022020524838047836,0.7343572864047159,1.2638206312669442,-0.0006864379901014295,1.2645070692570457,0.0
722,14.44,idle,locomotion,0,1.2103172766255603,-0.09025811043915316,0.10973345187870212,-0.040253168559263926,0.02200867995465383,0.7343680578254761,1.263831069509228,-0.0006877213635918152,1.26451879087282,0.0
723,14.46,idle,locomotion,0,1.2103013686145223,-0.09024551782942318,0.10973345567734502,-0.040267839463946395,0.02199685175731078,0.7343788636078984,1.2638415409310153,-0.0006890067630106501,1.264530547694026,0.0
724,14.48,idle,locomotion,0,1.2102854602846718,-0.090232924945289,0.10973345732980389,-0.04028248784252922,0.021985039504787286,0.7343897108008226,1.2638520525766463,-0.0006902942078717833,1.264542346784518,0.0
725,14.5,idle,locomotion,0,1.2102695519133326,-0.09022033202544656,0.10973345795705704,-0.04029711303978318,0.021973242724234853,0.7344005978959749,1.2638626030550908,-0.0006915838053078056,1.2645541868603987,0.0
726,14.52,idle,locomotion,0,1.2102536435365867,-0.09020773910095205,0.10973345816725115,-0.04031171447424185,0.021961460844577355,0.7344115232566272,1.2638731906322676,-0.0006928755905650993,1.2645660662228326,0.0
727,14.54,idle,locomotion,0,1.2102377351591345,-0.0901951461758498,0.1097334582279452,-0.040326292029685976,0.02194968989319174,0.7344224824435119,1.2638838114508748,-0.0006941694946274758,1.2645779809455022,0.0
728,14.56,idle,locomotion,0,1.2102218267815896,-0.0901825532506677,0.10973345824161755,-0.0403408455917094,0.02193792896345584,0.7344334731705627,1.263894463407733,-0.0006954654286724718,1.2645899288364053,0.0
729,14.58,idle,locomotion,0,1.2102059184040321,-0.09016996032547503,0.10973345824292893,-0.04035537419543405,0.02192617821227416,0.7344445009586117,1.2639051521379394,-0.0006967632808655873,1.264601915418805,0.0
730,14.6,idle,locomotion,0,1.2101900100264746,-0.09015736740028095,0.1097334582420142,-0.04036987792567429,0.02191443660744499,0.7344555657845521,1.2639158779702169,-0.0006980629936084969,1.2646139409638253,0.0
731,14.62,idle,locomotion,0,1.2101741016489171,-0.09014477447508666,0.10973345824121448,-0.04038435728753568,0.02190270430203918,0.7344666677290095,1.26392664056852,-0.0006993645432173123,1.2646260051117375,0.0
732,14.64,idle,locomotion,0,1.2101581932713597,-0.09013218154989237,0.10973345824078845,-0.040398812520552316,0.021890980416638686,0.7344778118292856,1.2639374447079272,-0.0007006680742633019,1.2646381127821906,0.0
733,14.66,idle,locomotion,0,1.2101422848938022,-0.09011958862469809,0.10973345824060299,-0.040413243797735254,0.021879265639085585,0.7344890007625704,1.2639482926755439,-0.0007019736519308997,1.2646502663274748,0.0
734,14.68,idle,locomotion,0,1.2101263765162447,-0.0901069956995038,0.10973345824053253,-0.04042765131575724,0.021867556353016696,0.7345002312942075,1.263959181514795,-0.0007032811540026059,1.2646624626687977,0.0
735,14.7,idle,locomotion,0,1.2101104681386872,-0.09009440277430951,0.10973345824050891,-0.04044203423229656,0.021855851823763484,0.7345115024100896,1.2639701103482344,-0.0007045906358585478,1.2646747009840928,0.0
736,14.72,idle,locomotion,0,1.2100945597611297,-0.09008180984911522,0.10973345824050208,-0.040456392668190864,0.02184415228831483,0.734522815823202,1.2639810807722507,-0.0007059020336265612,1.2646869828058773,0.0
737,14.74,idle,locomotion,0,1.2100786513835722,-0.09006921692392093,0.10973345824050056,-0.04047072742619171,0.0218324543425097,0.7345341670725594,1.2639920886775038,-0.0007072153446265536,1.2646993040221304,0.0
738,14.76,idle,locomotion,0,1.2100627430060147,-0.09005662399872665,0.10973345824050042,-0.04048503776939626,0.02182075800345638,0.734545559165569,1.264003136884605,-0.000708530468067365,1.2647116673526724,0.0
739,14.78,idle,locomotion,0,1.2100468346284572,-0.09004403107353236,0.10973345824050042,-0.04049932400305376,0.02180906090970331,0.7345569918616278,1.2640142258713563,-0.0007098472997159773,1.2647240731710723,0.0
740,14.8,idle,locomotion,0,1.2100309262508997,-0.09003143814833807,0.10973345824050042,-0.040513586265148914,0.021797362934280293,0.7345684668583342,1.2640253569137507,-0.0007111657959921053,1.264736522709743,0.0
741,14.82,idle,locomotion,0,1.2100150178733422,-0.09001884522314378,0.10973345824050042,-0.04052782499530904,0.02178566363756549,0.7345799847287497,1.264036530809114,-0.0007124860629626958,1.2647490168720765,0.0
742,14.84,idle,locomotion,0,1.2099991094957847,-0.0900062522979495,0.10973345824050042,-0.040542041153346024,0.02177396142375657,0.7345915423030328,1.264047744367407,-0.0007138081534535552,1.2647615525208604,0.0
743,14.86,idle,locomotion,0,1.2099832011182272,-0.0899936593727552,0.10973345824050042,-0.04055623432642931,0.021762257426543245,0.7346031459625759,1.264059003563512,-0.0007151320880230336,1.264774135651535,0.0
744,14.88,idle,locomotion,0,1.2099672927406697,-0.08998106644756092,0.10973345824050042,-0.04057040599767351,0.021750549202289526,0.7346147905268459,1.2640703038243066,-0.0007164577227588738,1.2647867615470656,0.0
745,14.9,idle,locomotion,0,1.2099513843631122,-0.08996847352236663,0.10973345824050042,-0.040584555913689715,0.021738836647845365,0.7346264758647741,1.264081644771098,-0.0007177851244818817,1.26479942989558,0.0
746,14.92,idle,locomotion,0,1.2099354759855547,-0.08995588059717234,0.10973345824050042,-0.040598683431709075,0.021727122095783598,0.7346382046898381,1.2640930298464534,-0.0007191140909760113,1.2648121439374294,0.0
747,14.94,idle,locomotion,0,1.2099195676079972,-0.08994328767197805,0.10973345824050042,-0.04061278889751093,0.02171540683272988,0.734649977947607,1.2641044597891948,-0.0007204444911274692,1.2648249042803223,0.0
748,14.96,idle,locomotion,0,1.2099036592304397,-0.08993069474678377,0.10973345824050042,-0.04062687361504715,0.021703691201447238,0.734661796075149,1.2641159348023747,-0.0007217764427730478,1.2648377112451477,0.0
749,14.98,idle,locomotion,0,1.2098877508528822,-0.08991810182158948,0.10973345824050042,-0.040640939027297575,0.02169197373103738,0.7346736576191728,1.264127453127761,-0.0007231099986846554,1.2648505631264457,0.0
750,15.0,idle,locomotion,0,1.2098718424753248,-0.08990550889639519,0.10973345824050042,-0.040654985796243846,0.021680254067057446,0.7346855643468555,1.2641390162924622,-0.0007244452663055928,1.2648634615587677,0.0
751,15.02,idle,locomotion,0,1.2098559340977673,-0.0898929159712009,0.10973345824050042,-0.04066901445710013,0.021668529350426027,0.7346975171840457,1.2641506256588912,-0.0007257764992969831,1.2648764021581882,0.0
752,15.04,idle,locomotion,0,1.2098400257202098,-0.08988032304600661,0.10973345824050042,-0.04068302325874479,0.02165678673155158,0.7347095214097953,1.264162288782605,-0.0007271052881264138,1.2648893940707313,0.0
753,15.06,idle,locomotion,0,1.2098241173426523,-0.08986773012081233,0.10973345824050042,-0.0406970128437759,0.021645014883010138,0.7347215785474694,1.2641740077029808,-0.0007284493346043468,1.264902457037585,0.0
754,15.08,idle,locomotion,0,1.2098082089650948,-0.08985513719561804,0.10973345824050042,-0.04071098505805722,0.02163320569175816,0.7347336846970002,1.2641857786074582,-0.0007298113478568548,1.264915589955315,0.0
755,15.1,idle,locomotion,0,1.2097923005875373,-0.08984254427042375,0.10973345824050042,-0.04072494040363481,0.02162135376417368,0.7347458391043628,1.2641976004049182,-0.0007311882509838316,1.264928788655902,0.0
756,15.12,idle,locomotion,0,1.2097763922099798,-0.08982995134522946,0.10973345824050042,-0.04073887853309364,0.021609455073790893,0.7347580405518453,1.2642094720849817,-0.0007325765701231904,1.2649420486551048,0.0
757,15.14,idle,locomotion,0,1.2097604838324223,-0.08981735842003517,0.10973345824050042,-0.040752798398280665,0.021597504452974942,0.7347702867981548,1.2642213914464404,-0.0007339734586269166,1.2649553649050673,0.0
758,15.16,idle,locomotion,0,1.2097445754548648,-0.08980476549484089,0.10973345824050042,-0.040766697582494106,0.02158549776989702,0.7347825835977232,1.264233363947912,-0.0007353771384127281,1.2649687410863246,0.0
759,15.18,idle,locomotion,0,1.2097286670773073,-0.0897921725696466,0.10973345824050042,-0.040780573202103786,0.021573429302785226,0.7347949363182169,1.264245394897998,-0.0007367862348113124,1.2649821811328092,0.0
760,15.2,idle,locomotion,0,1.2097127586997498,-0.08977957964445231,0.10973345824050042,-0.040794422821624224,0.021561291317490704,0.7348073416410892,1.2642574814316678,-0.0007381998697307338,1.2649956813013985,0.0
761,15.22,idle,locomotion,0,1.2096968503221923,-0.08976698671925802,0.10973345824050042,-0.040808244095590994,0.021549079421484492,0.734819797283104,1.2642696211736153,-0.0007396176080092555,1.2650092387816245,0.0
762,15.24,idle,locomotion,0,1.2096809419446348,-0.08975439379406373,0.10973345824050042,-0.04082203516714785,0.02153679081223476,0.734832301827202,1.2642818126404562,-0.000741039198251317,1.2650228518387077,0.0
763,15.26,idle,locomotion,0,1.2096650335670773,-0.08974180086886945,0.10973345824050042,-0.040835793103532705,0.021524422715754686,0.7348448586976334,1.2642940589342806,-0.0007424645734238934,1.2650365235077046,0.0
764,15.28,idle,locomotion,0,1.2096491251895198,-0.08972920794367516,0.10973345824050042,-0.04084951606518914,0.02151197017845106,0.7348574653384886,1.2643063582093634,-0.000743893802018742,1.2650502520113822,0.0
765,15.3,idle,locomotion,0,1.2096332168119623,-0.08971661501848087,0.10973345824050042,-0.040863203033203246,0.021499430696465316,0.7348701205621049,1.2643187090344254,-0.000745326587514309,1.2650640356219398,0.0
766,15.32,idle,locomotion,0,1.2096173084344048,-0.08970402209328658,0.10973345824050042,-0.040876852399066785,0.021486805838359685,0.7348828290283531,1.2643311157406578,-0.0007467630086423101,1.2650778787493002,0.0
767,15.34,idle,locomotion,0,1.2096014000568474,-0.0896914291680923,0.10973345824050042,-0.04089046237404254,0.021474095420095134,0.7348955949864717,1.264343582070058,-0.0007482033103948828,1.2650917853804529,0.0
768,15.36,idle,locomotion,0,1.2095854916792899,-0.089678836242898,0.10973345824050042,-0.04090403016640235,0.021461300549007217,0.7349084294508437,1.264356118118909,-0.0007496472573248723,1.2651057653762339,0.0
769,15.38,idle,locomotion,0,1.2095695833017324,-0.08966624331770372,0.10973345824050042,-0.04091755481594492,0.021448418956351474,0.7349213289047652,1.264368720719513,-0.0007510949713043225,1.2651198156908172,0.0
770,15.4,idle,locomotion,0,1.2095536749241749,-0.08965365039250943,0.10973345824050042,-0.040931035730451405,0.02143544862021888,0.7349342822196717,1.264381378825333,-0.0007525463821146904,1.2651339252074478,0.0
771,15.42,idle,locomotion,0,1.2095377665466174,-0.08964105746731514,0.10973345824050042,-0.040944471350965336,0.0214223923432528,0.7349472891563734,1.264394092197867,-0.0007540012990502297,1.265148093496917,0.0
772,15.44,idle,locomotion,0,1.2095218581690599,-0.08962846454212085,0.10973345824050042,-0.040957860196297685,0.021409253865645874,0.734960357305072,1.2644068678966738,-0.0007554594564192947,1.265162327353093,0.0
773,15.46,idle,locomotion,0,1.2095059497915024,-0.08961587161692657,0.10973345824050042,-0.040971201703553,0.02139603487358118,0.7349734899810256,1.2644197090101703,-0.0007569209492419848,1.2651766299594123,0.0
774,15.48,idle,locomotion,0,1.209490041413945,-0.08960327869173228,0.10973345824050042,-0.040984471187902285,0.021382995465086662,0.7349865538513202,1.264432475160701,-0.0007586424661894936,1.2651911176268904,0.0
775,15.5,idle,locomotion,0,1.2094741330363874,-0.08959068576653799,0.10973345824050042,-0.040997594511405035,0.021370144381318575,0.7349996125770029,1.2644452479752863,-0.0007601113162174454,1.2652053592915038,0.0
776,15.52,idle,locomotion,0,1.20945822465883,-0.0895780928413437,0.10973345824050042,-0.041010515191797284,0.021357544726129492,0.7350126870268289,1.2644580558130603,-0.0007615078964704376,1.2652195637095307,0.0
777,15.54,idle,locomotion,0,1.2094423162812724,-0.08956549991614941,0.10973345824050042,-0.04102322747467398,0.021345215133058797,0.7350258192350704,1.264470942708578,-0.0007628088433141444,1.265233751551892,0.0
778,15.56,idle,locomotion,0,1.209426407903715,-0.08955290699095513,0.10973345824050042,-0.041035733398435546,0.021333191445933364,0.7350390468040545,1.2644839311972353,-0.0007641156842985407,1.265248046881534,0.0
779,15.58,idle,locomotion,0,1.2094104995261574,-0.08954031406576084,0.10973345824050042,-0.041048018980866866,0.021321501488332745,0.7350524358572699,1.2644970799635706,-0.0007654205067944633,1.265262500470365,0.0
780,15.6,idle,locomotion,0,1.2093945911486,-0.08952772114056655,0.10973345824050042,-0.04106007425692946,0.02131017936092966,0.7350660377822186,1.2645104357254278,-0.0007667288179132037,1.265277164543341,0.0
781,15.62,idle,locomotion,0,1.2093786827710424,-0.08951512821537226,0.10973345824050042,-0.04107189134910708,0.0212992554530348,0.7350798864929811,1.2645240226577332,-0.0007680610990657318,1.265292083756799,0.0
782,15.64,idle,locomotion,0,1.209362774393485,-0.08950253529017797,0.10973345824050042,-0.04108346734315313,0.021288753727761504,0.7350939882114141,1.2645378454653948,-0.0007694068725585049,1.2653072523379534,0.0
783,15.66,idle,locomotion,0,1.2093468660159274,-0.08948994236498369,0.10973345824050042,-0.04109478971350552,0.021278686028970917,0.7351083564614268,1.2645519103625842,-0.0007707599496244028,1.2653226703122087,0.0
784,15.68,idle,locomotion,0,1.20933095763837,-0.0894773494397894,0.10973345824050042,-0.041105836924104217,0.021269066865641884,0.7351230143844085,1.2645662421795745,-0.0007721164393327332,1.2653383586189073,0.0
785,15.7,idle,locomotion,0,1.2093150492608125,-0.08946475651459511,0.10973345824050042,-0.04111660108135065,0.021259909403451207,0.7351379683779278,1.2645808475683682,-0.0007734857227593532,1.2653543332911275,0.0
786,15.72,idle,locomotion,0,1.209299140883255,-0.08945216358940082,0.10973345824050042,-0.041127084214303763,0.02125117981023383,0.7351532423404654,1.2645957469182605,-0.0007748081874018389,1.2653705551056624,0.0
787,15.74,idle,locomotion,0,1.2092832325056975,-0.08943957066420653,0.10973345824050042,-0.041137313025825364,0.021242719065516315,0.7351689001494861,1.264611007396789,-0.0007760533788376545,1.2653870607756268,0.0
788,15.76,idle,locomotion,0,1.20926732412814,-0.08942697773901225,0.10973345824050042,-0.04114734942199985,0.02123441611040115,0.7351849256681467,1.2646266034041753,-0.0007773969644580409,1.2654040003686333,0.0
789,15.78,idle,locomotion,0,1.2092514157505825,-0.08941438481381796,0.10973345824050042,-0.04115724556467635,0.021226186884837066,0.7352012735746276,1.2646424849426492,-0.0007788688725537118,1.2654213538152028,0.0
790,15.8,idle,locomotion,0,1.209235507373025,-0.08940179188862367,0.10973345824050042,-0.04116703329397484,0.021217961917940054,0.7352178905165204,1.2646586030024147,-0.0007804461484682973,1.2654390491508831,0.0
791,15.82,idle,locomotion,0,1.2092195989954675,-0.08938919896342938,0.10973345824050042,-0.04117673468794207,0.021209678028802047,0.7352347177780413,1.2646749081908721,-0.0007820986561374414,1.2654570068470097,0.0
792,15.84,idle,locomotion,0,1.20920369061791,-0.08937660603823509,0.10973345824050042,-0.0411863699609084,0.021201273443447948,0.7352516943283153,1.2646913502095456,-0.0007838007267023453,1.2654751509362479,0.0
793,15.86,idle,locomotion,0,1.2091877822403525,-0.0893640131130408,0.10973345824050042,-0.04119596082395374,0.021192688395439523,0.7352687741701028,1.2647078924576218,-0.0007855340463017897,1.2654934265039237,0.0
794,15.88,idle,locomotion,0,1.209171873862795,-0.08935142018784652,0.10973345824050042,-0.04120553323127536,0.02118386453934372,0.7352859271821843,1.2647245130849338,-0.0007872885610311318,1.265511801645965,0.0
795,15.9,idle,locomotion,0,1.2091559654852375,-0.08933882726265223,0.10973345824050042,-0.041215110097159974,0.021174749874000073,0.7353031284669805,1.2647411931004624,-0.0007890568490125233,1.265530249949475,0.0
796,15.92,idle,locomotion,0,1.20914005710768,-0.08932623433745794,0.10973345824050042,-0.041224712325311906,0.021165299521586602,0.7353203671206658,1.264757925345627,-0.000790833321805854,1.2655487586674328,0.0
797,15.94,idle,locomotion,0,1.2091241487301225,-0.08931364141226365,0.10973345824050042,-0.041234359825782003,0.02115547069598219,0.7353376358290148,1.2647747051896496,-0.0007926146854350356,1.2655673198750848,0.0
798,15.96,idle,locomotion,0,1.209108240352565,-0.08930104848706936,0.10973345824050042,-0.041244071173417864,0.021145226005422013,0.7353549265548704,1.2647915263730978,-0.000794399194295789,1.2655859255673936,0.0
799,15.98,idle,locomotion,0,1.2090923319750075,-0.08928845556187508,0.10973345824050042,-0.04125386203834109,0.02113453894671223,0.7353722405187673,1.2648083903621412,-0.0007961861972715367,1.2656045765594128,0.0
800,16.0,idle,locomotion,0,1.20907642359745,-0.08927586263668079,0.10973345824050042,-0.041263746034140916,0.021123387442462508,0.7353895773184024,1.2648252973201692,-0.0007979753931087845,1.2656232727132781,0.0
801,16.02,idle,locomotion,0,1.2090605152198926,-0.0892632697114865,0.10973345824050042,-0.04127373598813285,0.021111752637152825,0.735406926020696,1.2648422370678478,-0.0007997666752509007,1.2656420037430987,0.0
802,16.04,idle,locomotion,0,1.209044606842335,-0.08925067678629221,0.10973345824050042,-0.0412838486207396,0.02109961420883548,0.7354242844089015,1.2648592070246794,-0.0008015625377642312,1.2656607695624436,0.0
803,16.06,idle,locomotion,0,1.2090286984647776,-0.08923808386109792,0.10973345824050042,-0.041294107333073024,0.02108695563641538,0.7354416672111408,1.2648762206754873,-0.0008033701663513436,1.2656795908418386,0.0
804,16.08,idle,locomotion,0,1.20901279008722,-0.08922549093590364,0.10973345824050042,-0.04130452265796707,0.021073782636630182,0.7354590734775742,1.2648932773358676,-0.0008051898702796136,1.2656984672061473,0.0
805,16.1,idle,locomotion,0,1.2089968817096626,-0.08921289801070935,0.10973345824050042,-0.04131509924458058,0.02106010552525851,0.7354764900390617,1.2649103645921855,-0.0008070181564221283,1.2657173827486077,0.0
806,16.12,idle,locomotion,0,1.208980973332105,-0.08920030508551506,0.10973345824050042,-0.041325839110108925,0.021045935222337032,0.7354939058727092,1.2649274718804406,-0.0008088514097878384,1.2657363232902286,0.0
807,16.14,idle,locomotion,0,1.2089650649545476,-0.08918771216032077,0.10973345824050042,-0.04133674563787714,0.02103128182781383,0.7355113026577391,1.264944581806477,-0.0008106868074432942,1.2657552686139204,0.0
808,16.16,idle,locomotion,0,1.20894915657699,-0.08917511923512648,0.10973345824050042,-0.0413477965274822,0.021016132137133218,0.7355286069297146,1.2649616298940374,-0.0008125198013278628,1.2657741496953652,0.0
809,16.18,idle,locomotion,0,1.2089332481994326,-0.0891625263099322,0.10973345824050042,-0.04135893535579766,0.021000506847782846,0.7355457572370334,1.2649785551996349,-0.0008143065906807169,1.2657928617903156,0.0
810,16.2,idle,locomotion,0,1.208917339821875,-0.08914993338473791,0.10973345824050042,-0.04137016951812028,0.020984447061772757,0.7355628174122095,1.2649954211484087,-0.0008160549406859667,1.2658114760890946,0.0
811,16.22,idle,locomotion,0,1.2089014314443176,-0.08913734045954362,0.10973345824050042,-0.04138150567924952,0.020967981357245462,0.735579834446586,1.2650122597053393,-0.0008177758933851503,1.2658300355987244,0.0
812,16.24,idle,locomotion,0,1.2088855230667601,-0.08912474753434933,0.10973345824050042,-0.04139294214827539,0.020951134175732206,0.7355968411667138,1.265029098837401,-0.0008194764252237204,1.2658485752626245,0.0
813,16.26,idle,locomotion,0,1.2088696146892026,-0.08911215460915504,0.10973345824050042,-0.04140447713887261,0.020933938636545045,0.7356138624004187,1.2650459523491742,-0.0008211599079439268,1.2658671122571181,0.0
814,16.28,idle,locomotion,0,1.2088537063116451,-0.08909956168396076,0.10973345824050042,-0.04141611946807911,0.02091644167699658,0.7356309301179549,1.265062848203412,-0.000822830603078438,1.2658856788064905,0.0
815,16.3,idle,locomotion,0,1.2088377979340876,-0.08908696875876647,0.10973345824050042,-0.04142792333805883,0.020898704503468563,0.7356481191478418,1.2650798487643549,-0.0008245198631995319,1.2659043686275544,0.0
816,16.32,idle,locomotion,0,1.2088218895565301,-0.08907437583357218,0.10973345824050042,-0.04143992634189535,0.020880743871875385,0.735665406311547,1.2650969301233073,-0.000826252457034559,1.2659231825803419,0.0
817,16.34,idle,locomotion,0,1.2088059811789726,-0.08906178290837789,0.10973345824050042,-0.04145214333497293,0.020862572990585804,0.7356827151089442,1.2651140221338608,-0.0008280262456094797,1.2659420483794703,0.0
818,16.36,idle,locomotion,0,1.2087900728014151,-0.0890491899831836,0.10973345824050042,-0.04146458305649398,0.020844209694950978,0.7356999806307455,1.265131067898622,-0.0008298326727157398,1.2659609005713377,0.0
819,16.38,idle,locomotion,0,1.2087741644238577,-0.08903659705798932,0.10973345824050042,-0.041477255558683826,0.020825668017554838,0.735717159344002,1.2651480313300798,-0.0008316631445164265,1.2659796944745962,0.0
820,16.4,idle,locomotion,0,1.2087582560463002,-0.08902400413279503,0.10973345824050042,-0.041490175105425756,0.02080695404070742,0.7357342178165668,1.2651648851661148,-0.0008335114200007133,1.2659983965861155,0.0
821,16.42,idle,locomotion,0,1.2087423476687427,-0.08901141120760074,0.10973345824050042,-0.04150335764093014,0.02078807420606467,0.7357511462178881,1.2651816223965526,-0.0008353724985248681,1.2660169948950775,0.0
822,16.44,idle,locomotion,0,1.2087264392911852,-0.08899881828240645,0.10973345824050042,-0.041516819117543534,0.02076903392880331,0.7357679517853674,1.265198251349644,-0.0008372431819551746,1.2660354945315992,0.0
823,16.46,hold,kick,2,1.2087105309136277,-0.08898622535721216,0.10973345824050042,-0.042122477136652,0.020862667383214555,0.7389052563195571,1.2679671955871838,-0.0005611292612073861,1.2685283248483912,0.0
824,16.48,hold,kick,3,1.2086946225360702,-0.08897363243201788,0.10973345824050042,-0.04147382921518113,0.020768214978139698,0.7462240133087437,1.2752594583834884,-0.0005111356303466215,1.275770594013835,0.0
825,16.5,hold,kick,4,1.2086787141585127,-0.08896103950682359,0.10973345824050042,-0.03883603561996014,0.020270480560437367,0.7558012084830381,1.2853939293675916,-0.0006035292773458149,1.2859974586449374,0.0
826,16.52,hold,kick,5,1.2086628057809552,-0.0889484465816293,0.10973345824050042,-0.03478053879842318,0.019500690767786294,0.7654534355270607,1.2958922128623487,-0.0007498568600981699,1.2966420697224468,0.0
827,16.54,hold,kick,6,1.2086468974033977,-0.08893585365643501,0.10973345824050042,-0.030383603632002727,0.018515436015702172,0.7731752667495633,1.3043443297272432,-0.0007913600544211287,1.3051356897816644,0.0
828,16.56,hold,kick,7,1.2086309890258402,-0.08892326073124072,0.10973345824050042,-0.02673209423957735,0.01756814937270728,0.7781240608554857,1.309685143322231,-0.0008804521765405221,1.3105655954987714,0.0
829,16.58,hold,kick,8,1.2086150806482827,-0.08891066780604644,0.10973345824050042,-0.024720643990326762,0.01688373986059949,0.7810362952059426,1.3126528844705116,-0.0005577620128360203,1.3132106464833477,0.0
830,16.6,hold,kick,9,1.2085991722707252,-0.08889807488085215,0.10973345824050042,-0.02387631326531202,0.016478714622572093,0.7827330478889536,1.3142508209095887,-0.00048640474337802164,1.3147372256529666,0.0
831,16.62,hold,kick,10,1.2085832638931677,-0.08888548195565786,0.10973345824050042,-0.023605715944188914,0.016329582972185064,0.783793106099579,1.3151780734900185,-0.0005434044169122382,1.3157214779069306,0.0
832,16.64,hold,kick,11,1.2085673555156102,-0.08887288903046357,0.10973345824050042,-0.023515077513187446,0.01633610300321765,0.784488103381601,1.3157509964019283,-0.0006530588399228342,1.316404055241851,0.0
833,16.66,hold,kick,12,1.2085514471380527,-0.08886029610526928,0.10973345824050042,-0.023377003187555645,0.016384738596619625,0.7849800386490113,1.316148455881813,-0.0007560052094573479,1.3169044610912704,0.0
834,16.68,hold,kick,13,1.2085355387604952,-0.088847703180075,0.10973345824050042,-0.023090406019277997,0.016418191675385302,0.7853437064447573,1.3164483392298045,-0.0008403577144996573,1.3172886969443043,0.0
835,16.7,hold,kick,14,1.2085196303829377,-0.08883511025488071,0.10973345824050042,-0.022629573773410426,0.01640892774721626,0.785627960103421,1.3166952963839451,-0.0009002505573982092,1.3175955469413434,0.0
836,16.72,hold,kick,15,1.2085037220053803,-0.08882251732968642,0.10973345824050042,-0.02201647609941238,0.016343389526242143,0.7858648626962812,1.3169135631690305,-0.0009450301064271305,1.3178585932754576,0.0
837,16.74,hold,kick,16,1.2084878136278228,-0.08880992440449213,0.10973345824050042,-0.02129025063805478,0.01623449622808779,0.7860763027825306,1.3171182693249774,-0.0009854437323893808,1.3181037130573667,0.0
838,16.76,hold,kick,17,1.2084719052502653,-0.08879733147929784,0.10973345824050042,-0.020489860428001674,0.01610364526311718,0.7862746636737444,1.3173181810314956,-0.001030067300376452,1.318348248331872,0.0
839,16.78,hold,kick,18,1.2084559968727078,-0.08878473855410356,0.10973345824050042,-0.019656560985840628,0.01597177516961108,0.7864558499483615,1.3175049539629424,-0.0010698160921326708,1.3185747700550752,0.0
840,16.8,hold,kick,19,1.2084400884951503,-0.08877214562890927,0.10973345824050042,-0.018822560056717,0.01585271100332643,0.786618038213325,1.3176735569392515,-0.0011105129055421353,1.3187840698447937,0.0
841,16.82,hold,kick,20,1.2084241801175928,-0.08875955270371498,0.10973345824050042,-0.017999615636677683,0.015752214933399605,0.7867653898731237,1.3178263782939879,-0.00115643283615674,1.3189828111301445,0.0
842,16.84,hold,kick,21,1.2084082717400353,-0.08874695977852069,0.10973345824050042,-0.017189020441435596,0.015670475778489627,0.7869049615941527,1.3179696460489967,-0.0012094077215084598,1.319179053770505,0.0
843,16.86,hold,kick,22,1.2083923633624778,-0.0887343668533264,0.10973345824050042,-0.01638714687766422,0.015602924245701576,0.7870393236051728,1.3181050612892076,-0.0012687845712554269,1.319373845860463,0.0
844,16.88,hold,kick,23,1.2083764549849203,-0.08872177392813212,0.10973345824050042,-0.015588379507072446,0.01554398792601768,0.7871699290554965,1.3182332548138957,-0.0013315280145316626,1.3195647828284274,0.0
845,16.9,hold,kick,24,1.2083605466073628,-0.08870918100293783,0.10973345824050042,-0.014786424273425362,0.015489910163980181,0.7872985526972278,1.3183554264680102,-0.0013979387270527874,1.319753365195063,0.0
846,16.92,hold,kick,25,1.2083446382298053,-0.08869658807774354,0.10973345824050042,-0.013972927595295065,0.015436961838653368,0.7874268912559995,1.318472944718068,-0.0014708825564549895,1.319943827274523,0.0
847,16.94,hold,kick,26,1.2083287298522478,-0.08868399515254925,0.10973345824050042,-0.013132119391894069,0.015379256971925229,0.7875557204157521,1.318586482734211,-0.001548843541715337,1.3201353262759263,0.0
848,16.96,hold,kick,27,1.2083128214746903,-0.08867140222735496,0.10973345824050042,-0.012242899843680361,0.015321584218307847,0.7876841408171322,1.3186968620803348,-0.0016299065072343279,1.320326768587569,0.0
849,16.98,hold,kick,28,1.2082969130971328,-0.08865880930216068,0.10973345824050042,-0.011295123327494234,0.015265223184033987,0.7878106260235628,1.318803682834568,-0.0017113075320431097,1.3205149903666111,0.0
850,17.0,hold,kick,29,1.2082810047195753,-0.08864621637696639,0.10973345824050042,-0.010285763433059154,0.015201107501373873,0.7879351104183968,1.318906558987544,-0.0017918213081554515,1.3206983802956993,0.0
851,17.02,hold,kick,30,1.2082650963420178,-0.0886336234517721,0.10973345824050042,-0.009210691068567837,0.015120487747279188,0.7880578456422386,1.3190053540129656,-0.0018720393356138967,1.3208773933485796,0.0
852,17.04,hold,kick,31,1.2082491879644603,-0.08862103052657781,0.10973345824050042,-0.00806142904418855,0.0150180600080866,0.7881765825210183,1.319098169505433,-0.001950113188518423,1.3210482826939514,0.0
853,17.06,hold,kick,32,1.2082332795869029,-0.08860843760138352,0.10973345824050042,-0.006826221151386573,0.014893577281433068,0.7882909179702857,1.3191854999556636,-0.0020234293187629884,1.3212089292744267,0.0
854,17.08,hold,kick,33,1.2082173712093454,-0.08859584467618924,0.10973345824050042,-0.00549780584123354,0.01474844941105629,0.7883990530424512,1.3192670343479886,-0.0020912161987322146,1.321358250546721,0.0
855,17.1,hold,kick,34,1.2082014628317879,-0.08858325175099495,0.10973345824050042,-0.004072813730828077,0.014583006672903144,0.7884967300797157,1.3193396481261557,-0.002152546984426247,1.321492195110582,0.0
856,17.12,hold,kick,35,1.2081855544542304,-0.08857065882580066,0.10973345824050042,-0.0025446920205432688,0.014396613084265817,0.7885808988886214,1.3194012016641783,-0.0022066807531228964,1.3216078824173012,0.0
857,17.14,hold,kick,36,1.2081696460766729,-0.08855806590060637,0.10973345824050042,-0.0009058511806098979,0.01418825845376133,0.7886486342089241,1.319449595036049,-0.0022534432245618803,1.3217030382606108,0.0
858,17.16,hold,kick,37,1.2081537376991154,-0.08854547297541208,0.10973345824050042,0.0008517471643511835,0.013956620545615465,0.7886971687817484,1.3194828135154155,-0.0022930545672639156,1.3217758680826794,0.0
859,17.18,hold,kick,38,1.2081378293215579,-0.0885328800502178,0.10973345824050042,0.0027363374785178527,0.013699865712107065,0.7887236112420335,1.3194986160840987,-0.002325698901866024,1.3218243149859648,0.0
860,17.2,hold,kick,39,1.2081219209440004,-0.08852028712502351,0.10973345824050042,0.004757700271186605,0.013414964345801696,0.7887246710279612,1.3194939774537568,-0.002351623888511605,1.3218456013422684,0.0
861,17.22,hold,kick,40,1.208106012566443,-0.08850769419982922,0.10973345824050042,0.0069198155723966615,0.013100297743621108,0.7886964802100344,1.3194641467717965,-0.0023703779585488687,1.3218345247303454,0.0
862,17.24,hold,kick,41,1.2080901041888854,-0.08849510127463493,0.10973345824050042,0.009237426669603723,0.012750238288284825,0.7886360576576259,1.3194067695493323,-0.0023803343169147492,1.321787103866247,0.0
863,17.26,hold,kick,42,1.208074195811328,-0.08848250834944064,0.10973345824050042,0.011717239324304827,0.012360693264462786,0.7885400843379751,1.3193192464528052,-0.0023809383082648815,1.32170018476107,0.0
864,17.28,hold,kick,43,1.2080582874337704,-0.08846991542424636,0.10973345824050042,0.01436243772198109,0.011931706429603978,0.7884067131430716,1.3191999320235135,-0.0023604292464760035,1.3215603612699895,0.0
865,17.3,hold,kick,44,1.208042379056213,-0.08845732249905207,0.10973345824050042,0.01717862626765346,0.011461273989622902,0.7882254554031491,1.3190380779952333,-0.002339550207015626,1.321377628202249,0.0
866,17.32,hold,kick,45,1.2080264706786554,-0.08844472957385778,0.10973345824050042,0.020172668955411355,0.010946131738600972,0.7879825408759679,1.3188179736565526,-0.002337983848644573,1.3211559575051972,0.0
867,17.34,hold,kick,46,1.208010562301098,-0.08843213664866349,0.10973345824050042,0.02335502408151308,0.010387056760379095,0.7876768220122485,1.3185376947608944,-0.002340249272148657,1.3208779440330431,0.0
868,17.36,hold,kick,47,1.2079946539235404,-0.0884195437234692,0.10973345824050042,0.026737826538092233,0.009780324413008657,0.7873031990558829,1.3181903048945376,-0.0023349884224187906,1.3205252933169564,0.0
869,17.38,hold,kick,48,1.207978745545983,-0.08840695079827492,0.10973345824050042,0.03033175720862921,0.009120705245948093,0.7868503875066726,1.31776119263842,-0.0023165178130722976,1.3200777104514925,0.0
870,17.4,hold,kick,49,1.2079628371684255,-0.08839435787308063,0.10973345824050042,0.03414302379200589,0.008404712839420216,0.7863075774176201,1.3172360620668706,-0.0022841378169867407,1.3195201998838573,0.0
871,17.42,hold,kick,50,1.207946928790868,-0.08838176494788634,0.10973345824050042,0.038178434770865355,0.007633629101359173,0.7856729414312821,1.3166080393297472,-0.0022361598870894728,1.3188441992168367,0.0
872,17.44,hold,kick,51,1.2079310204133105,-0.08836917202269205,0.10973345824050042,0.04244041983296147,0.0068112541791933755,0.7849576684411055,1.3158825736143958,-0.0021107294546179774,1.3179933030690136,0.0
873,17.46,hold,kick,52,1.207915112035753,-0.08835657909749776,0.10973345824050042,0.047128108746470915,0.006370450364619402,0.7845060410901221,1.3154308669346473,-0.002605878862424277,1.3180367457970716,0.0
874,17.48,hold,kick,53,1.2078992036581955,-0.08834398617230348,0.10973345824050042,0.0524049287263649,0.006421112481276991,0.7846956912833521,1.315615334654994,-0.0030188785409345255,1.3186342131959286,0.0
875,17.5,hold,kick,54,1.207883295280638,-0.08833139324710919,0.10973345824050042,0.05790890950940042,0.00612526785974865,0.7849985128353312,1.3157544849360245,-0.0027506510635705236,1.318505135999595,0.0
876,17.52,hold,kick,55,1.2078673869030805,-0.0883188003219149,0.10973345824050042,0.0636243215287098,0.00457206123390579,0.7849594420056206,1.315424884388109,-0.0023065254373640966,1.317731409825473,0.0
877,17.54,hold,kick,56,1.207851478525523,-0.08830620739672061,0.10973345824050042,0.070034759120259,0.0017967970201202307,0.7845034872451654,1.3147533086677157,-0.0022201927764290176,1.3169735014441446,0.0
878,17.56,hold,kick,57,1.2078355701479655,-0.08829361447152632,0.10973345824050042,0.0774500633765201,-0.002044139049986957,0.7834564697361697,1.313668634248786,-0.0021714619882536347,1.3158400962370396,0.0
879,17.58,hold,kick,58,1.207819661770408,-0.08828102154633204,0.10973345824050042,0.08584026341509451,-0.00668543874713164,0.7818766859326586,1.3122005980809235,-0.002074428563493474,1.314275026644417,0.0
880,17.6,hold,kick,59,1.2078037533928505,-0.08826842862113775,0.10973345824050042,0.09517913971272246,-0.011660536713848044,0.7798191316750783,1.3103731164579229,-0.0019185263466045925,1.3122916428045275,0.0
881,17.62,hold,kick,60,1.207787845015293,-0.08825583569594346,0.10973345824050042,0.10522433093723975,-0.01666143529786364,0.7772832751159563,1.3081179262362146,-0.0018377876919290562,1.3099557139281437,0.0
882,17.64,hold,kick,61,1.2077719366377355,-0.08824324277074917,0.10973345824050042,0.11550714021389064,-0.02150957862942438,0.7748169335814228,1.3058568227070777,-0.0016825674800461342,1.3075393901871237,0.0
883,17.66,hold,kick,62,1.207756028260178,-0.08823064984555488,0.10973345824050042,0.1253940488805925,-0.026193483408234425,0.7734721558419395,1.304583959844996,-0.0011971030233073332,1.3057810628683033,0.0
884,17.68,hold,kick,63,1.2077401198826205,-0.0882180569203606,0.10973345824050042,0.13496918974622765,-0.03109743031562115,0.7732145461951627,1.3043632920633021,-0.001340891469105425,1.3057041835324075,0.0
885,17.7,hold,kick,64,1.207724211505063,-0.08820546399516631,0.10973345824050042,0.14443616767131034,-0.03639043662689513,0.7740293050858307,1.3052294650234093,-0.001712178360512729,1.306941643383922,0.0
886,17.72,hold,kick,65,1.2077083031275055,-0.08819287106997202,0.10973345824050042,0.1538822038308202,-0.04224938905050724,0.775904023266856,1.3071730082618536,-0.0022372522763128705,1.3094102605381663,0.0
887,17.74,hold,kick,66,1.207692394749948,-0.08818027814477773,0.10973345824050042,0.16353225616437916,-0.048776518775178364,0.7787134666962219,1.3100832463465812,-0.0027451962261181295,1.3128284425726995,0.0
888,17.76,hold,kick,67,1.2076764863723906,-0.08816768521958344,0.10973345824050042,0.17333157719787662,-0.055857069800114796,0.7822096662221398,1.313662679571961,-0.0031560489529936717,1.3168187285249546,0.0
889,17.78,hold,kick,68,1.207660577994833,-0.08815509229438916,0.10973345824050042,0.18315400384985722,-0.06324873825533599,0.7859722734211065,1.3174400883787485,-0.003987282674598025,1.3214273710533466,0.0
890,17.8,hold,kick,69,1.2076446696172756,-0.08814249936919487,0.10973345824050042,0.19311722573380294,-0.07062359671959823,0.7894901035675057,1.3209233320873865,-0.003986660084120047,1.3249099921715066,0.0
891,17.82,hold,kick,70,1.207628761239718,-0.08812990644400058,0.10973345824050042,0.20318849106025355,-0.07728986859655615,0.7920682049225282,1.3234229665815516,-0.0041046339249584535,1.32752760050651,0.0
892,17.84,hold,kick,71,1.2076128528621606,-0.08811731351880629,0.10973345824050042,0.21310778955941095,-0.08299620272790294,0.7934547177756652,1.3246279946780408,-0.0017045079298998456,1.3263325026079407,0.0
893,17.86,hold,kick,72,1.207596944484603,-0.088104720593612,0.10973345824050042,0.22276295901947735,-0.08798316995025356,0.7941804501159234,1.3249908640763048,-0.0005925302073313959,1.3255833942836361,0.0
894,17.88,hold,kick,73,1.2075810361070456,-0.08809212766841772,0.10973345824050042,0.2323538551282206,-0.09242749891073451,0.794577578718248,1.3247980391359884,-0.0005322807565383905,1.3253303198925268,0.0
895,17.9,hold,kick,74,1.207565127729488,-0.08807953474322343,0.10973345824050042,0.24235602209508134,-0.09656071620070017,0.7946610525499929,1.324141869725362,-0.0005081330855686156,1.3246500028109305,0.0
896,17.92,hold,kick,75,1.2075492193519306,-0.08806694181802914,0.10973345824050042,0.2531465500616337,-0.10060906173389247,0.7942777665042895,1.3230411966220699,-0.0005301105382048317,1.3235713071602746,0.0
897,17.94,hold,kick,76,1.207533310974373,-0.08805434889283485,0.10973345824050042,0.2649880913917557,-0.10477786954764257,0.7932748079344314,1.3215375032711518,-0.0005867329382067063,1.3221242362093586,0.0
898,17.96,hold,kick,77,1.2075174025968156,-0.08804175596764056,0.10973345824050042,0.2781375140837651,-0.10924620248975471,0.7917754794079356,1.3199249855808037,-0.0006981764818868794,1.3206231620626907,0.0
899,17.98,hold,kick,78,1.2075014942192581,-0.08802916304244628,0.10973345824050042,0.2927678952932856,-0.11411136467988896,0.7899509397786455,1.3184262595378669,-0.0009128861999041435,1.319339145737771,0.0
900,18.0,hold,kick,79,1.2074855858417006,-0.08801657011725199,0.10973345824050042,0.30878387080854414,-0.1191408967248371,0.7878226499976245,1.3169110260817722,-0.0011651321864432143,1.3180761582682154,0.0
901,18.02,hold,kick,80,1.2074696774641431,-0.0880039771920577,0.10973345824050042,0.32589391213743224,-0.12413764131889848,0.7853799859573698,1.315152555535444,-0.001486699103099013,1.316639254638543,0.0
902,18.04,hold,kick,81,1.2074537690865856,-0.08799138426686341,0.10973345824050042,0.3440595997392005,-0.1293589667599035,0.7825183238436205,1.3129855297372521,-0.0018829138264071857,1.3148684435636593,0.0
903,18.06,hold,kick,82,1.2074378607090281,-0.08797879134166912,0.10973345824050042,0.36354760977020834,-0.13490695056447669,0.7790560240087145,1.310225450030963,-0.0022627043741444385,1.3124881544051072,0.0
904,18.08,hold,kick,83,1.2074219523314706,-0.08796619841647484,0.10973345824050042,0.38456437869704124,-0.1405293289551836,0.774857348856252,1.3066631615178008,-0.0025725978504248376,1.3092357593682256,0.0
905,18.1,hold,kick,84,1.2074060439539132,-0.08795360549128055,0.10973345824050042,0.4070982387378077,-0.14609850489127216,0.7699675005034881,1.3022093226492277,-0.0028926866476756616,1.3051020092969035,0.0
906,18.12,hold,kick,85,1.2073901355763557,-0.08794101256608626,0.10973345824050042,0.43080941216905355,-0.15167731591188666,0.7645191220958848,1.2968186736641938,-0.0032607613014108625,1.3000794349656046,0.0
907,18.14,hold,kick,86,1.2073742271987982,-0.08792841964089197,0.10973345824050042,0.4553459390494395,-0.1571668912367228,0.7586162280740603,1.290473754086747,-0.0048711573432020094,1.2953449114299491,0.0
908,18.16,hold,kick,87,1.2073583188212407,-0.08791582671569768,0.10973345824050042,0.4770824555698621,-0.16329857366584374,0.7559837482764183,1.2869449744774262,-0.004706469938710822,1.291651444416137,0.0
909,18.18,hold,kick,88,1.2073424104436832,-0.0879032337905034,0.10973345824050042,0.49758233420989484,-0.16873800494526164,0.7561440038514621,1.2861767820236576,-0.004196206788560614,1.2903729888122182,0.0
910,18.2,hold,kick,89,1.2073265020661257,-0.08789064086530911,0.10973345824050042,0.5182560361496965,-0.17303582350582242,0.7574324486511004,1.2865013169774675,-0.004134050381155191,1.2906353673586226,0.0
911,18.22,hold,kick,90,1.2073105936885682,-0.08787804794011482,0.10973345824050042,0.5384749818762977,-0.1757354964161145,0.7588849358369707,1.287218985684323,-0.004143931291463718,1.2913629169757868,0.0
912,18.24,hold,kick,91,1.2072946853110107,-0.08786545501492053,0.10973345824050042,0.557766434187283,-0.1769676208887309,0.7608150686173134,1.2887006600242463,-0.0021425468259855737,1.2908432068502318,0.0
913,18.26,hold,kick,92,1.2072787769334532,-0.08785286208972624,0.10973345824050042,0.5758562980886612,-0.17695271322537814,0.7643204843475802,1.2920642007741223,-0.0010928810484352389,1.2931570818225575,0.0
914,18.28,hold,kick,93,1.2072628685558957,-0.08784026916453196,0.10973345824050042,0.5931138947822961,-0.17552009765383803,0.7689864247406806,1.2968212222042241,-0.0005299633452142474,1.2973511855494384,0.0
915,18.3,hold,kick,94,1.2072469601783382,-0.08782767623933767,0.10973345824050042,0.6090993634615826,-0.17304374787071206,0.774413817048823,1.3025067011111224,-0.0004715150288016612,1.3029782161399242,0.0
916,18.32,hold,kick,95,1.2072310518007807,-0.08781508331414338,0.10973345824050042,0.6235119414333705,-0.1702811820532362,0.7794762736891214,1.3079353512216674,-0.00042817193600433803,1.3083635231576718,0.0
917,18.34,hold,kick,96,1.2072151434232232,-0.08780249038894909,0.10973345824050042,0.6363356472824209,-0.16778901620568143,0.7834032717158396,1.3122886472912194,-0.0004164711290314954,1.312705118420251,0.0
918,18.36,hold,kick,97,1.2071992350456657,-0.0877898974637548,0.10973345824050042,0.6476452375142807,-0.16589461952495707,0.7860737473259768,1.315401873591109,-0.0004112933250196883,1.3158131669161288,0.0
919,18.38,hold,kick,98,1.2071833266681082,-0.08777730453856052,0.10973345824050042,0.6576669479749416,-0.16489239638269343,0.7877086512487975,1.3174490914307098,-0.00044606928403330415,1.317895160714743,0.0
920,18.4,hold,kick,99,1.2071674182905507,-0.08776471161336623,0.10973345824050042,0.6665178208500009,-0.1649242866138035,0.7886643305659631,1.3187568421683167,-0.0005455036861888342,1.3193023458545055,0.0
921,18.42,hold,kick,100,1.2071515099129932,-0.08775211868817194,0.10973345824050042,0.6741943306282194,-0.1658334664440931,0.7888625320406708,1.3192346783380717,-0.0005326594084169786,1.3197673377464887,0.0
922,18.44,hold,kick,101,1.2071356015354358,-0.08773952576297765,0.10973345824050042,0.6809445854944974,-0.1675543799437518,0.7883207714082514,1.3187635894478742,-0.00048597615179053755,1.3192495655996648,0.0
923,18.46,hold,kick,102,1.2071196931578783,-0.08772693283778336,0.10973345824050042,0.6873781046690084,-0.17021759141292875,0.7871982911437176,1.3173675710422694,-0.0004728021851460387,1.3178403732274155,0.0
924,18.48,hold,kick,103,1.2071037847803208,-0.08771433991258908,0.10973345824050042,0.6941382874983093,-0.17384349802638396,0.7856996728002056,1.3152200879384677,-0.00045938463928440684,1.315679472577752,0.0
925,18.5,hold,kick,104,1.2070878764027633,-0.08770174698739479,0.10973345824050042,0.701592362436303,-0.17810491396140696,0.7840892903424538,1.312676291992978,-0.00045189991244613814,1.313128191905424,0.0
926,18.52,hold,kick,105,1.2070719680252058,-0.0876891540622005,0.10973345824050042,0.7097629548260624,-0.18260304348616951,0.7824660769888699,1.3100076347696983,-0.0004977463692983075,1.3105053811389966,0.0
927,18.54,hold,kick,106,1.2070560596476483,-0.08767656113700621,0.10973345824050042,0.7188675690869957,-0.18697706677531922,0.7807461611896938,1.3073848697615449,-0.0006149641139993507,1.3079998338755443,0.0
928,18.56,hold,kick,107,1.2070401512700908,-0.08766396821181192,0.10973345824050042,0.7293944452987908,-0.1908379863447951,0.7787498525785235,1.3049473800789306,-0.0007421726708844029,1.3056895527498151,0.0
929,18.58,hold,kick,108,1.2070242428925333,-0.08765137528661764,0.10973345824050042,0.7415375520736031,-0.19378488478759973,0.776412101716144,1.302794440292287,-0.0009013238857313519,1.3036957641780185,0.0
930,18.6,hold,kick,109,1.2070083345149758,-0.08763878236142335,0.10973345824050042,0.7550878984208418,-0.19536671768918484,0.7737168386831461,1.3008666063247452,-0.0010669997303583284,1.3019336060551034,0.0
931,18.62,hold,kick,110,1.2069924261374183,-0.08762618943622906,0.10973345824050042,0.7694318122270091,-0.19548688768895853,0.770438576493693,1.2985946774366766,-0.0011773591480011107,1.2997720365846777,0.0
932,18.64,hold,kick,111,1.2069765177598608,-0.08761359651103477,0.10973345824050042,0.7840540264863237,-0.19447299061838944,0.7664887215713388,1.2954499549450778,-0.00113884335485551,1.2965887982999333,0.0
933,18.66,hold,kick,112,1.211142861202884,-0.08083819187718647,0.1111783433682261,0.7984038789519685,-0.19300513623663587,0.7623210476467538,1.2915458903956434,-0.0009071531838747149,1.292453043579518,0.0
934,18.68,hold,kick,113,1.219147623016533,-0.06673885285983365,0.10972013908777307,0.8125212226515929,-0.19202457926112035,0.7580636239367825,1.2868683739962923,-0.007595385954990569,1.294463759951283,0.0
935,18.7,hold,kick,114,1.2252829179889908,-0.05612702357771471,0.11024205598101441,0.8242063292964017,-0.1904774486514702,0.7563433016795762,1.2845672950887435,-0.006316599346733148,1.2908838944354766,0.0
936,18.72,hold,kick,115,1.2304675315732447,-0.04702060111953811,0.10952554976826506,0.8333390337948566,-0.18982693706654985,0.7559035863470694,1.2836681022535326,-0.004881835926460784,1.2885499381799934,0.0
937,18.74,hold,kick,116,1.2346748277457387,-0.039355441166593196,0.10955962563652726,0.841721013615255,-0.19038389908689476,0.7561007191469088,1.2833297221629285,-0.004417985181883313,1.2877477073448118,0.0
938,18.76,hold,kick,117,1.2387347750504485,-0.03190762088649698,0.10966453565225497,0.8507166213547124,-0.19087015833138482,0.7576378669177926,1.2842288154036605,-0.003994645934896582,1.288223461338557,0.0
939,18.78,hold,kick,118,1.2427763735094988,-0.024486708468711302,0.10972567143159545,0.8599290013347323,-0.19143684762986254,0.760823138480696,1.286998920639081,-0.001150650072535439,1.2881495707116164,0.0
940,18.8,hold,kick,119,1.2468158592774043,-0.017068800610188575,0.10975078252815598,0.868469839906734,-0.19246311143871384,0.7646072581343287,1.290886546972822,-0.000965964853249391,1.2918525118260713,0.0
941,18.82,hold,kick,120,1.2508551742061762,-0.009651092869669593,0.10975820023777952,0.8765063727432887,-0.1939195616767578,0.768370968653168,1.295105674181408,-0.0008456889960516203,1.2959513631774595,0.0
942,18.84,hold,kick,121,1.2548944966428288,-0.002233356555081085,0.10975856999632465,0.8842709001573912,-0.19553404757870807,0.7717340784874042,1.2990868042771941,-0.0006810227596409091,1.2997678270368351,0.0
943,18.86,hold,kick,122,1.2589338204502754,0.005184384202959623,0.1097565550282795,0.8919858722894425,-0.19703827126554843,0.7743514433109985,1.30233527323254,-0.0005185760026562361,1.3028538492351962,0.0
944,18.88,hold,kick,123,1.2629731349168254,0.012602108058485821,0.10975389172522283,0.9003388654551063,-0.1986424952602927,0.7768375072180966,1.305269306949684,-0.0005454600788490048,1.305814767028533,0.0
945,18.9,hold,kick,124,1.2670124359718422,0.02001980731800531,0.10975113573018572,0.9096028783407291,-0.19998122633075077,0.7787398901458571,1.307528092142543,-0.00041867617871023735,1.3079467683212531,0.0
946,18.92,hold,kick,125,1.2710517227241742,0.027437480316592468,0.10974843113254991,0.9195054912569268,-0.20101719244253613,0.7796066388495999,1.3087279405206147,-0.0004088460242535827,1.3091367865448682,0.0
947,18.94,hold,kick,126,1.2750909952959428,0.03485512727480218,0.10974580035873972,0.9297772395112969,-0.20197229766138483,0.7794129461755357,1.3088223712871492,-0.00040847126182403173,1.3092308425489732,0.0
948,18.96,hold,kick,127,1.2791302540337148,0.04227274882858401,0.10974323852326694,0.9405157934041435,-0.20316503500091013,0.7783212260708627,1.3078886331127384,-0.00042475693979293627,1.3083133900525312,0.0
949,18.98,hold,kick,128,1.283169499292244,0.04969034562933738,0.109740738658003,0.9516183229079939,-0.20473873389439423,0.7761677308558136,1.3057634453030151,-0.0004231060075769316,1.3061865513105921,0.0
950,19.0,hold,kick,129,1.2872087313977751,0.057107918276164,0.10973829612297611,0.9631394021785106,-0.20644447871590565,0.7728310909559805,1.3023904544488794,-0.00040478568142749555,1.302795240130307,0.0
951,19.02,hold,kick,130,1.2912479506844836,0.06452546738273748,0.10973602973517388,0.9755849806869351,-0.2079186691319891,0.7686496727997424,1.2982031629623698,-0.000431262722382187,1.298634425684752,0.0
952,19.04,hold,kick,131,1.2952871586138757,0.07194299563294243,0.10973457868569869,0.989187960435413,-0.20921652568512913,0.7638182086675611,1.293438945647205,-0.0005103877587621375,1.2939493334059673,0.0
953,19.06,hold,kick,132,1.299326359000332,0.07936051003143609,0.10973388426504806,1.0041044097456133,-0.21057497604476508,0.7583961288476393,1.288140041836471,-0.0007271434967568956,1.2888671853332279,0.0
954,19.08,hold,kick,133,1.30336555550398,0.0867780172996117,0.109733601276965,1.0194240137978634,-0.21158956352154085,0.753475147773075,1.2833004344586643,-0.00426473760313149,1.2875651720617958,0.0
955,19.1,hold,kick,134,1.3074047503204025,0.09419552146939628,0.10973349965397579,1.0308548272975078,-0.2116396165595611,0.7546158328075447,1.2846446695596458,-0.0016456924384237008,1.2862903619980695,0.0
956,19.12,hold,kick,135,1.3114439444929271,0.10161302445673777,0.10973346762094255,1.041943649757964,-0.21279488859360815,0.7580884590418037,1.2882146742332181,-0.0020137822553762397,1.2902284564885944,0.0
957,19.14,hold,kick,136,1.3154831384479417,0.10903052704464834,0.10973345917044386,1.0534367137109075,-0.2143184395360834,0.7620805993467261,1.2923179740548587,-0.002366289987987588,1.2946842640428462,0.0
958,19.16,hold,kick,137,1.3195223323393919,0.11644802951583026,0.10973345763359516,1.0649879374743392,-0.21614352155825214,0.765715906307855,1.29609885573918,-0.00271992696582965,1.2988187827050095,0.0
959,19.18,hold,kick,138,1.3235615262161655,0.123865531960061,0.1097334577019746,1.0764727762946673,-0.21819529120466605,0.7686186613166381,1.299166430497297,-0.0030633275752811953,1.3022297580725781,0.0
960,19.2,hold,kick,139,1.32760072009132,0.13128303440131858,0.10973345795244746,1.087608496926554,-0.22031514896331156,0.7708053710105031,1.301524946945165,-0.0033618081524644586,1.3048867550976295,0.0
961,19.22,hold,kick,140,1.331639913967312,0.1387005368441135,0.10973345811477189,1.0984205397418607,-0.2223643443188981,0.7726965164009838,1.3035735080934117,-0.003618441496078005,1.3071919495894897,0.0
962,19.24,hold,kick,141,1.3356791078440913,0.1461180392883542,0.10973345819264697,1.1091532797072283,-0.22441032590584847,0.7745160890019538,1.305491331779756,-0.0038646440853716615,1.3093559758651276,0.0
963,19.26,hold,kick,142,1.3397183017212984,0.15353554173338058,0.10973345822441988,1.1198640376058147,-0.22662744822490577,0.7764889092455952,1.3074252242662991,-0.004118165751397937,1.3115433900176972,0.0
964,19.28,hold,kick,143,1.343757495598694,0.1609530441787527,0.10973345823583955,1.1310434144570682,-0.22884690197848542,0.7785114467034258,1.3093187237824337,-0.004387899025997746,1.3137066228084315,0.0
965,19.3,hold,kick,144,1.3477966894761617,0.16837054662425746,0.10973345823944254,1.1428779480070133,-0.23085417942177427,0.7805581737438044,1.3112366710045933,-0.004596118228297905,1.3158327892328912,0.0
966,19.32,hold,kick,145,1.3518358833536532,0.17578804906980716,0.10973345824039439,1.154890654499916,-0.23285938253355545,0.7826165825139383,1.313149800038768,-0.004640861822332212,1.3177906618611002,0.0
967,19.34,hold,kick,146,1.3558750772311534,0.18320555151536996,0.10973345824056818,1.1665166457404275,-0.2349629025940753,0.7843793689323064,1.3147666698391844,-0.004611518612543664,1.3193781884517282,0.0
968,19.36,hold,kick,147,1.3599142711086565,0.19062305396093573,0.10973345824056094,1.1773970681678758,-0.2370578140886914,0.7856078241914229,1.3158726841294615,-0.0022676035518371662,1.3181402876812987,0.0
969,19.38,hold,kick,148,1.3639534649861595,0.19804055640650156,0.10973345824053296,1.1874282256613098,-0.2389711660184447,0.7865528865439305,1.316696850351942,-0.0011183563348057153,1.3178152066867477,0.0
970,19.4,hold,kick,149,1.3679926588636626,0.2054580588520674,0.10973345824051478,1.196752452783821,-0.24064264256301668,0.7873361519975717,1.3173837857968742,-0.0008599119368514069,1.3182436977337255,0.0
971,19.42,hold,kick,150,1.3720318527411657,0.21287556129763321,0.10973345824050602,1.205697213843539,-0.24209935269337968,0.7879448534442508,1.3179787805372425,-0.0005897173658576289,1.3185684979031,0.0
972,19.44,hold,kick,151,1.3760710466186687,0.22029306374319904,0.10973345824050246,1.2144042111849171,-0.24317590774049166,0.7888077682946413,1.318921795238626,-0.0005166120274284897,1.3194384072660545,0.0
973,19.46,hold,kick,152,1.3801102404961718,0.22771056618876487,0.10973345824050118,1.2227560109792133,-0.24403912083464696,0.789933057841339,1.3201891182269152,-0.0005144619683893209,1.3207035801953044,0.0
974,19.48,hold,kick,153,1.3841494343736749,0.2351280686343307,0.10973345824050078,1.2303893038728846,-0.2447933284076653,0.7912162118522725,1.3215711520048854,-0.0006373829197996485,1.322208534924685,0.0
975,19.5,hold,kick,154,1.388188628251178,0.24254557107989652,0.10973345824050078,1.237111700727211,-0.24530827852930737,0.7927196822369509,1.3230786055367756,-0.0009312889727697213,1.3240098945095453,0.0
976,19.52,hold,kick,155,1.392227822128681,0.24996307352546235,0.10973345824050078,1.2430263876887657,-0.2455928210153824,0.7944648286331666,1.3247566134537156,-0.0013129285892168746,1.3260695420429325,0.0
977,19.54,hold,kick,156,1.396267016006184,0.25738057597102815,0.10973345824050078,1.2485004122222791,-0.24565616012633815,0.7962466477941385,1.3264655214489998,-0.0016121205547725524,1.3280776420037723,0.0
978,19.56,hold,kick,157,1.4003062098836871,0.264798078416594,0.10973345824050078,1.253689829637202,-0.2453969565418067,0.7978882944194997,1.3280297854894747,-0.0018341150975938643,1.3298639005870685,0.0
979,19.58,hold,kick,158,1.4043454037611902,0.2722155808621598,0.10973345824050078,1.2584714356506568,-0.24465943089793027,0.7993818331093463,1.3294087812077597,-0.002007191107618954,1.3314159723153787,0.0
980,19.6,hold,kick,159,1.4083845976386933,0.2796330833077256,0.10973345824050078,1.2628484947465428,-0.24328352917624085,0.8007434865163159,1.330626535539757,-0.0021263621135677938,1.332752897653325,0.0
981,19.62,hold,kick,160,1.4124237915161963,0.28705058575329145,0.10973345824050078,1.2669386579075632,-0.24127038506752996,0.8019231850504865,1.3316638953712996,-0.002186095654821904,1.3338499910261215,0.0
982,19.64,hold,kick,161,1.4164629853936994,0.2944680881988573,0.10973345824050078,1.2706938228007933,-0.23885227517789337,0.8028270051304548,1.332459481662052,-0.002242975491772655,1.3347024571538246,0.0
983,19.66,hold,kick,162,1.4205021792712025,0.3018855906444231,0.10973345824050078,1.2738078095530911,-0.2363084097035635,0.8032199759748789,1.3327805173554292,-0.0021931847022047465,1.334973702057634,0.0
984,19.68,hold,kick,163,1.4245413731487055,0.30930309308998893,0.10973345824050078,1.2766059141086812,-0.23363146006644567,0.8029045039358007,1.3323559351917396,-0.0021502232490756,1.334506158440815,0.0
985,19.7,hold,kick,164,1.4285805670262086,0.31672059553555476,0.10973345824050078,1.2793905426184007,-0.23085386230923952,0.8016351788165383,1.3309413124380383,-0.0020622345112847433,1.333003546949323,0.0
986,19.72,hold,kick,165,1.4326197609037117,0.3241380979811206,0.10973345824050078,1.2821579134976322,-0.22806965125748166,0.7990279302654923,1.3281674105232575,-0.0021367748057667807,1.3303041853290243,0.0
987,19.74,hold,kick,166,1.4366589547812147,0.3315556004266864,0.10973345824050078,1.2847355067506443,-0.22471476652195943,0.7958217282154986,1.3246687390298533,-0.0032759645960118537,1.3279447036258651,0.0
988,19.76,hold,kick,167,1.4406981486587178,0.33897310287225224,0.10973345824050078,1.287026117503641,-0.22089351371332555,0.7932179301545412,1.3217788311615186,-0.0026932539244982727,1.324472085086017,0.0
989,19.78,hold,kick,168,1.4447373425362209,0.34639060531781807,0.10973345824050078,1.288992342175726,-0.21744301605201669,0.7904120099925666,1.3188771953557135,-0.0027463650413375833,1.321623560397051,0.0
990,19.8,hold,kick,169,1.448776536413724,0.3538081077633839,0.10973345824050078,1.2907577094605704,-0.21393819817064558,0.787652596101363,1.316134889644275,-0.003802875435482418,1.3199377650797575,0.0
991,19.82,hold,kick,170,1.452815730291227,0.3612256102089497,0.10973345824050078,1.2924556387965118,-0.21108682819067234,0.7856995994784691,1.314376650848196,-0.0035114089771160067,1.317888059825312,0.0
992,19.84,hold,kick,171,1.45685492416873,0.36864311265451555,0.10973345824050078,1.2939023196807815,-0.20870009954516486,0.7840332064022749,1.3130988156652874,-0.003633926609762715,1.31673274227505,0.0
993,19.86,hold,kick,172,1.4608941180462331,0.3760606151000814,0.10973345824050078,1.2946977599702914,-0.206484880847274,0.7822479454300653,1.3118715321045462,-0.0032718174990179483,1.3151433496035643,0.0
994,19.88,hold,kick,173,1.4649333119237362,0.3834781175456472,0.10973345824050078,1.2946501874726835,-0.20419724351921495,0.7802093798928275,1.3104875954426223,-0.0030090684736616136,1.313496663916284,0.0
995,19.9,hold,kick,174,1.4689725058012393,0.39089561999121303,0.10973345824050078,1.293747674713386,-0.20143850257587373,0.7777738243789521,1.3086928079180227,-0.002849297521772886,1.3115421054397955,0.0
996,19.92,hold,kick,175,1.4730116996787423,0.39831312243677885,0.10973345824050078,1.2921048874032541,-0.19813500207795862,0.7749805075960029,1.306433131575562,-0.0030018203375790573,1.309434951913141,0.0
997,19.94,hold,kick,176,1.4770508935562454,0.4057306248823447,0.10973345824050078,1.28983228686744,-0.19473647865128102,0.7724494082961706,1.3042682070066136,-0.002893770864071367,1.3071619778706849,0.0
998,19.96,hold,kick,177,1.4810900874337485,0.4131481273279105,0.10973345824050078,1.287306128770675,-0.19126912788361308,0.7704333546567356,1.3024447462191333,-0.0027182634490647978,1.305163009668198,0.0
999,19.98,hold,kick,178,1.4851292813112515,0.42056562977347633,0.10973345824050078,1.284923786811997,-0.18761324152774575,0.768779381299314,1.300853380618147,-0.0024889516409128502,1.3033423322590598,0.0
1000,20.0,hold,kick,179,1.4891684751887546,0.42798313221904216,0.10973345824050078,1.2827999918586104,-0.18386696862218183,0.7674105472732413,1.2994675547864203,-0.0023433252199759023,1.301810880006396,0.0
1001,20.02,hold,kick,180,1.4932076690662577,0.435400634664608,0.10973345824050078,1.2809393230204469,-0.1801530149256991,0.7663228369496582,1.298324930896221,-0.0022613347456772355,1.3005862656418983,0.0
1002,20.04,hold,kick,181,1.4972468629437607,0.4428181371101738,0.10973345824050078,1.279330633797627,-0.17651761952515516,0.7654791447382742,1.2974081636925858,-0.0021995527298066253,1.2996077164223925,0.0
1003,20.06,hold,kick,182,1.5012860568212638,0.45023563955573964,0.10973345824050078,1.2779842152325813,-0.17297241399655844,0.7647617785960743,1.2966200182824534,-0.00212022851664884,1.2987402467991023,0.0
1004,20.08,hold,kick,183,1.5053252506987669,0.45765314200130547,0.10973345824050078,1.276857814464089,-0.16946396800088104,0.7640399851340212,1.2958414159000693,-0.0019849683306014457,1.2978263842306708,0.0
1005,20.1,hold,kick,184,1.50936444457627,0.4650706444468713,0.10973345824050078,1.2757950296878835,-0.16598076041861845,0.763298246650179,1.2950367558849045,-0.001816852496556328,1.2968536083814608,0.0
1006,20.12,hold,kick,185,1.513403638453773,0.4724881468924371,0.10973345824050078,1.2747195460439378,-0.1625713620294715,0.76259792404916,1.2942499225849002,-0.00165638623765154,1.2959063088225518,0.0
1007,20.14,hold,kick,186,1.517442832331276,0.47990564933800295,0.10973345824050078,1.2737307926197787,-0.15936484172659568,0.7619512968722715,1.293498749913,-0.0015226375879132635,1.2950213875009131,0.0
1008,20.16,hold,kick,187,1.5214820262087791,0.4873231517835688,0.10973345824050078,1.2729464367396242,-0.15641833470010902,0.7613214478373063,1.2927716444410255,-0.0013870053588989247,1.2941586497999245,0.0
1009,20.18,hold,kick,188,1.5255212200862822,0.4947406542291346,0.10973345824050078,1.2723678721105285,-0.15368499888547102,0.7606712448935233,1.2920378222710835,-0.0012474652305471227,1.2932852875016307,0.0
1010,20.2,hold,kick,189,1.5295604139637853,0.5021581566746998,0.10973345824050078,1.2719292101351727,-0.15115107060743038,0.760064213202617,1.2913475293691816,-0.0011329189329616456,1.2924804483021433,0.0
1011,20.22,hold,kick,190,1.5335996078412883,0.5095756591202634,0.10973345824050078,1.2716470012761367,-0.14883310309754258,0.759497772011315,1.2907064282980327,-0.0010547614716728618,1.2917611897697057,0.0
1012,20.24,hold,kick,191,1.5376388017187914,0.516993161565827,0.10973345824050078,1.2715656549445737,-0.1467197309493348,0.7588961836374282,1.2900526391503904,-0.0009953814402760448,1.2910480205906665,0.0
1013,20.26,hold,kick,192,1.5416779955962945,0.5244106640113906,0.10973345824050078,1.2716241854380161,-0.14480429799569708,0.7582129784537405,1.2893329353152119,-0.0009134568341501552,1.290246392149362,0.0
1014,20.28,hold,kick,193,1.5457171894737975,0.5318281664569542,0.10973345824050078,1.2717178511419356,-0.14303298914826415,0.7574834847641774,1.2885596059469666,-0.0008312531049576716,1.2893908590519243,0.0
1015,20.3,hold,kick,194,1.5497563833513006,0.5392456689025178,0.10973345824050078,1.271846131291997,-0.14137035165949247,0.7567777546152723,1.287801985194945,-0.000786386422701825,1.2885883716176467,0.0
1016,20.32,hold,kick,195,1.5537955772288037,0.5466631713480814,0.10973345824050078,1.272023474439822,-0.1398724660714802,0.7560955159917941,1.2870653434705328,-0.0007850227859073008,1.28785036625644,0.0
1017,20.34,hold,kick,196,1.5578347711063067,0.554080673793645,0.10973345824050078,1.2722342473443051,-0.13854695583625704,0.7553682653864742,1.2862825655829104,-0.0007869274912384108,1.2870694930741489,0.0
1018,20.36,hold,kick,197,1.5618739649838098,0.5614981762392086,0.10973345824050078,1.2724596735914786,-0.1373333761555639,0.7545333667891773,1.2853965297662697,-0.000800840881280792,1.2861973706475505,0.0
1019,20.38,hold,kick,198,1.5659131588613129,0.5689156786847722,0.10973345824050078,1.2726933025939824,-0.13621205941039194,0.7536469831577123,1.2844619286225232,-0.0008034371881140492,1.2852653658106372,0.0
1020,20.4,hold,kick,199,1.569952352738816,0.5763331811303358,0.10973345824050078,1.2728942090417787,-0.1351996112927023,0.7528728753846284,1.2836267249786484,-0.0007857400937335349,1.2844124650723818,0.0
1021,20.42,hold,kick,200,1.573991546616319,0.5837506835758994,0.10973345824050078,1.2730280139924934,-0.13429146131987818,0.7522947954106176,1.2829687807515735,-0.000770699304393635,1.2837394800559672,0.0
1022,20.44,hold,kick,201,1.578030740493822,0.591168186021463,0.10973345824050078,1.2731010294221574,-0.13351490259793455,0.7518823901759812,1.2824628199047967,-0.0007695412034662702,1.283232361108263,0.0
1023,20.46,hold,kick,202,1.5820699343713251,0.5985856884670266,0.10973345824050078,1.2731548801250068,-0.13289448022528164,0.7515536335186184,1.2820393910991845,-0.0007697686210879282,1.2828091597202724,0.0
1024,20.48,hold,kick,203,1.5861091282488282,0.6060031909125903,0.10973345824050078,1.273223748635221,-0.1324204302454933,0.751232034485781,1.2816331233250076,-0.0007797121486045923,1.2824128354736122,0.0
1025,20.5,hold,kick,204,1.5901483221263313,0.6134206933581539,0.10973345824050078,1.273282698955692,-0.13210132591057988,0.7508649206549516,1.2811832129057454,-0.0008037952765480236,1.2819870081822935,0.0
1026,20.52,hold,kick,205,1.5941875160038343,0.6208381958037175,0.10973345824050078,1.2733330911746472,-0.1319307637973903,0.7504293104624262,1.280661268138823,-0.0008234961765561516,1.281484764315379,0.0
1027,20.54,hold,kick,206,1.5982267098813374,0.6282556982492811,0.10973345824050078,1.2734276513168719,-0.13184855352654545,0.7499863268804069,1.2801374306644508,-0.0008398445439833681,1.2809772752084343,0.0
1028,20.56,hold,kick,207,1.6022659037588405,0.6356732006948447,0.10973345824050078,1.2736329251582925,-0.13184069219259698,0.7496755812976547,1.2797561428384776,-0.0008866376899905777,1.2806427805284681,0.0
1029,20.58,hold,kick,208,1.6063050976363435,0.6430907031404083,0.10973345824050078,1.2740028511356971,-0.1318541247304197,0.7497963203486071,1.279806589412163,-0.000976765194992655,1.2807833546071556,0.0
1030,20.6,hold,kick,209,1.6103442915138466,0.6505082055859719,0.10973345824050078,1.2745865039473334,-0.1318645282903435,0.7504005613862824,1.2803827525146507,-0.0010891597394789634,1.2814719122541296,0.0
1031,20.62,hold,kick,210,1.6143834853913497,0.6579257080315355,0.10973345824050078,1.2752811233143648,-0.13190112706418436,0.7511699671145377,1.2811718331295234,-0.0011617171735846497,1.2823335503031081,0.0
1032,20.64,hold,kick,211,1.6184226792688527,0.6653432104770991,0.10973345824050078,1.276047575094776,-0.13198965430001794,0.7518717928763782,1.281932964781453,-0.001199885554402702,1.2831328503358557,0.0
1033,20.66,hold,kick,212,1.6224618731463558,0.6727607129226627,0.10973345824050078,1.276857716391053,-0.13212947893417584,0.7524432534020035,1.2825954416268335,-0.0012145565309349682,1.2838099981577684,0.0
1034,20.68,hold,kick,213,1.6265010670238589,0.6801782153682263,0.10973345824050078,1.277692552632318,-0.13231494744056102,0.7528445485804017,1.28311174374692,-0.0012200244344636596,1.2843317681813835,0.0
1035,20.7,hold,kick,214,1.630540260901362,0.6875957178137899,0.10973345824050078,1.278538832434754,-0.1325345059171517,0.7530532065983586,1.283453192274399,-0.0012230531299926989,1.2846762454043916,0.0
1036,20.72,hold,kick,215,1.634579454778865,0.6950132202593535,0.10973345824050078,1.2793892147785768,-0.13277766076039374,0.7530595032537472,1.2836038732095503,-0.0012243015676588025,1.284828174777209,0.0
1037,20.74,hold,kick,216,1.638618648656368,0.7024307227049171,0.10973345824050078,1.2802544758236054,-0.13301619878287552,0.7528515151918643,1.2835508988800168,-0.0012236885824205394,1.2847745874624374,0.0
1038,20.76,hold,kick,217,1.6426578425338711,0.7098482251504807,0.10973345824050078,1.2811197572820077,-0.13323791674064295,0.7524121616874786,1.2832696559284043,-0.0012232258822858083,1.28449288181069,0.0
1039,20.78,hold,kick,218,1.6466970364113742,0.7172657275960443,0.10973345824050078,1.281983936475774,-0.13343425649320964,0.7517276653900082,1.2827421998223314,-0.001222850218432582,1.283965050040764,0.0
1040,20.8,hold,kick,219,1.6507362302888773,0.724683230041608,0.10973345824050078,1.2828365580543863,-0.1336005520778125,0.7507966850016904,1.281961948901139,-0.0012207162878385656,1.2831826651889775,0.0
1041,20.82,hold,kick,220,1.6547754241663803,0.7321007324871716,0.10973345824050078,1.2836542065434573,-0.13374099721943183,0.7496291738328396,1.2809323854858692,-0.001216282598485434,1.2821486680843546,0.0
1042,20.84,hold,kick,221,1.6588146180438834,0.7395182349327352,0.10973345824050078,1.2844195484490142,-0.13385189193936858,0.7482465739119198,1.2796714427475748,-0.0012067437429310116,1.2808781864905059,0.0
1043,20.86,hold,kick,222,1.6628538119213865,0.7469357373782988,0.10973345824050078,1.285116243329443,-0.1339216834630367,0.7466819120250405,1.2782117381476787,-0.0011876257523712394,1.27939936390005,0.0
1044,20.88,hold,kick,223,1.6668930057988895,0.7543532398238624,0.10973345824050078,1.285722438265447,-0.13394014501610527,0.7449831199233157,1.2766012209899744,-0.0011547528448582686,1.2777559738348327,0.0
1045,20.9,hold,kick,224,1.6709321996763926,0.761770742269426,0.10973345824050078,1.286221263671969,-0.1338952187187382,0.7432175219149565,1.2749082566550713,-0.0011023718834876385,1.276010628538559,0.0
1046,20.92,hold,kick,225,1.6749713935538957,0.7691882447149896,0.10973345824050078,1.286600804380949,-0.13376583403571704,0.7414763580845188,1.273225505930667,-0.00102223624145786,1.2742477421721248,0.0
1047,20.94,hold,kick,226,1.6790105874313987,0.7766057471605532,0.10973345824050078,1.2868570160049797,-0.13352304955367997,0.7398929772658628,1.271686774414631,-0.0008988889371436375,1.2725856633517747,0.0
1048,20.96,hold,kick,227,1.6830497813089018,0.7840232496061168,0.10973345824050078,1.2870283316779183,-0.13315317682690322,0.7386520508756865,1.2704762846614674,-0.00072727110072969,1.2712035557621972,0.0
1049,20.98,hold,kick,228,1.6870889751864049,0.7914407520516804,0.10973345824050078,1.2871924457767698,-0.13268937915211595,0.7380251146976259,1.2698628879712452,-0.0005783867008516373,1.2704412746720968,0.0
1050,21.0,hold,kick,229,1.691128169063908,0.798858254497244,0.10973345824050078,1.2874512464109562,-0.13221715997514205,0.7381590625368738,1.2699993667172986,-0.0005393879723067235,1.2705387546896054,0.0
1051,21.02,hold,kick,230,1.695167362941411,0.8062757569428076,0.10973345824050078,1.2878287749079351,-0.13183174656658442,0.7389328116905547,1.2707694315090692,-0.0005402556118096619,1.2713096871208789,0.0
1052,21.04,hold,kick,231,1.699206556818914,0.8136932593883712,0.10973345824050078,1.2882361531059474,-0.13157402722303427,0.7400827038646134,1.2719097874801524,-0.000550997994489922,1.2724607854746424,0.0
1053,21.06,hold,kick,232,1.7032457506964171,0.8211107618339348,0.10973345824050078,1.2885906642113283,-0.13143970457620513,0.7413524721777544,1.2731644181646944,-0.0005629025880452519,1.2737273207527395,0.0
1054,21.08,hold,kick,233,1.7072849445739202,0.8285282642794984,0.10973345824050078,1.2888571963784936,-0.1314109066751381,0.7425532645426582,1.2743444034060745,-0.0005750640447318434,1.2749194674508062,0.0
1055,21.1,hold,kick,234,1.7113241384514233,0.835945766725062,0.10973345824050078,1.2890374462438907,-0.13145363085415304,0.7435701063133875,1.2753345767300563,-0.0005829158555712005,1.2759174925856276,0.0
1056,21.12,hold,kick,235,1.7153633323289263,0.8433632691706257,0.10973345824050078,1.2891660297259635,-0.1315269800178568,0.7443608595158557,1.2760938676863407,-0.0005854590073023358,1.276679326693643,0.0
1057,21.14,hold,kick,236,1.7194025262064294,0.8507807716161893,0.10973345824050078,1.2892852534251118,-0.131605793144296,0.7449360859192955,1.276635162426583,-0.0005848504141766353,1.2772200128407596,0.0
1058,21.16,hold,kick,237,1.7234417200839325,0.8581982740617529,0.10973345824050078,1.2894403513381585,-0.13166259822347948,0.7453279249019659,1.2769950083415536,-0.0005816310989444212,1.277576639440498,0.0
1059,21.18,hold,kick,238,1.7274809139614355,0.8656157765073165,0.10973345824050078,1.289657242426983,-0.13169381908833738,0.7455723658380016,1.2772112930666548,-0.0005776763529764806,1.2777889694196314,0.0
1060,21.2,hold,kick,239,1.7315201078389386,0.8730332789528801,0.10973345824050078,1.289954041799402,-0.13169252736893527,0.7457146511860138,1.2773306375425726,-0.0005760736189546999,1.2779067111615272,0.0
1061,21.22,hold,kick,240,1.7355593017164417,0.8804507813984437,0.10973345824050078,1.2903366964670062,-0.13166080715865736,0.7457978447247549,1.2773963353411832,-0.0005731719935554366,1.2779695073347386,0.0
1062,21.24,hold,kick,241,1.7395984955939447,0.8878682838440073,0.10973345824050078,1.290800234942188,-0.13161576898802427,0.7458474184200431,1.2774306436575107,-0.0005703857619078385,1.2780010294194186,0.0
1063,21.26,hold,kick,242,1.7436376894714478,0.8952857862895709,0.10973345824050078,1.2913390660678241,-0.131553302897523,0.7458764947708856,1.2774460835289134,-0.0005684414182790289,1.2780145249471924,0.0
1064,21.28,hold,kick,243,1.7476768833489509,0.9027032887351345,0.10973345824050078,1.291941453865996,-0.1314711209785902,0.7458938443223091,1.277450722756864,-0.0005673940550154286,1.2780181168118796,0.0
1065,21.3,hold,kick,244,1.751716077226454,0.9101207911806981,0.10973345824050078,1.2925928807973608,-0.13136964549994662,0.7459059150553946,1.2774504155572082,-0.0005681755706512907,1.2780185911278594,0.0
1066,21.32,hold,kick,245,1.755755271103957,0.9175382936262617,0.10973345824050078,1.2932783821197273,-0.13125374720202898,0.7459140708338677,1.2774462554266293,-0.00057087610625145,1.2780171315328808,0.0
1067,21.34,hold,kick,246,1.75979446498146,0.9249557960718253,0.10973345824050078,1.2939840141827268,-0.1311177431411582,0.7459137612661755,1.2774344453056732,-0.0005728622980707733,1.278007307603744,0.0
1068,21.36,hold,kick,247,1.7638336588589631,0.9323732985173889,0.10973345824050078,1.2946985120549381,-0.13096220999430327,0.7459016574106142,1.2774120817511863,-0.0005740581298728162,1.277986139881059,0.0
1069,21.38,hold,kick,248,1.7678728527364662,0.9397908009629525,0.10973345824050078,1.2954143584983018,-0.13079134851729407,0.7458756878543746,1.277377189872332,-0.0005746799093707573,1.2779518697817027,0.0
1070,21.4,hold,kick,249,1.7719120466139693,0.9472083034085161,0.10973345824050078,1.2961309529099652,-0.13061065321297055,0.7458348097848638,1.2773286531695187,-0.000574944525972558,1.2779035976954913,0.0
1071,21.42,hold,kick,250,1.7759512404914723,0.9546258058540797,0.10973345824050078,1.296852505038281,-0.1304222869799429,0.7457779032304575,1.277265416223907,-0.0005750968195907362,1.2778405130434978,0.0
1072,21.44,hold,kick,251,1.7799904343689754,0.9620433082996434,0.10973345824050078,1.2975799132996484,-0.13022860559368907,0.7457056395069297,1.277188225484335,-0.000576278899358941,1.2777645043836938,0.0
1073,21.46,hold,kick,252,1.7840296282464785,0.969460810745207,0.10973345824050078,1.298308152658604,-0.13003409488405984,0.7456137461008038,1.2770930921804686,-0.0005777964709683253,1.277670888651437,0.0
1074,21.48,hold,kick,253,1.7880688221239815,0.9768783131907706,0.10973345824050078,1.2990311095395635,-0.1298428920248118,0.7454965893776418,1.2769744045041158,-0.0005781761502472067,1.277552580654363,0.0
1075,21.5,hold,kick,254,1.7921080160014846,0.9842958156363342,0.10973345824050078,1.2997467525076805,-0.12966023241345026,0.745352222740268,1.2768298399467681,-0.0005768348743227722,1.2774066748210908,0.0
1076,21.52,hold,kick,255,1.7961472098789877,0.9917133180818978,0.10973345824050078,1.3004622620779707,-0.1294903367154392,0.7451812229277813,1.2766591451090512,-0.0005771464748646205,1.277236291583916,0.0
1077,21.54,hold,kick,256,1.8001864037564907,0.9991308205274614,0.10973345824050078,1.301189153441474,-0.12933224589837516,0.7449828281053097,1.276461303992682,-0.000577652674712683,1.2770389566673948,0.0
1078,21.56,hold,kick,257,1.8042255976339938,1.006548322973029,0.10973345824050078,1.301933100880668,-0.1291773103855552,0.7447558664994693,1.2762363372690348,-0.0005778769160897229,1.2768142141851246,0.0
1079,21.58,hold,kick,258,1.8082647915114969,1.013965825418597,0.10973345824050078,1.3026417253021714,-0.12906822921673375,0.7442766340946101,1.275768945462044,-0.0005711543559698933,1.2763400998180139,0.0
1080,21.6,hold,kick,259,1.812303985389,1.021383327864165,0.10973345824050078,1.3033135478316995,-0.1290525281119546,0.7437931777859556,1.2752632690834589,-0.0005517025562905113,1.2758149716397493,0.0
1081,21.62,hold,kick,260,1.816343179266503,1.0288008303097331,0.10973345824050078,1.304011587630548,-0.129072328802173,0.7435091543759493,1.2749471521723799,-0.0005450397660967214,1.2754921919384765,0.0
1082,21.64,hold,kick,261,1.820382373144006,1.0362183327553012,0.10973345824050078,1.3046915775991474,-0.12914324375841993,0.7433047034199314,1.2747095703577118,-0.0005455165808104512,1.2752550869385222,0.0
1083,21.66,hold,kick,262,1.8244215670215091,1.0436358352008692,0.10973345824050078,1.3052573916283925,-0.12925115887746744,0.7431037056106068,1.2744825704770333,-0.0005463781177424618,1.2750289485947757,0.0
1084,21.68,hold,kick,263,1.8284607608990122,1.0510533376464373,0.10973345824050078,1.305674331860802,-0.1293739005944023,0.7428677733045658,1.2742279256359317,-0.0005463828040228533,1.2747743084399545,0.0
1085,21.7,hold,kick,264,1.8324999547765153,1.0584708400920053,0.10973345824050078,1.3059401316010266,-0.1295036691746099,0.7425873829313332,1.273933223160931,-0.0005469194059447187,1.2744801425668757,0.0
1086,21.72,hold,kick,265,1.8365391486540183,1.0658883425375734,0.10973345824050078,1.3060656255868588,-0.1296235127475345,0.7422742731245004,1.2736078289873962,-0.0005464172314485413,1.2741542462188447,0.0
1087,21.74,hold,kick,266,1.8405783425315214,1.0733058449831414,0.10973345824050078,1.3060813579613744,-0.12971885515384526,0.741946494286236,1.273267006395285,-0.0005453422221446888,1.2738123486174295,0.0
1088,21.76,hold,kick,267,1.8446175364090245,1.0807233474287095,0.10973345824050078,1.306014564348208,-0.12978248659551497,0.7416195496605336,1.2729240920653555,-0.0005438008247031743,1.2734678928900587,0.0
1089,21.78,hold,kick,268,1.8486567302865275,1.0881408498742775,0.10973345824050078,1.3058858727346414,-0.12981325320049678,0.7413052814483196,1.2725892400283,-0.0005417726261212792,1.2731310126544213,0.0
1090,21.8,hold,kick,269,1.8526959241640306,1.0955583523198456,0.10973345824050078,1.3057109892234142,-0.12981294488827644,0.7410108858039068,1.2722688707063063,-0.0005388555900063437,1.2728077262963127,0.0
1091,21.82,hold,kick,270,1.8567351180415337,1.1029758547654136,0.10973345824050078,1.3055015784719974,-0.12978523077453752,0.7407399948761247,1.2719666779114616,-0.000535103998672036,1.2725017819101336,0.0
1092,21.84,hold,kick,271,1.8607743119190367,1.1103933572109816,0.10973345824050078,1.3052668884501557,-0.12973438474447835,0.7404965229516821,1.2716872620179003,-0.0005333755135684716,1.2722206375314689,0.0
1093,21.86,hold,kick,272,1.8648135057965398,1.1178108596565497,0.10973345824050078,1.3050132321708017,-0.12966198596454093,0.7402836222262624,1.2714351927038652,-0.0005311962492874668,1.2719663889531527,0.0
1094,21.88,hold,kick,273,1.8688526996740429,1.1252283621021177,0.10973345824050078,1.304738288091321,-0.1295689365896248,0.7401024952541951,1.2712136622326677,-0.0005304642368718186,1.2717441264695395,0.0
1095,21.9,hold,kick,274,1.872891893551546,1.1326458645476858,0.10973345824050078,1.3044382286006795,-0.12945582162482527,0.7399509787654549,1.2710226040506,-0.0005294115757738284,1.271552015626374,0.0
1096,21.92,hold,kick,275,1.876931087429049,1.1400633669932538,0.10973345824050078,1.3041130282049367,-0.12932315924271326,0.739824816623656,1.2708596024362535,-0.000527883831577796,1.2713874862678314,0.0
