tick,t_s,phase,task_mode,curr_motion_timestep,ball_x,ball_y,ball_z,base_x,base_y,base_z,robot_top_z,robot_bottom_z,robot_height,kick_aim_theta_deg
0,0.0,idle,locomotion,0,1.350000023841858,-0.05000000074505806,0.10989091315873106,-0.0007055163119586716,4.329155475279006e-05,0.7548205219916156,1.2868603455545191,-0.0006154918507145085,1.2874758374052335,0.0
1,0.02,idle,locomotion,0,1.350000023841858,-0.05000000074505806,0.10980902141344312,-0.002458243318044482,0.0001317709456889859,0.750996188288899,1.2829582426695922,-0.00046425700912941514,1.2834224996787216,0.0
2,0.04,idle,locomotion,0,1.350000023841858,-0.05000000074505806,0.10976503447145444,-0.004711089999085439,0.00027014386187321996,0.746061878722328,1.277814065127184,-0.0004138831387984626,1.2782279482659826,0.0
3,0.06,idle,locomotion,0,1.350000023841858,-0.05000000074505806,0.10974518062216254,-0.006993977860178433,0.00048610980110941966,0.7409448873188358,1.2723840492947611,-0.0004186674639701238,1.2728027167587312,0.0
4,0.08,idle,locomotion,0,1.350000023841858,-0.05000000074505806,0.10973731266832155,-0.009064101696263963,0.0008043438325737409,0.7362797914293049,1.2673540637797145,-0.00043546768754876286,1.2677895314672631,0.0
5,0.1,idle,locomotion,0,1.350000023841858,-0.05000000074505806,0.10973454404443848,-0.01082832124720355,0.0012395915165544248,0.7324531345550835,1.263162805050334,-0.0004617252960325696,1.2636245303463667,0.0
6,0.12,idle,locomotion,0,1.350000023841858,-0.05000000074505806,0.10973369052927323,-0.012298747384506897,0.0018079955593074664,0.7296477009454669,1.2600263304013002,-0.000485405094273212,1.2605117354955735,0.0
7,0.14,idle,locomotion,0,1.350000023841858,-0.05000000074505806,0.1097334732878534,-0.013532346866265995,0.0025101380283343534,0.7278969433279682,1.257992788111656,-0.0005020487809230846,1.258494836892579,0.0
8,0.16,idle,locomotion,0,1.350000023841858,-0.05000000074505806,0.10973343775080387,-0.01458366237044595,0.0033317004960987653,0.7271178915577491,1.2569846679233432,-0.0005117478816789624,1.2574964158050221,0.0
9,0.18,idle,locomotion,0,1.350000023841858,-0.05000000074505806,0.10973344222612894,-0.015491837915028386,0.004246123467565554,0.7271284600376242,1.2568221112441327,-0.0005151091657666432,1.2573372204098994,0.0
10,0.2,idle,locomotion,0,1.350000023841858,-0.05000000074505806,0.10973344999820983,-0.016287398143817248,0.005231342035634284,0.7277186951208234,1.257293857641632,-0.0005138752823163582,1.2578077329239483,0.0
11,0.22,idle,locomotion,0,1.350000023841858,-0.05000000074505806,0.1097334547231311,-0.017010981769748888,0.0062669680352335074,0.7286738410145036,1.2581749098787625,-0.0005102130747111806,1.2586851229534737,0.0
12,0.24,idle,locomotion,0,1.350000023841858,-0.05000000074505806,0.10973345692610834,-0.017684904942321996,0.007337263497405203,0.729798475956378,1.259259439105243,-0.0005057170985759314,1.2597651562038188,0.0
13,0.26,idle,locomotion,0,1.350000023841858,-0.05000000074505806,0.10973345780729221,-0.01831872574984714,0.008428926713768032,0.730921909025502,1.2603718475369887,-0.0005012145082652596,1.260873062045254,0.0
14,0.28,idle,locomotion,0,1.350000023841858,-0.05000000074505806,0.10973345811827714,-0.01892763272658353,0.009517075637846926,0.7319086907361255,1.2613688470722197,-0.0004972610866507826,1.2618661081588705,0.0
15,0.3,idle,locomotion,0,1.350000023841858,-0.05000000074505806,0.10973345821428342,-0.019525515067543065,0.010577441075606188,0.7326724317929858,1.2621559524629593,-0.0004950084411868456,1.262650960904146,0.0
16,0.32,idle,locomotion,0,1.350000023841858,-0.05000000074505806,0.10973345823876013,-0.02013019206078519,0.011596330478776807,0.7331819961001536,1.2626917792799897,-0.0004916553545832106,1.263183434634573,0.0
17,0.34,idle,locomotion,0,1.350000023841858,-0.05000000074505806,0.10973345824278434,-0.02073528570605324,0.012573111455614695,0.733440696725696,1.2629787501056267,-0.0004894522072810097,1.2634682023129076,0.0
18,0.36,idle,locomotion,0,1.350000023841858,-0.05000000074505806,0.10973345824229395,-0.02133880579573549,0.013502368594949537,0.733489616236031,1.2630543894358937,-0.00048808317796494166,1.2635424726138587,0.0
19,0.38,idle,locomotion,0,1.350000023841858,-0.05000000074505806,0.10973345824142507,-0.02193056682943893,0.014385323442983494,0.7333861122376144,1.262976712135921,-0.0004889311663816391,1.2634656433023026,0.0
20,0.4,idle,locomotion,0,1.350000023841858,-0.05000000074505806,0.10973345824089552,-0.02251289097637226,0.015218888026282726,0.7331837985782012,1.2627970494367802,-0.0004907552017589072,1.2632878046385392,0.0
21,0.42,idle,locomotion,0,1.350000023841858,-0.05000000074505806,0.10973345824064834,-0.023090083760687698,0.01599808621111814,0.7329285323713218,1.262558376782206,-0.0004923772591320999,1.263050754041338,0.0
22,0.44,idle,locomotion,0,1.350000023841858,-0.05000000074505806,0.10973345824054938,-0.023659667904757372,0.016719248775757773,0.7326600204148228,1.2623000551407848,-0.0004990410651272877,1.2627990962059121,0.0
23,0.46,idle,locomotion,0,1.350000023841858,-0.05000000074505806,0.10973345824051445,-0.024213589456021378,0.017380234802998284,0.7324074243442333,1.2620529348404728,-0.0005020708783222624,1.262555005718795,0.0
24,0.48,idle,locomotion,0,1.350000023841858,-0.05000000074505806,0.10973345824050364,-0.024744308049116127,0.017975132279276856,0.7321891182053345,1.2618369793796367,-0.0005037884134605174,1.2623407677930971,0.0
25,0.5,idle,locomotion,0,1.350000023841858,-0.05000000074505806,0.10973345824050088,-0.02524711466350212,0.018503245930702596,0.7320148442617492,1.2616632015471398,-0.0005048514840743923,1.2621680530312143,0.0
26,0.52,idle,locomotion,0,1.350000023841858,-0.05000000074505806,0.10973345824050044,-0.0257217894841332,0.01896604457232919,0.7318876984086427,1.2615353611753344,-0.0005057600435386389,1.2620411212188731,0.0
27,0.54,idle,locomotion,0,1.350000023841858,-0.05000000074505806,0.10973345824050044,-0.026168984959262204,0.019364982934201868,0.7318052518630884,1.2614514753749242,-0.0005069076267818183,1.261958383001706,0.0
28,0.56,idle,locomotion,0,1.350000023841858,-0.05000000074505806,0.10973345824050044,-0.02658907655388311,0.019700414705124392,0.7317591326001368,1.2614038297054484,-0.0005082487459999244,1.2619120784514484,0.0
29,0.58,idle,locomotion,0,1.350000023841858,-0.05000000074505806,0.10973345824050044,-0.026983171935079334,0.01997418667795562,0.7317322827701277,1.2613759616453117,-0.0005092674491957473,1.2618852290945075,0.0
30,0.6,idle,locomotion,0,1.350000023841858,-0.05000000074505806,0.10973345824050044,-0.027351843149474694,0.020188752035217875,0.7317122039720731,1.2613555595025405,-0.0005096756631708908,1.2618652351657114,0.0
31,0.62,idle,locomotion,0,1.350000023841858,-0.05000000074505806,0.10973345824050044,-0.027694976080713963,0.020344001697576518,0.7316951592897928,1.2613389988320916,-0.0005095177896393688,1.2618485166217308,0.0
32,0.64,idle,locomotion,0,1.350000023841858,-0.05000000074505806,0.10973345824050044,-0.02801257427682604,0.020441753890474104,0.7316806238853183,1.2613257126184285,-0.0005087138921863119,1.2618344265106147,0.0
33,0.66,idle,locomotion,0,1.350000023841858,-0.05000000074505806,0.10973345824050044,-0.02830480403278446,0.020485080557450228,0.7316691703109729,1.2613162799419184,-0.0005070277708383308,1.2618233077127567,0.0
34,0.68,idle,locomotion,0,1.350000023841858,-0.05000000074505806,0.10973345824050044,-0.028572288964370897,0.02047948952203501,0.7316591636953877,1.2613091568546744,-0.000505126754625794,1.2618142836093003,0.0
35,0.7,idle,locomotion,0,1.350000023841858,-0.05000000074505806,0.10973345824050044,-0.028815853384814707,0.02042835452055138,0.7316470748874231,1.2613008100880765,-0.0005041097734627617,1.2618049198615393,0.0
36,0.72,idle,locomotion,0,1.350000023841858,-0.05000000074505806,0.10973345824050044,-0.02903614805763116,0.020335731408471985,0.7316305562045313,1.2612888774144253,-0.0005031107728689851,1.2617919881872943,0.0
37,0.74,idle,locomotion,0,1.350000023841858,-0.05000000074505806,0.10973345824050044,-0.029234105335729593,0.020205305145177262,0.731608688992457,1.2612723031622284,-0.0005021143294422215,1.2617744174916705,0.0
38,0.76,idle,locomotion,0,1.350000023841858,-0.05000000074505806,0.10973345824050044,-0.02941123224366282,0.020041803038590513,0.7315820299593767,1.261251380251124,-0.0005010846551538259,1.261752464906278,0.0
39,0.78,idle,locomotion,0,1.350000023841858,-0.05000000074505806,0.10973345824050044,-0.029569804130621814,0.019851953724775367,0.7315525832646204,1.2612277413561357,-0.0005020860979372266,1.261729827454073,0.0
40,0.8,idle,locomotion,0,1.350000023841858,-0.05000000074505806,0.10973345824050044,-0.029711300287427193,0.01964016979275453,0.7315218968101292,1.2612027935828698,-0.0005032322400335618,1.2617060258229034,0.0
41,0.82,idle,locomotion,0,1.350000023841858,-0.05000000074505806,0.10973345824050044,-0.029836725669119185,0.019410088815867234,0.73149090725194,1.2611774122665131,-0.0005036684366359241,1.261681080703149,0.0
42,0.84,idle,locomotion,0,1.350000023841858,-0.05000000074505806,0.10973345824050044,-0.02994787011054296,0.01916618225463424,0.7314603406818639,1.2611520738864144,-0.0005044128621723987,1.2616564867485867,0.0
43,0.86,idle,locomotion,0,1.350000023841858,-0.05000000074505806,0.10973345824050044,-0.03004626260668055,0.01891241238482049,0.7314305829114666,1.2611269200771995,-0.0005051162054484984,1.261632036282648,0.0
44,0.88,idle,locomotion,0,1.350000023841858,-0.05000000074505806,0.10973345824050044,-0.03013301161220638,0.018652770734806895,0.7314019959672511,1.2611022304618495,-0.0005057339656972352,1.2616079644275469,0.0
45,0.9,idle,locomotion,0,1.350000023841858,-0.05000000074505806,0.10973345824050044,-0.03020890358220008,0.0183908658659116,0.7313747167151348,1.2610781707680265,-0.0005059975253702137,1.2615841682933968,0.0
46,0.92,idle,locomotion,0,1.350000023841858,-0.05000000074505806,0.10973345824050044,-0.03027465158407101,0.018129858676165386,0.7313487540572745,1.2610548104196944,-0.0005060125786388314,1.2615608229983333,0.0
47,0.94,idle,locomotion,0,1.350000023841858,-0.05000000074505806,0.10973345824050044,-0.030331308360063057,0.017873185933430607,0.7313244014207588,1.2610324597426745,-0.0005066063152522754,1.2615390660579269,0.0
48,0.96,idle,locomotion,0,1.350000023841858,-0.05000000074505806,0.10973345824050044,-0.030379562141266706,0.01762356172572505,0.7313014969090829,1.2610110553016665,-0.0005071209876182682,1.2615181762892846,0.0
49,0.98,idle,locomotion,0,1.350000023841858,-0.05000000074505806,0.10973345824050044,-0.030419965772365956,0.017383319340196067,0.7312797581671902,1.2609904182683822,-0.0005073473917807034,1.261497765660163,0.0
50,1.0,idle,locomotion,0,1.350000023841858,-0.05000000074505806,0.10973345824050044,-0.030453128827986984,0.01715474123909706,0.7312589998897896,1.2609704358883653,-0.0005073908006748562,1.26147782668904,0.0
51,1.02,idle,locomotion,0,1.350000023841858,-0.05000000074505806,0.10973345824050044,-0.030479709507614357,0.01694006220781516,0.7312391661810369,1.2609511126237918,-0.0005073812099717495,1.2614584938337636,0.0
52,1.04,idle,locomotion,0,1.350000023841858,-0.05000000074505806,0.10973345824050044,-0.030500338316343592,0.01674135754729167,0.7312203902886446,1.260932609448415,-0.000507386752650222,1.2614399962010652,0.0
53,1.06,idle,locomotion,0,1.350000023841858,-0.05000000074505806,0.10973345824050044,-0.03051560783751361,0.016560316280901648,0.7312030425451455,1.2609153069824033,-0.0005074174580222794,1.2614227244404255,0.0
54,1.08,idle,locomotion,0,1.350000023841858,-0.05000000074505806,0.10973345824050044,-0.030526067266390344,0.01639795867743571,0.7311874807895489,1.260899566121453,-0.0005074525152330284,1.2614070186366861,0.0
55,1.1,idle,locomotion,0,1.350000023841858,-0.05000000074505806,0.10973345824050044,-0.03053221765803959,0.016254867808978186,0.7311738380690066,1.2608855215724613,-0.0005074784694390488,1.2613930000419002,0.0
56,1.12,idle,locomotion,0,1.350000023841858,-0.05000000074505806,0.10973345824050044,-0.03053452199662453,0.01613133231515172,0.7311621477049887,1.2608732328444152,-0.0005075061554010406,1.2613807389998162,0.0
57,1.14,idle,locomotion,0,1.350000023841858,-0.05000000074505806,0.10973345824050044,-0.030533403605677138,0.01602729504894802,0.7311522977851475,1.2608626118301183,-0.0005075618490326082,1.261370173679151,0.0
58,1.16,idle,locomotion,0,1.350000023841858,-0.05000000074505806,0.10973345824050044,-0.03052928550014366,0.015942393796976456,0.731144162697155,1.2608535562655347,-0.0005076285120003757,1.2613611847775352,0.0
59,1.18,idle,locomotion,0,1.350000023841858,-0.05000000074505806,0.10973345824050044,-0.030522577178196866,0.0158760982762426,0.7311375807803004,1.2608459307038793,-0.0005076915401442984,1.2613536222440236,0.0
60,1.2,idle,locomotion,0,1.350000023841858,-0.05000000074505806,0.10973345824050044,-0.030513672053078558,0.01582770587553848,0.7311323619343364,1.2608395708246607,-0.0005077447235376266,1.2613473155481982,0.0
61,1.22,idle,locomotion,0,1.350000023841858,-0.05000000074505806,0.10973345824050044,-0.03050294807417997,0.01579636003287704,0.7311283110988586,1.260834304910055,-0.0005077860871529755,1.261342090997208,0.0
62,1.24,idle,locomotion,0,1.350000023841858,-0.05000000074505806,0.10973345824050044,-0.0304907694199137,0.01578107622731291,0.7311252176875381,1.2608299476173055,-0.000507811849272781,1.2613377594665782,0.0
63,1.26,idle,locomotion,0,1.350000023841858,-0.05000000074505806,0.10973345824050044,-0.03047754412178273,0.015780677791121057,0.7311224539119183,1.2608259089565481,-0.0005077955246580203,1.261333704481206,0.0
64,1.28,idle,locomotion,0,1.350000023841858,-0.05000000074505806,0.10973345824050044,-0.030463687532578426,0.015793519226695335,0.7311194444937666,1.2608216122635156,-0.000507764280804842,1.2613293765443205,0.0
65,1.3,idle,locomotion,0,1.350000023841858,-0.05000000074505806,0.10973345824050044,-0.030449552233486315,0.01581798498597075,0.7311160762487777,1.2608169444033686,-0.000507730293659369,1.261324674697028,0.0
66,1.32,idle,locomotion,0,1.350000023841858,-0.05000000074505806,0.10973345824050044,-0.030435458818616014,0.015852577292640804,0.7311123605457255,1.2608119196237892,-0.0005076933162053883,1.2613196129399946,0.0
67,1.34,idle,locomotion,0,1.350000023841858,-0.05000000074505806,0.10973345824050044,-0.030421700206134297,0.015895922022517044,0.7311083303102476,1.260806575451858,-0.0005076527467498433,1.2613142281986078,0.0
68,1.36,idle,locomotion,0,1.350000023841858,-0.05000000074505806,0.10973345824050044,-0.030408540089367782,0.015946835419192017,0.731103868836396,1.2608008227260157,-0.0005076122183965137,1.2613084349444121,0.0
69,1.38,idle,locomotion,0,1.350000023841858,-0.05000000074505806,0.10973345824050044,-0.03039621018059247,0.016004384772527754,0.7310986239260764,1.2607943592946322,-0.0005075834424925797,1.2613019427371248,0.0
70,1.4,idle,locomotion,0,1.350000023841858,-0.05000000074505806,0.10973345824050044,-0.03038493913482237,0.016067671726640174,0.7310925206839171,1.260787138444336,-0.0005075632102293989,1.2612947016545655,0.0
71,1.42,idle,locomotion,0,1.350000023841858,-0.05000000074505806,0.10973345824050044,-0.030374962778827366,0.01613582083976414,0.7310856622262765,1.260779266658463,-0.0005075468695599564,1.2612868135280229,0.0
72,1.44,idle,locomotion,0,1.350000023841858,-0.05000000074505806,0.10973345824050044,-0.030366499003396222,0.016207971730943824,0.7310782314035905,1.260770913584801,-0.0005075322844238957,1.261278445869225,0.0
73,1.46,idle,locomotion,0,1.350000023841858,-0.05000000074505806,0.10973345824050044,-0.030359727992458816,0.01628327790207969,0.731070420224083,1.260762252716764,-0.0005075184486984796,1.2612697711654624,0.0
74,1.48,idle,locomotion,0,1.350000023841858,-0.05000000074505806,0.10973345824050044,-0.030354779877047502,0.016360921091307143,0.7310623959982802,1.260753436140644,-0.0005075052197431734,1.2612609413603872,0.0
75,1.5,idle,locomotion,0,1.350000023841858,-0.05000000074505806,0.10973345824050044,-0.030351736909291653,0.016440130032612806,0.7310542788442156,1.2607445630054894,-0.0005074917212771236,1.2612520547267665,0.0
76,1.52,idle,locomotion,0,1.350000023841858,-0.05000000074505806,0.10973345824050044,-0.0303506539845963,0.016520116588822707,0.7310462309125989,1.2607357831824482,-0.0005074781132806232,1.2612432612957287,0.0
77,1.54,idle,locomotion,0,1.350000023841858,-0.05000000074505806,0.10973345824050044,-0.030351533659228984,0.016600173071557218,0.7310383486643504,1.26072718877039,-0.0005074647854496142,1.2612346535558396,0.0
78,1.56,idle,locomotion,0,1.350000023841858,-0.05000000074505806,0.10973345824050044,-0.030354350258219892,0.01667965514666621,0.7310307068013248,1.2607188470919777,-0.0005074517033897101,1.2612262987953673,0.0
79,1.58,idle,locomotion,0,1.350000023841858,-0.05000000074505806,0.10973345824050044,-0.030359070192091882,0.016757941374810608,0.7310233895719579,1.2607108313272932,-0.0005074386825740969,1.2612182700098673,0.0
80,1.6,idle,locomotion,0,1.350000023841858,-0.05000000074505806,0.10973345824050044,-0.030365633611922627,0.016834496232117455,0.7310164454007708,1.26070318607706,-0.0005074257771256335,1.2612106118541855,0.0
81,1.62,idle,locomotion,0,1.350000023841858,-0.05000000074505806,0.10973345824050044,-0.030373970053100337,0.016908836353288385,0.7310099143643336,1.2606959446005814,-0.0005074129787091888,1.2612033575792907,0.0
82,1.64,idle,locomotion,0,1.350000023841858,-0.05000000074505806,0.10973345824050044,-0.030383997824877926,0.016980532912243093,0.731003825227769,1.2606891336526453,-0.0005074004305880425,1.2611965340832334,0.0
83,1.66,idle,locomotion,0,1.350000023841858,-0.05000000074505806,0.10973345824050044,-0.030395611412151562,0.01704927160937371,0.7309981610296563,1.2606827416057036,-0.0005073882496873967,1.261190129855391,0.0
84,1.68,idle,locomotion,0,1.350000023841858,-0.05000000074505806,0.10973345824050044,-0.03040872407033874,0.017114732817433424,0.7309929591396842,1.2606768007439226,-0.0005073765270060086,1.2611841772709287,0.0
85,1.7,idle,locomotion,0,1.350000023841858,-0.05000000074505806,0.10973345824050044,-0.030423235948447272,0.017176715111115817,0.7309881926465452,1.2606712838394196,-0.0005073652445298435,1.2611786490839494,0.0
86,1.72,idle,locomotion,0,1.350000023841858,-0.05000000074505806,0.10973345824050044,-0.030439052389040648,0.01723504664824516,0.7309838403702642,1.2606661708311684,-0.0005073550037212812,1.2611735258348897,0.0
87,1.74,idle,locomotion,0,1.350000023841858,-0.05000000074505806,0.10973345824050044,-0.030456062836771436,0.01728967890801804,0.7309797659761543,1.2606613505533697,-0.0005073463136938995,1.2611686968670637,0.0
88,1.76,idle,locomotion,0,1.350000023841858,-0.05000000074505806,0.10973345824050044,-0.03047416331151152,0.017340626231066282,0.7309758546367471,1.2606567180824446,-0.0005073394534891688,1.2611640575359337,0.0
89,1.78,idle,locomotion,0,1.350000023841858,-0.05000000074505806,0.10973345824050044,-0.03049327302639949,0.017387942790950614,0.7309720518803192,1.2606522242335612,-0.0005073345286644784,1.2611595587622257,0.0
90,1.8,idle,locomotion,0,1.350000023841858,-0.05000000074505806,0.10973345824050044,-0.03051331519539817,0.01743170762577739,0.7309683438192038,1.2606478624277946,-0.0005073311633589477,1.2611551935911536,0.0
91,1.82,idle,locomotion,0,1.350000023841858,-0.05000000074505806,0.10973345824050044,-0.030534218838388787,0.017472038749366866,0.7309647235042066,1.2606436216606647,-0.0005073291028541704,1.2611509507635188,0.0
92,1.84,idle,locomotion,0,1.350000023841858,-0.05000000074505806,0.10973345824050044,-0.030555915633123418,0.017509058284906454,0.7309611836954825,1.2606394905797793,-0.0005073284410925007,1.261146819020872,0.0
93,1.86,idle,locomotion,0,1.350000023841858,-0.05000000074505806,0.10973345824050044,-0.030578340604582182,0.017542892027144468,0.7309577303550266,1.260635474245315,-0.0005073289888841599,1.2611428032341991,0.0
94,1.88,idle,locomotion,0,1.350000023841858,-0.05000000074505806,0.10973345824050044,-0.03060143303750026,0.017573693571353178,0.7309543538802857,1.2606315526296774,-0.0005073302533198237,1.2611388828829972,0.0
95,1.9,idle,locomotion,0,1.350000023841858,-0.05000000074505806,0.10973345824050044,-0.030625138094384045,0.017601622844560103,0.7309510667893728,1.260627738266536,-0.0005073319732959783,1.261135070239832,0.0
96,1.92,idle,locomotion,0,1.350000023841858,-0.05000000074505806,0.10973345824050044,-0.030649391080062958,0.017626896195347092,0.7309478445649832,1.2606240027260807,-0.0005073342827429037,1.2611313370088235,0.0
97,1.94,idle,locomotion,0,1.350000023841858,-0.05000000074505806,0.10973345824050044,-0.030674138394174464,0.01764970656350727,0.7309447072706847,1.2606203658201631,-0.000507337163214678,1.2611277029833778,0.0
98,1.96,idle,locomotion,0,1.350000023841858,-0.05000000074505806,0.10973345824050044,-0.03069931725782932,0.017670285438773622,0.7309416330199985,1.2606168036659184,-0.000507340649728568,1.261124144315647,0.0
99,1.98,idle,locomotion,0,1.350000023841858,-0.05000000074505806,0.10973345824050044,-0.030724876406630616,0.017688837336629237,0.7309386344639628,1.2606133265763098,-0.0005073446945305891,1.2611206712708403,0.0
100,2.0,idle,locomotion,0,1.350000023841858,-0.05000000074505806,0.10973345824050044,-0.030750756441475235,0.017705605291643882,0.7309356981461963,1.260609925539066,-0.00050734947483232,1.2611172750138981,0.0
101,2.02,idle,locomotion,0,1.350000023841858,-0.05000000074505806,0.10973345824050044,-0.03077690657580557,0.01772079689568207,0.7309328192220735,1.260606591403123,-0.0005073545837089855,1.261113945986832,0.0
102,2.04,idle,locomotion,0,1.350000023841858,-0.05000000074505806,0.10973345824050044,-0.0308032859799857,0.01773460196303178,0.7309299952706717,1.2606033165199113,-0.0005073600926321226,1.2611106766125435,0.0
103,2.06,idle,locomotion,0,1.350000023841858,-0.05000000074505806,0.10973345824050044,-0.030829855076532457,0.01774721592440334,0.7309272325570574,1.260600109067751,-0.000507366218957056,1.261107475286708,0.0
104,2.08,idle,locomotion,0,1.350000023841858,-0.05000000074505806,0.10973345824050044,-0.030856568816463443,0.01775883213371875,0.7309245190846256,1.2605969557773755,-0.0005073725695671077,1.2611043283469425,0.0
105,2.1,idle,locomotion,0,1.350000023841858,-0.05000000074505806,0.10973345824050044,-0.030883387832785936,0.017769623506890066,0.7309218564609853,1.2605938584840266,-0.0005073792625099084,1.2611012377465365,0.0
106,2.12,idle,locomotion,0,1.350000023841858,-0.05000000074505806,0.10973345824050044,-0.030910278553785343,0.017779741940809543,0.7309192425971631,1.2605908127000611,-0.0005073856400330083,1.2610981983400942,0.0
107,2.14,idle,locomotion,0,1.350000023841858,-0.05000000074505806,0.10973345824050044,-0.030937213130521887,0.01778933796868742,0.7309166729716777,1.260587809369799,-0.0005073923952395171,1.2610952017650385,0.0
108,2.16,idle,locomotion,0,1.350000023841858,-0.05000000074505806,0.10973345824050044,-0.03096416151862823,0.017798549648190234,0.730914146847232,1.2605848523160907,-0.0005073992886692746,1.26109225160476,0.0
109,2.18,idle,locomotion,0,1.350000023841858,-0.05000000074505806,0.10973345824050044,-0.030991100340043733,0.017807491006895115,0.7309116699243097,1.2605819416090933,-0.0005074059709943325,1.2610893475800877,0.0
110,2.2,idle,locomotion,0,1.350000023841858,-0.05000000074505806,0.10973345824050044,-0.031018005154947192,0.01781627975914122,0.7309092310314148,1.2605790693397847,-0.0005074125408950012,1.2610864818806797,0.0
111,2.22,idle,locomotion,0,1.350000023841858,-0.05000000074505806,0.10973345824050044,-0.031044862017457455,0.01782499789009371,0.7309068354523406,1.2605762343477374,-0.000507418918309837,1.2610836532660472,0.0
112,2.24,idle,locomotion,0,1.350000023841858,-0.05000000074505806,0.10973345824050044,-0.031071658162841163,0.017833721834562177,0.7309044789006229,1.2605734301714937,-0.000507425914761276,1.261080856086255,0.0
113,2.26,idle,locomotion,0,1.350000023841858,-0.05000000074505806,0.10973345824050044,-0.031098373615352132,0.017842538730187485,0.7309021627549896,1.2605706658750717,-0.00050743684311454,1.2610781027181863,0.0
114,2.28,idle,locomotion,0,1.350000023841858,-0.05000000074505806,0.10973345824050044,-0.031124997925015038,0.017851496730067914,0.730899903249386,1.2605679479572722,-0.0005074495752068961,1.261075397532479,0.0
115,2.3,idle,locomotion,0,1.350000023841858,-0.05000000074505806,0.10973345824050044,-0.031151512345441723,0.017860683262139056,0.7308976808661896,1.2605652637555438,-0.000507462931637493,1.2610727266871813,0.0
116,2.32,idle,locomotion,0,1.350000023841858,-0.05000000074505806,0.10973345824050044,-0.03117790642075846,0.017870135979169605,0.7308955000161131,1.2605626148408133,-0.0005074757755903006,1.2610700906164036,0.0
117,2.34,idle,locomotion,0,1.350000023841858,-0.05000000074505806,0.10973345824050044,-0.031204175652720614,0.017879886172242086,0.7308933635883994,1.2605600009176618,-0.0005074880685992933,1.2610674889862612,0.0
118,2.36,idle,locomotion,0,1.350000023841858,-0.05000000074505806,0.10973345824050044,-0.03123031098786409,0.017889972407802743,0.7308912675460086,1.2605574232912289,-0.0005074998881557276,1.2610649231793847,0.0
119,2.38,idle,locomotion,0,1.350000023841858,-0.05000000074505806,0.10973345824050044,-0.0312563089923181,0.01790041289634254,0.7308892150973316,1.2605548803153854,-0.0005075110657492485,1.2610623913811347,0.0
120,2.4,idle,locomotion,0,1.350000023841858,-0.05000000074505806,0.10973345824050044,-0.03128216426705306,0.017911230164612362,0.7308872068294106,1.2605523778363,-0.000507521758391534,1.2610598995946916,0.0
121,2.42,idle,locomotion,0,1.3499737775267961,-0.05001007576132187,0.10973345824050044,-0.03130787661398458,0.01792243283363882,0.7308852430928655,1.2605499105869933,-0.0005075319515386346,1.261057442538532,0.0
122,2.44,idle,locomotion,0,1.3498540137695385,-0.05006044726105597,0.10973416940911151,-0.03133344573779562,0.0179340235735997,0.730883326985527,1.2605474839279796,-0.0005075416423362122,1.2610550255703157,0.0
123,2.46,idle,locomotion,0,1.3495257511947132,-0.05021206177347799,0.10973712811443445,-0.031358865930848565,0.017946012617177758,0.7308814545140286,1.2605450965143128,-0.0005075508289007422,1.2610526473432135,0.0
124,2.48,idle,locomotion,0,1.3489555700866565,-0.05048715551890888,0.10974018847978018,-0.03138413774071669,0.017958385977078186,0.7308796320188296,1.26054275028572,-0.0005075595108838364,1.261050309796604,0.0
125,2.5,idle,locomotion,0,1.3480446302604168,-0.05092818420504182,0.10974414009499055,-0.03140925977765241,0.0179711344431744,0.7308778597605521,1.2605404491273136,-0.0005075677559720597,1.2610480168832856,0.0
126,2.52,idle,locomotion,0,1.346380746052493,-0.051703545365249626,0.1097498319170977,-0.03143422975061616,0.0179842535886163,0.730876133475898,1.2605381914925178,-0.0005075755126174447,1.2610457670051352,0.0
127,2.54,idle,locomotion,0,1.3433793755679584,-0.05303607674827367,0.10975627390777265,-0.031459052593231174,0.01799772016386326,0.7308744583287734,1.2605359763995079,-0.0005075829010416262,1.2610435593005496,0.0
128,2.56,idle,locomotion,0,1.3387370300665347,-0.05503431249732797,0.10976371290876312,-0.03148373070912684,0.01801151368837796,0.7308728365966412,1.260533809216483,-0.0005075898980740137,1.261041399114557,0.0
129,2.58,idle,locomotion,0,1.332667513562601,-0.0576020576800609,0.10977410024511493,-0.03150826236397721,0.01802562296140503,0.7308712646909801,1.2605316890287268,-0.0005075965662259228,1.2610392855949528,0.0
130,2.6,idle,locomotion,0,1.3256520974656612,-0.06052625782354713,0.10978494225701767,-0.03153265198655255,0.018040015932471027,0.7308697496698744,1.2605296172915734,-0.0005076027979870924,1.2610372200895605,0.0
131,2.62,idle,locomotion,0,1.3181856744791685,-0.06358329012505645,0.10979345366574442,-0.03155690061486165,0.018054669631359262,0.7308682929439757,1.260527598465892,-0.0005076086219009297,1.2610352070877928,0.0
132,2.64,idle,locomotion,0,1.3106794249171543,-0.06658713277757286,0.1097986540124703,-0.031581004038859585,0.018069575511071703,0.7308668820369505,1.2605256252808559,-0.0005076142232351422,1.261033239504091,0.0
133,2.66,idle,locomotion,0,1.30345956368116,-0.06939315809359503,0.10980220725946506,-0.03160497220780895,0.018084680322477655,0.7308655388458084,1.2605237115444117,-0.0005076192151385953,1.2610313307595502,0.0
134,2.68,idle,locomotion,0,1.2967736807242805,-0.07189808837699524,0.10980631414728813,-0.03162880966486857,0.01809997648819925,0.7308642472969258,1.2605218456299399,-0.0005076242735420379,1.2610294699034819,0.0
135,2.7,idle,locomotion,0,1.2908008182727246,-0.07403887667058642,0.10981064709482695,-0.03165251966148118,0.01811543404683247,0.7308630166203108,1.2605200393844211,-0.0005076289078950295,1.2610276682923163,0.0
136,2.72,idle,locomotion,0,1.2856612813179873,-0.07578961291347394,0.10981450937469335,-0.03167610332499144,0.018131033955181262,0.7308618445147473,1.26051828520116,-0.000507633299512613,1.2610259185006727,0.0
137,2.74,idle,locomotion,0,1.2814240749464108,-0.07715401351791891,0.1098174435731488,-0.03169955908082672,0.018146759908823765,0.7308607233917012,1.2605165802434224,-0.0005076374630350877,1.2610242177064575,0.0
138,2.76,idle,locomotion,0,1.2781131168054842,-0.07815490664992839,0.10981925510055174,-0.03172288716034719,0.01816258179081351,0.730859673113959,1.2605149442693402,-0.0005076412087699836,1.26102258547811,0.0
139,2.78,idle,locomotion,0,1.2757138763616036,-0.07882514957675567,0.10981993452244229,-0.03174608588536391,0.018178500209151773,0.730858679976051,1.26051336374836,-0.00050764502858687,1.261021008776947,0.0
140,2.8,idle,locomotion,0,1.2741804564320947,-0.07920218299860472,0.109819585217501,-0.03176916306054961,0.018194481857978295,0.7308577473828967,1.2605118383907168,-0.0005076486534485586,1.2610194870441653,0.0
141,2.82,idle,locomotion,0,1.2734423331181626,-0.07932537699146777,0.10981837176997589,-0.031792118629083176,0.018210516161840915,0.730856873653311,1.2605103719497386,-0.0005076520323712003,1.2610180239821098,0.0
142,2.84,idle,locomotion,0,1.2734103530542265,-0.07923469622553443,0.1098164862083569,-0.031814950403051934,0.018226587378419503,0.7308560615259589,1.26050896544969,-0.0005076551531246649,1.2610166206028146,0.0
143,2.86,idle,locomotion,0,1.273982059777728,-0.07896983521120614,0.10981412661066553,-0.03183765759722518,0.01824268017917415,0.7308553111557513,1.260507620042844,-0.0005076580237921291,1.2610152780666362,0.0
144,2.88,idle,locomotion,0,1.2750465740727812,-0.07856950393749915,0.10981148338876395,-0.031860241455401735,0.01825878397849679,0.7308546186179053,1.260506331908921,-0.0005076608756225259,1.2610139927845434,0.0
145,2.9,idle,locomotion,0,1.2764892011956563,-0.07807076710439924,0.10980873009795601,-0.0318827054638469,0.018274879426411084,0.7308539890238089,1.2605051059057495,-0.0005076634301762577,1.2610127693359257,0.0
146,2.92,idle,locomotion,0,1.2781958220042897,-0.077508409363659,0.10980601705127986,-0.03190505062575243,0.01829095517798801,0.7308534200166753,1.2605039400494977,-0.0005076657319651075,1.2610116057814629,0.0
147,2.94,idle,locomotion,0,1.2800147791321579,-0.07692158237035047,0.10978367306469265,-0.0319272781880873,0.018306998062620233,0.730852910249262,1.2605028345444753,-0.0005076678570966782,1.261010502401572,0.0
148,2.96,idle,locomotion,0,1.2818402915692484,-0.0763338583216178,0.10975852810211298,-0.031949393330275036,0.018322987668562225,0.7308524661830632,1.2605017914640944,-0.0005076696517261267,1.2610094611158205,0.0
149,2.98,idle,locomotion,0,1.2836666122030893,-0.07574603248636609,0.10974403910370274,-0.03197139685354219,0.018338927055109016,0.7308520783712049,1.2605008048566395,-0.0005076717667321755,1.2610084766233718,0.0
150,3.0,idle,locomotion,0,1.285493010775117,-0.07515820220368012,0.10973739035204878,-0.03199328979443771,0.01835480173379214,0.7308517503951576,1.2604998817284583,-0.0005076734396495496,1.261007555168108,0.0
151,3.02,idle,locomotion,0,1.2873194069282408,-0.0745703753861415,0.10973474853808922,-0.03201507410290925,0.01837060662878732,0.7308514734113768,1.260499006393579,-0.000507675242146028,1.261006681635725,0.0
152,3.04,idle,locomotion,0,1.2891457977759304,-0.07398255062569996,0.10973382021981942,-0.03203675224290716,0.018386327845538106,0.7308512655444446,1.260498204286143,-0.0005076768005826439,1.2610058810867257,0.0
153,3.06,idle,locomotion,0,1.290972186180284,-0.07339472669711185,0.1097335349368266,-0.03205832323095876,0.018401978942230054,0.7308511136902764,1.2604974559794142,-0.0005076784711606185,1.2610051344505748,0.0
154,3.08,idle,locomotion,0,1.2927985737282033,-0.07280690305008056,0.10973346274677184,-0.03207978610781537,0.018417551061600645,0.7308510195654716,1.2604967686235653,-0.0005076797186698394,1.2610044483422351,0.0
155,3.1,idle,locomotion,0,1.294624961028488,-0.07221907948351962,0.10973345115911518,-0.032101137742579874,0.01843304160754516,0.7308509810143814,1.2604961389007097,-0.000507680871002697,1.2610038197717124,0.0
156,3.12,idle,locomotion,0,1.2964513482747249,-0.07163125593445419,0.10973345279781037,-0.032122379902202916,0.018448451092231775,0.730850996705955,1.2604955633555792,-0.0005076821866722737,1.2610032455422515,0.0
157,3.14,idle,locomotion,0,1.2982777355170436,-0.07104343238666251,0.1097334554548435,-0.03214351151835737,0.01846377965258454,0.7308510690713304,1.260495049629699,-0.0005076833083516377,1.2610027329380507,0.0
158,3.16,idle,locomotion,0,1.3001041227638777,-0.07045560883741948,0.10973345705574382,-0.03216452673817464,0.01847903573781243,0.7308511950940363,1.2604945930574825,-0.0005076841927279807,1.2610022772502105,0.0
159,3.18,idle,locomotion,0,1.3019305100143246,-0.06986778528701389,0.10973345779901933,-0.03218542028158573,0.018494220143523515,0.7308513807280609,1.2604942017846599,-0.0005076849075976511,1.2610018866922574,0.0
160,3.2,idle,locomotion,0,1.303584627149349,-0.06937092848967764,0.109731809844775,-0.03220618978759392,0.018509341655431256,0.730851617321463,1.2604938673420172,-0.0005076854793583038,1.2610015528213754,0.0
161,3.22,idle,locomotion,0,1.3048984238938945,-0.06900397119076017,0.10972992949408546,-0.032226837644094494,0.01852439231414206,0.7308519126005575,1.260493597885837,-0.0005076858395593187,1.2610012837253963,0.0
162,3.24,idle,locomotion,0,1.3058762693109676,-0.06871648076882753,0.10972897059860051,-0.03224736314415373,0.018539381024161528,0.7308522603524711,1.2604933890992849,-0.0005076862158296461,1.2610010753151146,0.0
163,3.26,idle,locomotion,0,1.3064986464978774,-0.06852046963449497,0.10972942810106201,-0.03226777227127836,0.018554301942354617,0.7308526628161115,1.2604932382248824,-0.000507686596985045,1.2610009248218674,0.0
164,3.28,idle,locomotion,0,1.3065039640349538,-0.06853218635161777,0.10973257580137363,-0.03228807086162628,0.01856914962520172,0.7308531176891297,1.2604931446088723,-0.00050768679583078,1.261000831404703,0.0
165,3.3,idle,locomotion,0,1.3056831784858967,-0.06884263013241793,0.10973719881102503,-0.032308259566727025,0.01858392774582594,0.7308536199130296,1.260493104944495,-0.0005076868015909189,1.261000791746086,0.0
166,3.32,idle,locomotion,0,1.303791363137128,-0.06955087027926883,0.10974359815585404,-0.03232834079665629,0.018598635794648172,0.7308541713086333,1.2604931192096729,-0.0005076868575242567,1.261000806067197,0.0
167,3.34,idle,locomotion,0,1.3007069737006476,-0.0707035824856995,0.10975107783915063,-0.03234832311567648,0.018613263053524655,0.7308547728690493,1.2604931858637092,-0.0005076868779321474,1.2610008727416413,0.0
168,3.36,idle,locomotion,0,1.296720362654827,-0.07217674114310368,0.10975816062866198,-0.032368210588763165,0.018627813564853518,0.7308554268012302,1.260493310915786,-0.0005076866736515515,1.2610009975894376,0.0
169,3.38,idle,locomotion,0,1.2921212976397585,-0.07384724608913869,0.10976455128875316,-0.032387997731597735,0.018642309077738874,0.7308561201581386,1.2604934800666687,-0.0005076867296932297,1.2610011667963619,0.0
170,3.4,idle,locomotion,0,1.2871136153584024,-0.07563508871932784,0.1097712205273723,-0.03240769277180022,0.018656718191510074,0.7308568690617943,1.2604937070285749,-0.000507686212156782,1.2610013932407316,0.0
171,3.42,idle,locomotion,0,1.28186989804199,-0.07747988611247968,0.10977854513035634,-0.032427289400893,0.018671081719653888,0.7308576657161234,1.2604939908977546,-0.0005076859792512781,1.2610016768770058,0.0
172,3.44,idle,locomotion,0,1.276552334108092,-0.07932250570677922,0.10978551877487108,-0.03244678738382908,0.018685390089296025,0.7308585109735931,1.260494325110259,-0.0005076853611650188,1.261002010471424,0.0
173,3.46,idle,locomotion,0,1.2712776104723431,-0.0811234546480719,0.10979241231411774,-0.03246618161070963,0.018699661262394775,0.7308593932462273,1.2604947070461083,-0.0005076847168572103,1.2610023917629656,0.0
174,3.48,idle,locomotion,0,1.2661133515337615,-0.08286808749679565,0.10979951427896717,-0.03248547771753189,0.018713877976196707,0.7308603232711881,1.2604951395450172,-0.0005076838449416879,1.2610028233899588,0.0
175,3.5,idle,locomotion,0,1.2611237216626914,-0.0845408179813424,0.10980595170538328,-0.03250467262492796,0.018728059569101535,0.7308612953029754,1.2604956242164511,-0.0005076829919327189,1.261003307208384,0.0
176,3.52,idle,locomotion,0,1.2564042953599626,-0.08611163704825432,0.10981158036833313,-0.03252376655985663,0.018742210269168114,0.7308623113043103,1.2604961570422912,-0.0005076821618246151,1.2610038392041159,0.0
177,3.54,idle,locomotion,0,1.252062314576945,-0.08754613210536552,0.109818391575671,-0.0325427581135609,0.018756325128815508,0.730863371899182,1.26049674076963,-0.0005076809972561942,1.261004421766886,0.0
178,3.56,idle,locomotion,0,1.2481938314932401,-0.0888149876435553,0.10982629052772498,-0.032561630169869564,0.018770417571172857,0.7308644802393662,1.2604973864343736,-0.0005076795310532956,1.2610050659654268,0.0
179,3.58,idle,locomotion,0,1.244865134958581,-0.08990078386454749,0.10983376451729172,-0.032580364547721334,0.018784486826608805,0.7308656376049871,1.2604981013665781,-0.0005076777268511745,1.2610057790934293,0.0
180,3.6,idle,locomotion,0,1.2421155662653796,-0.0907957244053683,0.10983977322752622,-0.0325989622500639,0.01879852053355157,0.7308668506425462,1.260498893612711,-0.0005076755191752956,1.2610065691318864,0.0
181,3.62,idle,locomotion,0,1.2399609602164081,-0.09149952317375612,0.10984385069686808,-0.03261742607363801,0.01881253105588225,0.7308681149728791,1.2604997645814222,-0.0005076732403417883,1.261007437821764,0.0
182,3.64,idle,locomotion,0,1.238396947409739,-0.09201770495885017,0.10984590240667846,-0.03263576980545673,0.018826522084830533,0.7308694163905318,1.2605006900560827,-0.000507671395886769,1.2610083614519694,0.0
183,3.66,idle,locomotion,0,1.2371412823855286,-0.09244287301011724,0.10981345442999327,-0.032654023450614966,0.018840471208825912,0.7308707674067255,1.2605016763515118,-0.0005076697993896644,1.2610093461509015,0.0
184,3.68,idle,locomotion,0,1.2359003406337536,-0.09286527577065262,0.10977411780161332,-0.032672186933930335,0.018854404970576357,0.7308721505115758,1.2605027095907069,-0.0005076690940902968,1.2610103786847973,0.0
185,3.7,idle,locomotion,0,1.2346613751180688,-0.09328729962857878,0.10975089229953788,-0.032690272576797276,0.018868316032752696,0.730873574339818,1.260503790039102,-0.0005076689044427769,1.2610114589435448,0.0
186,3.72,idle,locomotion,0,1.2334226973035531,-0.09370926388685161,0.10974003868631858,-0.03270829058384643,0.018882202522619487,0.7308750380296102,1.2605049131030122,-0.0005076687009100515,1.2610125818039222,0.0
187,3.74,idle,locomotion,0,1.2321840708804717,-0.0941312156414241,0.10973565608185397,-0.03272622984082395,0.018896091878028244,0.7308765384296575,1.2605060829078767,-0.0005076685590785501,1.2610137514669553,0.0
188,3.76,idle,locomotion,0,1.2309454567607487,-0.09455316385584804,0.10973409064273502,-0.032744080861807856,0.018909979639605164,0.7308780728349755,1.2605072940895972,-0.0005076681774759256,1.261014962267073,0.0
189,3.78,idle,locomotion,0,1.2297068462466316,-0.09497511092668136,0.10973359973191313,-0.03276184601732293,0.01892387154884745,0.7308796427893798,1.2605085511992553,-0.0005076678426168268,1.261016219041872,0.0
190,3.8,idle,locomotion,0,1.228468236830105,-0.09539705763462432,0.10973347124506264,-0.032779529829755474,0.018937777887957856,0.7308812379013493,1.2605098398736223,-0.0005076678458058488,1.261017507719428,0.0
191,3.82,idle,locomotion,0,1.227229627720799,-0.09581900423934152,0.109733448386627,-0.03279715351694691,0.018951675735998364,0.7308828704474514,1.260511164980147,-0.0005076677485507594,1.2610188327286977,0.0
192,3.84,idle,locomotion,0,1.225991018680679,-0.09624095082067595,0.10973344977442397,-0.03281472065270913,0.018965585165301828,0.7308845328267249,1.2605125194069589,-0.0005076680037142955,1.2610201874106732,0.0
193,3.86,idle,locomotion,0,1.2247524096477609,-0.09666289739958141,0.10973345375353273,-0.03283222899070825,0.018979501956091282,0.7308862221832579,1.260513898880549,-0.0005076687934017048,1.261021567673951,0.0
194,3.88,idle,locomotion,0,1.2235138006106754,-0.09708484397990953,0.10973345629231702,-0.032849680782061526,0.018993414691613,0.7308879471843391,1.2605153112084637,-0.0005076696096316356,1.2610229808180953,0.0
195,3.9,idle,locomotion,0,1.2222751915697945,-0.09750679056153125,0.10973345750212261,-0.032867061437424384,0.019007343574984407,0.7308897034274222,1.2605167595718256,-0.0005076708136180635,1.2610244303854437,0.0
196,3.92,idle,locomotion,0,1.2210365825268699,-0.09792873714384924,0.10973345799346232,-0.03288437425148979,0.019021286288728238,0.7308915064876457,1.2605182541822282,-0.0005076721392860244,1.2610259263215142,0.0
197,3.94,idle,locomotion,0,1.2197979734830495,-0.09835068372647218,0.10973345816932356,-0.03290161804543904,0.019035252645865978,0.7308933635692194,1.2605198025015056,-0.0005076741276832802,1.261027476629189,0.0
198,3.96,idle,locomotion,0,1.218631087578319,-0.09872587483774448,0.10973515379448834,-0.032918788656411735,0.019049253370461944,0.7308952851804607,1.2605214171678139,-0.0005076762056307436,1.2610290933734445,0.0
199,3.98,idle,locomotion,0,1.217624041838232,-0.09903350472381907,0.10973796133925152,-0.032935882853863487,0.019063295938483094,0.7308972645171616,1.2605230900075226,-0.0005076780028153358,1.2610307680103379,0.0
200,4.0,idle,locomotion,0,1.2167965284101128,-0.09929696656196124,0.10974009584557883,-0.03295290811991271,0.01907736990265101,0.7308993039509267,1.2605248230583272,-0.0005076794444133677,1.2610325025027407,0.0
201,4.02,idle,locomotion,0,1.2161192711625406,-0.09952700348308888,0.10974119063172635,-0.03296987042966899,0.019091477828830493,0.7309013859124343,1.2605265943691129,-0.0005076806360209268,1.2610342750051338,0.0
202,4.04,idle,locomotion,0,1.2155203916238644,-0.09975650714111498,0.1097438329575682,-0.032986771005429245,0.01910562378229681,0.7309035203470785,1.2605284186689272,-0.0005076820515718533,1.261036100720499,0.0
203,4.06,idle,locomotion,0,1.2148935436850785,-0.10003560202467415,0.10974882570590537,-0.033003604745199984,0.019119806158771995,0.7309057056039759,1.2605302899616149,-0.0005076827743169289,1.2610379727359318,0.0
204,4.08,idle,locomotion,0,1.2141189118553914,-0.10041160052474882,0.10975403028138696,-0.03302037321255972,0.019134021686593717,0.7309079289639481,1.2605321975037056,-0.0005076832239139933,1.2610398807276195,0.0
205,4.1,idle,locomotion,0,1.213163730705646,-0.10089257691769014,0.10975868441637514,-0.0330370739147685,0.019148274729825412,0.730910190171542,1.260534142940528,-0.0005076836542405108,1.2610418265947685,0.0
206,4.12,idle,locomotion,0,1.2120555530201769,-0.1014603032287085,0.10976231626917043,-0.033053708089299756,0.019162552570930077,0.7309124913889438,1.2605361248476243,-0.0005076835778189334,1.2610438084254432,0.0
207,4.14,idle,locomotion,0,1.2108221560197967,-0.10209363418366772,0.10976499215969815,-0.0330702687783526,0.01917686784796579,0.7309148325301241,1.2605381506238247,-0.0005076836047318047,1.2610458342285564,0.0
208,4.16,idle,locomotion,0,1.209518675355979,-0.10276480543808349,0.10976786097975635,-0.03308675766417726,0.019191210260394574,0.7309172109532289,1.260540212488395,-0.0005076829139681605,1.2610478954023632,0.0
209,4.18,idle,locomotion,0,1.2081958957073404,-0.10344823731198201,0.1097705265609865,-0.03310318527440545,0.01920557533449635,0.7309196128912041,1.2605422964990114,-0.0005076823017341817,1.2610499788007457,0.0
210,4.2,idle,locomotion,0,1.2068721958657906,-0.10412863861030844,0.10977259219778944,-0.033119562139897744,0.019219952631607206,0.7309220445302811,1.2605444089984055,-0.0005076817425169917,1.2610520907409224,0.0
211,4.22,idle,locomotion,0,1.205579216825964,-0.10478996240180968,0.10977496856257501,-0.033135895214150266,0.019234334706466006,0.7309245041574483,1.2605465398651488,-0.0005076809161152739,1.261054220781264,0.0
212,4.24,idle,locomotion,0,1.2043738431507787,-0.1054141616146647,0.10977937576118285,-0.033152172666883736,0.019248729634885896,0.7309269944701621,1.260548703793872,-0.0005076802839213516,1.2610563840777935,0.0
213,4.26,idle,locomotion,0,1.2032933278181055,-0.10598871955773921,0.10978352547504801,-0.03316837739910414,0.019263146793441467,0.7309295116563919,1.2605508999073163,-0.000507679030878519,1.2610585789381947,0.0
214,4.28,idle,locomotion,0,1.2023672737921942,-0.10650253314558844,0.10978753602730487,-0.033184519890855114,0.01927756334251243,0.7309320696483812,1.2605531379110249,-0.0005076774487158854,1.2610608153597407,0.0
215,4.3,idle,locomotion,0,1.2016193307355223,-0.10694737918805644,0.10979058974981619,-0.033200608670247884,0.01929199253408376,0.7309346416799604,1.2605553901173443,-0.0005076759759741964,1.2610630660933184,0.0
216,4.32,idle,locomotion,0,1.2010516752334632,-0.10732023700828973,0.10979216474252995,-0.033216653658495805,0.01930641911384116,0.7309372404315038,1.2605576664435674,-0.0005076747262979728,1.2610653411698654,0.0
217,4.34,idle,locomotion,0,1.2006618654582888,-0.10762046475583056,0.10979274019906457,-0.03323264877823026,0.019320850183403175,0.7309398757404686,1.260559978355899,-0.0005076737372066951,1.2610676520931057,0.0
218,4.36,idle,locomotion,0,1.2004436431532388,-0.10784938066355515,0.10979273091647222,-0.03324858315768787,0.019335283306383275,0.730942567029281,1.2605623509366453,-0.000507672701934414,1.2610700236385797,0.0
219,4.38,idle,locomotion,0,1.2003873890508487,-0.1080099564980968,0.1097923779798297,-0.03326444975557535,0.019349727493927167,0.7309452969905464,1.2605647657838375,-0.0005076709091100112,1.2610724366929476,0.0
220,4.4,idle,locomotion,0,1.200480562296644,-0.10810653640291705,0.10979180872774338,-0.033280254354704525,0.019364169521560944,0.7309480734307711,1.2605672303470028,-0.0005076689293008127,1.2610748992763037,0.0
221,4.42,idle,locomotion,0,1.200708151950989,-0.10814457462380635,0.1097910929429141,-0.03329599774010622,0.019378616478866954,0.7309508749894343,1.2605697216072953,-0.0005076668378256287,1.261077388445121,0.0
222,4.44,idle,locomotion,0,1.201054529105243,-0.10813126900531313,0.10979101683647896,-0.03331168441762873,0.019393057895812228,0.7309537168707692,1.2605722563473865,-0.0005076649096196033,1.261079921257006,0.0
223,4.46,idle,locomotion,0,1.201529498073832,-0.10806655131375867,0.10979419292517728,-0.03332732351181971,0.01940748656884664,0.7309565809919888,1.260574810182138,-0.0005076624102571467,1.261082472592395,0.0
224,4.48,idle,locomotion,0,1.202138680837058,-0.10795092845410201,0.1097972143494108,-0.03334291896059564,0.019421892897080302,0.7309594833924545,1.260577399892299,-0.0005076604436840791,1.261085060335983,0.0
225,4.5,idle,locomotion,0,1.2028695543776105,-0.10778957217793406,0.10979950989586212,-0.03335845768641465,0.01943628682469364,0.7309624303137715,1.2605800390727206,-0.000507658451851651,1.2610876975245724,0.0
226,4.52,idle,locomotion,0,1.2037070846811295,-0.10758835302876864,0.10980032466349066,-0.033373945944436594,0.019450659520904762,0.7309653996497658,1.2605826972264376,-0.0005076553598328606,1.2610903525862704,0.0
227,4.54,idle,locomotion,0,1.2046204856961247,-0.107358314188386,0.10980132377932318,-0.03338938243281631,0.019465009911270578,0.7309683976510493,1.2605853883591172,-0.0005076527625661048,1.2610930411216832,0.0
228,4.56,idle,locomotion,0,1.2055927775205937,-0.1071084143101567,0.10980770158304302,-0.033404773036611976,0.01947933012407882,0.7309714299932834,1.260588114782988,-0.0005076498993210159,1.261095764682309,0.0
229,4.58,idle,locomotion,0,1.206648543604424,-0.10683591675387688,0.10982146985193364,-0.03342012848112666,0.019493616934279857,0.7309744749553394,1.2605908476883465,-0.0005076466147477636,1.2610984943030943,0.0
230,4.6,idle,locomotion,0,1.2078218028612426,-0.10653329780364963,0.10983655900109295,-0.033435445487386646,0.019507872564086304,0.7309775500028091,1.260593614496387,-0.000507644180815274,1.2611012586772021,0.0
231,4.62,idle,locomotion,0,1.20909716517963,-0.1062061371171498,0.10984781816630573,-0.03345072968449876,0.019522091808710996,0.7309806458346935,1.2605963961767852,-0.0005076409909514322,1.2611040371677367,0.0
232,4.64,idle,locomotion,0,1.2104421179679137,-0.10586375951924998,0.10985492761631153,-0.03346597764779902,0.019536278081244494,0.7309837647731645,1.26059920270243,-0.0005076381344011824,1.2611068408368311,0.0
233,4.66,idle,locomotion,0,1.2118082682289886,-0.10551956566240703,0.10985777873218226,-0.03348119128602242,0.019550422670433342,0.7309869147505687,1.2606020357804688,-0.000507635003512287,1.261109670783981,0.0
234,4.68,idle,locomotion,0,1.2131494440659316,-0.10518565861271766,0.10985895886753975,-0.033496360341858544,0.01956453491128965,0.7309900956608804,1.2606049059621758,-0.0005076319855383746,1.2611125379477142,0.0
235,4.7,idle,locomotion,0,1.2144367843189507,-0.10486819043563059,0.10985859129105116,-0.033511483100632684,0.019578616354217673,0.7309932981007055,1.2606078013481594,-0.0005076284603334029,1.2611154298084928,0.0
236,4.72,idle,locomotion,0,1.2156312868771706,-0.10457615257072037,0.10985653070231786,-0.033526566416679504,0.019592657582951034,0.7309965207073047,1.2606107206139316,-0.0005076247955421789,1.2611183454094739,0.0
237,4.74,idle,locomotion,0,1.2166994025594602,-0.10431714718707853,0.10985367874907892,-0.033541623002208906,0.019606654992190973,0.7309997542283647,1.2606136488241892,-0.0005076210169731761,1.2611212698411625,0.0
238,4.76,idle,locomotion,0,1.2176144025265938,-0.10409721054499095,0.10985076061573064,-0.03355665628935001,0.019620609469495166,0.7310030130944977,1.2606166018063998,-0.000507617862271624,1.2611242196686714,0.0
239,4.78,idle,locomotion,0,1.2183569330226662,-0.10392071604553649,0.10984820069032397,-0.03357165764320905,0.019634527276129937,0.7310063109328866,1.260619593719684,-0.000507614706458364,1.2611272084261425,0.0
240,4.8,idle,locomotion,0,1.2189151640144178,-0.10379033164285052,0.10984621037512354,-0.03358661013462834,0.019648422324668475,0.731009630075058,1.260622612864915,-0.000507611212389826,1.2611302240773048,0.0
241,4.82,idle,locomotion,0,1.2192845938725478,-0.10370703979129478,0.1098448734688735,-0.03360152019810903,0.019662281616573598,0.7310129754825381,1.2606256631744053,-0.0005076077608309991,1.2611332709352363,0.0
242,4.84,idle,locomotion,0,1.219590510815509,-0.1036409870076194,0.10981190165452079,-0.033616394618557505,0.019676108609549915,0.7310163290539676,1.260628722535383,-0.0005076042562549912,1.261136326791638,0.0
243,4.86,idle,locomotion,0,1.2199143060636857,-0.10357135822829708,0.10977316013914666,-0.033631240682786556,0.019689896385837343,0.7310197074768435,1.2606318090488453,-0.0005076020655942863,1.2611394111144396,0.0
244,4.88,idle,locomotion,0,1.220240426309217,-0.1035012646015586,0.1097504328618294,-0.0336460547832059,0.019703655506438888,0.7310231079106089,1.2606349186642674,-0.0005076015898426746,1.26114252025411,0.0
245,4.9,idle,locomotion,0,1.220566842256746,-0.10343111196891507,0.10973984917074088,-0.03366083485827958,0.01971738401592454,0.7310265325455296,1.2606380547876637,-0.0005076021150850242,1.2611456569027486,0.0
246,4.92,idle,locomotion,0,1.2208932931466503,-0.10336095241865376,0.10973558697135018,-0.033675574465190816,0.019731091433267393,0.7310299733742326,1.2606412122380906,-0.0005076029974795636,1.26114881523557,0.0
247,4.94,idle,locomotion,0,1.2212197471444857,-0.10329079227749596,0.10973406843075947,-0.033690285840455796,0.019744768425476435,0.7310334381883855,1.2606443933791813,-0.0005076038068304693,1.261151997186012,0.0
248,4.96,idle,locomotion,0,1.2215462010339535,-0.10322063216965058,0.10973359368896465,-0.03370495881446384,0.019758433128974483,0.7310369152244182,1.2606475910684924,-0.0005076048048389716,1.2611551958733314,0.0
249,4.98,idle,locomotion,0,1.221872654749098,-0.10315047210057361,0.10973347005374097,-0.033719604420336446,0.019772072984303224,0.7310404062439164,1.2606508012853537,-0.0005076053631278589,1.2611584066484816,0.0
250,5.0,idle,locomotion,0,1.2221991083998585,-0.10308031204550328,0.10973344837234747,-0.033734230110366435,0.019785683186541128,0.7310439070748643,1.2606540199103096,-0.0005076059225485666,1.2611616258328582,0.0
251,5.02,idle,locomotion,0,1.2225255620349378,-0.10301015199382506,0.10973344992254301,-0.03374883960021579,0.019799261648789035,0.7310474266663078,1.260657254917818,-0.0005076067284198842,1.261164861646238,0.0
252,5.04,idle,locomotion,0,1.222852015668506,-0.1029399919424744,0.10973345385677599,-0.033763424684894815,0.019812820779456827,0.7310509702057961,1.260660516612405,-0.0005076075811719545,1.2611681241935768,0.0
253,5.06,idle,locomotion,0,1.2231784693032084,-0.10286983189088057,0.1097334563433307,-0.03377799211394992,0.019826352323730694,0.7310545236071029,1.260663782609575,-0.0005076076813118266,1.2611713902908868,0.0
254,5.08,idle,locomotion,0,1.2235049229388968,-0.10279967183907456,0.10973345752334572,-0.033792531748700415,0.019839867389592213,0.7310581041312613,1.260667081293252,-0.0005076084735499836,1.261174689766802,0.0
255,5.1,idle,locomotion,0,1.2238313765751125,-0.10272951178715532,0.10973345800122332,-0.03380703771978116,0.019853372566379403,0.7310617082752081,1.2606704053824458,-0.0005076087139976454,1.2611780140964435,0.0
256,5.12,idle,locomotion,0,1.2241578302115588,-0.10265935173518669,0.10973345817182129,-0.03382150926898228,0.01986687016867658,0.7310653297656581,1.260673752219841,-0.0005076087785926553,1.2611813609984337,0.0
257,5.14,idle,locomotion,0,1.224484283848092,-0.10258919168319927,0.10973345822521882,-0.03383595223282518,0.019880361032638395,0.731068963201656,1.2606771139127044,-0.0005076086505991124,1.2611847225633035,0.0
258,5.16,idle,locomotion,0,1.2248107374846553,-0.10251903163120553,0.10973345823914632,-0.03385037731379335,0.019893839592067572,0.7310726007559805,1.2606804786734696,-0.0005076084052664347,1.261188087078736,0.0
259,5.18,idle,locomotion,0,1.2251371911212263,-0.1024488715792099,0.1097334582415993,-0.033864784731726695,0.019907306641209068,0.7310762545036994,1.2606838620208314,-0.0005076085278852595,1.2611914705487166,0.0
260,5.2,idle,locomotion,0,1.225463644757803,-0.102378711527214,0.10973345824143188,-0.0338791819650731,0.019920759113822812,0.7310799226914606,1.2606872549715644,-0.0005076083428313359,1.2611948633143957,0.0
261,5.22,idle,locomotion,0,1.2257900983943795,-0.10230855147521811,0.10973345824099225,-0.033893557152298234,0.019934206703035473,0.7310836130468138,1.260690672758055,-0.0005076085187704013,1.2611982812768252,0.0
262,5.24,idle,locomotion,0,1.226116552030956,-0.10223839142322222,0.10973345824071361,-0.03390790189536807,0.019947657696932772,0.7310873223120355,1.2606941138858516,-0.0005076082330391501,1.2612017221188907,0.0
263,5.26,idle,locomotion,0,1.2264430056675326,-0.10216823137122633,0.1097334582405812,-0.033922230354270035,0.019961098039402124,0.7310910384341919,1.2606975610063085,-0.0005076073500953834,1.2612051683564038,0.0
264,5.28,idle,locomotion,0,1.2267694593041092,-0.10209807131923043,0.10973345824052752,-0.03393655442119115,0.019974522948976847,0.7310947593016309,1.260701009750373,-0.0005076067382568071,1.2612086164886298,0.0
265,5.3,idle,locomotion,0,1.2270959129406858,-0.10202791126723454,0.10973345824050837,-0.0339508814621831,0.019987929352131444,0.7310984943497628,1.2607044697509706,-0.000507606304662761,1.2612120760556333,0.0
266,5.32,idle,locomotion,0,1.2274223665772623,-0.10195775121523865,0.10973345824050239,-0.03396521964469126,0.020001310640065956,0.7311022415716869,1.2607079329789166,-0.0005076057340277634,1.2612155387129445,0.0
267,5.34,idle,locomotion,0,1.227748820213839,-0.10188759116324275,0.10973345824050083,-0.033979550015353244,0.020014679862819625,0.7311060160943821,1.260711425350635,-0.0005076058391734403,1.2612190311898086,0.0
268,5.36,idle,locomotion,0,1.2280752738504155,-0.10181743111124686,0.10973345824050058,-0.03399386297759845,0.020028043547508007,0.7311098147415531,1.2607149451617132,-0.0005076056721511416,1.2612225508338644,0.0
269,5.38,idle,locomotion,0,1.228401727486992,-0.10174727105925097,0.10973345824050058,-0.03400816260718948,0.020041395951736145,0.731113618175684,1.2607184714987099,-0.0005076052055064013,1.2612260767042163,0.0
270,5.4,idle,locomotion,0,1.2287281811235686,-0.10167711100725507,0.10973345824050058,-0.03402246292254254,0.020054728239129942,0.7311174364199052,1.2607220119969351,-0.0005076052965098145,1.261229617293445,0.0
271,5.42,idle,locomotion,0,1.2290340913477864,-0.10161634654669142,0.10973303000083477,-0.0340367610054826,0.020068049837382355,0.7311212782810345,1.2607255770625931,-0.000507605942648405,1.2612331830052415,0.0
272,5.44,idle,locomotion,0,1.229298348385396,-0.10156964265240621,0.10973250814765732,-0.03405104908003597,0.02008136821603231,0.7311251312979977,1.2607291560955134,-0.0005076063193595812,1.261236762414873,0.0
273,5.46,idle,locomotion,0,1.229519040855966,-0.10153308039828184,0.10973218534074128,-0.03406534010369595,0.020094668453605982,0.7311289943014597,1.260732742734941,-0.0005076064437725819,1.2612403491787136,0.0
274,5.48,idle,locomotion,0,1.2296922695064343,-0.10150763555562063,0.10973274223944501,-0.03407963302521294,0.020107952255300203,0.7311328688956986,1.260736341443526,-0.0005076068706007519,1.2612439483141267,0.0
275,5.5,idle,locomotion,0,1.2297722175524464,-0.10151604250089304,0.10973638168635702,-0.03409393518627609,0.02012121255766315,0.7311367595770268,1.260739953198438,-0.0005076071674553657,1.2612475603658935,0.0
276,5.52,idle,locomotion,0,1.2295950347963849,-0.101634388914901,0.1097446302236508,-0.03410823809417975,0.02013445967673212,0.7311406653080291,1.260743582129813,-0.0005076076385043746,1.2612511897683174,0.0
277,5.54,idle,locomotion,0,1.2289977757192803,-0.10193354317123468,0.10975468313598434,-0.03412254840947171,0.02014768714841446,0.7311445856235352,1.260747222240265,-0.0005076077775695645,1.2612548300178346,0.0
278,5.56,idle,locomotion,0,1.2279404220468622,-0.10242665646636948,0.10976339967884421,-0.03413685261477741,0.020160901466050436,0.7311485284526952,1.2607508893649075,-0.0005076081954277709,1.2612584975603354,0.0
279,5.58,idle,locomotion,0,1.2264699445262912,-0.10308950493873019,0.10977055056760114,-0.034151144327904615,0.020174105325090584,0.7311525015791726,1.2607545889013219,-0.0005076083680122453,1.261262197269334,0.0
280,5.6,idle,locomotion,0,1.224673980083411,-0.10388098114179425,0.10977614898274933,-0.034165413918501926,0.02018730758399418,0.7311565000391267,1.260758320757712,-0.0005076083096472103,1.2612659290673591,0.0
281,5.62,idle,locomotion,0,1.2226410285153582,-0.10475900480870409,0.10978049840414959,-0.03417965848873193,0.02020051179169754,0.7311605213777957,1.2607620829915291,-0.000507608045635724,1.2612696910371648,0.0
282,5.64,idle,locomotion,0,1.2204676792347706,-0.10568319966634009,0.10978558547386164,-0.034193887413950554,0.020213716458380954,0.7311645416045501,1.260765846373309,-0.0005076072509123432,1.2612734536242212,0.0
283,5.66,idle,locomotion,0,1.2182436132401653,-0.10661711802347532,0.10979046604702623,-0.034208107868572334,0.02022691696644057,0.7311685644258984,1.2607696152549297,-0.0005076068654542923,1.261277222120384,0.0
284,5.68,idle,locomotion,0,1.2160215873565843,-0.10753675184792451,0.10979433971044755,-0.03422232404335216,0.02024010958293766,0.7311725996977181,1.2607733973045558,-0.0005076064161166141,1.2612810037206725,0.0
285,5.7,idle,locomotion,0,1.213847467720442,-0.1084223825118207,0.10979839798531771,-0.034236539914625407,0.020253292453801756,0.7311766372720553,1.2607771804965215,-0.0005076057448724393,1.261284786241394,0.0
286,5.72,idle,locomotion,0,1.211774756558849,-0.10925328610834659,0.10980293879415727,-0.03425076624010812,0.02026645432359784,0.731180696004176,1.260780980843011,-0.0005076052897590201,1.26128858613277,0.0
287,5.74,idle,locomotion,0,1.2098482727555238,-0.11001349714457168,0.10980744941855164,-0.03426499356000787,0.020279603385477653,0.7311847740719389,1.2607848006018174,-0.0005076048069986711,1.2612924054088162,0.0
288,5.76,idle,locomotion,0,1.2081039033509202,-0.11069140160630876,0.10981150530553511,-0.03427922753931178,0.020292735176745413,0.7311888545736853,1.2607886193314863,-0.0005076038450114936,1.261296223176498,0.0
289,5.78,idle,locomotion,0,1.206567661331175,-0.11128028306354948,0.10981695682783539,-0.03429347828071231,0.02030583733660054,0.7311929462828154,1.2607924448349304,-0.0005076032822926187,1.261300048117223,0.0
290,5.8,idle,locomotion,0,1.2052586217162033,-0.11177725392428448,0.1098242650761724,-0.03430774690508439,0.020318910662242617,0.7311970529488597,1.2607962825438608,-0.0005076030068541931,1.261303885550715,0.0
291,5.82,idle,locomotion,0,1.2041903306343715,-0.11218091359200873,0.10983034228818117,-0.03432203590021528,0.02033195536868911,0.7312011656120707,1.2608001210590878,-0.0005076025925698363,1.2613077236516577,0.0
292,5.84,idle,locomotion,0,1.2033672974678793,-0.11249233764018401,0.10983596482763994,-0.03433634231229461,0.020344970122261496,0.7312052959268136,1.2608039758293483,-0.0005076024366534905,1.2613115782660018,0.0
293,5.86,idle,locomotion,0,1.2027888472177477,-0.11271440404820175,0.10984012293375847,-0.03435065736610859,0.020357963272175376,0.7312094420710521,1.2608078458592706,-0.0005076022387832217,1.261315448098054,0.0
294,5.88,idle,locomotion,0,1.2024475552483982,-0.11285118217591736,0.10984189298289844,-0.0343649718650589,0.020370937339332706,0.7312136124411139,1.2608117448760996,-0.0005076019788188418,1.2613193468549184,0.0
295,5.9,idle,locomotion,0,1.2023428033908106,-0.11290402404175733,0.10984367355471779,-0.03437929489534276,0.020383886603770555,0.7312177993368467,1.2608156592521167,-0.0005076010891709275,1.2613232603412876,0.0
296,5.92,idle,locomotion,0,1.2024938416014663,-0.11286815535899614,0.10985041541783594,-0.03439362647907051,0.020396813653149104,0.7312219965435132,1.2608195840184115,-0.0005076005056016582,1.2613271845240133,0.0
297,5.94,idle,locomotion,0,1.2029516291512634,-0.11273072582330687,0.10987034865812478,-0.034407956528426695,0.020409729388349934,0.7312262204916214,1.2608235416979527,-0.000507600378376414,1.2613311420763291,0.0
298,5.96,idle,locomotion,0,1.2037702420591374,-0.11248166336996873,0.10990492037294967,-0.034422287816254095,0.02042262561535863,0.7312304542482343,1.2608275104297104,-0.0005075993050079504,1.2613351097347183,0.0
299,5.98,idle,locomotion,0,1.2049593655772708,-0.11212328509480989,0.10995568586418165,-0.034436625945202734,0.020435498204367217,0.7312346999151862,1.2608314918653327,-0.0005075985393444872,1.2613390904046773,0.0
300,6.0,idle,locomotion,0,1.2064662943197713,-0.11167440175656788,0.1099962773129735,-0.03445096316184332,0.020448357284634074,0.7312389683147618,1.2608354994134865,-0.0005075980327810571,1.2613430974462676,0.0
301,6.02,idle,locomotion,0,1.208238848252202,-0.11114056573257414,0.1099861794590376,-0.03446528917385561,0.020461211684778165,0.7312432486866179,1.260839525719872,-0.0005075970860554946,1.2613471228059274,0.0
302,6.04,idle,locomotion,0,1.2102537272351512,-0.11052468161068117,0.10998197144106897,-0.03447960870323797,0.020474057693432926,0.7312475387539992,1.2608435651846475,-0.0005075958168115451,1.261351161001459,0.0
303,6.06,idle,locomotion,0,1.2124083115915756,-0.10986169609643524,0.10997438372152223,-0.03449392056805134,0.020486900436731608,0.7312518245244892,1.2608476052775144,-0.0005075946429677035,1.2613551999204822,0.0
304,6.08,idle,locomotion,0,1.2146573431357781,-0.10916972779039423,0.10990295225292292,-0.03450823436027049,0.02049973070949467,0.7312561187646627,1.2608516556563645,-0.0005075935376498732,1.2613592491940144,0.0
305,6.1,idle,locomotion,0,1.2169380589135104,-0.10846906099467007,0.10982113836870226,-0.03452255671730752,0.020512544592314202,0.7312604184767482,1.2608557093849047,-0.0005076449125396912,1.2613633542974443,0.0
306,6.12,idle,locomotion,0,1.219222738778155,-0.10776731225812387,0.10977198166635063,-0.03453690500350351,0.020525324962999646,0.7312647287843834,1.260859765415062,-0.0005077095026644815,1.2613674749177264,0.0
307,6.14,idle,locomotion,0,1.2215078209604289,-0.10706545770206308,0.10974839151905744,-0.03455127752082732,0.02053807182140916,0.7312690617876637,1.26086383780396,-0.0005077750108179735,1.261371612814778,0.0
308,6.16,idle,locomotion,0,1.2237928998143597,-0.10636360648462358,0.10973860023704347,-0.03456566624480309,0.020550789960468094,0.7312734210125847,1.2608679330098218,-0.0005078408061649393,1.2613757738159868,0.0
309,6.18,idle,locomotion,0,1.2260779550841074,-0.10566176281263653,0.10973500105624524,-0.03458007005964941,0.02056347650943622,0.7312777960495367,1.2608720402983677,-0.0005079063594687037,1.2613799466578364,0.0
310,6.2,idle,locomotion,0,1.2283629987789852,-0.10495992273507058,0.10973383275788841,-0.03459448139871365,0.02057613584907747,0.7312821813833389,1.2608761583268109,-0.0005079722234890595,1.2613841305503,0.0
311,6.22,idle,locomotion,0,1.2306480382080225,-0.10425808397284302,0.1097335100510886,-0.03460889350074471,0.020588776454006773,0.7312865801488343,1.260880294591178,-0.0005080386806019625,1.26138833327178,0.0
312,6.24,idle,locomotion,0,1.2329330763200714,-0.10355624561578627,0.10973344405655405,-0.03462330617369696,0.020601399527788906,0.7312909951933438,1.260884449523971,-0.0005081048274057885,1.2613925543513769,0.0
313,6.26,idle,locomotion,0,1.2352181141050849,-0.10285440735926328,0.10973344166848216,-0.03463771961790478,0.02061400759849022,0.7312954135131324,1.2608886110245918,-0.0005081705172530065,1.2613967815418448,0.0
314,6.28,idle,locomotion,0,1.237503151842002,-0.10215256911752407,0.10973344878091737,-0.034652151121667925,0.020626584793304977,0.7312998397953122,1.2608927784754216,-0.0005082361839924346,1.2614010146594141,0.0
315,6.3,idle,locomotion,0,1.2397881895894993,-0.10145073087253662,0.10973345396410364,-0.03466660001263544,0.020639141455276556,0.7313042764999568,1.2608969561504586,-0.0005083028621968091,1.2614052590126554,0.0
316,6.32,idle,locomotion,0,1.2420732273506294,-0.10074889262336197,0.10973345656807372,-0.03468106375490413,0.020651676078761404,0.7313087278702786,1.2609011460564328,-0.0005083693856006537,1.2614095154420335,0.0
317,6.34,idle,locomotion,0,1.2443582651196892,-0.10004705437175215,0.10973345766290239,-0.03469553395912076,0.02066419127647982,0.7313131991036762,1.26090535740928,-0.0005084363779295775,1.2614137937872094,0.0
318,6.36,idle,locomotion,0,1.246643302892367,-0.09934521611903084,0.10973345806692945,-0.03471000360844233,0.02067669095351414,0.7313176911278797,1.260909591954488,-0.000508503209126529,1.2614180951636145,0.0
319,6.38,idle,locomotion,0,1.2489283406664704,-0.09864337786587175,0.10973345819828502,-0.03472447310134875,0.020689174458858615,0.7313222032522112,1.2609138497960526,-0.0005085700334577087,1.2614224198295103,0.0
320,6.4,idle,locomotion,0,1.251213378441069,-0.09794153961256037,0.10973345823461841,-0.03473894249321827,0.020701646188999362,0.7313267262381273,1.260918119940706,-0.0005086366151375171,1.2614267565558435,0.0
321,6.42,idle,locomotion,0,1.253498416215818,-0.09723970135920286,0.10973345824207069,-0.034753419649268674,0.02071410046074375,0.7313312598508442,1.2609224006581237,-0.0005087032321842086,1.2614311038903079,0.0
322,6.44,idle,locomotion,0,1.2557834539906048,-0.09653786310583395,0.10973345824235457,-0.03476791112029839,0.0207265332957381,0.7313358006899157,1.2609266862957056,-0.000508769846022418,1.261435456141728,0.0
323,6.46,idle,locomotion,0,1.2580684917653966,-0.09583602485246322,0.1097334582415611,-0.03478241509245173,0.020738947317629673,0.7313403504046303,1.2609309800228263,-0.0005088369115711366,1.2614398169343974,0.0
324,6.48,idle,locomotion,0,1.2603535295401884,-0.09513418659909298,0.1097334582409806,-0.034796928816354045,0.02075134215232655,0.7313449069105983,1.2609352800449056,-0.0005089039742544633,1.2614441840191601,0.0
325,6.5,idle,locomotion,0,1.2626385673149803,-0.09443234834572327,0.10973345824068853,-0.03481145375883727,0.02076371458299913,0.7313494699041896,1.26093958598657,-0.0005089711310972203,1.2614485571176672,0.0
326,6.52,idle,locomotion,0,1.264923605089772,-0.0937305100923536,0.10973345824056562,-0.03482598887553171,0.020776068662775603,0.7313540391727189,1.2609438986415984,-0.0005090384023069133,1.2614529370439054,0.0
327,6.54,idle,locomotion,0,1.267208642864564,-0.09302867183898432,0.10973345824052019,-0.034840536845458236,0.02078840185776683,0.7313586161343291,1.2609482177469316,-0.0005091055843328175,1.2614573233312645,0.0
328,6.56,idle,locomotion,0,1.2693023671747234,-0.09243063129699583,0.1097308380551396,-0.03485509918607539,0.020800709920487246,0.7313632112372604,1.2609525528642112,-0.0005091730114733205,1.2614617258756844,0.0
329,6.58,idle,locomotion,0,1.2709798614740104,-0.09199224298521437,0.10972851292184033,-0.03486967063920936,0.02081299878708174,0.7313678267523019,1.2609569079695313,-0.0005092408309294236,1.2614661488004608,0.0
330,6.6,idle,locomotion,0,1.272201459995995,-0.0916764446655604,0.1097298812642181,-0.03488424644655522,0.020825271335780816,0.7313724692109072,1.260961292486268,-0.0005093088323481175,1.261470601318616,0.0
331,6.62,idle,locomotion,0,1.2729418849826228,-0.09150487519578109,0.10973526772722937,-0.03489882406128036,0.020837529707108816,0.7313771258075809,1.2609656934898226,-0.000509376514656653,1.2614750700044792,0.0
332,6.64,idle,locomotion,0,1.2730547995516015,-0.09154599642159396,0.10974631954012161,-0.03491340392113366,0.020849771512013556,0.7313817939189016,1.2609701075235085,-0.0005094443763909023,1.2614795518998994,0.0
333,6.66,idle,locomotion,0,1.2722678010180317,-0.09191542132583301,0.10976127937051376,-0.03492798775174465,0.020862007438636213,0.7313864757445645,1.2609745385937505,-0.0005095120784088594,1.2614840506721594,0.0
334,6.68,idle,locomotion,0,1.2703318684104463,-0.09271353730853656,0.10977628797871453,-0.03494257719365821,0.020874222806162225,0.7313911553350866,1.2609789677733672,-0.0005095799134486288,1.2614885476868158,0.0
335,6.7,idle,locomotion,0,1.2672695847810527,-0.09393156869093476,0.10978927402517531,-0.03495718009978854,0.020886416022548232,0.7313958510847215,1.2609834117719554,-0.0005096477492302909,1.2614930595211857,0.0
336,6.72,idle,locomotion,0,1.2633478119560018,-0.09546492397139608,0.10979981922421787,-0.03497179591143164,0.020898600069312386,0.731400567053459,1.260987874313884,-0.0005097161454554848,1.2614975904593395,0.0
337,6.74,idle,locomotion,0,1.258836721589035,-0.0972078214381044,0.10980855507788988,-0.03498642222237322,0.020910778141149916,0.731405305875809,1.2609923582726879,-0.0005097857782361097,1.261502144050924,0.0
338,6.76,idle,locomotion,0,1.2539850655563634,-0.09906373349945662,0.10981708620247635,-0.03500105735866519,0.020922952084264146,0.731410061699508,1.2609968579982342,-0.0005098561656802676,1.2615067141639145,0.0
339,6.78,idle,locomotion,0,1.249043980792136,-0.10094626349329357,0.10979525642654325,-0.035015697499584775,0.020935121915091424,0.7314148329649118,1.2610013720726263,-0.000509926967797239,1.2615112990404236,0.0
340,6.8,idle,locomotion,0,1.2441121808403997,-0.10282582797585821,0.10976515444211,-0.03503033799632702,0.02094729020166399,0.7314196200662626,1.261005901991532,-0.000509997963952475,1.2615158999554845,0.0
341,6.82,idle,locomotion,0,1.2391817478684042,-0.10470494634828686,0.10974708680876658,-0.03504497199714156,0.020959459166764526,0.7314244217640122,1.261010448628494,-0.0005100690575764837,1.2615205176860707,0.0
342,6.84,idle,locomotion,0,1.2342515854222558,-0.10658397138113332,0.10973860720550468,-0.03505959865169606,0.020971628386765147,0.7314292329309486,1.2610150073268531,-0.0005101399780465012,1.2615251473048996,0.0
343,6.86,idle,locomotion,0,1.2293215014671899,-0.10846296777045455,0.10973517871370758,-0.03507421783053079,0.02098379731028818,0.7314340586270363,1.2610195813024143,-0.0005102110504336919,1.261529792352848,0.0
344,6.88,idle,locomotion,0,1.2243914452096563,-0.11034195376892138,0.10973395346903898,-0.03508882750754054,0.020995968172639923,0.7314388979673245,1.261024170473583,-0.0005102820582894747,1.2615344525318724,0.0
345,6.9,idle,locomotion,0,1.219461398801537,-0.1122209360350177,0.10973356911613666,-0.035103426914804385,0.021008140295616696,0.7314437527244808,1.2610287751238238,-0.0005103532493943574,1.2615391283732182,0.0
346,6.92,idle,locomotion,0,1.2145313556334716,-0.11409991706903586,0.10973346847504978,-0.03511801286370964,0.02102031640722253,0.7314486236793036,1.261033396869442,-0.0005104243988178526,1.26154382126826,0.0
347,6.94,idle,locomotion,0,1.2096013133995687,-0.11597889774738156,0.10973345054882867,-0.03513258235316891,0.02103249653307873,0.7314535088269754,1.2610380342422365,-0.0005104955416297338,1.2615485297838662,0.0
348,6.96,idle,locomotion,0,1.204671271378401,-0.117857878344695,0.10973345162103251,-0.03514713304031736,0.021044681185351462,0.7314584140436318,1.2610426930049063,-0.0005105667688689759,1.2615532597737753,0.0
349,6.98,idle,locomotion,0,1.199741229379375,-0.11973685893357604,0.10973345473051398,-0.03516166281629173,0.021056870744508734,0.7314633412426755,1.2610473753023181,-0.0005106379006468847,1.2615580132029651,0.0
350,7.0,idle,locomotion,0,1.1948111873673548,-0.12161583952741041,0.1097334567160817,-0.035176172048709084,0.02106906355786178,0.7314682904376958,1.261052079986563,-0.0005107089484852369,1.2615627889350483,0.0
351,7.02,idle,locomotion,0,1.1898811453435147,-0.12349482012574964,0.10973345766260227,-0.035190660056398135,0.021081262635165972,0.7314732536408798,1.2610567994372655,-0.0005107800149395658,1.261567579452205,0.0
352,7.04,idle,locomotion,0,1.18495110331331,-0.1253738007265145,0.1097334580471081,-0.0352051249533414,0.021093467050050867,0.7314782288076923,1.2610615316845497,-0.0005108511509789478,1.2615723828355287,0.0
353,7.06,idle,locomotion,0,1.180021061280318,-0.12725278132834214,0.10973345818476196,-0.03521956614965559,0.021105674365846965,0.7314832217491638,1.261066282018774,-0.0005109223683841049,1.261577204387158,0.0
354,7.08,idle,locomotion,0,1.1750910192462607,-0.12913176193057532,0.10973345822799224,-0.035233983836732756,0.021117884649845948,0.7314882302018958,1.261071047940299,-0.0005109935363141263,1.261582041476613,0.0
355,7.1,idle,locomotion,0,1.1701609772118449,-0.13101074253294526,0.10973345823932898,-0.03524837740237328,0.02113009673867235,0.7314932508192099,1.2610758260821229,-0.0005110647386702069,1.261586890820793,0.0
356,7.12,idle,locomotion,0,1.1652309351773242,-0.132889723135355,0.10973345824135675,-0.03526274442177642,0.021142309421419102,0.7314982851281714,1.2610806186665604,-0.0005111359520803202,1.2615917546186408,0.0
357,7.14,idle,locomotion,0,1.1603008931427796,-0.13476870373777397,0.1097334582412417,-0.03527708318635082,0.0211545207966789,0.7315033352777934,1.2610854285663669,-0.0005112071034261249,1.261596635669793,0.0
358,7.16,idle,locomotion,0,1.1553708511082297,-0.13664768434019395,0.10973345824089427,-0.03529139566303745,0.021166729793382445,0.7315084027772442,1.2610902562258677,-0.0005112783890815278,1.2616015346149492,0.0
359,7.18,idle,locomotion,0,1.1504408090736855,-0.13852666494261318,0.10973345824067178,-0.03530568110329615,0.021178937265287093,0.7315134884791631,1.2610951023537469,-0.0005113497689132607,1.2616064521226602,0.0
360,7.2,idle,locomotion,0,1.1455107670391445,-0.14040564554503204,0.1097334582405656,-0.0353199377735687,0.02119114298846515,0.7315185887616164,1.2610999644918812,-0.0005114210931596933,1.2616113855850408,0.0
361,7.22,idle,locomotion,0,1.1405807250046034,-0.1422846261474509,0.10973345824052241,-0.035334167517424735,0.02120334295313457,0.7315237063577384,1.2611048439932633,-0.0005114924696324047,1.2616163364628956,0.0
362,7.24,idle,locomotion,0,1.1356506829700623,-0.14416360674986978,0.10973345824050694,-0.03534837113523371,0.02121553543517313,0.7315288459190141,1.2611097446538457,-0.0005115639609140563,1.2616213086147599,0.0
363,7.26,idle,locomotion,0,1.1307206409355213,-0.14604258735228864,0.10973345824050208,-0.03536254589181298,0.021227719705259187,0.7315340131628748,1.2611146723021285,-0.0005116356329871834,1.2616263079351158,0.0
364,7.28,idle,locomotion,0,1.1257905989009802,-0.1479215679547075,0.10973345824050082,-0.035376689757215106,0.021239895509665617,0.7315392023810252,1.2611196227610277,-0.0005117072123622356,1.26163132997339,0.0
365,7.3,idle,locomotion,0,1.1208605568664392,-0.14980054855712638,0.10973345824050063,-0.035390803743039004,0.021252059570797368,0.7315444054462513,1.2611245875078878,-0.0005117787260137154,1.2616363662339016,0.0
366,7.32,idle,locomotion,0,1.115930514831898,-0.15167952915954525,0.10973345824050063,-0.035404888897886656,0.021264210301133468,0.7315496226960011,1.2611295664116324,-0.0005118503335598996,1.2616414167451924,0.0
367,7.34,idle,locomotion,0,1.111000472797357,-0.1535585097619641,0.10973345824050063,-0.0354189450678015,0.021276346738684605,0.7315548547823179,1.261134560246808,-0.0005119220572469239,1.261646482304055,0.0
368,7.36,idle,locomotion,0,1.106070430762816,-0.15543749036438298,0.10973345824050063,-0.035432973282076306,0.021288468912523832,0.7315600982918541,1.26113956566765,-0.0005119942606015733,1.2616515599282516,0.0
369,7.38,idle,locomotion,0,1.101140388728275,-0.15731647096680185,0.10973345824050063,-0.0354469734628738,0.02130057464508413,0.7315653576728522,1.2611445865041784,-0.0005120671689029521,1.2616566536730813,0.0
370,7.4,idle,locomotion,0,1.0962103466937339,-0.15919545156922071,0.10973345824050063,-0.035460943085055346,0.021312663031372435,0.7315706347885356,1.2611496260849302,-0.0005121403150158792,1.261661766399946,0.0
371,7.42,idle,locomotion,0,1.0912803046591928,-0.16107443217163958,0.10973345824050063,-0.0354748822740984,0.021324732534567528,0.7315759251696567,1.261154680499224,-0.0005122135375612326,1.2616668940367852,0.0
372,7.44,idle,locomotion,0,1.0863502626246517,-0.16295341277405845,0.10973345824050063,-0.03548879342857097,0.021336780033818788,0.7315812347122869,1.2611597540402322,-0.0005122869263904581,1.2616720409666227,0.0
373,7.46,idle,locomotion,0,1.0814202205901107,-0.16483239337647732,0.10973345824050063,-0.03550267737709902,0.021348807459048474,0.7315865629744995,1.2611648463391245,-0.0005123604516210287,1.2616772067907456,0.0
374,7.48,idle,locomotion,0,1.0764901785555696,-0.16671137397889618,0.10973345824050063,-0.03551653377125642,0.021360812936821846,0.7315919074109071,1.2611699548446977,-0.0005124340057526336,1.2616823888504505,0.0
375,7.5,idle,locomotion,0,1.0715601365210286,-0.16859035458131505,0.10973345824050063,-0.03553036141089573,0.02137279340742096,0.7315972728507398,1.2611750844846559,-0.00051250767763086,1.2616875921622868,0.0
376,7.52,idle,locomotion,0,1.066943230259531,-0.17034999014785884,0.10973345824050063,-0.035544159017214035,0.021384750231545912,0.7316026579776821,1.2611802349583703,-0.0005125814902889325,1.2616928164486592,0.0
377,7.54,idle,locomotion,0,1.063040118689809,-0.1718375792765725,0.10973345824050063,-0.03555792816989839,0.021396682342710048,0.731608054686098,1.261185398422024,-0.0005126551644069749,1.261698053586431,0.0
378,7.56,idle,locomotion,0,1.0595427395380397,-0.17317053334086277,0.10973345824050063,-0.03557167011408163,0.021408589702009945,0.7316134572814508,1.2611905693417962,-0.0005127289848750431,1.2617032983266712,0.0
379,7.58,idle,locomotion,0,1.0560531804909477,-0.1745005069601862,0.10973345824050063,-0.035585386936596804,0.021420471381696775,0.7316188695042635,1.2611957506967724,-0.0005128030128399193,1.2617085537096122,0.0
380,7.6,idle,locomotion,0,1.0525646384620222,-0.1758300929674755,0.10973345824050063,-0.035599080259450244,0.02143232540134978,0.7316243004021747,1.2612009503587405,-0.0005128771682437402,1.2617138275269841,0.0
381,7.62,idle,locomotion,0,1.0490762286980733,-0.1771596285651478,0.10973345824050063,-0.03561275043436548,0.021444150903778682,0.7316297528794058,1.261206171001489,-0.0005129517100867648,1.2617191227115758,0.0
382,7.64,idle,locomotion,0,1.0455878361354127,-0.17848915760696207,0.10973345824050063,-0.03562639739501788,0.021455948240488108,0.73163522222067,1.2612114084101793,-0.0005130279076318231,1.261724436317811,0.0
383,7.66,idle,locomotion,0,1.0420994458098107,-0.1798186857961757,0.10973345824050063,-0.03564002116892486,0.02146771312731471,0.7316407068785566,1.2612166611553195,-0.000513105365355461,1.261729766520675,0.0
384,7.68,idle,locomotion,0,1.038611055775141,-0.18114821387450705,0.10973345824050063,-0.035653622000546656,0.021479444024186844,0.7316462092045553,1.2612219314737834,-0.000513183389296519,1.26173511486308,0.0
385,7.7,idle,locomotion,0,1.0351226657783084,-0.18247774193841806,0.10973345824050063,-0.03566719796240716,0.02149114238436517,0.7316517279980532,1.2612272194803946,-0.0005132617313780737,1.2617404812117727,0.0
386,7.72,idle,locomotion,0,1.0316342757863963,-0.1838072700004537,0.10973345824050063,-0.035680751613674434,0.021502809881653807,0.7316572566246479,1.2612325184384154,-0.0005133401340011723,1.2617458585724166,0.0
387,7.74,idle,locomotion,0,1.0281458857951238,-0.1851367980622454,0.10973345824050063,-0.035694284899974615,0.02151444517874259,0.7316627972057267,1.2612378292775128,-0.0005134187120364626,1.2617512479895492,0.0
388,7.76,idle,locomotion,0,1.0246574958039352,-0.18646632612400535,0.10973345824050063,-0.035707799199736795,0.021526047821180738,0.7316683534533884,1.2612431552097372,-0.0005134973710282688,1.2617566525807655,0.0
389,7.78,idle,locomotion,0,1.0211691058127554,-0.18779585418576114,0.10973345824050063,-0.035721295490187134,0.02153761967303853,0.7316739228991718,1.2612484933214245,-0.0005135761933693223,1.2617620695147937,0.0
390,7.8,idle,locomotion,0,1.0176807158215757,-0.1891253822475165,0.10973345824050063,-0.03573477103655609,0.021549159573321423,0.7316795060439568,1.2612538452305628,-0.0005136551364044936,1.2617675003669673,0.0
391,7.82,idle,locomotion,0,1.014192325830396,-0.19045491030927184,0.10973345824050063,-0.03574822315171271,0.021560665045896085,0.7316851064726183,1.2612592157850844,-0.0005137341487644644,1.2617729499338488,0.0
392,7.84,idle,locomotion,0,1.0107039358392162,-0.19178443837102718,0.10973345824050063,-0.03576165206838033,0.02157213805651767,0.7316907196242203,1.2612646013784812,-0.0005138131829955546,1.2617784145614768,0.0
393,7.86,idle,locomotion,0,1.0072155458480365,-0.19311396643278253,0.10973345824050063,-0.035775061781324766,0.021583576134820488,0.7316963418400385,1.2612699969949401,-0.0005138922579008137,1.261783889252841,0.0
394,7.88,idle,locomotion,0,1.0037271558568568,-0.19444349449453788,0.10973345824050063,-0.03578845767640457,0.021594981343241865,0.7317019724124407,1.2612753997582684,-0.0005139714933961037,1.2617893712516646,0.0
395,7.9,idle,locomotion,0,1.000238765865677,-0.19577302255629322,0.10973345824050063,-0.03580183965053243,0.02160635396551916,0.7317076219080697,1.2612808186250415,-0.0005140511394677201,1.2617948697645092,0.0
396,7.92,idle,locomotion,0,0.9967503758745015,-0.19710255061804857,0.10973345824050063,-0.03581520276831404,0.021617694622299132,0.7317132978963571,1.261286262898913,-0.0005141309334749516,1.2618003938323878,0.0
397,7.94,idle,locomotion,0,0.9932619858833263,-0.19843207867980392,0.10973345824050063,-0.035828544016599115,0.02162900427690612,0.7317189939709506,1.2612917279456572,-0.0005142107602915356,1.2618059387059488,0.0
398,7.96,idle,locomotion,0,0.989773595892151,-0.19976160674155927,0.10973345824050063,-0.03584186354575102,0.021640281294673946,0.7317247002950201,1.261297204999035,-0.0005142905100843226,1.2618114955091193,0.0
399,7.98,idle,locomotion,0,0.9862852059009757,-0.20109113480331461,0.10973345824050063,-0.03585516342294698,0.021651524050386943,0.7317304150666848,1.2613026917522587,-0.0005143703157724985,1.2618170620680311,0.0
400,8.0,idle,locomotion,0,0.9827968159098004,-0.20242066286506996,0.10973345824050063,-0.035868446919006744,0.021662734967269767,0.7317361407484564,1.261308189617321,-0.0005144502302529066,1.261822639847574,0.0
401,8.02,idle,locomotion,0,0.9793084259186251,-0.2037501909268253,0.10973345824050063,-0.0358817166791545,0.021673917238596328,0.7317418747912771,1.261313695392122,-0.0005145303658664994,1.2618282257579885,0.0
402,8.04,idle,locomotion,0,0.9758200359274498,-0.20507971898858066,0.10973345824050063,-0.03589497486486747,0.021685069537066167,0.7317476168570223,1.261319207775929,-0.0005146105524765909,1.2618338183284057,0.0
403,8.06,idle,locomotion,0,0.9723316459362745,-0.206409247050336,0.10973345824050063,-0.0359082204659156,0.021696192102461796,0.7317533676969996,1.261324728211897,-0.0005146907712029677,1.2618394189831,0.0
404,8.08,idle,locomotion,0,0.9688432559450992,-0.20773877511209135,0.10973345824050063,-0.035921451414887035,0.02170728351108179,0.7317591279327853,1.2613302585377704,-0.0005147711283344202,1.2618450296661048,0.0
405,8.1,idle,locomotion,0,0.965354865953924,-0.2090683031738467,0.10973345824050063,-0.03593466919860982,0.021718345784241627,0.7317648980839554,1.261335798985978,-0.0005148516352899528,1.2618506506212679,0.0
406,8.12,idle,locomotion,0,0.9618664759627487,-0.21039783123560205,0.10973345824050063,-0.03594787354935837,0.021729380158863325,0.7317706827285344,1.2613413539168097,-0.0005149322888439861,1.2618562862056537,0.0
407,8.14,idle,locomotion,0,0.9583780859715734,-0.2117273592973574,0.10973345824050063,-0.03596106658176065,0.021740387219574334,0.7317764807512416,1.2613469219783566,-0.000515012886519034,1.2618619348648756,0.0
408,8.16,idle,locomotion,0,0.9548896959803981,-0.21305688735911274,0.10973345824050063,-0.03597424891686557,0.02175136929372957,0.7317822934970417,1.2613525036667776,-0.0005150937370808559,1.2618675974038585,0.0
409,8.18,idle,locomotion,0,0.9514013059892228,-0.2143864154208681,0.10973345824050063,-0.03598741931074471,0.021762322781441426,0.7317881271322448,1.2613581054173655,-0.0005151745571923445,1.2618732799745578,0.0
410,8.2,idle,locomotion,0,0.9479129159980475,-0.21571594348262343,0.10973345824050063,-0.03600057562070103,0.02177324986548823,0.7317939807832751,1.2613637273256142,-0.0005152554620983345,1.2618789827877126,0.0
411,8.22,idle,locomotion,0,0.9444245260068722,-0.21704547154437878,0.10973345824050063,-0.03601371560063296,0.021784147222432843,0.7317998488607524,1.261369365460287,-0.0005153363789063871,1.2618847018391934,0.0
412,8.24,idle,locomotion,0,0.9411755322737848,-0.21820820404941502,0.10973815327029383,-0.036026843660475406,0.021795016454417677,0.7318057263882886,1.261375013676762,-0.0005154173599865274,1.2618904310367487,0.0
413,8.26,idle,locomotion,0,0.9384047796973756,-0.21913697923285286,0.10974386407172539,-0.03603996309412884,0.021805860696096552,0.7318116133125748,1.2613806703835377,-0.0005154986237963059,1.261896169007334,0.0
414,8.28,idle,locomotion,0,0.9362226327814223,-0.21988692301926363,0.10974740650760051,-0.036053072855371945,0.0218166783933173,0.7318175146380149,1.2613863407622212,-0.0005155798952488876,1.2619019206574702,0.0
415,8.3,idle,locomotion,0,0.9347046311405954,-0.22043016991442513,0.1097488509127895,-0.03606617299309013,0.021827469551376374,0.7318234254322732,1.2613920208856397,-0.0005156611800579414,1.2619076820656976,0.0
416,8.32,idle,locomotion,0,0.9339350346612058,-0.22072688952174133,0.1097487844158672,-0.036079265413494266,0.021838233331174604,0.7318293468486896,1.261397710670545,-0.0005157426293815187,1.2619134532999265,0.0
417,8.34,idle,locomotion,0,0.934077439597168,-0.2207087451239465,0.10974812268163675,-0.03609235067421835,0.02184897202380084,0.7318352825243332,1.2614034136225176,-0.0005158241780455798,1.2619192378005633,0.0
418,8.36,idle,locomotion,0,0.9353523516403439,-0.2202903228574678,0.1097476529471758,-0.036105428618518724,0.02185968459796177,0.7318412314998081,1.26140912878782,-0.0005159057980333968,1.2619250345858533,0.0
419,8.38,idle,locomotion,0,0.93791569171829,-0.21941691707425415,0.10974609245507697,-0.03611849789225141,0.021870370191366194,0.7318471925670199,1.2614148558483196,-0.0005159874552881499,1.2619308433036078,0.0
420,8.4,idle,locomotion,0,0.9416850862520524,-0.21813212062594156,0.10974199644524009,-0.036131556115609365,0.021881026782643045,0.7318531668678763,1.2614205970850676,-0.0005160692686922222,1.26193666635376,0.0
421,8.42,idle,locomotion,0,0.9464835652304141,-0.21651100774960327,0.10973575055565646,-0.03614459682031488,0.021891660112430354,0.7318591436643284,1.2614263431238497,-0.0005161221074678896,1.2619424652313176,0.0
422,8.44,idle,locomotion,0,0.9521051473379002,-0.21463350027441194,0.1097284116136915,-0.03615761994487159,0.021902276521860508,0.7318651260284048,1.261432095476161,-0.0005161724892447754,1.261948267965406,0.0
423,8.46,idle,locomotion,0,0.9583186902179383,-0.2125831722945466,0.10972084414760436,-0.0361706254211129,0.021912874365099158,0.731871119667154,1.2614378581499754,-0.0005162205718856998,1.261954078721861,0.0
424,8.48,idle,locomotion,0,0.9648897674699826,-0.21043808076634776,0.10971364644427213,-0.036183613488626414,0.021923452019864408,0.7318771280501346,1.2614436336947492,-0.0005162717237170537,1.2619599054184663,0.0
425,8.5,idle,locomotion,0,0.971607307793514,-0.20826046860058317,0.10970720049949714,-0.03619657954097108,0.021934014296979523,0.7318831562925292,1.2614494263950806,-0.0005163187633651367,1.2619657451584458,0.0
426,8.52,idle,locomotion,0,0.9782698468831653,-0.2061074091942562,0.10970168293416588,-0.03620951707342446,0.021944557405667166,0.7318892096683088,1.2614552438471924,-0.000516370184329349,1.2619716140315218,0.0
427,8.54,idle,locomotion,0,0.9846768875911972,-0.2040386763635081,0.10969718902059555,-0.0362224213241881,0.02195508527902302,0.7318952887774051,1.2614610873737175,-0.0005164189677653239,1.2619775063414829,0.0
428,8.56,idle,locomotion,0,0.9906574268870284,-0.20210582938266247,0.10969374733150224,-0.03623529359602966,0.021965600303407325,0.7319013877135482,1.2614669504915932,-0.0005164674394091684,1.2619834179310023,0.0
429,8.58,idle,locomotion,0,0.9960758602372213,-0.2003513802508096,0.10969130032251238,-0.03624813456610614,0.021976103893195646,0.7319075043776238,1.2614728297462274,-0.0005165185329882825,1.2619893482792157,0.0
430,8.6,idle,locomotion,0,1.0008342695805568,-0.19880639415291368,0.10968972743017076,-0.03626094337274715,0.021986597324685858,0.731913635370688,1.2614787222384345,-0.0005165650641747212,1.2619952873026092,0.0
431,8.62,idle,locomotion,0,1.0048717434150656,-0.1974875839505148,0.10968887805852857,-0.036273720718514604,0.021997080470079176,0.7319197825663306,1.261484628843524,-0.0005166139027859874,1.2620012427463099,0.0
432,8.64,idle,locomotion,0,1.008162246264473,-0.19639735933123198,0.10968859962169845,-0.03628646613239168,0.022007551986189578,0.7319259465843904,1.2614905508067693,-0.0005166653066343112,1.2620072161134037,0.0
433,8.66,idle,locomotion,0,1.0107115807524543,-0.19552762104856036,0.10968875493419099,-0.036299177908438666,0.02201800839657141,0.7319321232038952,1.2614964843499006,-0.0005167122859436254,1.262013196635844,0.0
434,8.68,idle,locomotion,0,1.012897368594624,-0.19476358520492515,0.10970254768912656,-0.036311855241047415,0.022028447884111343,0.731938316049031,1.2615024326795523,-0.0005167627893091845,1.2620191954688615,0.0
435,8.7,idle,locomotion,0,1.015078762998153,-0.1940002212758024,0.10971835790150344,-0.036324503701508956,0.022038864360192065,0.7319445351254703,1.2615084036641426,-0.0005168307996139855,1.2620252344637566,0.0
436,8.72,idle,locomotion,0,1.0172596233032294,-0.193236932003273,0.10972725232678264,-0.03633712683019151,0.02204924874191767,0.7319507846151713,1.2615144010047832,-0.0005169128560687658,1.2620313138608519,0.0
437,8.74,idle,locomotion,0,1.0194404343109345,-0.19247364540448256,0.10973121819764295,-0.036349722835722416,0.022059598481419553,0.7319570608699596,1.2615204229839405,-0.0005169997458706506,1.2620374227298112,0.0
438,8.76,idle,locomotion,0,1.0214827251490335,-0.1917588393964004,0.10973274864293149,-0.0363622933210073,0.022069916707833346,0.7319633622345236,1.2615264681570237,-0.0005170881612364467,1.2620435563182602,0.0
439,8.78,idle,locomotion,0,1.0232093376091875,-0.19115474577245856,0.10973326964475554,-0.036374841831755045,0.02208020113483071,0.7319696796343296,1.2615325278564606,-0.0005171769989739949,1.2620497048554347,0.0
440,8.8,idle,locomotion,0,1.0245533820258024,-0.19068516859571696,0.10973342324362273,-0.03638737035094158,0.022090448544015484,0.7319760065767608,1.2615385960990078,-0.0005172660998334216,1.2620558621988411,0.0
441,8.82,idle,locomotion,0,1.025477508066087,-0.19036348453960453,0.10973345928921295,-0.03639988057939208,0.02210065574598488,0.7319823395312681,1.2615446706267632,-0.0005173553118358251,1.262062025938599,0.0
442,8.84,idle,locomotion,0,1.0259721995506086,-0.19019322809090786,0.10973346359634951,-0.036412376528420644,0.022110820836335567,0.7319886700885778,1.261550743589616,-0.0005174445620169388,1.262068188151633,0.0
443,8.86,idle,locomotion,0,1.026251507551274,-0.19009895809850452,0.10973346176627549,-0.036424865256279214,0.022120947374628202,0.7319950014001307,1.2615568157901182,-0.0005175339879237364,1.262074349778042,0.0
444,8.88,idle,locomotion,0,1.0265265099071261,-0.1900062069192345,0.1097334599431979,-0.03643734916858258,0.022131034834306253,0.7320013411338018,1.2615628942006176,-0.0005176238742639547,1.2620805180748815,0.0
445,8.9,idle,locomotion,0,1.0268009523057176,-0.18991365326448043,0.10973345893829488,-0.036449825537853184,0.022141075803120816,0.7320076894965073,1.2615689814572026,-0.0005177139573764901,1.262086695414579,0.0
446,8.92,idle,locomotion,0,1.0270753218805992,-0.1898211252982323,0.10973345849230468,-0.03646229324917207,0.02215106905604831,0.7320140509093079,1.26157508323199,-0.0005178042012109058,1.262092887433201,0.0
447,8.94,idle,locomotion,0,1.0273496819845052,-0.18972860067286187,0.10973345832031746,-0.03647475423131152,0.02216101750584972,0.7320204299405296,1.261581203989594,-0.000517894649454051,1.262099098639048,0.0
448,8.96,idle,locomotion,0,1.027624040856645,-0.18963607648199485,0.10973345826174309,-0.0364872131370111,0.022170921884622684,0.7320268218939705,1.2615873380643507,-0.000517985067003738,1.2621053231313546,0.0
449,8.98,idle,locomotion,0,1.027898399568574,-0.18954355234764142,0.10973345824445752,-0.036499672619457225,0.02218078009923832,0.7320332243876552,1.261593482099265,-0.0005180757359806963,1.2621115578352455,0.0
450,9.0,idle,locomotion,0,1.028172758259663,-0.1894510282206392,0.1097334582403928,-0.03651213377198272,0.022190592440975127,0.7320396400018292,1.261599638377961,-0.0005181665367026099,1.2621178049146637,0.0
451,9.02,idle,locomotion,0,1.0284471169480403,-0.1893585040945935,0.10973345823990241,-0.03652459636258494,0.022200357946311144,0.73204607177708,1.2616058098602259,-0.0005182577188784405,1.2621240675791043,0.0
452,9.04,idle,locomotion,0,1.028721475636065,-0.18926597996867234,0.10973345824010561,-0.036537060404954684,0.022210076237931586,0.7320525160943737,1.2616119935965988,-0.0005183489852135827,1.2621303425818124,0.0
453,9.06,idle,locomotion,0,1.028995834324043,-0.18917345584276724,0.10973345824030964,-0.036549526312592624,0.022219743877203605,0.7320589650198503,1.261618182257431,-0.0005184403616168322,1.2621366226190478,0.0
454,9.08,idle,locomotion,0,1.0292701930120158,-0.18908093171686413,0.10973345824042227,-0.03656199486308848,0.022229361659832077,0.7320654158703276,1.2616243738288193,-0.0005185317366574946,1.2621429055654767,0.0
455,9.1,idle,locomotion,0,1.0295445516999886,-0.18898840759096103,0.10973345824047234,-0.036574469021384975,0.02223893566423264,0.7320718780381261,1.2616305757621855,-0.0005186234144821424,1.2621491991766676,0.0
456,9.12,idle,locomotion,0,1.0298189103879614,-0.18889588346505792,0.10973345824049172,-0.036586948321564075,0.02224846688916335,0.7320783591514352,1.2616367953377645,-0.0005187153634019608,1.2621555107011664,0.0
457,9.14,idle,locomotion,0,1.0300932690759341,-0.18880335933915482,0.10973345824049828,-0.036599430580405774,0.022257951675946193,0.7320848567874437,1.2616430311789129,-0.000518807543183078,1.2621618387220959,0.0
458,9.16,idle,locomotion,0,1.030367627763907,-0.18871083521325172,0.10973345824050022,-0.03661191384712249,0.02226738807504677,0.7320913697553079,1.2616492831995636,-0.0005189004176502331,1.2621681836172138,0.0
459,9.18,idle,locomotion,0,1.0306419864518797,-0.1886183110873486,0.10973345824050065,-0.03662439937289517,0.02227677916329389,0.7320978992072653,1.261655552287106,-0.0005189942702079238,1.262174546557314,0.0
460,9.2,idle,locomotion,0,1.0309163451398524,-0.1885257869614455,0.10973345824050065,-0.03663688802377438,0.02228612514675834,0.7321044439821496,1.2616618369992134,-0.0005190886069298024,1.2621809256061431,0.0
461,9.22,idle,locomotion,0,1.0311907038278252,-0.1884332628355424,0.10973345824050065,-0.03664938236671275,0.022295427206373654,0.7321109993441102,1.2616681319063594,-0.0005191830308404616,1.2621873149371998,0.0
462,9.24,idle,locomotion,0,1.031465062515798,-0.1883407387096393,0.10973345824050065,-0.03666188565563102,0.022304686651531843,0.7321175632722057,1.2616744332403138,-0.000519277704998114,1.2621937109453119,0.0
463,9.26,idle,locomotion,0,1.0317394212037707,-0.1882482145837362,0.10973345824050065,-0.03667439592749476,0.02231390090952278,0.7321241431908397,1.2616807486218478,-0.0005193731965697918,1.2622001218184176,0.0
464,9.28,idle,locomotion,0,1.0320137798917435,-0.1881556904578331,0.10973345824050065,-0.036686910402413626,0.022323067208712386,0.7321307391188754,1.2616870799210653,-0.0005194698472259056,1.2622065497682913,0.0
465,9.3,idle,locomotion,0,1.0322881385797162,-0.18806316633193,0.10973345824050065,-0.03669942901378296,0.022332186174188057,0.7321373442430715,1.261693421104611,-0.0005195671772059811,1.262212988281817,0.0
466,9.32,idle,locomotion,0,1.032562497267689,-0.18797064220602688,0.10973345824050065,-0.03671195400334636,0.02234126051819336,0.7321439565508091,1.2616997696319172,-0.0005196648190462852,1.2622194344509634,0.0
467,9.34,idle,locomotion,0,1.0328368559556618,-0.18787811808012378,0.10973345824050065,-0.036724487596425666,0.022350291922522858,0.7321505762372559,1.2617061247589276,-0.0005197627485472589,1.262225887507475,0.0
468,9.36,idle,locomotion,0,1.0331112146436345,-0.18778559395422068,0.10973345824050065,-0.03673702957456503,0.02235927987660032,0.7321572040063223,1.2617124872268146,-0.0005198609740517772,1.2622323482008664,0.0
469,9.38,idle,locomotion,0,1.0333855733316073,-0.18769306982831757,0.10973345824050065,-0.03674958119226879,0.02236822440709802,0.7321638369633775,1.2617188541388278,-0.0005199591397014695,1.2622388132785292,0.0
470,9.4,idle,locomotion,0,1.03365993201958,-0.18760054570241447,0.10973345824050065,-0.03676214463824862,0.022377125734606238,0.7321704720390461,1.261725221761525,-0.0005200574446217951,1.2622452792061467,0.0
471,9.42,idle,locomotion,0,1.0339342907075528,-0.18750802157651136,0.10973345824050065,-0.03677470105609114,0.022386020068592305,0.732177088287839,1.261731573002319,-0.0005201101284831068,1.2622516831308022,0.0
472,9.44,idle,locomotion,0,1.0342086493955256,-0.18741549745060826,0.10973345824050065,-0.03678725136279145,0.02239491648559796,0.7321837011737558,1.261737921383935,-0.0005201575676323511,1.2622580789515674,0.0
473,9.46,idle,locomotion,0,1.0344830080834984,-0.18732297332470516,0.10973345824050065,-0.03679979346810499,0.022403815003629625,0.7321903289442706,1.2617442828422358,-0.0005202030292275894,1.2622644858714633,0.0
474,9.48,idle,locomotion,0,1.0347573667714711,-0.18723044919880205,0.10973345824050065,-0.03681232185887438,0.02241271616709455,0.7321969910156126,1.261750676739925,-0.0005202525499283378,1.2622709292898533,0.0
475,9.5,idle,locomotion,0,1.0350317254594439,-0.18713792507289895,0.10973345824050065,-0.03682483192090563,0.022421629992639247,0.7322036898301253,1.2617571040842421,-0.0005202991950347124,1.2622774032792767,0.0
476,9.52,idle,locomotion,0,1.0353060841474166,-0.18704540094699584,0.10973345824050065,-0.0368373212898378,0.022430565224726196,0.7322104233108834,1.2617635634201885,-0.0005203436625180469,1.2622839070827065,0.0
477,9.54,idle,locomotion,0,1.0355804428353894,-0.18695287682109274,0.10973345824050065,-0.03684978768247224,0.022439521164369935,0.7322171929383118,1.2617700547682948,-0.0005203921404863983,1.2622904469087812,0.0
478,9.56,idle,locomotion,0,1.0358548015233622,-0.18686035269518964,0.10973345824050065,-0.03686223027966815,0.022448501523976736,0.7322239793006821,1.261776561763373,-0.0005204388306963292,1.2622970005940692,0.0
479,9.58,idle,locomotion,0,1.036129160211335,-0.18676782856928653,0.10973345824050065,-0.03687465271302916,0.022457508324518316,0.7322307743179236,1.2617830752149042,-0.0005204815050375983,1.2623035567199419,0.0
480,9.6,idle,locomotion,0,1.0364035188993077,-0.18667530444338343,0.10973345824050065,-0.03688705835709263,0.022466532004470217,0.7322375965753228,1.2617896106880806,-0.0005205296657190342,1.2623101403537997,0.0
481,9.62,idle,locomotion,0,1.0366778775872805,-0.18658278031748032,0.10973345824050065,-0.036899442768424655,0.022475577116816164,0.7322444447906682,1.261796169168881,-0.0005205756110783638,1.2623167447799595,0.0
482,9.64,idle,locomotion,0,1.0369522362752532,-0.18649025619157722,0.10973345824050065,-0.036911806442510985,0.02248464075378885,0.7322513187088743,1.2618027488783037,-0.0005206213539375969,1.2623233702322412,0.0
483,9.66,idle,locomotion,0,1.037226594963226,-0.18639773206567412,0.10973345824050065,-0.0369241486288486,0.022493707200707074,0.7322582133164933,1.2618093451392705,-0.0005206657286937477,1.2623300108679643,0.0
484,9.68,idle,locomotion,0,1.0375009536511988,-0.186305207939771,0.10973345824050065,-0.03693647917669853,0.022502762020308823,0.7322651244950104,1.261815953000826,-0.0005207103735769894,1.2623366633744029,0.0
485,9.7,idle,locomotion,0,1.0377753123391715,-0.1862126838138679,0.10973345824050065,-0.03694880338814209,0.022511803323125426,0.732272044544947,1.2618225666267733,-0.0005207542222691632,1.2623433208490424,0.0
486,9.72,idle,locomotion,0,1.0380496710271443,-0.1861201596879648,0.10973345824050065,-0.036961120581886955,0.022520820837313663,0.732278987251977,1.261829198835311,-0.0005207985577357216,1.2623499973930468,0.0
487,9.74,idle,locomotion,0,1.038324029715117,-0.1860276355620617,0.10973345824050065,-0.03697342892005734,0.02252980734487193,0.7322859738916733,1.2618358724333252,-0.0005208446516765664,1.2623567170850016,0.0
488,9.76,idle,locomotion,0,1.0385983884030898,-0.1859351114361586,0.10973345824050065,-0.036985726451767,0.022538755991873227,0.7322930117272455,1.261842595506209,-0.000520888402064764,1.2623634839082736,0.0
489,9.78,idle,locomotion,0,1.0388727470910626,-0.1858425873102555,0.10973345824050065,-0.036998015807973156,0.02254765651245337,0.7323000960237349,1.2618493640713822,-0.0005209355958490404,1.2623702996672312,0.0
490,9.8,idle,locomotion,0,1.0391471057790354,-0.1857500631843524,0.10973345824050065,-0.03701029466386579,0.022556508632042765,0.732307229903065,1.2618561791811123,-0.000520984035074841,1.262377163216187,0.0
491,9.82,idle,locomotion,0,1.0394214644670081,-0.18565753905844928,0.10973345824050065,-0.03702256050508556,0.022565306124645905,0.732314413740328,1.2618630415728895,-0.000521030791788616,1.2623840723646782,0.0
492,9.84,idle,locomotion,0,1.0396783970317847,-0.1855708916803484,0.10973345824050065,-0.03703482512400094,0.022574021690264744,0.7323216530257362,1.2618699543868452,-0.0005211043888337097,1.262391058775679,0.0
493,9.86,idle,locomotion,0,1.0398956066697405,-0.18549764035200467,0.10973345824050065,-0.037047095895936785,0.022582622453496307,0.7323289507595631,1.2618769214037593,-0.0005212061695862615,1.2623981275733456,0.0
494,9.88,idle,locomotion,0,1.0400646627780665,-0.18544062803254072,0.10973345824050065,-0.037059375581365316,0.022591094052451195,0.7323362884093692,1.2618839279755094,-0.0005213215654374,1.2624052495409468,0.0
495,9.9,idle,locomotion,0,1.0401808544333966,-0.18540144302409234,0.10973345824050065,-0.037071671669753586,0.022599429532965988,0.7323436453238928,1.261890954274889,-0.000521443074528366,1.2624123973494175,0.0
496,9.92,idle,locomotion,0,1.0402696903322453,-0.18537148298745923,0.10973345824050065,-0.037083991036010254,0.022607619340496325,0.7323510104297036,1.2618979896297706,-0.0005215672848292302,1.2624195569146,0.0
497,9.94,idle,locomotion,0,1.0403579837726795,-0.18534170588047663,0.10973345824050065,-0.03709633981610476,0.022615657110873835,0.7323583809233655,1.2619050310094742,-0.0005216925932381954,1.2624267236027122,0.0
498,9.96,idle,locomotion,0,1.0404462066654567,-0.18531195256381214,0.10973345824050065,-0.03710872307270405,0.022623531442518923,0.7323657535579633,1.2619120757038955,-0.0005218186400389006,1.2624338943439344,0.0
499,9.98,idle,locomotion,0,1.0405344203833886,-0.18528220234111975,0.10973345824050065,-0.03712114551303086,0.02263123655933107,0.7323731218586409,1.2619191182651115,-0.0005219456673851847,1.2624410639324968,0.0
500,10.0,idle,locomotion,0,1.0406226329081163,-0.18525245252080377,0.10973345824050065,-0.03713360878285951,0.022638766353833006,0.7323804841030763,1.2619261568575195,-0.0005221124647044363,1.2624482693222239,0.0
501,10.02,idle,locomotion,0,1.040710845277666,-0.18522270275281755,0.10973345824050065,-0.037146113532367665,0.022646121903708565,0.7323878452708805,1.2619331973392793,-0.0005223461347135042,1.2624555434739928,0.0
502,10.04,idle,locomotion,0,1.040799057627034,-0.18519295299163688,0.10973345824050065,-0.03715866191028616,0.02265329596154453,0.7323952069858515,1.2619402416480248,-0.0005225809472213308,1.2624628225952461,0.0
503,10.06,idle,locomotion,0,1.0408872699737781,-0.18516320323134136,0.10973345824050065,-0.03717125909461873,0.022660293446209217,0.7324025790061888,1.2619472970975063,-0.0005228166382954674,1.2624701137358019,0.0
504,10.08,idle,locomotion,0,1.0409754823201802,-0.1851334534711609,0.10973345824050065,-0.03718390580493202,0.022667111232487883,0.7324099619090993,1.2619543650823457,-0.000523053466727718,1.2624774185490735,0.0
505,10.1,idle,locomotion,0,1.0410636946665373,-0.1851037037109954,0.10973345824050065,-0.0371965999406337,0.02267374557141119,0.7324173592807232,1.2619614498800218,-0.0005232913865833577,1.2624847412666051,0.0
506,10.12,idle,locomotion,0,1.0411519070128892,-0.18507395395083204,0.10973345824050065,-0.03720934154097549,0.022680197881467568,0.7324247670430335,1.2619685492701023,-0.0005235304689958954,1.2624920797390982,0.0
507,10.14,idle,locomotion,0,1.041240119359241,-0.18504420419066892,0.10973345824050065,-0.03722213133748839,0.022686474049288703,0.7324321813753791,1.2619756584473834,-0.0005237705539916371,1.262499429001375,0.0
508,10.16,idle,locomotion,0,1.041328331705593,-0.1850144544305058,0.10973345824050065,-0.03723496722250088,0.02269257688836235,0.7324396103219544,1.2619827856754318,-0.0005240113809069427,1.2625067970563386,0.0
509,10.18,idle,locomotion,0,1.041416544051945,-0.18498470467034267,0.10973345824050065,-0.037247850460266574,0.02269851861516372,0.7324470501644009,1.2619899279742657,-0.0005242580038391127,1.2625141859781048,0.0
510,10.2,idle,locomotion,0,1.0415047563982969,-0.18495495491017955,0.10973345824050065,-0.03726078654919119,0.02270429407641146,0.7324544902396666,1.261997072521271,-0.0005245108847609474,1.262521583406032,0.0
511,10.22,idle,locomotion,0,1.0415929687446488,-0.18492520515001643,0.10973345824050065,-0.03727377784202365,0.022709917550754223,0.7324619311307834,1.2620042186022056,-0.0005247645795904941,1.262528983181796,0.0
512,10.24,idle,locomotion,0,1.0416811810910007,-0.1848954553898533,0.10973345824050065,-0.037286822178189356,0.022715394222689516,0.7324693711213767,1.2620113643474995,-0.000525018819054205,1.2625363831665537,0.0
513,10.26,idle,locomotion,0,1.0417693934373526,-0.18486570562969018,0.10973345824050065,-0.037299900554085094,0.022720744751852533,0.7324767992910022,1.2620185031186193,-0.0005252247845873997,1.2625437279032068,0.0
514,10.28,idle,locomotion,0,1.0418576057837046,-0.18483595586952706,0.10973345824050065,-0.037313009653222075,0.02272598207586359,0.732484225530301,1.2620256444184799,-0.0005254135845042147,1.2625510580029842,0.0
515,10.3,idle,locomotion,0,1.0419458181300565,-0.18480620610936394,0.10973345824050065,-0.03732615201814263,0.022731110711805287,0.7324916595659791,1.262032794544393,-0.000525600826901066,1.262558395371294,0.0
516,10.32,idle,locomotion,0,1.0420340304764084,-0.1847764563492008,0.10973345824050065,-0.03733932115461366,0.022736148681994466,0.7324991169306746,1.2620399664289288,-0.0005257930747709881,1.2625657595036999,0.0
517,10.34,idle,locomotion,0,1.0421222428227603,-0.1847467065890377,0.10973345824050065,-0.03735250477421692,0.022741113986441137,0.7325066052630926,1.2620471687347383,-0.0005259871384950578,1.2625731558732334,0.0
518,10.36,idle,locomotion,0,1.0422104551691123,-0.18471695682887457,0.10973345824050065,-0.03736569275878657,0.02274601738102304,0.7325141224290277,1.2620543981310797,-0.000526180932252273,1.262580579063332,0.0
519,10.38,idle,locomotion,0,1.0422986675154642,-0.18468720706871145,0.10973345824050065,-0.03737887623386985,0.022750868077488415,0.7325216555740833,1.2620616422577315,-0.0005263755248693554,1.262588017782601,0.0
520,10.4,idle,locomotion,0,1.042386879861816,-0.18465745730854832,0.10973345824050065,-0.03739204985162096,0.022755678072801606,0.7325291945022295,1.262068889559096,-0.0005265727155663244,1.2625954622746622,0.0
521,10.42,idle,locomotion,0,1.042475092208168,-0.1846277075483852,0.10973345824050065,-0.037405206292458075,0.022760460133386833,0.7325367376550687,1.2620761372950535,-0.0005267649796292968,1.2626029022746827,0.0
522,10.44,idle,locomotion,0,1.04256330455452,-0.18459795778822208,0.10973345824050065,-0.03741834288889406,0.022765221372864044,0.7325442859847582,1.2620833867635843,-0.0005269674778620205,1.2626103542414464,0.0
523,10.46,idle,locomotion,0,1.0426515169008719,-0.18456820802805896,0.10973345824050065,-0.037431464520492265,0.022769963283498198,0.732551844644156,1.26209064058333,-0.0005271984530848539,1.262617839036415,0.0
524,10.48,idle,locomotion,0,1.0427397292472238,-0.18453845826789583,0.10973345824050065,-0.037444583258493834,0.02277468148649457,0.7325594228833305,1.2620979056317327,-0.0005274730499102986,1.262625378681643,0.0
525,10.5,idle,locomotion,0,1.0428279415935757,-0.1845087085077327,0.10973345824050065,-0.03745770232735792,0.022779377108325418,0.7325670103869608,1.2621051723376198,-0.0005277716582095839,1.2626329439958293,0.0
526,10.52,idle,locomotion,0,1.0429161539399276,-0.1844789587475696,0.10973345824050065,-0.03747082153788446,0.02278405418754969,0.7325746005982795,1.2621124352940416,-0.0005280810837561996,1.2626405163777978,0.0
527,10.54,idle,locomotion,0,1.0430043662862796,-0.18444920898740647,0.10973345824050065,-0.03748394024397021,0.022788714892234413,0.7325821937287423,1.262119696001157,-0.0005283949681224448,1.2626480909692794,0.0
528,10.56,idle,locomotion,0,1.0430925786326315,-0.18441945922724334,0.10973345824050065,-0.03749705983856767,0.022793361231543498,0.7325897878047041,1.2621269529720618,-0.0005287105969754118,1.2626556635690371,0.0
529,10.58,idle,locomotion,0,1.0431807909789834,-0.18438970946708022,0.10973345824050065,-0.03751018118905122,0.022797992600080943,0.7325973807848644,1.2621342046042876,-0.0005290269891305051,1.262663231593418,0.0
530,10.6,idle,locomotion,0,1.0432690033253353,-0.1843599597069171,0.10973345824050065,-0.03752330553098155,0.022802608626509863,0.732604972389306,1.26214145104889,-0.0005293435312567069,1.2626707945801467,0.0
531,10.62,idle,locomotion,0,1.0433572156716873,-0.18433020994675398,0.10973345824050065,-0.037536433555491,0.02280720746031036,0.7326125692511803,1.26214869867358,-0.0005296610396991995,1.2626783597132791,0.0
532,10.64,idle,locomotion,0,1.0434454280180392,-0.18430046018659085,0.10973345824050065,-0.03754956603721989,0.022811786470572092,0.7326201738243864,1.2621559512214675,-0.0005299860051983483,1.2626859372266659,0.0
533,10.66,idle,locomotion,0,1.0435336403643911,-0.18427071042642773,0.10973345824050065,-0.03756270273505468,0.022816343590670814,0.732627795595625,1.2621632176765194,-0.0005303243835726688,1.262693542060092,0.0
534,10.68,idle,locomotion,0,1.043621852710743,-0.1842409606662646,0.10973345824050065,-0.03757584104841851,0.022820876459623437,0.7326354439670141,1.2621705082164048,-0.0005306650309067594,1.2627011732473115,0.0
535,10.7,idle,locomotion,0,1.043710065057095,-0.18421121090610149,0.10973345824050065,-0.037588979086814044,0.022825381968180538,0.7326431207364725,1.262177824598013,-0.0005310071021913873,1.2627088317002044,0.0
536,10.72,idle,locomotion,0,1.0437982774034469,-0.18418146114593836,0.10973345824050065,-0.037602113398915366,0.022829856583983697,0.7326508220992058,1.262185164545887,-0.0005313501524048907,1.262716514698292,0.0
537,10.74,idle,locomotion,0,1.0438864897497988,-0.18415171138577524,0.10973345824050065,-0.037615242823207024,0.02283429765430344,0.7326585419805309,1.2621925228116302,-0.0005316936758073404,1.2627242164874375,0.0
538,10.76,idle,locomotion,0,1.0439747020961507,-0.18412196162561212,0.10973345824050065,-0.03762836895240693,0.022838703891875325,0.7326662768466119,1.2621998952347535,-0.0005320377022428671,1.2627319329369964,0.0
539,10.78,idle,locomotion,0,1.0440629144425027,-0.184092211865449,0.10973345824050065,-0.0376414896101742,0.02284307298168233,0.7326740342399729,1.2622072891783063,-0.0005323824285828581,1.262739671606889,0.0
540,10.8,idle,locomotion,0,1.0441511267888546,-0.18406246210528587,0.10973345824050065,-0.03765460281246901,0.022847403323109652,0.732681821123033,1.2622147121650635,-0.0005327275874419564,1.2627474397525056,0.0
541,10.82,idle,locomotion,0,1.0442393391352065,-0.18403271234512275,0.10973345824050065,-0.03766771007410942,0.022851693321240617,0.7326896285298816,1.2622221550566788,-0.0005330733872013355,1.26275522844388,0.0
542,10.84,idle,locomotion,0,1.0443275514815584,-0.18400296258495963,0.10973345824050065,-0.03768081017561669,0.02285594178954987,0.732697453963792,1.2622296154400843,-0.0005334197046728377,1.2627630351447572,0.0
543,10.86,idle,locomotion,0,1.0444157638279103,-0.1839732128247965,0.10973345824050065,-0.037693902384757914,0.02286014774761709,0.7327053004211032,1.2622370965365541,-0.0005337665887710716,1.2627708631253252,0.0
544,10.88,idle,locomotion,0,1.0445039761742623,-0.18394346306463338,0.10973345824050065,-0.037706985693172004,0.022864310402810818,0.7327131712591166,1.262244601469525,-0.0005341143403924178,1.2627787158099175,0.0
545,10.9,idle,locomotion,0,1.0445921885206142,-0.18391371330447026,0.10973345824050065,-0.037720061431406715,0.022868427821850272,0.7327210655445023,1.262252128817242,-0.0005344626003800299,1.262786591417622,0.0
546,10.92,idle,locomotion,0,1.0446804008669661,-0.18388396354430714,0.10973345824050065,-0.037733130699581056,0.022872497741336855,0.7327289813312993,1.2622596756111157,-0.0005348114424623233,1.262794487053578,0.0
547,10.94,idle,locomotion,0,1.044768613213318,-0.18385421378414402,0.10973345824050065,-0.03774619236226843,0.02287651808553675,0.7327369205364027,1.2622672438107876,-0.0005351609118049681,1.2628024047225925,0.0
548,10.96,idle,locomotion,0,1.04485682555967,-0.1838244640239809,0.10973345824050065,-0.03775924454224793,0.022880486865535177,0.7327448840273983,1.2622748348656396,-0.0005355110941407878,1.2628103459597804,0.0
549,10.98,idle,locomotion,0,1.044945037906022,-0.18379471426381777,0.10973345824050065,-0.03777228487520456,0.022884402500645374,0.7327528745087296,1.2622824522430758,-0.0005358619941646867,1.2628183142372404,0.0
550,11.0,idle,locomotion,0,1.0450332502523738,-0.18376496450365465,0.10973345824050065,-0.037785312234328065,0.022888263445522042,0.7327608887825995,1.2622900938429475,-0.0005362135389502705,1.2628263073818977,0.0
551,11.02,idle,locomotion,0,1.0451214625987257,-0.18373521474349153,0.10973345824050065,-0.037798329626617416,0.022892071153562465,0.7327689241907422,1.2622977554323427,-0.0005365656488427878,1.2628343210811854,0.0
552,11.04,idle,locomotion,0,1.0452096749450777,-0.1837054649833284,0.10973345824050065,-0.03781134010844371,0.022895825832311808,0.7327769805649962,1.2623054349096086,-0.0005369183945604164,1.262842353304169,0.0
553,11.06,idle,locomotion,0,1.0452978872914296,-0.18367571522316528,0.10973345824050065,-0.037824341828455746,0.02289952640050085,0.7327850609286936,1.2623131350774892,-0.0005372718412096252,1.2628504069186988,0.0
554,11.08,idle,locomotion,0,1.0453860996377815,-0.18364596546300216,0.10973345824050065,-0.03783733067621093,0.02290317058124416,0.7327931692629371,1.262320861045319,-0.0005376259979716289,1.2628584870432906,0.0
555,11.1,idle,locomotion,0,1.0454743119841334,-0.18361621570283904,0.10973345824050065,-0.037850302540052116,0.02290675683460612,0.7328013067529439,1.2623286154291253,-0.0005379810046745037,1.2628665964338,0.0
556,11.12,idle,locomotion,0,1.0455625243304854,-0.1835864659426759,0.10973345824050065,-0.03786325790239398,0.022910285652199054,0.7328094730816873,1.2623363975167596,-0.0005383364641412154,1.2628747339809008,0.0
557,11.14,idle,locomotion,0,1.0456507366768373,-0.1835567161825128,0.10973345824050065,-0.03787619663204597,0.022913756231965135,0.7328176659225876,1.262344204711891,-0.0005386925368220004,1.262882897248713,0.0
558,11.16,idle,locomotion,0,1.0457389490231892,-0.18352696642234967,0.10973345824050065,-0.037889118012581664,0.022917167386951143,0.7328258777419108,1.2623520304227438,-0.0005390491306618769,1.2628910795534056,0.0
559,11.18,idle,locomotion,0,1.0458271613695411,-0.18349721666218655,0.10973345824050065,-0.03790202257623741,0.022920518972212492,0.7328341032419745,1.2623598694710587,-0.0005394062529235355,1.2628992757239823,0.0
560,11.2,idle,locomotion,0,1.045915373715893,-0.18346746690202342,0.10973345824050065,-0.0379149104469596,0.02292381130143243,0.7328423446558462,1.2623677241616162,-0.0005397640661658938,1.2629074882277822,0.0
561,11.22,idle,locomotion,0,1.046003586062245,-0.1834377171418603,0.10973345824050065,-0.03792778277676773,0.022927045228184072,0.7328506027120416,1.262375595116042,-0.0005401224764640319,1.262915717592506,0.0
562,11.24,idle,locomotion,0,1.046091798408597,-0.18340796738169718,0.10973345824050065,-0.03794063904396274,0.022930222209931544,0.7328588776175446,1.2623834837665124,-0.0005404815599996046,1.262923965326512,0.0
563,11.26,idle,locomotion,0,1.0461800107549488,-0.18337821762153406,0.10973345824050065,-0.03795344205224561,0.022933361907255395,0.7328671498892405,1.2623913705272245,-0.0005405780814961188,1.2629319486087207,0.0
564,11.28,idle,locomotion,0,1.0462682231013007,-0.18334846786137093,0.10973345824050065,-0.0379662111154615,0.022936445884007187,0.7328754643194981,1.2623993000252356,-0.0005407111990186654,1.2629400112242544,0.0
565,11.3,idle,locomotion,0,1.0463564354476527,-0.1833187181012078,0.10973345824050065,-0.0379789318828107,0.022939463893320966,0.7328838227077107,1.262407271991204,-0.0005408127172213499,1.2629480847084253,0.0
566,11.32,idle,locomotion,0,1.0464446477940046,-0.1832889683410447,0.10973345824050065,-0.037991598875496094,0.022942425862538897,0.7328922331055872,1.262415297185649,-0.0005409337938608039,1.26295623097951,0.0
567,11.34,idle,locomotion,0,1.0465328601403565,-0.18325921858088157,0.10973345824050065,-0.03800420839465061,0.02294536289270869,0.7329006796651583,1.2624233611532776,-0.0005410572263560287,1.2629644183796336,0.0
568,11.36,idle,locomotion,0,1.0466210724867084,-0.18322946882071844,0.10973345824050065,-0.03801675995974894,0.022948303836881314,0.7329091679130347,1.2624314662477332,-0.0005411893814019145,1.2629726556291352,0.0
569,11.38,idle,locomotion,0,1.0467092848330604,-0.18319971906055532,0.10973345824050065,-0.038029243139799454,0.02295129602284943,0.7329176943991645,1.2624396108341438,-0.0005413168497720687,1.262980927683916,0.0
570,11.4,idle,locomotion,0,1.0467974971794123,-0.1831699693003922,0.10973345824050065,-0.03804166537325939,0.022954378142458362,0.7329262695922786,1.2624478016060439,-0.0005414924408105211,1.2629892940468543,0.0
571,11.42,idle,locomotion,0,1.0468857095257642,-0.18314021954022908,0.10973345824050065,-0.03805400723487604,0.022957642949056334,0.7329348737095571,1.262456019908252,-0.0005416620426896557,1.2629976819509416,0.0
572,11.44,idle,locomotion,0,1.0469739218721161,-0.18311046978006595,0.10973345824050065,-0.03806627475995288,0.022961117654083183,0.7329435236853573,1.2624642748079402,-0.0005418200530508469,1.2630060948609911,0.0
573,11.46,idle,locomotion,0,1.047062134218468,-0.18308072001990283,0.10973345824050065,-0.03807846781931786,0.022964804472424376,0.732952210496809,1.2624725586381587,-0.0005419552145552835,1.263014513852714,0.0
574,11.48,idle,locomotion,0,1.04715034656482,-0.1830509702597397,0.10973345824050065,-0.038090593663529834,0.022968701118046976,0.7329609100002724,1.2624808468808497,-0.0005420733003729805,1.2630229201812226,0.0
575,11.5,idle,locomotion,0,1.047238558911172,-0.1830212204995766,0.10973345824050065,-0.038102668884159564,0.022972794271659165,0.7329696178138904,1.2624891324814655,-0.0005422078977407631,1.2630313403792064,0.0
576,11.52,idle,locomotion,0,1.0473267712575238,-0.18299147073941346,0.10973345824050065,-0.038114689711747175,0.02297709216609213,0.7329783373486504,1.2624974192527199,-0.0005423290124413581,1.2630397482651612,0.0
577,11.54,idle,locomotion,0,1.0474149836038757,-0.18296172097925034,0.10973345824050065,-0.03812666309103456,0.022981582153744903,0.7329871131872909,1.262505742249666,-0.0005424620327555835,1.2630482042824216,0.0
578,11.56,idle,locomotion,0,1.0475031959502277,-0.18293197121908722,0.10973345824050065,-0.03813857017675551,0.022986270187123906,0.7329959467033801,1.2625141104855184,-0.0005425800188649937,1.2630566905043834,0.0
579,11.58,idle,locomotion,0,1.0475914082965796,-0.1829022214589241,0.10973345824050065,-0.03815041213449846,0.02299114678792598,0.7330048177771363,1.2625225095424744,-0.0005427024445294679,1.2630652119870038,0.0
580,11.6,hold,kick,2,1.0476796206429315,-0.18287247169876097,0.10973345824050065,-0.03862044835558545,0.02310508255305249,0.7360923558973983,1.2652916894370299,-0.0005447203419874126,1.2658364097790173,0.0
581,11.62,hold,kick,3,1.0477678329892834,-0.18284272193859785,0.10973345824050065,-0.037734993307992105,0.023032103100052867,0.743379585814098,1.272612512844216,-0.0004956826914537353,1.2731081955356698,0.0
582,11.64,hold,kick,4,1.0478560453356354,-0.18281297217843473,0.10973345824050065,-0.0348904022639242,0.02265205328161057,0.7531861318017677,1.2829679447988698,-0.0005132254971867353,1.2834811702960565,0.0
583,11.66,hold,kick,5,1.0479442576819873,-0.1827832224182716,0.10973345824050065,-0.030636298803827067,0.022027933714379402,0.7634356344263288,1.2940082742547812,-0.0006106506822847989,1.2946189249370659,0.0
584,11.68,hold,kick,6,1.0480324700283392,-0.18275347265810848,0.10973345824050065,-0.026043860107994306,0.021173419055094594,0.7720220124060884,1.303261487557757,-0.0006560753192507811,1.3039175628770079,0.0
585,11.7,hold,kick,7,1.0481206823746911,-0.18272372289794536,0.10973345824050065,-0.02223462135969453,0.020219483226885302,0.7778546706693831,1.3094352397663216,-0.0006224478318467043,1.3100576875981682,0.0
586,11.72,hold,kick,8,1.048208894721043,-0.18269397313778224,0.10973345824050065,-0.01983365210917628,0.019393206067672857,0.7812971310256253,1.3129375105840118,-0.00047673453305299707,1.3134142451170647,0.0
587,11.74,hold,kick,9,1.048297107067395,-0.18266422337761912,0.10973345824050065,-0.018685601236125927,0.01870887907936755,0.7833386695267716,1.3148886067094767,-0.0004979050864797087,1.3153865117959564,0.0
588,11.76,hold,kick,10,1.048385319413747,-0.182634473617456,0.10973345824050065,-0.018274163791435424,0.018244391121884182,0.7845926578206821,1.3160129965651475,-0.00045651015651279603,1.3164695067216603,0.0
589,11.78,hold,kick,11,1.0484735317600988,-0.18260472385729287,0.10973345824050065,-0.018187941999557186,0.017961401495125574,0.7853772314218408,1.316672183102983,-0.00047084148807422996,1.3171430245910574,0.0
590,11.8,hold,kick,12,1.0485617441064508,-0.18257497409712975,0.10973345824050065,-0.018141857507389794,0.017763756195371513,0.7859084300563303,1.3171002237680605,-0.0005093771804049289,1.3176096009484655,0.0
591,11.82,hold,kick,13,1.0486499564528027,-0.18254522433696663,0.10973345824050065,-0.017984391141830508,0.01760121597709556,0.7862895175113735,1.3174082693269369,-0.0005767521127362646,1.317985021439673,0.0
592,11.84,hold,kick,14,1.0487381687991546,-0.1825154745768035,0.10973345824050065,-0.017661980810831913,0.017435480378923236,0.7865855186287444,1.3176609612711911,-0.0006628795711758305,1.318323840842367,0.0
593,11.86,hold,kick,15,1.0488263811455065,-0.18248572481664038,0.10973345824050065,-0.0171771122900653,0.01725822236013074,0.7868230595160326,1.3178802623214847,-0.000733957687705504,1.3186142200091902,0.0
594,11.88,hold,kick,16,1.0489145934918584,-0.18245597505647726,0.10973345824050065,-0.016566207970946895,0.017071862394610428,0.7870222296082628,1.3180780034512487,-0.0007791950391622046,1.318857198490411,0.0
595,11.9,hold,kick,17,1.0490028058382104,-0.18242622529631414,0.10973345824050065,-0.015862940924415883,0.01689358635545298,0.7871971697304321,1.318263392138526,-0.0008145151766511469,1.3190779073151773,0.0
596,11.92,hold,kick,18,1.0490910181845623,-0.18239647553615101,0.10973345824050065,-0.015103882565651752,0.016736690207367632,0.7873546977874942,1.318438219154617,-0.000852080759952422,1.3192902999145693,0.0
597,11.94,hold,kick,19,1.0491792305309142,-0.1823667257759879,0.10973345824050065,-0.014329602037038308,0.016612106190132543,0.7874975126920035,1.3186003279386356,-0.0008955011041681081,1.3194958290428036,0.0
598,11.96,hold,kick,20,1.0492674428772661,-0.18233697601582477,0.10973345824050065,-0.01356047193085321,0.016521629086042156,0.7876279176268198,1.3187493101659389,-0.0009412268012942739,1.3196905369672332,0.0
599,11.98,hold,kick,21,1.049355655223618,-0.18230722625566165,0.10973345824050065,-0.012801997374972097,0.01646259165825308,0.7877498971013085,1.318887795900034,-0.0009886820531728423,1.3198764779532068,0.0
600,12.0,hold,kick,22,1.04944386756997,-0.18227747649549852,0.10973345824050065,-0.012052245840715396,0.016428886292642553,0.7878670920540107,1.3190185496401612,-0.001040002473106285,1.3200585521132675,0.0
601,12.02,hold,kick,23,1.049532079916322,-0.1822477267353354,0.10973345824050065,-0.011304479696353929,0.016412186864330366,0.787981043466732,1.3191423061308674,-0.0010959661908447223,1.320238272321712,0.0
602,12.04,hold,kick,24,1.0496202922626738,-0.18221797697517228,0.10973345824050065,-0.010549398804691345,0.016402711333705813,0.7880926429636294,1.3192590888537092,-0.0011547600874980551,1.3204138489412074,0.0
603,12.06,hold,kick,25,1.0497085046090258,-0.18218822721500916,0.10973345824050065,-0.009779841537118047,0.01639074041409392,0.7882053669540066,1.31937173386764,-0.0012218180968065068,1.3205935519644465,0.0
604,12.08,hold,kick,26,1.0497967169553777,-0.18215847745484604,0.10973345824050065,-0.008988048717752512,0.016369453567265817,0.7883210109914113,1.3194820434059062,-0.0013018141416554947,1.3207838575475617,0.0
605,12.1,hold,kick,27,1.0498849293017296,-0.1821287276946829,0.10973345824050065,-0.008158547961346322,0.0163329301410615,0.7884389459590282,1.3195895385474712,-0.001387901677988506,1.3209774402254597,0.0
606,12.12,hold,kick,28,1.0499731416480815,-0.1820989779345198,0.10973345824050065,-0.007273645704600934,0.016288349336085993,0.7885573880935007,1.3196942012067356,-0.0014752645002230926,1.3211694657069588,0.0
607,12.14,hold,kick,29,1.0500613539944335,-0.18206922817435667,0.10973345824050065,-0.006323300958270435,0.016237078846143255,0.7886736751661503,1.319794335472346,-0.0015614059528993134,1.3213557414252453,0.0
608,12.16,hold,kick,30,1.0501495663407854,-0.18203947841419355,0.10973345824050065,-0.005303123419890559,0.016169888361012685,0.7887878081141009,1.3198896787965142,-0.0016466298629502357,1.3215363086594645,0.0
609,12.18,hold,kick,31,1.0502377786871373,-0.18200972865403042,0.10973345824050065,-0.004208154792398361,0.01608028272939004,0.788898090629844,1.3199788078465988,-0.0017308299749011526,1.3217096378215,0.0
610,12.2,hold,kick,32,1.0503259910334892,-0.1819799788938673,0.10973345824050065,-0.0030294933154386885,0.01596728558712785,0.7890039929525003,1.3200618335372039,-0.001811842862938562,1.3218736764001424,0.0
611,12.22,hold,kick,33,1.0504142033798411,-0.18195022913370418,0.10973345824050065,-0.0017594679547692459,0.0158322935206059,0.7891039885472931,1.3201384388052708,-0.0018882575904676895,1.3220266963957386,0.0
612,12.24,hold,kick,34,1.050502415726193,-0.18192047937354106,0.10973345824050065,-0.0003952076897688562,0.01567731311309643,0.7891939992290085,1.3202055935191028,-0.0019581661743923867,1.3221637596934952,0.0
613,12.26,hold,kick,35,1.050590628072545,-0.18189072961337793,0.10973345824050065,0.0010686795623532708,0.015503477428401082,0.7892708280352201,1.3202609143053101,-0.0020205285728514925,1.3222814428781615,0.0
614,12.28,hold,kick,36,1.050678840418897,-0.1818609798532148,0.10973345824050065,0.0026392295248990755,0.015311269814393692,0.7893318149088441,1.3203024765429998,-0.0020753125478063447,1.3223777890908062,0.0
615,12.3,hold,kick,37,1.0507670527652488,-0.1818312300930517,0.10973345824050065,0.004323683365116703,0.015100726531489693,0.789374373604785,1.320328339671518,-0.0021224294235858213,1.3224507690951037,0.0
616,12.32,hold,kick,38,1.0508552651116008,-0.18180148033288857,0.10973345824050065,0.006129536231403432,0.014871450905717148,0.7893954789922825,1.320336050229832,-0.002161777273108935,1.3224978275029409,0.0
617,12.34,hold,kick,39,1.0509434774579527,-0.18177173057272544,0.10973345824050065,0.008064550668470344,0.014622407798116207,0.7893925482816513,1.3203234619464814,-0.0021933207826468175,1.3225167827291282,0.0
618,12.36,hold,kick,40,1.0510316898043046,-0.18174198081256232,0.10973345824050065,0.010134641056718251,0.014352370958961648,0.7893619540817541,1.320286710009039,-0.0022172325591769196,1.322503942568216,0.0
619,12.38,hold,kick,41,1.0511199021506565,-0.1817122310523992,0.10973345824050065,0.01234642003555889,0.01405991988177608,0.7893005381901633,1.3202218688140481,-0.002230629577961926,1.32245249839201,0.0
620,12.4,hold,kick,42,1.0512081144970085,-0.18168248129223608,0.10973345824050065,0.014715424087344383,0.013740836161456957,0.7892077261302141,1.3201292769350257,-0.002226938798657766,1.3223562157336834,0.0
621,12.42,hold,kick,43,1.0512963268433604,-0.18165273153207295,0.10973345824050065,0.017252304378108287,0.013389471341522203,0.7890773348708215,1.3200035467374402,-0.0022171443591678316,1.3222206910966081,0.0
622,12.44,hold,kick,44,1.0513845391897123,-0.18162298177190983,0.10973345824050065,0.019961378634699805,0.01300088854602853,0.7888931187888792,1.3198275346009092,-0.002231774679894466,1.3220593092808037,0.0
623,12.46,hold,kick,45,1.0514727515360642,-0.1815932320117467,0.10973345824050065,0.022850169560563557,0.012579127606282055,0.7886583585903326,1.319603066470863,-0.0022410567118431937,1.321844123182706,0.0
624,12.48,hold,kick,46,1.0515609638824162,-0.18156348225158359,0.10973345824050065,0.025928238860194963,0.012122615963990809,0.7883675498529323,1.3193248582690265,-0.0022448222672157535,1.3215696805362422,0.0
625,12.5,hold,kick,47,1.051649176228768,-0.18153373249142046,0.10973345824050065,0.029206442337810737,0.01162584889482295,0.7880131600422088,1.3189826065385801,-0.002241272435801297,1.3212238789743813,0.0
626,12.52,hold,kick,48,1.05173738857512,-0.18150398273125734,0.10973345824050065,0.0326923312922895,0.011083559183587645,0.7875839042577425,1.3185628132236447,-0.0022215302034509464,1.3207843434270956,0.0
627,12.54,hold,kick,49,1.051825600921472,-0.18147423297109422,0.10973345824050065,0.03639099946229836,0.010493574723566297,0.7870699419274094,1.3180518030219397,-0.002192606034652378,1.3202444090565921,0.0
628,12.56,hold,kick,50,1.0519138132678238,-0.1814444832109311,0.10973345824050065,0.04030838999812121,0.009855019599978481,0.7864692144980873,1.3174439942313472,-0.002154509937117466,1.3195985041684646,0.0
629,12.58,hold,kick,51,1.0520020256141758,-0.18141473345076797,0.10973345824050065,0.044444210718014424,0.009171014582569451,0.7857965536107184,1.3167472974610837,-0.002016845497012011,1.3187641429580956,0.0
630,12.6,hold,kick,52,1.0520902379605277,-0.18138498369060485,0.10973345824050065,0.04893503957938024,0.008859471255263762,0.7853930580635843,1.3163302529101197,-0.002382087480832351,1.318712340390952,0.0
631,12.62,hold,kick,53,1.0521784503068796,-0.18135523393044173,0.10973345824050065,0.053901464797379124,0.008981286335792711,0.7856499669757356,1.3165635734164158,-0.002735217039772423,1.3192987904561884,0.0
632,12.64,hold,kick,54,1.0522666626532315,-0.1813254841702786,0.10973345824050065,0.059085456576068666,0.008727783768392306,0.7860303314923532,1.3167674302748953,-0.002555051360761021,1.3193224816356564,0.0
633,12.66,hold,kick,55,1.0523548749995835,-0.18129573441011548,0.10973345824050065,0.06453919068481657,0.0072304120657368295,0.7860260679970732,1.3164692237056503,-0.0023217724743083007,1.3187909961799587,0.0
634,12.68,hold,kick,56,1.0524430873459354,-0.18126598464995236,0.10973345824050065,0.0707570966303499,0.00453804315138891,0.7856244618416728,1.3158517703013097,-0.0022245400821655215,1.3180763103834752,0.0
635,12.7,hold,kick,57,1.0525312996922873,-0.18123623488978924,0.10973345824050065,0.07804923321247174,0.0008075091031764818,0.7846337648477878,1.3148317171297907,-0.0022796451645355938,1.3171113622943262,0.0
636,12.72,hold,kick,58,1.0526195120386392,-0.18120648512962612,0.10973345824050065,0.08638126730405113,-0.0036906875253018803,0.7831155027286536,1.3134394779708116,-0.002212412104178163,1.3156518900749898,0.0
637,12.74,hold,kick,59,1.0527077243849912,-0.181176735369463,0.10973345824050065,0.09571680710278602,-0.008485516594218957,0.7811335258550592,1.3117068097948965,-0.00206257787939464,1.313769387674291,0.0
638,12.76,hold,kick,60,1.052795936731343,-0.18114698560929987,0.10973345824050065,0.1057892807654601,-0.013269010513593603,0.778679591450012,1.3095519661266528,-0.0020138736656800695,1.3115658397923329,0.0
639,12.78,hold,kick,61,1.052884149077695,-0.18111723584913675,0.10973345824050065,0.11605609200971458,-0.01783575264531526,0.7763408654695558,1.3074238506706364,-0.0017942824570432413,1.3092181331276795,0.0
640,12.8,hold,kick,62,1.052972361424047,-0.18108748608897363,0.10973345824050065,0.12588926488717925,-0.022252220602671766,0.7750255589006567,1.3061883189480947,-0.0013368550535618993,1.3075251740016567,0.0
641,12.82,hold,kick,63,1.0530605737703989,-0.1810577363288105,0.10973345824050065,0.13534886129672488,-0.026889045437770688,0.7746787067529142,1.3058780223681448,-0.0013394938362143692,1.307217516204359,0.0
642,12.84,hold,kick,64,1.0531487861167508,-0.18102798656864738,0.10973345824050065,0.14463113647629117,-0.0319130083271095,0.7753198975087965,1.3065587179762168,-0.0016758893778615856,1.3082346073540785,0.0
643,12.86,hold,kick,65,1.0532369984631027,-0.18099823680848426,0.10973345824050065,0.1538462426639308,-0.037506205945908484,0.7769979561630885,1.3082869326282722,-0.0021774098452110313,1.3104643424734832,0.0
644,12.88,hold,kick,66,1.0533252108094546,-0.18096848704832114,0.10973345824050065,0.16326284196379928,-0.043755550946375364,0.7796328483550492,1.3110022971440427,-0.0026989761282671873,1.31370127327231,0.0
645,12.9,hold,kick,67,1.0534134231558065,-0.180938737288158,0.10973345824050065,0.1728568920008452,-0.05053468523260394,0.7829863634467679,1.3144191480763132,-0.0031110275321174982,1.3175301756084308,0.0
646,12.92,hold,kick,68,1.0535016355021585,-0.1809089875279949,0.10973345824050065,0.1825409129659721,-0.05760472911810593,0.786616729363145,1.3180500178482635,-0.0038782868363329143,1.3219283046845964,0.0
647,12.94,hold,kick,69,1.0535898478485104,-0.18087923776783177,0.10973345824050065,0.19245898093791974,-0.06461247988249735,0.7899941914331681,1.3213891668847477,-0.003990704916029986,1.3253798718007777,0.0
648,12.96,hold,kick,70,1.0536780601948623,-0.18084948800766865,0.10973345824050065,0.20255775555850813,-0.070850482051675,0.7924559791992676,1.3237755209469273,-0.004109803551788374,1.3278853244987157,0.0
649,12.98,hold,kick,71,1.0537662725412142,-0.18081973824750552,0.10973345824050065,0.21255113220338012,-0.07613924926150022,0.7938009586570137,1.32494448842349,-0.0016555480334722594,1.3266000364569623,0.0
650,13.0,hold,kick,72,1.0538544848875662,-0.1807899884873424,0.10973345824050065,0.2223154227986518,-0.08072883723165934,0.7945259385843186,1.3253161079973856,-0.0005595196362817752,1.3258756276336674,0.0
651,13.02,hold,kick,73,1.053942697233918,-0.18076023872717928,0.10973345824050065,0.23201659099364497,-0.08477358933603613,0.7949323265565454,1.3251426468126153,-0.0005226132221332093,1.3256652600347485,0.0
652,13.04,hold,kick,74,1.05403090958027,-0.18073048896701616,0.10973345824050065,0.24211095150231204,-0.08848706549660931,0.7950203292744281,1.3244968216470436,-0.0004931916834798218,1.3249900133305235,0.0
653,13.06,hold,kick,75,1.054119121926622,-0.18070073920685303,0.10973345824050065,0.25297185092767616,-0.09208321807582183,0.7946382515638307,1.3233966658807774,-0.000521194569474831,1.3239178604502522,0.0
654,13.08,hold,kick,76,1.0542073342729739,-0.1806709894466899,0.10973345824050065,0.26486264243411267,-0.09576389446910866,0.7936414330773065,1.3218901499848936,-0.0005838479461668863,1.3224739979310605,0.0
655,13.1,hold,kick,77,1.0542955466193258,-0.1806412396865268,0.10973345824050065,0.2780496502753972,-0.0997088082520062,0.7921668171564573,1.3202877330702907,-0.0006995335353233399,1.320987266605614,0.0
656,13.12,hold,kick,78,1.0543837589656777,-0.18061148992636367,0.10973345824050065,0.29270921813793666,-0.10401225075171971,0.7903855584542812,1.3188154108069439,-0.0009206477787051873,1.319736058585649,0.0
657,13.14,hold,kick,79,1.0544719713120296,-0.18058174016620054,0.10973345824050065,0.30874176631607864,-0.10844388388240044,0.7883126571909413,1.3173404597332143,-0.0011763493226980039,1.3185168090559123,0.0
658,13.16,hold,kick,80,1.0545601836583816,-0.18055199040603742,0.10973345824050065,0.32585148651346296,-0.11281832029729934,0.7859272570170815,1.3156284708302484,-0.0014965244669752562,1.3171249952972237,0.0
659,13.18,hold,kick,81,1.0546483960047335,-0.1805222406458743,0.10973345824050065,0.3440212614080735,-0.1173804756496413,0.783123253615883,1.313516653999501,-0.0018797053604762103,1.3153963593599771,0.0
660,13.2,hold,kick,82,1.0547366083510854,-0.18049249088571118,0.10973345824050065,0.3635347259491914,-0.12221093651597795,0.7797157411104036,1.310819556008735,-0.00225328729063784,1.3130728432993728,0.0
661,13.22,hold,kick,83,1.0548248206974373,-0.18046274112554805,0.10973345824050065,0.3845956093800341,-0.12704524912930673,0.7755651728854306,1.3073235119271154,-0.00256321873793678,1.3098867306650521,0.0
662,13.24,hold,kick,84,1.0549130330437892,-0.18043299136538493,0.10973345824050065,0.40718430651691667,-0.13175824007052336,0.7707150047268269,1.3029358698504514,-0.0028868169684220096,1.3058226868188734,0.0
663,13.26,hold,kick,85,1.0550012453901412,-0.1804032416052218,0.10973345824050065,0.4309554413581507,-0.1364256067548042,0.765298564834566,1.2976101087567558,-0.0032581609932555017,1.3008682697500114,0.0
664,13.28,hold,kick,86,1.055089457736493,-0.1803734918450587,0.10973345824050065,0.45558983736136366,-0.14093982487033258,0.7593826590443691,1.2913067106646616,-0.003918935638698419,1.29522564630336,0.0
665,13.3,hold,kick,87,1.055177670082845,-0.18034374208489556,0.10973345824050065,0.4777905002478407,-0.1462886191944973,0.7564519015646428,1.2874662194280786,-0.004962299852311218,1.2924285192803897,0.0
666,13.32,hold,kick,88,1.055265882429197,-0.18031399232473244,0.10973345824050065,0.4984367306893496,-0.15118054950170484,0.7565273244359383,1.2865768179101202,-0.00419049603504669,1.290767313945167,0.0
667,13.34,hold,kick,89,1.0553540947755489,-0.18028424256456932,0.10973345824050065,0.5191362067063087,-0.15480609779212717,0.7577789310071588,1.2868506091658478,-0.00415180748326989,1.2910024166491176,0.0
668,13.36,hold,kick,90,1.0554423071219008,-0.1802544928044062,0.10973345824050065,0.5393980874154743,-0.15677028698571246,0.7592309464263397,1.2875614935165975,-0.004190079709798844,1.2917515732263964,0.0
669,13.38,hold,kick,91,1.0555305194682527,-0.18022474304424307,0.10973345824050065,0.5588442670935606,-0.15724588185742627,0.761009470691854,1.2888911834052732,-0.002333821487136605,1.2912250048924099,0.0
670,13.4,hold,kick,92,1.0556187318146046,-0.18019499328407995,0.10973345824050065,0.5770146263817147,-0.1566189147078744,0.7644545615423031,1.2921729086344138,-0.0011754382467953732,1.2933483468812093,0.0
671,13.42,hold,kick,93,1.0557069441609566,-0.18016524352391683,0.10973345824050065,0.5942560084089711,-0.15457738471000038,0.7690908774277294,1.2969034487323716,-0.0005645547787476134,1.2974680035111192,0.0
672,13.44,hold,kick,94,1.0557951565073085,-0.1801354937637537,0.10973345824050065,0.6101683832272554,-0.15149444350938923,0.7744923197980843,1.3025782562483705,-0.00042262876890012194,1.3030008850172707,0.0
673,13.46,hold,kick,95,1.0558833688536604,-0.18010574400359058,0.10973345824050065,0.6245035004451522,-0.14814641305930693,0.7795127318523225,1.3079844309254947,-0.0004225402947656137,1.3084069712202602,0.0
674,13.48,hold,kick,96,1.0559715812000123,-0.18007599424342746,0.10973345824050065,0.637257015926266,-0.14512318502438978,0.7833948731942623,1.3123047059879467,-0.0004443786210433197,1.31274908460899,0.0
675,13.5,hold,kick,97,1.0560597935463643,-0.18004624448326434,0.10973345824050065,0.648523963719196,-0.14277118310188155,0.7860285349038654,1.31538785232383,-0.000412355398702189,1.3158002077225321,0.0
676,13.52,hold,kick,98,1.0561480058927162,-0.18001649472310122,0.10973345824050065,0.65855748759992,-0.1413747075878244,0.7876316504502257,1.3174044357508923,-0.00043997893108416175,1.3178444146819763,0.0
677,13.54,hold,kick,99,1.056236218239068,-0.1799867449629381,0.10973345824050065,0.6674906682788223,-0.1410697584234178,0.788558680916762,1.3186819181767662,-0.0005273948081453532,1.3192093129849116,0.0
678,13.56,hold,kick,100,1.05632443058542,-0.17995699520277497,0.10973345824050065,0.6752951413819007,-0.14170917910939132,0.7887585604623815,1.319163316839223,-0.000516026346044654,1.3196793431852676,0.0
679,13.58,hold,kick,101,1.056412642931772,-0.17992724544261185,0.10973345824050065,0.6822041557715488,-0.14319479421053766,0.7882331818267037,1.3187207427144276,-0.0004769243282400949,1.3191976670426677,0.0
680,13.6,hold,kick,102,1.0565008552781239,-0.17989749568244873,0.10973345824050065,0.6888405613185582,-0.14564247504222771,0.7871342197961266,1.3173667386917782,-0.0004711838628481957,1.3178379225546264,0.0
681,13.62,hold,kick,103,1.0565890676244758,-0.1798677459222856,0.10973345824050065,0.6958476827988278,-0.14905040386148102,0.7856609884935774,1.3152665641736818,-0.00045845084288503174,1.315725015016567,0.0
682,13.64,hold,kick,104,1.0566772799708277,-0.17983799616212248,0.10973345824050065,0.7035701809032615,-0.1530732166263572,0.7840703967964016,1.312761716599862,-0.00044836695188557596,1.3132100835517475,0.0
683,13.66,hold,kick,105,1.0567654923171796,-0.17980824640195936,0.10973345824050065,0.7120086302652335,-0.15730845381824002,0.7824589873292717,1.3101155014683856,-0.00048704979816259486,1.3106025512665482,0.0
684,13.68,hold,kick,106,1.0568537046635316,-0.17977849664179624,0.10973345824050065,0.7213589947790819,-0.16138701793787494,0.7807396014722071,1.3074890540313577,-0.0005918268568835261,1.3080808808882414,0.0
685,13.7,hold,kick,107,1.0576183899597424,-0.1790216007996907,0.1103793127644152,0.7320724317539469,-0.1648886234410847,0.7787394759670275,1.3050198929143808,-0.0007023860750569287,1.3057222789894378,0.0
686,13.72,hold,kick,108,1.0778471045252656,-0.1568881545123682,0.11996837658826887,0.7444679684453848,-0.16717359531621256,0.776657676329438,1.3031155421053084,-0.0007953012853348373,1.3039108433906432,0.0
687,13.74,hold,kick,109,1.106294798449815,-0.12401091466075466,0.1311340119554656,0.7583744863626838,-0.16815542771722278,0.7745028762473805,1.3016918036733474,-0.0009660578157883945,1.3026578614891358,0.0
688,13.76,hold,kick,110,1.1349380871808874,-0.09017912193529176,0.13924358652085492,0.7728089915860744,-0.16796410206243229,0.7717668666688483,1.299857176837332,-0.0011593070128471626,1.301016483850179,0.0
689,13.78,hold,kick,111,1.1635717656537432,-0.05633406719441869,0.1434342206169273,0.7871047350869272,-0.16677922480139673,0.76817736014597,1.2969700760151521,-0.001198516604877211,1.2981685926200293,0.0
690,13.8,hold,kick,112,1.192205444126599,-0.02248901245354566,0.14370085471300004,0.8011034729673596,-0.1652802183326524,0.7638966523079797,1.2929357351479256,-0.00358857817646617,1.2965243133243918,0.0
691,13.82,hold,kick,113,1.2208391225994548,0.011356042287327285,0.14004348880907294,0.8135729427958759,-0.1633647841506052,0.7605426601173877,1.2894354175003884,-0.007526268574368,1.2969616860747564,0.0
692,13.84,hold,kick,114,1.2494728010723106,0.04520109702820028,0.1324621229051454,0.8230558215014225,-0.16164968059632762,0.7593932362677301,1.2880990050677938,-0.005073705170276568,1.2931727102380703,0.0
693,13.86,hold,kick,115,1.2781064795451664,0.07904615176907334,0.12095675700121812,0.8306795204833397,-0.16131009410982214,0.7590439290854498,1.287414415022022,-0.004145140480938697,1.2915595555029606,0.0
694,13.88,hold,kick,116,1.3062566007439307,0.11225184612641308,0.1067157272610774,0.8381515331750258,-0.1611499813229071,0.759466323770103,1.2872973681973345,-0.003964968883090725,1.2912623370804253,0.0
695,13.9,hold,kick,117,1.3285706031836066,0.13775769782440003,0.10446392872849235,0.8463446612667058,-0.1604208277142173,0.7613883721005958,1.288576539443972,-0.0034565588714010886,1.2920330983153732,0.0
696,13.92,hold,kick,118,1.3490277720934531,0.16080834078666612,0.10637757584340789,0.8547430585160954,-0.15984607933955322,0.7647035615397799,1.29143171685759,-0.0008757210610383509,1.2923074379186283,0.0
697,13.94,hold,kick,119,1.3692988908257762,0.18360332408251367,0.1080374433714851,0.8626161436018369,-0.1598850492477432,0.7686379505203396,1.295304278222806,-0.0008450614837900543,1.296149339706596,0.0
698,13.96,hold,kick,120,1.3895835707055044,0.20640786951786286,0.10899508684844822,0.8701505708934864,-0.1604664599701799,0.7726180480873001,1.299513845092698,-0.0007440221744348489,1.3002578672671328,0.0
699,13.98,hold,kick,121,1.4098905806852768,0.22923682286923405,0.10947086934509566,0.877454406566704,-0.1612951972056515,0.7762579625433175,1.3035620079177046,-0.0006225911954682757,1.3041845991131729,0.0
700,14.0,hold,kick,122,1.4302103431046738,0.2520800272650084,0.10966189882911737,0.8846967132362582,-0.1621796496068224,0.7792328451053597,1.307000970362954,-0.0005746472639019222,1.3075756176268558,0.0
701,14.02,hold,kick,123,1.4505356778131222,0.27492948531252215,0.10972016888569326,0.892488307935869,-0.16328822591630499,0.782018863333805,1.310132823837185,-0.0004787995065828887,1.310611623343768,0.0
702,14.04,hold,kick,124,1.4708629524909844,0.2977811228774265,0.10973387803553963,0.9010336318722687,-0.16422443764776876,0.7840286857514028,1.3124479589014695,-0.0004102313111514419,1.3128581902126208,0.0
703,14.06,hold,kick,125,1.491190766876296,0.3206333669961911,0.10973550732124092,0.9101042575082753,-0.16493382652953015,0.7848933352614088,1.3136203229924583,-0.00040920285186641855,1.3140295258443249,0.0
704,14.08,hold,kick,126,1.511518685585904,0.34348572837176367,0.10973480526974781,0.9196906492530421,-0.16544620447346645,0.7847263309390184,1.3137255269877919,-0.00041005508967655036,1.3141355820774685,0.0
705,14.1,hold,kick,127,1.5318466030641333,0.3663380883600326,0.10973410861562484,0.9295949538157406,-0.16635397529888823,0.7835785605834164,1.3127335240626277,-0.0004268612516873972,1.313160385314315,0.0
706,14.12,hold,kick,128,1.5521745057228171,0.3891904316879847,0.1097337247909906,0.939770862914274,-0.1677641616886785,0.7814122403203572,1.3105677933893374,-0.0004250224711037573,1.3109928158604411,0.0
707,14.14,hold,kick,129,1.5725023983812576,0.4120427637737521,0.10973355444156548,0.9507070762762159,-0.16921267226215903,0.7783846341947992,1.307486534098878,-0.0004213658946803957,1.3079078999935583,0.0
708,14.16,hold,kick,130,1.592830286157147,0.4348950903706175,0.10973348874081124,0.9626308510468394,-0.17028069878915272,0.7745747390354885,1.3037224397316796,-0.0004220761032360451,1.3041445158349156,0.0
709,14.18,hold,kick,131,1.6131581719168129,0.45774741470087166,0.109733466360717,0.9756769465947941,-0.1710791554984239,0.7700748549051154,1.2993896428443026,-0.00041523810403528913,1.2998048809483378,0.0
710,14.2,hold,kick,132,1.6334860569438556,0.48059973820752183,0.10973345975448592,0.989856201171531,-0.17187203161810977,0.7648000475514808,1.2943691360515137,-0.0004824553637688585,1.2948515914152825,0.0
711,14.22,hold,kick,133,1.6538139417367985,0.5034520614509994,0.10973345820025046,1.0051668933710765,-0.17288258559734196,0.7589595169525046,1.288781186641406,-0.0007763931708021886,1.2895575798122083,0.0
712,14.24,hold,kick,134,1.6741418264666517,0.5263043846235527,0.10973345801230548,1.0201150938834533,-0.17327120454575762,0.7547627901512369,1.2847273919627293,-0.0040966447511143755,1.2888240367138437,0.0
713,14.26,hold,kick,135,1.6944697111843605,0.549156707782454,0.10973345808969172,1.0315686282744556,-0.17324782303479153,0.7563324620459014,1.286495110099202,-0.0015609781235258018,1.2880560882227277,0.0
714,14.28,hold,kick,136,1.714797595902122,0.5720090309414139,0.10973345816755259,1.0421049271094633,-0.17441134843859335,0.7599078567138201,1.2901651720416631,-0.001811307015158338,1.2919764790568216,0.0
715,14.3,hold,kick,137,1.7351254806215282,0.5948613541022232,0.10973345821057291,1.0520994993450963,-0.1761912287855934,0.763796303024871,1.294113578511013,-0.002179651565475546,1.2962932300764884,0.0
716,14.32,hold,kick,138,1.7554533653420537,0.6177136772642903,0.10973345822969059,1.0616019526084608,-0.1782796347160203,0.7672974472153686,1.2976510123685696,-0.0025890563906494496,1.300240068759219,0.0
717,14.34,hold,kick,139,1.7757812500631258,0.640566000426973,0.10973345823707027,1.070652622653801,-0.18042665721725343,0.7701486773916881,1.3005204132489494,-0.0028946995748306142,1.30341511282378,0.0
718,14.36,hold,kick,140,1.7961091347844251,0.6634183235899096,0.1097334582395861,1.0795668686250852,-0.1824710106875209,0.7724113647193516,1.3027742687715407,-0.0031476998924444624,1.3059219686639851,0.0
719,14.38,hold,kick,141,1.8164370195058062,0.686270646752939,0.10973345824032957,1.0888423693251543,-0.1843745349090753,0.77410107750131,1.304430507573325,-0.0033994906893894256,1.3078299982627144,0.0
720,14.4,hold,kick,142,1.8367649042272134,0.7091229699159979,0.1097334582405048,1.098509626650581,-0.18611905691951547,0.775588128910469,1.3057856592264385,-0.0036919846025406655,1.3094776438289792,0.0
721,14.42,hold,kick,143,1.8570927889486295,0.7319752930790651,0.10973345824052617,1.108881824775544,-0.18752699137346318,0.7773071343154191,1.30734170590089,-0.004007720323223385,1.3113494262241134,0.0
722,14.44,hold,kick,144,1.8774206736700456,0.7548276162421323,0.10973345824051754,1.1202506414478928,-0.18857463613782263,0.7792645616071775,1.3091986138409213,-0.004294847529969344,1.3134934613708906,0.0
723,14.46,hold,kick,145,1.8977485583914617,0.7776799394051996,0.10973345824050884,1.132275919405448,-0.18962747181780965,0.7815265656849862,1.3113792951544845,-0.004489531412408765,1.3158688265668932,0.0
724,14.48,hold,kick,146,1.9180764431128778,0.8005322625682669,0.10973345824050404,1.144378626074246,-0.19096012283413913,0.7838823471844166,1.3136581622232328,-0.004451942953918972,1.3181101051771518,0.0
725,14.5,hold,kick,147,1.938404327834294,0.8233845857313342,0.10973345824050187,1.1558366974194774,-0.19226608955836397,0.7858704870755265,1.315612147892171,-0.003749587943373933,1.319361735835545,0.0
726,14.52,hold,kick,148,1.95873221255571,0.8462369088944015,0.10973345824050107,1.1663292421522662,-0.193257167435357,0.7873738643015467,1.3170962798623826,-0.0017271311469173184,1.3188234110093,0.0
727,14.54,hold,kick,149,1.9790600972771262,0.8690892320574688,0.10973345824050082,1.1760720112465477,-0.1939816421979957,0.7885167263544165,1.3182575416658204,-0.0016572849696664844,1.319914826635487,0.0
728,14.56,hold,kick,150,1.9993879819985423,0.8919415552205361,0.10973345824050082,1.1854141989693507,-0.19456683215972242,0.7892709250555138,1.3191380161292834,-0.001545023798060801,1.3206830399273441,0.0
729,14.58,hold,kick,151,2.0197158667199497,0.9147938783836034,0.10973345824050082,1.1945672426277743,-0.19495504491877425,0.7898505276380822,1.3199603879712156,-0.0013224518971933115,1.3212828398684089,0.0
730,14.6,hold,kick,152,2.040043751441357,0.9376462015466707,0.10973345824050082,1.2034528711579033,-0.1951523354807923,0.7902475401008954,1.3206487651535288,-0.0010084203921325828,1.3216571855456614,0.0
731,14.62,hold,kick,153,2.060371636162764,0.960498524709738,0.10973345824050082,1.2116905217076877,-0.19518127931950557,0.7905235340599972,1.3211461344891804,-0.0006270779118644383,1.3217732124010448,0.0
732,14.64,hold,kick,154,2.0806995208841714,0.9833508478728052,0.10973345824050082,1.2189568985390997,-0.1947938244859451,0.7912474620645693,1.321959743808629,-0.00053030458492467,1.3224900483935538,0.0
733,14.66,hold,kick,155,2.1010274056055787,1.0062031710358736,0.10973345824050082,1.225412374144153,-0.19410202526413875,0.7922051570689623,1.322942943706178,-0.0005322366597511966,1.323475180365929,0.0
734,14.68,hold,kick,156,2.121355290326986,1.0290554941989454,0.10973345824050082,1.2312414720191676,-0.19311518322135313,0.7931550053935803,1.3238773164039093,-0.0005683432064392292,1.3244456596103484,0.0
735,14.7,hold,kick,157,2.141683175048393,1.051907817362017,0.10973345824050082,1.236529798977682,-0.191787503302964,0.7939822886019402,1.3246689609991993,-0.0006006857370018902,1.325269646736201,0.0
736,14.72,hold,kick,158,2.1620110597698003,1.0747601405250888,0.10973345824050082,1.2412121584715456,-0.19011527209439347,0.7946529343243939,1.3252847357183946,-0.0006383083519498102,1.3259230440703444,0.0
737,14.74,hold,kick,159,2.1823389444912076,1.0976124636881606,0.10973345824050082,1.2453290700493866,-0.18799370090403472,0.7951417419948017,1.3257092806612083,-0.0007009729205819624,1.3264102535817903,0.0
738,14.76,hold,kick,160,2.202666829212615,1.1204647868512323,0.10973345824050082,1.2489860952647864,-0.18540214578250788,0.7953322646066346,1.325848296132724,-0.0007550536642695858,1.3266033497969936,0.0
739,14.78,hold,kick,161,2.222994713934022,1.143317110014304,0.10973345824050082,1.2522771064058602,-0.18247023950548327,0.7951432094271134,1.3256299496437842,-0.000782793863261029,1.3264127435070452,0.0
740,14.8,hold,kick,162,2.2433225986554293,1.1661694331773758,0.10973345824050082,1.2552729487560448,-0.17932081292191526,0.7945898310552632,1.3250716012892934,-0.0008408066074165992,1.32591240789671,0.0
741,14.82,hold,kick,163,2.2636504833768365,1.1890217563404475,0.10973345824050082,1.2579122536345704,-0.17601219051607175,0.7936067718750123,1.324100678873089,-0.0009125855493967647,1.3250132644224857,0.0
742,14.84,hold,kick,164,2.2839783680982437,1.2118740795035192,0.10973345824050082,1.2601631150246453,-0.17250109024701551,0.7920793917943051,1.3226017572767104,-0.0009617709287235258,1.3235635282054339,0.0
743,14.86,hold,kick,165,2.304306252819651,1.234726402666591,0.10973345824050082,1.2620314515041846,-0.16866828448520277,0.7898314897599137,1.3204034888026426,-0.0010252548181123554,1.321428743620755,0.0
744,14.88,hold,kick,166,2.324634137541058,1.2575787258296627,0.10973345824050082,1.263487703173477,-0.16422183356985598,0.7868796489251271,1.3175054824488046,-0.001361909467883879,1.3188673919166884,0.0
745,14.9,hold,kick,167,2.3449620222624654,1.2804310489927344,0.10973345824050082,1.2646279397945752,-0.15909591503149526,0.783238437038711,1.3139568240323016,-0.0016663112490005252,1.3156231352813021,0.0
746,14.92,hold,kick,168,2.3652899069838726,1.3032833721558061,0.10973345824050082,1.2651625216567408,-0.1530169599643151,0.7784925491758861,1.3093378323974993,-0.0017602165736725593,1.3110980489711719,0.0
747,14.94,hold,kick,169,2.38561779170528,1.3261356953188779,0.10973345824050082,1.264989863049449,-0.1467139886454447,0.7730999491821939,1.3040637963917212,-0.00468442677323172,1.308748223164953,0.0
748,14.96,hold,kick,170,2.405945676426687,1.3489880184819496,0.10973345824050082,1.2644291520337763,-0.1433255919686153,0.7699639181835158,1.3011472526317676,-0.003235568517801643,1.3043828211495692,0.0
749,14.98,hold,kick,171,2.4262735611480943,1.3718403416450213,0.10973345824050082,1.264069040132233,-0.14115539530230986,0.7683522909858824,1.2997229420808474,-0.002617324640767773,1.302340266721615,0.0
750,15.0,hold,kick,172,2.4466014458695016,1.394692664808093,0.10973345824050082,1.2638883141402193,-0.1391930014019047,0.7671326547530796,1.2986319295984792,-0.002530870606172929,1.301162800204652,0.0
751,15.02,hold,kick,173,2.466929330590909,1.4175449879711648,0.10973345824050082,1.2634046016840448,-0.1374046410350746,0.7659728578883017,1.2975665544139419,-0.002556463388865341,1.3001230178028071,0.0
752,15.04,hold,kick,174,2.487257215312316,1.4403973111342365,0.10973345824050082,1.2625597115719243,-0.13571152066656386,0.7647583938488138,1.2964145808560388,-0.0025706642037832197,1.298985245059822,0.0
753,15.06,hold,kick,175,2.5075851000337233,1.4632496342973083,0.10973345824050082,1.2614897996106147,-0.13409294054601312,0.7635308403939695,1.2952186116601225,-0.002557914548452382,1.297776526208575,0.0
754,15.08,hold,kick,176,2.5279129847551305,1.48610195746038,0.10973345824050082,1.2603315692081805,-0.13253702942897982,0.7623719089508895,1.2940645342747068,-0.002512954812971077,1.2965774890876778,0.0
755,15.1,hold,kick,177,2.5482408694765377,1.5089542806234517,0.10973345824050082,1.259099468954636,-0.1309985089840475,0.7613764128684425,1.2930607193019903,-0.002440040288126725,1.2955007595901171,0.0
756,15.12,hold,kick,178,2.568568754197945,1.5318066037865234,0.10973345824050082,1.257792252744595,-0.12943876230706153,0.7605788028109894,1.292253736800263,-0.002342366866554344,1.2945961036668172,0.0
757,15.14,hold,kick,179,2.588896638919352,1.5546589269495952,0.10973345824050082,1.2564085800862297,-0.12788512228800675,0.7600088670212941,1.2916648447990828,-0.0022554904944695163,1.2939203352935524,0.0
758,15.16,hold,kick,180,2.6092245236407594,1.577511250112667,0.10973345824050082,1.2550818188715307,-0.12640889709245376,0.7596042934650342,1.291231246082875,-0.0021885228845679693,1.293419768967443,0.0
759,15.18,hold,kick,181,2.6295524083621666,1.6003635732757386,0.10973345824050082,1.253906846958878,-0.12502622007222125,0.7592561609055996,1.2908396589760978,-0.0021278472094750887,1.2929675061855728,0.0
760,15.2,hold,kick,182,2.649880293083574,1.6232158964388104,0.10973345824050082,1.2529410199333566,-0.12368194943123888,0.7589229245189605,1.2904601134014944,-0.0020527348502370965,1.2925128482517314,0.0
761,15.22,hold,kick,183,2.670208177804981,1.646068219601882,0.10973345824050082,1.2521817565591817,-0.12230964818298562,0.7585587475852344,1.290064924465492,-0.0019402366252536038,1.2920051610907457,0.0
762,15.24,hold,kick,184,2.6905360625263883,1.6689205427649538,0.10973345824050082,1.2515110349722716,-0.12090676974850292,0.7581296308416992,1.28960715394042,-0.0018071414268799185,1.2914142953672998,0.0
763,15.26,hold,kick,185,2.7108639472477956,1.6917728659280256,0.10973345824050082,1.2508644492531427,-0.11952268630697963,0.7576200902815259,1.2890509613950318,-0.0016854240166197729,1.2907363854116516,0.0
764,15.28,hold,kick,186,2.731191831969203,1.7146251890910973,0.10973345824050082,1.2503282946530767,-0.11822082740556576,0.7570685745406399,1.2884292491294305,-0.0015821536153371937,1.2900114027447676,0.0
765,15.3,hold,kick,187,2.75151971669061,1.737477512254169,0.10973345824050082,1.2500395246111595,-0.11702603715976992,0.7565115661676806,1.287797113572645,-0.001471520956785776,1.2892686345294306,0.0
766,15.32,hold,kick,188,2.7718476014120172,1.7603298354172408,0.10973345824050082,1.2500016191475536,-0.11590043526786013,0.7559744892929456,1.2871908058147807,-0.001359873360289452,1.2885506791750703,0.0
767,15.34,hold,kick,189,2.7921754861334245,1.7831821585803125,0.10973345824050082,1.250150634146866,-0.11484679569372516,0.7555130696296658,1.2866565920348343,-0.0012903754835460225,1.2879469675183803,0.0
768,15.36,hold,kick,190,2.8125033708548317,1.8060344817433842,0.10973345824050082,1.2504827115659967,-0.11389081314527305,0.755093323694117,1.2861639745353706,-0.001247410372718985,1.2874113849080895,0.0
769,15.38,hold,kick,191,2.832831255576239,1.828886804906456,0.10973345824050082,1.2510232673431512,-0.11303646235369948,0.7546309889689751,1.285636212463474,-0.0012163728101961223,1.28685258527367,0.0
770,15.4,hold,kick,192,2.853159140297646,1.8517391280695277,0.10973345824050082,1.2517203332819278,-0.1122944924686161,0.7540899073567687,1.2850310678247212,-0.001163506828759743,1.2861945746534809,0.0
771,15.42,hold,kick,193,2.8734870250190534,1.8745914512325994,0.10973345824050082,1.25247625427708,-0.11160928927371686,0.7534924882675118,1.2843581913913704,-0.001101346455213155,1.2854595378465836,0.0
772,15.44,hold,kick,194,2.8938149097404606,1.8974437743956711,0.10973345824050082,1.2532820817158512,-0.11097168988593478,0.7529033325760247,1.2836805602208619,-0.0010795448886906575,1.2847601051095525,0.0
773,15.46,hold,kick,195,2.914142794461868,1.9202960975587429,0.10973345824050082,1.2541683047630094,-0.11044220290341224,0.7523301247570233,1.2830087167871604,-0.0010989614690663958,1.2841076782562268,0.0
774,15.48,hold,kick,196,2.934470679183275,1.9431484207218146,0.10973345824050082,1.2551251102013965,-0.11003390610058932,0.7517067696021628,1.2822809618850612,-0.00112434508927187,1.2834053069743332,0.0
775,15.5,hold,kick,197,2.9547985639046823,1.9660007438848863,0.10973345824050082,1.2561158206528957,-0.10969789091052287,0.7509625655732373,1.2814369110406292,-0.0011507585056710033,1.2825876695463,0.0
776,15.52,hold,kick,198,2.9751264486260895,1.988853067047958,0.10973345824050082,1.2571238781902425,-0.10941885173094745,0.7501387316239448,1.2805194472348898,-0.0011541606808457006,1.2816736079157354,0.0
777,15.54,hold,kick,199,2.995454333347497,2.01170539021103,0.10973345824050082,1.2580935143827956,-0.10922040404733109,0.7493839231809738,1.279661349708571,-0.0011421478886714312,1.2808034975972424,0.0
778,15.56,hold,kick,200,3.015782218068904,2.0345577133741015,0.10973345824050082,1.2589802224871065,-0.10910647535372883,0.748786135037356,1.278943416314773,-0.0011459220949860162,1.2800893384097591,0.0
779,15.58,hold,kick,201,3.0361101027903112,2.0574100365371732,0.10973345824050082,1.2597863174585155,-0.10908260228037377,0.7483254961149608,1.2783495347081397,-0.001164905311424401,1.2795144400195642,0.0
780,15.6,hold,kick,202,3.0564379875117185,2.080262359700245,0.10973345824050082,1.2605725495767985,-0.1091433398107553,0.7479351769395178,1.2778313396870895,-0.0011762513590923666,1.2790075910461818,0.0
781,15.62,hold,kick,203,3.0767658722331257,2.1031146828633167,0.10973345824050082,1.2613587042260652,-0.10927219514132147,0.74755219790875,1.2773366816735856,-0.0011893048144516957,1.2785259864880374,0.0
782,15.64,hold,kick,204,3.097093756954533,2.1259670060263884,0.10973345824050082,1.26213210956327,-0.10948545745351126,0.747134658621985,1.2768174943743293,-0.0012097183258081325,1.2780272127001375,0.0
783,15.66,hold,kick,205,3.11742164167594,2.14881932918946,0.10973345824050082,1.2628963944609777,-0.10977256878256214,0.7466644213695018,1.2762520962306811,-0.0012215704302556626,1.2774736666609368,0.0
784,15.68,hold,kick,206,3.1377495263973474,2.171671652352532,0.10973345824050082,1.2636846947607252,-0.11008667416138075,0.7461919598298704,1.2756970198280373,-0.0012275544003351319,1.2769245742283724,0.0
785,15.7,hold,kick,207,3.1580774111187546,2.1945239755156036,0.10973345824050082,1.2645368058927968,-0.11041291359907508,0.7458540337402945,1.2752869682237418,-0.0012493114480580658,1.2765362796717998,0.0
786,15.72,hold,kick,208,3.178405295840162,2.2173762986786754,0.10973345824050082,1.2654879483751358,-0.11067705758039921,0.745952102159723,1.2753118428349226,-0.0013103985547417846,1.2766222413896644,0.0
787,15.74,hold,kick,209,3.198733180561569,2.240228621841747,0.10973345824050082,1.2666026523820426,-0.1108339221895281,0.7465405931015247,1.2758701063817035,-0.0014211578301073328,1.2772912642118108,0.0
788,15.76,hold,kick,210,3.2190610652829763,2.263080945004819,0.10973345824050082,1.2678346058213628,-0.11091219162440055,0.7473275575546532,1.2766878195942781,-0.0014807592898873657,1.2781685788841655,0.0
789,15.78,hold,kick,211,3.2393889500043835,2.2859332681678906,0.10973345824050082,1.2690985109083843,-0.11095948912535177,0.7480818817059474,1.2775088349239572,-0.0014985766819009053,1.279007411605858,0.0
790,15.8,hold,kick,212,3.2597168347257908,2.3087855913309623,0.10973345824050082,1.2703780184413682,-0.1109932510310106,0.7487265590983775,1.27824816854985,-0.0015038637524181948,1.2797520323022682,0.0
791,15.82,hold,kick,213,3.280044719447198,2.331637914494034,0.10973345824050082,1.271660207469089,-0.11100302435645489,0.7492125859029428,1.2788535043450626,-0.001495600952880434,1.280349105297943,0.0
792,15.84,hold,kick,214,3.3003726041686052,2.3544902376571057,0.10973345824050082,1.2729280882109002,-0.1110021110364672,0.7495125751909734,1.2792903328692422,-0.0014623504947773591,1.2807526833640195,0.0
793,15.86,hold,kick,215,3.3207004888900125,2.3773425608201775,0.10973345824050082,1.2741688215658,-0.11099056441387525,0.7496124361523433,1.2795386543261806,-0.00142910675331729,1.2809677610794978,0.0
794,15.88,hold,kick,216,3.3410283736114197,2.400194883983249,0.10973345824050082,1.2753638595518015,-0.11095410909361227,0.7495125706009851,1.2795921960932402,-0.0014016093694043837,1.2809938054626446,0.0
795,15.9,hold,kick,217,3.361356258332827,2.423047207146321,0.10973345824050082,1.276517329199044,-0.11088989517028554,0.7492005712211848,1.279437512883192,-0.0013801661840822273,1.2808176790672743,0.0
796,15.92,hold,kick,218,3.381684143054234,2.4458995303093927,0.10973345824050082,1.277619303687102,-0.11080461271982646,0.7486742272543536,1.279065409987417,-0.0013599399974256812,1.2804253499848428,0.0
797,15.94,hold,kick,219,3.4020120277756414,2.4687518534724644,0.10973345824050082,1.278672584867608,-0.11069816782326014,0.7479419648757663,1.2784821240878446,-0.0013380590281705483,1.2798201831160152,0.0
798,15.96,hold,kick,220,3.4223399124970486,2.491604176635536,0.10973345824050082,1.2796629939635533,-0.11057427167315241,0.7470236682543854,1.2777032046921484,-0.0013112607892567518,1.279014465481405,0.0
799,15.98,hold,kick,221,3.442667797218456,2.514456499798608,0.10973345824050082,1.2805738902137216,-0.1104364274090437,0.7459442229602427,1.2767499995459641,-0.0012812549326190019,1.2780312544785832,0.0
800,16.0,hold,kick,222,3.462995681939863,2.5373088229616796,0.10973345824050082,1.2813897048302285,-0.1102710384319852,0.7447360901578801,1.27565515250412,-0.001245352200450349,1.2769005047045703,0.0
801,16.02,hold,kick,223,3.4833235666612703,2.5601611461247513,0.10973345824050082,1.2820918529541343,-0.11006345888258275,0.7434386109219516,1.2744587313992413,-0.0012001023250303201,1.2756588337242716,0.0
802,16.04,hold,kick,224,3.5036514513826775,2.583013469287823,0.10973345824050082,1.28266669862624,-0.10979897629044498,0.7421048621671744,1.2732149624871314,-0.0011400149443608794,1.2743549774314922,0.0
803,16.06,hold,kick,225,3.5239793361040848,2.605865792450895,0.10973345824050082,1.2831118498988692,-0.10946543330750289,0.7408085317210525,1.2719983605989684,-0.001059194754109049,1.2730575553530774,0.0
804,16.08,hold,kick,226,3.544307220825492,2.6287181156139665,0.10973345824050082,1.2834338123857396,-0.10903778268259026,0.7396544971850834,1.2709147761788626,-0.0009502195740126694,1.2718649957528754,0.0
805,16.1,hold,kick,227,3.564635105546899,2.6515704387770382,0.10973345824050082,1.2836811681347806,-0.10849877598372018,0.7387759819207548,1.2700990082786878,-0.0008223144628202797,1.2709213227415082,0.0
806,16.12,hold,kick,228,3.5849629902683064,2.67442276194011,0.10973345824050082,1.283891321729093,-0.10789868218403709,0.7383247009204327,1.269697336964596,-0.0007230863668079394,1.270420423331404,0.0
807,16.14,hold,kick,229,3.6052908749897137,2.6972750851031817,0.10973345824050082,1.2841203913123904,-0.10729228399482842,0.738346668425254,1.2697588684292276,-0.0006774865486981786,1.2704363549779258,0.0
808,16.16,hold,kick,230,3.625618759711121,2.7201274082662534,0.10973345824050082,1.2843997789345138,-0.10673169307989817,0.738749419159438,1.2701918172306397,-0.0006607828780936346,1.2708526001087332,0.0
809,16.18,hold,kick,231,3.645946644432528,2.742979731429325,0.10973345824050082,1.2847182570435802,-0.10623650865729063,0.7394028450667749,1.270866601855455,-0.0006657916749168401,1.271532393530372,0.0
810,16.2,hold,kick,232,3.6662745291539354,2.765832054592397,0.10973345824050082,1.2850521069404415,-0.10580815532919216,0.7401731923746419,1.2716508251107594,-0.0006776138581949982,1.2723284389689544,0.0
811,16.22,hold,kick,233,3.6866024138753426,2.7886843777554686,0.10973345824050082,1.2853770738130932,-0.10544960197088457,0.7409499926321026,1.2724346478592428,-0.0006870840143329213,1.2731217318735757,0.0
812,16.24,hold,kick,234,3.70693029859675,2.8115367009185404,0.10973345824050082,1.2856782710489274,-0.10516199025169268,0.7416567916859618,1.2731418975130575,-0.0006914236936346359,1.2738333212066921,0.0
813,16.26,hold,kick,235,3.727258183318157,2.834389024081612,0.10973345824050082,1.2859550637786397,-0.10492105136756404,0.7422508969765371,1.2737326935779176,-0.0006908261946661394,1.2744235197725837,0.0
814,16.28,hold,kick,236,3.7475860680395643,2.857241347244684,0.10973345824050082,1.2862083944869926,-0.10470844555951932,0.7427137706137631,1.2741903447117098,-0.000687814864722306,1.274878159576432,0.0
815,16.3,hold,kick,237,3.7679139527609715,2.8800936704077555,0.10973345824050082,1.2864447835512076,-0.1045132383219947,0.7430486986099264,1.27451891336589,-0.0006837532854034704,1.2752026666512934,0.0
816,16.32,hold,kick,238,3.7882418374823787,2.9029459935708273,0.10973345824050082,1.2866780695103446,-0.104323035582723,0.7432738046041681,1.2747376193063964,-0.0006789954693305761,1.2754166147757269,0.0
817,16.34,hold,kick,239,3.808569722203786,2.925798316733899,0.10973345824050082,1.2869169157858635,-0.10413578469699697,0.7434154443617874,1.2748718135374737,-0.0006739258965460862,1.2755457394340197,0.0
818,16.36,hold,kick,240,3.828897606925193,2.9486506398969707,0.10973345824050082,1.2871640571546137,-0.10395405149300894,0.7435006474689444,1.2749467439026305,-0.0006690564119072699,1.2756158003145377,0.0
819,16.38,hold,kick,241,3.8492254916466004,2.9715029630600425,0.10973345824050082,1.287418601412176,-0.1037711835948161,0.7435480638887099,1.274981354234739,-0.000664562226494577,1.2756459164612335,0.0
820,16.4,hold,kick,242,3.8695533763680077,2.994355286223114,0.10973345824050082,1.2876738274285913,-0.10358248935876932,0.7435696180840689,1.2749878677081274,-0.0006605186575495275,1.275648386365677,0.0
821,16.42,hold,kick,243,3.889881261089415,3.017207609386186,0.10973345824050082,1.2879219840378249,-0.10338665461472321,0.7435758801689756,1.2749769713844512,-0.0006581022924886278,1.2756350736769397,0.0
822,16.44,hold,kick,244,3.910209145810822,3.0400599325492577,0.10973345824050082,1.2881563558817382,-0.10318412724469388,0.7435768374201056,1.274959071935909,-0.0006572752311010815,1.2756163471670101,0.0
823,16.46,hold,kick,245,3.9305370305322294,3.0629122557123294,0.10973345824050082,1.2883709241106125,-0.10297537894720728,0.7435765142398938,1.2749390476851863,-0.0006577237861576206,1.2755967714713439,0.0
824,16.48,hold,kick,246,3.9508649152536366,3.085764578875401,0.10973345824050082,1.2885612236437927,-0.10276173840963367,0.743574000733518,1.2749168733815353,-0.000659116713967834,1.275575990095503,0.0
825,16.5,hold,kick,247,3.971192799975044,3.108616902038473,0.10973345824050082,1.288732573729694,-0.10254449984402865,0.7435651071799095,1.2748892207476854,-0.0006611946306324633,1.275550415378318,0.0
826,16.52,hold,kick,248,3.991520684696451,3.1314692252015446,0.10973345824050082,1.2888877162309325,-0.10232610302724043,0.7435461957499931,1.2748530284466923,-0.0006637477803318192,1.275516776227024,0.0
827,16.54,hold,kick,249,4.011848569417869,3.1543215483646163,0.10973345824050082,1.289026958502984,-0.10210894502123773,0.7435163319009434,1.27480765207836,-0.0006664050657052244,1.2754740571440653,0.0
828,16.56,hold,kick,250,4.032176454139294,3.177173871527688,0.10973345824050082,1.2891534583924849,-0.10189467591873365,0.7434771349567346,1.2747548404031903,-0.0006689212739580848,1.2754237616771484,0.0
829,16.58,hold,kick,251,4.052504338860719,3.2000261946907598,0.10973345824050082,1.2892726778031918,-0.10168542194983042,0.7434296068922289,1.2746955385427867,-0.0006711528830159637,1.2753666914258026,0.0
830,16.6,hold,kick,252,4.072832223582144,3.2228785178538315,0.10973345824050082,1.2893904916515528,-0.10148567369531905,0.7433684193619682,1.2746243263886448,-0.0006730859074735862,1.2752974122961183,0.0
831,16.62,hold,kick,253,4.093160108303569,3.2457308410169032,0.10973345824050082,1.2895077612613226,-0.1012989967469235,0.743287039181607,1.2745345725148942,-0.0006745250836322839,1.2752090975985264,0.0
832,16.64,hold,kick,254,4.113487993024994,3.268583164179975,0.10973345824050082,1.2896250302762635,-0.10112753066043205,0.7431814046371896,1.2744220940199174,-0.0006753240512501341,1.2750974180711674,0.0
833,16.66,hold,kick,255,4.133815877746419,3.2914354873430467,0.10973345824050082,1.2897444963396631,-0.10097273227786407,0.7430497895118996,1.274284945249765,-0.0006752155063267824,1.2749601607560919,0.0
834,16.68,hold,kick,256,4.154143762467844,3.3142878105061184,0.10973345824050082,1.2898699897074701,-0.10083458802283335,0.7428922346303294,1.2741229623353385,-0.0006744664858029104,1.2747974288211414,0.0
835,16.7,hold,kick,257,4.174471647189269,3.33714013366919,0.10973345824050082,1.2900061287226297,-0.1007132325144168,0.7427100233614917,1.2739371681088276,-0.0006747762452520047,1.2746119443540795,0.0
836,16.72,hold,kick,258,4.194799531910694,3.359992456832262,0.10973345824050082,1.290119134759831,-0.10063974981503819,0.7422858103943171,1.2735168651727664,-0.000671140985373006,1.2741880061581394,0.0
837,16.74,hold,kick,259,4.215127416632119,3.3828447799953336,0.10973345824050082,1.2902269744010046,-0.10069296255997208,0.7418379466442688,1.273033413429008,-0.0006487322362771532,1.2736821456652851,0.0
838,16.76,hold,kick,260,4.235455301353544,3.4056971031584053,0.10973345824050082,1.2904012370286124,-0.10080294103973833,0.7415607618674889,1.2727041466793316,-0.0006391200297964396,1.273343266709128,0.0
839,16.78,hold,kick,261,4.255783186074969,3.428549426321477,0.10973345824050082,1.2905789585883927,-0.1009512724422157,0.7413653416281983,1.2724558191303452,-0.0006391826020475978,1.2730950017323928,0.0
840,16.8,hold,kick,262,4.276111070796394,3.451401749484549,0.10973345824050082,1.2906650486457019,-0.10113530420488447,0.7411878528267619,1.2722363120477096,-0.0006474829904649822,1.2728837950381746,0.0
841,16.82,hold,kick,263,4.296438955517819,3.4742540726476205,0.10973345824050082,1.2905951642888713,-0.1013422969963357,0.7409923813286453,1.27201519848188,-0.0006634947493555296,1.2726786932312355,0.0
842,16.84,hold,kick,264,4.316766840239244,3.4971063958106923,0.10973345824050082,1.290396631712104,-0.10156128613848082,0.740775212375093,1.2717835439741714,-0.0006833702331202618,1.2724669142072917,0.0
843,16.86,hold,kick,265,4.337094724960669,3.519958718973764,0.10973345824050082,1.2900849187293943,-0.10177709547231269,0.7405383539027064,1.271539402281129,-0.0006959942170655098,1.2722353964981945,0.0
844,16.88,hold,kick,266,4.357422609682094,3.5428110421368357,0.10973345824050082,1.2896715060950878,-0.10198273394226917,0.7402920695098842,1.2712901252491344,-0.0006975235508065586,1.271987648799941,0.0
845,16.9,hold,kick,267,4.377750494403519,3.5656633652999075,0.10973345824050082,1.2891854513924452,-0.10217576860866696,0.7400487542035129,1.271044042150607,-0.0006958803484271095,1.2717399224990342,0.0
846,16.92,hold,kick,268,4.398078379124944,3.588515688462979,0.10973345824050082,1.288653221806096,-0.10235041133904176,0.7398201416624338,1.2708098431397405,-0.0006941451027611505,1.2715039882425017,0.0
847,16.94,hold,kick,269,4.418406263846369,3.611368011626051,0.10973345824050082,1.2880960447191807,-0.10250108612744917,0.7396141286148507,1.2705933666511962,-0.0006920943306960338,1.2712854609818922,0.0
848,16.96,hold,kick,270,4.438734148567794,3.6342203347891227,0.10973345824050082,1.287529497628336,-0.10262324433744066,0.7394350192027832,1.2703980162849686,-0.0006895994458574091,1.271087615730826,0.0
849,16.98,hold,kick,271,4.459062033289219,3.6570726579521944,0.10973345824050082,1.2869600524235754,-0.10271436822154331,0.7392840993710725,1.2702255288949638,-0.000687626652719181,1.270913155547683,0.0
850,17.0,hold,kick,272,4.479389918010644,3.679924981115266,0.10973345824050082,1.2863891509287082,-0.10277309499295818,0.7391603523957612,1.2700760949730991,-0.0006887489369822343,1.2707648439100814,0.0
851,17.02,hold,kick,273,4.499717802732069,3.702777304278338,0.10973345824050082,1.2858179506448817,-0.10279868593433969,0.7390618715278874,1.2699493913033228,-0.000689498985791983,1.2706388902891148,0.0
852,17.04,hold,kick,274,4.520045687453494,3.7256296274414096,0.10973345824050082,1.2852500169816203,-0.1027916736361123,0.738987064241185,1.269845293500574,-0.0006895556346006373,1.2705348491351747,0.0
853,17.06,hold,kick,275,4.540373572174919,3.7484819506044813,0.10973345824050082,1.2846863169013691,-0.10275287964811344,0.7389345797398066,1.2697639659943076,-0.0006887466981240799,1.2704527126924317,0.0
854,17.08,hold,kick,276,4.560701456896344,3.771334273767553,0.10973345824050082,1.2841288307310834,-0.10268175279929083,0.7389024310115113,1.269704765733087,-0.0006870139236686383,1.2703917796567556,0.0
855,17.1,hold,kick,277,4.581029341617769,3.7941865969306248,0.10973345824050082,1.2835800198527363,-0.10257993990459545,0.7388876163717655,1.2696655163631416,-0.0006843868717117708,1.2703499032348533,0.0
856,17.12,hold,kick,278,4.601357226339194,3.8170389200936965,0.10973345824050082,1.2830430121274337,-0.1024516187047932,0.7388835275688924,1.2696399686456774,-0.0006809139516747373,1.2703208825973522,0.0
857,17.14,hold,kick,279,4.621685111060619,3.8398912432567682,0.10973345824050082,1.2825193110196638,-0.1023001178211322,0.738884407581845,1.2696225202081737,-0.0006766955610901688,1.2702992157692639,0.0
858,17.16,hold,kick,280,4.642012995782044,3.86274356641984,0.10973345824050082,1.2820107254067243,-0.10212851886447283,0.7388875959691202,1.2696104528579264,-0.0006713039076464249,1.2702817567655729,0.0
859,17.18,hold,kick,281,4.662340880503469,3.8855958895829117,0.10973345824050082,1.2815203295269335,-0.101944528326346,0.7388943585740012,1.2696039756100552,-0.0006630397481504971,1.2702670153582056,0.0
860,17.2,hold,kick,282,4.682668765224894,3.9084482127459834,0.10973345824050082,1.2810516451774256,-0.10175321293124139,0.7389063269279591,1.269603494703973,-0.0006573485548008427,1.2702608432587739,0.0
861,17.22,hold,kick,283,4.702996649946319,3.931300535909055,0.10973345824050082,1.2806054495866557,-0.10155616960424983,0.7389219951958101,1.2696070064250202,-0.00065253006556662,1.2702595364905869,0.0
862,17.24,hold,kick,284,4.723324534667744,3.954152859072127,0.10973345824050082,1.2801825248485545,-0.10135484473153132,0.7389390003942695,1.2696117776858291,-0.0006477234021132761,1.2702595010879425,0.0
863,17.26,hold,kick,285,4.743652419389169,3.9770051822351986,0.10973345824050082,1.2797847842756045,-0.10115061921936674,0.7389565384728716,1.2696168369322673,-0.000642828459778113,1.2702596653920455,0.0
864,17.28,hold,kick,286,4.763980304110594,3.9998575053982703,0.10973345824050082,1.2794135284582053,-0.10094623204524097,0.7389749492629539,1.2696224073935776,-0.0006406786680061595,1.2702630860615838,0.0
865,17.3,hold,kick,287,4.784308188832019,4.022709828561342,0.10973345824050082,1.2790686990211506,-0.10074431221334913,0.7389940122897286,1.269628442102113,-0.000641643927114896,1.2702700860292278,0.0
866,17.32,hold,kick,288,4.804636073553444,4.045562151724414,0.10973345824050082,1.2787513484537036,-0.10054583491162371,0.7390127126881156,1.2696341435843028,-0.0006426763710896607,1.2702768199553924,0.0
867,17.34,hold,kick,289,4.824963958274869,4.0684144748874855,0.10973345824050082,1.2784624884634213,-0.10035235942804371,0.7390306450342142,1.2696392352403927,-0.0006432780458420669,1.2702825132862348,0.0
868,17.36,hold,kick,290,4.845291842996294,4.091266798050557,0.10973345824050082,1.2782025672332211,-0.10016566093280731,0.7390476319155687,1.2696437645110366,-0.0006434263677479908,1.2702871908787845,0.0
869,17.38,hold,kick,291,4.865619727717719,4.114119121213629,0.10973345824050082,1.27797175905218,-0.09998723436313171,0.7390640117731259,1.269648234075981,-0.0006427889824773547,1.2702910230584583,0.0
870,17.4,hold,kick,292,4.885947612439144,4.136971444376701,0.10973345824050082,1.2777702074537032,-0.09981866664152775,0.73908017722267,1.2696531828369957,-0.0006413526822344126,1.27029453551923,0.0
871,17.42,hold,kick,293,4.906275497160569,4.1598237675397725,0.10973345824050082,1.2775974988746674,-0.09966156440318857,0.7390959368189108,1.2696585196694834,-0.0006395343412573425,1.2702980540107407,0.0
872,17.44,hold,kick,294,4.926603381881994,4.182676090702844,0.10973345824050082,1.2774526770726868,-0.09951677818272178,0.7391105780034462,1.26966363597526,-0.0006375896039006214,1.2703012255791606,0.0
873,17.46,hold,kick,295,4.946931266603419,4.205528413865916,0.10973345824050082,1.277334893918964,-0.0993849564160657,0.7391239019902941,1.2696683934535458,-0.0006359398452807398,1.2703043332988264,0.0
874,17.48,hold,kick,296,4.967259151324844,4.228380737028988,0.10973345824050082,1.2772432508725236,-0.09926642663323952,0.7391358373595658,1.2696727953027032,-0.0006345423389652396,1.2703073376416685,0.0
875,17.5,hold,kick,297,4.987587036046269,4.251233060192059,0.10973345824050082,1.2771767157596137,-0.09916119582768144,0.7391463910614572,1.2696768776973597,-0.0006330901806468267,1.2703099678780065,0.0
876,17.52,hold,kick,298,5.007914920767694,4.274085383355131,0.10973345824050082,1.2771342131755472,-0.0990694012809476,0.7391558891099002,1.2696809540047849,-0.0006316305090820415,1.270312584513867,0.0
877,17.54,hold,kick,299,5.028242805489119,4.296937706518203,0.10973345824050082,1.2771145841591034,-0.09899106878172939,0.7391646488823498,1.2696853075234227,-0.0006302290113609048,1.2703155365347836,0.0
878,17.56,hold,kick,300,5.048570690210544,4.319790029681275,0.10973345824050082,1.277116345975774,-0.09892607469382789,0.7391731688889731,1.2696903812291056,-0.0006289541589682875,1.270319335388074,0.0
879,17.58,hold,kick,301,5.068898574931969,4.342642352844346,0.10973345824050082,1.277137102783331,-0.09887422153292635,0.7391818973006167,1.269696606231922,-0.0006278450805072416,1.2703244513124292,0.0
880,17.6,hold,kick,302,5.089226459653394,4.365494676007418,0.10973345824050082,1.2771746490774791,-0.09883517270654478,0.7391909824197842,1.269704100261238,-0.0006269040610739664,1.270331004322312,0.0
881,17.62,hold,kick,303,5.109554344374819,4.38834699917049,0.10973345824050082,1.2772273302542376,-0.09880841734079746,0.739200485871507,1.269712866918287,-0.0006261087989800421,1.2703389757172672,0.0
882,17.64,hold,kick,304,5.129882229096244,4.4111993223335615,0.10973345824050082,1.277293679359376,-0.09879325803286397,0.7392103861740946,1.269722835839864,-0.0006254296035069946,1.270348265443371,0.0
883,17.66,hold,kick,305,5.150210113817669,4.434051645496633,0.10973345824050082,1.2773723489698003,-0.09878888731570738,0.7392205950691498,1.2697338750505422,-0.0006248422772176972,1.27035871732776,0.0
884,17.68,hold,kick,306,5.170537998539094,4.456903968659705,0.10973345824050082,1.2774623182396427,-0.09879446520518012,0.7392310122215289,1.2697458035016318,-0.0006243261947628462,1.2703701296963947,0.0
885,17.7,hold,kick,306,5.190865883260519,4.479756291822777,0.10973345824050082,1.277563263185928,-0.09880922983762379,0.7392415342938604,1.2697583295070767,-0.000623860798018714,1.2703821903050954,0.0
886,17.72,hold,kick,306,5.211193767981944,4.502608614985848,0.10973345824050082,1.2776744590647382,-0.09883250384074718,0.7392520432465257,1.2697712233104432,-0.0006234213968264735,1.2703946447072698,0.0
887,17.74,hold,kick,306,5.2315216527033686,4.52546093814892,0.10973345824050082,1.2777950460440328,-0.09886412518423873,0.7392624234903925,1.2697843117388916,-0.0006229941765742049,1.270407305915466,0.0
888,17.76,hold,kick,306,5.2518495374247935,4.548313261311992,0.10973345824050082,1.2779240756516073,-0.09890362600654543,0.739272672792094,1.2697975573155822,-0.0006225541677950461,1.2704201114833773,0.0
889,17.78,hold,kick,306,5.2721774221462185,4.571165584475064,0.10973345824050082,1.2780606029039578,-0.0989500274784895,0.7392827448666052,1.2698109295856883,-0.0006220794647933334,1.2704330090504816,0.0
890,17.8,hold,kick,306,5.2925053068676435,4.594017907638135,0.10973345824050082,1.2782036766874179,-0.0990022408433621,0.7392925743398479,1.2698243783329606,-0.0006215664231466293,1.2704459447561072,0.0
891,17.82,hold,kick,306,5.3128331915890685,4.616870230801207,0.10973345824050082,1.2783524056166782,-0.09905921399568492,0.739302278812264,1.2698380225342012,-0.0006210136352000871,1.2704590361694013,0.0
892,17.84,hold,kick,306,5.3331610763104935,4.639722553964279,0.10973345824050082,1.2785058934266937,-0.09911995224425162,0.7393119814821213,1.2698519760821918,-0.000620412415911209,1.270472388498103,0.0
893,17.86,hold,kick,306,5.3534889610319185,4.6625748771273505,0.10973345824050082,1.2786632319159168,-0.09918353839932782,0.7393217188164031,1.2698662381192687,-0.0006197576889606718,1.2704859958082293,0.0
894,17.88,hold,kick,306,5.3738168457533435,4.685427200290422,0.10973345824050082,1.2788235037770126,-0.09924912041904474,0.7393314648389488,1.269880722620281,-0.0006190464763286795,1.2704997690966098,0.0
895,17.9,hold,kick,306,5.3941447304747685,4.708279523453494,0.10973345824050082,1.2789857843303367,-0.09931588732837793,0.7393411777486403,1.26989531827547,-0.0006182769592066005,1.2705135952346767,0.0
896,17.92,hold,kick,306,5.4144726151961935,4.731131846616566,0.10973345824050082,1.2791491499767083,-0.0993830718392305,0.7393508247823369,1.2699099194177481,-0.0006174455140145162,1.2705273649317625,0.0
897,17.94,hold,kick,306,5.4348004999176185,4.7539841697796374,0.10973345824050082,1.2793126900645544,-0.09944995043279774,0.7393603864846642,1.2699244328189399,-0.0006165493983022498,1.2705409822172422,0.0
898,17.96,hold,kick,306,5.4551283846390435,4.776836492942709,0.10973345824050082,1.2794755150304447,-0.09951583821854651,0.7393698508670353,1.2699387781179172,-0.0006155866279046671,1.270554364745822,0.0
899,17.98,hold,kick,306,5.4754562693604685,4.799688816105781,0.10973345824050082,1.2796367291218602,-0.0995800813007468,0.7393791890336148,1.2699528785324103,-0.000614556283330344,1.2705674348157407,0.0
900,18.0,hold,kick,306,5.4957841540818935,4.822541139268853,0.10973345824050082,1.279795428026461,-0.09964206261767611,0.7393883631252939,1.2699666756269627,-0.0006134580766028568,1.2705801337035656,0.0
901,18.02,hold,kick,306,5.5161120388033185,4.845393462431924,0.10973345824050082,1.279950761837281,-0.09970123664163644,0.7393973791105858,1.269980161237594,-0.0006122876173431137,1.2705924488549372,0.0
902,18.04,hold,kick,306,5.5364399235247435,4.868245785594996,0.10973345824050082,1.2801019992657605,-0.0997571452091454,0.7394062784380107,1.2699933500345484,-0.000611042159441022,1.2706043921939894,0.0
903,18.06,hold,kick,306,5.5567678082461684,4.891098108758068,0.10973345824050082,1.2802484991021952,-0.09980937462224841,0.7394151197670585,1.2700062709898334,-0.0006097132466313035,1.2706159842364648,0.0
904,18.08,hold,kick,306,5.577095692967593,4.91395043192114,0.10973345824050082,1.2803896975828017,-0.09985759864698379,0.7394239514473898,1.270018940819719,-0.0006083001318715857,1.2706272409515906,0.0
905,18.1,hold,kick,306,5.597423577689018,4.936802755084211,0.10973345824050082,1.2805251117958545,-0.09990158389189781,0.7394327913938332,1.2700313429912606,-0.0006068112540705065,1.270638154245331,0.0
906,18.12,hold,kick,306,5.617751462410443,4.959655078247283,0.10973345824050082,1.280654330158475,-0.09994114222770187,0.7394416543039061,1.2700434661617774,-0.0006052507511898203,1.2706487169129672,0.0
907,18.14,hold,kick,306,5.638079347131868,4.982507401410355,0.10973345824050082,1.2807770118274417,-0.09997612795075006,0.7394505569299489,1.2700553088530433,-0.00060362256211699,1.2706589314151602,0.0
908,18.16,hold,kick,306,5.658407231853293,5.0053597245734265,0.10973345824050082,1.2808928833780833,-0.1000064397759233,0.7394595181274979,1.2700668781680686,-0.0006019301543911705,1.2706688083224598,0.0
909,18.18,hold,kick,306,5.678735116574718,5.028212047736498,0.10973345824050082,1.2810017355680352,-0.10003202295979911,0.7394685550068262,1.2700781838968034,-0.0006001777881004533,1.2706783616849038,0.0
910,18.2,hold,kick,306,5.699063001296143,5.05106437089957,0.10973345824050082,1.2811033879855516,-0.10005329477955881,0.7394780879838716,1.2700896495155456,-0.0005988875710007148,1.2706885370865464,0.0
911,18.22,hold,kick,306,5.719390886017568,5.073916694062642,0.10973345824050082,1.2811976620590897,-0.10007046923253832,0.7394883007374777,1.2701015454952782,-0.0005979777233015779,1.2706995232185798,0.0
912,18.24,hold,kick,306,5.739718770738993,5.096769017225713,0.10973345824050082,1.281284446774075,-0.10008364307108077,0.7394988585794181,1.2701135542755488,-0.000597210442537615,1.2707107647180864,0.0
913,18.26,hold,kick,306,5.760046655460418,5.119621340388785,0.10973345824050082,1.2813637436860683,-0.100092975919217,0.7395094571985016,1.2701253577062306,-0.0005965145298881362,1.2707218722361187,0.0
914,18.28,hold,kick,306,5.780374540181843,5.142473663551857,0.10973345824050082,1.2814356071551345,-0.10009866543958318,0.7395199246324095,1.2701367692413073,-0.0005958846308068526,1.2707326538721142,0.0
915,18.3,hold,kick,306,5.800702424903268,5.165325986714929,0.10973345824050082,1.2815001087872049,-0.10010088169107437,0.7395301478250481,1.2701476782208532,-0.000595280900156852,1.27074295912101,0.0
916,18.32,hold,kick,306,5.821030309624693,5.188178309878,0.10973345824050082,1.2815573125905007,-0.10009983169062045,0.7395400813607597,1.2701580455805017,-0.0005946962398752052,1.270752741820377,0.0
917,18.34,hold,kick,306,5.841358194346118,5.211030633041072,0.10973345824050082,1.2816073157985979,-0.10009571139557087,0.7395497045130712,1.2701678562775784,-0.000594116186117901,1.2707619724636963,0.0
918,18.36,hold,kick,306,5.861686079067543,5.233882956204144,0.10973345824050082,1.2816502772949645,-0.10008871176785337,0.739559029513757,1.2701771255543608,-0.0005935121162344292,1.2707706376705952,0.0
919,18.38,hold,kick,306,5.882013963788968,5.2567352793672155,0.10973345824050082,1.2816863989254856,-0.10007895441515711,0.739568061160533,1.2701858694985624,-0.0005927880231842465,1.2707786575217466,0.0
920,18.4,hold,kick,306,5.902341848510393,5.279587602530287,0.10973345824050082,1.2817159335011141,-0.10006657299186048,0.7395768833751151,1.2701941751281052,-0.0005919160214205611,1.2707860911495257,0.0
921,18.42,hold,kick,306,5.922669733231818,5.302439925693359,0.10973345824050082,1.2817391304186598,-0.10005178384996086,0.7395856036602853,1.270202160893565,-0.0005909560163329247,1.2707931169098978,0.0
922,18.44,hold,kick,306,5.942997617953243,5.325292248856431,0.10973345824050082,1.2817562600193664,-0.10003482670905865,0.7395942997051489,1.270209913735781,-0.0005899452223742663,1.2707998589581553,0.0
923,18.46,hold,kick,306,5.963325502674668,5.348144572019502,0.10973345824050082,1.2817676228836543,-0.10001594656800342,0.7396030186471714,1.2702174911230624,-0.0005889083969654596,1.2708063995200278,0.0
924,18.48,hold,kick,306,5.983653387396093,5.370996895182574,0.10973345824050082,1.2817735427035692,-0.09999538478645244,0.7396117826802712,1.2702249282832407,-0.00058786271769087,1.2708127910009317,0.0
925,18.5,hold,kick,306,6.003981272117518,5.393849218345646,0.10973345824050082,1.2817743602464002,-0.09997338166576836,0.7396206017165758,1.2702322501644834,-0.0005868203987365594,1.2708190705632199,0.0
926,18.52,hold,kick,306,6.024309156838943,5.416701541508718,0.10973345824050082,1.281770438497167,-0.09995021247102466,0.7396297047905706,1.2702396975171246,-0.0005856290808019596,1.2708253265979266,0.0
927,18.54,hold,kick,306,6.044637041560368,5.439553864671789,0.10973345824050082,1.2817619982611186,-0.09992650869801081,0.7396392894579374,1.2702475139648224,-0.0005846572325982312,1.2708321711974206,0.0
928,18.56,hold,kick,306,6.064964926281793,5.462406187834861,0.10973345824050082,1.2817493205005883,-0.09990266626928232,0.7396490634467235,1.2702553892189816,-0.0005839639250649481,1.2708393531440465,0.0
929,18.58,hold,kick,306,6.085292811003218,5.485258510997933,0.10973345824050082,1.281732832156486,-0.09987891355857409,0.7396589346947784,1.2702632543711763,-0.0005834231603109065,1.2708466775314873,0.0
930,18.6,hold,kick,306,6.105620695724643,5.5081108341610046,0.10973345824050082,1.281712963024914,-0.09985542459945321,0.7396687571145872,1.2702709744474374,-0.0005829924161754214,1.2708539668636127,0.0
931,18.62,hold,kick,306,6.125948580446068,5.530963157324076,0.10973345824050082,1.2816901527917435,-0.09983228449708381,0.7396784924210903,1.2702785317109038,-0.0005825576435158075,1.2708610893544197,0.0
932,18.64,hold,kick,306,6.146276465167493,5.553815480487148,0.10973345824050082,1.2816648416421592,-0.09980957090679697,0.7396881634855542,1.2702859752688975,-0.0005820849214512001,1.2708680601903488,0.0
933,18.66,hold,kick,306,6.166604349888918,5.57666780365022,0.10973345824050082,1.2816374638094683,-0.09978737501359866,0.7396977933424219,1.2702933507799468,-0.000581585174711529,1.2708749359546583,0.0
934,18.68,hold,kick,306,6.186932234610343,5.5995201268132915,0.10973345824050082,1.2816084479354897,-0.09976578399986043,0.7397073974744824,1.2703006938987302,-0.0005810750962405437,1.2708817689949707,0.0
935,18.7,hold,kick,306,6.207260119331768,5.622372449976363,0.10973345824050082,1.281578213660033,-0.09974487287541918,0.7397169850599726,1.2703080332777272,-0.0005805652072353451,1.2708885984849625,0.0
936,18.72,hold,kick,306,6.227588004053193,5.645224773139435,0.10973345824050082,1.2815471737551993,-0.09972471866691404,0.7397265760002579,1.2703154060177206,-0.0005800587660084074,1.270895464783729,0.0
937,18.74,hold,kick,306,6.247915888774618,5.668077096302507,0.10973345824050082,1.2815157246485824,-0.09970539436703,0.7397361766874291,1.2703228343831792,-0.00057957197505824,1.2709024063582375,0.0
938,18.76,hold,kick,306,6.268243773496043,5.690929419465578,0.10973345824050082,1.2814842430733264,-0.09968695489896279,0.7397457823200847,1.2703303280900335,-0.0005791085557322398,1.2709094366457658,0.0
939,18.78,hold,kick,306,6.288571658217468,5.71378174262865,0.10973345824050082,1.2814530851057842,-0.09966943634481024,0.7397553853076352,1.270337893457375,-0.0005786656803460563,1.2709165591377212,0.0
940,18.8,hold,kick,306,6.308899542938893,5.736634065791722,0.10973345824050082,1.2814225858829902,-0.0996528580571679,0.739764981657083,1.2703455394703043,-0.0005782394828063864,1.2709237789531107,0.0
941,18.82,hold,kick,306,6.329227427660318,5.759486388954794,0.10973345824050082,1.2813930577458388,-0.09963722964406324,0.7397745711358452,1.2703532766897416,-0.0005778252982988376,1.2709311019880405,0.0
942,18.84,hold,kick,306,6.349555312381743,5.782338712117865,0.10973345824050082,1.2813647874123104,-0.09962255006893107,0.7397841538782536,1.2703611141381206,-0.0005774195421251911,1.2709385336802457,0.0
943,18.86,hold,kick,306,6.369883197103168,5.805191035280937,0.10973345824050082,1.2813380393529703,-0.09960880137887979,0.739793755763817,1.2703690884320193,-0.000577019683549812,1.270946108115569,0.0
944,18.88,hold,kick,306,6.390211081824593,5.828043358444009,0.10973345824050082,1.281313058470386,-0.09959595401477353,0.7398034475691111,1.2703772819516774,-0.0005766234167554028,1.270953905368433,0.0
945,18.9,hold,kick,306,6.410538966546018,5.8508956816070805,0.10973345824050082,1.281290065615245,-0.09958397749082554,0.7398133189687077,1.2703858014678002,-0.0005762265487717737,1.270962028016572,0.0
946,18.92,hold,kick,306,6.430866851267443,5.873748004770152,0.10973345824050082,1.2812692538621053,-0.0995728443710736,0.739823405189514,1.2703946931643402,-0.0005758267107341258,1.2709705198750743,0.0
947,18.94,hold,kick,306,6.451194735988868,5.896600327933224,0.10973345824050082,1.2812507930466386,-0.09956253123629562,0.7398337034097855,1.270403956993285,-0.000575421643019644,1.2709793786363046,0.0
948,18.96,hold,kick,306,6.471522620710293,5.919452651096296,0.10973345824050082,1.2812348247429424,-0.09955301103729071,0.7398441808085654,1.2704135587308523,-0.0005750094553930545,1.2709885681862454,0.0
949,18.98,hold,kick,306,6.491850505431718,5.942304974259367,0.10973345824050082,1.2812214615635698,-0.09954424890721429,0.7398547800164244,1.2704234368623468,-0.0005745891873549791,1.2709980260497018,0.0
950,19.0,hold,kick,306,6.512178390153143,5.965157297422439,0.10973345824050082,1.281210788998712,-0.09953620410341246,0.7398654503914995,1.2704335336532346,-0.0005741593030178065,1.2710076929562524,0.0
951,19.02,hold,kick,306,6.532506274874568,5.988009620585511,0.10973345824050082,1.2812028623718952,-0.09952882703146204,0.7398761424474559,1.270443793360216,-0.0005737184260893105,1.2710175117863052,0.0
952,19.04,hold,kick,306,6.552834159595993,6.010861943748583,0.10973345824050082,1.2811977093363724,-0.09952205954137122,0.7398868125929864,1.270454165139193,-0.0005732654278771225,1.2710274305670701,0.0
953,19.06,hold,kick,306,6.573162044317418,6.033714266911654,0.10973345824050082,1.281195332140543,-0.09951583792456899,0.7398974276736667,1.270464608433623,-0.0005727995203799532,1.271037407954003,0.0
954,19.08,hold,kick,306,6.593489929038843,6.056566590074726,0.10973345824050082,1.2811957072387747,-0.0995100927488151,0.7399079519605768,1.2704750800809452,-0.0005723196544494234,1.2710473997353946,0.0
955,19.1,hold,kick,306,6.613817813760268,6.079418913237798,0.10973345824050082,1.2811987936431393,-0.09950465331797162,0.739918349223918,1.2704855618387743,-0.0005718252288562757,1.2710573870676305,0.0
956,19.12,hold,kick,306,6.634145698481693,6.1022712364008695,0.10973345824050082,1.2812045318524043,-0.09949931520759488,0.7399285927862683,1.27049605797756,-0.0005713150627897554,1.2710673730403497,0.0
957,19.14,hold,kick,306,6.654473583203118,6.125123559563941,0.10973345824050082,1.281212841081564,-0.09949389743879408,0.7399386612000254,1.2705065742430595,-0.0005707889501072941,1.2710773631931667,0.0
958,19.16,hold,kick,306,6.674801467924543,6.147975882727013,0.10973345824050082,1.2812236211906054,-0.09948827316411872,0.7399485525284158,1.2705171207762656,-0.0005702479434648196,1.2710873687197304,0.0
959,19.18,hold,kick,306,6.695129352645968,6.170828205890085,0.10973345824050082,1.2812367565974008,-0.0994823497605504,0.7399582857896937,1.2705277188289483,-0.0005696934329300213,1.2710974122618783,0.0
960,19.2,hold,kick,306,6.715457237367393,6.1936805290531565,0.10973345824050082,1.2812521150783474,-0.09947606309602967,0.7399678699319477,1.2705383711260467,-0.0005691273011549473,1.2711074984272017,0.0
961,19.22,hold,kick,306,6.735785122088818,6.216532852216228,0.10973345824050082,1.2812695520192774,-0.09946937601609684,0.7399773179851886,1.2705490743108618,-0.0005685511534661777,1.271117625464328,0.0
962,19.24,hold,kick,306,6.756113006810243,6.2393851753793,0.10973345824050082,1.2812889111923018,-0.09946227017350125,0.7399866358357553,1.2705598131569933,-0.0005679658604378357,1.2711277790174311,0.0
963,19.26,hold,kick,306,6.776440891531668,6.262237498542372,0.10973345824050082,1.2813100294036384,-0.09945473870840268,0.7399958278978651,1.2705705649252257,-0.0005673719456404172,1.2711379368708662,0.0
964,19.28,hold,kick,306,6.796768776253093,6.285089821705443,0.10973345824050082,1.2813327341222756,-0.09944678473876192,0.7400049003026479,1.2705813065653522,-0.0005667697386204894,1.2711480763039726,0.0
965,19.3,hold,kick,306,6.817096660974518,6.307942144868515,0.10973345824050082,1.2813568481992736,-0.09943841445148767,0.7400138542009748,1.2705920084587101,-0.0005661590622525609,1.2711581675209627,0.0
966,19.32,hold,kick,306,6.837424545695943,6.330794468031587,0.10973345824050082,1.2813821902770752,-0.09942963219962622,0.7400226853164825,1.2706026362898628,-0.0005655398389333294,1.271168176128796,0.0
967,19.34,hold,kick,306,6.857752430417368,6.353646791194659,0.10973345824050082,1.281408538223012,-0.09942043853343213,0.7400313874986504,1.2706131554929594,-0.0005649118800371,1.2711780673729964,0.0
968,19.36,hold,kick,306,6.878080315138793,6.37649911435773,0.10973345824050082,1.2814356431490934,-0.09941083162291398,0.7400399642315165,1.2706235419636918,-0.0005642758107010648,1.271187817774393,0.0
969,19.38,hold,kick,306,6.898408199860218,6.399351437520802,0.10973345824050082,1.2814632916032846,-0.09940080863241409,0.74004842868428,1.2706337823200655,-0.0005636315747772486,1.2711974138948428,0.0
970,19.4,hold,kick,306,6.918736084581643,6.422203760683874,0.10973345824050082,1.281491297154632,-0.09939036438392379,0.740056788176261,1.2706438604088253,-0.0005629798331647819,1.27120684024199,0.0
971,19.42,hold,kick,306,6.939063969303068,6.4450560838469455,0.10973345824050082,1.281519499097052,-0.09937949214624536,0.7400650500561127,1.270653762878072,-0.0005623211420601425,1.2712160840201323,0.0
972,19.44,hold,kick,306,6.959391854024493,6.467908407010017,0.10973345824050082,1.2815477557300068,-0.09936817876648517,0.7400732164381567,1.270663476999362,-0.0005616546848670814,1.2712251316842291,0.0
973,19.46,hold,kick,306,6.979719738745918,6.490760730173089,0.10973345824050082,1.2815759459497007,-0.09935640797595707,0.740081296656224,1.2706730005961164,-0.0005609813009357194,1.2712339818970522,0.0
974,19.48,hold,kick,306,7.000047623467343,6.513613053336161,0.10973345824050082,1.2816039679012117,-0.09934416207938661,0.7400893191716041,1.2706823567528012,-0.000560300828294124,1.2712426575810953,0.0
975,19.5,hold,kick,306,7.020375508188768,6.536465376499232,0.10973345824050082,1.2816317358441065,-0.09933142139825335,0.7400973208639803,1.2706915826678222,-0.0005596122262230517,1.2712511948940453,0.0
976,19.52,hold,kick,306,7.040703392910193,6.559317699662304,0.10973345824050082,1.2816591760430291,-0.0993181635473807,0.7401053225840325,1.2707007044358183,-0.0005589154635952075,1.2712596198994135,0.0
977,19.54,hold,kick,306,7.061031277631618,6.582170022825376,0.10973345824050082,1.2816862256378543,-0.0993043667265844,0.7401133311754489,1.2707097367426476,-0.0005582107977825691,1.2712679475404303,0.0
978,19.56,hold,kick,306,7.081359162353043,6.605022345988448,0.10973345824050082,1.2817128330665897,-0.09929001317153208,0.7401213509199916,1.2707186935295463,-0.0005574986684822973,1.2712761921980285,0.0
979,19.58,hold,kick,306,7.101687047074468,6.627874669151519,0.10973345824050082,1.2817389550406117,-0.09927508762049811,0.7401293885967605,1.2707275932127813,-0.0005567799123070705,1.2712843731250882,0.0
