tick,t_s,phase,task_mode,curr_motion_timestep,ball_x,ball_y,ball_z,base_x,base_y,base_z,robot_top_z,robot_bottom_z,robot_height,kick_aim_theta_deg
0,0.0,idle,kick,402,7.77039716728929,-3.4942118001562985,0.10973345824050078,2.125457720378404,-0.0029090353482299114,0.752231060283427,1.2838250655845325,-0.0004963801390817542,1.2843214457236143,0.0
1,0.02,idle,kick,403,7.800189338583473,-3.5120199911729824,0.10973345824050078,2.12542834785569,-0.002989196658525415,0.7522895364739315,1.2838930207626786,-0.0005033518031222761,1.284396372565801,0.0
2,0.04,idle,kick,404,7.829981509877656,-3.529828182189666,0.10973345824050078,2.1253875680786374,-0.003079720456805601,0.752348146749981,1.2839582927343005,-0.0005062674850873326,1.2844645602193878,0.0
3,0.06,idle,kick,405,7.859773681171839,-3.54763637320635,0.10973345824050078,2.1253522283051014,-0.0031824894265923853,0.7524255394547477,1.2840398109591793,-0.0005034603885638242,1.2845432713477432,0.0
4,0.08,idle,kick,406,7.8895658524660215,-3.565444564223034,0.10973345824050078,2.1253205415481027,-0.003277713854625012,0.752508372516109,1.284127850228771,-0.0005010552858017124,1.2846289055145728,0.0
5,0.1,idle,kick,407,7.919358023760204,-3.5832527552397178,0.10973345824050078,2.125289790299076,-0.003345368681964678,0.7525889720782982,1.2842146804171628,-0.0004958071196506791,1.2847104875368134,0.0
6,0.12,idle,kick,408,7.949150195054387,-3.6010609462564016,0.10973345824050078,2.1252720088797616,-0.0033746813588511355,0.7526856548849262,1.2843173931367586,-0.0004889307681200904,1.2848063239048788,0.0
7,0.14,idle,kick,409,7.97894236634857,-3.6188691372730855,0.10973345824050078,2.125263273164998,-0.0033715147822713874,0.7527929963801546,1.2844307811137148,-0.0004852125515762279,1.284915993665291,0.0
8,0.16,idle,kick,410,8.008734537642763,-3.6366773282897693,0.10973345824050078,2.125251762231118,-0.0033517072440283026,0.7528888675361967,1.2845311045894534,-0.00048441313186192714,1.2850155177213154,0.0
9,0.18,idle,kick,411,8.038526708936981,-3.654485519306453,0.10973345824050078,2.125226723901807,-0.003300776394882503,0.7529371575549807,1.2845836565177482,-0.00048206609927862673,1.2850657226170268,0.0
10,0.2,idle,kick,412,8.0683188802312,-3.672293710323137,0.10973345824050078,2.1251875167915206,-0.0032086786084550524,0.7529174611539126,1.284566921260986,-0.0004796417130228138,1.2850465629740089,0.0
11,0.22,idle,kick,413,8.098111051525418,-3.690101901339821,0.10973345824050078,2.125139524354529,-0.003081464297156599,0.7528634888799884,1.2845112179661295,-0.0004795877362761408,1.2849908057024058,0.0
12,0.24,idle,kick,414,8.127903222819636,-3.7079100923565047,0.10973345824050078,2.125074230165124,-0.0029257668656359342,0.7527918874910795,1.2844347455767624,-0.0004849900703293615,1.2849197356470918,0.0
13,0.26,idle,kick,415,8.157695394113855,-3.7257182833731886,0.10973345824050078,2.124980998283018,-0.00275134578024765,0.7526847707671378,1.2843188810558026,-0.0004945866734295985,1.2848134677292322,0.0
14,0.28,idle,kick,416,8.187487565408073,-3.7435264743898724,0.10973345824050078,2.124864512306354,-0.002569360185888753,0.7525478351871033,1.2841687104854937,-0.000501643346356502,1.2846703538318502,0.0
15,0.3,idle,kick,417,8.217279736702292,-3.7613346654065563,0.10973345824050078,2.124737115259301,-0.0023885464095763876,0.7524222519563905,1.2840267360791677,-0.0005018750524795161,1.2845286111316472,0.0
16,0.32,idle,kick,418,8.24707190799651,-3.77914285642324,0.10973345824050078,2.1246208083163287,-0.0022155628229984133,0.7523650333089978,1.2839521666833602,-0.0004962944815425537,1.2844484611649027,0.0
17,0.34,idle,kick,419,8.276864079290728,-3.796951047439924,0.10973345824050078,2.124514789185418,-0.0020532134745502,0.752352072322578,1.283925463224079,-0.0004930969091678471,1.284418560133247,0.0
18,0.36,idle,kick,420,8.306656250584947,-3.814759238456608,0.10973345824050078,2.1244140129452793,-0.0018979310247251783,0.7523255478695403,1.2838875263657055,-0.0004965610260890645,1.2843840873917944,0.0
19,0.38,idle,kick,421,8.336448421879165,-3.8325674294732917,0.10973345824050078,2.1243308586791927,-0.0017531672728688772,0.7523169795766292,1.2838661316877988,-0.0004963849356890981,1.284362516623488,0.0
20,0.4,idle,kick,422,8.366240593173384,-3.8503756204899755,0.10973345824050078,2.124253468408164,-0.0016196255831315198,0.7523642734285422,1.2839036883753476,-0.0004920935685447624,1.2843957819438925,0.0
21,0.42,idle,kick,423,8.396032764467602,-3.8681838115066594,0.10973345824050078,2.1241656870648646,-0.0014972081156165303,0.7524629851197069,1.2839980430963203,-0.0004884930721369279,1.2844865361684572,0.0
22,0.44,idle,kick,424,8.42582493576182,-3.885992002523343,0.10973345824050078,2.1240717965358407,-0.0013837805670047858,0.7525730081624502,1.2841091523326553,-0.00048508774185393455,1.2845942400745092,0.0
23,0.46,idle,kick,425,8.455617107056039,-3.903800193540027,0.10973345824050078,2.1239875443293434,-0.0012689039344632314,0.7526692157749377,1.2842083657552408,-0.0004795059591106536,1.2846878717143515,0.0
24,0.48,idle,kick,426,8.485409278350257,-3.921608384556711,0.10973345824050078,2.1239284187338034,-0.00113842625627749,0.7528448796326511,1.2843853357085564,-0.0004653577465802486,1.2848506934551367,0.0
25,0.5,idle,kick,427,8.515201449644476,-3.9394165755733948,0.10973345824050078,2.1238248942858435,-0.0009699845148616228,0.7531530695444696,1.2847011119135316,-0.00045864176788291966,1.2851597536814146,0.0
26,0.52,idle,kick,428,8.544993620938694,-3.9572247665900786,0.10973345824050078,2.123604298435725,-0.000733771972733614,0.7534966041637463,1.285063043499434,-0.0004588872579422004,1.2855219307573762,0.0
27,0.54,idle,kick,429,8.574785792232912,-3.9750329576067625,0.10973345824050078,2.1233578058261506,-0.00040495390650130316,0.753810599400669,1.2853916610014644,-0.00046142420871688947,1.2858530852101813,0.0
28,0.56,idle,kick,430,8.604577963527131,-3.9928411486234463,0.10973345824050078,2.123289126009533,6.734828125701474e-05,0.7540267980285686,1.2856095852837344,-0.00048442828539168453,1.2860940135691261,0.0
29,0.58,idle,kick,431,8.63437013482135,-4.01064933964013,0.10973345824050078,2.1234829552960335,0.0007220523846944085,0.7541503067267802,1.2857138029243171,-0.0005099804802934441,1.2862237834046106,0.0
30,0.6,idle,kick,432,8.664162306115568,-4.028457530656814,0.10973345824050078,2.1239246956272813,0.0015793822420083763,0.7542422251587156,1.2857686808544453,-0.0005323138428318386,1.2863009946972772,0.0
31,0.62,idle,kick,433,8.693954477409786,-4.046265721673498,0.10973345824050078,2.1245564073330643,0.002598367997999895,0.7543125723065722,1.285788592418719,-0.0005435415417159271,1.2863321339604348,0.0
32,0.64,idle,kick,434,8.723746648704005,-4.064073912690182,0.10973345824050078,2.1253337869824476,0.0037356943299700542,0.7543670284101315,1.2857817920204737,-0.0005429165012575295,1.2863247085217313,0.0
33,0.66,idle,kick,435,8.753538819998223,-4.0818821037068655,0.10973345824050078,2.12619450221113,0.00495290492062392,0.7544073212769502,1.2857551065395914,-0.0005384816859035843,1.2862935882254949,0.0
34,0.68,idle,kick,436,8.783330991292441,-4.099690294723549,0.10973345824050078,2.1270867117181838,0.006212044714035902,0.7544289883409747,1.2857084739504476,-0.0005318705407276504,1.2862403444911752,0.0
35,0.7,idle,kick,437,8.81312316258666,-4.117498485740233,0.10973345824050078,2.1279768001248387,0.00748414185859073,0.754429358002901,1.2856433971300847,-0.0005210339155771182,1.2861644310456617,0.0
36,0.72,idle,kick,438,8.842915333880878,-4.135306676756917,0.10973345824050078,2.1288464873876283,0.008752612635119426,0.754407922045745,1.285562387744435,-0.0005095211167649924,1.2860719088612,0.0
37,0.74,idle,kick,439,8.872707505175097,-4.153114867773601,0.10973345824050078,2.129699527246585,0.010007726762764107,0.7543684273371245,1.2854700052146628,-0.0004997988409889999,1.2859698040556518,0.0
38,0.76,idle,kick,440,8.902499676469315,-4.170923058790285,0.10973345824050078,2.130541178384956,0.011239853562035882,0.7543153986862811,1.2853702057405751,-0.0004909018191532853,1.2858611075597284,0.0
39,0.78,idle,kick,441,8.932291847763533,-4.188731249806969,0.10973345824050078,2.131361700884027,0.012438200955641162,0.7542501527110448,1.2852641234037476,-0.00048162042394070056,1.2857457438276882,0.0
40,0.8,idle,kick,442,8.962084019057752,-4.2065394408236525,0.10973345824050078,2.132155009773568,0.013597500465018689,0.7541717174123653,1.285151006821223,-0.0004731228042090495,1.285624129625432,0.0
41,0.82,idle,kick,443,8.99187619035197,-4.224347631840336,0.10973345824050078,2.1329231168728797,0.014715777241103416,0.7540796581198531,1.285030327571409,-0.00046577289195236585,1.2854961004633614,0.0
42,0.84,idle,kick,444,9.021668361646189,-4.24215582285702,0.10973345824050078,2.1336739990603144,0.015787294448906815,0.7539755207552872,1.2849021951102368,-0.0004596620085764204,1.2853618571188132,0.0
43,0.86,idle,kick,445,9.051460532940407,-4.259964013873704,0.10973345824050078,2.1344173085488745,0.01680246478786123,0.7538626199293477,1.2847673944251665,-0.00045490118738300556,1.2852222956125496,0.0
44,0.88,idle,kick,446,9.081252704234625,-4.277772204890388,0.10973345824050078,2.1351613518113073,0.01775560382298527,0.7537445391422972,1.2846281815865461,-0.00045639058648560757,1.2850845721730317,0.0
45,0.9,idle,kick,447,9.111044875528844,-4.295580395907072,0.10973345824050078,2.1359120607358704,0.018643675238656756,0.7536240679845847,1.284487316056431,-0.00046061841172807816,1.2849479344681591,0.0
46,0.92,idle,kick,448,9.140837046823062,-4.313388586923756,0.10973345824050078,2.1366728502058643,0.019462393238252152,0.7535029784430356,1.2843470317402983,-0.0004648361145955168,1.2848118678548939,0.0
47,0.94,idle,kick,449,9.17062921811728,-4.3311967779404394,0.10973345824050078,2.1374441855755193,0.020205004807378045,0.7533822446975788,1.2842086612249206,-0.00046898258961504055,1.2846776438145358,0.0
48,0.96,idle,kick,450,9.200421389411499,-4.349004968957123,0.10973345824050078,2.1382245753329197,0.02086520731210492,0.7532633856942265,1.2840741543559668,-0.00047307943312921083,1.284547233789096,0.0
49,0.98,idle,kick,451,9.230213560705717,-4.366813159973807,0.10973345824050078,2.1390115450943825,0.02143987871860821,0.7531502959430475,1.2839479961156834,-0.0004773679185636204,1.2844253640342471,0.0
50,1.0,idle,kick,452,9.260005731999936,-4.384621350990491,0.10973345824050078,2.1398015076016135,0.021928154905952863,0.7530467667129032,1.2838347082777923,-0.00048163486635929495,1.2843163431441516,0.0
51,1.02,idle,kick,453,9.289797903294154,-4.402429542007175,0.10973345824050078,2.1405893463074435,0.02232997296065071,0.7529541139733441,1.2837360637891517,-0.00048560521422794795,1.2842216690033796,0.0
52,1.04,idle,kick,454,9.319590074588373,-4.420237733023859,0.10973345824050078,2.141368433781629,0.022645626863671622,0.7528712906119043,1.2836512147090484,-0.0004891409736621916,1.2841403556827107,0.0
53,1.06,idle,kick,455,9.349382245882591,-4.4380459240405425,0.10973345824050078,2.1421307445593416,0.022876921603149348,0.7527967360681764,1.2835784620314017,-0.0004921180559541542,1.2840705800873558,0.0
54,1.08,idle,kick,456,9.37917441717681,-4.455854115057226,0.10973345824050078,2.1428684943480323,0.023027882255402136,0.7527304194885696,1.28351754433922,-0.0004942465515915782,1.2840117908908115,0.0
55,1.1,idle,kick,457,9.408966588471028,-4.47366230607391,0.10973345824050078,2.1435750713942308,0.02310454252944862,0.7526731912425635,1.283468915320499,-0.0004957800511902026,1.2839646953716892,0.0
56,1.12,idle,kick,458,9.438758759765246,-4.491470497090594,0.10973345824050078,2.144244030134392,0.023115013527266692,0.7526246732362077,1.2834318850299997,-0.0004969393829094941,1.2839288244129092,0.0
57,1.14,idle,kick,459,9.468550931059465,-4.509278688107278,0.10973345824050078,2.1448684403878606,0.023068109567803682,0.7525826436632589,1.2834039107596373,-0.0004977705738765312,1.2839016813335138,0.0
58,1.16,idle,kick,460,9.498343102353683,-4.527086879123962,0.10973345824050078,2.1454440790322553,0.022972062031934935,0.7525475225317241,1.2833848671703718,-0.000498335439164152,1.283883202609536,0.0
59,1.18,idle,kick,461,9.528135273647901,-4.544895070140646,0.10973345824050078,2.1459699997049886,0.022833843170628178,0.7525243060340129,1.2833791461494468,-0.0004986684210033059,1.2838778145704501,0.0
60,1.2,idle,kick,462,9.55792744494212,-4.5627032611573295,0.10973345824050078,2.1464447554032113,0.022660358315997157,0.7525160778702298,1.2833897455441332,-0.0004989900632130125,1.2838887356073463,0.0
61,1.22,idle,kick,463,9.587719616236338,-4.580511452174013,0.10973345824050078,2.146866237579944,0.02245875013999436,0.7525211345095679,1.2834151713461395,-0.0004993395487763348,1.2839145108949157,0.0
62,1.24,idle,kick,464,9.617511787530557,-4.598319643190697,0.10973345824050078,2.1472334911974555,0.022234637383902522,0.7525365258265999,1.2834525191934825,-0.0004997586782278726,1.2839522778717103,0.0
63,1.26,idle,kick,465,9.647303958824775,-4.616127834207381,0.10973345824050078,2.147546012730266,0.02199194486124099,0.7525596408765245,1.2834991224831767,-0.0005002990303657473,1.2839994215135424,0.0
64,1.28,idle,kick,466,9.677096130118993,-4.633936025224065,0.10973345824050078,2.1478036507165705,0.021732050891685804,0.7525882716998897,1.2835525217472767,-0.0005045545044813603,1.284057076251758,0.0
65,1.3,idle,kick,467,9.706888301413212,-4.651744216240749,0.10973345824050078,2.1480059092638815,0.021453889918703575,0.752621736716749,1.283611724207877,-0.000512875146570585,1.2841245993544477,0.0
66,1.32,idle,kick,468,9.73668047270743,-4.669552407257433,0.10973345824050078,2.1481536282552764,0.021156283354027885,0.7526596141853226,1.2836760856628557,-0.000521983079682771,1.2841980687425385,0.0
67,1.34,idle,kick,469,9.766472644001649,-4.687360598274116,0.10973345824050078,2.148249931199535,0.02083901667131418,0.7527013536646281,1.2837448985496138,-0.0005312413983895523,1.2842761399480034,0.0
68,1.36,idle,kick,470,9.796264815295867,-4.7051687892908,0.10973345824050078,2.1482977144799027,0.02050248123928661,0.7527470897711441,1.2838182687640218,-0.0005413857254704807,1.2843596544894924,0.0
69,1.38,idle,kick,471,9.826056986590086,-4.722976980307484,0.10973345824050078,2.1482991420903432,0.020145185325526213,0.7527959200635315,1.2838953467819847,-0.000552945538669327,1.284448292320654,0.0
70,1.4,idle,kick,472,9.855849157884304,-4.740785171324168,0.10973345824050078,2.1482558597521373,0.01976626705702654,0.7528462205468558,1.2839744848195918,-0.0005649420495915658,1.2845394268691832,0.0
71,1.42,idle,kick,473,9.885641329178522,-4.758593362340852,0.10973345824050078,2.1481704822854235,0.01936763696740302,0.7529012067345184,1.2840590829636827,-0.0005775079168273689,1.28463659088051,0.0
72,1.44,idle,kick,474,9.91543350047274,-4.776401553357536,0.10973345824050078,2.1480511982428703,0.018949550321701716,0.7529628846553093,1.2841512167783617,-0.0005973014491015942,1.2847485182274634,0.0
73,1.46,idle,kick,475,9.94522567176696,-4.7942097443742195,0.10973345824050078,2.1479067715268396,0.018511387176914147,0.7530307747966418,1.2842502751840803,-0.0006168721806625969,1.2848671473647428,0.0
74,1.48,idle,kick,476,9.975017843061178,-4.812017935390903,0.10973345824050078,2.1477403700212103,0.018060097349696654,0.7531097726073432,1.284361646649901,-0.0006484149740213774,1.2850100616239224,0.0
75,1.5,idle,kick,477,10.004810014355396,-4.829826126407587,0.10973345824050078,2.1475559183039516,0.01759333163981239,0.7532027690244475,1.2844879472921757,-0.0006906286870244534,1.2851785759792003,0.0
76,1.52,idle,kick,478,10.034602185649614,-4.847634317424271,0.10973345824050078,2.14735728440761,0.017105512011830155,0.75330665193865,1.2846257688955651,-0.0007398755420446254,1.2853656444376098,0.0
77,1.54,idle,kick,479,10.064394356943833,-4.865442508440955,0.10973345824050078,2.1470503565299475,0.016642006265497583,0.7533288089190358,1.2847027256506347,-0.0007467253684658032,1.2854494510191006,0.0
78,1.56,idle,kick,480,10.094186528238051,-4.883250699457639,0.10973345824050078,2.1464903485517355,0.01626211972497378,0.7531366307734862,1.2846087351208215,-0.0006841952898130332,1.2852929304106346,0.0
79,1.58,idle,kick,481,10.12397869953227,-4.901058890474323,0.10973345824050078,2.145720234811797,0.015889780841970975,0.7527297655161723,1.28432144253255,-0.0006714949805030623,1.284992937513053,0.0
80,1.6,idle,kick,482,10.153770870826488,-4.9188670814910065,0.10973345824050078,2.1448502517710213,0.015478604435548599,0.7522269669018967,1.283933670891384,-0.0006560571472761026,1.28458972803866,0.0
81,1.62,idle,kick,483,10.183563042120706,-4.93667527250769,0.10973345824050078,2.1439394783251586,0.015011515110945357,0.7517234443548582,1.2835275435258189,-0.0006490355202405929,1.2841765790460595,0.0
82,1.64,idle,kick,484,10.213355213414925,-4.954483463524374,0.10973345824050078,2.143031543421171,0.014466790533344225,0.7512979183739409,1.2831766398431177,-0.0006502222146468756,1.2838268620577646,0.0
83,1.66,idle,kick,485,10.243147384709143,-4.972291654541058,0.10973345824050078,2.1421530613415594,0.01383379699491745,0.7509924168419105,1.2829235789532918,-0.0006562644034491978,1.283579843356741,0.0
84,1.68,idle,kick,486,10.272939556003362,-4.990099845557742,0.10973345824050078,2.141322984847938,0.01310752911591772,0.7508245320800103,1.2827888584473153,-0.0006737419611792771,1.2834626004084946,0.0
85,1.7,idle,kick,487,10.30273172729758,-5.007908036574426,0.10973345824050078,2.1405298606581438,0.012287190610669848,0.7507856771307736,1.2827682434678154,-0.0006944320252564029,1.2834626754930718,0.0
86,1.72,idle,kick,488,10.332523898591798,-5.02571622759111,0.10973345824050078,2.1397575623916745,0.011374046663342888,0.7508503433262027,1.282839567104429,-0.000715783806679457,1.2835553509111084,0.0
87,1.74,idle,kick,489,10.362316069886017,-5.043524418607793,0.10973345824050078,2.138992397557547,0.010380729715349188,0.750992467957862,1.2829803123450538,-0.0007455023037778383,1.2837258146488317,0.0
88,1.76,idle,kick,490,10.392108241180235,-5.061332609624477,0.10973345824050078,2.138217470698049,0.00933795824706903,0.751184228293073,1.2831664528628373,-0.000782640604708236,1.2839490934675455,0.0
89,1.78,idle,kick,491,10.421900412474454,-5.079140800641161,0.10973345824050078,2.137422576553345,0.008257618534910824,0.7513972009951919,1.2833714954566064,-0.0008199227718357037,1.2841914182284422,0.0
90,1.8,idle,kick,492,10.451692583768672,-5.096948991657845,0.10973345824050078,2.1366045059222474,0.007155658012524971,0.7516145820423944,1.2835796002311977,-0.0008575144852924904,1.2844371147164901,0.0
91,1.82,idle,kick,493,10.48148475506289,-5.114757182674529,0.10973345824050078,2.135765900915305,0.006052941085301543,0.7518267048310636,1.2837819320372594,-0.0008954613391304531,1.28467739337639,0.0
92,1.84,idle,kick,494,10.511276926357109,-5.132565373691213,0.10973345824050078,2.1349126228970343,0.004968303119327623,0.7520271592427916,1.2839724900927714,-0.0009338918230263685,1.2849063819157978,0.0
93,1.86,idle,kick,495,10.541069097651327,-5.1503735647078965,0.10973345824050078,2.134052394850338,0.00391874571425533,0.7522139540366392,1.2841493872614564,-0.0009722804928091119,1.2851216677542656,0.0
94,1.88,idle,kick,496,10.570861268945546,-5.16818175572458,0.10973345824050078,2.133193680979463,0.002918664811827326,0.7523873564749614,1.284312900046491,-0.0010092032759041435,1.2853221033223952,0.0
95,1.9,idle,kick,497,10.600653440239764,-5.185989946741264,0.10973345824050078,2.1323454893108944,0.001977442344931574,0.7525479725017502,1.2844635410896648,-0.0010416052220151642,1.28550514631168,0.0
96,1.92,idle,kick,498,10.630445611533982,-5.203798137757948,0.10973345824050078,2.1315161654633017,0.001100623728842034,0.7526952763648695,1.2846005907090612,-0.001068829280362199,1.2856694199894234,0.0
97,1.94,idle,kick,499,10.660237782828201,-5.221606328774632,0.10973345824050078,2.130710452353594,0.0002951610950031708,0.7528304816969777,1.2847251709118181,-0.0010940555831852675,1.2858192264950035,0.0
98,1.96,idle,kick,500,10.69002995412242,-5.239414519791316,0.10973345824050078,2.129935262026682,-0.0004377551863458897,0.7529565483295549,1.2848399022916435,-0.0011188100624658706,1.2859587123541094,0.0
99,1.98,idle,kick,501,10.719822125416638,-5.257222710808,0.10973345824050078,2.1291961328809217,-0.001093999089683968,0.7530767450348805,1.2849480200905765,-0.0011419450425376003,1.2860899651331141,0.0
100,2.0,idle,kick,502,10.749614296710856,-5.2750309018246835,0.10973345824050078,2.128497520832921,-0.0016723022872766463,0.7531932030049708,1.2850518164981268,-0.0011644953342724654,1.2862163118323993,0.0
101,2.02,idle,kick,503,10.779406468005075,-5.292839092841367,0.10973345824050078,2.127842544309688,-0.0021747542479461117,0.7533044473637301,1.285150236150557,-0.0011858445739337323,1.2863360807244906,0.0
102,2.04,idle,kick,504,10.809198639299293,-5.310647283858051,0.10973345824050078,2.1272317268369316,-0.0026063484635433266,0.7534081371094266,1.2852413897708421,-0.0012049726395702322,1.2864463624104123,0.0
103,2.06,idle,kick,505,10.838990810593511,-5.328455474874735,0.10973345824050078,2.126666418318085,-0.0029713266270259054,0.7535035258029598,1.2853248796031427,-0.0012214372264438,1.2865463168295865,0.0
104,2.08,idle,kick,506,10.86878298188773,-5.346263665891419,0.10973345824050078,2.1261498362037936,-0.0032715901154376733,0.753593246834287,1.2854035238327255,-0.001235420863622664,1.2866389446963482,0.0
105,2.1,idle,kick,507,10.898575153181948,-5.364071856908103,0.10973345824050078,2.1256853274945255,-0.0035100807974110327,0.7536802409638471,1.285480459825652,-0.0012467600695556733,1.2867272198952076,0.0
106,2.12,idle,kick,508,10.928367324476167,-5.381880047924787,0.10973345824050078,2.125276408082617,-0.003690279677349832,0.7537654987941463,1.2855568959603556,-0.0012552171614338761,1.2868121131217896,0.0
107,2.14,idle,kick,509,10.958159495770385,-5.39968823894147,0.10973345824050078,2.124925118201699,-0.0038161717415098654,0.7538496746551002,1.285633662531598,-0.0012608498576880192,1.286894512389286,0.0
108,2.16,idle,kick,510,10.987951667064603,-5.417496429958154,0.10973345824050078,2.124631271917488,-0.0038916906042242563,0.7539337000620181,1.2857118733274733,-0.0012640148878401737,1.2869758882153135,0.0
109,2.18,idle,kick,511,11.017743838358822,-5.435304620974838,0.10973345824050078,2.1243929260381322,-0.0039202738504741565,0.75401788053618,1.2857919936162534,-0.0012652021699368701,1.2870571957861903,0.0
110,2.2,idle,kick,512,11.04753600965304,-5.453112811991522,0.10973345824050078,2.124205009990262,-0.003904442461121342,0.7541029889922967,1.2858748527936399,-0.001264791064311481,1.2871396438579514,0.0
111,2.22,idle,kick,513,11.077328180947259,-5.470921003008206,0.10973345824050078,2.1240675695079863,-0.003841484828761466,0.7541881027660213,1.2859592698876334,-0.001262671174072534,1.287221941061706,0.0
112,2.24,idle,kick,514,11.107120352241477,-5.48872919402489,0.10973345824050078,2.123981035195561,-0.003731456914355605,0.7542720878146882,1.2860437659745465,-0.0012590152027465579,1.287302781177293,0.0
113,2.26,idle,kick,515,11.136912523535695,-5.5065373850415735,0.10973345824050078,2.1239433542952866,-0.0035772879074516856,0.7543543752633649,1.2861275760331699,-0.001253932449904134,1.287381508483074,0.0
114,2.28,idle,kick,516,11.166704694829914,-5.524345576058257,0.10973345824050078,2.1239516127347717,-0.003382573880786136,0.7544343973563163,1.2862099965948803,-0.0012473471315053407,1.2874573437263857,0.0
115,2.3,idle,kick,517,11.196496866124132,-5.542153767074941,0.10973345824050078,2.1240027353567688,-0.0031523816866545085,0.754512270657005,1.2862909994377922,-0.001239243610511781,1.287530243048304,0.0
116,2.32,idle,kick,518,11.22628903741835,-5.559961958091625,0.10973345824050078,2.1240929059373252,-0.0028921457325887094,0.754588465819716,1.2863710173089298,-0.001229707805637699,1.2876007251145676,0.0
117,2.34,idle,kick,519,11.256081208712569,-5.577770149108309,0.10973345824050078,2.124217327004121,-0.00260697620470306,0.7546625975894794,1.2864496968013932,-0.0012188628970412792,1.2876685596984345,0.0
118,2.36,idle,kick,520,11.285873380006787,-5.595578340124993,0.10973345824050078,2.124370805186556,-0.0023018326805526656,0.7547339956555059,1.286526355045611,-0.0012071079989471947,1.2877334630445583,0.0
119,2.38,idle,kick,521,11.315665551301006,-5.613386531141677,0.10973345824050078,2.1245479878188536,-0.0019817138246188675,0.7548021192309454,1.2866003410822542,-0.0011946388824794346,1.2877949799647337,0.0
120,2.4,idle,kick,522,11.345457722595224,-5.6311947221583605,0.10973345824050078,2.1247436622142626,-0.0016518684035002952,0.7548658428875206,1.28667037077581,-0.0011800425988803057,1.2878504133746904,0.0
121,2.42,idle,kick,523,11.375249893889443,-5.649002913175044,0.10973345824050078,2.1249536226061823,-0.0013167844948624864,0.7549233788733,1.2867344097881848,-0.001163100955310848,1.2878975107434956,0.0
122,2.44,idle,kick,524,11.405042065183661,-5.666811104191728,0.10973345824050078,2.1251725647385094,-0.0009788014411773454,0.7549736915915954,1.286791193157421,-0.001144492911060075,1.287935686068481,0.0
123,2.46,idle,kick,525,11.43483423647788,-5.684619295208412,0.10973345824050078,2.125394217892016,-0.000641904442435805,0.7550175723737595,1.2868415177309402,-0.0011290400281866418,1.287970557759127,0.0
124,2.48,idle,kick,526,11.464626407772098,-5.702427486225096,0.10973345824050078,2.1256194634286203,-0.00031354601314827706,0.7550561974723738,1.2868862358363173,-0.0011147628727128413,1.2880009987090302,0.0
125,2.5,idle,kick,527,11.494418579066316,-5.72023567724178,0.10973345824050078,2.1258465209002577,3.6564836722276085e-06,0.7550907937393406,1.2869266239095618,-0.0011003303226271022,1.288026954232189,0.0
126,2.52,idle,kick,527,11.524210750360535,-5.738043868258464,0.10973345824050078,2.1260731803801374,0.00030671371554923777,0.755121386768366,1.2869627169678985,-0.0010861096127592375,1.2880488265806578,0.0
127,2.54,idle,kick,527,11.554002921654753,-5.755852059275147,0.10973345824050078,2.1262969965306797,0.0005942937992839,0.7551470001216247,1.2869935175361862,-0.0010724091213203009,1.2880659266575065,0.0
128,2.56,idle,kick,527,11.583795092948971,-5.773660250291831,0.10973345824050078,2.126515652492997,0.0008661894469840206,0.7551666206476949,1.2870178796260605,-0.0010594181514651767,1.2880772977775257,0.0
129,2.58,idle,kick,527,11.61358726424319,-5.791468441308515,0.10973345824050078,2.126727129479961,0.0011222720495487723,0.7551802406708561,1.2870357169838624,-0.0010473676738534561,1.2880830846577158,0.0
130,2.6,idle,kick,527,11.643379435537408,-5.809276632325199,0.10973345824050078,2.1269297839098793,0.0013622196135782297,0.7551885700085169,1.2870477259765418,-0.0010364617040751548,1.288084187680617,0.0
131,2.62,idle,kick,527,11.673171606831627,-5.827084823341883,0.10973345824050078,2.1271224307123346,0.00158549806570813,0.7551926241710566,1.287054954287015,-0.00102681712816333,1.2880817714151784,0.0
132,2.64,idle,kick,527,11.702963778125845,-5.844893014358567,0.10973345824050078,2.1273042358907515,0.0017914083729230902,0.7551933538826535,1.2870584175200224,-0.0010183938670493414,1.2880768113870718,0.0
133,2.66,idle,kick,527,11.732755949420064,-5.8627012053752505,0.10973345824050078,2.12747466191945,0.0019791685176755915,0.7551914011217189,1.2870588334459683,-0.001010938020817649,1.288069771466786,0.0
134,2.68,idle,kick,527,11.762548120714282,-5.880509396391934,0.10973345824050078,2.127633485747914,0.002148031493037381,0.7551871889605252,1.2870566899040201,-0.0010041930717627663,1.288060882975783,0.0
135,2.7,idle,kick,527,11.7923402920085,-5.898317587408618,0.10973345824050078,2.127780728641669,0.002297354781367044,0.7551811720023679,1.2870524895560072,-0.0009981449506740285,1.2880506345066811,0.0
136,2.72,idle,kick,527,11.822132463302719,-5.916125778425302,0.10973345824050078,2.1279166485209227,0.002426599614971836,0.7551738412265431,1.2870467614700725,-0.0009928045102305938,1.288039565980303,0.0
137,2.74,idle,kick,527,11.851924634596937,-5.933933969441986,0.10973345824050078,2.128041419081336,0.002535314990774968,0.7551655879051613,1.2870399582863463,-0.0009881791047855505,1.288028137391132,0.0
138,2.76,idle,kick,527,11.881716805891156,-5.95174216045867,0.10973345824050078,2.1281549305307745,0.0026230770651997056,0.7551567729927032,1.287032524189867,-0.000984276357443057,1.28801680054731,0.0
139,2.78,idle,kick,527,11.911508977185374,-5.969550351475354,0.10973345824050078,2.1282570445529347,0.0026896478747050908,0.755147726813701,1.2870248708245982,-0.0009810799398900331,1.288005950764488,0.0
140,2.8,idle,kick,527,11.941301148479592,-5.9873585424920375,0.10973345824050078,2.1283484510419095,0.0027355295055988818,0.7551386502509762,1.2870172151139907,-0.0009785654068631723,1.287995780520854,0.0
141,2.82,idle,kick,527,11.97109331977381,-6.005166733508721,0.10973345824050078,2.128430568892015,0.002761958398578909,0.7551300939190521,1.287010015776229,-0.000976773458180806,1.2879867892344097,0.0
142,2.84,idle,kick,527,12.00088549106803,-6.022974924525405,0.10973345824050078,2.1285050027838395,0.002770668571802861,0.7551231706470505,1.287004310576014,-0.0009756187288903762,1.2879799293049043,0.0
143,2.86,idle,kick,527,12.030677662362248,-6.040783115542089,0.10973345824050078,2.128572491356775,0.0027631905580157816,0.7551181652557377,1.287000377401276,-0.0009749543712161378,1.287975331772492,0.0
144,2.88,idle,kick,527,12.060469833656466,-6.058591306558773,0.10973345824050078,2.1286334808174923,0.002741095998497141,0.7551148137686313,1.2869979557730784,-0.0009747510092130707,1.2879727067822915,0.0
145,2.9,idle,kick,527,12.090262004950684,-6.076399497575457,0.10973345824050078,2.128687994581488,0.002705942045871155,0.7551123135865874,1.286996214847559,-0.0009749820112828836,1.287971196858842,0.0
146,2.92,idle,kick,527,12.120054176244903,-6.094207688592141,0.10973345824050078,2.1287364328894736,0.002659453133222625,0.7551103886223205,1.286994827745979,-0.0009755981090674368,1.2879704258550464,0.0
147,2.94,idle,kick,527,12.149846347539121,-6.112015879608824,0.10973345824050078,2.1287793668128088,0.002603412765710978,0.7551090477656992,1.2869937763937633,-0.0009765524192189533,1.2879703288129822,0.0
148,2.96,idle,kick,527,12.17963851883334,-6.129824070625508,0.10973345824050078,2.1288171118877037,0.002539520953345402,0.7551082466106923,1.2869930149231201,-0.000977796503051201,1.2879708114261714,0.0
149,2.98,idle,kick,527,12.209430690127558,-6.147632261642192,0.10973345824050078,2.128849042923683,0.0024692335873472645,0.7551079079991746,1.2869925236460302,-0.0009792827696787736,1.287971806415709,0.0
150,3.0,idle,kick,527,12.239222861421776,-6.165440452658876,0.10973345824050078,2.1288751763566114,0.002393837720600672,0.755107994480521,1.2869922965944502,-0.0009809586200503345,1.2879732552145007,0.0
151,3.02,idle,kick,527,12.269015032715995,-6.18324864367556,0.10973345824050078,2.1288959720150036,0.002314427619491301,0.7551084849527951,1.2869923245928612,-0.0009827673011681137,1.2879750918940294,0.0
152,3.04,idle,kick,527,12.298807204010213,-6.201056834692244,0.10973345824050078,2.128911923763549,0.002232162516996003,0.7551093658723694,1.2869926102341849,-0.0009846544104951532,1.28797726464468,0.0
153,3.06,idle,kick,527,12.328599375304432,-6.2188650257089275,0.10973345824050078,2.1289235552458368,0.0021478186023829626,0.7551106233015132,1.286993164293173,-0.0009866447928662953,1.2879798090860393,0.0
154,3.08,idle,kick,527,12.35839154659865,-6.236673216725611,0.10973345824050078,2.1289313351010906,0.0020617513532763267,0.7551124980092051,1.286994279832043,-0.0009887430759225428,1.2879830229079656,0.0
155,3.1,idle,kick,527,12.388183717892868,-6.254481407742295,0.10973345824050078,2.128935975032685,0.001974137430524665,0.7551152514381944,1.286996272164735,-0.0009909550403881633,1.2879872272051232,0.0
156,3.12,idle,kick,527,12.417975889187087,-6.272289598758979,0.10973345824050078,2.1289382627915865,0.001885208623398104,0.7551189674867713,1.2869992535788857,-0.0009932700067557185,1.2879925235856413,0.0
157,3.14,idle,kick,527,12.447768060481305,-6.290097789775663,0.10973345824050078,2.1289389621187533,0.00179527871108028,0.7551236370159673,1.2870032295591354,-0.0009956631875619529,1.2879988927466974,0.0
158,3.16,idle,kick,527,12.477560231775524,-6.307905980792347,0.10973345824050078,2.1289387651374723,0.001704751272482741,0.755129196132732,1.2870081437459844,-0.0009981057607528557,1.2880062495067373,0.0
159,3.18,idle,kick,527,12.507352403069742,-6.325714171809031,0.10973345824050078,2.1289382693141303,0.0016141109923990722,0.7551355439295819,1.2870138997963865,-0.0010005685817964412,1.288014468378183,0.0
160,3.2,idle,kick,527,12.53714457436396,-6.3435223628257145,0.10973345824050078,2.128937917914817,0.0015241019525648854,0.7551425358678343,1.287020363285868,-0.0010030143926604389,1.2880233776785286,0.0
161,3.22,idle,kick,527,12.566936745658179,-6.361330553842398,0.10973345824050078,2.1289380978505283,0.0014353973897374358,0.7551500287167232,1.2870273975275321,-0.0010054284672999514,1.2880328259948322,0.0
162,3.24,idle,kick,527,12.596728916952397,-6.379138744859082,0.10973345824050078,2.128939171128695,0.001348479996214488,0.75515792353216,1.2870349041380857,-0.0010077961965075828,1.2880427003345933,0.0
163,3.26,idle,kick,527,12.626521088246616,-6.396946935875766,0.10973345824050078,2.128941441197489,0.0012637674982766227,0.7551661431539695,1.2870428058016297,-0.0010100990253977572,1.2880529048270275,0.0
164,3.28,idle,kick,527,12.656313259540834,-6.41475512689245,0.10973345824050078,2.12894515201636,0.0011816384468567999,0.7551746197534756,1.287051033999946,-0.0010123217991383389,1.2880633557990842,0.0
165,3.3,idle,kick,527,12.686105430835052,-6.432563317909134,0.10973345824050078,2.128950491887102,0.0011024872192249753,0.7551833115937064,1.2870595441540615,-0.001014450899857404,1.2880739950539188,0.0
166,3.32,idle,kick,527,12.715897602129271,-6.450371508925818,0.10973345824050078,2.128957616347576,0.0010268054949225589,0.7551922387147361,1.2870683451784106,-0.0010164645226297397,1.2880848097010404,0.0
167,3.34,idle,kick,527,12.74568977342349,-6.468179699942501,0.10973345824050078,2.128966630180513,0.0009550455478675294,0.7552013846767293,1.2870774101671605,-0.0010183390014165093,1.288095749168577,0.0
168,3.36,idle,kick,527,12.775481944717708,-6.485987890959185,0.10973345824050078,2.128977577415573,0.0008875062060135752,0.7552106823810005,1.2870866633456541,-0.0010200681506068177,1.2881067314962609,0.0
169,3.38,idle,kick,527,12.805274116011926,-6.503796081975869,0.10973345824050078,2.1289904484863205,0.0008243662128750794,0.7552200550055561,1.287096023466997,-0.0010216556917769827,1.288117679158774,0.0
170,3.4,idle,kick,527,12.835066287306145,-6.521604272992553,0.10973345824050078,2.1290052056283626,0.0007657202825306179,0.7552294391146749,1.2871054255191436,-0.0010231058015685406,1.2881285313207123,0.0
171,3.42,idle,kick,527,12.864858458600363,-6.539412464009237,0.10973345824050078,2.1290217938953626,0.0007115894330621576,0.7552387798186554,1.2871148146207996,-0.0010244236190929089,1.2881392382398924,0.0
172,3.44,idle,kick,527,12.894650629894581,-6.557220655025921,0.10973345824050078,2.1290401503797427,0.0006619385593704392,0.7552480328351482,1.2871241458387388,-0.0010256146138665455,1.2881497604526053,0.0
173,3.46,idle,kick,527,12.9244428011888,-6.5750288460426045,0.10973345824050078,2.129060199965974,0.0006166791950128454,0.7552571606336601,1.2871333816545345,-0.0010266846727294623,1.2881600663272639,0.0
174,3.48,idle,kick,527,12.954234972483018,-6.592837037059288,0.10973345824050078,2.129081858604982,0.0005756722552042155,0.755266131632243,1.2871424902243236,-0.0010276412794851704,1.2881701315038088,0.0
175,3.5,idle,kick,527,12.984027143777237,-6.610645228075972,0.10973345824050078,2.129105039740928,0.0005387486648991149,0.7552749272726025,1.2871514514963984,-0.0010284925688932613,1.2881799440652917,0.0
176,3.52,idle,kick,527,13.013819315071455,-6.628453419092656,0.10973345824050078,2.1291296493833514,0.0005057149583598643,0.7552835329746602,1.2871602493679937,-0.0010292448557306273,1.2881894942237242,0.0
177,3.54,idle,kick,527,13.043611486365673,-6.64626161010934,0.10973345824050078,2.129155621037212,0.00047637690393492423,0.7552920278889012,1.2871689537941517,-0.0010299176590355535,1.2881988714531873,0.0
178,3.56,idle,kick,527,13.073403657659892,-6.664069801126024,0.10973345824050078,2.1291829554696857,0.0004505773563059309,0.7553007135732582,1.2871778423909626,-0.001030549029999446,1.288208391420962,0.0
179,3.58,idle,kick,527,13.10319582895411,-6.681877992142708,0.10973345824050078,2.1292116252085154,0.00042812316134189447,0.7553098570464318,1.2871871814734845,-0.0010311170920589002,1.2882182985655435,0.0
180,3.6,idle,kick,527,13.132988000248329,-6.6996861831593915,0.10973345824050078,2.12924150520955,0.0004087538394587248,0.7553194516323402,1.2871969725154058,-0.0010316065606142816,1.28822857907602,0.0
181,3.62,idle,kick,527,13.162780171542547,-6.717494374176075,0.10973345824050078,2.1292724389736266,0.0003922146558361789,0.7553293964188811,1.287207121496108,-0.0010320215667392052,1.2882391430628473,0.0
182,3.64,idle,kick,527,13.192572342836765,-6.735302565192759,0.10973345824050078,2.1293042534424225,0.00037828696213564386,0.755339561672683,1.2872175057547106,-0.0010323652765416823,1.2882498710312522,0.0
183,3.66,idle,kick,527,13.222364514130984,-6.753110756209443,0.10973345824050078,2.1293367249361115,0.00036684769100196475,0.7553498097147006,1.2872279967520877,-0.001032634627673116,1.2882606313797609,0.0
184,3.68,idle,kick,527,13.252156685425202,-6.770918947226127,0.10973345824050078,2.1293696655815153,0.00035776214003870553,0.7553600262370525,1.2872384816812468,-0.0010328274295502114,1.288271309110797,0.0
185,3.7,idle,kick,527,13.28194885671942,-6.788727138242811,0.10973345824050078,2.1294029164963364,0.00035083089473489,0.7553701146364555,1.287248862285591,-0.0010329491705834554,1.2882818114561745,0.0
186,3.72,idle,kick,527,13.311741028013639,-6.806535329259495,0.10973345824050078,2.12943634001719,0.0003458489534819878,0.7553800211818806,1.2872590799437114,-0.0010330102342121505,1.2882920901779236,0.0
187,3.74,idle,kick,527,13.341533199307857,-6.824343520276178,0.10973345824050078,2.129469860145822,0.0003426335563463219,0.7553897248743818,1.2872691064182493,-0.0010330187361353854,1.2883021251543847,0.0
188,3.76,idle,kick,527,13.371325370602076,-6.842151711292862,0.10973345824050078,2.1295034100942813,0.0003409986126782641,0.7553992016968637,1.2872789135560838,-0.0010329804962503839,1.2883118940523342,0.0
189,3.78,idle,kick,527,13.401117541896294,-6.859959902309546,0.10973345824050078,2.129536922364955,0.00034074967871909216,0.7554084168995847,1.287288465514007,-0.001032899649390004,1.2883213651633971,0.0
190,3.8,idle,kick,527,13.430909713190513,-6.87776809332623,0.10973345824050078,2.1295703111188504,0.00034167101620696366,0.755417342369433,1.2872977331566655,-0.0010327860004922147,1.2883305191571577,0.0
191,3.82,idle,kick,527,13.460701884484731,-6.895576284342914,0.10973345824050078,2.1296034935719064,0.0003435513063125142,0.7554259792254118,1.2873067160241536,-0.001032649080842843,1.2883393651049964,0.0
192,3.84,idle,kick,527,13.49049405577895,-6.913384475359598,0.10973345824050078,2.129636387701001,0.0003461798919026743,0.7554343311698362,1.2873154176618984,-0.00103249445283312,1.2883479121147314,0.0
193,3.86,idle,kick,527,13.520286227073168,-6.9311926663762815,0.10973345824050078,2.1296689168225664,0.0003493480038748025,0.7554424099936173,1.2873238488894043,-0.00103233190641263,1.288356180795817,0.0
194,3.88,idle,kick,527,13.550078398367386,-6.949000857392965,0.10973345824050078,2.1297010314388642,0.00035286857552134493,0.7554502446161223,1.2873320345671517,-0.0010321674766243794,1.288364202043776,0.0
195,3.9,idle,kick,527,13.579870569661605,-6.966809048409649,0.10973345824050078,2.129732681813579,0.00035655429535323723,0.7554578518596101,1.2873399893402326,-0.001032007302109117,1.2883719966423417,0.0
196,3.92,idle,kick,527,13.609662740955823,-6.984617239426333,0.10973345824050078,2.1297638265171774,0.0003602335192519958,0.7554652599001767,1.2873477385605199,-0.0010318596407003604,1.2883795982012203,0.0
197,3.94,idle,kick,527,13.639454912250041,-7.002425430443017,0.10973345824050078,2.1297944386680245,0.00036374593061268257,0.755472491858507,1.2873553041778618,-0.001031728721981609,1.2883870328998435,0.0
198,3.96,idle,kick,527,13.66924708354426,-7.020233621459701,0.10973345824050078,2.1298245026462608,0.0003669427676248419,0.7554795723811756,1.2873627089087543,-0.0010316207408141466,1.2883943296495683,0.0
199,3.98,idle,kick,527,13.699039254838478,-7.038041812476385,0.10973345824050078,2.129854021777406,0.00036969511754229975,0.7554865307784244,1.2873699803059688,-0.0010315403764379442,1.2884015206824069,0.0
200,4.0,idle,kick,527,13.728831426132697,-7.0558500034930685,0.10973345824050078,2.1298830119135697,0.000371889043044358,0.7554933956578029,1.2873771454205616,-0.0010314908854615057,1.288408636306023,0.0
201,4.02,idle,kick,527,13.758623597426915,-7.073658194509752,0.10973345824050078,2.129911498020225,0.00037342620569509344,0.7555001889035519,1.2873842255921875,-0.0010314741775202634,1.2884156997697078,0.0
202,4.04,idle,kick,527,13.788415768721134,-7.091466385526436,0.10973345824050078,2.1299395179327436,0.0003742270932183031,0.755506934058023,1.2873912430701535,-0.001031492348472999,1.2884227354186266,0.0
203,4.06,idle,kick,527,13.818207940015352,-7.10927457654312,0.10973345824050078,2.1299671173277126,0.0003742283987658366,0.7555136527507144,1.2873982191138464,-0.0010315465598254858,1.2884297656736718,0.0
204,4.08,idle,kick,527,13.84800011130957,-7.127082767559804,0.10973345824050078,2.129994344925527,0.00037338403339550635,0.7555203645400771,1.2874051736583143,-0.0010316365625357565,1.28843681022085,0.0
205,4.1,idle,kick,527,13.877792282603789,-7.144890958576488,0.10973345824050078,2.130021254539593,0.0003716704834939198,0.7555270851620707,1.2874121236806764,-0.0010317625713138455,1.2884438862519902,0.0
206,4.12,idle,kick,527,13.907584453898007,-7.1626991495931716,0.10973345824050078,2.130047897496421,0.00036908880221085336,0.7555338356816415,1.2874190915652175,-0.0010319247999359647,1.2884510163651535,0.0
207,4.14,idle,kick,527,13.937376625192226,-7.180507340609855,0.10973345824050078,2.130074341540365,0.00036564156485515374,0.7555406544387246,1.2874261158465246,-0.0010321232449766217,1.2884582390915011,0.0
208,4.16,idle,kick,527,13.967168796486444,-7.198315531626539,0.10973345824050078,2.130100658620089,0.0003613548621117846,0.7555475695018296,1.2874332247761469,-0.0010323528648706302,1.2884655776410174,0.0
209,4.18,idle,kick,527,13.996960967780662,-7.216123722643223,0.10973345824050078,2.1301269048261195,0.00035625357632318883,0.7555545904007039,1.2874404299230857,-0.0010326089735645666,1.2884730388966503,0.0
210,4.2,idle,kick,527,14.02675313907488,-7.233931913659907,0.10973345824050078,2.1301531295128644,0.0003503649553763915,0.7555617162837382,1.2874477334091223,-0.0010328890318971329,1.2884806224410195,0.0
211,4.22,idle,kick,527,14.0565453103691,-7.251740104676591,0.10973345824050078,2.1301793848758575,0.0003437373457038136,0.7555689371665695,1.2874551269466938,-0.0010331885235762527,1.28848831547027,0.0
212,4.24,idle,kick,527,14.086337481663318,-7.269548295693275,0.10973345824050078,2.130205715575203,0.0003364263161001316,0.7555762400496471,1.2874625991334996,-0.0010335044760243668,1.288496103609524,0.0
213,4.26,idle,kick,527,14.116129652957536,-7.2873564867099585,0.10973345824050078,2.1302321584088153,0.0003284930129791313,0.7555836128557921,1.2874701399417912,-0.001033833102746972,1.2885039730445382,0.0
214,4.28,idle,kick,527,14.145921824251754,-7.305164677726642,0.10973345824050078,2.1302587495339975,0.0003200046874024674,0.7555910514140268,1.2874777461763514,-0.0010341731161607852,1.288511919292512,0.0
215,4.3,idle,kick,527,14.175713995545973,-7.322972868743326,0.10973345824050078,2.130285520410553,0.0003110348003551483,0.7555985573029746,1.2874854204742354,-0.001034522550261683,1.2885199430244971,0.0
216,4.32,idle,kick,527,14.205506166840191,-7.34078105976001,0.10973345824050078,2.1303124922208183,0.00030166044033846473,0.7556061260268053,1.287493160365137,-0.0010348766451728567,1.2885280370103098,0.0
217,4.34,idle,kick,527,14.23529833813441,-7.358589250776694,0.10973345824050078,2.1303396893265405,0.00029196295644827355,0.7556137572235903,1.2875009651743885,-0.0010352333054939634,1.2885361984798824,0.0
218,4.36,idle,kick,527,14.265090509428628,-7.376397441793378,0.10973345824050078,2.130367127951297,0.00028202192665877074,0.7556214483682397,1.2875088326066952,-0.00103558991616233,1.2885444225228575,0.0
219,4.38,idle,kick,527,14.294882680722846,-7.394205632810062,0.10973345824050078,2.1303948084344912,0.0002719116164584924,0.7556291900455727,1.2875167546684323,-0.001035943986728207,1.2885526986551605,0.0
220,4.4,idle,kick,527,14.324674852017065,-7.4120138238267455,0.10973345824050078,2.1304227341032176,0.0002617113851113563,0.7556369800059243,1.287524728814762,-0.0010362937601927184,1.2885610225749546,0.0
221,4.42,idle,kick,527,14.354467023311283,-7.429822014843429,0.10973345824050078,2.1304509001232925,0.0002514912680604113,0.7556448101407677,1.2875327477168708,-0.0010366376332553821,1.288569385350126,0.0
222,4.44,idle,kick,527,14.384259194605502,-7.447630205860113,0.10973345824050078,2.130479298821608,0.00024132389439269182,0.7556526761028802,1.287540806432243,-0.001036973656433987,1.2885777800886768,0.0
223,4.46,idle,kick,527,14.41405136589972,-7.465438396876797,0.10973345824050078,2.130507917967019,0.0002312736798952321,0.7556605646733957,1.287548891953124,-0.0010372984900597002,1.2885861904431837,0.0
224,4.48,idle,kick,527,14.443843537193938,-7.483246587893481,0.10973345824050078,2.1305367399840196,0.00022139521523578158,0.7556684675207358,1.2875569953365373,-0.001037613752104427,1.2885946090886418,0.0
225,4.5,idle,kick,527,14.473635708488157,-7.501054778910165,0.10973345824050078,2.1305657513611833,0.00021174669777490948,0.7556763822853896,1.2875651129732506,-0.0010379177902312998,1.288603030763482,0.0
226,4.52,idle,kick,527,14.503427879782375,-7.5188629699268485,0.10973345824050078,2.130594929467441,0.00020237499415106446,0.7556842967349915,1.2875732323809577,-0.0010382087458935263,1.2886114411268512,0.0
227,4.54,idle,kick,527,14.533220051076594,-7.536671160943532,0.10973345824050078,2.1306242450419335,0.000193314069268252,0.7556921967238044,1.287581340013493,-0.001038486385426706,1.2886198263989197,0.0
228,4.56,idle,locomotion,1,14.563012222370812,-7.554479351960216,0.10973345824050078,2.1306536714344495,0.0001845890996936523,0.7557000712901929,1.2875894252031517,-0.0010387522104315892,1.2886281774135833,0.0
229,4.58,idle,locomotion,1,14.59280439366503,-7.5722875429769,0.10973345824050078,2.129073489908158,-0.0006333133963005061,0.7540760249132967,1.2860990003464041,-0.0010377036613346408,1.2871367040077388,0.0
230,4.6,idle,locomotion,1,14.622596564959249,-7.590095733993584,0.10973345824050078,2.125743922169794,-0.00225648547535435,0.7501799822141136,1.2823243209231003,-0.0011494391969162944,1.2834737601200166,0.0
231,4.62,idle,locomotion,1,14.652388736253467,-7.607903925010268,0.10973345824050078,2.122074489989618,-0.004022097294672452,0.7445853155479243,1.2767725117955326,-0.0011647933262860823,1.2779373051218188,0.0
232,4.64,idle,locomotion,1,14.682180907547686,-7.625712116026952,0.10973345824050078,2.1186033815460843,-0.005669267877925637,0.7377994781370137,1.2699560090476152,-0.0009515369622958222,1.270907546009911,0.0
233,4.66,idle,locomotion,1,14.711973078841904,-7.6435203070436355,0.10973345824050078,2.1155109870266986,-0.007351218007608541,0.7308854653303629,1.2629127442329693,-0.0007581512715474914,1.2636708955045168,0.0
234,4.68,idle,locomotion,1,14.741765250136122,-7.661328498060319,0.10973345824050078,2.1130218372191516,-0.008766458784726658,0.7247352753196931,1.2565838474427675,-0.0005927264113368344,1.2571765738541043,0.0
235,4.7,idle,locomotion,1,14.771557421430341,-7.679136689077003,0.10973345824050078,2.111158084723902,-0.009817226458917291,0.7200039370634687,1.2516812760309233,-0.0005647589927788785,1.2522460350237021,0.0
236,4.72,idle,locomotion,1,14.80134959272456,-7.696944880093687,0.10973345824050078,2.109823544166393,-0.010582457590111366,0.7170052605963029,1.2485568842858723,-0.000562323929371028,1.2491192082152434,0.0
237,4.74,idle,locomotion,1,14.831141764018778,-7.714753071110371,0.10973345824050078,2.108841563934025,-0.011151418186547217,0.7156980017067551,1.24717964303528,-0.0005655988330815799,1.2477452418683614,0.0
238,4.76,idle,locomotion,1,14.860933935312996,-7.732561262127055,0.10973345824050078,2.1080346486570503,-0.011596369463293238,0.715758649802055,1.2472200133141822,-0.0005649136122052,1.2477849269263874,0.0
239,4.78,idle,locomotion,1,14.890726106607215,-7.750369453143739,0.10973345824050078,2.107262946262035,-0.012000132853592435,0.716740135909794,1.248218386602609,-0.0005569319166398301,1.248775318519249,0.0
240,4.8,idle,locomotion,1,14.920518277901433,-7.7681776441604224,0.10973345824050078,2.1064284367504196,-0.012437535290384044,0.7182035450827812,1.2497189183465904,-0.0005465780532634031,1.2502654963998538,0.0
241,4.82,idle,locomotion,1,14.950310449195651,-7.785985835177106,0.10973345824050078,2.105481231719012,-0.012950909299385137,0.7197649265573145,1.251325847456564,-0.0005388617832539806,1.251864709239818,0.0
242,4.84,idle,locomotion,1,14.98010262048987,-7.80379402619379,0.10973345824050078,2.104420009476764,-0.013583680945139582,0.7211415010512017,1.2527469997051022,-0.0005346797560876401,1.2532816794611898,0.0
243,4.86,idle,locomotion,1,15.009894791784088,-7.821602217210474,0.10973345824050078,2.103260658559909,-0.014341219904741236,0.7221805120668133,1.2538220575913752,-0.0005321790733172904,1.2543542366646925,0.0
244,4.88,idle,locomotion,1,15.039686963078307,-7.839410408227158,0.10973345824050078,2.1020238745912243,-0.015205283923700423,0.7228449165399948,1.2545101916156343,-0.0005316457427505944,1.255041837358385,0.0
245,4.9,idle,locomotion,1,15.069479134372525,-7.857218599243842,0.10973345824050078,2.1007632941825074,-0.016142454680792978,0.723168683599709,1.2548504084969472,-0.000532200905306212,1.2553826094022533,0.0
246,4.92,idle,locomotion,1,15.099271305666743,-7.8750267902605255,0.10973345824050078,2.0995117958566016,-0.0171270831237702,0.7232454820805684,1.2549378166843062,-0.000532389734243563,1.2554702064185497,0.0
247,4.94,idle,locomotion,1,15.129063476960962,-7.892834981277209,0.10973345824050078,2.098297559329944,-0.01815775842774589,0.7231818915060303,1.2548799673240958,-0.0005291137237066826,1.2554090810478025,0.0
248,4.96,idle,locomotion,1,15.15885564825518,-7.910643172293893,0.10973345824050078,2.097132231153746,-0.019229097389666265,0.7230729422992024,1.2547722325024189,-0.0005276898716011572,1.25529992237402,0.0
249,4.98,idle,locomotion,1,15.188647819549399,-7.928451363310577,0.10973345824050078,2.0960131326603815,-0.02031502030602808,0.7229908818590066,1.2546883760226346,-0.000526325805028191,1.2552147018276627,0.0
250,5.0,idle,locomotion,1,15.218439990843617,-7.946259554327261,0.10973345824050078,2.0949417519507985,-0.021401750886113086,0.7229757628052179,1.254670210749856,-0.0005239188732718246,1.2551941296231277,0.0
251,5.02,idle,locomotion,1,15.248232162137835,-7.964067745343945,0.10973345824050078,2.0939174672473477,-0.022479887066681668,0.7230357981169117,1.2547278161941586,-0.0005246460097209707,1.2552524622038796,0.0
252,5.04,idle,locomotion,1,15.278024333432054,-7.981875936360629,0.10973345824050078,2.092935331768511,-0.023535640034579246,0.72316188436537,1.2548524698423253,-0.0005248584254226862,1.255377328267748,0.0
253,5.06,idle,locomotion,1,15.307816504726272,-7.9996841273773125,0.10973345824050078,2.091992199934977,-0.024557753375016943,0.7233435422509183,1.2550341538380632,-0.0005238747922975198,1.2555580286303607,0.0
254,5.08,idle,locomotion,1,15.33760867602049,-8.017492318393996,0.10973345824050078,2.0910860079428284,-0.025540754723988826,0.723564067553604,1.2552562776924192,-0.0005229714006395637,1.2557792490930588,0.0
255,5.1,idle,locomotion,1,15.367400847314709,-8.03530050941068,0.10973345824050078,2.0902144964193408,-0.02648059324638796,0.7238048889951791,1.255500092978177,-0.0005238736116370026,1.256023966589814,0.0
256,5.12,idle,locomotion,1,15.397193018608927,-8.053108700427364,0.10973345824050078,2.089375541447183,-0.0273737366809409,0.7240488174168913,1.255748065139594,-0.0005250074054416812,1.2562730725450357,0.0
257,5.14,idle,locomotion,1,15.426985189903146,-8.070916891444048,0.10973345824050078,2.088567498463542,-0.028217249481941955,0.7242823137914696,1.2559862285753565,-0.0005262786902819755,1.2565125072656385,0.0
258,5.16,idle,locomotion,1,15.456777361197364,-8.088725082460732,0.10973345824050078,2.0877890120050933,-0.029008181084734477,0.7244964742014106,1.2562052353761977,-0.000527581449010963,1.2567328168252085,0.0
259,5.18,idle,locomotion,1,15.486569532491583,-8.106533273477416,0.10973345824050078,2.087039956990523,-0.029743569619768276,0.7246870260843606,1.2564004760978784,-0.0005287656477917027,1.2569292417456701,0.0
260,5.2,idle,locomotion,1,15.516361703785801,-8.1243414644941,0.10973345824050078,2.0863247415500807,-0.030420175140616658,0.7248541920284308,1.256572268054727,-0.0005297427630201156,1.2571020108177473,0.0
261,5.22,idle,locomotion,1,15.54615387508002,-8.142149655510783,0.10973345824050078,2.0856436114128254,-0.03103812259924473,0.7250010120919417,1.256723312895307,-0.0005305423066654102,1.2572538552019725,0.0
262,5.24,idle,locomotion,1,15.575946046374238,-8.159957846527467,0.10973345824050078,2.084992698157091,-0.03159998786696123,0.7251306759016027,1.2568562078021515,-0.0005311788640815843,1.257387386666233,0.0
263,5.26,idle,locomotion,1,15.605738217668456,-8.177766037544151,0.10973345824050078,2.0843711240560996,-0.03210775930630304,0.7252469120224126,1.256974509648856,-0.000531666495703749,1.2575061761445598,0.0
264,5.28,idle,locomotion,1,15.635530388962675,-8.195574228560835,0.10973345824050078,2.0837805525363446,-0.03256219974538394,0.7253542110168505,1.2570829607297511,-0.0005319951068801232,1.2576149558366312,0.0
265,5.3,idle,locomotion,1,15.665322560256893,-8.213382419577519,0.10973345824050078,2.0832232547822622,-0.032964176424664066,0.7254562440654144,1.257185591959914,-0.0005321569128672321,1.257717748872781,0.0
266,5.32,idle,locomotion,1,15.695114731551111,-8.231190610594203,0.10973345824050078,2.0827014551599627,-0.033315017162433624,0.7255550237322738,1.2572847961983193,-0.0005320228612884607,1.2578168190596077,0.0
267,5.34,idle,locomotion,1,15.72490690284533,-8.248998801610886,0.10973345824050078,2.082216897009789,-0.033616565612821586,0.725651070269397,1.2573814060968553,-0.0005315702646740625,1.2579129763615293,0.0
268,5.36,idle,locomotion,1,15.754699074139548,-8.26680699262757,0.10973345824050078,2.0817708637347647,-0.033871355159569135,0.725743783246698,1.257475043485833,-0.0005309197001172709,1.2580059631859504,0.0
269,5.38,idle,locomotion,1,15.784491245433767,-8.284615183644254,0.10973345824050078,2.0813634033807222,-0.034082730813234936,0.7258316760615694,1.2575642388477555,-0.0005301782143398229,1.2580944170620953,0.0
270,5.4,idle,locomotion,1,15.814283416727985,-8.302423374660938,0.10973345824050078,2.080992419497311,-0.03425502219766028,0.725912339583563,1.2576462231352206,-0.0005293985184524896,1.258175621653673,0.0
271,5.42,idle,locomotion,1,15.844075588022204,-8.320231565677622,0.10973345824050078,2.080656290245361,-0.03439159664493416,0.7259842696781859,1.2577192205663161,-0.0005285936979445641,1.2582478142642608,0.0
272,5.44,idle,locomotion,1,15.873867759316422,-8.338039756694306,0.10973345824050078,2.0803542423910195,-0.03449509138861626,0.7260471612611626,1.257782853050029,-0.0005277679093954601,1.2583106209594246,0.0
273,5.46,idle,locomotion,1,15.90365993061064,-8.35584794771099,0.10973345824050078,2.0800858704726335,-0.03456813922853362,0.7261013147762522,1.257837431717325,-0.0005270272813396662,1.2583644589986647,0.0
274,5.48,idle,locomotion,1,15.933452101904859,-8.373656138727673,0.10973345824050078,2.0798507540994633,-0.03461331529160489,0.7261472516530584,1.2578835143841933,-0.0005271835042060039,1.2584106978883993,0.0
275,5.5,idle,locomotion,1,15.963244273199077,-8.391464329744357,0.10973345824050078,2.0796483355831126,-0.03463307915185455,0.7261856515348966,1.257921812583815,-0.0005272799557787845,1.2584490925395937,0.0
276,5.52,idle,locomotion,1,15.993036444493296,-8.409272520761041,0.10973345824050078,2.079477744244811,-0.0346297036872962,0.7262173403165745,1.25795317579768,-0.0005273535684527375,1.2584805293661327,0.0
277,5.54,idle,locomotion,1,16.022828615787514,-8.427080711777725,0.10973345824050078,2.079337553290194,-0.03460528196130468,0.7262434808325117,1.2579787614703632,-0.0005274193857116583,1.258506180856075,0.0
278,5.56,idle,locomotion,1,16.052620787081732,-8.444888902794409,0.10973345824050078,2.079226040330747,-0.034561961338713386,0.7262654424101977,1.257999939205016,-0.0005274683313860155,1.2585274075364021,0.0
279,5.58,idle,locomotion,1,16.08241295837595,-8.462697093811093,0.10973345824050078,2.079142029669146,-0.03450174685165393,0.726284527738665,1.2580180636301297,-0.000527486366415416,1.258545549996545,0.0
280,5.6,idle,locomotion,1,16.11220512967017,-8.480505284827776,0.10973345824050078,2.079084718348215,-0.03442640373707149,0.7263019223915681,1.2580344399298968,-0.0005274457929523198,1.258561885722849,0.0
281,5.62,idle,locomotion,1,16.141997300964388,-8.49831347584446,0.10973345824050078,2.0790529767525534,-0.0343385126756037,0.7263189982787195,1.2580505208925608,-0.0005272750494829288,1.2585777959420437,0.0
282,5.64,idle,locomotion,1,16.171789472258606,-8.516121666861144,0.10973345824050078,2.079045195417345,-0.034240595142101767,0.7263362745344561,1.2580668755708833,-0.0005268748962095685,1.2585937504670928,0.0
283,5.66,idle,locomotion,1,16.201581643552824,-8.533929857877828,0.10973345824050078,2.079059525167111,-0.034134792447068345,0.7263535432459406,1.2580833048612026,-0.0005262643859866266,1.2586095692471893,0.0
284,5.68,idle,locomotion,1,16.231373814847043,-8.551738048894512,0.10973345824050078,2.0790943363357086,-0.03402286662621779,0.7263703728923799,1.2580994333709015,-0.0005255514253555971,1.2586249847962572,0.0
285,5.7,idle,locomotion,1,16.26116598614126,-8.569546239911196,0.10973345824050078,2.079148881949186,-0.033906192446147725,0.7263860822856512,1.2581147708055977,-0.0005248703079891413,1.258639641113587,0.0
286,5.72,idle,locomotion,1,16.29095815743548,-8.58735443092788,0.10973345824050078,2.079222282646145,-0.03378617301019501,0.7264000833191332,1.2581288014652259,-0.0005242305360684367,1.2586530320012943,0.0
287,5.74,idle,locomotion,1,16.320750328729698,-8.605162621944563,0.10973345824050078,2.0793130748290958,-0.03366361581591268,0.7264130311097619,1.2581421260419623,-0.0005236144305772149,1.2586657404725394,0.0
288,5.76,idle,locomotion,1,16.350542500023916,-8.622970812961247,0.10973345824050078,2.0794195650608644,-0.03353910684034608,0.7264256355032885,1.2581554425117139,-0.0005229886114231953,1.2586784311231372,0.0
289,5.78,idle,locomotion,1,16.380334671318135,-8.640779003977931,0.10973345824050078,2.0795400416943375,-0.033413453670904425,0.7264379082964639,1.2581687030226467,-0.0005223554565220445,1.2586910584791688,0.0
290,5.8,idle,locomotion,1,16.410126842612353,-8.658587194994615,0.10973345824050078,2.0796727741587997,-0.03328742578741251,0.7264496670012152,1.2581816467581626,-0.0005217246463166646,1.2587033714044793,0.0
291,5.82,idle,locomotion,1,16.43991901390657,-8.676395386011299,0.10973345824050078,2.079815778777297,-0.0331614543752828,0.7264600023183607,1.2581932982475272,-0.0005211001424266365,1.2587143983899538,0.0
292,5.84,idle,locomotion,1,16.46971118520079,-8.694203577027983,0.10973345824050078,2.0799675873493095,-0.03303650791659909,0.7264683885350158,1.2582030317610557,-0.000520501079472116,1.258723532840528,0.0
293,5.86,idle,locomotion,1,16.49950335649501,-8.712011768044666,0.10973345824050078,2.080126937871524,-0.03291355928818128,0.7264743835717435,1.258210365763456,-0.0005198914037643811,1.2587302571672203,0.0
294,5.88,idle,locomotion,1,16.529295527789227,-8.72981995906135,0.10973345824050078,2.080292315334594,-0.03279295537240533,0.7264762636039188,1.2582135310788696,-0.0005192570659833147,1.258732788144853,0.0
295,5.9,idle,locomotion,1,16.559087699083445,-8.747628150078034,0.10973345824050078,2.080462363089667,-0.03267482193639965,0.7264727179247927,1.2582111376797556,-0.0005186378417690422,1.2587297755215245,0.0
296,5.92,idle,locomotion,1,16.588879870377664,-8.765436341094718,0.10973345824050078,2.0806360222343105,-0.032559288454878224,0.7264636930040449,1.2582031007137635,-0.000518045392037661,1.2587211461058012,0.0
297,5.94,idle,locomotion,1,16.618672041671882,-8.783244532111402,0.10973345824050078,2.0808123858907708,-0.03244641000367967,0.7264499386871464,1.2581901683559478,-0.0005174811787033683,1.2587076495346512,0.0
298,5.96,idle,locomotion,1,16.6484642129661,-8.801052723128086,0.10973345824050078,2.0809906570549916,-0.03233619446145895,0.7264326649439002,1.2581735696210794,-0.0005169314338171679,1.2586905010548965,0.0
299,5.98,idle,locomotion,1,16.67825638426032,-8.81886091414477,0.10973345824050078,2.081170034960954,-0.032228517039244016,0.7264132100144642,1.2581546736124822,-0.0005165140915375233,1.2586711877040198,0.0
300,6.0,idle,locomotion,1,16.708048555554537,-8.836669105161453,0.10973345824050078,2.081349658293256,-0.03212314205445128,0.7263928160219931,1.2581347520596513,-0.0005163731576948438,1.2586511252173462,0.0
301,6.02,idle,locomotion,1,16.737840726848756,-8.854477296178137,0.10973345824050078,2.0815288437213137,-0.03202010307413987,0.7263725024244373,1.2581148453877957,-0.0005162110688040691,1.2586310564566,0.0
302,6.04,idle,locomotion,1,16.767632898142974,-8.872285487194821,0.10973345824050078,2.0817068544459385,-0.03191932893556108,0.7263529812779013,1.258095682561981,-0.0005160691595973779,1.2586117517215782,0.0
303,6.06,idle,locomotion,1,16.797425069437192,-8.890093678211505,0.10973345824050078,2.081882939638681,-0.031820725806135,0.7263346736109523,1.2580776913854697,-0.0005159089787835081,1.2585936003642533,0.0
304,6.08,idle,locomotion,1,16.82721724073141,-8.907901869228189,0.10973345824050078,2.0820563596562898,-0.03172422675451884,0.7263177135652493,1.2580610065846656,-0.0005157577301086597,1.2585767643147743,0.0
305,6.1,idle,locomotion,1,16.85700941202563,-8.925710060244873,0.10973345824050078,2.0822264317576034,-0.03162982921951529,0.7263020594644544,1.2580455744535728,-0.0005155926698223526,1.2585611671233952,0.0
306,6.12,idle,locomotion,1,16.886801583319848,-8.943518251261557,0.10973345824050078,2.082392544633295,-0.03153755758155552,0.7262875861140152,1.2580312573411945,-0.000515422705760011,1.2585466800469545,0.0
307,6.14,idle,locomotion,1,16.916593754614066,-8.96132644227824,0.10973345824050078,2.08255416549182,-0.03144744817148715,0.7262741161486471,1.2580178652016782,-0.000515250724135323,1.2585331159258135,0.0
308,6.16,idle,locomotion,1,16.946385925908285,-8.979134633294924,0.10973345824050078,2.0827108527934475,-0.031359554836632476,0.7262614628488387,1.2580052013361338,-0.0005150850414840716,1.258520286377618,0.0
309,6.18,idle,locomotion,1,16.976178097202503,-8.996942824311608,0.10973345824050078,2.082862261812731,-0.03127393732998997,0.726249464693693,1.2579930984018706,-0.0005149210599603785,1.258508019461831,0.0
310,6.2,idle,locomotion,1,17.00597026849672,-9.014751015328292,0.10973345824050078,2.0830081357635737,-0.031190644115362237,0.7262380171672176,1.2579814519732244,-0.0005147720163529608,1.2584962239895774,0.0
311,6.22,idle,locomotion,1,17.03576243979094,-9.032559206344976,0.10973345824050078,2.0831483032799767,-0.03110971950291189,0.7262270840843409,1.2579702310138527,-0.0005146231514781968,1.2584848541653308,0.0
312,6.24,idle,locomotion,1,17.065554611085158,-9.05036739736166,0.10973345824050078,2.0832826748789066,-0.031031214060811406,0.7262166668889859,1.257959447903839,-0.0005144552806071179,1.258473903184446,0.0
313,6.26,idle,locomotion,1,17.095346782379377,-9.068175588378343,0.10973345824050078,2.0834113965271985,-0.030955010041331533,0.7262067449969184,1.257949126084713,-0.0005143011222964074,1.2584634272070094,0.0
314,6.28,idle,locomotion,1,17.125138953673595,-9.085983779395027,0.10973345824050078,2.0835347798876436,-0.030880971664752704,0.7261973099429546,1.2579393170426378,-0.0005141119820973941,1.2584534290247353,0.0
315,6.3,idle,locomotion,1,17.154931124967813,-9.103791970411711,0.10973345824050078,2.0836530049456607,-0.030809058692727213,0.7261883533473013,1.2579300387342203,-0.0005139123283455574,1.2584439510625658,0.0
316,6.32,idle,locomotion,1,17.18472329626203,-9.121600161428395,0.10973345824050078,2.083766187707534,-0.030739291161823456,0.7261798702392939,1.2579212919824385,-0.0005137164138032564,1.2584350083962417,0.0
317,6.34,idle,locomotion,1,17.21451546755625,-9.139408352445079,0.10973345824050078,2.083874435848798,-0.03067170950817868,0.7261718649178559,1.2579130790512534,-0.0005135302134729215,1.2584266092647263,0.0
318,6.36,idle,locomotion,1,17.24430763885047,-9.157216543461763,0.10973345824050078,2.0839778720850886,-0.030606361591043105,0.7261643577969833,1.257905415161959,-0.0005133554908343108,1.2584187706527934,0.0
319,6.38,idle,locomotion,1,17.274099810144687,-9.175024734478447,0.10973345824050078,2.084076638302769,-0.03054329767157239,0.7261573746095221,1.257898320226377,-0.0005131917049861212,1.258411511931363,0.0
320,6.4,idle,locomotion,1,17.303891981438905,-9.19283292549513,0.10973345824050078,2.084170895797209,-0.0304825668342465,0.7261509325757048,1.2578918052837615,-0.0005130379409243706,1.258404843224686,0.0
321,6.42,idle,locomotion,1,17.333684152733124,-9.210641116511814,0.10973345824050078,2.0842608289064795,-0.030424216203079633,0.7261450419214754,1.2578858747142436,-0.0005128931501275184,1.258398767864371,0.0
322,6.44,idle,locomotion,1,17.363476324027342,-9.228449307528498,0.10973345824050078,2.084346640064883,-0.030368288407187194,0.7261397089767738,1.2578805296670512,-0.0005127557815496411,1.2583932854486009,0.0
323,6.46,idle,locomotion,1,17.39326849532156,-9.246257498545182,0.10973345824050078,2.0844285439226162,-0.030314821345543214,0.7261349315632949,1.2578757632944555,-0.0005126249260094876,1.258388388220465,0.0
324,6.48,idle,locomotion,1,17.42306066661578,-9.264065689561866,0.10973345824050078,2.0845067619510336,-0.030263843585414174,0.7261307014084984,1.2578715627707466,-0.0005124992723621741,1.2583840620431088,0.0
325,6.5,idle,locomotion,1,17.452852837909997,-9.28187388057855,0.10973345824050078,2.084581517964163,-0.030215371820831966,0.7261270089566391,1.257867914207435,-0.0005123781549307253,1.2583802923623657,0.0
326,6.52,idle,locomotion,1,17.482645009204216,-9.299682071595234,0.10973345824050078,2.084653037496131,-0.0301694159991597,0.726123839448492,1.2578647988735314,-0.0005122605838150281,1.2583770594573465,0.0
327,6.54,idle,locomotion,1,17.512437180498434,-9.317490262611917,0.10973345824050078,2.0847215475186136,-0.030125977454789617,0.726121174115021,1.2578621941714898,-0.0005121458667011053,1.2583743400381908,0.0
328,6.56,idle,locomotion,1,17.542229351792653,-9.335298453628601,0.10973345824050078,2.0847872731006594,-0.030085046869383493,0.7261189899552427,1.25786007406787,-0.0005120333489663578,1.2583721074168364,0.0
329,6.58,idle,locomotion,1,17.57202152308687,-9.353106644645285,0.10973345824050078,2.0848504332029507,-0.030046603670910298,0.7261172614155555,1.2578584101764974,-0.0005119226109017126,1.258370332787399,0.0
330,6.6,idle,locomotion,1,17.60181369438109,-9.370914835661969,0.10973345824050078,2.084911241581219,-0.030010616898367738,0.7261159687612533,1.2578571800385419,-0.0005118136274908161,1.2583689936660327,0.0
331,6.62,idle,locomotion,1,17.631605865675308,-9.388723026678653,0.10973345824050078,2.0849699101109405,-0.02997704201535228,0.726115073725013,1.2578563449310587,-0.0005117090193011188,1.2583680539503599,0.0
332,6.64,idle,locomotion,1,17.661398036969526,-9.406531217695337,0.10973345824050078,2.085026681076829,-0.02994581124460607,0.7261144504800737,1.2578557827832386,-0.0005116136308544496,1.2583673964140931,0.0
333,6.66,idle,locomotion,1,17.691190208263745,-9.42433940871202,0.10973345824050078,2.0850817778430932,-0.029916839307612964,0.7261138667315777,1.2578552639385052,-0.0005115172866966208,1.2583667812252017,0.0
334,6.68,idle,locomotion,1,17.720982379557963,-9.442147599728704,0.10973345824050078,2.085135373348817,-0.029889994300140412,0.7261132158966648,1.2578546816224725,-0.0005114133310647438,1.2583660949535371,0.0
335,6.7,idle,locomotion,1,17.75077455085218,-9.459955790745388,0.10973345824050078,2.0851876000809697,-0.029865125061907593,0.7261124819377665,1.2578540179854212,-0.0005113024968466037,1.2583653204822678,0.0
336,6.72,idle,locomotion,1,17.7805667221464,-9.477763981762072,0.10973345824050078,2.085238571876931,-0.02984208992404196,0.7261116893985086,1.2578532948328112,-0.0005111885868809007,1.258364483419692,0.0
337,6.74,idle,locomotion,1,17.81035889344062,-9.495572172778756,0.10973345824050078,2.085288391054232,-0.029820748786880524,0.7261108810475133,1.2578525517523904,-0.0005110738956823971,1.2583636256480728,0.0
338,6.76,idle,locomotion,1,17.840151064734837,-9.51338036379544,0.10973345824050078,2.085337147791001,-0.029800958645266412,0.7261100985600192,1.2578518277209552,-0.0005109585168536317,1.2583627862378088,0.0
339,6.78,idle,locomotion,1,17.869943236029055,-9.531188554812124,0.10973345824050078,2.085384927125754,-0.029782572032570873,0.7261093842102293,1.2578511623895265,-0.0005108434611923139,1.2583620058507188,0.0
340,6.8,idle,locomotion,1,17.899735407323274,-9.548996745828807,0.10973345824050078,2.0854318094767605,-0.02976544017766479,0.7261087792098658,1.2578505955346,-0.0005107284758241806,1.258361324010424,0.0
341,6.82,idle,locomotion,1,17.929527578617492,-9.566804936845491,0.10973345824050078,2.0854778619767282,-0.029749412272166095,0.7261083145909247,1.2578501567697247,-0.0005106133647907948,1.2583607701345154,0.0
342,6.84,idle,locomotion,1,17.95931974991171,-9.584613127862175,0.10973345824050078,2.0855231435017103,-0.029734338426935396,0.7261080139807642,1.2578498682935957,-0.0005104986469024082,1.2583603669404981,0.0
343,6.86,idle,locomotion,1,17.98911192120593,-9.602421318878859,0.10973345824050078,2.0855677124946275,-0.029720073599454132,0.7261079016814792,1.2578497535309463,-0.0005103850146670023,1.2583601385456133,0.0
344,6.88,idle,locomotion,1,18.018904092500147,-9.620229509895543,0.10973345824050078,2.0856116205046797,-0.029706478965500927,0.7261079946677135,1.25784982915946,-0.0005102721302312867,1.2583601012896912,0.0
345,6.9,idle,locomotion,1,18.048696263794366,-9.638037700912227,0.10973345824050078,2.0856549111514386,-0.029693423540301037,0.7261082993247765,1.2578501008226233,-0.0005101601666337718,1.258360260989257,0.0
346,6.92,idle,locomotion,1,18.078488435088584,-9.65584589192891,0.10973345824050078,2.085697624808886,-0.029680786740347978,0.7261088166459125,1.2578505688320059,-0.000510049315620275,1.2583606181476261,0.0
347,6.94,idle,locomotion,1,18.108280606382802,-9.673654082945594,0.10973345824050078,2.0857398031815766,-0.029668459553895955,0.7261095489673285,1.257851234994166,-0.0005099399796570994,1.258361174973823,0.0
348,6.96,idle,locomotion,1,18.13807277767702,-9.691462273962278,0.10973345824050078,2.085781485649192,-0.029656344541786325,0.7261104921431474,1.2578520953749754,-0.0005098317213655633,1.258361927096341,0.0
349,6.98,idle,locomotion,1,18.16786494897124,-9.709270464978962,0.10973345824050078,2.085822706748459,-0.02964435825770638,0.7261116204831939,1.257853124999999,-0.0005097233308842541,1.258362848330883,0.0
350,7.0,idle,locomotion,1,18.197657120265458,-9.727078655995646,0.10973345824050078,2.0858634978707773,-0.02963244475423424,0.7261128659559856,1.2578542556995833,-0.000509614531453987,1.2583638702310374,0.0
351,7.02,idle,locomotion,1,18.227449291559676,-9.74488684701233,0.10973345824050078,2.0859038956009037,-0.029620573804112274,0.7261141937372093,1.2578554511971543,-0.0005095071672541161,1.2583649583644083,0.0
352,7.04,idle,locomotion,1,18.257241462853894,-9.762695038029014,0.10973345824050078,2.0859439394673673,-0.02960873090537833,0.7261155923102535,1.2578566985595072,-0.000509401074017618,1.2583660996335249,0.0
353,7.06,idle,locomotion,1,18.287033634148113,-9.780503229045697,0.10973345824050078,2.0859836674196512,-0.029596911387576086,0.7261170548012903,1.257857989319115,-0.0005092955818572741,1.2583672849009724,0.0
354,7.08,idle,locomotion,1,18.31682580544233,-9.798311420062381,0.10973345824050078,2.0860231212497884,-0.029585108008596095,0.7261185808525544,1.2578593222701233,-0.0005091903216030771,1.2583685125917263,0.0
355,7.1,idle,locomotion,1,18.34661797673655,-9.816119611079065,0.10973345824050078,2.0860623466207078,-0.02957330897601252,0.7261201726050063,1.2578607004383464,-0.0005090850515409966,1.2583697854898874,0.0
356,7.12,idle,locomotion,1,18.376410148030768,-9.833927802095749,0.10973345824050078,2.086101384434968,-0.029561503021755656,0.7261218287649456,1.2578621238890015,-0.000508979888858254,1.2583711037778598,0.0
357,7.14,idle,locomotion,1,18.406202319324986,-9.851735993112433,0.10973345824050078,2.086140269522994,-0.029549679253667523,0.7261235482415955,1.2578635925529915,-0.0005088749022309144,1.2583724674552224,0.0
358,7.16,idle,locomotion,1,18.435994490619205,-9.869544184129117,0.10973345824050078,2.086179037086638,-0.029537826937735216,0.72612533245637,1.257865109466969,-0.0005087701734120369,1.2583738796403812,0.0
359,7.18,idle,locomotion,1,18.465786661913423,-9.8873523751458,0.10973345824050078,2.0862177215090907,-0.029525936736235853,0.7261271822466278,1.2578666777246137,-0.0005086655941003888,1.2583753433187141,0.0
360,7.2,idle,locomotion,1,18.49557883320764,-9.905160566162484,0.10973345824050078,2.0862563488380705,-0.02951400588472815,0.7261290958410063,1.2578682970669588,-0.0005085612361651129,1.2583768583031238,0.0
361,7.22,idle,locomotion,1,18.52537100450186,-9.922968757179168,0.10973345824050078,2.086294938066385,-0.02950203532069522,0.7261310712846115,1.2578699659966222,-0.000508457051361353,1.2583784230479835,0.0
362,7.24,idle,locomotion,1,18.55516317579608,-9.940776948195852,0.10973345824050078,2.0863335040533686,-0.029490021885158587,0.7261331043547737,1.25787168114718,-0.0005083531605813048,1.2583800343077614,0.0
363,7.26,idle,locomotion,1,18.584955347090297,-9.958585139212536,0.10973345824050078,2.0863720646085153,-0.02947796417198469,0.7261351952435741,1.2578734436193146,-0.0005082498843078827,1.2583816935036225,0.0
364,7.28,idle,locomotion,1,18.614747518384515,-9.97639333022922,0.10973345824050078,2.086410638280369,-0.029465862720165225,0.7261373432362721,1.2578752543585145,-0.0005081468357196021,1.258383401194234,0.0
365,7.3,idle,locomotion,1,18.644539689678734,-9.994201521245904,0.10973345824050078,2.086449235030012,-0.02945371905392069,0.7261395428310025,1.2578771088819605,-0.0005080441363740675,1.2583851530183345,0.0
366,7.32,idle,locomotion,1,18.674331860972952,-10.012009712262588,0.10973345824050078,2.086487861382312,-0.02944153696039891,0.7261417910127013,1.2578790043950414,-0.0005079418936668051,1.2583869462887083,0.0
367,7.34,idle,locomotion,1,18.70412403226717,-10.029817903279271,0.10973345824050078,2.086526524648207,-0.029429318304687965,0.7261440860941135,1.257880939972751,-0.0005078400190557004,1.2583887799918068,0.0
368,7.36,idle,locomotion,1,18.73391620356139,-10.047626094295955,0.10973345824050078,2.0865652279372844,-0.029417068297217536,0.7261464227994553,1.2578829108394185,-0.0005077386282523466,1.2583906494676709,0.0
369,7.38,idle,locomotion,1,18.763708374855607,-10.065434285312639,0.10973345824050078,2.086603986302755,-0.029404825148985472,0.7261487980896991,1.2578849134737753,-0.0005076391482317991,1.258392552622007,0.0
370,7.4,idle,locomotion,1,18.793500546149826,-10.083242476329323,0.10973345824050078,2.086642820836638,-0.029392634816435302,0.7261512103360156,1.2578869465109077,-0.0005075418612085596,1.2583944883721163,0.0
371,7.42,idle,locomotion,1,18.823292717444044,-10.101050667346007,0.10973345824050078,2.086681744740324,-0.029380538765112162,0.7261536547100689,1.257889005235303,-0.0005074456726392208,1.2583964509079422,0.0
372,7.44,idle,locomotion,1,18.853084888738262,-10.11885885836269,0.10973345824050078,2.0867207561287144,-0.0293685567798471,0.7261561356876683,1.2578910933613898,-0.0005073893686090743,1.258398482729999,0.0
373,7.46,idle,locomotion,1,18.88287706003248,-10.136667049379374,0.10973345824050078,2.086759866693015,-0.02935671959305995,0.7261586424611863,1.2578932012613273,-0.000507329404058874,1.2584005306653863,0.0
374,7.48,idle,locomotion,1,18.9126692313267,-10.154475240396058,0.10973345824050078,2.086799080791777,-0.029345042751617225,0.7261611754515116,1.2578953288811687,-0.0005072615072843623,1.258402590388453,0.0
375,7.5,idle,locomotion,1,18.942461402620918,-10.172283431412742,0.10973345824050078,2.086838396888541,-0.029333535905274235,0.7261637349063452,1.2578974784281254,-0.0005072138777042143,1.2584046923058296,0.0
376,7.52,idle,locomotion,1,18.972253573915136,-10.190091622429426,0.10973345824050078,2.0868778154812815,-0.02932221344328281,0.7261663174328088,1.2578996462259568,-0.000507170357097738,1.2584068165830546,0.0
377,7.54,idle,locomotion,1,19.002045745209355,-10.20789981344611,0.10973345824050078,2.0869173318341243,-0.029311079452078597,0.7261689235903224,1.2579018321526982,-0.0005071224079770502,1.2584089545606754,0.0
378,7.56,idle,locomotion,1,19.031837916503573,-10.225708004462794,0.10973345824050078,2.0869569397413468,-0.02930013294967802,0.7261715528084255,1.2579040360719442,-0.0005070754164329949,1.2584111114883771,0.0
379,7.58,idle,locomotion,1,19.06163008779779,-10.243516195479478,0.10973345824050078,2.08699663815558,-0.029289378313264582,0.7261742012270678,1.257906255427092,-0.0005070265933745828,1.2584132820204665,0.0
380,7.6,idle,locomotion,1,19.09142225909201,-10.261324386496161,0.10973345824050078,2.087036406927147,-0.029278810130660828,0.7261768659215273,1.257908486982009,-0.0005069986030561968,1.258415485585065,0.0
381,7.62,idle,locomotion,1,19.121214430386228,-10.279132577512845,0.10973345824050078,2.087076240025677,-0.029268431128968285,0.72617954265212,1.2579107236270703,-0.0005069463916108803,1.2584176700186813,0.0
382,7.64,idle,locomotion,1,19.151006601680447,-10.296940768529529,0.10973345824050078,2.0871161394718514,-0.029258232586503462,0.7261822355899944,1.2579129735856938,-0.0005068942223316018,1.2584198678080254,0.0
383,7.66,idle,locomotion,1,19.180798772974665,-10.314748959546213,0.10973345824050078,2.0871560928867567,-0.029248198807062174,0.7261849461155928,1.257915237627012,-0.0005068533065133753,1.2584220909335253,0.0
384,7.68,idle,locomotion,1,19.210590944268883,-10.332557150562897,0.10973345824050078,2.0871960943794026,-0.029238327530436047,0.7261876712797926,1.2579175127356081,-0.0005068098293345528,1.2584243225649427,0.0
385,7.7,idle,locomotion,1,19.2403831155631,-10.35036534157958,0.10973345824050078,2.087236132953725,-0.02922861014372547,0.7261904078471657,1.2579197964774003,-0.0005067673450069414,1.2584265638224073,0.0
386,7.72,idle,locomotion,1,19.27017528685732,-10.368173532596265,0.10973345824050078,2.08727619454079,-0.02921903634144405,0.7261931526882706,1.2579220853530633,-0.0005067236669208421,1.2584288090199842,0.0
387,7.74,idle,locomotion,1,19.29996745815154,-10.385981723612948,0.10973345824050078,2.087316252360056,-0.029209576637298687,0.7261959097780414,1.2579243824038833,-0.0005067056134711312,1.2584310880173544,0.0
388,7.76,idle,locomotion,1,19.329759629445757,-10.403789914629632,0.10973345824050078,2.0873563179132666,-0.029200245094104595,0.7261986740307315,1.257926682211569,-0.0005066613136484738,1.2584333435252173,0.0
389,7.78,idle,locomotion,1,19.359551800739975,-10.421598105646316,0.10973345824050078,2.0873963794064747,-0.02919102352795956,0.7262014450014086,1.257928985855883,-0.000506611139617634,1.2584355969955008,0.0
390,7.8,idle,locomotion,1,19.389343972034194,-10.439406296663,0.10973345824050078,2.087436418348526,-0.029181889127101658,0.7262042227803746,1.257931293872422,-0.000506581826749633,1.2584378756991716,0.0
391,7.82,idle,locomotion,1,19.419136143328412,-10.457214487679684,0.10973345824050078,2.087476433467786,-0.029172843129306257,0.7262070048209498,1.2579336016378466,-0.00050653002824513,1.2584401316660918,0.0
392,7.84,idle,locomotion,1,19.44892831462263,-10.475022678696368,0.10973345824050078,2.087516410386138,-0.029163865733989956,0.7262097933474776,1.2579359143947437,-0.0005065076055261013,1.25844242200027,0.0
393,7.86,idle,locomotion,1,19.47872048591685,-10.492830869713051,0.10973345824050078,2.0875563494675777,-0.029154964814215062,0.7262125810649054,1.2579382218433477,-0.0005064610457418059,1.2584446828890894,0.0
394,7.88,idle,locomotion,1,19.508512657211067,-10.510639060729735,0.10973345824050078,2.0875962430897763,-0.029146128583112135,0.7262153701374878,1.257940528772015,-0.0005064232594493949,1.2584469520314643,0.0
395,7.9,idle,locomotion,1,19.538304828505286,-10.52844725174642,0.10973345824050078,2.0876360842452235,-0.029137352908300017,0.7262181591951173,1.2579428323470718,-0.0005063815161173539,1.258449213863189,0.0
396,7.92,idle,locomotion,1,19.568096999799504,-10.546255442763103,0.10973345824050078,2.087675861252425,-0.029128628399865304,0.7262209491159597,1.2579451338758936,-0.0005063518627937517,1.2584514857386873,0.0
397,7.94,idle,locomotion,1,19.597889171093723,-10.564063633779787,0.10973345824050078,2.08771557433849,-0.029119957523846707,0.7262237373529791,1.2579474300191753,-0.0005063108733890237,1.2584537408925642,0.0
398,7.96,idle,locomotion,1,19.62768134238794,-10.58187182479647,0.10973345824050078,2.0877552188823216,-0.029111334508486332,0.7262265250043566,1.257949722311113,-0.0005062703850413595,1.2584559926961543,0.0
399,7.98,idle,locomotion,1,19.65747351368216,-10.599680015813155,0.10973345824050078,2.087794798349136,-0.029102767611999692,0.7262293077530881,1.2579520080196067,-0.0005062340232147022,1.2584582420428214,0.0
400,8.0,idle,locomotion,1,19.687265684976378,-10.617488206829838,0.10973345824050078,2.08783430591466,-0.02909425457486672,0.7262320883814057,1.257954287270557,-0.0005061973864762155,1.258460484657033,0.0
401,8.02,idle,locomotion,1,19.717057856270596,-10.635296397846522,0.10973345824050078,2.087873753028972,-0.02908580364061479,0.7262348665135822,1.2579565634159702,-0.0005061662735697629,1.2584627296895399,0.0
402,8.04,idle,locomotion,1,19.746850027564815,-10.653104588863206,0.10973345824050078,2.087913127709569,-0.029077405787188225,0.7262376458466973,1.2579588367820849,-0.0005061386388621747,1.2584649754209472,0.0
403,8.06,idle,locomotion,1,19.776642198859033,-10.67091277987989,0.10973345824050078,2.087952441061083,-0.02906907897562196,0.7262404206391476,1.2579611042734284,-0.0005060979705257089,1.2584672022439543,0.0
404,8.08,idle,locomotion,1,19.80643437015325,-10.688720970896574,0.10973345824050078,2.0879916920150086,-0.02906082581420002,0.7262431905368057,1.2579633641283132,-0.0005060403411685892,1.2584694044694817,0.0
405,8.1,idle,locomotion,1,19.83622654144747,-10.706529161913258,0.10973345824050078,2.0880308656783555,-0.029052629438559505,0.7262459605517332,1.2579656225905045,-0.0005060184131956622,1.2584716410037002,0.0
406,8.12,idle,locomotion,1,19.86601871274169,-10.724337352929942,0.10973345824050078,2.0880699778458816,-0.02904451577160833,0.7262487235806916,1.2579678719509426,-0.0005059785981504292,1.258473850549093,0.0
407,8.14,idle,locomotion,1,19.895810884035907,-10.742145543946625,0.10973345824050078,2.088109011946569,-0.029036470205897953,0.7262514823705627,1.257970113534662,-0.0005059413531745063,1.2584760548878364,0.0
408,8.16,idle,locomotion,1,19.925603055330125,-10.75995373496331,0.10973345824050078,2.088147978649642,-0.029028507290146912,0.7262542326934909,1.257972345721824,-0.0005059035457131399,1.258478249267537,0.0
409,8.18,idle,locomotion,1,19.955395226624344,-10.777761925979993,0.10973345824050078,2.088186866039859,-0.02902061302178738,0.7262569821340535,1.2579745736061927,-0.0005058782069576155,1.2584804518131503,0.0
410,8.2,idle,locomotion,1,19.985187397918562,-10.795570116996677,0.10973345824050078,2.088225685916043,-0.029012804811134166,0.7262597260051218,1.257976793696329,-0.0005058312984819562,1.2584826249948111,0.0
411,8.22,idle,locomotion,1,20.01497956921278,-10.81337830801336,0.10973345824050078,2.0882644261662846,-0.029005074524308228,0.7262624762070433,1.2579790171540643,-0.0005058009252664787,1.2584848180793309,0.0
412,8.24,idle,locomotion,1,20.044771740507,-10.831186499030045,0.10973345824050078,2.0883031049901195,-0.02899744440118354,0.7262652223787358,1.2579812358088833,-0.0005057630171048932,1.2584869988259881,0.0
413,8.26,idle,locomotion,1,20.074563911801217,-10.848994690046728,0.10973345824050078,2.088341707947874,-0.028989895322211447,0.7262679669129125,1.2579834503738911,-0.000505731945627818,1.258489182319519,0.0
414,8.28,idle,locomotion,1,20.104356083095436,-10.866802881063412,0.10973345824050078,2.0883802398817646,-0.02898243610953605,0.7262707045336512,1.2579856583419582,-0.0005056999067557487,1.2584913582487138,0.0
415,8.3,idle,locomotion,1,20.134148254389654,-10.884611072080096,0.10973345824050078,2.0884186902804656,-0.028975056738919234,0.7262734399171036,1.257987859905756,-0.0005056601576815117,1.2584935200634375,0.0
416,8.32,idle,locomotion,1,20.163940425683872,-10.90241926309678,0.10973345824050078,2.0884570567348106,-0.028967754345895082,0.7262761709345851,1.2579900564179325,-0.0005056301130035613,1.258495686530936,0.0
417,8.34,idle,locomotion,1,20.19373259697809,-10.920227454113464,0.10973345824050078,2.088495343703265,-0.028960534279813436,0.7262788932695794,1.2579922428239474,-0.0005055952806720873,1.2584978381046195,0.0
418,8.36,idle,locomotion,1,20.22352476827231,-10.938035645130148,0.10973345824050078,2.0885335432502243,-0.028953390317559793,0.726281611858794,1.2579944235339853,-0.0005055659423190279,1.2584999894763043,0.0
419,8.38,idle,locomotion,1,20.253316939566528,-10.955843836146832,0.10973345824050078,2.088571649265696,-0.028946316084880724,0.7262843287633646,1.2579965990932367,-0.0005055375858594238,1.258502136679096,0.0
420,8.4,idle,locomotion,1,20.283109110860746,-10.973652027163515,0.10973345824050078,2.0886096679942887,-0.028939317547144842,0.7262870400891979,1.2579987675739517,-0.0005055046130822485,1.2585042721870339,0.0
421,8.42,idle,locomotion,1,20.312901282154964,-10.9914602181802,0.10973345824050078,2.0886476029926127,-0.028932391736057,0.7262897457183853,1.2580009291990075,-0.0005054711807700625,1.2585064003797777,0.0
422,8.44,idle,locomotion,1,20.342693453449183,-11.009268409196883,0.10973345824050078,2.088685459791593,-0.02892554232981743,0.7262924464861902,1.2580030850849409,-0.0005054377153076751,1.2585085228002486,0.0
423,8.46,idle,locomotion,1,20.3724856247434,-11.027076600213567,0.10973345824050078,2.088723234748099,-0.028918768632715003,0.726295143670042,1.258005236054346,-0.0005054060817728835,1.258510642136119,0.0
424,8.48,idle,locomotion,1,20.40227779603762,-11.04488479123025,0.10973345824050078,2.088760920410983,-0.028912066030230707,0.7262978359316754,1.2580073798684042,-0.0005053740836485944,1.2585127539520529,0.0
425,8.5,idle,locomotion,1,20.432069967331838,-11.062692982246935,0.10973345824050078,2.0887985194061267,-0.02890543462774433,0.7263005216332347,1.258009515375303,-0.0005053421694383026,1.2585148575447413,0.0
426,8.52,idle,locomotion,1,20.461862138626056,-11.080501173263618,0.10973345824050078,2.0888360334839446,-0.02889887105327175,0.7263032049150067,1.2580116464507998,-0.0005053141402052881,1.2585169605910052,0.0
427,8.54,idle,locomotion,1,20.491654309920275,-11.098309364280302,0.10973345824050078,2.088873468593414,-0.028892379094666028,0.7263058812021119,1.2580137699741842,-0.0005052851412160712,1.2585190551154004,0.0
428,8.56,idle,locomotion,1,20.521446481214493,-11.116117555296986,0.10973345824050078,2.088910820245241,-0.028885954693188987,0.72630855374048,1.2580158868186275,-0.0005052490360616703,1.2585211358546893,0.0
429,8.58,idle,locomotion,1,20.55123865250871,-11.13392574631367,0.10973345824050078,2.0889480875674784,-0.028879596221772292,0.7263112212162777,1.258017997073653,-0.0005052206633478738,1.2585232177370007,0.0
430,8.6,idle,locomotion,1,20.58103082380293,-11.151733937330354,0.10973345824050078,2.0889852815061998,-0.02887331142351669,0.7263138829713337,1.258020100092102,-0.0005051868015796511,1.2585252868936818,0.0
431,8.62,idle,locomotion,1,20.61082299509715,-11.169542128347038,0.10973345824050078,2.089022400281807,-0.028867092604848373,0.7263165415918447,1.2580221989963383,-0.0005051630239082394,1.2585273620202466,0.0
432,8.64,idle,locomotion,1,20.640615166391367,-11.187350319363722,0.10973345824050078,2.089059447446667,-0.028860944682512192,0.7263191949837694,1.2580242913077018,-0.000505131542835182,1.258529422850537,0.0
433,8.66,idle,locomotion,1,20.670407337685585,-11.205158510380405,0.10973345824050078,2.0890964143126363,-0.028854856934966474,0.7263218483117065,1.258026380668093,-0.0005051064423102838,1.2585314871104032,0.0
434,8.68,idle,locomotion,1,20.700199508979804,-11.22296670139709,0.10973345824050078,2.0891333110345203,-0.028848839217279876,0.7263244955861681,1.2580284630365475,-0.0005050721591577448,1.2585335351957052,0.0
435,8.7,idle,locomotion,1,20.729991680274022,-11.240774892413773,0.10973345824050078,2.0891701367131748,-0.02884288929080274,0.7263271374137564,1.2580305382707213,-0.0005050395386289562,1.2585355778093503,0.0
436,8.72,idle,locomotion,1,20.75978385156824,-11.258583083430457,0.10973345824050078,2.0892068843103506,-0.02883699623860185,0.7263297780409711,1.2580326099593795,-0.0005050176941697286,1.2585376276535492,0.0
437,8.74,idle,locomotion,1,20.78957602286246,-11.27639127444714,0.10973345824050078,2.089243565807109,-0.028831172908513458,0.7263324144734459,1.2580346758770389,-0.000504985498536812,1.2585396613755757,0.0
438,8.76,idle,locomotion,1,20.819368194156677,-11.294199465463825,0.10973345824050078,2.089280175705231,-0.02882541055507935,0.7263350483942649,1.2580367371130499,-0.0005049550745708647,1.2585416921876207,0.0
439,8.78,idle,locomotion,1,20.849160365450896,-11.312007656480509,0.10973345824050078,2.0893167186901236,-0.028819712098740232,0.7263376782727518,1.2580387930154215,-0.0005049280304272076,1.2585437210458488,0.0
440,8.8,idle,locomotion,1,20.878952536745114,-11.329815847497192,0.10973345824050078,2.089353200869822,-0.028814082198286843,0.7263403038494669,1.258040843291578,-0.0005048970219290599,1.258545740313507,0.0
441,8.82,idle,locomotion,1,20.908744708039332,-11.347624038513876,0.10973345824050078,2.089389613570712,-0.028808509332284033,0.7263429264479732,1.2580428882164643,-0.0005048687928428698,1.258547757009307,0.0
442,8.84,idle,locomotion,1,20.93853687933355,-11.36543222953056,0.10973345824050078,2.089425964772267,-0.028803000894450002,0.7263455407905619,1.258044925000406,-0.0005048436760157239,1.2585497686764218,0.0
443,8.86,idle,locomotion,1,20.96832905062777,-11.383240420547244,0.10973345824050078,2.089462256005966,-0.0287975555254393,0.726348150769481,1.2580469556463771,-0.000504810184200611,1.2585517658305778,0.0
444,8.88,idle,locomotion,1,20.998121221921988,-11.401048611563928,0.10973345824050078,2.089498477638854,-0.028792161996781515,0.7263507596122434,1.2580489835323005,-0.0005047886122309768,1.2585537721445315,0.0
445,8.9,idle,locomotion,1,21.027913393216206,-11.418856802580612,0.10973345824050078,2.089534637098429,-0.028786829922293387,0.7263533642894938,1.2580510058765617,-0.0005047591395148897,1.2585557650160766,0.0
446,8.92,idle,locomotion,1,21.057705564510425,-11.436664993597295,0.10973345824050078,2.089570739172553,-0.028781566733212367,0.7263559625580566,1.2580530203958558,-0.0005047138929386331,1.2585577342887944,0.0
447,8.94,idle,locomotion,1,21.087497735804643,-11.45447318461398,0.10973345824050078,2.08960676477571,-0.028776349091048634,0.7263585598015547,1.2580550318576926,-0.0005046990795918964,1.2585597309372845,0.0
448,8.96,idle,locomotion,1,21.11728990709886,-11.472281375630663,0.10973345824050078,2.089642727741419,-0.028771190597705807,0.7263611515179128,1.2580570364154984,-0.0005046785811451994,1.2585617149966435,0.0
449,8.98,idle,locomotion,1,21.14708207839308,-11.490089566647347,0.10973345824050078,2.0896786369665077,-0.02876610098926177,0.726363735838706,1.2580590328594736,-0.0005046401618969895,1.2585636730213705,0.0
450,9.0,idle,locomotion,1,21.176874249687298,-11.507897757664031,0.10973345824050078,2.089714476243901,-0.028761060586079402,0.7263663201541989,1.2580610261890972,-0.0005046098985092562,1.2585656360876065,0.0
451,9.02,idle,locomotion,1,21.206666420981517,-11.525705948680715,0.10973345824050078,2.0897502525057554,-0.02875607752921524,0.7263688989283886,1.2580630134506665,-0.0005045852814517214,1.2585675987321183,0.0
452,9.04,idle,locomotion,1,21.236458592275735,-11.543514139697399,0.10973345824050078,2.0897859681925746,-0.02875115392222825,0.7263714719505728,1.258064993611901,-0.0005045638599162003,1.2585695574718172,0.0
453,9.06,idle,locomotion,1,21.266250763569953,-11.561322330714082,0.10973345824050078,2.0898216324713266,-0.028746301268179116,0.7263740472294248,1.258066973873761,-0.0005045339232323774,1.2585715077969934,0.0
454,9.08,idle,locomotion,1,21.29604293486417,-11.579130521730766,0.10973345824050078,2.0898572562463076,-0.02874153678012476,0.726376621729787,1.2580689531720464,-0.0005044982303934707,1.2585734514024398,0.0
455,9.1,idle,locomotion,1,21.32583510615839,-11.59693871274745,0.10973345824050078,2.0898928213313703,-0.028736838290934947,0.7263791951304849,1.2580709302795046,-0.0005044824164337908,1.2585754126959383,0.0
456,9.12,idle,locomotion,1,21.35562727745261,-11.614746903764134,0.10973345824050078,2.0899283342179875,-0.028732217594321156,0.7263817657468821,1.2580729015651817,-0.0005044519151290797,1.2585773534803109,0.0
457,9.14,idle,locomotion,1,21.385419448746827,-11.632555094780818,0.10973345824050078,2.0899637980551313,-0.0287276723953204,0.7263843328339332,1.2580748686376177,-0.0005044193719563154,1.258579288009574,0.0
458,9.16,idle,locomotion,1,21.415211620041045,-11.650363285797502,0.10973345824050078,2.0899992095767375,-0.028723194739647455,0.7263868942250009,1.2580768294807951,-0.0005043969337137043,1.2585812264145089,0.0
459,9.18,idle,locomotion,1,21.445003791335264,-11.668171476814186,0.10973345824050078,2.090034574475928,-0.028718794060779464,0.7263894500978536,1.2580787844801347,-0.0005043678267295584,1.2585831523068642,0.0
460,9.2,idle,locomotion,1,21.474795962629482,-11.68597966783087,0.10973345824050078,2.0900698859848443,-0.02871446283942875,0.7263920041209883,1.2580807356066592,-0.0005043472576434921,1.2585850828643028,0.0
461,9.22,idle,locomotion,1,21.5045881339237,-11.703787858847553,0.10973345824050078,2.090105138543267,-0.028710196712997446,0.726394554691287,1.2580826828054172,-0.0005043216644407336,1.258587004469858,0.0
462,9.24,idle,locomotion,1,21.53438030521792,-11.721596049864237,0.10973345824050078,2.0901403361901045,-0.028706002244467167,0.7263971016275458,1.2580846228877214,-0.0005042859531825088,1.258588908840904,0.0
463,9.26,idle,locomotion,1,21.564172476512137,-11.739404240880921,0.10973345824050078,2.0901754778831454,-0.02870187689909189,0.7263996452090223,1.25808656010792,-0.0005042699801301315,1.2585908300880502,0.0
464,9.28,idle,locomotion,1,21.593964647806356,-11.757212431897605,0.10973345824050078,2.090210565612889,-0.02869782036617364,0.7264021873763773,1.2580884921786981,-0.0005042417924341763,1.2585927339711322,0.0
465,9.3,idle,locomotion,1,21.623756819100574,-11.775020622914289,0.10973345824050078,2.0902455878364243,-0.028693816532742233,0.7264047227110995,1.2580904148568572,-0.0005042165642657019,1.258594631421123,0.0
466,9.32,idle,locomotion,1,21.653548990394793,-11.792828813930972,0.10973345824050078,2.0902805605937202,-0.028689882797453176,0.7264072515471959,1.2580923328945413,-0.0005041827845068021,1.258596515679048,0.0
467,9.34,idle,locomotion,1,21.68334116168901,-11.810637004947656,0.10973345824050078,2.090315476667247,-0.028686005138451504,0.7264097785224805,1.25809424507763,-0.0005041630450805488,1.2585984081227106,0.0
468,9.36,idle,locomotion,1,21.71313333298323,-11.82844519596434,0.10973345824050078,2.0903503461928863,-0.02868219604729195,0.726412299819443,1.258096153844373,-0.0005041347739323972,1.2586002886183052,0.0
469,9.38,idle,locomotion,1,21.742925504277448,-11.846253386981024,0.10973345824050078,2.090385154090549,-0.02867843678033643,0.7264148178317609,1.2580980558329633,-0.0005041094956336825,1.258602165328597,0.0
470,9.4,idle,locomotion,1,21.772717675571666,-11.864061577997708,0.10973345824050078,2.0904199099945298,-0.028674742620007663,0.7264173306447838,1.2580999528043673,-0.0005040763738049167,1.2586040291781722,0.0
471,9.42,idle,locomotion,1,21.802509846865885,-11.881869769014392,0.10973345824050078,2.0904546080285025,-0.02867110243468407,0.7264198423423713,1.2581018461547744,-0.0005040508097759015,1.2586058969645504,0.0
472,9.44,idle,locomotion,1,21.832302018160103,-11.899677960031076,0.10973345824050078,2.0904892454657054,-0.02866751079277264,0.7264223468123646,1.2581037328094142,-0.0005040259718428371,1.258607758781257,0.0
473,9.46,idle,locomotion,1,21.86209418945432,-11.91748615104776,0.10973345824050078,2.090523823513501,-0.02866396955266237,0.7264248471929643,1.2581056131004602,-0.0005039942086118854,1.258609607309072,0.0
474,9.48,idle,locomotion,1,21.89188636074854,-11.935294342064443,0.10973345824050078,2.0905583330552346,-0.02866046203108536,0.726427346768475,1.2581074917992363,-0.0005039813768134387,1.2586114731760498,0.0
475,9.5,idle,locomotion,1,21.92167853204276,-11.953102533081127,0.10973345824050078,2.0905927893222698,-0.02865700890878704,0.7264298386880014,1.2581093623354396,-0.0005039444924797645,1.2586133068279193,0.0
476,9.52,idle,locomotion,1,21.951470703336977,-11.970910724097811,0.10973345824050078,2.090627175401005,-0.028653591344352258,0.7264323250482722,1.258111225774276,-0.0005039163256439806,1.2586151420999199,0.0
477,9.54,idle,locomotion,1,21.981262874631195,-11.988718915114495,0.10973345824050078,2.0906614922117392,-0.028650209817093764,0.7264348126389202,1.2581130875403772,-0.0005039047612732661,1.2586169923016506,0.0
478,9.56,idle,locomotion,1,22.011055045925414,-12.006527106131179,0.10973345824050078,2.0906957625426843,-0.028646890438791046,0.7264372902916144,1.2581149400064922,-0.0005038531159498698,1.258618793122442,0.0
479,9.58,idle,locomotion,1,22.040847217219632,-12.024335297147863,0.10973345824050078,2.0907299554724847,-0.02864359072045044,0.7264397672623006,1.2581167889400473,-0.0005038442097238215,1.2586206331497711,0.0
480,9.6,idle,locomotion,1,22.07063938851385,-12.042143488164546,0.10973345824050078,2.0907640894470227,-0.028640332702464494,0.7264422370429913,1.2581186310860433,-0.0005038166616064405,1.2586224477476498,0.0
481,9.62,idle,locomotion,1,22.10043155980807,-12.05995167918123,0.10973345824050078,2.090798168113474,-0.02863712303808283,0.7264447003978651,1.2581204643239496,-0.0005037760500565362,1.2586242403740062,0.0
482,9.64,idle,locomotion,1,22.130223731102287,-12.077759870197914,0.10973345824050078,2.090832193999484,-0.028633960320477127,0.7264471588886505,1.2581222920523798,-0.0005037298543948202,1.2586260219067746,0.0
483,9.66,idle,locomotion,1,22.160015902396506,-12.095568061214598,0.10973345824050078,2.0908661684626937,-0.02863084182117272,0.7264496135011754,1.2581241147885847,-0.0005036814789530254,1.2586277962675376,0.0
484,9.68,idle,locomotion,1,22.189808073690724,-12.113376252231282,0.10973345824050078,2.090900090153396,-0.028627769110526034,0.7264520654299323,1.258125934539539,-0.0005036321255651593,1.2586295666651042,0.0
485,9.7,idle,locomotion,1,22.219600244984942,-12.131184443247966,0.10973345824050078,2.0909339572205665,-0.028624740852519866,0.7264545124621276,1.2581277467940803,-0.0005035829070274486,1.2586313297011078,0.0
486,9.72,idle,locomotion,1,22.24939241627916,-12.14899263426465,0.10973345824050078,2.090967771230741,-0.02862175619814216,0.7264569540567394,1.2581295537931294,-0.0005035338853127333,1.2586330876784422,0.0
487,9.74,idle,locomotion,1,22.27918458757338,-12.166800825281333,0.10973345824050078,2.091001531254265,-0.028618813241425883,0.7264593883082802,1.258131351807173,-0.0005034849465174983,1.2586348367536906,0.0
488,9.76,idle,locomotion,1,22.308976758867598,-12.184609016298017,0.10973345824050078,2.0910352378925325,-0.028615914395732914,0.7264618173094674,1.2581331426666338,-0.0005034361986527326,1.2586365788652865,0.0
489,9.78,idle,locomotion,1,22.338768930161816,-12.202417207314701,0.10973345824050078,2.0910688909447113,-0.02861305881558714,0.7264642415050939,1.2581349276963554,-0.0005033875887559096,1.2586383152851113,0.0
490,9.8,idle,locomotion,1,22.368561101456034,-12.220225398331385,0.10973345824050078,2.0911024932753177,-0.02861024512997093,0.7264666608938656,1.2581367062572923,-0.0005033393249665279,1.2586400455822588,0.0
491,9.82,idle,locomotion,1,22.398353272750253,-12.238033589348069,0.10973345824050078,2.0911360449877625,-0.028607470294679187,0.7264690718671514,1.258138475929831,-0.0005032912601867882,1.2586417671900179,0.0
492,9.84,idle,locomotion,1,22.42814544404447,-12.255841780364753,0.10973345824050078,2.091169548830848,-0.028604738910432557,0.7264714803844003,1.2581402421023977,-0.0005032430917210999,1.2586434851941188,0.0
493,9.86,idle,locomotion,1,22.45793761533869,-12.273649971381436,0.10973345824050078,2.0912030033782765,-0.028602047236005873,0.7264738817481099,1.258141999813571,-0.0005031951495640882,1.258645194963135,0.0
494,9.88,idle,locomotion,1,22.487729786632908,-12.29145816239812,0.10973345824050078,2.0912364076120853,-0.02859939531927836,0.7264762764143311,1.258143750979394,-0.0005031473582554069,1.2586468983376493,0.0
495,9.9,idle,locomotion,1,22.517521957927126,-12.309266353414804,0.10973345824050078,2.0912697615909015,-0.028596783322598497,0.7264786641712,1.258145492579068,-0.000503099757236225,1.2586485923363042,0.0
496,9.92,idle,locomotion,1,22.547314129221345,-12.327074544431488,0.10973345824050078,2.0913030671861748,-0.02859421262633437,0.7264810492329306,1.2581472291676752,-0.0005030521415569852,1.2586502813092322,0.0
497,9.94,idle,locomotion,1,22.577106300515563,-12.344882735448172,0.10973345824050078,2.0913363215966805,-0.028591675223192718,0.7264834256521306,1.2581489579047105,-0.0005030052354199656,1.2586519631401305,0.0
498,9.96,idle,locomotion,1,22.60689847180978,-12.362690926464856,0.10973345824050078,2.0913695267857872,-0.0285891762666612,0.7264857984668189,1.2581506816200685,-0.000502957939391948,1.2586536395594605,0.0
499,9.98,idle,locomotion,1,22.636690643104,-12.38049911748154,0.10973345824050078,2.0914026799038092,-0.028586713759825653,0.7264881636073832,1.2581523965222183,-0.0005029105908374992,1.2586553071130557,0.0
500,10.0,idle,locomotion,1,22.66648281439822,-12.398307308498223,0.10973345824050078,2.091435783303339,-0.028584289068970013,0.7264905230108692,1.2581541029678764,-0.0005028634815722084,1.2586569664494487,0.0
501,10.02,idle,locomotion,1,22.696274985692437,-12.416115499514907,0.10973345824050078,2.091468836835996,-0.028581898448461287,0.7264928742772087,1.2581557995637174,-0.0005028167420648155,1.2586586163057822,0.0
502,10.04,idle,locomotion,1,22.726067156986655,-12.433923690531591,0.10973345824050078,2.0915018423891536,-0.028579543646221426,0.7264952216467171,1.2581574926361745,-0.0005027700059607315,1.2586602626421353,0.0
503,10.06,idle,locomotion,1,22.755859328280874,-12.451731881548275,0.10973345824050078,2.091534799238527,-0.028577224285129068,0.7264975622812405,1.2581591774446657,-0.0005027233738287215,1.2586619008184943,0.0
504,10.08,idle,locomotion,1,22.785651499575092,-12.469540072564959,0.10973345824050078,2.0915677046784427,-0.028574937610599153,0.7264998936145409,1.258160851698653,-0.0005026770403766083,1.2586635287390298,0.0
505,10.1,idle,locomotion,1,22.81544367086931,-12.487348263581643,0.10973345824050078,2.0916005624741967,-0.028572689519302273,0.7265022222220069,1.2581625217434,-0.0005026303371870912,1.2586651520805872,0.0
506,10.12,idle,locomotion,1,22.84523584216353,-12.505156454598326,0.10973345824050078,2.0916333704963743,-0.028570475619652702,0.7265045418807187,1.2581641817810816,-0.0005025840413759516,1.2586667658224575,0.0
507,10.14,idle,locomotion,1,22.875028013457747,-12.52296464561501,0.10973345824050078,2.0916661286392877,-0.028568295753275047,0.7265068551676519,1.2581658325712286,-0.0005025378314964211,1.258668370402725,0.0
508,10.16,idle,locomotion,1,22.904820184751966,-12.540772836631694,0.10973345824050078,2.091698840539034,-0.028566156487460016,0.7265091649632116,1.2581674793132,-0.0005024915526323989,1.2586699708658324,0.0
