tick,t_s,phase,task_mode,curr_motion_timestep,ball_x,ball_y,ball_z,base_x,base_y,base_z,robot_top_z,robot_bottom_z,robot_height,kick_aim_theta_deg
0,0.0,idle,locomotion,0,1.9900000095367432,-0.14000000059604645,0.10989091315873106,-0.0005156118406163365,2.9437855182440046e-05,0.7547719540829378,1.2868349461978807,-0.000611486396534966,1.2874464325944157,0.0
1,0.02,idle,locomotion,0,1.9900000095367432,-0.14000000059604645,0.10980902141344312,-0.0020320928650136953,9.573223872416747e-05,0.7503383494170902,1.2824020544331556,-0.0004556129212034618,1.282857667354359,0.0
2,0.04,idle,locomotion,0,1.9900000095367432,-0.14000000059604645,0.10976503447145444,-0.004269668927396992,0.00018623548295487746,0.7436093122232449,1.2755733653963148,-0.0005353292221841263,1.276108694618499,0.0
3,0.06,idle,locomotion,0,1.9900000095367432,-0.14000000059604645,0.10974518062216254,-0.006755465662434137,0.0003202996992340233,0.7359695034906102,1.2677187786805442,-0.00043245108539400126,1.268151229765938,0.0
4,0.08,idle,locomotion,0,1.9900000095367432,-0.14000000059604645,0.10973731266832155,-0.009078075281260941,0.0005112166810815598,0.7289000119731947,1.260369646403489,-0.00041071594935234573,1.2607803623528413,0.0
5,0.1,idle,locomotion,0,1.9900000095367432,-0.14000000059604645,0.10973454404443848,-0.011078172344903573,0.0007582814074344178,0.7233798846054723,1.2545570316080732,-0.0004281453654798803,1.2549851769735532,0.0
6,0.12,idle,locomotion,0,1.9900000095367432,-0.14000000059604645,0.10973369052927323,-0.012721590019839439,0.00106335617520381,0.7198235826378162,1.2507365157804446,-0.00046482099699717006,1.2512013367774417,0.0
7,0.14,idle,locomotion,0,1.9900000095367432,-0.14000000059604645,0.1097334732878534,-0.014041604451838824,0.0014213352504916562,0.7182107709444081,1.2489139448391378,-0.0004874995989845206,1.2494014444381223,0.0
8,0.16,idle,locomotion,0,1.9900000095367432,-0.14000000059604645,0.10973343775080387,-0.015064219990292378,0.001820885053341193,0.7181955112200705,1.2487693173473118,-0.0004955005543509292,1.2492648179016628,0.0
9,0.18,idle,locomotion,0,1.9900000095367432,-0.14000000059604645,0.10973344222612894,-0.015874109548482434,0.0022485860790066926,0.7193132333167807,1.2498348376102557,-0.0004936923187943386,1.25032852992905,0.0
10,0.2,idle,locomotion,0,1.9900000095367432,-0.14000000059604645,0.10973344999820983,-0.016574756232687372,0.002680876532774464,0.7210839209030863,1.2516139352547504,-0.0004901361623335133,1.252104071417084,0.0
11,0.22,idle,locomotion,0,1.9900000095367432,-0.14000000059604645,0.1097334547231311,-0.017224145686866057,0.003086983615191798,0.7230694914458439,1.2536591479470776,-0.0004856008316861879,1.2541447487787638,0.0
12,0.24,idle,locomotion,0,1.9900000095367432,-0.14000000059604645,0.10973345692610834,-0.017889149455582943,0.0034331007663185014,0.7249339744957916,1.2556162678333407,-0.0004826815529557632,1.2560989493862964,0.0
13,0.26,idle,locomotion,0,1.9900000095367432,-0.14000000059604645,0.10973345780729221,-0.018632844086851827,0.0037218557387769025,0.7264587190262696,1.2572444673296026,-0.00048166796121359295,1.2577261352908162,0.0
14,0.28,idle,locomotion,0,1.9900000095367432,-0.14000000059604645,0.10973345811827714,-0.019479147730187156,0.003983303151611836,0.7275451273785556,1.258429466487704,-0.0004819098691874295,1.2589113763568915,0.0
15,0.3,idle,locomotion,0,1.9900000095367432,-0.14000000059604645,0.10973345821428342,-0.020440873745058555,0.004227946099701427,0.7282006842694191,1.2591653791965944,-0.0004831052028515456,1.259648484399446,0.0
16,0.32,idle,locomotion,0,1.9900000095367432,-0.14000000059604645,0.10973345823876013,-0.021524622052528638,0.004461371006620545,0.7284994570344843,1.2595195734503943,-0.00048473524301144433,1.2600043086934059,0.0
17,0.34,idle,locomotion,0,1.9900000095367432,-0.14000000059604645,0.10973345824278434,-0.022691911279809258,0.004686649997412597,0.7285398414127979,1.2595959245127801,-0.0004864613410345449,1.2600823858538146,0.0
18,0.36,idle,locomotion,0,1.9900000095367432,-0.14000000059604645,0.10973345824229395,-0.0238988502196269,0.004907212100723379,0.7284391124500874,1.2595185348796907,-0.000489657449101788,1.2600081923287925,0.0
19,0.38,idle,locomotion,0,1.9900000095367432,-0.14000000059604645,0.10973345824142507,-0.02511579659628273,0.005123184145264426,0.7282793932193476,1.2593739160373199,-0.0004927782342341834,1.259866694271554,0.0
20,0.4,idle,locomotion,0,1.9900000095367432,-0.14000000059604645,0.10973345824089552,-0.02633597885372925,0.005332664916293056,0.7281219266056655,1.2592228893367876,-0.0004954453699708532,1.2597183347067584,0.0
21,0.42,idle,locomotion,0,1.9900000095367432,-0.14000000059604645,0.10973345824064834,-0.027553698837532194,0.005530076125180142,0.7280067149683768,1.2591053133215204,-0.0004977187197449662,1.2596030320412654,0.0
22,0.44,idle,locomotion,0,1.9900000095367432,-0.14000000059604645,0.10973345824054938,-0.028757824635478782,0.005709130304303858,0.7279414283501484,1.2590316737177754,-0.0004993079335013535,1.2595309816512767,0.0
23,0.46,idle,locomotion,0,1.9900000095367432,-0.14000000059604645,0.10973345824051445,-0.029938877007261867,0.005866145788379495,0.7279254001212844,1.259002603747549,-0.00050077131560625,1.2595033750631552,0.0
24,0.48,idle,locomotion,0,1.9900000095367432,-0.14000000059604645,0.10973345824050364,-0.03109217744360746,0.00599918993444428,0.7279653758344429,1.2590264592077158,-0.0005020377486798754,1.2595284969563958,0.0
25,0.5,idle,locomotion,0,1.9900000095367432,-0.14000000059604645,0.10973345824050088,-0.032211103222427005,0.006106527640239379,0.7280570005482982,1.2591010809612961,-0.0005027222479315578,1.2596038032092276,0.0
26,0.52,idle,locomotion,0,1.9900000095367432,-0.14000000059604645,0.10973345824050044,-0.03328742876874616,0.006187223744210033,0.7281895928840845,1.25921797774932,-0.000502898394029689,1.2597208761433496,0.0
27,0.54,idle,locomotion,0,1.9900000095367432,-0.14000000059604645,0.10973345824050044,-0.034315379278380874,0.006241790077952839,0.7283493594276838,1.2593648179414436,-0.0005030916226437775,1.2598679095640875,0.0
28,0.56,idle,locomotion,0,1.9900000095367432,-0.14000000059604645,0.10973345824050044,-0.03529182694520243,0.006270782411793005,0.7285220776142526,1.2595280751849705,-0.000503186805132224,1.2600312619901026,0.0
29,0.58,idle,locomotion,0,1.9900000095367432,-0.14000000059604645,0.10973345824050044,-0.03621575779032944,0.006274885337813776,0.7286953069233286,1.2596953713813477,-0.0005032012408787527,1.2601985726222265,0.0
30,0.6,idle,locomotion,0,1.9900000095367432,-0.14000000059604645,0.10973345824050044,-0.03708788835243516,0.006255743015993246,0.7288596353510041,1.2598568683206197,-0.0005034735899679885,1.2603603419105878,0.0
31,0.62,idle,locomotion,0,1.9900000095367432,-0.14000000059604645,0.10973345824050044,-0.03790995840996702,0.006215174360500202,0.7290090857237017,1.2600058640450003,-0.0005039582073212562,1.2605098222523214,0.0
32,0.64,idle,locomotion,0,1.9900000095367432,-0.14000000059604645,0.10973345824050044,-0.03868359687934696,0.0061549375804932065,0.7291410946158698,1.2601390749355188,-0.0005045355258856896,1.2606436104614045,0.0
33,0.66,idle,locomotion,0,1.9900000095367432,-0.14000000059604645,0.10973345824050044,-0.039410163441056835,0.006076754796674621,0.7292557708102163,1.2602559749565556,-0.0005052098773421776,1.2607611848338978,0.0
34,0.68,idle,locomotion,0,1.9900000095367432,-0.14000000059604645,0.10973345824050044,-0.04009075554909997,0.005982330584074079,0.7293549540808602,1.2603578894760985,-0.0005059368441537385,1.2608638263202523,0.0
35,0.7,idle,locomotion,0,1.9900000095367432,-0.14000000059604645,0.10973345824050044,-0.04072621244503596,0.005873529081285957,0.7294413304366569,1.2604471462197187,-0.0005066915259031926,1.2609538377456218,0.0
36,0.72,idle,locomotion,0,1.9900000095367432,-0.14000000059604645,0.10973345824050044,-0.04131719962426836,0.005752170019334006,0.7295177336665051,1.2605263601460996,-0.0005074374953140878,1.2610337976414137,0.0
37,0.74,idle,locomotion,0,1.9900000095367432,-0.14000000059604645,0.10973345824050044,-0.04186427966059479,0.005619977118167393,0.7295866911454777,1.2605979550146802,-0.0005081339684995696,1.2611060889831798,0.0
38,0.76,idle,locomotion,0,1.9900000095367432,-0.14000000059604645,0.10973345824050044,-0.04236794784388954,0.005478843993757324,0.7296501671160085,1.2606639021840425,-0.0005087705671629472,1.2611726727512054,0.0
39,0.78,idle,locomotion,0,1.9900000095367432,-0.14000000059604645,0.10973345824050044,-0.0428287630984328,0.005330320594927169,0.7297094657334999,1.2607255612894739,-0.0005091665669778346,1.2612347278564517,0.0
40,0.8,idle,locomotion,0,1.9900000095367432,-0.14000000059604645,0.10973345824050044,-0.043247390114619005,0.00517592308842628,0.7297653158100355,1.26078374207112,-0.0005097810891823359,1.2612935231603024,0.0
41,0.82,idle,locomotion,0,1.9900000095367432,-0.14000000059604645,0.10973345824050044,-0.043624630598545815,0.005016908774983261,0.7298180143794596,1.26083882446822,-0.0005104927437316366,1.2613493172119516,0.0
42,0.84,idle,locomotion,0,1.9900000095367432,-0.14000000059604645,0.10973345824050044,-0.043961473139649064,0.004854498479190793,0.7298675122432731,1.2608908391452514,-0.0005110972025457704,1.261401936347797,0.0
43,0.86,idle,locomotion,0,1.9900000095367432,-0.14000000059604645,0.10973345824050044,-0.044259270868884266,0.00469050730018938,0.7299135709067298,1.260939561243876,-0.0005116135993911072,1.261451174843267,0.0
44,0.88,idle,locomotion,0,1.9900000095367432,-0.14000000059604645,0.10973345824050044,-0.04451997903906498,0.004526734194196167,0.7299558060683967,1.260984456219951,-0.0005120719366160827,1.261496528156567,0.0
45,0.9,idle,locomotion,0,1.9900000095367432,-0.14000000059604645,0.10973345824050044,-0.044745529243265025,0.004364658793162689,0.7299936417124878,1.2610248443169005,-0.0005124329925248715,1.2615372773094253,0.0
46,0.92,idle,locomotion,0,1.9900000095367432,-0.14000000059604645,0.10973345824050044,-0.044938136648462725,0.004205487063478859,0.7300264124109372,1.261059902473684,-0.0005127318320641561,1.261572634305748,0.0
47,0.94,idle,locomotion,0,1.9900000095367432,-0.14000000059604645,0.10973345824050044,-0.04509978276691506,0.004050264893676968,0.7300539672940939,1.2610893673729207,-0.0005130037088845914,1.2616023710818052,0.0
48,0.96,idle,locomotion,0,1.9900000095367432,-0.14000000059604645,0.10973345824050044,-0.04523245245805091,0.0039001054313393996,0.7300767483070418,1.261113605462795,-0.0005131207665749864,1.2616267262293699,0.0
49,0.98,idle,locomotion,0,1.9900000095367432,-0.14000000059604645,0.10973345824050044,-0.04533837210915654,0.0037561196135438416,0.7300958646439396,1.2611336757214608,-0.0005131244981891013,1.26164680021965,0.0
50,1.0,idle,locomotion,0,1.9900000095367432,-0.14000000059604645,0.10973345824050044,-0.045419598166619515,0.003619215330854398,0.7301121972413114,1.261150459018575,-0.0005130597205829299,1.2616635187391578,0.0
51,1.02,idle,locomotion,0,1.9900000095367432,-0.14000000059604645,0.10973345824050044,-0.04547803978069101,0.003490186685162001,0.7301268425059138,1.2611650487148012,-0.0005129879751762864,1.2616780366899774,0.0
52,1.04,idle,locomotion,0,1.9900000095367432,-0.14000000059604645,0.10973345824050044,-0.04551555006494718,0.0033697347546593755,0.7301405920721399,1.2611782616021046,-0.0005129009306849668,1.2616911625327896,0.0
53,1.06,idle,locomotion,0,1.9900000095367432,-0.14000000059604645,0.10973345824050044,-0.04553416821072641,0.003258350474509543,0.7301537112514279,1.2611903819195789,-0.0005127822107335971,1.2617031641303125,0.0
54,1.08,idle,locomotion,0,1.9900000095367432,-0.14000000059604645,0.10973345824050044,-0.0455358883056448,0.003156354944246403,0.7301661681256137,1.2612014160096767,-0.0005126365213876868,1.2617140525310644,0.0
55,1.1,idle,locomotion,0,1.9900000095367432,-0.14000000059604645,0.10973345824050044,-0.045522517089286056,0.0030639747781785933,0.7301778037517177,1.261211264058231,-0.000512469946813289,1.2617237340050442,0.0
56,1.12,idle,locomotion,0,1.9900000095367432,-0.14000000059604645,0.10973345824050044,-0.04549573963915096,0.002981353855186976,0.7301884445880387,1.2612198169970932,-0.0005122865670036357,1.2617321035640967,0.0
57,1.14,idle,locomotion,0,1.9900000095367432,-0.14000000059604645,0.10973345824050044,-0.04545714416035444,0.0029085607764452208,0.7301979473947376,1.2612269927951112,-0.0005120885747818896,1.261739081369893,0.0
58,1.16,idle,locomotion,0,1.9900000095367432,-0.14000000059604645,0.10973345824050044,-0.04540822692477276,0.0028455868470861523,0.730206211885164,1.2612327471211664,-0.0005118780243639105,1.2617446251455302,0.0
59,1.18,idle,locomotion,0,1.9900000095367432,-0.14000000059604645,0.10973345824050044,-0.0453503841747135,0.0027923411724571387,0.7302132659028051,1.2612371502398696,-0.0005116557677005661,1.2617488060075701,0.0
60,1.2,idle,locomotion,0,1.9900000095367432,-0.14000000059604645,0.10973345824050044,-0.04528484148061158,0.0027485689944493855,0.7302197566664124,1.2612408841122789,-0.0005114015476340092,1.2617522856599128,0.0
61,1.22,idle,locomotion,0,1.9900000095367432,-0.14000000059604645,0.10973345824050044,-0.04521272686685457,0.002713740328217939,0.7302260242767876,1.2612443417051482,-0.000511130914185965,1.261755472619334,0.0
62,1.24,idle,locomotion,0,1.9900000095367432,-0.14000000059604645,0.10973345824050044,-0.04513508241191279,0.002687161413012324,0.7302320714774608,1.2612475625215498,-0.0005108586380366993,1.2617584211595865,0.0
63,1.26,idle,locomotion,0,1.9900000095367432,-0.14000000059604645,0.10973345824050044,-0.045052863527490175,0.002668112227173665,0.7302378329564079,1.261250512223409,-0.0005105899191818995,1.261761102142591,0.0
64,1.28,idle,locomotion,0,1.9900000095367432,-0.14000000059604645,0.10973345824050044,-0.04496694753965787,0.0026558923263720596,0.730243240176426,1.2612531490753591,-0.000510326231646055,1.2617634753070053,0.0
65,1.3,idle,locomotion,0,1.9900000095367432,-0.14000000059604645,0.10973345824050044,-0.04487813068291694,0.0026498527001723275,0.7302482394999538,1.2612554440940136,-0.0005100709625384392,1.261765515056552,0.0
66,1.32,idle,locomotion,0,1.9900000095367432,-0.14000000059604645,0.10973345824050044,-0.04478698115633534,0.002649417283294497,0.7302528617072073,1.2612574860496304,-0.0005098273302858135,1.261767313379916,0.0
67,1.34,idle,locomotion,0,1.9900000095367432,-0.14000000059604645,0.10973345824050044,-0.04469396053464767,0.002654038011675712,0.730257123313737,1.2612593736457873,-0.0005095885134862518,1.2617689621592736,0.0
68,1.36,idle,locomotion,0,1.9900000095367432,-0.14000000059604645,0.10973345824050044,-0.04459977049283141,0.002663177126343114,0.7302609230771818,1.2612610151303731,-0.0005093563909145046,1.2617703715212876,0.0
69,1.38,idle,locomotion,0,1.9900000095367432,-0.14000000059604645,0.10973345824050044,-0.04450519710185692,0.002676330965858467,0.7302640770173611,1.2612621855933297,-0.0005091365036971017,1.2617713220970268,0.0
70,1.4,idle,locomotion,0,1.9900000095367432,-0.14000000059604645,0.10973345824050044,-0.044410833599650805,0.0026930892800379348,0.730266226068814,1.2612625204648842,-0.0005089348926668076,1.261771455357551,0.0
71,1.42,idle,locomotion,0,1.9900000095367432,-0.14000000059604645,0.10973345824050044,-0.044317162077348426,0.002713154870014274,0.7302671987014165,1.2612618496114836,-0.0005087453355149089,1.2617705949469984,0.0
72,1.44,idle,locomotion,0,1.9900000095367432,-0.14000000059604645,0.10973345824050044,-0.04422462396954818,0.002736278700837967,0.730267021362605,1.2612602005543319,-0.0005085615180690957,1.261768762072401,0.0
73,1.46,idle,locomotion,0,1.9900000095367432,-0.14000000059604645,0.10973345824050044,-0.04413362024725757,0.0027622007294896053,0.7302657849603491,1.2612576603868053,-0.0005083815093362663,1.2617660418961416,0.0
74,1.48,idle,locomotion,0,1.9900000095367432,-0.14000000059604645,0.10973345824050044,-0.04404450466203675,0.0027906363632818837,0.7302636034938825,1.261254334948413,-0.0005082059940895618,1.2617625409425026,0.0
75,1.5,idle,locomotion,0,1.9900000095367432,-0.14000000059604645,0.10973345824050044,-0.04395757915542124,0.0028212749830751394,0.7302605973872109,1.2612503339331589,-0.0005080350475563794,1.2617583689807153,0.0
76,1.52,idle,locomotion,0,1.9900000095367432,-0.14000000059604645,0.10973345824050044,-0.04387309264424641,0.0028537848291095872,0.7302568852641261,1.261245764301889,-0.0005078689629101976,1.2617536332647992,0.0
77,1.54,idle,locomotion,0,1.9900000095367432,-0.14000000059604645,0.10973345824050044,-0.04379124210516015,0.0028878184093302545,0.7302525811224727,1.261240728600411,-0.0005077086648518497,1.261748437265263,0.0
78,1.56,idle,locomotion,0,1.9900000095367432,-0.14000000059604645,0.10973345824050044,-0.04371217780714521,0.002923018823152085,0.7302477940852798,1.2612353246744714,-0.0005075549776887185,1.2617428796521601,0.0
79,1.58,idle,locomotion,0,1.9900000095367432,-0.14000000059604645,0.10973345824050044,-0.04363601372496359,0.002959024285561375,0.7302425935516116,1.261229611670137,-0.0005074069936239073,1.2617370186637609,0.0
80,1.6,idle,locomotion,0,1.9900000095367432,-0.14000000059604645,0.10973345824050044,-0.043562832656773395,0.0029954711226620337,0.7302369922915561,1.2612235955218598,-0.0005072613537441609,1.261730856875604,0.0
81,1.62,idle,locomotion,0,1.9900000095367432,-0.14000000059604645,0.10973345824050044,-0.04349268524282664,0.003031994122962748,0.7302310126803748,1.2612172893214109,-0.0005071227066989099,1.2617244120281097,0.0
82,1.64,idle,locomotion,0,1.9900000095367432,-0.14000000059604645,0.10973345824050044,-0.04342559442983761,0.00306824069410213,0.7302247257533389,1.2612107538194948,-0.0005069940887288543,1.2617177479082236,0.0
83,1.66,idle,locomotion,0,1.9900000095367432,-0.14000000059604645,0.10973345824050044,-0.04336155735482114,0.0031038821631066828,0.7302182522491195,1.2612040979587895,-0.0005068774621388647,1.2617109754209284,0.0
84,1.68,idle,locomotion,0,1.9900000095367432,-0.14000000059604645,0.10973345824050044,-0.04330054844281967,0.003138620278537973,0.7302117268374959,1.2611974438024123,-0.0005067726159693232,1.2617042164183816,0.0
85,1.7,idle,locomotion,0,1.9900000095367432,-0.14000000059604645,0.10973345824050044,-0.04324251746830719,0.0031721895035102562,0.7302052755664459,1.2611909053661474,-0.0005066789238283957,1.2616975842899758,0.0
86,1.72,idle,locomotion,0,1.9900000095367432,-0.14000000059604645,0.10973345824050044,-0.04318739183493871,0.0032043558560429027,0.7301990053663707,1.2611845793614904,-0.000506595705429054,1.2616911750669195,0.0
87,1.74,hold,kick,2,1.9900000095367432,-0.14000000059604645,0.10973345824050044,-0.04403399504139404,0.003059871257016504,0.7330057913469513,1.263553427328468,-0.0007239806200850726,1.2642774079485533,0.0
88,1.76,hold,kick,3,1.9900000095367432,-0.14000000059604645,0.10973345824050044,-0.04414268002193951,0.0023041188200370326,0.7402127629705013,1.2703695259463088,-0.0005754381756789655,1.2709449641219879,0.0
89,1.78,hold,kick,4,1.9900000095367432,-0.14000000059604645,0.10973345824050044,-0.04335420588772984,0.0012799128242752715,0.7500731711567196,1.2800644102033696,-0.0004902941984476841,1.2805547044018173,0.0
90,1.8,hold,kick,5,1.9900000095367432,-0.14000000059604645,0.10973345824050044,-0.041814318000906424,0.00017633355975699605,0.760025729086298,1.2900422927976347,-0.0006843487096466205,1.2907266415072813,0.0
91,1.82,hold,kick,6,1.9900000095367432,-0.14000000059604645,0.10973345824050044,-0.03989993607197082,-0.0008384818618501807,0.7686181856013099,1.298737258927817,-0.0009323639049450827,1.299669622832762,0.0
92,1.84,hold,kick,7,1.9900000095367432,-0.14000000059604645,0.10973345824050044,-0.03812288718846054,-0.0015841348995592746,0.7752135597080945,1.3053853835943823,-0.0010844005924233492,1.3064697841868056,0.0
93,1.86,hold,kick,8,1.9900000095367432,-0.14000000059604645,0.10973345824050044,-0.03680150226215419,-0.002022826321646443,0.7798001701848736,1.3098951295189944,-0.0011730950223712323,1.3110682245413656,0.0
94,1.88,hold,kick,9,1.9900000095367432,-0.14000000059604645,0.10973345824050044,-0.03581673894662138,-0.002116162890421519,0.7829979844096696,1.3129016660915152,-0.0012180281202706991,1.3141196942117859,0.0
95,1.9,hold,kick,10,1.9900000095367432,-0.14000000059604645,0.10973345824050044,-0.03486486236754901,-0.0019854887333096024,0.7853363671871305,1.3150048107086003,-0.001242841288536082,1.3162476519971364,0.0
96,1.92,hold,kick,11,1.9900000095367432,-0.14000000059604645,0.10973345824050044,-0.03374766263786989,-0.0016755724215686313,0.7870916634268541,1.3165509033058462,-0.001245903726501383,1.3177968070323476,0.0
97,1.94,hold,kick,12,1.9900000095367432,-0.14000000059604645,0.10973345824050044,-0.03243048988479434,-0.0012195886223820014,0.7883620260846179,1.317667730472139,-0.0012964819940203057,1.3189642124661591,0.0
98,1.96,hold,kick,13,1.9900000095367432,-0.14000000059604645,0.10973345824050044,-0.030948597524934823,-0.0006465601623583008,0.7892143314240403,1.3184186076779216,-0.0014003932121130422,1.3198190008900346,0.0
99,1.98,hold,kick,14,1.9900000095367432,-0.14000000059604645,0.10973345824050044,-0.02932906696999135,1.7271026760353002e-05,0.7897541595346034,1.3188986593084067,-0.0014500170651970783,1.3203486763736036,0.0
100,2.0,hold,kick,15,1.9900000095367432,-0.14000000059604645,0.10973345824050044,-0.027571710878752646,0.0007312019839130767,0.7900746770338032,1.3191950779891954,-0.0014684982656642843,1.3206635762548598,0.0
101,2.02,hold,kick,16,1.9900000095367432,-0.14000000059604645,0.10973345824050044,-0.02567272388912026,0.0014802915424490255,0.7902489746765444,1.3193752667988776,-0.0014686324516408784,1.3208438992505185,0.0
102,2.04,hold,kick,17,1.9900000095367432,-0.14000000059604645,0.10973345824050044,-0.02363945798845863,0.002280636700773266,0.7903178988302643,1.319470682622042,-0.0014448707669795918,1.3209155533890216,0.0
103,2.06,hold,kick,18,1.9900000095367432,-0.14000000059604645,0.10973345824050044,-0.021502265186151805,0.0031455411939593143,0.7903113077326815,1.3194966168421676,-0.0013988759546293833,1.3208954927967969,0.0
104,2.08,hold,kick,19,1.9900000095367432,-0.14000000059604645,0.10973345824050044,-0.01928432366376639,0.0040835890806443275,0.7902236745251424,1.319435882567507,-0.001341012135612503,1.3207768947031195,0.0
105,2.1,hold,kick,20,1.9900000095367432,-0.14000000059604645,0.10973345824050044,-0.016991846077518767,0.0051260650796527115,0.7900597937835111,1.3192867429142954,-0.001271851493929714,1.320558594408225,0.0
106,2.12,hold,kick,21,1.9900000095367432,-0.14000000059604645,0.10973345824050044,-0.014661089411966198,0.006243580528745993,0.7899329808422894,1.3191449446387642,-0.0011623320429479597,1.320307276681712,0.0
107,2.14,hold,kick,22,1.9900000095367432,-0.14000000059604645,0.10973345824050044,-0.012340344333474345,0.007378886025652989,0.7898384838469767,1.3190074223985446,-0.0010215242265518114,1.3200289466250965,0.0
108,2.16,hold,kick,23,1.9900000095367432,-0.14000000059604645,0.10973345824050044,-0.010089155556540268,0.008568665112579957,0.7897234885505874,1.3188110270131952,-0.0008912255026101192,1.3197022525158053,0.0
109,2.18,hold,kick,24,1.9900000095367432,-0.14000000059604645,0.10973345824050044,-0.007937951532458168,0.009798391331360014,0.7895868701704772,1.318553343607799,-0.0007639473083521676,1.3193172909161512,0.0
110,2.2,hold,kick,25,1.9900000095367432,-0.14000000059604645,0.10973345824050044,-0.005903967818408827,0.011039669423103969,0.7894507873336495,1.318257457090313,-0.0006516029333208384,1.3189090600236337,0.0
111,2.22,hold,kick,26,1.9900000095367432,-0.14000000059604645,0.10973345824050044,-0.003976428486420582,0.012291187937299223,0.7893301345739058,1.3179490597936583,-0.0005694019178794849,1.3185184617115377,0.0
112,2.24,hold,kick,27,1.9900000095367432,-0.14000000059604645,0.10973345824050044,-0.002134252010560853,0.013565415374491038,0.7892250261464546,1.3176432531587774,-0.0005498348298430961,1.3181930879886206,0.0
113,2.26,hold,kick,28,1.9900000095367432,-0.14000000059604645,0.10973345824050044,-0.00037178363469882864,0.014867332775151051,0.7891228105484662,1.31733649880004,-0.0005445502818729672,1.317881049081913,0.0
114,2.28,hold,kick,29,1.9900000095367432,-0.14000000059604645,0.10973345824050044,0.0013095328676693923,0.01618041760423731,0.7890250869802622,1.3170331233358432,-0.00054169992186439,1.3175748232577076,0.0
115,2.3,hold,kick,30,1.9900000095367432,-0.14000000059604645,0.10973345824050044,0.002911682434718818,0.0174869315117693,0.7889362158979007,1.316738662147578,-0.0005407201102454948,1.3172793822578235,0.0
116,2.32,hold,kick,31,1.9900000095367432,-0.14000000059604645,0.10973345824050044,0.004441088601595763,0.01877031992686579,0.7888588380932847,1.3164587203440676,-0.000540975364867323,1.316999695708935,0.0
117,2.34,hold,kick,32,1.9900000095367432,-0.14000000059604645,0.10973345824050044,0.0058970432944271825,0.020017849765012592,0.7887882136272301,1.3161912346968954,-0.0005419190019575228,1.316733153698853,0.0
118,2.36,hold,kick,33,1.9900000095367432,-0.14000000059604645,0.10973345824050044,0.007275404004584535,0.021217540657859347,0.7887256429319615,1.3159358260538805,-0.0005431138474416911,1.3164789399013221,0.0
119,2.38,hold,kick,34,1.9900000095367432,-0.14000000059604645,0.10973345824050044,0.008576808414927476,0.02235957602873957,0.7886729612357252,1.3156936515424702,-0.0005439456923788007,1.316237597234849,0.0
120,2.4,hold,kick,35,1.9900000095367432,-0.14000000059604645,0.10973345824050044,0.009800179729892609,0.02344025329035732,0.7886301590464494,1.315463226689616,-0.0005433271344069436,1.3160065538240229,0.0
121,2.42,hold,kick,36,1.9900000095367432,-0.14000000059604645,0.10973345824050044,0.010944151820862402,0.024459028964184046,0.7885971104364576,1.3152427144984495,-0.0005415111533696622,1.3157842256518193,0.0
122,2.44,hold,kick,37,1.9900000095367432,-0.14000000059604645,0.10973345824050044,0.01200861144556073,0.02541511856713018,0.7885729754236114,1.3150293962614648,-0.0005392233260662072,1.315568619587531,0.0
123,2.46,hold,kick,38,1.9900000095367432,-0.14000000059604645,0.10973345824050044,0.01299574997774591,0.026308927755835116,0.7885555906154058,1.3148199953424855,-0.000536586231393018,1.3153565815738786,0.0
124,2.48,hold,kick,39,1.9900000095367432,-0.14000000059604645,0.10973345824050044,0.013909744837725392,0.027141597727880065,0.7885432365973332,1.3146121796824632,-0.0005335512180436076,1.3151457309005068,0.0
125,2.5,hold,kick,40,1.9900000095367432,-0.14000000059604645,0.10973345824050044,0.01475634851062264,0.02791363011405073,0.7885345588608966,1.3144051003949007,-0.0005303115997936751,1.3149354119946943,0.0
126,2.52,hold,kick,41,1.9900000095367432,-0.14000000059604645,0.10973345824050044,0.015542361879943678,0.028625199130788006,0.7885290572457136,1.3141991723432311,-0.0005265092604901794,1.3147256816037214,0.0
127,2.54,hold,kick,42,1.9900000095367432,-0.14000000059604645,0.10973345824050044,0.016274045529287285,0.029277062771552995,0.7885265993782893,1.3139951287014116,-0.0005226782773480841,1.3145178069787595,0.0
128,2.56,hold,kick,43,1.9900000095367432,-0.14000000059604645,0.10973345824050044,0.016956827427356425,0.02987093707494831,0.7885269085520595,1.3137934893922254,-0.0005185909885847481,1.3143120803808102,0.0
129,2.58,hold,kick,44,1.9900000095367432,-0.14000000059604645,0.10973345824050044,0.01759641955567241,0.03040856971978127,0.7885304472070384,1.3135953883426792,-0.0005146595896347167,1.314110047932314,0.0
130,2.6,hold,kick,45,1.9900000095367432,-0.14000000059604645,0.10973345824050044,0.018198507832890055,0.03089069195934712,0.7885368503984207,1.3134010978785748,-0.0005106688700644985,1.3139117667486393,0.0
131,2.62,hold,kick,46,1.9900000095367432,-0.14000000059604645,0.10973345824050044,0.018766318828999814,0.031318228953640746,0.788545037910994,1.3132084584149275,-0.0005064195282862387,1.3137148779432137,0.0
132,2.64,hold,kick,47,1.9900000095367432,-0.14000000059604645,0.10973345824050044,0.01930207105651517,0.03169422972418474,0.7885547333123869,1.3130154988613587,-0.0005024969818688794,1.3135179958432275,0.0
133,2.66,hold,kick,48,1.9900000095367432,-0.14000000059604645,0.10973345824050044,0.019807712947430858,0.0320225008240261,0.788565702131113,1.3128199689351192,-0.0004984398019912961,1.3133184087371106,0.0
134,2.68,hold,kick,49,1.9900000095367432,-0.14000000059604645,0.10973345824050044,0.020285245215428474,0.032306314672974276,0.7885779870566242,1.3126196098245617,-0.0004941434085851959,1.313113753233147,0.0
135,2.7,hold,kick,50,1.9900000095367432,-0.14000000059604645,0.10973345824050044,0.020739716688590204,0.03254767741042764,0.7885916061834641,1.3124140012055003,-0.0004894269477550631,1.3129034281532554,0.0
136,2.72,hold,kick,51,1.9900000095367432,-0.14000000059604645,0.10973345824050044,0.021177531286277654,0.03274873486223743,0.7886076289498297,1.312204656780361,-0.0004865083059765081,1.3126911650863373,0.0
137,2.74,hold,kick,52,1.9900000095367432,-0.14000000059604645,0.10973345824050044,0.02260681299723875,0.032780245885588706,0.7887039413239213,1.3127734950377297,-0.0007299142097745119,1.3135034092475042,0.0
138,2.76,hold,kick,53,1.9900000095367432,-0.14000000059604645,0.10973345824050044,0.026615984310244464,0.03276939677223967,0.7888494140282154,1.3148507050941975,-0.0006274567274717341,1.3154781618216693,0.0
139,2.78,hold,kick,54,1.9900000095367432,-0.14000000059604645,0.10973345824050044,0.03181519723554692,0.033343786858172214,0.7888463843898905,1.3169847235972598,-0.0006756939568311922,1.317660417554091,0.0
140,2.8,hold,kick,55,1.9900000095367432,-0.14000000059604645,0.10973345824050044,0.0360216127181471,0.03452248075658444,0.788592248225793,1.318012468525691,-0.0007761964766413304,1.3187886650023324,0.0
141,2.82,hold,kick,56,1.9900000095367432,-0.14000000059604645,0.10973345824050044,0.03925558544994359,0.03593558146087436,0.7881709767816774,1.3183057085142362,-0.0007970953684410739,1.3191028038826773,0.0
142,2.84,hold,kick,57,1.9900000095367432,-0.14000000059604645,0.10973345824050044,0.04212705563034656,0.03752811181025157,0.7877476328213362,1.3183807555298428,-0.0007715480214964925,1.3191523035513393,0.0
143,2.86,hold,kick,58,1.9900000095367432,-0.14000000059604645,0.10973345824050044,0.04473420705387724,0.039240590067833814,0.7873640898055605,1.318361379207439,-0.0007208392801016476,1.3190822184875406,0.0
144,2.88,hold,kick,59,1.9900000095367432,-0.14000000059604645,0.10973345824050044,0.04705496634808396,0.04099897032456902,0.7870157391981895,1.31826820773597,-0.0006745781889327604,1.3189427859249028,0.0
145,2.9,hold,kick,60,1.9900000095367432,-0.14000000059604645,0.10973345824050044,0.048989159524356715,0.04274885584788005,0.7866967528044466,1.3181175823005902,-0.0006294310289642092,1.3187470133295545,0.0
146,2.92,hold,kick,61,1.9900000095367432,-0.14000000059604645,0.10973345824050044,0.050628857064201914,0.04444991909392971,0.7864443674804824,1.3179806421332771,-0.0006039021584995363,1.3185845442917767,0.0
147,2.94,hold,kick,62,1.9900000095367432,-0.14000000059604645,0.10973345824050044,0.052026643884907194,0.04603425506279923,0.7861975160185349,1.3178062025633772,-0.0005876056676236974,1.318393808231001,0.0
148,2.96,hold,kick,63,1.9900000095367432,-0.14000000059604645,0.10973345824050044,0.05316999862095902,0.047500884997224976,0.7859562821056411,1.3175983521024355,-0.0005714946804822839,1.3181698467829177,0.0
149,2.98,hold,kick,64,1.9900000095367432,-0.14000000059604645,0.10973345824050044,0.05413675497490487,0.04886298426394199,0.7857426401979265,1.3173925916586262,-0.0005609086380626745,1.317953500296689,0.0
150,3.0,hold,kick,65,1.9900000095367432,-0.14000000059604645,0.10973345824050044,0.05498440348110082,0.05013477940535049,0.785564393545423,1.3172081542406744,-0.0005537802054920264,1.3177619344461664,0.0
151,3.02,hold,kick,66,1.9900000095367432,-0.14000000059604645,0.10973345824050044,0.055723283091290585,0.051321189717943326,0.7854099318048257,1.3170370147508657,-0.0005459866205262329,1.3175830013713918,0.0
152,3.04,hold,kick,67,1.9900000095367432,-0.14000000059604645,0.10973345824050044,0.056391314933942775,0.052432826306383074,0.785269334401482,1.3168741456820943,-0.0005393356552037508,1.317413481337298,0.0
153,3.06,hold,kick,68,1.9900000095367432,-0.14000000059604645,0.10973345824050044,0.05701079195392264,0.053491657845084785,0.7851424158078234,1.3167229995204883,-0.0005362068708181615,1.3172592063913064,0.0
154,3.08,hold,kick,69,1.9900000095367432,-0.14000000059604645,0.10973345824050044,0.05758552267406738,0.0545239541215604,0.7850296279095491,1.3165832292079798,-0.0005371370314444998,1.3171203662394242,0.0
155,3.1,hold,kick,70,1.9900000095367432,-0.14000000059604645,0.10973345824050044,0.05810950997712552,0.05554951693517956,0.7849234262684303,1.3164457357665846,-0.0005372982534240373,1.3169830340200086,0.0
156,3.12,hold,kick,71,1.9900000095367432,-0.14000000059604645,0.10973345824050044,0.058605984628658285,0.0565703061878935,0.7848097755471134,1.3163000806087002,-0.0005329550427227298,1.3168330356514228,0.0
157,3.14,hold,kick,72,1.9900000095367432,-0.14000000059604645,0.10973345824050044,0.059082079820968476,0.057575761446384245,0.7846804823186516,1.316137484220425,-0.0005220939024782392,1.3166595781229031,0.0
158,3.16,hold,kick,73,1.9900000095367432,-0.14000000059604645,0.10973345824050044,0.059542779878089556,0.05856603824146632,0.7845308039639983,1.3159509058594239,-0.000506845281510692,1.3164577511409346,0.0
159,3.18,hold,kick,74,1.9900000095367432,-0.14000000059604645,0.10973345824050044,0.06004119167792232,0.05956368791633291,0.7843818678678817,1.3157655373978465,-0.0004998868664438418,1.3162654242642904,0.0
160,3.2,hold,kick,75,1.9900000095367432,-0.14000000059604645,0.10973345824050044,0.060613220736011185,0.06058010474452294,0.7842388341223251,1.3155915487972556,-0.0004971566412948769,1.3160887054385504,0.0
161,3.22,hold,kick,76,1.9900000095367432,-0.14000000059604645,0.10973345824050044,0.061244600672262284,0.06160199031766871,0.7840741753106161,1.3153961386338087,-0.0005040969831666547,1.3159002356169753,0.0
162,3.24,hold,kick,77,1.9900000095367432,-0.14000000059604645,0.10973345824050044,0.06190628825856986,0.06266085138580596,0.7839039947295818,1.315189827000241,-0.0005105752474892783,1.31570040224773,0.0
163,3.26,hold,kick,78,1.9900000095367432,-0.14000000059604645,0.10973345824050044,0.06260400030128023,0.06379188876899101,0.7837262641522452,1.3149748994564328,-0.000514945209710186,1.315489844666143,0.0
164,3.28,hold,kick,79,1.9900000095367432,-0.14000000059604645,0.10973345824050044,0.06328763235964828,0.06500913621131482,0.7835210982949268,1.3147301546854988,-0.0005207567570609112,1.3152509114425597,0.0
165,3.3,hold,kick,80,1.9900000095367432,-0.14000000059604645,0.10973345824050044,0.06392235239215885,0.0663349913767415,0.7832936398843401,1.3144592309707968,-0.0005250919599882296,1.314984322930785,0.0
166,3.32,hold,kick,81,1.9900000095367432,-0.14000000059604645,0.10973345824050044,0.06452636355317488,0.06778321357735519,0.7830490221684532,1.3141712729438777,-0.0005275852548761659,1.3146988581987538,0.0
167,3.34,hold,kick,82,1.9900000095367432,-0.14000000059604645,0.10973345824050044,0.06509592423070903,0.06936807630024416,0.7827878054512366,1.3138696111374695,-0.0005321375065244147,1.3144017486439938,0.0
168,3.36,hold,kick,83,1.9900000095367432,-0.14000000059604645,0.10973345824050044,0.06561549542175264,0.0710967727748344,0.7825266808416953,1.3135733642688396,-0.0005397269620942523,1.3141130912309338,0.0
169,3.38,hold,kick,84,1.9900000095367432,-0.14000000059604645,0.10973345824050044,0.0661391716815721,0.07296458448086934,0.7823152390108846,1.3133344585532725,-0.0005680541612536928,1.313902512714526,0.0
170,3.4,hold,kick,85,1.9900000095367432,-0.14000000059604645,0.10973345824050044,0.06664619418782014,0.07499811510063444,0.782244260805589,1.313239508352704,-0.0006429471518143992,1.3138824555045183,0.0
171,3.42,hold,kick,86,1.9900000095367432,-0.14000000059604645,0.10973345824050044,0.06706735913330007,0.07719690608546721,0.7823759390911044,1.3133340350418752,-0.0007959095737549368,1.31412994461563,0.0
172,3.44,hold,kick,87,1.9900000095367432,-0.14000000059604645,0.10973345824050044,0.06736507895403215,0.07951174767466263,0.7827741370161925,1.3136541825150119,-0.001033136764504193,1.314687319279516,0.0
173,3.46,hold,kick,88,1.9900000095367432,-0.14000000059604645,0.10973345824050044,0.06753867822519447,0.08192301065418958,0.783453255620255,1.3141918071447387,-0.0013361310026102843,1.315527938147349,0.0
174,3.48,hold,kick,89,1.9900000095367432,-0.14000000059604645,0.10973345824050044,0.06771734734761375,0.08440989427421998,0.7843118446208336,1.3148401051122054,-0.0016974517930955918,1.316537556905301,0.0
175,3.5,hold,kick,90,1.9900000095367432,-0.14000000059604645,0.10973345824050044,0.06806662838524762,0.08686017300927505,0.7851959072651378,1.315438131908902,-0.0021049412750881458,1.31754307318399,0.0
176,3.52,hold,kick,91,1.9900000095367432,-0.14000000059604645,0.10973345824050044,0.06878347745036568,0.08914896706974561,0.7859729691320686,1.3158573291205633,-0.0025534144350641205,1.3184107435556274,0.0
177,3.54,hold,kick,92,1.9900000095367432,-0.14000000059604645,0.10973345824050044,0.07013492867651853,0.09113546245875619,0.78648568096368,1.315991725404893,-0.002671902654571373,1.3186636280594644,0.0
178,3.56,hold,kick,93,1.9900000095367432,-0.14000000059604645,0.10973345824050044,0.0722035888059022,0.09282801482577255,0.7867415414760961,1.3158901701821704,-0.0005077210146932701,1.3163978911968637,0.0
179,3.58,hold,kick,94,1.9900000095367432,-0.14000000059604645,0.10973345824050044,0.0747973534352705,0.09436739092743739,0.7869340637652168,1.3157450556024188,-0.0005045016523122156,1.316249557254731,0.0
180,3.6,hold,kick,95,1.9900000095367432,-0.14000000059604645,0.10973345824050044,0.07771355891548903,0.09581093234061358,0.7870449879758862,1.315518848821046,-0.0004985685065263049,1.3160174173275725,0.0
181,3.62,hold,kick,96,1.9900000095367432,-0.14000000059604645,0.10973345824050044,0.0809064486951275,0.09714907511992316,0.7869997280708461,1.3151404994462692,-0.0004898001385727976,1.315630299584842,0.0
182,3.64,hold,kick,97,1.9900000095367432,-0.14000000059604645,0.10973345824050044,0.08434931536990438,0.09823949283785292,0.7867046876554067,1.3145269164406248,-0.0004846118038485843,1.3150115282444734,0.0
183,3.66,hold,kick,98,1.9900000095367432,-0.14000000059604645,0.10973345824050044,0.08787796960973032,0.09896319096028056,0.7860800339440029,1.3135529131604573,-0.0005010116486274668,1.3140539248090848,0.0
184,3.68,hold,kick,99,1.9900000095367432,-0.14000000059604645,0.10973345824050044,0.09147289219640047,0.09929092543063855,0.7850780708269328,1.3121650021445521,-0.0005320689726794614,1.3126970711172317,0.0
185,3.7,hold,kick,100,1.9900000095367432,-0.14000000059604645,0.10973345824050044,0.0953020227524884,0.09922223774046687,0.7837242691556617,1.310423490907228,-0.0005675277761622924,1.3109910186833904,0.0
186,3.72,hold,kick,101,1.9900000095367432,-0.14000000059604645,0.10973345824050044,0.0995218824293845,0.09879802888719638,0.7821395868112253,1.308447523571913,-0.0006107518844018361,1.309058275456315,0.0
187,3.74,hold,kick,102,1.9900000095367432,-0.14000000059604645,0.10973345824050044,0.10438235723520159,0.09809649196207332,0.7804246933452987,1.306395977823288,-0.0006508807612579694,1.307046858584546,0.0
188,3.76,hold,kick,103,1.9900000095367432,-0.14000000059604645,0.10973345824050044,0.11014697231557842,0.0971803865606534,0.7786766661370378,1.3044423361563608,-0.0007037638255569453,1.3051460999819178,0.0
189,3.78,hold,kick,104,1.9900000095367432,-0.14000000059604645,0.10973345824050044,0.1169560447510118,0.09600297958528753,0.7769866429668483,1.3027032450654294,-0.0008131052733292392,1.3035163503387588,0.0
190,3.8,hold,kick,105,1.9900000095367432,-0.14000000059604645,0.10973345824050044,0.12496190630243614,0.09451556878349027,0.7753138541532986,1.3011841291543618,-0.0009207713429037895,1.3021049004972656,0.0
191,3.82,hold,kick,106,1.9900000095367432,-0.14000000059604645,0.10973345824050044,0.13420815611684325,0.09271118235442428,0.773536968907521,1.299763674994869,-0.0009971184182637448,1.3007607934131327,0.0
192,3.84,hold,kick,107,1.9900000095367432,-0.14000000059604645,0.10973345824050044,0.14463824445344026,0.09055656670169598,0.7715736845367205,1.2983108209183445,-0.001098194167188614,1.299409015085533,0.0
193,3.86,hold,kick,108,1.9900000095367432,-0.14000000059604645,0.10973345824050044,0.15628973209782004,0.08810903777968798,0.7693911398349434,1.2967837221104705,-0.0012157868298688958,1.2979995089403396,0.0
194,3.88,hold,kick,109,1.9900000095367432,-0.14000000059604645,0.10973345824050044,0.16918430284203928,0.08547533118107041,0.7669199443239355,1.2950843451431366,-0.0012933919862893883,1.296377737129426,0.0
195,3.9,hold,kick,110,1.9900000095367432,-0.14000000059604645,0.10973345824050044,0.18323788685269163,0.08269474419295995,0.7641401774234896,1.293124364428885,-0.0013851765459337063,1.2945095409748186,0.0
196,3.92,hold,kick,111,1.9900000095367432,-0.14000000059604645,0.10973345824050044,0.1983267067535216,0.07974226932303768,0.7610703197144575,1.2908478089322304,-0.0017194164355304811,1.292567225367761,0.0
197,3.94,hold,kick,112,1.9900000095367432,-0.14000000059604645,0.10973345824050044,0.21307702554553543,0.07741302548294621,0.7585164709634916,1.2888199312345028,-0.004201465774727187,1.29302139700923,0.0
198,3.96,hold,kick,113,1.9900000095367432,-0.14000000059604645,0.10973345824050044,0.22684251863279314,0.07578736598338563,0.7575945003403052,1.2881608005705552,-0.002695968996962457,1.2908567695675177,0.0
199,3.98,hold,kick,114,1.9900000095367432,-0.14000000059604645,0.10973345824050044,0.24102482423400362,0.07399819224727339,0.7578767194864907,1.2887018474501422,-0.002172080846694919,1.2908739282968371,0.0
200,4.0,hold,kick,115,1.9900000095367432,-0.14000000059604645,0.10973345824050044,0.2558526055804897,0.07190894586120153,0.7592169012168538,1.2903180258466698,-0.0025074697217677896,1.2928254955684375,0.0
201,4.02,hold,kick,116,1.9900000095367432,-0.14000000059604645,0.10973345824050044,0.27126949760781294,0.06955417212963012,0.7615656824629683,1.292923678839835,-0.0027933840037315874,1.2957170628435666,0.0
202,4.04,hold,kick,117,1.9900000095367432,-0.14000000059604645,0.10973345824050044,0.28719313511029537,0.06700915242542402,0.7647134573412291,1.2962856216908922,-0.0031523800334431126,1.2994380017243354,0.0
203,4.06,hold,kick,118,1.9900000095367432,-0.14000000059604645,0.10973345824050044,0.3036490778852237,0.0644611324645496,0.7685526779991747,1.3002840312793287,-0.003555468310099022,1.3038394995894278,0.0
204,4.08,hold,kick,119,1.9900000095367432,-0.14000000059604645,0.10973345824050044,0.3203996441681268,0.06216864419471707,0.7731964777452148,1.3050032310520365,-0.004011576936123945,1.3090148079881605,0.0
205,4.1,hold,kick,120,1.9900000095367432,-0.14000000059604645,0.10973345824050044,0.3370919011349576,0.05953032462434787,0.7778224552865627,1.3096266364329565,-0.004316710211953387,1.31394334664491,0.0
206,4.12,hold,kick,121,1.9900000095367432,-0.14000000059604645,0.10973345824050044,0.35303745154727945,0.05677220682656338,0.7817887323973381,1.3135261320320413,-0.004198463104211708,1.317724595136253,0.0
207,4.14,hold,kick,122,1.9900000095367432,-0.14000000059604645,0.10973345824050044,0.3675177931272392,0.054249009739831086,0.7845579722370244,1.3161751277207356,-0.0027207982128206014,1.3188959259335562,0.0
208,4.16,hold,kick,123,1.9900000095367432,-0.14000000059604645,0.10973345824050044,0.3803401878709681,0.05189459252181677,0.7864764777074793,1.3179503955970429,-0.00313209460663812,1.321082490203681,0.0
209,4.18,hold,kick,124,1.9900000095367432,-0.14000000059604645,0.10973345824050044,0.3919793949110885,0.0496116994935462,0.7881241815890718,1.3194632355148292,-0.003426514751385886,1.3228897502662151,0.0
210,4.2,hold,kick,125,1.9900000095367432,-0.14000000059604645,0.10973345824050044,0.4030047234678317,0.04751599454778436,0.7897303104940772,1.3209457275835308,-0.003631558524913321,1.3245772861084442,0.0
211,4.22,hold,kick,126,1.9900000095367432,-0.14000000059604645,0.10973345824050044,0.41395205922970835,0.04581835474775281,0.7913290641332382,1.3224458960524326,-0.003779022756005442,1.326224918808438,0.0
212,4.24,hold,kick,127,1.9900000095367432,-0.14000000059604645,0.10973345824050044,0.42515248197342714,0.04454492118507737,0.7929065843629758,1.3239569117374326,-0.0038670839645402327,1.3278239957019728,0.0
213,4.26,hold,kick,128,1.9900000095367432,-0.14000000059604645,0.10973345824050044,0.4365806008596319,0.04362161167846717,0.7943563092226031,1.3253421051324459,-0.0039002829420395867,1.3292423880744855,0.0
214,4.28,hold,kick,129,1.9900000095367432,-0.14000000059604645,0.10973345824050044,0.44821411830333246,0.04308239775819071,0.7954977671156662,1.3263983161777997,-0.0039055963284385722,1.3303039125062384,0.0
215,4.3,hold,kick,130,1.9900000095367432,-0.14000000059604645,0.10973345824050044,0.46005231208506076,0.04297925821923326,0.7961953357938347,1.3269718099835177,-0.0038733712557930747,1.3308451812393107,0.0
216,4.32,hold,kick,131,1.9900000095367432,-0.14000000059604645,0.10973345824050044,0.47212185780632343,0.04333844003599611,0.7962999987396231,1.3269010792915017,-0.0037432491990081578,1.3306443284905098,0.0
217,4.34,hold,kick,132,1.9900000095367432,-0.14000000059604645,0.10973345824050044,0.4844260634100278,0.044206898371482534,0.7957273594064544,1.326080051553896,-0.0034589384766707185,1.3295389900305667,0.0
218,4.36,hold,kick,133,1.9900000095367432,-0.14000000059604645,0.10973345824050044,0.497003262711759,0.04555832795999137,0.7944254995840537,1.3244273355094185,-0.002959134171734462,1.327386469681153,0.0
219,4.38,hold,kick,134,1.9900000095367432,-0.14000000059604645,0.10973345824050044,0.5100093615467448,0.0473242379653494,0.7924041992830209,1.3219589321919591,-0.0023344721900479086,1.3242934043820072,0.0
220,4.4,hold,kick,135,1.9900000095367432,-0.14000000059604645,0.10973345824050044,0.5235926820184976,0.04949669016567585,0.7897484169345872,1.3187681567064984,-0.001683955992027291,1.3204521126985256,0.0
221,4.42,hold,kick,136,1.9900000095367432,-0.14000000059604645,0.10973345824050044,0.5379314541160961,0.05206117237484503,0.7864511186401287,1.3148803372994864,-0.001037583188938783,1.3159179204884253,0.0
222,4.44,hold,kick,137,1.9900000095367432,-0.14000000059604645,0.10973345824050044,0.5532233452389329,0.055127737316005045,0.7825990741437922,1.3104417425685073,-0.0005359692451042675,1.3109777118136117,0.0
223,4.46,hold,kick,138,1.9900000095367432,-0.14000000059604645,0.10973345824050044,0.5697313369719468,0.05890694003921497,0.7784418507882154,1.305794203250785,-0.0004826310866204893,1.3062768343374054,0.0
224,4.48,hold,kick,139,1.9900000095367432,-0.14000000059604645,0.10973345824050044,0.5876578560451846,0.06337071927672297,0.7739451554593152,1.301023389194152,-0.00042933135002216904,1.3014527205441742,0.0
225,4.5,hold,kick,140,1.9900000095367432,-0.14000000059604645,0.10973345824050044,0.6070742728187246,0.06836684879538263,0.7690301614618308,1.296141419359086,-0.0004121562677600818,1.296553575626846,0.0
226,4.52,hold,kick,141,1.9900000095367432,-0.14000000059604645,0.10973345824050044,0.627454675646332,0.07343068066783304,0.7640323902949294,1.2913624418094567,-0.004499157073056037,1.2958615988825128,0.0
227,4.54,hold,kick,142,1.9900000095367432,-0.14000000059604645,0.10973345824050044,0.6469683703757058,0.07707401817918265,0.7610880173082889,1.2886492924227697,-0.001995084543967164,1.2906443769667368,0.0
228,4.56,hold,kick,143,1.9900000095367432,-0.14000000059604645,0.10973345824050044,0.6659526185165157,0.07998927138757499,0.7598017746215737,1.2876423822352965,-0.0016730474960306892,1.2893154297313272,0.0
229,4.58,hold,kick,144,1.9900000095367432,-0.14000000059604645,0.10973345824050044,0.6839822235504622,0.082124844152902,0.7609715412490621,1.288993763975044,-0.0017944690705789489,1.2907882330456228,0.0
230,4.6,hold,kick,145,1.9900000095367432,-0.14000000059604645,0.10973345824050044,0.7020292559556882,0.084398552118756,0.7637600069081839,1.2920912324490264,-0.0019144789508976565,1.294005711399924,0.0
231,4.62,hold,kick,146,1.9900000095367432,-0.14000000059604645,0.10973345824050044,0.7202774998043845,0.08701374867814524,0.7673540358806014,1.2960877733142548,-0.0023907779882226185,1.2984785513024775,0.0
232,4.64,hold,kick,147,1.9900000095367432,-0.14000000059604645,0.10973345824050044,0.7386133499316315,0.08983145362641291,0.7713314684177628,1.3004619094117325,-0.0029495776274580943,1.3034114870391906,0.0
233,4.66,hold,kick,148,1.9900000095367432,-0.14000000059604645,0.10973345824050044,0.7569844898265652,0.09272044084140996,0.7753639202386632,1.304838583541345,-0.0033815921581924063,1.3082201756995373,0.0
234,4.68,hold,kick,149,1.9900000095367432,-0.14000000059604645,0.10973345824050044,0.7750515801591977,0.09560089644728374,0.7791203182227434,1.3087672528663086,-0.004000495680275509,1.312767748546584,0.0
235,4.7,hold,kick,150,1.9900000095367432,-0.14000000059604645,0.10973345824050044,0.7922916503065304,0.09820599348688346,0.7822747893562922,1.3118076087447281,-0.003993876823392778,1.3158014855681208,0.0
236,4.72,hold,kick,151,1.9900000095367432,-0.14000000059604645,0.10973345824050044,0.8082579973770404,0.09994425453071501,0.7845846541306413,1.3136470335148152,-0.0012794132028283861,1.3149264467176436,0.0
237,4.74,hold,kick,152,1.9900000095367432,-0.14000000059604645,0.10973345824050044,0.8232850380404569,0.10112239087819515,0.786179792988993,1.3145315543185576,-0.0004208143018383584,1.3149523686203959,0.0
238,4.76,hold,kick,153,1.9900000095367432,-0.14000000059604645,0.10973345824050044,0.8378283368530655,0.10226193412559545,0.7877947096000951,1.3154392005858768,-0.0004613882504775485,1.3159005888363544,0.0
239,4.78,hold,kick,154,1.9900000095367432,-0.14000000059604645,0.10973345824050044,0.8523205787348895,0.10360332925912953,0.7897084000639207,1.3168493077952919,-0.0005491699821817443,1.3173984777774737,0.0
240,4.8,hold,kick,155,1.9900000095367432,-0.14000000059604645,0.10973345824050044,0.8670944508155898,0.10515573629016962,0.7918946844819954,1.3188016458597405,-0.0006441551787049749,1.3194458010384453,0.0
241,4.82,hold,kick,156,1.9900000095367432,-0.14000000059604645,0.10973345824050044,0.8822147939659444,0.10677308278886637,0.7940911092635546,1.3209734504704025,-0.0007283583181171074,1.3217018087885195,0.0
242,4.84,hold,kick,157,1.9900000095367432,-0.14000000059604645,0.10973345824050044,0.8975928353765805,0.10831226727023542,0.7959957575798015,1.3229611185124714,-0.0008054450769725066,1.323766563589444,0.0
243,4.86,hold,kick,158,1.9900000095367432,-0.14000000059604645,0.10973345824050044,0.9131972946320658,0.10971251551983374,0.7973737497371396,1.3245017913944135,-0.0008728969512445638,1.325374688345658,0.0
244,4.88,hold,kick,159,1.9900000095367432,-0.14000000059604645,0.10973345824050044,0.9286454151913169,0.11144574373608869,0.7978320149633767,1.3252534920344918,-0.0009348605407306677,1.3261883525752225,0.0
245,4.9,hold,kick,160,1.9900000095367432,-0.14000000059604645,0.10973345824050044,0.944182775883323,0.11284067407803137,0.7974981789211096,1.3252652147131143,-0.0009227038696157062,1.32618791858273,0.0
246,4.92,hold,kick,161,1.9900000095367432,-0.14000000059604645,0.10973345824050044,0.9598785254251585,0.11322493753379427,0.7962527917838312,1.3243331771250786,-0.0008316655461868341,1.3251648426712654,0.0
247,4.94,hold,kick,162,1.9900000095367432,-0.14000000059604645,0.10973345824050044,0.9755228844156223,0.11273774929188497,0.794110611578341,1.3223817695962923,-0.000715291005555712,1.323097060601848,0.0
248,4.96,hold,kick,163,1.9900000095367432,-0.14000000059604645,0.10973345824050044,0.9911334396052291,0.11166593505899106,0.7911569803949118,1.319451150233153,-0.0005928327476491836,1.3200439829808022,0.0
249,4.98,hold,kick,164,1.9900000095367432,-0.14000000059604645,0.10973345824050044,1.0069145151045649,0.11013920826390182,0.7875701319186569,1.3157440119062334,-0.0004933422789911539,1.3162373541852246,0.0
250,5.0,hold,kick,165,1.9900000095367432,-0.14000000059604645,0.10973345824050044,1.0231552545548825,0.10821226010686759,0.7833641611351446,1.3113427970189573,-0.0004289577291154735,1.3117717547480727,0.0
251,5.02,hold,kick,166,1.9900000095367432,-0.14000000059604645,0.10973345824050044,1.0400412439913242,0.10583940543872766,0.7785043121301919,1.3062495191896322,-0.00040962209441824243,1.3066591412840505,0.0
252,5.04,hold,kick,167,1.9900000095367432,-0.14000000059604645,0.10973345824050044,1.0578105558163944,0.10292714976299541,0.7729440611909888,1.3005132834582356,-0.0006122472383975966,1.3011255306966332,0.0
253,5.06,hold,kick,168,1.9900000095367432,-0.14000000059604645,0.10973345824050044,1.0767966629840062,0.09933008480746812,0.7666059860327702,1.2942595699058224,-0.0008047788276959005,1.2950643487335183,0.0
254,5.08,hold,kick,169,1.9900000095367432,-0.14000000059604645,0.10973345824050044,1.0970582789841403,0.09477397464847832,0.7596372207796241,1.2877190635872173,-0.0008453545843219654,1.2885644181715392,0.0
255,5.1,hold,kick,170,1.9900000095367432,-0.14000000059604645,0.10973345824050044,1.1186234535609456,0.08937912218123072,0.7519713034751117,1.2807688084732467,-0.0015410253858694906,1.2823098338591161,0.0
256,5.12,hold,kick,171,1.9900000095367432,-0.14000000059604645,0.10973345824050044,1.1406320545900157,0.08446377345077433,0.7450142148735274,1.2744849818790263,-0.00589501618516762,1.280379998064194,0.0
257,5.14,hold,kick,172,1.9900000095367432,-0.14000000059604645,0.10973345824050044,1.162020695339266,0.0805874342450747,0.7412648204394607,1.2712424749037463,-0.003433888532356988,1.2746763634361034,0.0
258,5.16,hold,kick,173,1.9900000095367432,-0.14000000059604645,0.10973345824050044,1.183822945465608,0.0765016070191826,0.7401257318367439,1.2706492798004843,-0.002282972250760372,1.2729322520512447,0.0
259,5.18,hold,kick,174,1.9900000095367432,-0.14000000059604645,0.10973345824050044,1.2059006986985663,0.07204904304651195,0.7410656894623373,1.2720792337011466,-0.002616636339948311,1.2746958700410949,0.0
260,5.2,hold,kick,175,1.9900000095367432,-0.14000000059604645,0.10973345824050044,1.2281699633500613,0.06739103835315848,0.7436709111096768,1.2750592233132,-0.0030765909281398607,1.27813581424134,0.0
261,5.22,hold,kick,176,1.9900000095367432,-0.14000000059604645,0.10973345824050044,1.2503276566865256,0.06370685667815856,0.7487056687427291,1.280285158135752,-0.003534886418573968,1.283820044554326,0.0
262,5.24,hold,kick,177,1.9900000095367432,-0.14000000059604645,0.10973345824050044,1.2724263583795465,0.06001466037383211,0.7553344099280309,1.2869662268225217,-0.004271069103742697,1.2912372959262644,0.0
263,5.26,hold,kick,178,1.9900000095367432,-0.14000000059604645,0.10973345824050044,1.2940343866611104,0.05632473330498414,0.76275237526922,1.294304102427242,-0.004172365015337007,1.2984764674425788,0.0
264,5.28,hold,kick,179,1.9900000095367432,-0.14000000059604645,0.10973345824050044,1.314322316489021,0.053035428674851344,0.7701476422616943,1.301562420267682,-0.0036777007287053243,1.3052401209963875,0.0
265,5.3,hold,kick,180,1.9900000095367432,-0.14000000059604645,0.10973345824050044,1.3329076320408397,0.05020032191394759,0.7771896657789559,1.3084751938029402,-0.0023879337763029578,1.310863127579243,0.0
266,5.32,hold,kick,181,1.9900000095367432,-0.14000000059604645,0.10973345824050044,1.3499737204541704,0.0475886193919811,0.7837603222310617,1.31500052975044,-0.0023028618362482337,1.317303391586688,0.0
267,5.34,hold,kick,182,1.9900000095367432,-0.14000000059604645,0.10973345824050044,1.3659205258786706,0.04530687231477282,0.7893796407265765,1.320603963307446,-0.002347441182877743,1.3229514044903237,0.0
268,5.36,hold,kick,183,1.9900000095367432,-0.14000000059604645,0.10973345824050044,1.3808784179409905,0.043486849810211566,0.7936983810228728,1.3248765099993394,-0.0024665676993581333,1.3273430776986974,0.0
269,5.38,hold,kick,184,1.9900000095367432,-0.14000000059604645,0.10973345824050044,1.3950515683924969,0.04203515011264881,0.7966652792530886,1.3277640580787462,-0.0026124760151535927,1.3303765340938998,0.0
270,5.4,hold,kick,185,1.9900000095367432,-0.14000000059604645,0.10973345824050044,1.4087133947130202,0.040864990212128104,0.7985637737546354,1.3295901903340401,-0.002716826246936522,1.3323070165809767,0.0
271,5.42,hold,kick,186,1.9900000095367432,-0.14000000059604645,0.10973345824050044,1.4220676346173218,0.03997654180627458,0.799633115663405,1.3306434141544061,-0.0027747408941973285,1.3334181550486035,0.0
272,5.44,hold,kick,187,1.9900000095367432,-0.14000000059604645,0.10973345824050044,1.4351370017376799,0.03945788108864983,0.7999125913342167,1.3309592454823709,-0.002826613288835579,1.3337858587712064,0.0
273,5.46,hold,kick,188,1.9900000095367432,-0.14000000059604645,0.10973345824050044,1.4478587246021444,0.03934944908116139,0.7993727436414981,1.3304617762323387,-0.0028873791611635224,1.3333491553935022,0.0
274,5.48,hold,kick,189,1.9900000095367432,-0.14000000059604645,0.10973345824050044,1.4604100116377154,0.039604766294213785,0.7980254230484938,1.329153714026676,-0.003315874296329315,1.3324695883230053,0.0
275,5.5,hold,kick,190,1.9900000095367432,-0.14000000059604645,0.10973345824050044,1.4730410194868033,0.04028204193456722,0.7961593658576106,1.3273178663489777,-0.003803453795503512,1.3311213201444814,0.0
276,5.52,hold,kick,191,1.9900000095367432,-0.14000000059604645,0.10973345824050044,1.4862300404849234,0.041616561492407486,0.7942323910650756,1.3253870211441834,-0.0036378831675811553,1.3290249043117646,0.0
277,5.54,hold,kick,192,1.9900000095367432,-0.14000000059604645,0.10973345824050044,1.4999266265768871,0.04353642878632184,0.7919515578479546,1.323023866890734,-0.0035205814057176973,1.3265444482964517,0.0
278,5.56,hold,kick,193,1.9900000095367432,-0.14000000059604645,0.10973345824050044,1.5140602930591704,0.04605967477203561,0.7891458708554673,1.3200189576261032,-0.0032202166196722143,1.3232391742457754,0.0
279,5.58,hold,kick,194,1.9900000095367432,-0.14000000059604645,0.10973345824050044,1.5287860917060538,0.049167441888030496,0.7856609639100913,1.3162171130524665,-0.002746599252355462,1.318963712304822,0.0
280,5.6,hold,kick,195,1.9900000095367432,-0.14000000059604645,0.10973345824050044,1.5442202658975557,0.05285030047780203,0.7813024191929632,1.311422171580324,-0.0026143988957896235,1.3140365704761137,0.0
281,5.62,hold,kick,196,1.9900000095367432,-0.14000000059604645,0.10973345824050044,1.5603764909076585,0.057032108570919976,0.775764690630007,1.3053254169349355,-0.0023790789338491367,1.3077044958687847,0.0
282,5.64,hold,kick,197,1.9900000095367432,-0.14000000059604645,0.10973345824050044,1.5772784480159956,0.061842411438377765,0.76892604384294,1.2977887225617712,-0.0023192078837013137,1.3001079304454726,0.0
283,5.66,hold,kick,198,1.9900000095367432,-0.14000000059604645,0.10973345824050044,1.595348922246396,0.06749899324499016,0.760867993364901,1.2890326318435612,-0.002374836313692865,1.291407468157254,0.0
284,5.68,hold,kick,199,1.9900000095367432,-0.14000000059604645,0.10973345824050044,1.6151421346133323,0.07383685183160558,0.751750785703542,1.2794704442057776,-0.0045638963305157446,1.2840343405362933,0.0
285,5.7,hold,kick,200,1.9900000095367432,-0.14000000059604645,0.10973345824050044,1.6340864887038244,0.07902450443658349,0.7452971895413059,1.2725343037031702,-0.00311490573599758,1.2756492094391678,0.0
286,5.72,hold,kick,201,1.9900000095367432,-0.14000000059604645,0.10973345824050044,1.649888186566116,0.08199122436870963,0.7452543728530092,1.2717933153742733,-0.003970397477188196,1.2757637128514616,0.0
287,5.74,hold,kick,202,1.9900000095367432,-0.14000000059604645,0.10973345824050044,1.6651657594077074,0.08516040570279067,0.7492526884072188,1.2753925950239575,-0.003603191186279671,1.2789957862102372,0.0
288,5.76,hold,kick,203,1.9900000095367432,-0.14000000059604645,0.10973345824050044,1.681494010658844,0.0893197761814742,0.7541053463082491,1.2805418059535028,-0.004082946555430074,1.284624752508933,0.0
289,5.78,hold,kick,204,1.9900000095367432,-0.14000000059604645,0.10973345824050044,1.6989194905303513,0.09400209604703512,0.7590565351754082,1.2863687637938288,-0.0042240511355838214,1.2905928149294126,0.0
290,5.8,hold,kick,205,1.9900000095367432,-0.14000000059604645,0.10973345824050044,1.7170693071964271,0.09850066843197279,0.7642913930206626,1.2928129468144842,-0.004103369402378938,1.296916316216863,0.0
291,5.82,hold,kick,206,1.9900000095367432,-0.14000000059604645,0.10973345824050044,1.7354263962726109,0.102622764029554,0.7700518530899824,1.299830368305777,-0.00406989977219821,1.3039002680779752,0.0
292,5.84,hold,kick,207,1.9900000095367432,-0.14000000059604645,0.10973345824050044,1.7535279067154743,0.10663396047941458,0.7760739846827006,1.3068795407866571,-0.004236394750549599,1.3111159355372068,0.0
293,5.86,hold,kick,208,1.9900000095367432,-0.14000000059604645,0.10973345824050044,1.7708646233925232,0.11062785228739991,0.781689553567616,1.3131832783271944,-0.00446756669645236,1.3176508450236468,0.0
294,5.88,hold,kick,209,1.9900000095367432,-0.14000000059604645,0.10973345824050044,1.7869520219293702,0.11413687365652138,0.7859357207740483,1.3178100182936965,-0.0022295551230742602,1.3200395734167707,0.0
295,5.9,hold,kick,210,1.9900000095367432,-0.14000000059604645,0.10973345824050044,1.8015288271858159,0.11731623674494844,0.7884055581257657,1.320354213967034,-0.0019695945076396368,1.3223238084746736,0.0
296,5.92,hold,kick,211,1.9900000095367432,-0.14000000059604645,0.10973345824050044,1.8148795247796576,0.12046620652671165,0.7889162213071041,1.320698982741742,-0.0016290893740178829,1.3223280721157598,0.0
297,5.94,hold,kick,212,1.9900000095367432,-0.14000000059604645,0.10973345824050044,1.8274352054307423,0.12380689255536169,0.7876231304755492,1.3190209952198615,-0.0013893622190305661,1.3204103574388921,0.0
298,5.96,hold,kick,213,1.9900000095367432,-0.14000000059604645,0.10973345824050044,1.838843352265964,0.1270920980609427,0.7855044915779232,1.3163195406613823,-0.0013153341713449708,1.3176348748327273,0.0
299,5.98,hold,kick,214,1.9900000095367432,-0.14000000059604645,0.10973345824050044,1.8479894354505173,0.12911825425131396,0.7856288706292002,1.3158670690965342,-0.0010375836457726627,1.3169046527423067,0.0
300,6.0,hold,kick,215,1.9900000095367432,-0.14000000059604645,0.10973345824050044,1.8556340793435218,0.13061189627420436,0.787147396521382,1.3168514153225512,-0.0006409686488386968,1.31749238397139,0.0
301,6.02,hold,kick,216,1.9908907409881074,-0.14027115834209652,0.11030309319793978,1.8619579296590663,0.1318021499373685,0.7891791432960091,1.318428451909963,-0.0006192192116820164,1.319047671121645,0.0
302,6.04,hold,kick,217,2.0338721810433356,-0.15050923430869692,0.11887524263619323,1.8671387343105719,0.13265930185766153,0.791275218356883,1.3202265187976692,-0.0006921032151008706,1.32091862201277,0.0
303,6.06,hold,kick,218,2.1029767562355626,-0.17052309206900362,0.13616068493005004,1.8707779091049097,0.133277276374846,0.7931428666734303,1.3221083660521504,-0.0007635486076381232,1.3228719146597885,0.0
304,6.08,hold,kick,219,2.175107106527163,-0.19211559070798673,0.15489785004677772,1.87334918786775,0.13391357765796352,0.7949171267637785,1.3240721743367743,-0.0007775247130784244,1.3248496990498526,0.0
305,6.1,hold,kick,220,2.2472227791928234,-0.2136828228680258,0.17012981643671302,1.8759823476387538,0.1346385839606796,0.7969116970764839,1.3262626435197062,-0.0007696693478005598,1.3270323128675068,0.0
306,6.12,hold,kick,221,2.3193384518584836,-0.2352500550280649,0.18143778282664813,1.8791589429568847,0.13533846843213196,0.7987413654870339,1.3283541075793108,-0.0008047464936525202,1.3291588540729633,0.0
307,6.14,hold,kick,222,2.391454124524144,-0.2568172871881043,0.18882174921658312,1.8829230138414577,0.13604987818323208,0.7997822931637656,1.3297778440243309,-0.0009013186704024921,1.3306791626947334,0.0
308,6.16,hold,kick,223,2.463569797189804,-0.2783845193481445,0.19228171560651852,1.8869361651409955,0.1369310474771397,0.799919149902265,1.3303253847694307,-0.0009291809991927094,1.3312545657686234,0.0
309,6.18,hold,kick,224,2.5356854698554643,-0.2999517515081847,0.19181768199645344,1.8910638384878267,0.13849464403848805,0.7993914152796452,1.3301140776832163,-0.0009113657656571808,1.3310254434488735,0.0
310,6.2,hold,kick,225,2.6078011425211245,-0.3215189836682249,0.18742964838638854,1.8950835666285872,0.1402094815644181,0.7986217685386081,1.3295065197354987,-0.000810762693042321,1.330317282428541,0.0
311,6.22,hold,kick,226,2.6799168151867847,-0.3430862158282651,0.179117614776324,1.8986808575606373,0.1410837257039142,0.7977192609574519,1.3286519349155874,-0.000619335951231318,1.3292712708668188,0.0
312,6.24,hold,kick,227,2.752032487852445,-0.3646534479883053,0.1668815811662588,1.9019973468465148,0.14087138818194023,0.7968035345667774,1.3277111230265954,-0.0006564935404970301,1.3283676165670926,0.0
313,6.26,hold,kick,228,2.824148160518105,-0.3862206801483455,0.15072154755619402,1.9052790427737214,0.13969732581892688,0.7962090950024052,1.3270165528156914,-0.0006344623138503751,1.3276510151295418,0.0
314,6.28,hold,kick,229,2.8962638331837653,-0.4077879123083857,0.13063751394612902,1.90837972950848,0.13782839982955922,0.7961377384169881,1.326734798857925,-0.0006492487178815336,1.3273840475758065,0.0
315,6.3,hold,kick,230,2.967941192044184,-0.42931515840156176,0.10714817409306983,1.9111887157990404,0.13529950478716607,0.797097950104767,1.3273130077913384,-0.0006692664077667908,1.3279822741991052,0.0
316,6.32,hold,kick,231,3.022334041677826,-0.44921344749605174,0.1017284031905078,1.9139798174335134,0.13260035811372062,0.7988610891318357,1.3285880244093593,-0.000695540286001186,1.3292835646953605,0.0
317,6.34,hold,kick,232,3.0691897466403586,-0.4683955844944466,0.10484804776890888,1.91708218188795,0.12983025251357716,0.8007103891196692,1.3298999593212943,-0.0006387792213693212,1.3305387385426637,0.0
318,6.36,hold,kick,233,3.1152405848900413,-0.48754257660819433,0.1077618860504439,1.9207332650570437,0.12697343323139754,0.8022519403104701,1.330925328305387,-0.0005758626165474137,1.3315011909219345,0.0
319,6.38,hold,kick,234,3.1612696653294483,-0.506689568721942,0.10945692229135538,1.9249006080874311,0.12430967697667773,0.8034939163971891,1.3317200268642835,-0.0005545069317943394,1.3322745337960777,0.0
320,6.4,hold,kick,235,3.207298922122635,-0.5258364548173076,0.10996164425693382,1.9293066098893272,0.12206059051342295,0.8046270404852743,1.3325147568476943,-0.0005653655358062309,1.3330801223835005,0.0
321,6.42,hold,kick,236,3.2533398302594114,-0.5449723295333352,0.10982018778120747,1.9332738730263483,0.12006118094921364,0.8057759457926338,1.3333633993881118,-0.0006232651268896564,1.3339866645150014,0.0
322,6.44,hold,kick,237,3.2993837977546434,-0.5641017042113732,0.10986532869515647,1.9366529876464582,0.11843924362083512,0.8069139456705817,1.3341242650704994,-0.0006188902972191768,1.3347431553677187,0.0
323,6.46,hold,kick,238,3.3454303057062096,-0.5832311177466528,0.10991402917797188,1.939579256524883,0.11673396230678289,0.8079485322605977,1.3346298725579264,-0.0006158257735255114,1.335245698331452,0.0
324,6.48,hold,kick,239,3.3914794510496957,-0.6023614938931039,0.1099403012432193,1.9418933487472687,0.11457768101476476,0.8089833920939115,1.334888641239394,-0.0006873952958657038,1.3355760365352598,0.0
325,6.5,hold,kick,240,3.4375301734033092,-0.6214925077365785,0.10995007206136873,1.9440274358284635,0.11210071501387324,0.8099573658903348,1.3349610722315843,-0.0007020795699512992,1.3356631518015356,0.0
326,6.52,hold,kick,241,3.4835815428297345,-0.6406237881064192,0.10995085663747088,1.946384917949283,0.10959910178419413,0.8106978547235022,1.3348094459737454,-0.0007348162792323795,1.3355442622529778,0.0
327,6.54,hold,kick,242,3.5296330064308976,-0.659755107299101,0.10994729351949196,1.9491145627622581,0.10726663643768425,0.8112162115924237,1.3345954754705693,-0.0007718794839533007,1.3353673549545226,0.0
328,6.56,hold,kick,243,3.575684283444448,-0.6788863489375996,0.10994178660240067,1.9522092533278286,0.10518862577519253,0.8116372751592962,1.3345355631144873,-0.0008328662195955516,1.3353684293340828,0.0
329,6.58,hold,kick,244,3.621735244297081,-0.6980174592270932,0.10993549167361974,1.9557007543890494,0.10345964589451304,0.8120083080495434,1.3346738450424935,-0.0008980313804046527,1.335571876422898,0.0
330,6.6,hold,kick,245,3.667785834773718,-0.717148415649325,0.10992894089776893,1.9596545273641715,0.10210675610565197,0.8123241560253295,1.3350352931221863,-0.0009436467920639485,1.3359789399142503,0.0
331,6.62,hold,kick,246,3.7138360360955844,-0.7362792104035516,0.10992237112617476,1.9639933232681028,0.1009247838101535,0.812519901934826,1.3355231223555755,-0.000961611022545536,1.336484733378121,0.0
332,6.64,hold,kick,247,3.7598858454906363,-0.7554098423382515,0.10991588391601,1.9686604344227785,0.09953827109689123,0.8123733330902505,1.3357902974214122,-0.0009881763857848835,1.336778473807197,0.0
333,6.66,hold,kick,248,3.8059352671450943,-0.7745403131925306,0.10990952039471746,1.9737373857689573,0.09766207710829755,0.8119990001411564,1.335839630666272,-0.0010510564833072986,1.3368906871495794,0.0
334,6.68,hold,kick,249,3.851984308114978,-0.7936706258976977,0.10990329532580563,1.9793492132843153,0.09535244412617777,0.8114714220648455,1.3357451044836672,-0.001116232913818939,1.3368613373974862,0.0
335,6.7,hold,kick,250,3.8980329765249198,-0.8128007838289965,0.10989721226369938,1.9856970883584,0.09260639070623987,0.8108413984125686,1.3355897167973834,-0.0011626919846389437,1.3367524087820224,0.0
336,6.72,hold,kick,251,3.9440812807947454,-0.8319307904843046,0.10989127015614647,1.992910615146646,0.0893794310031088,0.810013282946753,1.3353051493283723,-0.001206095799573044,1.3365112451279453,0.0
337,6.74,hold,kick,252,3.990129229317749,-0.8510606493504765,0.10988546616015336,2.0010912360844877,0.08564330368037258,0.8089165018579964,1.3348480997049912,-0.0012424574150169156,1.3360905571200081,0.0
338,6.76,hold,kick,253,4.036176830333266,-0.8701903638504093,0.10987979681502578,2.0103541040241275,0.08141203910071486,0.8075270865802704,1.334227479360695,-0.0012657588267862355,1.3354932381874811,0.0
339,6.78,hold,kick,254,4.082224091880951,-0.8893199373240447,0.10987425851696163,2.020687691915218,0.07670986348127777,0.8058947345345374,1.3334418576400733,-0.0012532677074364625,1.3346951253475097,0.0
340,6.8,hold,kick,255,4.128271021788481,-0.9084493730232602,0.10986884770305402,2.0321420839434694,0.07152238220150849,0.8040253866798154,1.3324438160557528,-0.0011780230641396522,1.3336218391198924,0.0
341,6.82,hold,kick,256,4.174317627672411,-0.9275786741122279,0.10986356091727852,2.044829103681783,0.06589084683957311,0.8017774970422654,1.331057149392848,-0.0010069733872904302,1.3320641227801384,0.0
342,6.84,hold,kick,257,4.220363916943892,-0.9467078436697897,0.10985839482993522,2.0587745364634906,0.059863856155385156,0.79894144600634,1.3289949208410397,-0.0006389634014912528,1.3296338842425308,0.0
343,6.86,hold,kick,258,4.266409896815941,-0.9658368846924718,0.10985334623946427,2.0740332031836917,0.053235975452212314,0.7955423217299095,1.3262086371811543,-0.0004847689880048238,1.326693406169159,0.0
344,6.88,hold,kick,259,4.3124555743109365,-0.9849658000976073,0.10984841206802916,2.090301907123202,0.04586396989818519,0.7908106730030151,1.3218732454265314,-0.0005125475955352933,1.3223857930220666,0.0
345,6.9,hold,kick,260,4.358500956267949,-1.004094592726375,0.10984358935521665,2.1056595840823187,0.03885756961013053,0.7852856938606672,1.3164423431932004,-0.0079537122273702,1.3243960554205707,0.0
346,6.92,hold,kick,261,4.404546049349698,-1.0232232653466897,0.10983887525144041,2.1181596781836043,0.032551607147100245,0.7808956706003192,1.3120936521073574,-0.0032905172855518736,1.3153841693929094,0.0
347,6.94,hold,kick,262,4.450590860049127,-1.0423518206559386,0.10983426701158874,2.1279357123143354,0.02619023330420955,0.7770528166416605,1.3083407619645213,-0.0018195520820164929,1.3101603140465379,0.0
348,6.96,hold,kick,263,4.4966353946956135,-1.0614802612835565,0.10982976198907145,2.13498791064887,0.021254229306954305,0.7746992935513055,1.306105302800154,-0.0016387366085451778,1.307744039408699,0.0
349,6.98,hold,kick,264,4.54267965946082,-1.080608589793459,0.1098253576302884,2.139634675759383,0.01863629260909506,0.775630003850522,1.3072382728615861,-0.0016644729856516507,1.3089027458472378,0.0
350,7.0,hold,kick,265,4.58872366036421,-1.0997368086863335,0.10982105146950162,2.1432122095288038,0.01636575612896574,0.7773351373693472,1.3091562880265593,-0.001725306559667017,1.3108815945862262,0.0
351,7.02,hold,kick,266,4.634767403278287,-1.1188649204018142,0.10981684112407945,2.1459636985027175,0.014408533005878757,0.7791135554599107,1.311121035002616,-0.0014813799886498787,1.3126024149912658,0.0
352,7.04,hold,kick,267,4.680810893933514,-1.137992927320524,0.10981272429008336,2.148342258735797,0.012904459225310664,0.7808213664084268,1.3129501262374925,-0.0020393628351428293,1.3149894890726352,0.0
353,7.06,hold,kick,268,4.726854137922993,-1.1571208317660282,0.10980869873816784,2.15093399575132,0.011845603333873892,0.7825559578906743,1.3147363361446704,-0.0016595933234849689,1.3163959294681553,0.0
354,7.08,hold,kick,269,4.772897140706902,-1.176248636006666,0.10980476230976798,2.153588166534268,0.01140188669779637,0.7839885122714245,1.316174582786755,-0.0016614842618013076,1.3178360670485563,0.0
355,7.1,hold,kick,270,4.818939907616698,-1.1953763422573036,0.10980091291355046,2.156191214108593,0.011554205867980885,0.7848226299237523,1.3169670230928596,-0.0015521500623229961,1.3185191731551826,0.0
356,7.12,hold,kick,271,4.8649824438591125,-1.2145039526809913,0.10979714852210799,2.1587352364972325,0.012341947190271093,0.7846718268665489,1.3167373744325757,-0.0014212378817507546,1.3181586123143265,0.0
357,7.14,hold,kick,272,4.91102475451995,-1.2336314693905424,0.10979346716887639,2.1616007921833322,0.013366087312241865,0.7837398149101218,1.3156576997224958,-0.0014776951852776832,1.3171353949077735,0.0
358,7.16,hold,kick,273,4.9570668445676995,-1.2527588944500347,0.10978986694525789,2.1644800432199385,0.01402220718690193,0.7827366185291325,1.3144243961761284,-0.0007318087564307796,1.3151562049325591,0.0
359,7.18,hold,kick,274,5.003108718856992,-1.2718862298762421,0.10978634599793376,2.1669416302191,0.014099715226758533,0.7823107395603824,1.3137245115730676,-0.0009213674557116344,1.3146458790287792,0.0
360,7.2,hold,kick,275,5.0491503821318675,-1.291013477639999,0.10978290252635271,2.1693690868011677,0.014252867982973339,0.7818420246804478,1.3130539749093237,-0.001209277599350092,1.314263252508674,0.0
361,7.22,hold,kick,276,5.09519183902893,-1.3101406396675062,0.10977953478038056,2.172185203700249,0.014429102672992626,0.7809136890432792,1.312005309534614,-0.0015750287890872704,1.3135803383237012,0.0
362,7.24,hold,kick,277,5.141233094080334,-1.3292677178415715,0.10977624105810006,2.175461352788757,0.01455536779709046,0.7793032839260986,1.3103460295309577,-0.001813698047633927,1.3121597275785917,0.0
363,7.26,hold,kick,278,5.187274151716653,-1.3483947140028036,0.1097730197037492,2.1790667966699524,0.01461695117906313,0.7771697934630659,1.3082104982112612,-0.0018748753030905889,1.3100853735143518,0.0
364,7.28,hold,kick,279,5.233315016269627,-1.3675216299507513,0.10976986910578727,2.1826792748562425,0.014593877046757934,0.7748650302091461,1.3059207387478742,-0.0017935917154250879,1.3077143304632992,0.0
365,7.3,hold,kick,280,5.279355691974782,-1.3866484674449957,0.10976678769508087,2.186004693076393,0.01453693521785439,0.7726521439999341,1.3037362244905477,-0.0016748470888715526,1.3054110715794192,0.0
366,7.32,hold,kick,281,5.325396182973968,-1.4057752282061993,0.10976377394319896,2.188886363404593,0.01463796991620277,0.7705278928754636,1.3016778659147674,-0.0015123993427832196,1.3031902652575507,0.0
367,7.34,hold,kick,282,5.371436493317761,-1.4249019139171075,0.1097608263608111,2.1912542605626006,0.015065026713087912,0.7683763289146603,1.2996415503752663,-0.0014161856770745392,1.3010577360523408,0.0
368,7.36,hold,kick,283,5.4174766269678045,-1.4440285262235182,0.10975794349618072,2.193052057162214,0.015869699164983393,0.7661945302294572,1.297613234146886,-0.0013508693956576952,1.2989641035425437,0.0
369,7.38,hold,kick,284,5.463516587799034,-1.46315506673521,0.10975512393374601,2.194397594621409,0.016908789775513747,0.7640481541249756,1.2956199319367276,-0.0013594806823245646,1.2969794126190521,0.0
370,7.4,hold,kick,285,5.509556379601832,-1.482281537026837,0.10975236629278365,2.1955771685230974,0.01780761509628715,0.762429676148068,1.2940802144727264,-0.0013857572330115454,1.295465971705738,0.0
371,7.42,hold,kick,286,5.555596006084113,-1.5014079386387864,0.10974966922614834,2.197100975093567,0.01856617115587059,0.761956420712318,1.293646491306017,-0.0014038967320566947,1.2950503880380737,0.0
372,7.44,hold,kick,287,5.601635470873304,-1.5205342730780145,0.10974703141908365,2.1988201003152117,0.019365769293124127,0.7621827139481504,1.2939102633458055,-0.0014351240150181632,1.2953453873608236,0.0
373,7.46,hold,kick,288,5.647674777518272,-1.539660541818841,0.1097444515880989,2.2004621045446746,0.02010656222391317,0.7627933728465025,1.2945570647198348,-0.0014552728993940736,1.296012337619229,0.0
374,7.48,hold,kick,289,5.693713929491201,-1.5587867463037257,0.1097419284799079,2.201963931156958,0.02069411130840616,0.7635847562859019,1.2953776287939989,-0.0014890152466986613,1.2968666440406975,0.0
375,7.5,hold,kick,290,5.739752930189375,-1.577912887944014,0.10973946087042458,2.203360312490028,0.02102757905884727,0.7644509477650768,1.2962610433373558,-0.0015204701426370648,1.2977815134799928,0.0
376,7.52,hold,kick,291,5.785791782939372,-1.5970389681216786,0.10973705405934536,2.204638684827924,0.021059926730053177,0.7653063364449402,1.2971215158199965,-0.0015659933120181144,1.2986875091320145,0.0
377,7.54,hold,kick,292,5.831830494765474,-1.6161649897548398,0.109735159972687,2.205785031494773,0.02081189811369359,0.766034190139702,1.2978471135662624,-0.0016310562165391465,1.2994781697828015,0.0
378,7.56,hold,kick,293,5.877869097857827,-1.635290966216366,0.10973414646969722,2.206778820415745,0.020325216442686752,0.7665262198741035,1.2983303098968868,-0.001697817285397113,1.300028127182284,0.0
379,7.58,hold,kick,294,5.923907638529106,-1.6544169167460876,0.10973370368991417,2.207603844809326,0.019673792068774364,0.7667318613371158,1.2985228328138483,-0.0017514142252243944,1.3002742470390727,0.0
380,7.6,hold,kick,295,5.969946149995852,-1.67354285514327,0.10973353498481693,2.208256715812718,0.0189422641695175,0.7666102879264286,1.29838956642825,-0.0017745743353948448,1.3001641407636448,0.0
381,7.62,hold,kick,296,6.015984649631955,-1.6926687886256067,0.10973347822362349,2.208715270103578,0.01817283933871951,0.766119050606813,1.2978930026746172,-0.001767224057140089,1.2996602267317572,0.0
382,7.64,hold,kick,297,6.062023145027456,-1.7117947203462534,0.10973346174289222,2.2089617176562393,0.017363480493231623,0.7652425151198021,1.297016919898453,-0.0017028937453297775,1.2987198136437828,0.0
383,7.66,hold,kick,298,6.108061639087134,-1.7309206515119548,0.10973345798859414,2.209011299193884,0.01648498696645689,0.7640264642276028,1.2958043975622282,-0.0016157482947783165,1.2974201458570065,0.0
384,7.68,hold,kick,299,6.154100132794511,-1.7500465825312985,0.10973345760394838,2.208881333703849,0.015464934526194409,0.7626073280900713,1.2943798603343548,-0.0015160908047400397,1.2958959511390948,0.0
385,7.7,hold,kick,300,6.200138626437826,-1.7691725135240308,0.10973345783832342,2.2086340674329867,0.014315078520121718,0.7612625254805448,1.2930170200881468,-0.001382984126863468,1.2944000042150103,0.0
386,7.72,hold,kick,301,6.246177120083999,-1.7882984445179484,0.10973345804967387,2.208484225336565,0.013040644866803246,0.7603793616531371,1.292101997299059,-0.0012150309004585816,1.2933170281995177,0.0
387,7.74,hold,kick,302,6.292215613740612,-1.8074243755162047,0.10973345816322866,2.2084919954600273,0.011746126593824076,0.7601286917841786,1.2918248590892356,-0.0010385266964312787,1.2928633857856668,0.0
388,7.76,hold,kick,303,6.338254107403993,-1.8265503065172712,0.10973345821291793,2.2085324076919117,0.010408047771002515,0.7605056989522513,1.2921869310778415,-0.0009002456966634639,1.293087176774505,0.0
389,7.78,hold,kick,304,6.384292601070622,-1.845676237519687,0.10973345823186817,2.2084872538718394,0.00904835605416007,0.7613373885590865,1.2930240844550132,-0.0008200390570241647,1.2938441235120373,0.0
390,7.8,hold,kick,305,6.430331094738575,-1.864802168522653,0.10973345823824947,2.208314680380884,0.007657272434675468,0.7623980911893732,1.2941085951726734,-0.0007991972198540288,1.2949077923925274,0.0
391,7.82,hold,kick,306,6.476369588407003,-1.883928099525817,0.10973345824010437,2.207992762375394,0.0061996320578366374,0.7634607612295222,1.2952066899335066,-0.0008357086174818167,1.2960423985509884,0.0
392,7.84,hold,kick,307,6.522408082075579,-1.9030540305290427,0.10973345824052787,2.207486851329719,0.0046409043455293685,0.7643179805133045,1.2961023727238623,-0.0008800365788947453,1.296982409302757,0.0
393,7.86,hold,kick,308,6.568446575744203,-1.9221799615322857,0.10973345824057179,2.2067933622182028,0.002984371050875107,0.7648278542443734,1.2966486543695788,-0.000895837791571423,1.29754449216115,0.0
394,7.88,hold,kick,309,6.6144850694128285,-1.9413058925355289,0.10973345824054578,2.2059480936931224,0.0012540274675376484,0.7649804855499207,1.296831464291153,-0.0008674144892801029,1.297698878780433,0.0
395,7.9,hold,kick,310,6.660523563081454,-1.960431823538772,0.10973345824052211,2.2050018952350756,-0.0005336022823881792,0.7648744497135991,1.296746979656345,-0.0007970395213497301,1.2975440191776946,0.0
396,7.92,hold,kick,311,6.706562056750079,-1.9795577545420153,0.10973345824050937,2.2040359528726654,-0.0023969883009190584,0.7646866359344057,1.2965693796375064,-0.0006977624964249682,1.2972671421339315,0.0
397,7.94,hold,kick,312,6.7526005504187046,-1.9986836855452585,0.10973345824050378,2.2030555470101723,-0.00423666265161589,0.7646085880928587,1.2964973269978197,-0.000582169153501913,1.2970794961513217,0.0
398,7.96,hold,kick,313,6.79863904408733,-2.01780961654851,0.10973345824050165,2.2020774282114264,-0.006029461865918095,0.7646518482114127,1.2965469181428482,-0.0005415973395167181,1.2970885154823648,0.0
399,7.98,hold,kick,314,6.844677537755955,-2.0369355475517623,0.10973345824050092,2.2011019717236624,-0.007765981288068073,0.7647030138670957,1.2966071865948183,-0.0005302082450856747,1.297137394839904,0.0
400,8.0,hold,kick,315,6.890716031424581,-2.0560614785550144,0.10973345824050079,2.2001074159807765,-0.00942689163409371,0.7646832764670399,1.2965995118729503,-0.0005230239865511022,1.2971225358595013,0.0
401,8.02,hold,kick,316,6.936754525093206,-2.0751874095582665,0.10973345824050079,2.199072368252876,-0.011019089929848798,0.7645606417559606,1.296490541404533,-0.0005182854805489377,1.297008826885082,0.0
402,8.04,hold,kick,317,6.982793018761831,-2.0943133405615186,0.10973345824050079,2.1979501843855,-0.012557773043123475,0.7643316270284126,1.2962721979727765,-0.0005144816428295992,1.296786679615606,0.0
403,8.06,hold,kick,318,7.028831512430457,-2.1134392715647707,0.10973345824050079,2.1967116400958018,-0.014048974907420237,0.7639907056599513,1.2959370787572928,-0.0005145536191102779,1.296451632376403,0.0
404,8.08,hold,kick,319,7.074870006099082,-2.132565202568023,0.10973345824050079,2.1953891281436286,-0.01549142510588105,0.7635023455538404,1.2954524996627226,-0.000527385314866867,1.2959798849775894,0.0
405,8.1,hold,kick,320,7.120908499767707,-2.151691133571275,0.10973345824050079,2.1940088311084107,-0.016870044177289385,0.7628489698484656,1.2948010745937064,-0.0005331294612116629,1.295334204054918,0.0
406,8.12,hold,kick,321,7.166946993436333,-2.170817064574527,0.10973345824050079,2.192585068361795,-0.01818040396457292,0.7620671830472533,1.2940164008852555,-0.0005255932033970401,1.2945419940886524,0.0
407,8.14,hold,kick,322,7.212985487104958,-2.189942995577779,0.10973345824050079,2.191141937678578,-0.019417038128791475,0.7611829885217979,1.2931249186169296,-0.0005093053523242963,1.2936342239692538,0.0
408,8.16,hold,kick,323,7.259023980773583,-2.2090689265810313,0.10973345824050079,2.189696556819267,-0.020552710727579398,0.760182070979491,1.2921143484131483,-0.000489630820894156,1.2926039792340425,0.0
409,8.18,hold,kick,324,7.305062474442209,-2.2281948575842834,0.10973345824050079,2.1882606790120884,-0.02158233088477244,0.7591115299981709,1.2910275039393004,-0.0004821953963604249,1.291509699335661,0.0
410,8.2,hold,kick,325,7.351100968110834,-2.2473207885875355,0.10973345824050079,2.1868458735896907,-0.02252058985467767,0.7580623668883888,1.2899539737045107,-0.0004761338074522302,1.2904301075119629,0.0
411,8.22,hold,kick,326,7.397139461779459,-2.2664467195907876,0.10973345824050079,2.185505473065205,-0.02333982836857295,0.7570787915560822,1.2889430349016362,-0.00047009022328266953,1.2894131251249188,0.0
412,8.24,hold,kick,327,7.443177955448085,-2.2855726505940397,0.10973345824050079,2.184254381384972,-0.024005959325668312,0.7561979592519247,1.2880342440681067,-0.000465410785335154,1.288499654853442,0.0
413,8.26,hold,kick,328,7.48921644911671,-2.304698581597292,0.10973345824050079,2.1830791891718153,-0.024537320999394173,0.7554645892614406,1.2872722220616553,-0.0004688141217574805,1.2877410361834127,0.0
414,8.28,hold,kick,329,7.535254942785335,-2.323824512600544,0.10973345824050079,2.1819806996030957,-0.024975694062205053,0.7548922225172706,1.2866706506616143,-0.0004713107373282774,1.2871419613989425,0.0
415,8.3,hold,kick,330,7.581293436453961,-2.342950443603796,0.10973345824050079,2.1809648088403915,-0.0253274364504973,0.7544678361510851,1.2862187666424043,-0.00047251115729467566,1.286691277799699,0.0
416,8.32,hold,kick,331,7.627331930122586,-2.362076374607048,0.10973345824050079,2.17999851591385,-0.02558765902602944,0.754150880221375,1.2858801935680653,-0.000479771703647755,1.286359965271713,0.0
417,8.34,hold,kick,332,7.673370423791211,-2.3812023056103,0.10973345824050079,2.1790600126855515,-0.025790265423239478,0.753905039628181,1.2856174893812844,-0.0004897108941007526,1.286107200275385,0.0
418,8.36,hold,kick,333,7.719408917459837,-2.4003282366135523,0.10973345824050079,2.178158960408962,-0.025974213652559006,0.7537288894535297,1.285427972387971,-0.0004960490922298159,1.2859240214802008,0.0
419,8.38,hold,kick,334,7.765447411128462,-2.4194541676168044,0.10973345824050079,2.177291010139864,-0.026154303535479678,0.753598558386731,1.285289587978604,-0.00050615808628263,1.2857957460648866,0.0
420,8.4,hold,kick,335,7.811485904797087,-2.4385800986200565,0.10973345824050079,2.1764439158469298,-0.026327843991795847,0.7534661780982873,1.2851556356307687,-0.0005177618126479926,1.2856733974434167,0.0
421,8.42,hold,kick,336,7.857524398465713,-2.4577060296233086,0.10973345824050079,2.1756306854374112,-0.02650660596527287,0.753313163831026,1.2850050782141544,-0.0005201048363388666,1.2855251830504932,0.0
422,8.44,hold,kick,337,7.903562892134338,-2.4768319606265607,0.10973345824050079,2.1748632360995845,-0.0267074452950652,0.753155640790647,1.284851000418001,-0.0005214183709600917,1.285372418788961,0.0
423,8.46,hold,kick,338,7.949601385802963,-2.495957891629813,0.10973345824050079,2.1741454914146248,-0.02694034947352958,0.7530141767640701,1.284712336324311,-0.0005263758372574812,1.2852387121615685,0.0
424,8.48,hold,kick,339,7.995639879471589,-2.515083822633065,0.10973345824050079,2.173488106562625,-0.027206822742114282,0.7529009065451705,1.2846011764341805,-0.0005299718013628447,1.2851311482355434,0.0
425,8.5,hold,kick,340,8.041678373140181,-2.534209753636317,0.10973345824050079,2.172896861555136,-0.027505057843682696,0.7528214938390247,1.2845235210352175,-0.0005311469761906211,1.285054668011408,0.0
426,8.52,hold,kick,341,8.08771686680877,-2.553335684639569,0.10973345824050079,2.172382429701671,-0.027833460769715965,0.7527764487126574,1.2844795354797214,-0.0005320994462849615,1.2850116349260063,0.0
427,8.54,hold,kick,342,8.13375536047736,-2.5724616156428213,0.10973345824050079,2.171942240681186,-0.02818937323827462,0.7527722911309378,1.2844754405774923,-0.0005324208274436089,1.2850078614049358,0.0
428,8.56,hold,kick,343,8.17979385414595,-2.5915875466460734,0.10973345824050079,2.171555026317376,-0.028574385646609423,0.7528048052562067,1.2845091198726568,-0.0005316173511732865,1.2850407372238302,0.0
429,8.58,hold,kick,344,8.22583234781454,-2.6107134776493255,0.10973345824050079,2.1712039355347583,-0.02899120774176626,0.752835329002729,1.284543638731983,-0.0005390013044951174,1.285082640036478,0.0
430,8.6,hold,kick,345,8.27187084148313,-2.6298394086525776,0.10973345824050079,2.170906805230059,-0.029435851656279387,0.7528442123281084,1.2845563955118386,-0.0005513973820741799,1.2851077928939127,0.0
431,8.62,hold,kick,346,8.31790933515172,-2.6489653396558297,0.10973345824050079,2.1706974577401055,-0.029900218938686544,0.7528741705523639,1.2845874610746544,-0.0005466276642298075,1.2851340887388842,0.0
432,8.64,hold,kick,347,8.36394782882031,-2.668091270659082,0.10973345824050079,2.170567773764273,-0.03036703386419969,0.7529486092911734,1.2846635681035783,-0.0005380864642608695,1.285201654567839,0.0
433,8.66,hold,kick,348,8.4099863224889,-2.687217201662334,0.10973345824050079,2.170467540405775,-0.03082927451724868,0.753030650863758,1.2847505908646906,-0.0005369836325503398,1.285287574497241,0.0
434,8.68,hold,kick,349,8.45602481615749,-2.706343132665586,0.10973345824050079,2.170375039231641,-0.03128770962000109,0.7530815155991463,1.2848080443996,-0.000538720034869402,1.2853467644344694,0.0
435,8.7,hold,kick,350,8.50206330982608,-2.725469063668838,0.10973345824050079,2.1702942950946458,-0.03173648102515836,0.7530905831661864,1.2848238284043116,-0.000538442833107465,1.285362271237419,0.0
436,8.72,hold,kick,351,8.548101803494669,-2.7445949946720902,0.10973345824050079,2.170228005563133,-0.03217218422703082,0.7530603002626859,1.2847993285393664,-0.0005281627411315264,1.285327491280498,0.0
437,8.74,hold,kick,352,8.594140297163259,-2.7637209256753423,0.10973345824050079,2.1701731711679972,-0.03258230767354093,0.7530086263954365,1.2847524366690635,-0.0005211732602506507,1.285273609929314,0.0
438,8.76,hold,kick,353,8.640178790831849,-2.7828468566785944,0.10973345824050079,2.170117789649461,-0.032949509997698315,0.7529595988840702,1.2847082007066575,-0.0005191073235687148,1.2852273080302261,0.0
439,8.78,hold,kick,354,8.686217284500438,-2.8019727876818465,0.10973345824050079,2.170050006694508,-0.0332742802167186,0.7529106379470049,1.2846638870207276,-0.000520960501375952,1.2851848475221035,0.0
440,8.8,hold,kick,355,8.732255778169028,-2.8210987186850986,0.10973345824050079,2.1699714886349812,-0.033566022049806424,0.75285388616712,1.2846088244057545,-0.0005247525520480356,1.2851335769578025,0.0
441,8.82,hold,kick,356,8.778294271837618,-2.8402246496883508,0.10973345824050079,2.1699075475084624,-0.03381850389890321,0.7528269862019583,1.2845786225151135,-0.0005167774078654701,1.2850953999229788,0.0
442,8.84,hold,kick,357,8.824332765506208,-2.859350580691603,0.10973345824050079,2.1698700053912376,-0.034020966301082645,0.752860415281109,1.2846065156548,-0.0005035597421262986,1.2851100753969265,0.0
443,8.86,hold,kick,358,8.870371259174798,-2.878476511694855,0.10973345824050079,2.1698094923765416,-0.034169065401069745,0.7529114895830298,1.2846536484529778,-0.0004945926162247608,1.2851482410692026,0.0
444,8.88,hold,kick,359,8.916409752843387,-2.897602442698107,0.10973345824050079,2.1697032847414417,-0.03425508527711398,0.7529449053899162,1.2846843020930794,-0.00048677632286317843,1.2851710784159425,0.0
445,8.9,hold,kick,360,8.962448246511977,-2.916728373701359,0.10973345824050079,2.1695666042050403,-0.03427565727400778,0.7529525519569947,1.284688573094303,-0.0004818868918861005,1.285170459986189,0.0
446,8.92,hold,kick,361,9.008486740180567,-2.9358543047046113,0.10973345824050079,2.169391825653488,-0.034236633327137035,0.752938544856317,1.2846695695855896,-0.0004811741253218649,1.2851507437109115,0.0
447,8.94,hold,kick,362,9.054525233849157,-2.9549802357078634,0.10973345824050079,2.1691875546211032,-0.034142296148309284,0.7529284015690093,1.2846525597925431,-0.00047970950159212725,1.2851322692941352,0.0
448,8.96,hold,kick,363,9.100563727517747,-2.9741061667111155,0.10973345824050079,2.1689728845727263,-0.03399870894342117,0.7529510274247196,1.2846672276015467,-0.0004788890135530542,1.2851461166150997,0.0
449,8.98,hold,kick,364,9.146602221186336,-2.9932320977143676,0.10973345824050079,2.1687346443362765,-0.03380362469633993,0.7529871155247856,1.284697118409054,-0.00047846217563145277,1.2851755805846856,0.0
450,9.0,hold,kick,365,9.192640714854926,-3.0123580287176197,0.10973345824050079,2.1684634997902705,-0.03356216876839917,0.7530102296665995,1.2847143293916707,-0.00048254842614960797,1.2851968778178204,0.0
451,9.02,hold,kick,366,9.238679208523516,-3.031483959720872,0.10973345824050079,2.1681727033900184,-0.03329199331239031,0.7530289744808489,1.2847260898271273,-0.0004886153310317658,1.285214705158159,0.0
452,9.04,hold,kick,367,9.284717702192106,-3.050609890724124,0.10973345824050079,2.167868194533789,-0.03300856350811813,0.7530535169251875,1.2847431618294578,-0.000493312113310853,1.2852364739427686,0.0
453,9.06,hold,kick,368,9.330756195860696,-3.069735821727376,0.10973345824050079,2.1675530079034924,-0.032713409737637235,0.7530760898574136,1.2847582756548568,-0.0004991148374763471,1.2852573904923332,0.0
454,9.08,hold,kick,369,9.376794689529286,-3.088861752730628,0.10973345824050079,2.1672453037457022,-0.03241357332381871,0.7530984805230673,1.2847720513044487,-0.0004988081965668391,1.2852708595010156,0.0
455,9.1,hold,kick,370,9.422833183197875,-3.1079876837338802,0.10973345824050079,2.1669682236243566,-0.03211454497722341,0.7531404523364712,1.284804618484849,-0.0004935923719367637,1.2852982108567856,0.0
456,9.12,hold,kick,371,9.468871676866465,-3.1271136147371323,0.10973345824050079,2.1667378770162427,-0.03180974809966382,0.7532054679775656,1.284861668768691,-0.0004900222389372134,1.2853516910076281,0.0
457,9.14,hold,kick,372,9.514910170535055,-3.1462395457403844,0.10973345824050079,2.166553979803649,-0.03150324026090086,0.7532836878513315,1.2849328098180404,-0.0004877367132651786,1.2854205465313056,0.0
458,9.16,hold,kick,373,9.560948664203645,-3.1653654767436366,0.10973345824050079,2.1663877434173204,-0.031209088564818608,0.7533621865552306,1.285005999011577,-0.000487252381556523,1.2854932513931334,0.0
459,9.18,hold,kick,374,9.606987157872235,-3.1844914077468887,0.10973345824050079,2.166228384712045,-0.03093144586598506,0.753415118406827,1.2850559004460778,-0.0004935510941784134,1.2855494515402561,0.0
460,9.2,hold,kick,375,9.653025651540824,-3.2036173387501408,0.10973345824050079,2.166079043633503,-0.03067653824559707,0.7534236691203763,1.285061844537714,-0.0005021827379248708,1.2855640272756388,0.0
461,9.22,hold,kick,376,9.699064145209414,-3.222743269753393,0.10973345824050079,2.165968487524792,-0.030458835591595634,0.7534256733387268,1.2850581310543299,-0.0005021740161386505,1.2855603050704685,0.0
462,9.24,hold,kick,377,9.745102638878004,-3.241869200756645,0.10973345824050079,2.165914632748576,-0.03026662670517235,0.7534525282863332,1.2850798188047847,-0.0004966865625399518,1.2855765053673247,0.0
463,9.26,hold,kick,378,9.791141132546594,-3.260995131759897,0.10973345824050079,2.1659010536373295,-0.03007798193170237,0.7534811498921099,1.2851062323759854,-0.0004906070822969961,1.2855968394582824,0.0
464,9.28,hold,kick,379,9.837179626215184,-3.280121062763149,0.10973345824050079,2.16589358581835,-0.029884239617151746,0.753487015363042,1.2851134820020036,-0.0004871413763639573,1.2856006233783674,0.0
465,9.3,hold,kick,380,9.883218119883773,-3.2992469937664013,0.10973345824050079,2.1658733354887527,-0.02968479573186427,0.7534604678539886,1.285091338626713,-0.00048751783353223957,1.2855788564602453,0.0
466,9.32,hold,kick,381,9.929256613552363,-3.3183729247696534,0.10973345824050079,2.165840710301212,-0.029496516939228033,0.7534106528339758,1.28504575047979,-0.00048896531324083,1.2855347157930308,0.0
467,9.34,hold,kick,382,9.975295107220953,-3.3374988557729055,0.10973345824050079,2.165801603091798,-0.029324774912240704,0.7533591860659211,1.2849966322692439,-0.0004907969610782013,1.285487429230322,0.0
468,9.36,hold,kick,383,10.021333600889543,-3.3566247867761576,0.10973345824050079,2.165776280934131,-0.02915957745190077,0.7533230128817497,1.2849608158244947,-0.0004920697244528947,1.2854528855489475,0.0
469,9.38,hold,kick,384,10.067372094558133,-3.3757507177794097,0.10973345824050079,2.165765110228296,-0.029006064700345075,0.7532905541212097,1.2849270183522075,-0.0004935436958330881,1.2854205620480406,0.0
470,9.4,hold,kick,385,10.113410588226722,-3.394876648782662,0.10973345824050079,2.1657678096302817,-0.028878469431584043,0.7532566974333978,1.284889655573539,-0.0004957895946432825,1.2853854451681823,0.0
471,9.42,hold,kick,386,10.159449081895312,-3.414002579785914,0.10973345824050079,2.1657961243264157,-0.028782041732214315,0.7532554285232459,1.284883523421957,-0.0004970452957374846,1.2853805687176947,0.0
472,9.44,hold,kick,387,10.205487575563902,-3.433128510789166,0.10973345824050079,2.1658455066541737,-0.028710765813715514,0.7532871059124902,1.2849126117757268,-0.0004971642812919806,1.2854097760570187,0.0
473,9.46,hold,kick,388,10.251526069232492,-3.452254441792418,0.10973345824050079,2.165907533363329,-0.02866077281663901,0.7533128222761226,1.2849383216763839,-0.0004986146232963673,1.2854369362996803,0.0
474,9.48,hold,kick,389,10.297564562901082,-3.4713803727956702,0.10973345824050079,2.1659842525119166,-0.02863293774960377,0.7533227916585281,1.2849483541666886,-0.0005000506665831204,1.2854484048332717,0.0
475,9.5,hold,kick,390,10.343603056569671,-3.4905063037989223,0.10973345824050079,2.1660756364099454,-0.028629393515029695,0.7533276409250786,1.2849530722120799,-0.0005011031688751215,1.285454175380955,0.0
476,9.52,hold,kick,391,10.389641550238261,-3.5096322348021745,0.10973345824050079,2.1661774564787404,-0.02865392995419437,0.7533293126003945,1.2849546515322812,-0.0005044969971698676,1.285459148529451,0.0
477,9.54,hold,kick,392,10.435680043906851,-3.5287581658054266,0.10973345824050079,2.1662941573206265,-0.028707634048801126,0.7533296208119803,1.2849545517363086,-0.0005088722092966985,1.2854634239456053,0.0
478,9.56,hold,kick,393,10.481718537575441,-3.5478840968086787,0.10973345824050079,2.1664269282420587,-0.02878511644408047,0.7533317048506221,1.284956011780508,-0.0005108117845263362,1.2854668235650342,0.0
479,9.58,hold,kick,394,10.52775703124403,-3.5670100278119308,0.10973345824050079,2.166565520789705,-0.028884024355887657,0.7533318899996412,1.2849558447008236,-0.0005117343890630177,1.2854675790898866,0.0
480,9.6,hold,kick,395,10.57379552491262,-3.586135958815183,0.10973345824050079,2.1667015635091644,-0.029002710747510655,0.7533291352092547,1.2849532079541128,-0.0005122871944508549,1.2854654951485638,0.0
481,9.62,hold,kick,396,10.61983401858121,-3.605261889818435,0.10973345824050079,2.166835325428416,-0.02913219423168442,0.7533360467824064,1.284961218674534,-0.0005083876485999263,1.285469606323134,0.0
482,9.64,hold,kick,397,10.6658725122498,-3.624387820821687,0.10973345824050079,2.166963648209224,-0.029258579053696426,0.7533657400050691,1.2849947410231493,-0.0005011216070991108,1.2854958626302484,0.0
483,9.66,hold,kick,398,10.71191100591839,-3.643513751824939,0.10973345824050079,2.1670832328710006,-0.029370672302816262,0.7534232629695632,1.2850592657852087,-0.0004940128292110005,1.2855532786144197,0.0
484,9.68,hold,kick,399,10.75794949958698,-3.6626396828281913,0.10973345824050079,2.167196119877499,-0.029467770262205904,0.7534965500514854,1.28514151625181,-0.000489345135605352,1.2856308613874154,0.0
485,9.7,hold,kick,400,10.80398799325557,-3.6817656138314434,0.10973345824050079,2.1672946052015236,-0.029552546669971678,0.7535595725809792,1.2852141349757358,-0.00048694394094719526,1.285701078916683,0.0
486,9.72,hold,kick,401,10.85002648692416,-3.7008915448346955,0.10973345824050079,2.1673694407117026,-0.029626902588115574,0.7536154046543979,1.285279003164626,-0.0004870869803075134,1.2857660901449335,0.0
