tick,t_s,phase,task_mode,curr_motion_timestep,ball_x,ball_y,ball_z,base_x,base_y,base_z,robot_top_z,robot_bottom_z,robot_height,kick_aim_theta_deg
0,0.0,idle,kick,402,5.010422625860262,-2.5274530600766063,0.10973345824050078,2.0018486634300374,0.46038821978448774,0.7608233886292949,1.2913413178638808,-0.0005389542115992428,1.29188027207548,0.0
1,0.02,idle,kick,403,5.026609824439352,-2.540268103470652,0.10973345824050078,2.001572653298261,0.4602506920584733,0.7609688217230409,1.291502537064284,-0.0005380486252518184,1.2920405856895358,0.0
2,0.04,idle,kick,404,5.042797023018442,-2.5530831468646973,0.10973345824050078,2.001298279003278,0.460133063304314,0.7610877475620066,1.2916375814125476,-0.0005366908190448348,1.2921742722315923,0.0
3,0.06,idle,kick,405,5.058984221597531,-2.5658981902587428,0.10973345824050078,2.001040142395835,0.46003493649601473,0.7611810087918517,1.2917455295139944,-0.0005373329496382723,1.2922828624636327,0.0
4,0.08,idle,kick,406,5.075171420176621,-2.5787132336527883,0.10973345824050078,2.0008053809341693,0.45995883498169443,0.7612624291652343,1.2918411162907322,-0.0005388472822018368,1.292379963572934,0.0
5,0.1,idle,kick,407,5.09135861875571,-2.5915282770468338,0.10973345824050078,2.0005923738194142,0.4599031583895129,0.7613438395577449,1.291937011544135,-0.0005407564500820514,1.2924777679942172,0.0
6,0.12,idle,kick,408,5.1075458173348,-2.6043433204408792,0.10973345824050078,2.000399044307417,0.4598614675543198,0.7614303905865832,1.2920376997855048,-0.0005431827327129664,1.2925808825182177,0.0
7,0.14,idle,kick,409,5.123733015913889,-2.6171583638349247,0.10973345824050078,2.000223402767283,0.45983076786982136,0.7615152188040979,1.2921352259004917,-0.0005453299180552124,1.2926805558185468,0.0
8,0.16,idle,kick,410,5.139920214492979,-2.62997340722897,0.10973345824050078,2.000061788379702,0.45981152590832064,0.7615700653027102,1.2922010144145686,-0.0005452897741703051,1.2927463041887388,0.0
9,0.18,idle,kick,411,5.1561074130720685,-2.6427884506230157,0.10973345824050078,1.9999193420676575,0.45980630833141767,0.7615391215765548,1.2921828718606285,-0.0005393242902951671,1.2927221961509237,0.0
10,0.2,idle,kick,412,5.172294611651158,-2.655603494017061,0.10973345824050078,1.9997811900735984,0.4598164516997443,0.7613919000849511,1.292053091257985,-0.0005356336444052416,1.2925887249023904,0.0
11,0.22,idle,kick,413,5.188481810230248,-2.6684185374111067,0.10973345824050078,1.9996220706438654,0.45983989977489714,0.7611934754670542,1.291872749953753,-0.0005378696377446313,1.2924106195914977,0.0
12,0.24,idle,kick,414,5.204669008809337,-2.681233580805152,0.10973345824050078,1.9994742929893967,0.4598676885213246,0.7610171691135758,1.2917126100491434,-0.0005394804268880858,1.2922520904760315,0.0
13,0.26,idle,kick,415,5.220856207388427,-2.6940486241991977,0.10973345824050078,1.9993490100936544,0.45989684483136456,0.7608866653932584,1.2915946028111158,-0.0005372953268057597,1.2921318981379215,0.0
14,0.28,idle,kick,416,5.237043405967516,-2.706863667593243,0.10973345824050078,1.999251580426648,0.45992192750345245,0.7608025152482311,1.291517928666246,-0.0005354907103368167,1.2920534193765827,0.0
15,0.3,idle,kick,417,5.253230604546606,-2.7196787109872886,0.10973345824050078,1.9991818102524581,0.4599349559949605,0.7607585075734762,1.291475210652717,-0.0005368886706928096,1.2920120993234099,0.0
16,0.32,idle,kick,418,5.2694178031256955,-2.732493754381334,0.10973345824050078,1.9991301901844902,0.4599440868759813,0.7607407555670075,1.2914547797792273,-0.0005407994477049163,1.2919955792269322,0.0
17,0.34,idle,kick,419,5.285605001704785,-2.7453087977753796,0.10973345824050078,1.999090079477244,0.4599632754788656,0.7607280252464699,1.2914386690656832,-0.000542611092906941,1.2919812801585902,0.0
18,0.36,idle,kick,420,5.301792200283875,-2.758123841169425,0.10973345824050078,1.9990586138875208,0.4599956824332755,0.7607056428343517,1.2914126958945507,-0.000541316783019781,1.2919540126775704,0.0
19,0.38,idle,kick,421,5.317979398862964,-2.7709388845634706,0.10973345824050078,1.9990397912927018,0.46003768985935944,0.7606924040764313,1.291394507044323,-0.0005415468907210147,1.291936053935044,0.0
20,0.4,idle,kick,422,5.334166597442054,-2.783753927957516,0.10973345824050078,1.999035923208146,0.4600887681765465,0.7607123802364747,1.2914090392915494,-0.0005444045367919148,1.2919534438283413,0.0
21,0.42,idle,kick,423,5.350353796021143,-2.7965689713515616,0.10973345824050078,1.9990398325816583,0.46014931537111187,0.7607730457721812,1.2914632065899903,-0.0005485938072313234,1.2920118003972216,0.0
22,0.44,idle,kick,424,5.366540994600233,-2.809384014745607,0.10973345824050078,1.9990480346488049,0.46022122986598213,0.7608507599547332,1.291534176362078,-0.0005507520638153192,1.2920849284258933,0.0
23,0.46,idle,kick,425,5.3827281931793225,-2.8221990581396525,0.10973345824050078,1.9990633160362494,0.46030367447164144,0.7609171430691818,1.2915936328067532,-0.0005515073991319633,1.2921451402058852,0.0
24,0.48,idle,kick,426,5.398915391758412,-2.835014101533698,0.10973345824050078,1.9990822181889323,0.4604030199469159,0.7610032531441179,1.2916732314547101,-0.0005545211967660259,1.2922277526514763,0.0
25,0.5,idle,kick,427,5.415102590337502,-2.8478291449277435,0.10973345824050078,1.9991121599204418,0.46052646446639656,0.761148810054569,1.2918160336997473,-0.0005584499115943581,1.2923744836113416,0.0
26,0.52,idle,kick,428,5.431289788916591,-2.860644188321789,0.10973345824050078,1.9991741232673235,0.4606711043797903,0.7613425000727918,1.2920108948344253,-0.00056103937546036,1.2925719342098856,0.0
27,0.54,idle,kick,429,5.447476987495681,-2.8734592317158345,0.10973345824050078,1.999263848712738,0.4607888792514568,0.7613623719888204,1.2920375684830918,-0.0006465316719902921,1.2926841001550822,0.0
28,0.56,idle,kick,430,5.46366418607477,-2.88627427510988,0.10973345824050078,1.9994150097469945,0.46085606310263993,0.760992322542862,1.2916708121920415,-0.0008051350950467225,1.2924759472870881,0.0
29,0.58,idle,kick,431,5.47985138465386,-2.8990893185039255,0.10973345824050078,1.9996707011761088,0.46094847814285295,0.7602948695745699,1.2909719137623672,-0.0008737893782041033,1.2918457031405712,0.0
30,0.6,idle,kick,432,5.4960385832329495,-2.911904361897971,0.10973345824050078,2.0000144758633684,0.4610732487769211,0.7594600933245047,1.2901297296348482,-0.0008899023145580651,1.2910196319494063,0.0
31,0.62,idle,kick,433,5.512225781812039,-2.9247194052920165,0.10973345824050078,2.0004081376351586,0.4611997188545254,0.7586454474863681,1.2893004889752446,-0.0008863524416387811,1.2901868414168833,0.0
32,0.64,idle,kick,434,5.528412980391129,-2.937534448686062,0.10973345824050078,2.0008128073600937,0.4613147291537657,0.7579441138904663,1.2885820266240724,-0.0008733447830779929,1.2894553714071504,0.0
33,0.66,idle,kick,435,5.544600178970218,-2.9503494920801074,0.10973345824050078,2.0012172458752455,0.46142121007967685,0.7573970254624863,1.288022056479567,-0.0008576482476876576,1.2888797047272547,0.0
34,0.68,idle,kick,436,5.560787377549308,-2.963164535474153,0.10973345824050078,2.0016141463152946,0.4615152665237852,0.757012538986292,1.2876319010303865,-0.0008421662556982699,1.2884740672860848,0.0
35,0.7,idle,kick,437,5.576974576128397,-2.9759795788681984,0.10973345824050078,2.001973095469266,0.46159255394474974,0.7567721622778375,1.287395321952501,-0.000830247504319797,1.2882255694568208,0.0
36,0.72,idle,kick,438,5.593161774707487,-2.988794622262244,0.10973345824050078,2.0022712794809343,0.4616468885335394,0.7566436041526362,1.2872808865042429,-0.0008227434905302561,1.2881036299947732,0.0
37,0.74,idle,kick,439,5.6093489732865764,-3.0016096656562894,0.10973345824050078,2.002493791703074,0.4616914060277675,0.7565888779042589,1.287252016295888,-0.0008194166997298122,1.2880714329956178,0.0
38,0.76,idle,kick,440,5.625536171865666,-3.014424709050335,0.10973345824050078,2.002648014042387,0.4617344785892281,0.7565758002465944,1.2872744838545038,-0.0008184520904836838,1.2880929359449875,0.0
39,0.78,idle,kick,441,5.641723370444756,-3.0272397524443804,0.10973345824050078,2.0027533897653487,0.46177194908445046,0.7565841486582793,1.287324036414671,-0.0008178821290602614,1.2881419185437313,0.0
40,0.8,idle,kick,442,5.657910569023845,-3.040054795838426,0.10973345824050078,2.0028302940248865,0.4617914143048791,0.756598665263578,1.287380237951551,-0.0008169700620297565,1.2881972080135808,0.0
41,0.82,idle,kick,443,5.674097767602935,-3.0528698392324713,0.10973345824050078,2.002893932441671,0.46179142617590546,0.7566096669078106,1.2874319445817122,-0.000815419437818498,1.2882473640195307,0.0
42,0.84,idle,kick,444,5.690284966182024,-3.065684882626517,0.10973345824050078,2.0029544435906343,0.46177245829274327,0.7566114331272115,1.2874738198764986,-0.0008131174139746067,1.288286937290473,0.0
43,0.86,idle,kick,445,5.706472164761114,-3.0784999260205623,0.10973345824050078,2.0030179712468015,0.46173289646616933,0.7566010911140223,1.287503690188761,-0.0008101586508116702,1.2883138488395727,0.0
44,0.88,idle,kick,446,5.722659363340203,-3.091314969414608,0.10973345824050078,2.0030889833223067,0.4616692874619482,0.756579782508145,1.2875234189990414,-0.0008068551405943751,1.2883302741396359,0.0
45,0.9,idle,kick,447,5.738846561919293,-3.1041300128086533,0.10973345824050078,2.003170450502678,0.4615778253408319,0.7565499457719632,1.2875364276885828,-0.0008031449655166827,1.2883395726540994,0.0
46,0.92,idle,kick,448,5.7550337604983826,-3.116945056202699,0.10973345824050078,2.003261729884977,0.46145666599516616,0.7565113437997321,1.287543710222396,-0.0007989179182446779,1.2883426281406407,0.0
47,0.94,idle,kick,449,5.771220959077472,-3.1297600995967443,0.10973345824050078,2.003359606915268,0.46130542081356696,0.756462148217741,1.2875443543063476,-0.0007943456227916014,1.2883386999291393,0.0
48,0.96,idle,kick,450,5.787408157656562,-3.1425751429907898,0.10973345824050078,2.0034595802713575,0.46112351787895706,0.7564013600971495,1.2875376393845654,-0.0007893459019934282,1.2883269852865589,0.0
49,0.98,idle,kick,451,5.803595356235651,-3.1553901863848353,0.10973345824050078,2.0035576587694086,0.46090818161174885,0.7563304049361927,1.2875245708754723,-0.0007837297480443664,1.2883083006235168,0.0
50,1.0,idle,kick,452,5.819782554814741,-3.1682052297788807,0.10973345824050078,2.0036504041047296,0.4606560486598687,0.7562516060192501,1.287506668020915,-0.000777338848721592,1.2882840068696366,0.0
51,1.02,idle,kick,453,5.83596975339383,-3.1810202731729262,0.10973345824050078,2.0037345640478414,0.4603641739278849,0.7561670760083768,1.2874850757238654,-0.0007700266094377746,1.288255102333303,0.0
52,1.04,idle,kick,454,5.85215695197292,-3.1938353165669717,0.10973345824050078,2.0038066780669053,0.46003087079309946,0.7560791158087254,1.2874610633897106,-0.0007616620398585017,1.288222725429569,0.0
53,1.06,idle,kick,455,5.8683441505520095,-3.206650359961017,0.10973345824050078,2.0038638078723636,0.4596549915724827,0.7559894793613681,1.2874353966590075,-0.0007521878860933251,1.288187584545101,0.0
54,1.08,idle,kick,456,5.884531349131099,-3.2194654033550627,0.10973345824050078,2.003903149618376,0.45923647036039483,0.75589927275524,1.2874082188660514,-0.0007409780032372401,1.2881491968692886,0.0
55,1.1,idle,kick,457,5.900718547710189,-3.232280446749108,0.10973345824050078,2.0039225945483348,0.4587776175894917,0.7558098407519501,1.2873800775401893,-0.0007270168770210431,1.2881070944172104,0.0
56,1.12,idle,kick,458,5.916905746289278,-3.2450954901431537,0.10973345824050078,2.0039210588072143,0.4582801591304912,0.7557211741909271,1.287350313515518,-0.0007132980038061718,1.2880636115193242,0.0
57,1.14,idle,kick,459,5.933092944868368,-3.257910533537199,0.10973345824050078,2.0038967315981586,0.4577462963197651,0.7556330613189347,1.2873179938469885,-0.0006989876123417449,1.2880169814593303,0.0
58,1.16,idle,kick,460,5.949280143447457,-3.2707255769312447,0.10973345824050078,2.00384858518977,0.4571790025843563,0.7555447364152291,1.2872817934823664,-0.0006842039336312083,1.2879659974159976,0.0
59,1.18,idle,kick,461,5.965467342026547,-3.28354062032529,0.10973345824050078,2.0037761673005674,0.45658145262718164,0.7554565302629324,1.2872415655161205,-0.0006689482429881183,1.2879105137591085,0.0
60,1.2,idle,kick,462,5.9816545406056365,-3.2963556637193356,0.10973345824050078,2.003680155095692,0.4559560090894967,0.755368995620758,1.287197504737957,-0.0006533155526962479,1.2878508202906531,0.0
61,1.22,idle,kick,463,5.997841739184726,-3.309170707113381,0.10973345824050078,2.0035620568947814,0.4553047261067357,0.7552815223148986,1.2871487892499287,-0.000637418967029655,1.2877862082169584,0.0
62,1.24,idle,kick,464,6.014028937763816,-3.3219857505074266,0.10973345824050078,2.0034233846294893,0.4546300870105654,0.7551930086842209,1.2870942270576133,-0.0006215505211547255,1.287715777578768,0.0
63,1.26,idle,kick,465,6.030216136342905,-3.334800793901472,0.10973345824050078,2.0032651219648936,0.4539353239816289,0.7551038991871147,1.287034151020124,-0.0006099566276637491,1.2876441076477878,0.0
64,1.28,idle,kick,466,6.046403334921995,-3.3476158372955176,0.10973345824050078,2.003092247804091,0.45322613515922994,0.7550148128513856,1.286969794729951,-0.0006012651609679891,1.287571059890919,0.0
65,1.3,idle,kick,467,6.062590533501084,-3.360430880689563,0.10973345824050078,2.002906317399094,0.45250588508679074,0.7549240134527556,1.2868997133074511,-0.000593270596385153,1.2874929839038363,0.0
66,1.32,idle,kick,468,6.078777732080174,-3.3732459240836086,0.10973345824050078,2.0027062271837965,0.45177747646654337,0.7548304145919177,1.286822855597171,-0.0006000393582197006,1.2874228949553908,0.0
67,1.34,idle,kick,469,6.0949649306592635,-3.386060967477654,0.10973345824050078,2.0024907666836707,0.45104429734433377,0.7547338164615477,1.2867390685127587,-0.0006060850073145163,1.2873451535200733,0.0
68,1.36,idle,kick,470,6.111152129238353,-3.3988760108716995,0.10973345824050078,2.0022600069924463,0.450309940106753,0.7546337222625527,1.2866479920505538,-0.0006109368272348668,1.2872589288777887,0.0
69,1.38,idle,kick,471,6.127339327817443,-3.411691054265745,0.10973345824050078,2.002014104871142,0.4495775711205606,0.7545314103233163,1.2865509966515503,-0.0006154325625679531,1.2871664292141183,0.0
70,1.4,idle,kick,472,6.143526526396532,-3.4245060976597905,0.10973345824050078,2.001754453427258,0.44885104075937093,0.754428073143393,1.286449489141161,-0.0006195150733664424,1.2870690042145276,0.0
71,1.42,idle,kick,473,6.159713724975622,-3.437321141053836,0.10973345824050078,2.001482156963711,0.44813328943553854,0.7543242694810386,1.2863441572520242,-0.0006227414809810219,1.2869668987330052,0.0
72,1.44,idle,kick,474,6.175900923554711,-3.4501361844478815,0.10973345824050078,2.0011976015275965,0.4474279204550936,0.7542231637676505,1.286238132665918,-0.0006271753457988624,1.286865308011717,0.0
73,1.46,idle,kick,475,6.192088122133801,-3.462951227841927,0.10973345824050078,2.0009047865926752,0.4467353230941257,0.7541247365614153,1.286131711511097,-0.0006321652231025855,1.2867638767341996,0.0
74,1.48,idle,kick,476,6.2082753207128905,-3.4757662712359725,0.10973345824050078,2.000604748368809,0.4460563327403896,0.754028164050251,1.2860241356609592,-0.0006363544718335501,1.2866604901327927,0.0
75,1.5,idle,kick,477,6.22446251929198,-3.488581314630018,0.10973345824050078,2.0002982912976086,0.44539240172222094,0.7539332882382839,1.2859152995162102,-0.0006398846820628717,1.286555184198273,0.0
76,1.52,idle,kick,478,6.24064971787107,-3.5013963580240635,0.10973345824050078,1.9999868621385037,0.444744632649378,0.7538402155347141,1.285805400311448,-0.0006428005785419945,1.28644820088999,0.0
77,1.54,idle,kick,479,6.256836916450159,-3.514211401418109,0.10973345824050078,1.9996039934639216,0.4441806931751567,0.7536977366601411,1.2856435638458816,-0.0006111916469740096,1.2862547554928556,0.0
78,1.56,idle,kick,480,6.273024115029249,-3.5270264448121544,0.10973345824050078,1.999100959256232,0.44385893938295246,0.7536401823349359,1.2855426801357803,-0.0005797095042309151,1.2861223896400111,0.0
79,1.58,idle,kick,481,6.289211313608338,-3.5398414882062,0.10973345824050078,1.998527643510896,0.44378276369796577,0.7537689712729368,1.2856030691528426,-0.000575693223596168,1.2861787623764387,0.0
80,1.6,idle,kick,482,6.305398512187428,-3.5526565316002454,0.10973345824050078,1.997963052618389,0.44381288690955323,0.7540121780657446,1.2857618179417123,-0.0005775686081314242,1.2863393865498438,0.0
81,1.62,idle,kick,483,6.321585710766517,-3.565471574994291,0.10973345824050078,1.9974362838002777,0.44384790858645673,0.7542946958704769,1.2859544672227767,-0.0005791565077237736,1.2865336237305005,0.0
82,1.64,idle,kick,484,6.337772909345607,-3.5782866183883364,0.10973345824050078,1.9969523160914044,0.44384354508290147,0.7545692690407736,1.2861431605051765,-0.0005825239466485665,1.2867256844518251,0.0
83,1.66,idle,kick,485,6.353960107924697,-3.591101661782382,0.10973345824050078,1.9965170290340744,0.44377882291289045,0.7548139869578627,1.2863122388070578,-0.0005872517290325986,1.2868994905360904,0.0
84,1.68,idle,kick,486,6.370147306503786,-3.6039167051764274,0.10973345824050078,1.9961427706079742,0.443656402559649,0.7550242956752599,1.2864609143983674,-0.0005918980013866829,1.287052812399754,0.0
85,1.7,idle,kick,487,6.386334505082876,-3.616731748570473,0.10973345824050078,1.9958318812987261,0.44347930231113275,0.7552044083894063,1.28659468137503,-0.0005970797157636917,1.2871917610907937,0.0
86,1.72,idle,kick,488,6.402521703661965,-3.6295467919645183,0.10973345824050078,1.9955804339312753,0.44324732931236105,0.7553610169581828,1.2867201343918055,-0.000602334073127847,1.2873224684649334,0.0
87,1.74,idle,kick,489,6.418708902241055,-3.642361835358564,0.10973345824050078,1.995382884537202,0.44296560922101097,0.7554993912187603,1.2868412348500433,-0.0006076567639350418,1.2874488916139784,0.0
88,1.76,idle,kick,490,6.434896100820144,-3.6551768787526093,0.10973345824050078,1.9952331304424484,0.44265444323469466,0.7556242286869779,1.2869589308342881,-0.0006127003599018591,1.28757163119419,0.0
89,1.78,idle,kick,491,6.451083299399234,-3.667991922146655,0.10973345824050078,1.9951280962171625,0.44234530411602946,0.7557397416625288,1.2870722872613511,-0.0006166454110444579,1.2876889326723957,0.0
90,1.8,idle,kick,492,6.4672704979783235,-3.6808069655407003,0.10973345824050078,1.9950628859274568,0.4420457737427963,0.7558476486505281,1.2871810539807742,-0.0006192375734944272,1.2878002915542686,0.0
91,1.82,idle,kick,493,6.483457696557413,-3.693622008934746,0.10973345824050078,1.995033583184736,0.4417563939006805,0.7559500958248441,1.2872864484242579,-0.0006207405305198831,1.2879071889547777,0.0
92,1.84,idle,kick,494,6.499644895136503,-3.7064370523287913,0.10973345824050078,1.9950393650019171,0.4414778865627563,0.7560492206850437,1.2873900047181213,-0.0006216227939747493,1.288011627512096,0.0
93,1.86,idle,kick,495,6.515832093715592,-3.7192520957228368,0.10973345824050078,1.9950787981271882,0.44121153777604316,0.7561460870562481,1.2874924035832105,-0.0006222622335553367,1.288114665816766,0.0
94,1.88,idle,kick,496,6.532019292294682,-3.7320671391168823,0.10973345824050078,1.9951474483366427,0.440960355003826,0.7562407642107096,1.2875933251670544,-0.0006226073087064847,1.288215932475761,0.0
95,1.9,idle,kick,497,6.548206490873771,-3.7448821825109277,0.10973345824050078,1.9952389559486803,0.44072809526201767,0.7563331237952895,1.2876922884944284,-0.0006229610176022339,1.2883152495120307,0.0
96,1.92,idle,kick,498,6.564393689452861,-3.7576972259049732,0.10973345824050078,1.9953508625719347,0.44051739928514044,0.7564229639110944,1.2877889256113453,-0.0006229175461961167,1.2884118431575413,0.0
97,1.94,idle,kick,499,6.5805808880319505,-3.7705122692990187,0.10973345824050078,1.9954821140805237,0.44033101824136034,0.7565100216104886,1.287882768046046,-0.0006223991134879717,1.288505167159534,0.0
98,1.96,idle,kick,500,6.59676808661104,-3.783327312693064,0.10973345824050078,1.9956317560855914,0.4401716667348478,0.7565934672599194,1.2879726834466185,-0.0006214659561947743,1.2885941494028132,0.0
99,1.98,idle,kick,501,6.61295528519013,-3.7961423560871097,0.10973345824050078,1.9957995189966622,0.4400412359071738,0.7566724239213017,1.2880574671176688,-0.0006201997358240008,1.2886776668534927,0.0
100,2.0,idle,kick,502,6.629142483769219,-3.808957399481155,0.10973345824050078,1.995983669198833,0.4399402301554173,0.7567458524886117,1.2881358928975573,-0.0006186658930470781,1.2887545587906044,0.0
101,2.02,idle,kick,503,6.645329682348309,-3.8217724428752007,0.10973345824050078,1.9961812688739755,0.43986821240652146,0.7568130518231777,1.2882071726236697,-0.000616915550618758,1.2888240881742885,0.0
102,2.04,idle,kick,504,6.661516880927398,-3.834587486269246,0.10973345824050078,1.9963898515634435,0.4398241722151659,0.7568736369591295,1.2882709496167501,-0.000615059831013693,1.2888860094477639,0.0
103,2.06,idle,kick,505,6.677704079506488,-3.8474025296632917,0.10973345824050078,1.9966073185969202,0.4398058472803078,0.7569278958430435,1.2883276366393752,-0.0006133183786895223,1.2889409550180648,0.0
104,2.08,idle,kick,506,6.6938912780855775,-3.860217573057337,0.10973345824050078,1.996831697181368,0.43981021836622075,0.7569764032633863,1.288378012299786,-0.0006117463375479165,1.288989758637334,0.0
105,2.1,idle,kick,507,6.710078476664667,-3.8730326164513826,0.10973345824050078,1.997060795520404,0.43983420611560475,0.7570196095642793,1.288422718569311,-0.0006102845797099146,1.289033003149021,0.0
106,2.12,idle,kick,508,6.726265675243757,-3.885847659845428,0.10973345824050078,1.997292378445711,0.4398749883700766,0.7570578673186243,1.288462269342259,-0.0006089931871408535,1.2890712625293999,0.0
107,2.14,idle,kick,509,6.742452873822846,-3.8986627032394736,0.10973345824050078,1.9975242776885123,0.43993012611658466,0.7570914193060783,1.2884970528692454,-0.0006078420455609378,1.2891048949148063,0.0
108,2.16,idle,kick,510,6.758640072401936,-3.911477746633519,0.10973345824050078,1.9977543548738868,0.43999802474410776,0.7571203705089568,1.2885272363567015,-0.0006067619785026061,1.2891339983352041,0.0
109,2.18,idle,kick,511,6.774827270981025,-3.9242927900275646,0.10973345824050078,1.9979805560291926,0.4400773937734353,0.7571448280760011,1.2885529413326635,-0.0006057284665942943,1.2891586697992579,0.0
110,2.2,idle,kick,512,6.791014469560115,-3.93710783342161,0.10973345824050078,1.9982011080755606,0.44016682355202863,0.7571649118608476,1.2885743132751106,-0.0006048403621473387,1.2891791536372579,0.0
111,2.22,idle,kick,513,6.8072016681392045,-3.9499228768156556,0.10973345824050078,1.9984144885690187,0.44026491076127644,0.7571808630235441,1.2885916023523076,-0.0006040283228144587,1.289195630675122,0.0
112,2.24,idle,kick,514,6.823388866718294,-3.962737920209701,0.10973345824050078,1.998619413995963,0.44037035456016926,0.7571931259615199,1.288605260547471,-0.0006032498203023401,1.2892085103677733,0.0
113,2.26,idle,kick,515,6.839576065297384,-3.9755529636037465,0.10973345824050078,1.9988146462187448,0.44048183401733965,0.7572021961347424,1.2886157874325987,-0.0006025005006402157,1.289218287933239,0.0
114,2.28,idle,kick,516,6.855763263876473,-3.988368006997792,0.10973345824050078,1.9989991789995007,0.4405982348759523,0.7572089454509829,1.288624026860475,-0.0006017787317851991,1.28922580559226,0.0
115,2.3,idle,kick,517,6.871950462455563,-4.001183050391836,0.10973345824050078,1.9991720982980679,0.4407184360530272,0.7572141803968877,1.2886307782328006,-0.0006010792745397772,1.2892318575073403,0.0
116,2.32,idle,kick,518,6.888137661034652,-4.0139980937858635,0.10973345824050078,1.9993325643090565,0.44084127882701385,0.7572184368686907,1.2886365810423475,-0.0006003942614808376,1.2892369753038282,0.0
117,2.34,idle,kick,519,6.904324859613742,-4.026813137179891,0.10973345824050078,1.99948008406662,0.4409655107788962,0.7572220001334596,1.2886417425535532,-0.0005997196377936498,1.2892414621913468,0.0
118,2.36,idle,kick,520,6.920512058192831,-4.039628180573919,0.10973345824050078,1.9996143771878074,0.441089987626028,0.7572250892942688,1.2886464976331613,-0.0005990706178956723,1.289245568251057,0.0
119,2.38,idle,kick,521,6.936699256771921,-4.052443223967947,0.10973345824050078,1.9997351053964394,0.441213706895543,0.7572277339218033,1.288650868031095,-0.0005984229008766488,1.2892492909319717,0.0
120,2.4,idle,kick,522,6.952886455351011,-4.065258267361974,0.10973345824050078,1.9998419749389116,0.4413359216544629,0.7572300725954575,1.2886549606814977,-0.0005977619317088512,1.2892527226132064,0.0
121,2.42,idle,kick,523,6.9690736539301,-4.078073310756002,0.10973345824050078,1.9999348158485892,0.44145590729465334,0.7572321481872467,1.288658787996491,-0.0005971015750319726,1.289255889571523,0.0
122,2.44,idle,kick,524,6.98526085250919,-4.09088835415003,0.10973345824050078,2.000013628436754,0.44157300484931467,0.7572340404901823,1.2886624021864723,-0.0005964570041163131,1.2892588591905887,0.0
123,2.46,idle,kick,525,7.001448051088279,-4.1037033975440576,0.10973345824050078,2.000078537405607,0.441686522924348,0.7572356901724079,1.2886657473148195,-0.000595851198390996,1.2892615985132105,0.0
124,2.48,idle,kick,526,7.017635249667369,-4.116518440938085,0.10973345824050078,2.000129818893816,0.44179590162129606,0.7572371434335374,1.2886688496643828,-0.0005952826026496792,1.2892641322670324,0.0
125,2.5,idle,kick,527,7.033822448246458,-4.129333484332113,0.10973345824050078,2.000167880858308,0.4419006465958206,0.7572384089574449,1.2886717019375697,-0.0005947558058114269,1.2892664577433812,0.0
126,2.52,idle,kick,527,7.050009646825548,-4.142148527726141,0.10973345824050078,2.0001931883745203,0.44200043771216024,0.7572395133975913,1.2886743281442141,-0.0005942679269657011,1.2892685960711798,0.0
127,2.54,idle,kick,527,7.0661968454046375,-4.1549635711201685,0.10973345824050078,2.000206442751616,0.44209528034624573,0.7572404822603495,1.2886767332019489,-0.0005938285215156686,1.2892705617234645,0.0
128,2.56,idle,kick,527,7.082384043983727,-4.167778614514196,0.10973345824050078,2.000208429980836,0.44218542794814586,0.75724133326513,1.288678888294988,-0.00059341115501255,1.2892722994500005,0.0
129,2.58,idle,kick,527,7.098571242562817,-4.180593657908224,0.10973345824050078,2.0002001208026123,0.44227103709952675,0.7572420196333958,1.2886807304768282,-0.0005929960350141983,1.2892737265118424,0.0
130,2.6,idle,kick,527,7.114758441141906,-4.193408701302252,0.10973345824050078,2.000182561836973,0.442352133991144,0.7572425849442291,1.2886823472061704,-0.000592570326258389,1.2892749175324287,0.0
131,2.62,idle,kick,527,7.130945639720996,-4.206223744696279,0.10973345824050078,2.000156762374699,0.44242872958036356,0.7572430097928085,1.2886837480791653,-0.0005921087143682113,1.2892758567935334,0.0
132,2.64,idle,kick,527,7.147132838300085,-4.219038788090307,0.10973345824050078,2.000123728268512,0.44250091397032765,0.7572433395886591,1.288685008876444,-0.0005916051181310451,1.289276613994575,0.0
133,2.66,idle,kick,527,7.163320036879175,-4.231853831484335,0.10973345824050078,2.000084346449717,0.4425687554705268,0.7572436023183029,1.2886861809977417,-0.0005910690896432369,1.2892772500873848,0.0
134,2.68,idle,kick,527,7.1795072354582645,-4.2446688748783625,0.10973345824050078,2.0000393856131913,0.4426323045660672,0.7572438190915878,1.2886873011014068,-0.0005905113689711541,1.289277812470378,0.0
135,2.7,idle,kick,527,7.195694434037354,-4.25748391827239,0.10973345824050078,1.9999896462199456,0.44269162143291513,0.757244016619517,1.2886884129697609,-0.0005899416876353758,1.2892783546573963,0.0
136,2.72,idle,kick,527,7.211881632616444,-4.270298961666418,0.10973345824050078,1.9999359001213664,0.44274676347851977,0.7572442204549001,1.288689555840581,-0.000589366660685868,1.2892789225012669,0.0
137,2.74,idle,kick,527,7.228068831195533,-4.283114005060446,0.10973345824050078,1.9998787915670464,0.44279760474086216,0.7572444776932746,1.2886907893750317,-0.0005887908181685768,1.2892795801932002,0.0
138,2.76,idle,kick,527,7.244256029774623,-4.295929048454473,0.10973345824050078,1.9998188194981545,0.44284388740471736,0.7572448143613493,1.288692148189066,-0.0005882386342503099,1.2892803868233165,0.0
139,2.78,idle,kick,527,7.260443228353712,-4.308744091848501,0.10973345824050078,1.9997562710814192,0.4428854829009997,0.7572452312039833,1.2886935995410433,-0.0005877205361633948,1.2892813200772066,0.0
140,2.8,idle,kick,527,7.276630426932802,-4.321559135242529,0.10973345824050078,1.9996915786280751,0.44292234746760506,0.7572457395881582,1.2886951348040163,-0.0005872379349735023,1.2892823727389897,0.0
141,2.82,idle,kick,527,7.2928176255118915,-4.334374178636557,0.10973345824050078,1.9996252980615417,0.44295451951333764,0.757246352788219,1.2886967613333782,-0.0005867896958171026,1.2892835510291953,0.0
142,2.84,idle,kick,527,7.309004824090981,-4.347189222030584,0.10973345824050078,1.9995580062065885,0.4429821261691245,0.7572470770655656,1.28869847955409,-0.0005863738100801257,1.28928485336417,0.0
143,2.86,idle,kick,527,7.325192022670071,-4.360004265424612,0.10973345824050078,1.999490260131538,0.4430053662553719,0.7572479127785463,1.2887002810188166,-0.0005859881208890444,1.2892862691397056,0.0
144,2.88,idle,kick,527,7.34137922124916,-4.37281930881864,0.10973345824050078,1.9994225869482363,0.44302449321449916,0.7572488584926357,1.2887021529817122,-0.0005856306745534515,1.2892877836562657,0.0
145,2.9,idle,kick,527,7.35756641982825,-4.3856343522126675,0.10973345824050078,1.9993554714261488,0.44303974971203974,0.7572499065867387,1.2887040788300126,-0.0005852989305699594,1.2892893777605825,0.0
146,2.92,idle,kick,527,7.373753618407339,-4.398449395606695,0.10973345824050078,1.9992893897486783,0.4430514811950679,0.7572510449851654,1.2887060337861578,-0.000584983152237626,1.2892910169383953,0.0
147,2.94,idle,kick,527,7.389940816986429,-4.411264439000723,0.10973345824050078,1.9992247818715807,0.44306015979070335,0.75725227241971,1.288707996365186,-0.0005846773430823807,1.2892926737082684,0.0
148,2.96,idle,kick,527,7.4061280155655185,-4.424079482394751,0.10973345824050078,1.9991620207795375,0.4430662199672845,0.7572535895302506,1.2887099508584152,-0.0005843840085431908,1.2892943348669583,0.0
149,2.98,idle,kick,527,7.422315214144608,-4.436894525788778,0.10973345824050078,1.9991014228035577,0.4430700330102129,0.7572549970421463,1.2887118885686601,-0.0005841069193494447,1.2892959954880097,0.0
150,3.0,idle,kick,527,7.438502412723698,-4.449709569182806,0.10973345824050078,1.9990432547415402,0.4430719475929294,0.7572564971534858,1.2887138067035055,-0.0005838491499750298,1.2892976558534806,0.0
151,3.02,idle,kick,527,7.454689611302787,-4.462524612576834,0.10973345824050078,1.9989877408069314,0.44307226751334605,0.7572580909302385,1.2887157080944676,-0.0005836111558426664,1.2892993192503102,0.0
152,3.04,idle,kick,527,7.470876809881877,-4.475339655970862,0.10973345824050078,1.9989350445583112,0.443071127695582,0.7572597736111497,1.2887176149135242,-0.0005833949597905466,1.2893010098733149,0.0
153,3.06,idle,kick,527,7.487064008460966,-4.488154699364889,0.10973345824050078,1.9988852945710993,0.44306868727818133,0.7572615466653634,1.2887195516101286,-0.0005832013848811046,1.2893027529950096,0.0
154,3.08,idle,kick,527,7.503251207040056,-4.500969742758917,0.10973345824050078,1.998838588711315,0.443065172494073,0.7572634100082279,1.2887215264461775,-0.0005830303359963228,1.289304556782174,0.0
155,3.1,idle,kick,527,7.5194384056191454,-4.513784786152945,0.10973345824050078,1.9987949876220685,0.443060804871091,0.7572653610721151,1.2887235413191913,-0.0005828815149190765,1.2893064228341105,0.0
156,3.12,idle,kick,527,7.535625604198235,-4.5265998295469725,0.10973345824050078,1.9987545164542568,0.4430557898804718,0.7572673954058271,1.2887255951997567,-0.0005827537211399204,1.2893083489208967,0.0
157,3.14,idle,kick,527,7.551812802777325,-4.539414872941,0.10973345824050078,1.9987171649507176,0.44305031183421767,0.7572695080154701,1.2887276863271493,-0.0005826460035698693,1.2893103323307191,0.0
158,3.16,idle,kick,527,7.568000001356414,-4.552229916335028,0.10973345824050078,1.998682891968715,0.4430445346475853,0.7572716945532504,1.2887298135645753,-0.0005825569797407414,1.289312370544316,0.0
159,3.18,idle,kick,527,7.584187199935504,-4.565044959729056,0.10973345824050078,1.998651631576398,0.44303860636073783,0.7572739494266459,1.2887319745030175,-0.0005824855479746351,1.289314460050992,0.0
160,3.2,idle,kick,527,7.600374398514593,-4.577860003123083,0.10973345824050078,1.9986232902054528,0.4430326564484048,0.7572762661177382,1.2887341661291476,-0.0005824305929548121,1.2893165967221023,0.0
161,3.22,idle,kick,527,7.616561597093683,-4.590675046517111,0.10973345824050078,1.9985977497855711,0.4430267762556553,0.7572786390828861,1.288736389778805,-0.0005823913325925696,1.2893187811113975,0.0
162,3.24,idle,kick,527,7.632748795672772,-4.603490089911139,0.10973345824050078,1.9985748702267256,0.44302101184421033,0.7572810610284737,1.288738651421975,-0.0005823668829700729,1.289321018304945,0.0
163,3.26,idle,kick,527,7.648935994251862,-4.616305133305167,0.10973345824050078,1.9985544979548353,0.44301541164146513,0.7572835263096164,1.288740957027054,-0.0005823557894041285,1.289323312816458,0.0
164,3.28,idle,kick,527,7.665123192830952,-4.629120176699194,0.10973345824050078,1.9985364714451324,0.44301002933538175,0.7572860303045107,1.2887433112583113,-0.0005823564057671135,1.2893256676640785,0.0
165,3.3,idle,kick,527,7.681310391410041,-4.641935220093222,0.10973345824050078,1.9985206238734328,0.4430049235169656,0.7572885685412646,1.2887457166525176,-0.0005823671181556453,1.2893280837706733,0.0
166,3.32,idle,kick,527,7.697497589989131,-4.65475026348725,0.10973345824050078,1.9985067807104278,0.443000156718471,0.7572911364473405,1.2887481732155024,-0.000582385825290424,1.2893305590407929,0.0
167,3.34,idle,kick,527,7.71368478856822,-4.6675653068812775,0.10973345824050078,1.9984947661735382,0.44299579586059357,0.7572937292953958,1.2887506784390577,-0.0005824104160561845,1.2893330888551138,0.0
168,3.36,idle,kick,527,7.72987198714731,-4.680380350275305,0.10973345824050078,1.9984844224771012,0.44299194709864326,0.7572963384838234,1.2887532233882741,-0.000582436165566115,1.2893356595538403,0.0
169,3.38,idle,kick,527,7.746059185726399,-4.693195393669333,0.10973345824050078,1.9984756118337346,0.4429887756563547,0.7572989566954693,1.2887557960132852,-0.0005824554390622162,1.2893382514523475,0.0
170,3.4,idle,kick,527,7.762246384305489,-4.706010437063361,0.10973345824050078,1.9984681908369744,0.4429864441308879,0.7573015802469413,1.2887583867224977,-0.0005824647455355512,1.2893408514680331,0.0
171,3.42,idle,kick,527,7.7784335828845785,-4.718825480457388,0.10973345824050078,1.998461990975903,0.4429850840198187,0.7573042037889508,1.2887609863436258,-0.0005824629898324926,1.2893434493334583,0.0
172,3.44,idle,kick,527,7.794620781463668,-4.731640523851416,0.10973345824050078,1.998456852162356,0.44298480302162174,0.7573068269946845,1.2887635931589672,-0.0005824498663650514,1.2893460430253323,0.0
173,3.46,idle,kick,527,7.810807980042758,-4.744455567245444,0.10973345824050078,1.9984526247577887,0.44298568568503477,0.7573094529571409,1.2887662098456376,-0.0005824255771931068,1.2893486354228307,0.0
174,3.48,idle,kick,527,7.826995178621847,-4.7572706106394715,0.10973345824050078,1.998449180406386,0.44298779931931426,0.7573120848794065,1.2887688384227007,-0.0005823899586425256,1.2893512283813433,0.0
175,3.5,idle,kick,527,7.843182377200937,-4.770085654033499,0.10973345824050078,1.9984463811005815,0.442991172022182,0.7573147531553573,1.2887715105946533,-0.0005823628141589203,1.2893538734088124,0.0
176,3.52,idle,kick,527,7.859369575780026,-4.782900697427527,0.10973345824050078,1.9984441025193032,0.44299578448275995,0.7573174365999531,1.2887742068467314,-0.0005823590863700372,1.2893565659331014,0.0
177,3.54,idle,kick,527,7.875556774359116,-4.795715740821555,0.10973345824050078,1.998442229615301,0.44300163303225243,0.7573201343137939,1.2887769263416322,-0.0005823576256686093,1.289359283967301,0.0
178,3.56,idle,kick,527,7.8917439729382055,-4.808530784215582,0.10973345824050078,1.9984406479328758,0.44300869033833473,0.7573228451395586,1.2887796713013246,-0.0005823514826780764,1.2893620227840028,0.0
179,3.58,idle,kick,527,7.907931171517295,-4.82134582760961,0.10973345824050078,1.9984392518355956,0.4430169236268231,0.7573255771469385,1.2887824487153172,-0.0005823410951980683,1.2893647898105154,0.0
180,3.6,idle,kick,527,7.924118370096385,-4.834160871003638,0.10973345824050078,1.9984379438318567,0.44302628929232163,0.7573283378817948,1.288785268822543,-0.0005823243453809655,1.2893675931679238,0.0
181,3.62,idle,kick,527,7.940305568675474,-4.846975914397666,0.10973345824050078,1.9984366316194857,0.44303673228025675,0.7573311261663136,1.288788133402288,-0.0005822970288535817,1.2893704304311415,0.0
182,3.64,idle,kick,527,7.956492767254564,-4.859790957791693,0.10973345824050078,1.9984352318595318,0.4430481978327382,0.7573339280713807,1.2887910277132788,-0.0005822654712939572,1.2893732931845727,0.0
183,3.66,idle,kick,527,7.972679965833653,-4.872606001185721,0.10973345824050078,1.9984336648461776,0.44306062069334695,0.7573367380222239,1.2887939508544428,-0.0005822281612558565,1.2893761790156986,0.0
184,3.68,idle,kick,527,7.988867164412743,-4.885421044579749,0.10973345824050078,1.998431857049495,0.443073942280381,0.7573395502806436,1.2887968955909004,-0.000582183092577758,1.2893790786834782,0.0
185,3.7,idle,kick,527,8.005054362991833,-4.8982360879737765,0.10973345824050078,1.9984297427032278,0.44308807983043874,0.7573423583855186,1.2887998573091144,-0.0005821329343757287,1.2893819902434902,0.0
186,3.72,idle,kick,527,8.021241561570923,-4.911051131367804,0.10973345824050078,1.9984272576075026,0.44310293187875194,0.7573451582387555,1.2888028326624863,-0.0005820800330800686,1.2893849126955663,0.0
187,3.74,idle,kick,527,8.037428760150013,-4.923866174761832,0.10973345824050078,1.9984243438512113,0.44311840001907427,0.7573479512601519,1.2888058248651422,-0.0005820215094787459,1.289387846374621,0.0
188,3.76,idle,kick,527,8.053615958729102,-4.93668121815586,0.10973345824050078,1.9984209578813426,0.4431344161396535,0.7573507321365155,1.2888088249519194,-0.0005819594871221273,1.2893907844390415,0.0
189,3.78,idle,kick,527,8.069803157308192,-4.949496261549887,0.10973345824050078,1.9984170653143567,0.4431509323905796,0.7573535029475236,1.2888118320970126,-0.0005818899371171568,1.2893937220341296,0.0
190,3.8,idle,kick,527,8.085990355887281,-4.962311304943915,0.10973345824050078,1.998412641596002,0.44316790127832684,0.7573562560536764,1.2888148357891718,-0.0005818192926493292,1.289396655081821,0.0
191,3.82,idle,kick,527,8.10217755446637,-4.975126348337943,0.10973345824050078,1.9984076709696188,0.4431852982842985,0.7573589931067672,1.2888178306264193,-0.0005817462793241794,1.2893995769057436,0.0
192,3.84,idle,kick,527,8.11836475304546,-4.987941391731971,0.10973345824050078,1.9984021401771501,0.44320308597615404,0.7573617119826799,1.2888208127429743,-0.0005816680751204277,1.2894024808180948,0.0
193,3.86,idle,kick,527,8.13455195162455,-5.000756435125998,0.10973345824050078,1.9983960389202822,0.4432212243216951,0.7573644116696422,1.2888237789428492,-0.000581584502999808,1.2894053634458489,0.0
194,3.88,idle,kick,527,8.15073915020364,-5.013571478520026,0.10973345824050078,1.9983893697664057,0.4432396863412512,0.7573670899120506,1.2888267227552483,-0.000581501846905693,1.289408224602154,0.0
195,3.9,idle,kick,527,8.166926348782729,-5.026386521914054,0.10973345824050078,1.9983821395593853,0.44325844823748717,0.7573697501885547,1.2888296445271095,-0.0005814165793214671,1.289411061106431,0.0
196,3.92,idle,kick,527,8.183113547361819,-5.0392015653080815,0.10973345824050078,1.998374353626485,0.4432774718738715,0.7573723900013872,1.2888325417512834,-0.0005813279647012004,1.2894138697159845,0.0
197,3.94,idle,kick,527,8.199300745940908,-5.052016608702109,0.10973345824050078,1.9983660215998735,0.44329672028593,0.7573750056872584,1.2888354097730326,-0.000581241215574152,1.2894166509886067,0.0
198,3.96,idle,kick,527,8.215487944519998,-5.064831652096137,0.10973345824050078,1.9983571540941747,0.44331616102517546,0.7573776022962003,1.2888382522325705,-0.0005811508671634373,1.289419403099734,0.0
199,3.98,idle,kick,527,8.231675143099087,-5.077646695490165,0.10973345824050078,1.99834776423385,0.4433357530459293,0.757380172195457,1.288841063230749,-0.0005810576663849813,1.289422120897134,0.0
200,4.0,idle,kick,527,8.247862341678177,-5.090461738884192,0.10973345824050078,1.9983378651726833,0.4433554632705572,0.757382721288989,1.2888438467701195,-0.0005809613651521252,1.2894248081352717,0.0
201,4.02,idle,kick,527,8.264049540257266,-5.10327678227822,0.10973345824050078,1.998327473210851,0.4433752472151718,0.7573852431450335,1.2888465990576163,-0.0005808690541893174,1.2894274681118056,0.0
202,4.04,idle,kick,527,8.280236738836356,-5.116091825672248,0.10973345824050078,1.9983166066157512,0.4433950712762904,0.7573877380165749,1.2888493199448565,-0.000580775059675992,1.2894300950045325,0.0
203,4.06,idle,kick,527,8.296423937415446,-5.128906869066276,0.10973345824050078,1.9983052834239963,0.4434148974491701,0.7573902045356492,1.288852008028457,-0.0005806826094451323,1.2894326906379021,0.0
204,4.08,idle,kick,527,8.312611135994535,-5.141721912460303,0.10973345824050078,1.998293515557421,0.44343468562739635,0.7573926498052495,1.2888546722219625,-0.000580583660573758,1.2894352558825362,0.0
205,4.1,idle,kick,527,8.328798334573625,-5.154536955854331,0.10973345824050078,1.998281322773696,0.44345439327096425,0.7573950636881087,1.2888573038092406,-0.0005804877510397696,1.2894377915602804,0.0
206,4.12,idle,kick,527,8.344985533152714,-5.167351999248359,0.10973345824050078,1.998268729145527,0.44347400426799205,0.7573974522047598,1.2888599054640277,-0.0005803940442209235,1.2894402995082486,0.0
207,4.14,idle,kick,527,8.361172731731804,-5.1801670426423865,0.10973345824050078,1.9982557516258725,0.44349348485323786,0.7573998162502593,1.2888624811713472,-0.0005802984202238869,1.289442779591571,0.0
208,4.16,idle,kick,527,8.377359930310893,-5.192982086036414,0.10973345824050078,1.9982424113741675,0.4435128158658191,0.757402153500712,1.2888650268272381,-0.0005801969272921093,1.2894452237545302,0.0
209,4.18,idle,kick,527,8.393547128889983,-5.205797129430442,0.10973345824050078,1.9982287321505405,0.4435319832573863,0.757404466914997,1.288867544763975,-0.0005801036879309364,1.289447648451906,0.0
210,4.2,idle,kick,527,8.409734327469073,-5.21861217282447,0.10973345824050078,1.9982147420077634,0.44355098038131713,0.757406738923837,1.288870016840789,-0.00058000126198526,1.2894500181027742,0.0
211,4.22,idle,kick,527,8.425921526048162,-5.231427216218497,0.10973345824050078,1.9982004690983965,0.4435698211728573,0.7574089709866489,1.2888724424382214,-0.0005798766746575382,1.289452319112879,0.0
212,4.24,idle,kick,527,8.442108724627252,-5.244242259612525,0.10973345824050078,1.9981859445173196,0.44358851217449297,0.7574111661747273,1.2888748239952743,-0.0005797350464244733,1.2894545590416988,0.0
213,4.26,idle,kick,527,8.458295923206341,-5.257057303006553,0.10973345824050078,1.9981711939072964,0.4436070565327182,0.7574133255931791,1.2888771623307926,-0.0005795824557340117,1.2894567447865266,0.0
214,4.28,idle,kick,527,8.47448312178543,-5.2698723464005806,0.10973345824050078,1.998156237981638,0.4436254527808082,0.7574154502353536,1.2888794581579643,-0.0005794239780298263,1.2894588821359942,0.0
215,4.3,idle,kick,527,8.49067032036452,-5.282687389794608,0.10973345824050078,1.9981410946210203,0.4436436963848858,0.7574175411723213,1.2888817124965013,-0.000579262344701053,1.2894609748412023,0.0
216,4.32,idle,kick,527,8.50685751894361,-5.295502433188636,0.10973345824050078,1.9981257819873963,0.44366178265248185,0.7574195998523563,1.288883926728339,-0.0005790991966441172,1.289463025924983,0.0
217,4.34,idle,kick,527,8.5230447175227,-5.308317476582664,0.10973345824050078,1.9981103187434737,0.4436797070203418,0.7574216273205001,1.2888861021844051,-0.0005789355672810095,1.289465037751686,0.0
218,4.36,idle,kick,527,8.539231916101789,-5.3211325199766915,0.10973345824050078,1.9980947220415464,0.4436974646810314,0.7574236243203534,1.2888882399948098,-0.0005787721371572595,1.2894670121319671,0.0
219,4.38,idle,kick,527,8.555419114680879,-5.333947563370719,0.10973345824050078,1.9980790100599184,0.4437150527687964,0.7574255917089543,1.2888903414671058,-0.0005786094136305923,1.2894689508807364,0.0
220,4.4,idle,kick,527,8.571606313259968,-5.346762606764747,0.10973345824050078,1.9980631996268836,0.4437324690747332,0.7574275304484379,1.2888924080951654,-0.0005784478760665485,1.289470855971232,0.0
221,4.42,idle,kick,527,8.587793511839058,-5.359577650158775,0.10973345824050078,1.9980473058038135,0.4437497125910318,0.7574294406138468,1.2888944403838836,-0.0005782874240071872,1.2894727278078908,0.0
222,4.44,idle,kick,527,8.603980710418147,-5.372392693552802,0.10973345824050078,1.9980313445987947,0.44376678401176756,0.7574313226306865,1.2888964390665572,-0.0005781279087284721,1.2894745669752856,0.0
223,4.46,idle,kick,527,8.620167908997237,-5.38520773694683,0.10973345824050078,1.9980153332634285,0.44378368710461097,0.757433177307955,1.2888984054540789,-0.0005779695974584553,1.2894763750515372,0.0
224,4.48,idle,kick,527,8.636355107576327,-5.398022780340858,0.10973345824050078,1.9979992849697454,0.44380042553387855,0.7574350053220901,1.28890034060598,-0.0005778127380800559,1.28947815334406,0.0
225,4.5,idle,kick,527,8.652542306155416,-5.4108378237348855,0.10973345824050078,1.9979832119382244,0.44381699992418316,0.7574368096731671,1.2889022480268177,-0.0005776580057228788,1.2894799060325406,0.0
226,4.52,idle,kick,527,8.668729504734506,-5.423652867128913,0.10973345824050078,1.9979671280192266,0.4438334146006571,0.7574385907214797,1.2889041286310199,-0.00057750592171198,1.2894816345527318,0.0
227,4.54,idle,kick,527,8.684916703313595,-5.436467910522941,0.10973345824050078,1.9979510435649601,0.443849673809114,0.7574403478123174,1.2889059821366524,-0.0005773571915721823,1.2894833393282246,0.0
228,4.56,idle,locomotion,1,8.701103901892685,-5.449282953916969,0.10973345824050078,1.9979349666804367,0.4438657825634796,0.757442080072543,1.2889078079266427,-0.0005772115239824002,1.289485019450625,0.0
229,4.58,idle,locomotion,1,8.717291100471774,-5.462097997310996,0.10973345824050078,1.9983018873697547,0.44372633716805837,0.75798879592271,1.2895037308777615,-0.0005171916808322449,1.2900209225585937,0.0
230,4.6,idle,locomotion,1,8.733478299050864,-5.474913040705024,0.10973345824050078,1.9990261123692687,0.4435133217946918,0.7593858840177822,1.2910146147481727,-0.0005110269587223527,1.291525641706895,0.0
231,4.62,idle,locomotion,1,8.749665497629953,-5.487728084099052,0.10973345824050078,1.9997831045187102,0.4434160921138983,0.7612679220616926,1.293013622830674,-0.0005208172757915283,1.2935344401064655,0.0
232,4.64,idle,locomotion,1,8.765852696209043,-5.50054312749308,0.10973345824050078,2.0003465699385434,0.44348309945571257,0.7632132456163673,1.2950543344094743,-0.000546477880665433,1.2956008122901397,0.0
233,4.66,idle,locomotion,1,8.782039894788133,-5.513358170887107,0.10973345824050078,2.0005434869864356,0.4436795632677157,0.7649363346854392,1.2968440962352015,-0.0005827892441426508,1.297426885479344,0.0
234,4.68,idle,locomotion,1,8.798227093367222,-5.526173214281135,0.10973345824050078,2.0003137377937663,0.4439332255010266,0.7663167681253318,1.2982657908011368,-0.0006274397972265769,1.2988932305983634,0.0
235,4.7,idle,locomotion,1,8.814414291946312,-5.538988257675163,0.10973345824050078,1.9996996546860777,0.4441513278502955,0.767341616762123,1.299312307154134,-0.0006501689129986034,1.2999624760671324,0.0
236,4.72,idle,locomotion,1,8.830601490525401,-5.5518033010691905,0.10973345824050078,1.9987397684302248,0.4442926209640329,0.7680713161306004,1.3000433524252992,-0.0006572234997991033,1.3007005759250982,0.0
237,4.74,idle,locomotion,1,8.846788689104491,-5.564618344463218,0.10973345824050078,1.997495966872595,0.4443423758394087,0.7685964293535713,1.3005494308981396,-0.0006567795561359703,1.3012062104542756,0.0
238,4.76,idle,locomotion,1,8.86297588768358,-5.577433387857246,0.10973345824050078,1.996060729769651,0.44430592547615894,0.7689985024963699,1.3009174430919328,-0.0006517047058647446,1.3015691477977975,0.0
239,4.78,idle,locomotion,1,8.87916308626267,-5.590248431251274,0.10973345824050078,1.9945069623699423,0.4441991116945436,0.7693697204058776,1.3012446567918863,-0.0006355576913130122,1.3018802144831993,0.0
240,4.8,idle,locomotion,1,8.89535028484176,-5.603063474645301,0.10973345824050078,1.992922086973073,0.44405716758169556,0.7697312582674353,1.3015624547590363,-0.0006237566068703557,1.3021862113659066,0.0
241,4.82,idle,locomotion,1,8.91153748342085,-5.615878518039329,0.10973345824050078,1.9913396934314878,0.44389949623644537,0.7701024145626936,1.3018917382562858,-0.0006049319074171271,1.3024966701637029,0.0
242,4.84,idle,locomotion,1,8.927724681999939,-5.628693561433357,0.10973345824050078,1.9897665061875134,0.4437385438554347,0.7704977552690575,1.3022467561856292,-0.0005849008332714893,1.3028316570189007,0.0
243,4.86,idle,locomotion,1,8.943911880579028,-5.641508604827385,0.10973345824050078,1.9882053772661925,0.4435796069361332,0.7709067462575028,1.3026154674137083,-0.0005682254388729921,1.3031836928525813,0.0
244,4.88,idle,locomotion,1,8.960099079158118,-5.654323648221412,0.10973345824050078,1.9866626734449553,0.44343333699948073,0.771327080250866,1.3029922373677498,-0.00056365744007476,1.3035558948078245,0.0
245,4.9,idle,locomotion,1,8.976286277737207,-5.66713869161544,0.10973345824050078,1.98515361855806,0.44328204985581865,0.7717435264646194,1.3033624957906116,-0.0005662298931778213,1.3039287256837895,0.0
246,4.92,idle,locomotion,1,8.992473476316297,-5.679953735009468,0.10973345824050078,1.9836614311495306,0.4431099565853118,0.7721206752807007,1.3036903511626043,-0.0005686220817830469,1.3042589732443874,0.0
247,4.94,idle,locomotion,1,9.008660674895387,-5.6927687784034955,0.10973345824050078,1.9821759942789077,0.4429088801802986,0.7724402977063969,1.3039572361299994,-0.0005697932984336171,1.304527029428433,0.0
248,4.96,idle,locomotion,1,9.024847873474476,-5.705583821797523,0.10973345824050078,1.980694699524921,0.44266927479591284,0.7726957485037992,1.30415937044895,-0.0005727204689094205,1.3047320909178595,0.0
249,4.98,idle,locomotion,1,9.041035072053566,-5.718398865191551,0.10973345824050078,1.9792188330170615,0.44238866122271686,0.7728783494768883,1.304290997438774,-0.0005756600390607568,1.3048666574778347,0.0
250,5.0,idle,locomotion,1,9.057222270632655,-5.731213908585579,0.10973345824050078,1.9777539121171044,0.44206732601252413,0.772990802578691,1.3043570995006932,-0.0005784399159576951,1.3049355394166509,0.0
251,5.02,idle,locomotion,1,9.073409469211745,-5.744028951979606,0.10973345824050078,1.9763089352552778,0.4417067397317426,0.7730400721329592,1.3043673113350023,-0.0005809833086991047,1.3049482946437014,0.0
252,5.04,idle,locomotion,1,9.089596667790834,-5.756843995373634,0.10973345824050078,1.9748980641122198,0.4413191354533592,0.7730440928888518,1.3043394594491187,-0.0005829412341760883,1.3049224006832947,0.0
253,5.06,idle,locomotion,1,9.105783866369924,-5.769659038767662,0.10973345824050078,1.9735320160438483,0.44091569627229776,0.7730153232542146,1.3042864427614083,-0.0005848014923220783,1.3048712442537302,0.0
254,5.08,idle,locomotion,1,9.121971064949014,-5.78247408216169,0.10973345824050078,1.9722180989628466,0.4405102041952076,0.7729568484384306,1.3042106224089622,-0.0005868894761652602,1.3047975118851276,0.0
255,5.1,idle,locomotion,1,9.138158263528103,-5.795289125555717,0.10973345824050078,1.9709638009287238,0.44011661148600867,0.7728678793694432,1.3041097360127565,-0.0005880699041665334,1.304697805916923,0.0
256,5.12,idle,locomotion,1,9.154345462107193,-5.808104168949745,0.10973345824050078,1.9697766184060876,0.43974469085132006,0.7727504113329614,1.3039845076589318,-0.0005885493007317492,1.3045730569596636,0.0
257,5.14,idle,locomotion,1,9.170532660686282,-5.820919212343773,0.10973345824050078,1.968664145557581,0.4394006694910009,0.772610663773874,1.303839875169176,-0.0005884812403523891,1.3044283564095285,0.0
258,5.16,idle,locomotion,1,9.186719859265372,-5.8337342557378005,0.10973345824050078,1.9676305412114006,0.4390901629896766,0.7724524550619638,1.3036784792797453,-0.0005878568266043556,1.3042663361063498,0.0
259,5.18,idle,locomotion,1,9.202907057844461,-5.846549299131828,0.10973345824050078,1.966679133875236,0.4388154962285292,0.772279851437516,1.30350360647324,-0.0005865710465750504,1.304090177519815,0.0
260,5.2,idle,locomotion,1,9.219094256423551,-5.859364342525856,0.10973345824050078,1.9658127903855245,0.43857594662278115,0.7720959501132076,1.3033185746060865,-0.0005860878459198332,1.3039046624520063,0.0
261,5.22,idle,locomotion,1,9.23528145500264,-5.872179385919884,0.10973345824050078,1.9650338416963555,0.43837139731650276,0.7719029479513458,1.3031256487371559,-0.0005855548731883015,1.3037112036103442,0.0
262,5.24,idle,locomotion,1,9.25146865358173,-5.884994429313911,0.10973345824050078,1.964343596081368,0.43820100718580424,0.7717055636510624,1.3029296431560267,-0.0005842642502945777,1.3035139074063213,0.0
263,5.26,idle,locomotion,1,9.26765585216082,-5.897809472707939,0.10973345824050078,1.9637435959647471,0.4380643985270409,0.771508141850505,1.3027349790255762,-0.0005824506725702547,1.3033174296981465,0.0
264,5.28,idle,locomotion,1,9.28384305073991,-5.910624516101967,0.10973345824050078,1.9632345027667324,0.43796065862124206,0.7713136775848991,1.302544760804791,-0.0005803710035822175,1.3031251318083734,0.0
265,5.3,idle,locomotion,1,9.300030249318999,-5.9234395594959945,0.10973345824050078,1.9628150713201857,0.4378868866621664,0.7711224685745972,1.3023598103574767,-0.0005783193977783943,1.3029381297552551,0.0
266,5.32,idle,locomotion,1,9.316217447898088,-5.936254602890022,0.10973345824050078,1.9624827897880304,0.437840418828361,0.770934402980296,1.3021800764271843,-0.0005760717088703626,1.3027561481360546,0.0
267,5.34,idle,locomotion,1,9.332404646477178,-5.94906964628405,0.10973345824050078,1.9622339860873643,0.43781860728712535,0.7707502002659907,1.3020063510582962,-0.0005733137146748703,1.302579664772971,0.0
268,5.36,idle,locomotion,1,9.348591845056268,-5.961884689678078,0.10973345824050078,1.962063901336419,0.4378193725538759,0.7705700471360571,1.301838751604006,-0.0005700412539469089,1.3024087928579529,0.0
269,5.38,idle,locomotion,1,9.364779043635357,-5.9746997330721054,0.10973345824050078,1.961967163476942,0.437840768827677,0.7703944136402631,1.3016775249269796,-0.0005664672043982737,1.302243992131378,0.0
270,5.4,idle,locomotion,1,9.380966242214447,-5.987514776466133,0.10973345824050078,1.9619380363602053,0.43788242888648765,0.770222990814984,1.3015220363427222,-0.0005627362000726645,1.3020847725427949,0.0
271,5.42,idle,locomotion,1,9.397153440793536,-6.000329819860161,0.10973345824050078,1.9619705204195652,0.43794272327668543,0.7700563524666214,1.3013726341851282,-0.000558940106303165,1.3019315742914312,0.0
272,5.44,idle,locomotion,1,9.413340639372626,-6.013144863254189,0.10973345824050078,1.9620590741156665,0.4380193235708669,0.7698951846861745,1.3012298695747282,-0.0005551463015183514,1.3017850158762465,0.0
273,5.46,idle,locomotion,1,9.429527837951715,-6.025959906648216,0.10973345824050078,1.9621983258866105,0.4381098028051412,0.7697395058722305,1.3010935934775993,-0.0005514301541258877,1.3016450236317252,0.0
274,5.48,idle,locomotion,1,9.445715036530805,-6.038774950042244,0.10973345824050078,1.9623826996942588,0.4382115017802359,0.7695891591812578,1.3009634061049486,-0.0005482351905820131,1.3015116412955308,0.0
275,5.5,idle,locomotion,1,9.461902235109894,-6.051589993436272,0.10973345824050078,1.9626056269478707,0.4383184013993767,0.7694444358984641,1.3008395982880616,-0.0005458511926486435,1.3013854494807102,0.0
276,5.52,idle,locomotion,1,9.478089433688984,-6.0644050368302995,0.10973345824050078,1.9628615674410546,0.4384295084068691,0.7693034199863469,1.3007198719133317,-0.000543588840432218,1.3012634607537639,0.0
277,5.54,idle,locomotion,1,9.494276632268074,-6.077220080224327,0.10973345824050078,1.9631451405574152,0.43854407614742175,0.7691653041473235,1.3006029901224703,-0.0005418039748243363,1.3011447940972947,0.0
278,5.56,idle,locomotion,1,9.510463830847163,-6.090035123618355,0.10973345824050078,1.9634514751111691,0.4386617805105665,0.7690300344076357,1.3004884293084964,-0.0005408667860590383,1.3010292960945555,0.0
279,5.58,idle,locomotion,1,9.526651029426253,-6.102850167012383,0.10973345824050078,1.9637757604947756,0.4387812900649337,0.7688980826960347,1.3003764007673955,-0.000540065757108351,1.3009164665245039,0.0
280,5.6,idle,locomotion,1,9.542838228005342,-6.11566521040641,0.10973345824050078,1.9641134148546564,0.4389014712432888,0.7687692694736961,1.3002664544246845,-0.0005393996023965904,1.300805854027081,0.0
281,5.62,idle,locomotion,1,9.559025426584432,-6.128480253800438,0.10973345824050078,1.964460047017482,0.4390213266729379,0.7686433473186258,1.300158148794862,-0.0005388731365469634,1.300697021931409,0.0
282,5.64,idle,locomotion,1,9.575212625163521,-6.141295297194466,0.10973345824050078,1.9648114876104787,0.43914018692478857,0.7685201262456544,1.3000511085299438,-0.0005384831841660914,1.30058959171411,0.0
283,5.66,idle,locomotion,1,9.591399823742611,-6.154110340588494,0.10973345824050078,1.9651639092560915,0.43925719047170486,0.7683995721918191,1.299945200720183,-0.000538227010214689,1.3004834277303978,0.0
284,5.68,idle,locomotion,1,9.6075870223217,-6.166925383982521,0.10973345824050078,1.9655139304615796,0.43937134791091204,0.7682816195758418,1.2998403474793285,-0.0005381028775287809,1.3003784503568574,0.0
285,5.7,idle,locomotion,1,9.62377422090079,-6.179740427376549,0.10973345824050078,1.9658585166582552,0.4394816017324652,0.7681661697489751,1.29973649694891,-0.0005381059262642637,1.3002746028751744,0.0
286,5.72,idle,locomotion,1,9.63996141947988,-6.192555470770577,0.10973345824050078,1.966194837172451,0.43958686479749365,0.76805309977341,1.2996336030532571,-0.0005382288237566618,1.300171831877014,0.0
287,5.74,idle,locomotion,1,9.65614861805897,-6.2053705141646045,0.10973345824050078,1.966520239463333,0.4396860302393955,0.7679422230958254,1.2995315792400486,-0.0005384688979674992,1.300070048138016,0.0
288,5.76,idle,locomotion,1,9.672335816638059,-6.218185557558632,0.10973345824050078,1.9668320629161324,0.439777696532298,0.7678333132845591,1.2994302995679108,-0.0005388343348447441,1.2999691339027555,0.0
289,5.78,idle,locomotion,1,9.688523015217148,-6.23100060095266,0.10973345824050078,1.9671277038628943,0.43986084652393825,0.7677259055922002,1.299329374893981,-0.0005393197124489123,1.2998686946064297,0.0
290,5.8,idle,locomotion,1,9.704710213796238,-6.243815644346688,0.10973345824050078,1.9674048439936933,0.4399348126775029,0.7676196551182123,1.2992284878226836,-0.0005399091550653615,1.299768396977749,0.0
291,5.82,idle,locomotion,1,9.720897412375328,-6.256630687740715,0.10973345824050078,1.967661569178823,0.4399989946917471,0.7675144456926821,1.2991275722259634,-0.0005405872998136239,1.299668159525777,0.0
292,5.84,idle,locomotion,1,9.737084610954417,-6.269445731134743,0.10973345824050078,1.9678963805003522,0.44005290896060995,0.767410247039846,1.2990266551987921,-0.0005413373495437163,1.2995679925483359,0.0
293,5.86,idle,locomotion,1,9.753271809533507,-6.282260774528771,0.10973345824050078,1.9681081064202166,0.44009616707377486,0.7673069739262178,1.298925728210486,-0.000542148610792683,1.2994678768212786,0.0
294,5.88,idle,locomotion,1,9.769459008112596,-6.295075817922799,0.10973345824050078,1.9682958608719472,0.44012856476801604,0.7672044422700559,1.298824676898667,-0.0005430111718174244,1.2993676880704845,0.0
295,5.9,idle,locomotion,1,9.785646206691686,-6.307890861316826,0.10973345824050078,1.9684590887669045,0.4401500354255223,0.7671024614198875,1.2987233846864805,-0.0005439254368951631,1.2992673101233756,0.0
296,5.92,idle,locomotion,1,9.801833405270775,-6.320705904710854,0.10973345824050078,1.9685975796618538,0.4401609915357048,0.7670007875058494,1.298621665970004,-0.0005448696455784691,1.2991665356155826,0.0
297,5.94,idle,locomotion,1,9.818020603849865,-6.333520948104882,0.10973345824050078,1.968711340552433,0.4401620273413784,0.7668991606702359,1.2985193086908493,-0.0005458201642741418,1.2990651288551234,0.0
298,5.96,idle,locomotion,1,9.834207802428955,-6.3463359914989095,0.10973345824050078,1.968800437497461,0.44015276884285115,0.7667972265282698,1.2984161372745509,-0.0005467667721600795,1.298962904046711,0.0
299,5.98,idle,locomotion,1,9.850395001008044,-6.359151034892937,0.10973345824050078,1.9688651219679947,0.44013323052582687,0.7666944891779851,1.298311828811945,-0.0005477098057307152,1.2988595386176758,0.0
300,6.0,idle,locomotion,1,9.866582199587134,-6.371966078286965,0.10973345824050078,1.968905838104425,0.4401041865156436,0.7665903164122162,1.2982058397799332,-0.0005486272710745754,1.2987544670510078,0.0
301,6.02,idle,locomotion,1,9.882769398166223,-6.384781121680993,0.10973345824050078,1.9689229868510327,0.4400659219517151,0.7664839141382286,1.298097509081239,-0.0005494967880165964,1.2986470058692556,0.0
302,6.04,idle,locomotion,1,9.898956596745313,-6.39759616507502,0.10973345824050078,1.9689170288487776,0.44001884758797727,0.7663742296269778,1.2979858954648231,-0.0005503297702397769,1.298536225235063,0.0
303,6.06,idle,locomotion,1,9.915143795324402,-6.410411208469048,0.10973345824050078,1.9688885376301404,0.43996382832484465,0.7662598455042114,1.297869627659564,-0.0005511151237520273,1.298420742783316,0.0
304,6.08,idle,locomotion,1,9.931330993903492,-6.423226251863076,0.10973345824050078,1.9688381575424267,0.4399019483678239,0.7661389619643587,1.2977469158438801,-0.0005518289833892839,1.2982987448272694,0.0
305,6.1,idle,locomotion,1,9.947518192482582,-6.436041295257104,0.10973345824050078,1.9687665457621912,0.4398343445793304,0.7660093564092517,1.2976155354483954,-0.0005524478314284931,1.2981679832798239,0.0
306,6.12,idle,locomotion,1,9.963705391061671,-6.448856338651131,0.10973345824050078,1.9686742879193884,0.43976215407969044,0.7658681770896293,1.2974726339133262,-0.0005529514309829189,1.2980255853443092,0.0
307,6.14,idle,locomotion,1,9.97989258964076,-6.461671382045159,0.10973345824050078,1.9685618006439647,0.4396864716220266,0.7657116670746948,1.297314460342808,-0.0005533296264166876,1.2978677899692246,0.0
308,6.16,idle,locomotion,1,9.99607978821985,-6.474486425439187,0.10973345824050078,1.9684293109652176,0.4396083837078708,0.7655350021816013,1.297136192652177,-0.0005535566042590735,1.297689749256436,0.0
309,6.18,idle,locomotion,1,10.01226698679894,-6.4873014688332145,0.10973345824050078,1.9682766585242668,0.4395290189516981,0.7653316508018533,1.296931323581689,-0.0005535950103286412,1.2974849185920176,0.0
310,6.2,idle,locomotion,1,10.02845418537803,-6.500116512227242,0.10973345824050078,1.968102999883712,0.4394496020178772,0.7650924733401894,1.296690720992679,-0.0005533966182849417,1.297244117610964,0.0
311,6.22,idle,locomotion,1,10.044641383957119,-6.51293155562127,0.10973345824050078,1.9679062097526077,0.43937134229242364,0.7648044223277176,1.296401318629273,-0.0005529012724184851,1.2969542199016917,0.0
312,6.24,idle,locomotion,1,10.060828582536208,-6.525746599015298,0.10973345824050078,1.9676824312982526,0.4392954849708698,0.7644476913108548,1.296043332782549,-0.0005520372049679471,1.2965953699875168,0.0
313,6.26,idle,locomotion,1,10.077015781115298,-6.538561642409325,0.10973345824050078,1.9674239989054583,0.43922427355979804,0.763991434020545,1.2955858912293372,-0.0005506334401122852,1.2961365246694494,0.0
314,6.28,idle,locomotion,1,10.093202979694388,-6.551376685803353,0.10973345824050078,1.9671165168473301,0.4391608653331641,0.7633854978220495,1.2949787420528354,-0.000548224215918415,1.2955269662687539,0.0
315,6.3,idle,locomotion,1,10.109390178273477,-6.564191729197381,0.10973345824050078,1.9667364864139085,0.4391078620153106,0.7625443225118587,1.2941365061436805,-0.0005441892195068194,1.2946806953631873,0.0
316,6.32,idle,locomotion,1,10.125577376852567,-6.5770067725914085,0.10973345824050078,1.9662443922254464,0.43906558991006406,0.7613108550410913,1.292903581688417,-0.0005366761704673415,1.2934402578588842,0.0
317,6.34,idle,locomotion,1,10.141764575431656,-6.589821815985436,0.10973345824050078,1.9655699799486313,0.4390287118796862,0.7593990009138116,1.29099719920393,-0.000522207279082889,1.2915194064830129,0.0
318,6.36,idle,locomotion,1,10.157951774010746,-6.602636859379464,0.10973345824050078,1.9646116590900857,0.43900243949502177,0.756333460522134,1.2879444590269862,-0.0005102749801483182,1.2884547340071344,0.0
319,6.38,idle,locomotion,1,10.174138972589835,-6.615451902773492,0.10973345824050078,1.9632968118442953,0.4389830455176972,0.7516277134651543,1.283253154424031,-0.0005150383632064916,1.2837681927872375,0.0
320,6.4,idle,locomotion,1,10.190326171168925,-6.628266946167519,0.10973345824050078,1.96170510672259,0.43894058439690986,0.7453340659242566,1.2769532380437418,-0.00047318547987245177,1.2774264235236144,0.0
321,6.42,idle,locomotion,1,10.206513369748015,-6.641081989561547,0.10973345824050078,1.960058493326976,0.43880360089112713,0.7382673463561489,1.269852566738512,-0.0004110570652183995,1.2702636238037306,0.0
322,6.44,idle,locomotion,1,10.222700568327104,-6.653897032955575,0.10973345824050078,1.9585329233328541,0.4385368669832834,0.7315420659929337,1.263071375182139,-0.0004122948453949282,1.2634836700275338,0.0
323,6.46,idle,locomotion,1,10.238887766906194,-6.666712076349603,0.10973345824050078,1.9572354834158412,0.43825605486663816,0.7260112056752351,1.257469569273312,-0.0004304477357133761,1.2579000170090253,0.0
324,6.48,idle,locomotion,1,10.255074965485283,-6.67952711974363,0.10973345824050078,1.9561920581331131,0.438036535674552,0.7221458519798681,1.2535257157406472,-0.0004679185258363444,1.2539936342664835,0.0
325,6.5,idle,locomotion,1,10.271262164064373,-6.692342163137658,0.10973345824050078,1.955393464162273,0.43791641711226187,0.7200679285948297,1.2513739862846287,-0.0004950190038449272,1.2518690052884736,0.0
326,6.52,idle,locomotion,1,10.287449362643462,-6.705157206531686,0.10973345824050078,1.954836369646073,0.43790098395534927,0.719590677689577,1.2508480441529088,-0.0005054163858725612,1.2513534605387815,0.0
327,6.54,idle,locomotion,1,10.303636561222552,-6.7179722499257135,0.10973345824050078,1.9544676467042303,0.4379588005418424,0.7203467285886268,1.2515844891457888,-0.0005043921585092086,1.252088881304298,0.0
328,6.56,idle,locomotion,1,10.319823759801642,-6.730787293319741,0.10973345824050078,1.954222533288825,0.4380716366537435,0.7219237397282269,1.2531688666167264,-0.0004970403498980001,1.2536659069666245,0.0
329,6.58,idle,locomotion,1,10.336010958380731,-6.743602336713769,0.10973345824050078,1.9540551995612179,0.43825085095695854,0.7238979830274033,1.2551741435777006,-0.0004888840614688771,1.2556630276391696,0.0
330,6.6,idle,locomotion,1,10.35219815695982,-6.756417380107797,0.10973345824050078,1.9539085246411065,0.43848861255698585,0.7259049659200933,1.2572281388771982,-0.00048309510804239036,1.2577112339852405,0.0
331,6.62,idle,locomotion,1,10.36838535553891,-6.769232423501824,0.10973345824050078,1.9537119636567577,0.43877820397025913,0.7276780564330919,1.2590520220508368,-0.00048051156543826856,1.259532533616275,0.0
332,6.64,idle,locomotion,1,10.384572554118,-6.782047466895852,0.10973345824050078,1.9534181471313028,0.4391029171758161,0.7290588076744784,1.2604785238249487,-0.00048072715487851303,1.2609592509798273,0.0
333,6.66,idle,locomotion,1,10.40075975269709,-6.79486251028988,0.10973345824050078,1.9530039898180684,0.43944152334497283,0.7299860481281277,1.2614416960637338,-0.00048267543944349386,1.2619243715031774,0.0
334,6.68,idle,locomotion,1,10.416946951276179,-6.807677553683908,0.10973345824050078,1.952466501792842,0.4397762165148946,0.730479408967908,1.2619580036078746,-0.0004855296999658129,1.2624435333078403,0.0
335,6.7,idle,locomotion,1,10.433134149855269,-6.820492597077935,0.10973345824050078,1.9518386283590952,0.44008751657800205,0.7306158281234613,1.2621059773796957,-0.0004885093941711383,1.2625944867738668,0.0
336,6.72,idle,locomotion,1,10.449321348434358,-6.833307640471963,0.10973345824050078,1.951172286975866,0.44037155593227484,0.7305054959523484,1.262002399580696,-0.0004914615941184163,1.2624938611748144,0.0
337,6.74,idle,locomotion,1,10.465508547013448,-6.846122683865991,0.10973345824050078,1.95048087565412,0.4406305634945411,0.7302423276061405,1.2617420432402133,-0.0004939622418399757,1.2622360054820534,0.0
338,6.76,idle,locomotion,1,10.481695745592537,-6.8589377272600185,0.10973345824050078,1.9497776197483603,0.4408757990461665,0.729915586339744,1.2614127533120911,-0.0004961127043998544,1.261908866016491,0.0
339,6.78,idle,locomotion,1,10.497882944171627,-6.871752770654046,0.10973345824050078,1.9490808632619645,0.4411131421464755,0.7295992940015532,1.2610891150314931,-0.0004979266199453478,1.2615870416514385,0.0
340,6.8,idle,locomotion,1,10.514070142750716,-6.884567814048074,0.10973345824050078,1.9484116503552205,0.4413424295950112,0.7293431678712327,1.2608231063955249,-0.0004993642370542985,1.2613224706325792,0.0
341,6.82,idle,locomotion,1,10.530257341329806,-6.897382857442102,0.10973345824050078,1.9477861289816982,0.44155964099414635,0.7291736068198096,1.2606436131115495,-0.000500371722657933,1.2611439848342074,0.0
342,6.84,idle,locomotion,1,10.546444539908896,-6.910197900836129,0.10973345824050078,1.9472095109909884,0.4417606905485098,0.7290945641554152,1.2605565073083218,-0.0005014519551985244,1.2610579592635203,0.0
343,6.86,idle,locomotion,1,10.562631738487985,-6.923012944230157,0.10973345824050078,1.9466808217092084,0.44194397261194135,0.7290784474368449,1.2605352037367625,-0.0005023623283426926,1.2610375660651052,0.0
344,6.88,idle,locomotion,1,10.578818937067075,-6.935827987624185,0.10973345824050078,1.946199697074661,0.4421065715690165,0.7291102628098624,1.2605648456895027,-0.0005031523601668059,1.2610679980496695,0.0
345,6.9,idle,locomotion,1,10.595006135646164,-6.948643031018213,0.10973345824050078,1.9457631958513095,0.4422482093549186,0.7291770155284187,1.2606322883845904,-0.0005037633443030001,1.2611360517288934,0.0
346,6.92,idle,locomotion,1,10.611193334225254,-6.96145807441224,0.10973345824050078,1.9453618578005683,0.44237045690277677,0.7292613804929318,1.2607187142396095,-0.000504236273621516,1.261222950513231,0.0
347,6.94,idle,locomotion,1,10.627380532804343,-6.974273117806268,0.10973345824050078,1.9449894296824501,0.44247502980792014,0.7293481919219358,1.2608078127702178,-0.0005046460447864325,1.2613124588150042,0.0
348,6.96,idle,locomotion,1,10.643567731383433,-6.987088161200296,0.10973345824050078,1.9446445946683517,0.44256404786078135,0.7294277620774023,1.2608895503410842,-0.0005050275982694391,1.2613945779393536,0.0
349,6.98,idle,locomotion,1,10.659754929962522,-6.9999032045943235,0.10973345824050078,1.9443277059404205,0.4426395267830334,0.7294938584746539,1.2609577051972032,-0.0005053924478430061,1.2614630976450463,0.0
350,7.0,idle,locomotion,1,10.675942128541612,-7.012718247988351,0.10973345824050078,1.9440390400470349,0.4427018919017853,0.7295428385742313,1.2610087331605158,-0.0005057368568149347,1.2615144700173306,0.0
351,7.02,idle,locomotion,1,10.692129327120702,-7.025533291382379,0.10973345824050078,1.9437785336834508,0.4427510891522391,0.7295735686678109,1.2610415718731958,-0.0005060563704837109,1.2615476282436795,0.0
352,7.04,idle,locomotion,1,10.708316525699791,-7.038348334776407,0.10973345824050078,1.943545407800835,0.44278714946440173,0.7295867209003405,1.2610568839113165,-0.0005063487602541446,1.2615632326715707,0.0
353,7.06,idle,locomotion,1,10.72450372427888,-7.051163378170434,0.10973345824050078,1.9433382851915768,0.44281032643414814,0.7295849783536793,1.2610571721406367,-0.0005066229518282082,1.261563795092465,0.0
354,7.08,idle,locomotion,1,10.74069092285797,-7.063978421564462,0.10973345824050078,1.9431558619704001,0.44282098048468305,0.7295770013296902,1.2610508398720606,-0.0005069307369130263,1.2615577706089736,0.0
355,7.1,idle,locomotion,1,10.75687812143706,-7.07679346495849,0.10973345824050078,1.9429967119327325,0.442819687883695,0.7295686236797302,1.261043802727269,-0.0005071515710581218,1.2615509542983272,0.0
356,7.12,idle,locomotion,1,10.77306532001615,-7.0896085083525175,0.10973345824050078,1.9428590169528912,0.44280719828066395,0.72956102724938,1.2610372299119652,-0.000507269707720491,1.2615444996196856,0.0
357,7.14,idle,locomotion,1,10.789252518595239,-7.102423551746545,0.10973345824050078,1.9427410780946937,0.4427836655489934,0.7295543472616806,1.2610312444566696,-0.0005073499943572465,1.261538594451027,0.0
358,7.16,idle,locomotion,1,10.805439717174329,-7.115238595140573,0.10973345824050078,1.9426418889143846,0.4427505289448361,0.7295482727009546,1.261025581721668,-0.0005073763913687364,1.2615329581130368,0.0
359,7.18,idle,locomotion,1,10.821626915753418,-7.128053638534601,0.10973345824050078,1.9425602321341389,0.4427089234742202,0.7295425998412395,1.2610200702207401,-0.0005073424214019837,1.261527412642142,0.0
360,7.2,idle,locomotion,1,10.837814114332508,-7.1408686819286284,0.10973345824050078,1.9424948346940711,0.4426600749728789,0.7295372422429518,1.2610146684386656,-0.0005072255811009729,1.2615218940197666,0.0
361,7.22,idle,locomotion,1,10.854001312911597,-7.153683725322656,0.10973345824050078,1.9424441586076617,0.44260506350125595,0.7295321166147591,1.2610093119496757,-0.0005070447846115718,1.2615163567342873,0.0
362,7.24,idle,locomotion,1,10.870188511490687,-7.166498768716684,0.10973345824050078,1.9424066591781899,0.442544577665997,0.7295270626715524,1.2610038695516992,-0.0005068192521384754,1.2615106888038377,0.0
363,7.26,idle,locomotion,1,10.886375710069776,-7.179313812110712,0.10973345824050078,1.9423816293407463,0.4424792880723329,0.7295216427020443,1.2609980467820292,-0.0005065330601061874,1.2615045798421354,0.0
364,7.28,idle,locomotion,1,10.902562908648866,-7.192128855504739,0.10973345824050078,1.9423685861511961,0.44240967097478623,0.7295155554951923,1.2609916856178154,-0.0005062132190478998,1.2614978988368633,0.0
365,7.3,idle,locomotion,1,10.918750107227956,-7.204943898898767,0.10973345824050078,1.9423657897004105,0.44233640687699755,0.7295085943373466,1.260984578434315,-0.0005058872552088853,1.2614904656895238,0.0
366,7.32,idle,locomotion,1,10.934937305807045,-7.217758942292795,0.10973345824050078,1.9423714379288202,0.4422600589804138,0.7295004856283147,1.260976436128798,-0.0005055710978945464,1.2614820072266926,0.0
367,7.34,idle,locomotion,1,10.951124504386135,-7.2305739856868225,0.10973345824050078,1.9423838913429927,0.4421811620050285,0.7294903662453416,1.2609663961779387,-0.0005052691105253762,1.261471665288464,0.0
368,7.36,idle,locomotion,1,10.967311702965224,-7.24338902908085,0.10973345824050078,1.9424015837298378,0.4421002974438513,0.729477397936143,1.2609535792722513,-0.0005049827426863718,1.2614585620149377,0.0
369,7.38,idle,locomotion,1,10.983498901544314,-7.256204072474878,0.10973345824050078,1.9424230893844483,0.44201806686307965,0.7294613247264053,1.2609376895635496,-0.0005047231418855783,1.2614424127054351,0.0
370,7.4,idle,locomotion,1,10.999686100123403,-7.269019115868906,0.10973345824050078,1.94244714224965,0.4419350440978252,0.7294423161540905,1.2609188611848439,-0.0005045002624026462,1.2614233614472465,0.0
371,7.42,idle,locomotion,1,11.015873298702493,-7.281834159262933,0.10973345824050078,1.9424726754718067,0.44185174406488764,0.7294208137735946,1.2608975112844265,-0.0005043137350971456,1.2614018250195236,0.0
372,7.44,idle,locomotion,1,11.032060497281583,-7.294649202656961,0.10973345824050078,1.9424988685592202,0.4417686074005857,0.729397352962882,1.2608741670831605,-0.0005041632085495858,1.26137833029171,0.0
373,7.46,idle,locomotion,1,11.048247695860672,-7.307464246050989,0.10973345824050078,1.9425250887610934,0.4416860250750514,0.7293725538672382,1.2608494473305918,-0.0005040433216217631,1.2613534906522135,0.0
374,7.48,idle,locomotion,1,11.064434894439762,-7.320279289445017,0.10973345824050078,1.9425508097422453,0.4416043603514651,0.7293470932129141,1.2608240316853838,-0.0005039500801521622,1.261327981765536,0.0
375,7.5,idle,locomotion,1,11.080622093018851,-7.333094332839044,0.10973345824050078,1.942575585731022,0.4415239397795284,0.7293216018462464,1.2607985551821501,-0.0005038803693568905,1.261302435551507,0.0
376,7.52,idle,locomotion,1,11.09680929159794,-7.345909376233072,0.10973345824050078,1.9425990316615178,0.44144504728150646,0.7292966019883065,1.2607735430718348,-0.0005038307533204896,1.2612773738251553,0.0
377,7.54,idle,locomotion,1,11.11299649017703,-7.3587244196271,0.10973345824050078,1.9426208258733428,0.44136792354874027,0.7292724641455579,1.2607493702786203,-0.0005037980385018681,1.2612531683171222,0.0
378,7.56,idle,locomotion,1,11.12918368875612,-7.3715394630211275,0.10973345824050078,1.9426407501555003,0.4412927642807681,0.7292493534465088,1.2607262092693379,-0.0005037790707795239,1.2612299883401175,0.0
379,7.58,idle,locomotion,1,11.14537088733521,-7.384354506415155,0.10973345824050078,1.942658654197677,0.44121973128610165,0.7292273038507612,1.2607040995591658,-0.0005037707124095729,1.2612078702715754,0.0
380,7.6,idle,locomotion,1,11.161558085914299,-7.397169549809183,0.10973345824050078,1.942674418404008,0.4411490052101014,0.7292062945086314,1.2606830167469334,-0.0005037716780035631,1.261186788424937,0.0
381,7.62,idle,locomotion,1,11.177745284493389,-7.409984593203211,0.10973345824050078,1.9426879571338114,0.4410807994458857,0.7291862702289572,1.2606628946094163,-0.000503780484046621,1.261166675093463,0.0
382,7.64,idle,locomotion,1,11.193932483072478,-7.422799636597238,0.10973345824050078,1.9426992477597962,0.4410153634902022,0.7291671328022539,1.2606436225389555,-0.0005037973623764729,1.261147419901332,0.0
383,7.66,idle,locomotion,1,11.210119681651568,-7.435614679991266,0.10973345824050078,1.942708285426706,0.4409527437941082,0.729148873948117,1.2606251930219496,-0.0005038216532197125,1.2611290146751692,0.0
384,7.68,idle,locomotion,1,11.226306880230657,-7.448429723385294,0.10973345824050078,1.9427152308063336,0.4408929415916481,0.7291315010867189,1.2606076477505987,-0.0005038538650294633,1.2611115016156282,0.0
385,7.7,idle,locomotion,1,11.242494078809747,-7.461244766779322,0.10973345824050078,1.942720168957633,0.4408359647639073,0.729114973330994,1.2605909643178557,-0.0005038932704420976,1.2610948575882979,0.0
386,7.72,idle,locomotion,1,11.258681277388837,-7.474059810173349,0.10973345824050078,1.9427231078500418,0.44078174001287096,0.7290992617304319,1.2605751165841572,-0.0005039391199630865,1.2610790557041203,0.0
387,7.74,idle,locomotion,1,11.274868475967926,-7.486874853567377,0.10973345824050078,1.9427240692922736,0.44073020137871277,0.729084323516392,1.2605600633930885,-0.0005039905247721417,1.2610640539178606,0.0
388,7.76,idle,locomotion,1,11.291055674547016,-7.499689896961405,0.10973345824050078,1.942723088284424,0.4406812915613014,0.7290701031741125,1.2605457511909022,-0.0005040466212198856,1.261049797812122,0.0
389,7.78,idle,locomotion,1,11.307242873126105,-7.5125049403554325,0.10973345824050078,1.9427201906968066,0.4406348937403474,0.7290565698461547,1.2605321474203819,-0.0005041072575648203,1.2610362546779468,0.0
390,7.8,idle,locomotion,1,11.323430071705195,-7.52531998374946,0.10973345824050078,1.9427154250080656,0.4405909078530359,0.729043688678126,1.2605192190560057,-0.0005041720549115725,1.2610233911109172,0.0
391,7.82,idle,locomotion,1,11.339617270284284,-7.538135027143488,0.10973345824050078,1.9427088584243069,0.44054921754846393,0.7290314229455304,1.260506926264066,-0.0005042410870690281,1.261011167351135,0.0
392,7.84,idle,locomotion,1,11.355804468863374,-7.550950070537516,0.10973345824050078,1.942700569294396,0.44050973423857576,0.7290197435750794,1.26049524660163,-0.0005043133987276301,1.2609995600003576,0.0
393,7.86,idle,locomotion,1,11.371991667442463,-7.563765113931543,0.10973345824050078,1.9426906393326482,0.4404723636343165,0.7290086200861411,1.2604841418703014,-0.000504389083377979,1.2609885309536795,0.0
394,7.88,idle,locomotion,1,11.388178866021553,-7.576580157325571,0.10973345824050078,1.9426791717994554,0.4404370636892775,0.7289980208134109,1.2604735801169373,-0.0005044676082935871,1.2609780477252308,0.0
395,7.9,idle,locomotion,1,11.404366064600643,-7.589395200719599,0.10973345824050078,1.9426662584434609,0.4404037349069681,0.7289879491695697,1.2604635626460674,-0.0005045487299558983,1.2609681113760234,0.0
396,7.92,idle,locomotion,1,11.420553263179732,-7.602210244113627,0.10973345824050078,1.9426520045436242,0.44037228862452527,0.7289783795296889,1.2604540651817135,-0.0005046319948751009,1.2609586971765887,0.0
397,7.94,idle,locomotion,1,11.436740461758822,-7.615025287507654,0.10973345824050078,1.9426365480301937,0.44034276307567205,0.7289692434540284,1.2604450051839857,-0.0005047164146924042,1.260949721598678,0.0
398,7.96,idle,locomotion,1,11.452927660337911,-7.627840330901682,0.10973345824050078,1.9426199861321867,0.44031501255090205,0.7289605537790935,1.2604364051174348,-0.0005048022043263149,1.2609412073217612,0.0
399,7.98,idle,locomotion,1,11.469114858917,-7.64065537429571,0.10973345824050078,1.9426024335697245,0.44028898917818565,0.7289522829887717,1.2604282323692313,-0.0005048886019079109,1.2609331209711392,0.0
400,8.0,idle,locomotion,1,11.48530205749609,-7.6534704176897375,0.10973345824050078,1.9425839784264827,0.4402646132991585,0.7289443701127134,1.2604204277583306,-0.0005049718282271465,1.2609253995865577,0.0
401,8.02,idle,locomotion,1,11.50148925607518,-7.666285461083765,0.10973345824050078,1.9425646896841762,0.44024179805614083,0.7289366930474109,1.2604128658809572,-0.0005050493954175082,1.2609179152763748,0.0
402,8.04,idle,locomotion,1,11.51767645465427,-7.679100504477793,0.10973345824050078,1.9425446181682127,0.44022041842032394,0.7289291961746777,1.2604054917383718,-0.0005051263322488758,1.2609106180706207,0.0
403,8.06,idle,locomotion,1,11.53386365323336,-7.691915547871821,0.10973345824050078,1.9425238314153537,0.44020039834899954,0.7289218604319536,1.2603982833007428,-0.0005052033484187098,1.2609034866491615,0.0
404,8.08,idle,locomotion,1,11.550050851812449,-7.704730591265848,0.10973345824050078,1.9425023937541634,0.44018164630077583,0.7289146808380388,1.2603912293777744,-0.0005052825087359519,1.2608965118865103,0.0
405,8.1,idle,locomotion,1,11.566238050391538,-7.717545634659876,0.10973345824050078,1.9424803589278945,0.4401640652681868,0.7289076831842948,1.26038436449303,-0.0005053594346017924,1.2608897239276318,0.0
406,8.12,idle,locomotion,1,11.582425248970628,-7.730360678053904,0.10973345824050078,1.9424577593277563,0.4401474442629975,0.7289008526847877,1.2603776671974665,-0.000505434954843207,1.2608831021523097,0.0
407,8.14,idle,locomotion,1,11.598612447549717,-7.7431757214479315,0.10973345824050078,1.942434641468971,0.44013167125129155,0.7288941714133508,1.2603711234914352,-0.0005055103666437993,1.260876633858079,0.0
408,8.16,idle,locomotion,1,11.614799646128807,-7.755990764841959,0.10973345824050078,1.9424110327504471,0.44011664571856884,0.7288876336943676,1.260364727985368,-0.0005055792218643593,1.2608703072072325,0.0
409,8.18,idle,locomotion,1,11.630986844707897,-7.768805808235987,0.10973345824050078,1.942386995643082,0.44010235182643537,0.7288812257840911,1.2603584564312778,-0.0005056541184630149,1.2608641105497407,0.0
410,8.2,idle,locomotion,1,11.647174043286986,-7.781620851630015,0.10973345824050078,1.9423625741550448,0.44008879370702664,0.7288749472707217,1.2603523053472394,-0.0005057252414542544,1.2608580305886936,0.0
411,8.22,idle,locomotion,1,11.663361241866076,-7.794435895024042,0.10973345824050078,1.9423377786024971,0.4400757769643715,0.728868782931092,1.260346258969657,-0.0005057920102610608,1.2608520509799181,0.0
412,8.24,idle,locomotion,1,11.679548440445165,-7.80725093841807,0.10973345824050078,1.9423126749592279,0.4400632955125056,0.7288627180829479,1.2603403029126026,-0.0005058632442920957,1.2608461661568946,0.0
413,8.26,idle,locomotion,1,11.695735639024255,-7.820065981812098,0.10973345824050078,1.9422872961229383,0.4400511952111025,0.7288567343739346,1.2603344199869029,-0.0005059339119460396,1.2608403538988489,0.0
414,8.28,idle,locomotion,1,11.711922837603344,-7.832881025206126,0.10973345824050078,1.9422617013463663,0.4400394562154878,0.7288508327923363,1.260328608894541,-0.0005060092261361671,1.260834618120677,0.0
415,8.3,idle,locomotion,1,11.728110036182434,-7.845696068600153,0.10973345824050078,1.9422359177823139,0.44002800937419523,0.7288450094561955,1.260322872206881,-0.0005060781851461658,1.2608289503920274,0.0
416,8.32,idle,locomotion,1,11.744297234761524,-7.858511111994181,0.10973345824050078,1.942209931113567,0.44001664655551836,0.7288392740995437,1.2603172181682871,-0.0005061389189932979,1.2608233570872804,0.0
417,8.34,idle,locomotion,1,11.760484433340613,-7.871326155388209,0.10973345824050078,1.9421838004737988,0.4400054478662795,0.7288336194552648,1.2603116361928344,-0.0005062065441275854,1.2608178427369618,0.0
418,8.36,idle,locomotion,1,11.776671631919703,-7.8841411987822365,0.10973345824050078,1.9421575347836941,0.4399943068039487,0.7288280445182022,1.2603061250774428,-0.0005062703910143525,1.2608123954684571,0.0
419,8.38,idle,locomotion,1,11.792858830498792,-7.896956242176264,0.10973345824050078,1.9421311957849574,0.4399833183797615,0.7288225522574361,1.260300681438403,-0.0005063433575000949,1.2608070247959031,0.0
420,8.4,idle,locomotion,1,11.809046029077882,-7.909771285570292,0.10973345824050078,1.9421048055058845,0.43997241723722075,0.7288171422799689,1.2602953066508282,-0.0005064108226296542,1.2608017174734578,0.0
421,8.42,idle,locomotion,1,11.825233227656971,-7.92258632896432,0.10973345824050078,1.9420783853276364,0.4399615627638643,0.7288118140487007,1.2602900008994755,-0.0005064762076395848,1.2607964771071152,0.0
422,8.44,idle,locomotion,1,11.841420426236061,-7.935401372358347,0.10973345824050078,1.9420519450414755,0.43995069872687476,0.7288065687938641,1.26028476374246,-0.000506538703974789,1.2607913024464348,0.0
423,8.46,idle,locomotion,1,11.85760762481515,-7.948216415752375,0.10973345824050078,1.942025483763715,0.439939733571658,0.7288014013898776,1.2602795957233452,-0.0005065958109173284,1.2607861915342626,0.0
424,8.48,idle,locomotion,1,11.87379482339424,-7.961031459146403,0.10973345824050078,1.9419990122650825,0.43992863908750335,0.7287963191826597,1.260274499339598,-0.0005066566243097301,1.2607811559639077,0.0
425,8.5,idle,locomotion,1,11.88998202197333,-7.973846502540431,0.10973345824050078,1.9419725507039456,0.4399174176266946,0.7287913055215279,1.2602694647675599,-0.0005067161673741084,1.260776180934934,0.0
426,8.52,idle,locomotion,1,11.90616922055242,-7.986661545934458,0.10973345824050078,1.941946109058835,0.4399060565930157,0.7287863654503102,1.2602644880927047,-0.0005067773497207696,1.2607712654424255,0.0
427,8.54,idle,locomotion,1,11.922356419131509,-7.999476589328486,0.10973345824050078,1.941919710891624,0.4398945682843596,0.7287814847260511,1.2602595578050793,-0.0005068370348696657,1.260766394839949,0.0
428,8.56,idle,locomotion,1,11.938543617710598,-8.012291632722514,0.10973345824050078,1.9418933426038332,0.4398828584857909,0.7287766782693832,1.2602546927036538,-0.000506892693260947,1.2607615853969147,0.0
429,8.58,idle,locomotion,1,11.954730816289688,-8.025106676116541,0.10973345824050078,1.941867015148286,0.4398709201232337,0.7287719345272431,1.2602498806948865,-0.0005069491531289917,1.2607568298480156,0.0
430,8.6,idle,locomotion,1,11.970918014868777,-8.03792171951057,0.10973345824050078,1.9418407407159741,0.4398587641209342,0.7287672513677064,1.260245118649033,-0.0005070062058398009,1.260752124854873,0.0
431,8.62,idle,locomotion,1,11.987105213447867,-8.050736762904597,0.10973345824050078,1.9418145306212464,0.43984640840905026,0.728762625319177,1.2602404001153338,-0.0005070613486242992,1.260747461463958,0.0
432,8.64,idle,locomotion,1,12.003292412026957,-8.063551806298625,0.10973345824050078,1.9417883856994826,0.4398338388727902,0.7287580599862877,1.2602357346237005,-0.0005071157212828935,1.2607428503449833,0.0
433,8.66,idle,locomotion,1,12.019479610606046,-8.076366849692652,0.10973345824050078,1.941762329948238,0.4398210942850158,0.728753540096635,1.260231097499109,-0.000507172917426621,1.2607382704165357,0.0
434,8.68,idle,locomotion,1,12.035666809185136,-8.08918189308668,0.10973345824050078,1.9417363608202554,0.43980814448358574,0.7287490711822464,1.260226504594766,-0.0005072268144795042,1.2607337314092455,0.0
435,8.7,idle,locomotion,1,12.051854007764225,-8.101996936480708,0.10973345824050078,1.9417104882580136,0.439795012496103,0.7287446539635323,1.2602219508800574,-0.0005072806765534094,1.2607292315566108,0.0
436,8.72,idle,locomotion,1,12.068041206343315,-8.114811979874736,0.10973345824050078,1.9416847221758733,0.43978171875697275,0.7287402822051503,1.2602174319805404,-0.0005073344676371529,1.2607247664481775,0.0
437,8.74,idle,locomotion,1,12.084228404922404,-8.127627023268763,0.10973345824050078,1.941659067365749,0.43976827400585644,0.7287359569189684,1.2602129493993595,-0.0005073877521994327,1.260720337151559,0.0
438,8.76,idle,locomotion,1,12.100415603501494,-8.140442066662791,0.10973345824050078,1.9416335321257643,0.4397546907890692,0.7287316757708975,1.2602085012129982,-0.0005074412766957644,1.2607159424896939,0.0
439,8.78,idle,locomotion,1,12.116602802080584,-8.153257110056819,0.10973345824050078,1.9416081249406327,0.43974098163241493,0.7287274336311181,1.2602040832473436,-0.0005074938790509687,1.2607115771263946,0.0
440,8.8,idle,locomotion,1,12.132790000659673,-8.166072153450846,0.10973345824050078,1.9415828605518801,0.43972719830619905,0.7287232319234913,1.2601996987375528,-0.0005075471645303552,1.2607072459020832,0.0
441,8.82,idle,locomotion,1,12.148977199238763,-8.178887196844874,0.10973345824050078,1.9415577294475488,0.43971332387905393,0.7287190730660427,1.260195347920251,-0.0005075987134862403,1.2607029466337372,0.0
442,8.84,idle,locomotion,1,12.165164397817852,-8.191702240238902,0.10973345824050078,1.9415327467246777,0.43969940188148016,0.7287149510567913,1.2601910285823181,-0.0005076505499369242,1.260698679132255,0.0
443,8.86,idle,locomotion,1,12.181351596396942,-8.20451728363293,0.10973345824050078,1.9415079175707814,0.4396854537557443,0.7287108667179573,1.2601867389832746,-0.0005077025097649686,1.2606944414930397,0.0
444,8.88,idle,locomotion,1,12.197538794976031,-8.217332327026957,0.10973345824050078,1.941483250729615,0.43967150822548134,0.7287068173106449,1.2601824784125124,-0.0005077540263514028,1.2606902324388638,0.0
445,8.9,idle,locomotion,1,12.213725993555121,-8.230147370420985,0.10973345824050078,1.9414587458308887,0.43965758326115534,0.7287028067847976,1.2601782549200475,-0.0005078042097262613,1.2606860591297737,0.0
446,8.92,idle,locomotion,1,12.22991319213421,-8.242962413815013,0.10973345824050078,1.9414344023645969,0.4396436856219516,0.728698836424562,1.260174063784165,-0.0005078545251088196,1.260681918309274,0.0
447,8.94,idle,locomotion,1,12.2461003907133,-8.25577745720904,0.10973345824050078,1.9414102260674622,0.43962984171359953,0.7286949015602112,1.2601699086841027,-0.0005079035797832775,1.260677812263886,0.0
448,8.96,idle,locomotion,1,12.26228758929239,-8.268592500603068,0.10973345824050078,1.9413862122228682,0.43961606331101083,0.7286910070159968,1.2601657925575152,-0.0005079515881733082,1.2606737441456886,0.0
449,8.98,idle,locomotion,1,12.27847478787148,-8.281407543997096,0.10973345824050078,1.9413623639664621,0.4396023766951257,0.7286871395972466,1.2601617035237898,-0.0005079997025627427,1.2606697032263525,0.0
450,9.0,idle,locomotion,1,12.294661986450569,-8.294222587391124,0.10973345824050078,1.9413386727948905,0.43958876625724225,0.72868330810186,1.2601576502542995,-0.0005080478402593736,1.260665698094559,0.0
451,9.02,idle,locomotion,1,12.310849185029658,-8.307037630785151,0.10973345824050078,1.9413151394092953,0.43957523957774103,0.7286795094392785,1.2601536309393038,-0.0005080955468747365,1.2606617264861786,0.0
452,9.04,idle,locomotion,1,12.327036383608748,-8.31985267417918,0.10973345824050078,1.9412917614180225,0.4395618087060249,0.7286757468946684,1.2601496525880256,-0.0005081418899731474,1.2606577944779986,0.0
453,9.06,idle,locomotion,1,12.343223582187838,-8.332667717573207,0.10973345824050078,1.941268535382193,0.4395484861783155,0.7286720207728036,1.2601457143756694,-0.0005081874515739729,1.2606539018272434,0.0
454,9.08,idle,locomotion,1,12.359410780766927,-8.345482760967235,0.10973345824050078,1.9412454609300467,0.43953529247404927,0.7286683236579031,1.2601418067090142,-0.0005082329603016064,1.2606500396693159,0.0
455,9.1,idle,locomotion,1,12.375597979346017,-8.358297804361262,0.10973345824050078,1.9412225316948957,0.43952223145804986,0.7286646640992238,1.2601379417443455,-0.0005082775761601141,1.2606462193205055,0.0
456,9.12,idle,locomotion,1,12.391785177925106,-8.37111284775529,0.10973345824050078,1.9411997410401778,0.439509309685053,0.7286610442104141,1.2601341206517571,-0.0005083212490072063,1.2606424419007642,0.0
457,9.14,idle,locomotion,1,12.407972376504196,-8.383927891149318,0.10973345824050078,1.9411770863522733,0.4394965420025721,0.7286574555036044,1.260130331128112,-0.0005083651253877872,1.2606386962535,0.0
458,9.16,idle,locomotion,1,12.424159575083285,-8.396742934543346,0.10973345824050078,1.941154560755825,0.4394839362352335,0.7286539019008901,1.26012658437659,-0.0005084077917026572,1.2606349921682927,0.0
459,9.18,idle,locomotion,1,12.440346773662375,-8.409557977937373,0.10973345824050078,1.941132156447544,0.4394714940301883,0.7286503804893245,1.2601228684069072,-0.0005084508833431631,1.2606313192902503,0.0
460,9.2,idle,locomotion,1,12.456533972241465,-8.422373021331401,0.10973345824050078,1.9411098713169728,0.4394592243480644,0.7286468891553539,1.2601191881359082,-0.0005084935062296715,1.2606276816421378,0.0
461,9.22,idle,locomotion,1,12.472721170820554,-8.435188064725429,0.10973345824050078,1.9410876954487317,0.43944711598794,0.7286434365712975,1.2601155490492713,-0.0005085357177404999,1.2606240847670118,0.0
462,9.24,idle,locomotion,1,12.488908369399644,-8.448003108119456,0.10973345824050078,1.9410656266471973,0.43943517739541876,0.7286400143680181,1.260111942125894,-0.0005085779322781848,1.2606205200581722,0.0
463,9.26,idle,locomotion,1,12.505095567978733,-8.460818151513484,0.10973345824050078,1.9410436587865785,0.43942340927574797,0.7286366269048526,1.26010837607225,-0.0005086193498020156,1.260616995422052,0.0
464,9.28,idle,locomotion,1,12.521282766557823,-8.473633194907512,0.10973345824050078,1.9410217854400817,0.43941180414397624,0.7286332726287408,1.260104843951923,-0.0005086611126374173,1.2606135050645604,0.0
465,9.3,idle,locomotion,1,12.537469965136912,-8.48644823830154,0.10973345824050078,1.9410000040718287,0.43940036382110625,0.72862994937894,1.2601013464226725,-0.0005087024693093828,1.2606100488919818,0.0
466,9.32,idle,locomotion,1,12.553657163716002,-8.499263281695567,0.10973345824050078,1.9409783088657533,0.4393890871608052,0.7286266605729493,1.2600978881827798,-0.0005087431397613022,1.260606631322541,0.0
467,9.34,idle,locomotion,1,12.569844362295091,-8.512078325089595,0.10973345824050078,1.9409566974367782,0.4393779744922978,0.7286234010721793,1.2600944595469052,-0.0005087840912081712,1.2606032436381134,0.0
468,9.36,idle,locomotion,1,12.586031560874181,-8.524893368483623,0.10973345824050078,1.9409351638784127,0.43936701888572377,0.7286201769022966,1.2600910713143558,-0.0005088241696195005,1.2605998954839752,0.0
469,9.38,idle,locomotion,1,12.60221875945327,-8.53770841187765,0.10973345824050078,1.9409137051356096,0.4393562256648082,0.7286169861252356,1.2600877193425437,-0.0005088639553874341,1.2605965832979311,0.0
470,9.4,idle,locomotion,1,12.61840595803236,-8.550523455271678,0.10973345824050078,1.940892317383104,0.4393455918810041,0.7286138230057763,1.2600843961211645,-0.000508904106217168,1.2605933002273817,0.0
471,9.42,idle,locomotion,1,12.63459315661145,-8.563338498665706,0.10973345824050078,1.9408709915691493,0.4393351020778565,0.7286106933296196,1.2600811079373548,-0.0005089438151220024,1.2605900517524768,0.0
472,9.44,idle,locomotion,1,12.65078035519054,-8.576153542059734,0.10973345824050078,1.940849728255133,0.4393247691912265,0.7286075962240718,1.2600778567708089,-0.0005089827729954817,1.2605868395438042,0.0
473,9.46,idle,locomotion,1,12.666967553769629,-8.588968585453761,0.10973345824050078,1.9408285221509625,0.439314581770004,0.7286045309751138,1.2600746365360256,-0.0005090221675389944,1.2605836587035646,0.0
474,9.48,idle,locomotion,1,12.683154752348718,-8.60178362884779,0.10973345824050078,1.9408073706640907,0.4393045306402868,0.728601498902769,1.260071451799864,-0.0005090613842358219,1.2605805131840997,0.0
475,9.5,idle,locomotion,1,12.699341950927808,-8.614598672241817,0.10973345824050078,1.9407862732675611,0.43929461755610794,0.728598499414746,1.2600683032567561,-0.0005090999281083877,1.2605774031848644,0.0
476,9.52,idle,locomotion,1,12.715529149506898,-8.627413715635845,0.10973345824050078,1.940765226867202,0.4392848346126869,0.7285955280810564,1.2600651818783295,-0.0005091389474982042,1.2605743208258278,0.0
477,9.54,idle,locomotion,1,12.731716348085987,-8.640228759029872,0.10973345824050078,1.940744229383346,0.43927517701645064,0.7285925854316754,1.2600620938796911,-0.0005091775917100555,1.2605712714714012,0.0
478,9.56,idle,locomotion,1,12.747903546665077,-8.6530438024239,0.10973345824050078,1.9407232744940783,0.4392656223895349,0.7285896767311635,1.2600590384588188,-0.0005092164093606633,1.2605682548681796,0.0
479,9.58,idle,locomotion,1,12.764090745244166,-8.665858845817928,0.10973345824050078,1.9407023663992846,0.4392561779240177,0.7285867969557027,1.2600560156249534,-0.0005092546332083232,1.2605652702581618,0.0
480,9.6,idle,locomotion,1,12.780277943823256,-8.678673889211955,0.10973345824050078,1.940681502764957,0.43924684160969263,0.7285839490226124,1.2600530235450529,-0.0005092924009671568,1.26056231594602,0.0
481,9.62,idle,locomotion,1,12.796465142402345,-8.691488932605983,0.10973345824050078,1.9406606855439719,0.43923762239196656,0.7285811354225531,1.2600500708990165,-0.0005093293803509931,1.2605594002793676,0.0
482,9.64,idle,locomotion,1,12.812652340981435,-8.704303976000011,0.10973345824050078,1.9406399159428755,0.43922851800928353,0.7285783502589003,1.2600471463142298,-0.0005093669889169421,1.2605565133031467,0.0
483,9.66,idle,locomotion,1,12.828839539560525,-8.717119019394039,0.10973345824050078,1.9406191858198103,0.43921949932282,0.7285755933606577,1.260044248276289,-0.0005094049241390966,1.2605536532004282,0.0
484,9.68,idle,locomotion,1,12.845026738139614,-8.729934062788066,0.10973345824050078,1.9405984982621851,0.4392105778692195,0.7285728630972768,1.2600413807089164,-0.0005094420701665901,1.260550822779083,0.0
485,9.7,idle,locomotion,1,12.861213936718704,-8.742749106182094,0.10973345824050078,1.9405778505715996,0.43920174483732505,0.7285701668286452,1.2600385471342237,-0.0005094788672249939,1.2605480260014488,0.0
486,9.72,idle,locomotion,1,12.877401135297793,-8.755564149576122,0.10973345824050078,1.9405572457869695,0.43919300123931226,0.7285674989927672,1.2600357433600036,-0.000509515651420437,1.2605452590114241,0.0
487,9.74,idle,locomotion,1,12.893588333876883,-8.76837919297015,0.10973345824050078,1.9405366848257153,0.43918434665842976,0.7285648552847507,1.2600329646957604,-0.000509552481332793,1.2605425171770932,0.0
488,9.76,idle,locomotion,1,12.909775532455972,-8.781194236364177,0.10973345824050078,1.9405161632359875,0.43917576102071665,0.728562242864207,1.2600302180907919,-0.0005095891986222588,1.260539807289414,0.0
489,9.78,idle,locomotion,1,12.925962731035062,-8.794009279758205,0.10973345824050078,1.9404956844342975,0.4391672466064829,0.728559656907397,1.2600274998878014,-0.0005096255788016001,1.260537125466603,0.0
490,9.8,idle,locomotion,1,12.942149929614152,-8.806824323152233,0.10973345824050078,1.940475248918455,0.43915879803402275,0.7285570999901807,1.2600248097384694,-0.0005096619840439347,1.2605344717225133,0.0
491,9.82,idle,locomotion,1,12.958337128193241,-8.81963936654626,0.10973345824050078,1.9404548594709037,0.4391504274564385,0.7285545709286884,1.260022151275568,-0.0005096972292531407,1.2605318485048211,0.0
492,9.84,idle,locomotion,1,12.97452432677233,-8.832454409940288,0.10973345824050078,1.9404345117140687,0.4391421263560964,0.728552072911656,1.260019523425178,-0.0005097324072152708,1.2605292558323933,0.0
493,9.86,idle,locomotion,1,12.99071152535142,-8.845269453334316,0.10973345824050078,1.9404142125549921,0.43913390184026313,0.7285495976601158,1.2600169175051577,-0.000509768132730782,1.2605266856378885,0.0
494,9.88,idle,locomotion,1,13.00689872393051,-8.858084496728344,0.10973345824050078,1.940393957404159,0.43912573898565965,0.7285471530125528,1.2600143437889388,-0.0005098031821001645,1.260524146971039,0.0
495,9.9,idle,locomotion,1,13.0230859225096,-8.870899540122371,0.10973345824050078,1.9403737473295926,0.4391176464119201,0.7285447329827527,1.260011793654568,-0.0005098379936349304,1.260521631648203,0.0
496,9.92,idle,locomotion,1,13.039273121088689,-8.883714583516399,0.10973345824050078,1.9403535828377776,0.4391096259561378,0.7285423404318576,1.260009273903165,-0.0005098723540296821,1.2605191462571947,0.0
497,9.94,idle,locomotion,1,13.055460319667779,-8.896529626910427,0.10973345824050078,1.94033346441724,0.4391016664749856,0.7285399729916325,1.260006776052154,-0.0005099074421288201,1.260516683494283,0.0
498,9.96,idle,locomotion,1,13.071647518246868,-8.909344670304455,0.10973345824050078,1.9403133939708688,0.43909376413459034,0.7285376315941291,1.2600043056374504,-0.0005099420323223698,1.2605142476697728,0.0
499,9.98,idle,locomotion,1,13.087834716825958,-8.922159713698482,0.10973345824050078,1.9402933713997619,0.43908592341924463,0.7285353178609686,1.2600018653296128,-0.0005099756683325657,1.2605118409979454,0.0
500,10.0,idle,locomotion,1,13.104021915405047,-8.93497475709251,0.10973345824050078,1.9402733976137179,0.43907814401180445,0.7285330289157589,1.2599994490963369,-0.0005100096095681829,1.2605094587059051,0.0
501,10.02,idle,locomotion,1,13.120209113984137,-8.947789800486538,0.10973345824050078,1.9402534726655902,0.439070416462832,0.7285307642380751,1.2599970557772207,-0.0005100437424129488,1.2605070995196337,0.0
502,10.04,idle,locomotion,1,13.136396312563226,-8.960604843880565,0.10973345824050078,1.9402335980683212,0.4390627467153335,0.728528527247756,1.2599946926683665,-0.0005100768365114208,1.2605047695048779,0.0
503,10.06,idle,locomotion,1,13.152583511142316,-8.973419887274593,0.10973345824050078,1.9402137751739532,0.4390551460510946,0.728526314335195,1.2599923553193912,-0.0005101095282885777,1.26050246484768,0.0
504,10.08,idle,locomotion,1,13.168770709721406,-8.986234930668621,0.10973345824050078,1.9401939992765325,0.4390475988746533,0.7285241245893046,1.2599900380545874,-0.0005101427705488208,1.2605001808251362,0.0
505,10.1,idle,locomotion,1,13.184957908300495,-8.999049974062649,0.10973345824050078,1.9401742752479103,0.439040114619882,0.7285219552544074,1.25998774460404,-0.0005101757007763552,1.2604979203048163,0.0
506,10.12,idle,locomotion,1,13.201145106879585,-9.011865017456676,0.10973345824050078,1.9401546021943354,0.43903268137883245,0.7285198113189838,1.2599854755462907,-0.0005102087455264859,1.2604956842918171,0.0
507,10.14,idle,locomotion,1,13.217332305458674,-9.024680060850704,0.10973345824050078,1.9401349841078226,0.43902530622743013,0.7285176873062202,1.2599832294684759,-0.0005102413030900754,1.260493470771566,0.0
508,10.16,idle,locomotion,1,13.233519504037764,-9.037495104244732,0.10973345824050078,1.9401154129048335,0.43901796773283364,0.7285155904392956,1.2599810091354597,-0.0005102736739914411,1.2604912828094512,0.0
509,10.18,idle,locomotion,1,13.249706702616853,-9.05031014763876,0.10973345824050078,1.9400959030472842,0.4390107030336886,0.7285135086262617,1.2599788068921711,-0.0005103057592626796,1.2604891126514337,0.0
510,10.2,idle,locomotion,1,13.265893901195943,-9.063125191032787,0.10973345824050078,1.940076444937127,0.43900348822753604,0.7285114557409611,1.259976634375099,-0.0005103371354844184,1.2604869715105835,0.0
511,10.22,idle,locomotion,1,13.282081099775032,-9.075940234426815,0.10973345824050078,1.9400570388446707,0.43899632389349363,0.7285094281364086,1.2599744875464114,-0.0005103685336677807,1.2604848560800792,0.0
512,10.24,idle,locomotion,1,13.298268298354122,-9.088755277820843,0.10973345824050078,1.940037690971851,0.43898922674124474,0.7285074188411463,1.2599723597281625,-0.0005103999995144416,1.2604827597276769,0.0
513,10.26,idle,locomotion,1,13.314455496933212,-9.10157032121487,0.10973345824050078,1.9400183991334767,0.4389821902799382,0.7285054316735159,1.259970255336721,-0.0005104311306789525,1.2604806864673999,0.0
514,10.28,idle,locomotion,1,13.330642695512301,-9.114385364608898,0.10973345824050078,1.9399991627119626,0.43897521193987077,0.7285034665294857,1.2599681745199074,-0.0005104620607979567,1.2604786365807052,0.0
515,10.3,idle,locomotion,1,13.34682989409139,-9.127200408002926,0.10973345824050078,1.9399799820408097,0.4389682850365173,0.7285015208961927,1.259966112331321,-0.0005104934459429014,1.260476605777264,0.0
516,10.32,idle,locomotion,1,13.36301709267048,-9.140015451396954,0.10973345824050078,1.9399608578213148,0.4389614058873477,0.7284995978626001,1.2599640753162937,-0.0005105241469019577,1.2604745994631956,0.0
517,10.34,idle,locomotion,1,13.37920429124957,-9.152830494790981,0.10973345824050078,1.9399417926082476,0.4389545845876155,0.7284976981235074,1.2599620634887916,-0.0005105541538303546,1.260472617642622,0.0
518,10.36,idle,locomotion,1,13.39539148982866,-9.165645538185009,0.10973345824050078,1.9399227866637259,0.4389478262165066,0.7284958185504584,1.2599600731600706,-0.0005105840281232933,1.2604706571881938,0.0
519,10.38,idle,locomotion,1,13.411578688407749,-9.178460581579037,0.10973345824050078,1.9399038380808116,0.43894112663546114,0.7284939590923201,1.2599581031627114,-0.0005106139677377788,1.2604687171304492,0.0
520,10.4,idle,locomotion,1,13.427765886986839,-9.191275624973064,0.10973345824050078,1.9398849490466072,0.4389344872785508,0.7284921193380934,1.259956154461635,-0.0005106438771269872,1.2604667983387619,0.0
521,10.42,idle,locomotion,1,13.443953085565928,-9.204090668367092,0.10973345824050078,1.9398661210257009,0.4389279059870994,0.7284903003933079,1.259954227423922,-0.0005106736243576243,1.2604649010482796,0.0
522,10.44,idle,locomotion,1,13.460140284145018,-9.21690571176112,0.10973345824050078,1.9398473547451935,0.43892138567474553,0.7284884999726672,1.2599523210742383,-0.0005107029019014338,1.2604630239761396,0.0
523,10.46,idle,locomotion,1,13.476327482724107,-9.229720755155148,0.10973345824050078,1.9398286479175728,0.4389149253053433,0.7284867191683952,1.2599504348866075,-0.0005107319401404381,1.260461166826748,0.0
524,10.48,idle,locomotion,1,13.492514681303197,-9.242535798549175,0.10973345824050078,1.9398100006355188,0.4389085292271909,0.7284849578440065,1.2599485696070305,-0.0005107605996764186,1.2604593302067069,0.0
525,10.5,idle,locomotion,1,13.508701879882286,-9.255350841943203,0.10973345824050078,1.9397914138139152,0.43890220032163335,0.728483215925473,1.2599467250355383,-0.0005107891683599451,1.2604575142038983,0.0
526,10.52,idle,locomotion,1,13.524889078461376,-9.26816588533723,0.10973345824050078,1.9397728882620608,0.4388959372632788,0.7284814922598897,1.2599448990793471,-0.0005108177281585684,1.2604557168075057,0.0
527,10.54,idle,locomotion,1,13.541076277040466,-9.280980928731259,0.10973345824050078,1.9397544228337082,0.43888973504014994,0.7284797897979001,1.2599430967062077,-0.0005108458880920749,1.2604539425942998,0.0
528,10.56,idle,locomotion,1,13.557263475619555,-9.293795972125286,0.10973345824050078,1.9397360206192347,0.4388836070016428,0.7284780986683396,1.2599413053780413,-0.0005108742712854192,1.2604521796493267,0.0
529,10.58,idle,locomotion,1,13.573450674198645,-9.306611015519314,0.10973345824050078,1.9397176756990169,0.43887753934445917,0.7284764284933815,1.2599395369973616,-0.0005109022580189818,1.2604504392553806,0.0
530,10.6,idle,locomotion,1,13.589637872777734,-9.319426058913342,0.10973345824050078,1.9396993870672898,0.43887152922995937,0.7284747841959119,1.2599377957390872,-0.000510929421498052,1.2604487251605851,0.0
531,10.62,idle,locomotion,1,13.605825071356824,-9.33224110230737,0.10973345824050078,1.9396811561159126,0.43886558625361455,0.7284731527406375,1.259936068738408,-0.0005109567064402187,1.2604470254448483,0.0
532,10.64,idle,locomotion,1,13.622012269935913,-9.345056145701397,0.10973345824050078,1.9396629908026621,0.4388597327766367,0.7284715336842862,1.2599343540296455,-0.0005109842373172517,1.2604453382669627,0.0
533,10.66,idle,locomotion,1,13.638199468515003,-9.357871189095425,0.10973345824050078,1.9396448943143063,0.4388539749675272,0.7284699301494328,1.2599326549380658,-0.0005110116634802556,1.2604436666015462,0.0
534,10.68,idle,locomotion,1,13.654386667094093,-9.370686232489453,0.10973345824050078,1.9396268671390415,0.4388483134713433,0.7284683433876857,1.2599309729790729,-0.0005110389044084458,1.2604420118834814,0.0
535,10.7,idle,locomotion,1,13.670573865673182,-9.38350127588348,0.10973345824050078,1.939608909666275,0.4388427466426223,0.7284667740802608,1.2599293093567894,-0.0005110660149727116,1.2604403753717621,0.0
536,10.72,idle,locomotion,1,13.686761064252272,-9.396316319277508,0.10973345824050078,1.9395910220551937,0.4388372721143461,0.7284652231731957,1.2599276655710032,-0.0005110927974030857,1.2604387583684062,0.0
537,10.74,idle,locomotion,1,13.702948262831361,-9.409131362671536,0.10973345824050078,1.9395732033056103,0.43883188795954886,0.7284636894828286,1.2599260409242627,-0.0005111193145284354,1.2604371602387912,0.0
538,10.76,idle,locomotion,1,13.71913546141045,-9.421946406065564,0.10973345824050078,1.9395554520455949,0.4388265925041418,0.7284621722109544,1.2599244347514456,-0.0005111455671071435,1.2604355803185527,0.0
539,10.78,idle,locomotion,1,13.73532265998954,-9.434761449459591,0.10973345824050078,1.9395377688075695,0.4388213840736894,0.7284606735720939,1.2599228494837043,-0.0005111716950307078,1.260434021178735,0.0
540,10.8,idle,locomotion,1,13.75150985856863,-9.447576492853619,0.10973345824050078,1.939520153131837,0.4388162610043295,0.7284591916804138,1.259921283778711,-0.0005111974875694168,1.2604324812662804,0.0
541,10.82,idle,locomotion,1,13.76769705714772,-9.460391536247647,0.10973345824050078,1.9395026036722685,0.4388112225520353,0.7284577263541461,1.2599197372559487,-0.0005112230720720895,1.2604309603280208,0.0
542,10.84,idle,locomotion,1,13.783884255726809,-9.473206579641674,0.10973345824050078,1.9394851218647735,0.4388062687819619,0.7284562793887637,1.2599182118741992,-0.0005112484852689732,1.2604294603594681,0.0
543,10.86,idle,locomotion,1,13.800071454305899,-9.486021623035702,0.10973345824050078,1.9394677065159938,0.4388014000455265,0.7284548476903417,1.2599167046730024,-0.0005112735350997558,1.2604279782081023,0.0
544,10.88,idle,locomotion,1,13.816258652884988,-9.49883666642973,0.10973345824050078,1.9394503568550043,0.4387966165879643,0.7284534330579433,1.259915216944036,-0.0005112985027444922,1.2604265154467804,0.0
545,10.9,idle,locomotion,1,13.832445851464078,-9.511651709823758,0.10973345824050078,1.9394330726328386,0.43879191871262846,0.7284520347322908,1.259913748171258,-0.000511323197458724,1.2604250713687166,0.0
546,10.92,idle,locomotion,1,13.848633050043167,-9.524466753217785,0.10973345824050078,1.9394158533541002,0.43878730663842935,0.7284506522918026,1.2599122976510786,-0.0005113477774531458,1.2604236454285318,0.0
547,10.94,idle,locomotion,1,13.864820248622257,-9.537281796611813,0.10973345824050078,1.9393986980873443,0.4387827787146629,0.728449286600581,1.2599108663094962,-0.0005113721314659106,1.2604222384409622,0.0
548,10.96,idle,locomotion,1,13.881007447201346,-9.55009684000584,0.10973345824050078,1.9393816044586347,0.43877833352098056,0.7284479368409883,1.2599094531483463,-0.0005113961786746384,1.260420849327021,0.0
549,10.98,idle,locomotion,1,13.897194645780436,-9.562911883399869,0.10973345824050078,1.939364571536884,0.43877397056820605,0.7284466033227917,1.2599080581391566,-0.0005114201233005003,1.2604194782624571,0.0
550,11.0,idle,locomotion,1,13.913381844359526,-9.575726926793896,0.10973345824050078,1.9393475989797828,0.4387696888573886,0.7284452857120851,1.2599066809707713,-0.000511443903431566,1.2604181248742028,0.0
551,11.02,idle,locomotion,1,13.929569042938615,-9.588541970187924,0.10973345824050078,1.9393306841404054,0.4387654858231502,0.7284439842790575,1.2599053217274285,-0.0005114675016918563,1.2604167892291205,0.0
552,11.04,idle,locomotion,1,13.945756241517705,-9.601357013581952,0.10973345824050078,1.9393138259536506,0.43876135825426793,0.7284426996305752,1.259903981008896,-0.0005114910724330173,1.260415472081329,0.0
553,11.06,idle,locomotion,1,13.961943440096794,-9.61417205697598,0.10973345824050078,1.9392970247844976,0.43875730400702556,0.7284414308514273,1.2599026581550934,-0.0005115144856333402,1.2604141726407267,0.0
554,11.08,idle,locomotion,1,13.978130638675884,-9.626987100370007,0.10973345824050078,1.9392802791790562,0.43875332183665045,0.7284401759679808,1.259901351125742,-0.0005115376135333208,1.2604128887392754,0.0
555,11.1,idle,locomotion,1,13.994317837254973,-9.639802143764035,0.10973345824050078,1.939263584689332,0.43874940892357434,0.7284389346316876,1.2599000590346785,-0.0005115605291404063,1.2604116195638189,0.0
556,11.12,idle,locomotion,1,14.010505035834063,-9.652617187158063,0.10973345824050078,1.9392469408098807,0.43874556343205373,0.7284377081472377,1.2598987829660842,-0.0005115836244983379,1.2604103665905826,0.0
557,11.14,idle,locomotion,1,14.026692234413153,-9.66543223055209,0.10973345824050078,1.939230348602562,0.43874178354209914,0.7284364958597351,1.2598975226236235,-0.0005116065827758254,1.2604091292063995,0.0
558,11.16,idle,locomotion,1,14.042879432992242,-9.678247273946118,0.10973345824050078,1.939213804160784,0.43873806645253305,0.7284352948143791,1.2598962748466702,-0.0005116292163830118,1.2604079040630531,0.0
559,11.18,idle,locomotion,1,14.059066631571332,-9.691062317340146,0.10973345824050078,1.9391973052095826,0.4387344107304642,0.7284341057870374,1.2598950398698792,-0.0005116517601902147,1.2604066916300694,0.0
560,11.2,idle,locomotion,1,14.075253830150421,-9.703877360734174,0.10973345824050078,1.939180851254805,0.43873081446172507,0.7284329293574378,1.2598938183142874,-0.0005116742434700637,1.2604054925577575,0.0
561,11.22,idle,locomotion,1,14.09144102872951,-9.716692404128201,0.10973345824050078,1.9391644414920501,0.4387272751676868,0.7284317655238289,1.2598926102192594,-0.0005116967422213424,1.2604043069614808,0.0
562,11.24,idle,locomotion,1,14.1076282273086,-9.729507447522229,0.10973345824050078,1.9391480759868183,0.43872379103373077,0.7284306150797988,1.2598914164716126,-0.0005117191380275346,1.2604031356096401,0.0
563,11.26,idle,locomotion,1,14.12381542588769,-9.742322490916257,0.10973345824050078,1.939131754022079,0.4387203595137014,0.7284294776745144,1.2598902368566323,-0.0005117413687703541,1.2604019782254026,0.0
564,11.28,idle,locomotion,1,14.14000262446678,-9.755137534310284,0.10973345824050078,1.9391154724831743,0.4387169778728121,0.7284283507860712,1.25988906874995,-0.0005117634344054406,1.2604008321843554,0.0
565,11.3,idle,locomotion,1,14.15618982304587,-9.767952577704312,0.10973345824050078,1.9390992304869235,0.43871364442707167,0.7284272347120149,1.259887912205315,-0.0005117855281815652,1.2603996977334966,0.0
566,11.32,idle,locomotion,1,14.172377021624959,-9.78076762109834,0.10973345824050078,1.9390830278211793,0.4387103569426224,0.7284261306799104,1.2598867686082909,-0.0005118075194476268,1.2603985761277385,0.0
567,11.34,idle,locomotion,1,14.188564220204048,-9.793582664492368,0.10973345824050078,1.9390668614750588,0.43870711287290237,0.728425037436221,1.2598856366470257,-0.0005118292340886912,1.2603974658811143,0.0
568,11.36,idle,locomotion,1,14.204751418783138,-9.806397707886395,0.10973345824050078,1.9390507283240812,0.43870390997250897,0.7284239546809071,1.2598845156060017,-0.0005118508522017097,1.2603963664582034,0.0
569,11.38,idle,locomotion,1,14.220938617362227,-9.819212751280423,0.10973345824050078,1.9390346266004213,0.4387007454522696,0.7284228816940492,1.2598834046674008,-0.0005118723891877133,1.2603952770565885,0.0
570,11.4,idle,locomotion,1,14.237125815941317,-9.83202779467445,0.10973345824050078,1.939018556498846,0.4386976172909486,0.7284218187527395,1.2598823040549239,-0.0005118939612713917,1.2603941980161952,0.0
571,11.42,idle,locomotion,1,14.253313014520407,-9.844842838068478,0.10973345824050078,1.939002518614263,0.43869452390122604,0.7284207660781484,1.2598812141778668,-0.0005119153808267017,1.2603931295586934,0.0
572,11.44,idle,locomotion,1,14.269500213099496,-9.857657881462506,0.10973345824050078,1.9389865121359817,0.43869146363382133,0.7284197218186527,1.2598801333153182,-0.0005119366681282309,1.2603920699834466,0.0
573,11.46,idle,locomotion,1,14.285687411678586,-9.870472924856534,0.10973345824050078,1.9389705364709757,0.4386884352957369,0.7284186868812079,1.2598790621877425,-0.0005119578434142555,1.2603910200311568,0.0
574,11.48,idle,locomotion,1,14.301874610257675,-9.883287968250562,0.10973345824050078,1.938954591173855,0.4386854377346297,0.7284176613517486,1.2598780009368633,-0.0005119789201429754,1.2603899798570062,0.0
575,11.5,idle,locomotion,1,14.318061808836765,-9.89610301164459,0.10973345824050078,1.9389386754956097,0.43868247025810236,0.7284166443011391,1.2598769485425054,-0.0005119998920884855,1.2603889484345938,0.0
576,11.52,idle,locomotion,1,14.334249007415854,-9.908918055038617,0.10973345824050078,1.938922789660023,0.43867953315934066,0.7284156359921099,1.2598759051958246,-0.0005120208149748569,1.2603879260107995,0.0
577,11.54,idle,locomotion,1,14.350436205994944,-9.921733098432645,0.10973345824050078,1.9389069330302688,0.43867662516928024,0.7284146362256273,1.2598748707255751,-0.0005120416114588328,1.260386912337034,0.0
578,11.56,idle,locomotion,1,14.366623404574034,-9.934548141826673,0.10973345824050078,1.9388911044670787,0.43867374452548064,0.7284136452460328,1.259873845243208,-0.000512062456942998,1.260385907700151,0.0
579,11.58,idle,locomotion,1,14.382810603153123,-9.9473631852207,0.10973345824050078,1.9388753045319476,0.438670890990393,0.7284126624427129,1.2598728282887666,-0.0005120833101223549,1.260384911598889,0.0
580,11.6,idle,locomotion,1,14.398997801732213,-9.960178228614728,0.10973345824050078,1.938859533380825,0.43866806419136384,0.7284116866529525,1.2598718188370486,-0.000512104001083348,1.260383922838132,0.0
581,11.62,idle,locomotion,1,14.415185000311302,-9.972993272008756,0.10973345824050078,1.9388437902473277,0.4386652640486056,0.7284107183039512,1.2598708171877857,-0.0005121246355603813,1.260382941823346,0.0
582,11.64,idle,locomotion,1,14.431372198890392,-9.985808315402783,0.10973345824050078,1.938828074932241,0.4386624905532756,0.7284097579882999,1.2598698239475552,-0.0005121451568325316,1.2603819691043878,0.0
583,11.66,idle,locomotion,1,14.447559397469481,-9.998623358796811,0.10973345824050078,1.9388123869843494,0.43865974331231716,0.7284088051570784,1.2598688386183243,-0.0005121655559227056,1.260381004174247,0.0
584,11.68,idle,locomotion,1,14.463746596048571,-10.011438402190839,0.10973345824050078,1.9387967255590748,0.4386570217935897,0.7284078606252248,1.2598678617999002,-0.0005121859411596277,1.2603800477410598,0.0
585,11.7,idle,locomotion,1,14.47993379462766,-10.024253445584867,0.10973345824050078,1.9387810911104744,0.43865432604550914,0.7284069240867126,1.2598668933142518,-0.0005122063588908245,1.2603790996731428,0.0
586,11.72,idle,locomotion,1,14.49612099320675,-10.037068488978894,0.10973345824050078,1.9387654844921738,0.43865165645104537,0.7284059944179035,1.2598659322027268,-0.000512226765700504,1.2603781589684273,0.0
587,11.74,idle,locomotion,1,14.51230819178584,-10.049883532372922,0.10973345824050078,1.93874990505481,0.43864901253736005,0.7284050715025221,1.25986497835224,-0.0005122470362618932,1.260377225388502,0.0
588,11.76,idle,locomotion,1,14.52849539036493,-10.06269857576695,0.10973345824050078,1.9387343521682059,0.43864639474631073,0.7284041553376949,1.259864031697668,-0.0005122672428107128,1.2603762989404785,0.0
589,11.78,idle,locomotion,1,14.544682588944019,-10.075513619160978,0.10973345824050078,1.9387188265635031,0.43864380322585594,0.7284032471634532,1.2598630934855075,-0.0005122874654673176,1.2603753809509748,0.0
590,11.8,idle,locomotion,1,14.560869787523108,-10.088328662555005,0.10973345824050078,1.9387033281474393,0.4386412365803682,0.7284023465773275,1.2598621635947855,-0.0005123076542413729,1.260374471249027,0.0
591,11.82,idle,locomotion,1,14.577056986102198,-10.101143705949033,0.10973345824050078,1.938687857582119,0.4386386946313913,0.7284014537979608,1.2598612422789537,-0.0005123277751053548,1.260373570054059,0.0
592,11.84,idle,locomotion,1,14.593244184681287,-10.11395874934306,0.10973345824050078,1.938672414946779,0.4386361775829136,0.7284005679542035,1.259860328809357,-0.0005123477154161359,1.2603726765247731,0.0
593,11.86,idle,locomotion,1,14.609431383260377,-10.126773792737088,0.10973345824050078,1.9386570000451429,0.43863368695931043,0.728399688301515,1.2598594222850967,-0.0005123675810697441,1.2603717898661664,0.0
594,11.88,idle,locomotion,1,14.625618581839467,-10.139588836131116,0.10973345824050078,1.9386416127825945,0.43863122369136853,0.7283988159676207,1.259858523694894,-0.0005123873600097265,1.2603709110549037,0.0
595,11.9,idle,locomotion,1,14.641805780418556,-10.152403879525144,0.10973345824050078,1.9386262533496408,0.43862878813676176,0.7283979511534994,1.2598576332521332,-0.0005124072057856623,1.2603700404579188,0.0
596,11.92,idle,locomotion,1,14.657992978997646,-10.165218922919172,0.10973345824050078,1.938610923056429,0.4386263815038769,0.7283970931074678,1.2598567503348908,-0.0005124269639930623,1.2603691772988839,0.0
597,11.94,idle,locomotion,1,14.674180177576735,-10.1780339663132,0.10973345824050078,1.9385956216036753,0.4386240046145497,0.7283962416549141,1.2598558747404343,-0.0005124465131606769,1.260368321253595,0.0
598,11.96,idle,locomotion,1,14.690367376155825,-10.190849009707227,0.10973345824050078,1.9385803483332837,0.4386216573577816,0.7283953968540174,1.2598550064700518,-0.0005124660381803856,1.2603674725082321,0.0
599,11.98,idle,locomotion,1,14.706554574734914,-10.203664053101255,0.10973345824050078,1.9385651028358801,0.43861933913657686,0.7283945592758819,1.2598541460439465,-0.0005124855744637162,1.2603666316184103,0.0
600,12.0,idle,locomotion,1,14.722741773314004,-10.216479096495283,0.10973345824050078,1.9385498852301928,0.438617050120778,0.7283937281262929,1.2598532927869097,-0.0005125051516980533,1.2603657979386078,0.0
601,12.02,idle,locomotion,1,14.738928971893094,-10.22929413988931,0.10973345824050078,1.938534696703421,0.4386147910264221,0.7283929036688195,1.2598524469978838,-0.0005125246807281651,1.260364971678612,0.0
602,12.04,idle,locomotion,1,14.755116170472183,-10.242109183283338,0.10973345824050078,1.93851953790531,0.4386125617260926,0.7283920870142273,1.2598516099449653,-0.0005125441543968288,1.260364154099362,0.0
603,12.06,idle,locomotion,1,14.771303369051273,-10.254924226677366,0.10973345824050078,1.9385044092171593,0.43861036332647313,0.7283912767523226,1.2598507803652266,-0.0005125634503424167,1.260363343815569,0.0
604,12.08,idle,locomotion,1,14.787490567630362,-10.267739270071393,0.10973345824050078,1.9384893095873272,0.4386081965693186,0.7283904718907614,1.2598499570327208,-0.0005125825795033491,1.2603625396122242,0.0
605,12.1,idle,locomotion,1,14.803677766209452,-10.280554313465421,0.10973345824050078,1.938474238915007,0.4386060616251241,0.7283896741492356,1.259849141475251,-0.0005126018180626295,1.2603617432933136,0.0
606,12.12,idle,locomotion,1,14.819864964788541,-10.293369356859449,0.10973345824050078,1.9384591977924,0.43860395859607354,0.7283888835034236,1.2598483338815578,-0.0005126210001188923,1.2603609548816768,0.0
607,12.14,idle,locomotion,1,14.836052163367631,-10.306184400253477,0.10973345824050078,1.938444186711863,0.4386018880676504,0.7283880994802341,1.2598475338431465,-0.0005126401467297724,1.2603601739898762,0.0
608,12.16,idle,locomotion,1,14.85223936194672,-10.318999443647504,0.10973345824050078,1.9384292056963377,0.43859984980217676,0.7283873218477804,1.2598467411934886,-0.0005126591686595815,1.260359400362148,0.0
609,12.18,idle,locomotion,1,14.86842656052581,-10.331814487041532,0.10973345824050078,1.9384142547355205,0.43859784343428204,0.7283865519783713,1.259845957222604,-0.0005126782103651896,1.2603586354329692,0.0
610,12.2,idle,locomotion,1,14.8846137591049,-10.34462953043556,0.10973345824050078,1.9383993336872567,0.43859586950834706,0.7283857876876738,1.2598451799485304,-0.0005126971005922458,1.2603578770491226,0.0
611,12.22,idle,locomotion,1,14.90080095768399,-10.357444573829587,0.10973345824050078,1.9383844424174492,0.43859392921016943,0.7283850293593815,1.259844409414442,-0.0005127158764691407,1.2603571252909112,0.0
612,12.24,idle,locomotion,1,14.916988156263079,-10.370259617223615,0.10973345824050078,1.938369580954113,0.43859202315980456,0.7283842770501288,1.259843645735696,-0.0005127346138269241,1.260356380349523,0.0
613,12.26,idle,locomotion,1,14.933175354842168,-10.383074660617643,0.10973345824050078,1.9383547495429478,0.43859015151497677,0.7283835314530541,1.2598428894970932,-0.0005127533376935514,1.2603556428347868,0.0
614,12.28,idle,locomotion,1,14.949362553421258,-10.39588970401167,0.10973345824050078,1.9383399492149536,0.4385883145341363,0.728382793465724,1.2598421417241807,-0.0005127720907613757,1.2603549138149421,0.0
615,12.3,idle,locomotion,1,14.965549752000348,-10.408704747405698,0.10973345824050078,1.9383251804705952,0.43858651214829986,0.7283820622497812,1.2598414017946273,-0.0005127907246458285,1.2603541925192732,0.0
616,12.32,idle,locomotion,1,14.981736950579437,-10.421519790799726,0.10973345824050078,1.9383104426062867,0.43858474431603595,0.7283813363348404,1.2598406682250485,-0.000512809276840883,1.2603534775018894,0.0
617,12.34,idle,locomotion,1,14.997924149158527,-10.434334834193754,0.10973345824050078,1.9382957355279398,0.4385830112318549,0.7283806167653871,1.2598399419181066,-0.0005128277839404893,1.2603527697020471,0.0
618,12.36,idle,locomotion,1,15.014111347737616,-10.447149877587782,0.10973345824050078,1.9382810588689994,0.438581312612754,0.7283799040164028,1.2598392234337403,-0.0005128461819871102,1.2603520696157275,0.0
619,12.38,idle,locomotion,1,15.030298546316706,-10.45996492098181,0.10973345824050078,1.9382664118794386,0.4385796482949054,0.728379198366878,1.2598385129041918,-0.000512864609547279,1.2603513775137392,0.0
620,12.4,idle,locomotion,1,15.046485744895795,-10.472779964375837,0.10973345824050078,1.9382517958453234,0.4385780189826455,0.7283784992076783,1.2598378098493452,-0.0005128830574438435,1.2603506929067891,0.0
621,12.42,idle,locomotion,1,15.062672943474885,-10.485595007769865,0.10973345824050078,1.938237211644678,0.4385764238431789,0.7283778067704721,1.2598371146338279,-0.0005129014239632773,1.2603500160577912,0.0
622,12.44,idle,locomotion,1,15.078860142053975,-10.498410051163892,0.10973345824050078,1.938222658799647,0.4385748628892236,0.7283771200825973,1.2598364263452173,-0.0005129196314614566,1.2603493459766788,0.0
623,12.46,idle,locomotion,1,15.095047340633064,-10.51122509455792,0.10973345824050078,1.9382081369790076,0.4385733367146586,0.7283764396708761,1.259835745281001,-0.0005129570699026059,1.2603487023509035,0.0
624,12.48,idle,locomotion,1,15.111234539212154,-10.524040137951948,0.10973345824050078,1.9381936457548594,0.43857184504004953,0.7283757653190572,1.259835071271218,-0.0005130227585965694,1.2603480940298146,0.0
625,12.5,idle,locomotion,1,15.127421737791243,-10.536855181345976,0.10973345824050078,1.938179185741076,0.43857038810217625,0.7283750975589627,1.2598344048044212,-0.000513088518534488,1.2603474933229557,0.0
626,12.52,idle,locomotion,1,15.143608936370333,-10.549670224740003,0.10973345824050078,1.9381647572112648,0.4385689662558119,0.7283744350096878,1.2598337447106496,-0.0005131541379401541,1.2603468988485897,0.0
627,12.54,idle,locomotion,1,15.159796134949422,-10.562485268134031,0.10973345824050078,1.9381503600715746,0.4385675798520054,0.7283737781449289,1.2598330912584024,-0.0005132197145200044,1.2603463109729223,0.0
628,12.56,idle,locomotion,1,15.175983333528512,-10.575300311528059,0.10973345824050078,1.9381359947393897,0.4385662292209526,0.728373128188352,1.2598324457363357,-0.0005132853358173171,1.260345731072153,0.0
629,12.58,idle,locomotion,1,15.192170532107601,-10.588115354922087,0.10973345824050078,1.9381216609860363,0.4385649149883745,0.7283724834254232,1.2598318065728016,-0.0005133508308134103,1.260345157403615,0.0
630,12.6,idle,locomotion,1,15.208357730686691,-10.600930398316114,0.10973345824050078,1.938107358018403,0.4385636373371756,0.7283718439755849,1.2598311736750503,-0.000513416278300375,1.2603445899533507,0.0
631,12.62,idle,locomotion,1,15.22454492926578,-10.613745441710142,0.10973345824050078,1.9380930850376032,0.43856239560513055,0.7283712108846291,1.2598305480178542,-0.0005134817382724047,1.2603440297561266,0.0
632,12.64,idle,locomotion,1,15.24073212784487,-10.62656048510417,0.10973345824050078,1.9380788415628158,0.43856118937422606,0.7283705843481036,1.2598299297430626,-0.0005135472103475897,1.2603434769534103,0.0
633,12.66,idle,locomotion,1,15.25691932642396,-10.639375528498197,0.10973345824050078,1.9380646281488672,0.43856001891526003,0.7283699641610041,1.2598293186976084,-0.0005136127153900459,1.2603429314129984,0.0
634,12.68,idle,locomotion,1,15.27310652500305,-10.652190571892225,0.10973345824050078,1.9380504450271152,0.4385588841273987,0.72836934937704,1.2598287140569047,-0.0005136781782344932,1.260342392235139,0.0
635,12.7,idle,locomotion,1,15.289293723582139,-10.665005615286253,0.10973345824050078,1.9380362915009923,0.4385577833316575,0.7283687412777579,1.2598281170033798,-0.0005137437216369348,1.2603418607250167,0.0
636,12.72,idle,locomotion,1,15.305480922161228,-10.67782065868028,0.10973345824050078,1.9380221674494333,0.438556715910355,0.728368139614354,1.2598275274127866,-0.0005138092416602444,1.260341336654447,0.0
637,12.74,idle,locomotion,1,15.321668120740318,-10.690635702074308,0.10973345824050078,1.9380080736209107,0.43855568270433387,0.7283675436114677,1.259826944470861,-0.00051387470417762,1.2603408191750385,0.0
638,12.76,idle,locomotion,1,15.337855319319408,-10.703450745468336,0.10973345824050078,1.937994010405228,0.4385546837940586,0.7283669538101748,1.259826368708615,-0.0005139401238049325,1.26034030883242,0.0
639,12.78,idle,locomotion,1,15.354042517898497,-10.716265788862364,0.10973345824050078,1.9379799779739206,0.43855371903730767,0.7283663696029127,1.2598257995629705,-0.0005140055215546065,1.2603398050845251,0.0
640,12.8,idle,locomotion,1,15.370229716477587,-10.729080832256392,0.10973345824050078,1.9379659761718178,0.4385527882204238,0.7283657909474203,1.2598252369512597,-0.0005140708479258183,1.2603393077991856,0.0
641,12.82,idle,locomotion,1,15.386416915056676,-10.74189587565042,0.10973345824050078,1.9379520048522436,0.43855189244380555,0.7283652176396097,1.2598246805671143,-0.0005141360429812246,1.2603388166100955,0.0
642,12.84,idle,locomotion,1,15.402604113635766,-10.754710919044447,0.10973345824050078,1.9379380638575234,0.438551032455571,0.7283646495139545,1.2598241300629491,-0.0005142012430796143,1.2603383313060288,0.0
643,12.86,idle,locomotion,1,15.418791312214855,-10.767525962438475,0.10973345824050078,1.9379241534475862,0.4385502083907566,0.72836408716609,1.259823585992912,-0.0005142664915354818,1.2603378524844475,0.0
644,12.88,idle,locomotion,1,15.434978510793945,-10.780341005832502,0.10973345824050078,1.9379102731921434,0.43854941902178113,0.7283635306469726,1.2598230485038386,-0.0005143317349949432,1.2603373802388336,0.0
645,12.9,idle,locomotion,1,15.451165709373035,-10.79315604922653,0.10973345824050078,1.9378964229936486,0.43854866313466906,0.7283629809295203,1.259822518572632,-0.0005143971182693177,1.2603369156909012,0.0
646,12.92,idle,locomotion,1,15.467352907952124,-10.805971092620558,0.10973345824050078,1.9378826027298548,0.43854794040377987,0.7283624368563097,1.2598219952446945,-0.0005144623244487112,1.2603364575691431,0.0
647,12.94,idle,locomotion,1,15.483540106531214,-10.818786136014586,0.10973345824050078,1.9378688124143038,0.43854725127790606,0.7283618976878532,1.2598214776010974,-0.0005145275759006196,1.260336005176998,0.0
648,12.96,idle,locomotion,1,15.499727305110303,-10.831601179408613,0.10973345824050078,1.937855051657698,0.4385465955058357,0.7283613634891423,1.25982096571662,-0.0005145926923296219,1.2603355584089495,0.0
649,12.98,idle,locomotion,1,15.515914503689393,-10.844416222802641,0.10973345824050078,1.9378413209409628,0.4385459741537214,0.7283608351783682,1.2598204603066163,-0.0005146578623162514,1.2603351181689326,0.0
650,13.0,idle,locomotion,1,15.532101702268482,-10.857231266196669,0.10973345824050078,1.9378276203416975,0.43854538663038284,0.728360311934474,1.2598199608524236,-0.0005147229348059397,1.2603346837872296,0.0
651,13.02,idle,locomotion,1,15.548288900847572,-10.870046309590697,0.10973345824050078,1.937813950048393,0.43854483398915417,0.7283597935784006,1.2598194670329717,-0.0005147880020122016,1.2603342550349839,0.0
652,13.04,idle,locomotion,1,15.564476099426662,-10.882861352984724,0.10973345824050078,1.9378003085889537,0.4385443151621903,0.7283592798855394,1.2598189785815324,-0.0005148529932973711,1.2603338315748298,0.0
653,13.06,idle,locomotion,1,15.580663298005751,-10.895676396378752,0.10973345824050078,1.9377866955606635,0.43854382942815034,0.7283587728026047,1.2598184972129716,-0.0005149181430586514,1.2603334153560302,0.0
654,13.08,idle,locomotion,1,15.59685049658484,-10.90849143977278,0.10973345824050078,1.9377731117353185,0.4385433770504621,0.728358271894259,1.2598180227119387,-0.000514983155915829,1.2603330058678546,0.0
655,13.1,idle,locomotion,1,15.61303769516393,-10.921306483166807,0.10973345824050078,1.9377595576558333,0.43854295841985375,0.7283577763510788,1.2598175542280527,-0.0005150481174783263,1.260332602345531,0.0
656,13.12,idle,locomotion,1,15.62922489374302,-10.934121526560835,0.10973345824050078,1.9377460313368917,0.4385425701287762,0.7283572888098342,1.2598170939674314,-0.0005151138762432769,1.2603322078436747,0.0
657,13.14,idle,locomotion,1,15.64541209232211,-10.946936569954863,0.10973345824050078,1.93773254041653,0.438542244981544,0.728356806868173,1.259816635704188,-0.0005151801197937379,1.2603318158239818,0.0
658,13.16,idle,locomotion,1,15.661599290901199,-10.95975161334889,0.10973345824050078,1.9377190974363891,0.43854202368657863,0.728356329418203,1.2598161752535417,-0.0005152460146681595,1.26033142126821,0.0
659,13.18,idle,locomotion,1,15.677786489480289,-10.972566656742918,0.10973345824050078,1.9377057087463558,0.43854193022200955,0.7283558591260368,1.2598157136000296,-0.0005153119240064591,1.260331025524036,0.0
660,13.2,idle,locomotion,1,15.693973688059378,-10.985381700136946,0.10973345824050078,1.9376923767530674,0.4385419749345761,0.7283553947677933,1.2598152495767816,-0.0005153779159047557,1.2603306274926864,0.0
661,13.22,idle,locomotion,1,15.710160886638468,-10.998196743530974,0.10973345824050078,1.9376791057358564,0.43854216399190893,0.7283549343411876,1.2598147817081775,-0.0005154434563126795,1.2603302251644901,0.0
662,13.24,idle,locomotion,1,15.726348085217557,-11.011011786925001,0.10973345824050078,1.9376658946622083,0.4385424885053398,0.7283544814477152,1.2598143161226942,-0.0005155090674702698,1.2603298251901645,0.0
663,13.26,idle,locomotion,1,15.742535283796647,-11.02382683031903,0.10973345824050078,1.9376527430079893,0.4385429418026718,0.7283540369618445,1.2598138559549188,-0.0005155746249354519,1.2603294305798542,0.0
664,13.28,idle,locomotion,1,15.758722482375736,-11.036641873713057,0.10973345824050078,1.9376396517968815,0.43854351735618735,0.7283536008803077,1.2598134030855244,-0.0005156399565329484,1.2603290430420573,0.0
665,13.3,idle,locomotion,1,15.774909680954826,-11.049456917107085,0.10973345824050078,1.9376266232949377,0.4385442166151379,0.7283531719525396,1.2598129580667279,-0.0005157045976587962,1.2603286626643866,0.0
666,13.32,idle,locomotion,1,15.791096879533915,-11.062271960501112,0.10973345824050078,1.9376136557971395,0.4385450350359675,0.7283527526693592,1.2598125241838403,-0.0005157690401061815,1.2603282932239463,0.0
667,13.34,idle,locomotion,1,15.807284078113005,-11.07508700389514,0.10973345824050078,1.937600748106613,0.43854597191923783,0.7283523448641647,1.2598121043379378,-0.0005158334557979587,1.2603279377937358,0.0
668,13.36,idle,locomotion,1,15.823471276692095,-11.087902047289168,0.10973345824050078,1.9375879047883373,0.4385470385320637,0.7283519465449406,1.259811696888635,-0.0005158974969565293,1.2603275943855916,0.0
669,13.38,idle,locomotion,1,15.839658475271184,-11.100717090683196,0.10973345824050078,1.9375751247817736,0.43854822492961343,0.7283515592798819,1.2598113035963578,-0.0005159610475190153,1.2603272646438768,0.0
670,13.4,idle,locomotion,1,15.855845673850274,-11.113532134077223,0.10973345824050078,1.9375624097585737,0.43854953309616296,0.728351182039493,1.259810924226815,-0.0005160238817034334,1.2603269481085184,0.0
671,13.42,idle,locomotion,1,15.872032872429363,-11.126347177471251,0.10973345824050078,1.9375497590451474,0.43855096244260255,0.7283508179817513,1.2598105618528899,-0.0005160868031362301,1.260326648656026,0.0
672,13.44,idle,locomotion,1,15.888220071008453,-11.139162220865279,0.10973345824050078,1.9375371761532842,0.43855251808360685,0.7283504658340674,1.2598102142838328,-0.0005161489820849352,1.2603263632659176,0.0
673,13.46,idle,locomotion,1,15.904407269587542,-11.151977264259306,0.10973345824050078,1.9375246587628958,0.438554198649486,0.7283501274495859,1.259809884599614,-0.0005162111112777396,1.2603260957108917,0.0
674,13.48,idle,locomotion,1,15.920594468166632,-11.164792307653334,0.10973345824050078,1.9375122071341728,0.4385560005798886,0.7283498048941646,1.2598095740126893,-0.0005162731624846102,1.260325847175174,0.0
675,13.5,idle,locomotion,1,15.936781666745722,-11.177607351047362,0.10973345824050078,1.9374998217550936,0.43855791739658134,0.7283494960968339,1.2598092814423782,-0.0005163345620726456,1.260325616004451,0.0
676,13.52,idle,locomotion,1,15.952968865324811,-11.19042239444139,0.10973345824050078,1.937487504529467,0.4385599465385596,0.7283491988996552,1.2598090041680967,-0.0005163952517849256,1.2603253994198815,0.0
677,13.54,idle,locomotion,1,15.9691560639039,-11.203237437835417,0.10973345824050078,1.9374752493047733,0.43856206881765153,0.7283489185067232,1.2598087483643534,-0.0005164561009949713,1.2603252044653483,0.0
678,13.56,idle,locomotion,1,15.98534326248299,-11.216052481229445,0.10973345824050078,1.9374630608145997,0.43856429296131577,0.7283486513189158,1.2598085091411215,-0.0005165164865895897,1.2603250256277112,0.0
679,13.58,idle,locomotion,1,16.001530461062085,-11.228867524623473,0.10973345824050078,1.937450934984632,0.4385666090670253,0.7283483993669164,1.2598082892940325,-0.0005165769848621896,1.2603248662788948,0.0
680,13.6,idle,locomotion,1,16.017717659641246,-11.2416825680175,0.10973345824050078,1.9374388732779921,0.43856901908995577,0.7283481604908445,1.2598080854394371,-0.0005166371288694883,1.2603247225683065,0.0
681,13.62,idle,locomotion,1,16.033904858220406,-11.254497611411528,0.10973345824050078,1.9374268704421684,0.438571509838571,0.728347935072197,1.2598078985483039,-0.0005166972164922651,1.2603245957647962,0.0
682,13.64,idle,locomotion,1,16.050092056799567,-11.267312654805556,0.10973345824050078,1.937414923893273,0.4385740745635056,0.7283477247727581,1.2598077300414685,-0.0005167574071592261,1.2603244874486277,0.0
683,13.66,idle,locomotion,1,16.066279255378728,-11.280127698199584,0.10973345824050078,1.9374030345190087,0.4385767097755587,0.7283475288133356,1.2598075786482004,-0.0005168173556299449,1.2603243960038304,0.0
684,13.68,idle,locomotion,1,16.08246645395789,-11.292942741593611,0.10973345824050078,1.937391203855377,0.43857941403600165,0.7283473451066582,1.2598074428186194,-0.0005168772016883039,1.2603243200203078,0.0
685,13.7,idle,locomotion,1,16.09865365253705,-11.30575778498764,0.10973345824050078,1.9373794285609647,0.4385821738583029,0.7283471751252979,1.259807323595703,-0.0005169369149614599,1.2603242605106644,0.0
686,13.72,idle,locomotion,1,16.11484085111621,-11.318572828381667,0.10973345824050078,1.937367705091151,0.43858497637652955,0.7283470193247739,1.2598072220470866,-0.0005169964292679047,1.2603242184763546,0.0
687,13.74,idle,locomotion,1,16.13102804969537,-11.331387871775695,0.10973345824050078,1.9373560431428731,0.4385878439153521,0.7283468727113288,1.2598071317958213,-0.0005170558834077625,1.260324187679229,0.0
688,13.76,idle,locomotion,1,16.14721524827453,-11.344202915169722,0.10973345824050078,1.937344443615317,0.4385907802414212,0.7283467363184719,1.259807052852179,-0.0005171151832685135,1.2603241680354476,0.0
689,13.78,idle,locomotion,1,16.16340244685369,-11.35701795856375,0.10973345824050078,1.9373329058648134,0.43859378041983776,0.7283466122692326,1.259806987164987,-0.0005171744593211805,1.2603241616243082,0.0
690,13.8,idle,locomotion,1,16.179589645432852,-11.369833001957778,0.10973345824050078,1.9373214294393246,0.43859683686380585,0.7283465012697156,1.2598069358139885,-0.0005172335423007934,1.2603241693562892,0.0
691,13.82,idle,locomotion,1,16.195776844012013,-11.382648045351806,0.10973345824050078,1.9373100119977409,0.43859994221803084,0.7283464029215883,1.2598068984186803,-0.0005172924417850729,1.2603241908604654,0.0
692,13.84,idle,locomotion,1,16.211964042591173,-11.395463088745833,0.10973345824050078,1.937298651113242,0.43860309028444583,0.7283463163589982,1.259806873964303,-0.0005173512467072788,1.2603242252110103,0.0
693,13.86,idle,locomotion,1,16.228151241170334,-11.408278132139861,0.10973345824050078,1.9372873458221536,0.4386062750977408,0.7283462415488705,1.259806862444393,-0.0005174099861458073,1.2603242724305388,0.0
694,13.88,idle,locomotion,1,16.244338439749495,-11.421093175533889,0.10973345824050078,1.9372760940346463,0.4386094916709753,0.7283461766101774,1.2598068619748166,-0.0005174684396120482,1.2603243304144287,0.0
695,13.9,idle,locomotion,1,16.260525638328655,-11.433908218927916,0.10973345824050078,1.9372648925401785,0.4386127347825567,0.7283461210193306,1.2598068717237663,-0.0005175270139377054,1.260324398737704,0.0
696,13.92,idle,locomotion,1,16.276712836907816,-11.446723262321944,0.10973345824050078,1.9372537392011264,0.4386159981120629,0.7283460758456664,1.2598068928616397,-0.0005175858350710237,1.2603244786967107,0.0
697,13.94,idle,locomotion,1,16.292900035486976,-11.459538305715972,0.10973345824050078,1.9372426326637053,0.43861927763567704,0.7283460404628783,1.259806924843869,-0.0005176444985957873,1.2603245693424647,0.0
698,13.96,idle,locomotion,1,16.309087234066137,-11.47235334911,0.10973345824050078,1.9372315713140507,0.43862256965986307,0.7283460135327184,1.2598069662801754,-0.0005177031400005576,1.260324669420176,0.0
699,13.98,idle,locomotion,1,16.325274432645298,-11.485168392504027,0.10973345824050078,1.9372205532933346,0.4386258713284294,0.7283459938103686,1.2598070157954653,-0.0005177617171959435,1.2603247775126611,0.0
700,14.0,idle,locomotion,1,16.34146163122446,-11.497983435898055,0.10973345824050078,1.9372095772977203,0.4386291799303996,0.7283459809849839,1.259807072985856,-0.0005178202547422885,1.2603248932405982,0.0
701,14.02,idle,locomotion,1,16.35764882980362,-11.510798479292083,0.10973345824050078,1.9371986415853222,0.4386324920637904,0.7283459745728749,1.2598071374927688,-0.0005178788189189563,1.2603250163116877,0.0
702,14.04,idle,locomotion,1,16.37383602838278,-11.52361352268611,0.10973345824050078,1.937187744119237,0.4386358056251213,0.7283459746318827,1.2598072092767632,-0.0005179373341201547,1.2603251466108834,0.0
703,14.06,idle,locomotion,1,16.39002322696194,-11.536428566080138,0.10973345824050078,1.9371768751144125,0.43863910311752846,0.7283459862116558,1.259807292951285,-0.0005179959309892478,1.2603252888822742,0.0
704,14.08,idle,locomotion,1,16.4062104255411,-11.549243609474166,0.10973345824050078,1.9371660262034849,0.4386423694321682,0.728346006304081,1.2598073850618752,-0.0005180550923509532,1.260325440154226,0.0
705,14.1,idle,locomotion,1,16.42239762412026,-11.562058652868194,0.10973345824050078,1.9371551999829169,0.4386456121336298,0.7283460307744114,1.2598074816446758,-0.0005181149471459624,1.2603255965918219,0.0
706,14.12,idle,locomotion,1,16.438584822699422,-11.574873696262221,0.10973345824050078,1.9371443957934038,0.4386488354663068,0.7283460577536481,1.259807579954945,-0.0005181746552364447,1.2603257546101816,0.0
707,14.14,idle,locomotion,1,16.454772021278583,-11.58768873965625,0.10973345824050078,1.9371336136298896,0.43865204694631177,0.7283460877375881,1.2598076812867105,-0.0005182348805343948,1.2603259161672449,0.0
708,14.16,idle,locomotion,1,16.470959219857743,-11.600503783050277,0.10973345824050078,1.937122852514521,0.43865525140225997,0.7283461202575755,1.2598077849805929,-0.0005182951811293843,1.2603260801617222,0.0
709,14.18,idle,locomotion,1,16.487146418436904,-11.613318826444305,0.10973345824050078,1.9371121120774746,0.4386584491487928,0.728346154695325,1.2598078897475777,-0.0005183552735575567,1.2603262450211352,0.0
710,14.2,idle,locomotion,1,16.503333617016064,-11.626133869838332,0.10973345824050078,1.9371013924751999,0.43866164115366796,0.728346193285406,1.2598079987049677,-0.0005184155281481341,1.2603264142331159,0.0
711,14.22,idle,locomotion,1,16.519520815595225,-11.63894891323236,0.10973345824050078,1.9370906958355982,0.43866483567389863,0.72834623492565,1.2598081106462942,-0.0005184757534491859,1.2603265863997433,0.0
712,14.24,idle,locomotion,1,16.535708014174386,-11.651763956626388,0.10973345824050078,1.9370800218265931,0.4386680328767021,0.728346279897941,1.2598082251852105,-0.0005185358765610118,1.2603267610617714,0.0
713,14.26,idle,locomotion,1,16.551895212753546,-11.664579000020415,0.10973345824050078,1.937069371140903,0.43867123749907383,0.7283463290018838,1.2598083445298318,-0.0005185963515362824,1.260326940881368,0.0
714,14.28,idle,locomotion,1,16.568082411332707,-11.677394043414443,0.10973345824050078,1.937058744961376,0.4386744506470893,0.7283463823319339,1.259808467133983,-0.0005186564849555646,1.2603271236189386,0.0
715,14.3,idle,locomotion,1,16.584269609911868,-11.690209086808471,0.10973345824050078,1.9370481445671566,0.4386776739305486,0.7283464405555494,1.2598085953311124,-0.0005187166777592747,1.2603273120088718,0.0
716,14.32,idle,locomotion,1,16.60045680849103,-11.703024130202499,0.10973345824050078,1.9370375722027096,0.43868091454361074,0.7283465018286452,1.259808726410778,-0.0005187766290119175,1.26032750303979,0.0
717,14.34,idle,locomotion,1,16.61664400707019,-11.715839173596526,0.10973345824050078,1.9370270260931886,0.4386841707636878,0.7283465677322274,1.259808861929862,-0.0005188365532597453,1.2603276984831218,0.0
718,14.36,idle,locomotion,1,16.63283120564935,-11.728654216990554,0.10973345824050078,1.937016508326414,0.4386874480833433,0.728346638033736,1.2598090023227204,-0.0005188967497998902,1.2603278990725204,0.0
719,14.38,idle,locomotion,1,16.64901840422851,-11.741469260384582,0.10973345824050078,1.9370060189944558,0.43869074502268984,0.728346713732723,1.2598091477473663,-0.0005189565599866171,1.2603281043073529,0.0
720,14.4,idle,locomotion,1,16.66520560280767,-11.75428430377861,0.10973345824050078,1.9369955608886356,0.4386940662960276,0.7283467939632519,1.2598092980314506,-0.0005190163759915892,1.2603283144074422,0.0
721,14.42,idle,locomotion,1,16.68139280138683,-11.767099347172637,0.10973345824050078,1.9369851342818731,0.43869741295766473,0.7283468798384728,1.2598094540123932,-0.0005190762718339133,1.260328530284227,0.0
722,14.44,idle,locomotion,1,16.697579999965992,-11.779914390566665,0.10973345824050078,1.9369747400120212,0.4387007880197721,0.7283469714516672,1.2598096165900856,-0.0005191363397095555,1.260328752929795,0.0
723,14.46,idle,locomotion,1,16.713767198545153,-11.792729433960693,0.10973345824050078,1.9369643798272629,0.43870419394321025,0.7283470673221563,1.2598097832420292,-0.0005191959206874777,1.2603289791627166,0.0
724,14.48,idle,locomotion,1,16.729954397124313,-11.80554447735472,0.10973345824050078,1.9369540543129256,0.4387076302524463,0.7283471698204881,1.2598099567685488,-0.0005192555092596862,1.2603292122778085,0.0
725,14.5,idle,locomotion,1,16.746141595703474,-11.818359520748748,0.10973345824050078,1.9369437656208408,0.4387111067619977,0.7283472777608969,1.2598101368848762,-0.0005193151497580768,1.2603294520346342,0.0
726,14.52,idle,locomotion,1,16.762328794282634,-11.831174564142776,0.10973345824050078,1.9369335093938076,0.43871461550341245,0.728347394410721,1.2598103254826274,-0.0005193746767545478,1.2603297001593818,0.0
727,14.54,idle,locomotion,1,16.778515992861795,-11.843989607536804,0.10973345824050078,1.9369232905188318,0.43871816358289156,0.7283475161007932,1.259810519636842,-0.0005194339985692478,1.2603299536354113,0.0
728,14.56,idle,locomotion,1,16.794703191440956,-11.856804650930831,0.10973345824050078,1.9369131090587122,0.43872174977009526,0.7283476442402428,1.259810720942305,-0.0005194931450996122,1.2603302140874046,0.0
729,14.58,idle,locomotion,1,16.810890390020116,-11.869619694324859,0.10973345824050078,1.9369029704463,0.4387253859974098,0.7283477742346015,1.2598109250114944,-0.000519552029749619,1.260330477041244,0.0
730,14.6,idle,locomotion,1,16.827077588599277,-11.882434737718887,0.10973345824050078,1.936892871763974,0.43872906323807964,0.7283479112525849,1.2598111369952643,-0.0005196107554204174,1.2603307477506847,0.0
731,14.62,idle,locomotion,1,16.843264787178438,-11.895249781112915,0.10973345824050078,1.9368828186598919,0.43873278984635455,0.7283480527158902,1.2598113548612733,-0.0005196690998511243,1.2603310239611243,0.0
732,14.64,idle,locomotion,1,16.859451985757598,-11.908064824506942,0.10973345824050078,1.9368728115249916,0.4387365646806186,0.728348199902758,1.259811579952355,-0.0005197269723960334,1.260331306924751,0.0
733,14.66,idle,locomotion,1,16.87563918433676,-11.92087986790097,0.10973345824050078,1.9368628489701232,0.4387403827457125,0.7283483542016257,1.25981181367359,-0.0005197847131606995,1.2603315983867507,0.0
734,14.68,idle,locomotion,1,16.89182638291592,-11.933694911294998,0.10973345824050078,1.9368529289989636,0.43874423858205763,0.7283485170948713,1.2598120574085643,-0.0005198421052502213,1.2603318995138144,0.0
735,14.7,idle,locomotion,1,16.90801358149508,-11.946509954689025,0.10973345824050078,1.936843049801699,0.43874812683548103,0.7283486873726572,1.2598123099403573,-0.0005198993827871604,1.2603322093231444,0.0
736,14.72,idle,locomotion,1,16.92420078007424,-11.959324998083053,0.10973345824050078,1.9368332103883488,0.4387520432021761,0.7283488644737918,1.2598125706114796,-0.0005199566030018761,1.2603325272144814,0.0
737,14.74,idle,locomotion,1,16.9403879786534,-11.97214004147708,0.10973345824050078,1.9368234103420485,0.43875598335571386,0.7283490479634126,1.2598128392031738,-0.0005200138129961146,1.26033285301617,0.0
738,14.76,idle,locomotion,1,16.956575177232562,-11.984955084871109,0.10973345824050078,1.9368136473431137,0.4387599432547203,0.7283492365577591,1.2598131143723474,-0.0005200708792593156,1.2603331852516066,0.0
739,14.78,idle,locomotion,1,16.972762375811723,-11.997770128265136,0.10973345824050078,1.9368039196412878,0.43876391960075306,0.7283494313203439,1.2598133968549987,-0.0005201280520153624,1.260333524907014,0.0
740,14.8,idle,locomotion,1,16.988949574390883,-12.010585171659164,0.10973345824050078,1.936794226446426,0.43876790898028334,0.7283496317313806,1.259813686307807,-0.0005201851554743897,1.2603338714632815,0.0
741,14.82,idle,locomotion,1,17.005136772970044,-12.023400215053192,0.10973345824050078,1.9367845662551657,0.4387719091622881,0.7283498367224451,1.2598139814848093,-0.0005202420858820729,1.2603342235706914,0.0
742,14.84,idle,locomotion,1,17.021323971549204,-12.03621525844722,0.10973345824050078,1.9367749377392292,0.4387759185451682,0.7283500448242476,1.2598142807799364,-0.0005202989010807783,1.2603345796810173,0.0
743,14.86,idle,locomotion,1,17.037511170128365,-12.049030301841247,0.10973345824050078,1.9367653389707518,0.4387799335066114,0.7283502561457135,1.2598145842754978,-0.000520355880626211,1.260334940156124,0.0
744,14.88,idle,locomotion,1,17.053698368707526,-12.061845345235275,0.10973345824050078,1.9367557679985146,0.43878395197888287,0.7283504711983374,1.2598148923897408,-0.000520412825932258,1.260335305215673,0.0
745,14.9,idle,locomotion,1,17.069885567286686,-12.074660388629303,0.10973345824050078,1.9367462241013667,0.4387879718185905,0.7283506895954173,1.2598152048216986,-0.0005204698553950629,1.2603356746770937,0.0
746,14.92,idle,locomotion,1,17.086072765865847,-12.08747543202333,0.10973345824050078,1.9367367058499299,0.43879199081613823,0.7283509108179097,1.2598155210413875,-0.0005205268456061583,1.2603360478869936,0.0
747,14.94,idle,locomotion,1,17.102259964445008,-12.100290475417358,0.10973345824050078,1.9367272121095744,0.4387960075434523,0.7283511353907632,1.259815841390737,-0.0005205838166591863,1.260336425207396,0.0
748,14.96,idle,locomotion,1,17.118447163024168,-12.113105518811386,0.10973345824050078,1.9367177418670256,0.43880002032902593,0.7283513623019332,1.259816164939517,-0.0005206407474064034,1.2603368056869233,0.0
749,14.98,idle,locomotion,1,17.13463436160333,-12.125920562205414,0.10973345824050078,1.9367082939046387,0.43880402764349885,0.7283515912417677,1.2598164912643197,-0.000520697681778183,1.260337188946098,0.0
750,15.0,idle,locomotion,1,17.15082156018249,-12.138735605599441,0.10973345824050078,1.936698867625618,0.4388080279140707,0.7283518222273163,1.2598168204880373,-0.0005207547123556172,1.260337575200393,0.0
751,15.02,idle,locomotion,1,17.16700875876165,-12.151550648993469,0.10973345824050078,1.9366894622140651,0.4388120203213758,0.728352054468598,1.2598171518390768,-0.0005208116758311718,1.260337963514908,0.0
752,15.04,idle,locomotion,1,17.18319595734081,-12.164365692387497,0.10973345824050078,1.9366800763957701,0.4388160047406295,0.7283522876753293,1.2598174848188812,-0.0005208685814743763,1.2603383534003556,0.0
753,15.06,idle,locomotion,1,17.19938315591997,-12.177180735781524,0.10973345824050078,1.936670709570309,0.4388199800745509,0.7283525221575062,1.259817819817803,-0.000520925586676324,1.2603387454044792,0.0
754,15.08,idle,locomotion,1,17.215570354499132,-12.189995779175552,0.10973345824050078,1.9366613606226788,0.438823944721197,0.728352757491251,1.2598181565274242,-0.0005209826488756578,1.2603391391763,0.0
755,15.1,idle,locomotion,1,17.231757553078292,-12.20281082256958,0.10973345824050078,1.9366520284339346,0.43882789825125584,0.7283529940710181,1.2598184951263884,-0.000521039774446147,1.2603395349008346,0.0
756,15.12,idle,locomotion,1,17.247944751657453,-12.215625865963608,0.10973345824050078,1.9366427122159722,0.4388318412603693,0.7283532316873922,1.2598188352582396,-0.0005210967642631861,1.2603399320225028,0.0
757,15.14,idle,locomotion,1,17.264131950236614,-12.228440909357635,0.10973345824050078,1.936633411309239,0.43883577344304586,0.7283534707058845,1.259819177160918,-0.0005211539297615767,1.2603403310906796,0.0
758,15.16,idle,locomotion,1,17.280319148815774,-12.241255952751663,0.10973345824050078,1.936624126402228,0.4388396955558939,0.7283537100653732,1.2598195199739792,-0.000521210872787465,1.2603407308467667,0.0
759,15.18,idle,locomotion,1,17.296506347394935,-12.25407099614569,0.10973345824050078,1.936614856623194,0.4388436064372214,0.7283539495588764,1.259819863616766,-0.000521267890994808,1.2603411315077606,0.0
760,15.2,idle,locomotion,1,17.312693545974096,-12.266886039539719,0.10973345824050078,1.93660560008122,0.43884750554504737,0.7283541897216442,1.2598202085008232,-0.0005213250160981224,1.2603415335169212,0.0
761,15.22,idle,locomotion,1,17.328880744553256,-12.279701082933746,0.10973345824050078,1.9365963568628484,0.4388513928382712,0.7283544305354327,1.2598205546206294,-0.000521382262460679,1.2603419368830902,0.0
762,15.24,idle,locomotion,1,17.345067943132417,-12.292516126327774,0.10973345824050078,1.936587127836346,0.4388552695866124,0.7283546709037573,1.2598209009123011,-0.0005214393351829251,1.260342340247484,0.0
763,15.26,idle,locomotion,1,17.361255141711577,-12.305331169721802,0.10973345824050078,1.9365779125904794,0.4388591367346617,0.7283549105582774,1.2598212469512828,-0.0005214962779863733,1.2603427432292693,0.0
764,15.28,idle,locomotion,1,17.377442340290738,-12.31814621311583,0.10973345824050078,1.9365687107318659,0.4388629941920631,0.7283551499712358,1.2598215932692773,-0.0005215533699106691,1.2603431466391881,0.0
765,15.3,idle,locomotion,1,17.3936295388699,-12.330961256509857,0.10973345824050078,1.9365595219864917,0.43886684113190816,0.7283553895774785,1.259821940528079,-0.0005216104793084944,1.2603435510073875,0.0
766,15.32,idle,locomotion,1,17.40981673744906,-12.343776299903885,0.10973345824050078,1.936550344939781,0.43887067740441904,0.7283556301463258,1.259822289349919,-0.000521667607158726,1.2603439569570776,0.0
767,15.34,idle,locomotion,1,17.42600393602822,-12.356591343297913,0.10973345824050078,1.9365411792540212,0.4388745028568718,0.728355871783108,1.2598226398291732,-0.0005217249165039468,1.2603443647456771,0.0
768,15.36,idle,locomotion,1,17.44219113460738,-12.36940638669194,0.10973345824050078,1.9365320251585332,0.43887831947946165,0.728356113326372,1.2598229906412362,-0.0005217820355540442,1.2603447726767902,0.0
769,15.38,idle,locomotion,1,17.45837833318654,-12.382221430085968,0.10973345824050078,1.9365228830156136,0.4388821289922362,0.7283563546223374,1.2598233414327678,-0.0005218390678650396,1.2603451805006327,0.0
770,15.4,idle,locomotion,1,17.474565531765702,-12.395036473479996,0.10973345824050078,1.9365137527060952,0.43888593057028463,0.7283565959862341,1.2598236927488804,-0.0005218963036707318,1.2603455890525512,0.0
771,15.42,idle,locomotion,1,17.490752730344862,-12.407851516874024,0.10973345824050078,1.9365046341741028,0.4388897244268509,0.7283568377901055,1.2598240449636868,-0.0005219535744557906,1.2603459985381427,0.0
772,15.44,idle,locomotion,1,17.506939928924023,-12.420666560268051,0.10973345824050078,1.9364955283677552,0.438893512064004,0.7283570799436986,1.2598243979759665,-0.0005220107044278145,1.2603464086803944,0.0
773,15.46,idle,locomotion,1,17.523127127503184,-12.433481603662079,0.10973345824050078,1.9364864356179203,0.4388972924839064,0.7283573231261624,1.2598247526583704,-0.0005220679816087398,1.260346820639979,0.0
774,15.48,idle,locomotion,1,17.539314326082344,-12.446296647056107,0.10973345824050078,1.9364773561803998,0.4389010670525739,0.7283575667238723,1.2598251083577718,-0.0005221251232644004,1.2603472334810362,0.0
775,15.5,idle,locomotion,1,17.555501524661505,-12.459111690450134,0.10973345824050078,1.936468289835241,0.4389048376520638,0.7283578099462952,1.2598254640376372,-0.0005221820159121114,1.2603476460535492,0.0
776,15.52,idle,locomotion,1,17.571688723240666,-12.471926733844162,0.10973345824050078,1.9364592364281978,0.43890860426466916,0.728358053053867,1.2598258199935182,-0.0005222390324076329,1.2603480590259257,0.0
777,15.54,idle,locomotion,1,17.587875921819826,-12.48474177723819,0.10973345824050078,1.9364501961647778,0.4389123658928797,0.7283582961847187,1.259826176672336,-0.0005222962065175134,1.2603484728788534,0.0
778,15.56,idle,locomotion,1,17.604063120398987,-12.497556820632218,0.10973345824050078,1.9364411683083032,0.43891612249520595,0.7283585396322012,1.2598265343129507,-0.0005223533766805198,1.2603488876896312,0.0
779,15.58,idle,locomotion,1,17.620250318978147,-12.510371864026245,0.10973345824050078,1.9364321528454123,0.4389198759551241,0.7283587837435396,1.2598268929184453,-0.0005224103343750772,1.2603493032528204,0.0
780,15.6,idle,locomotion,1,17.636437517557308,-12.523186907420273,0.10973345824050078,1.936423150193915,0.43892362705976207,0.7283590292097485,1.2598272531188355,-0.0005224673378492889,1.2603497204566847,0.0
781,15.62,idle,locomotion,1,17.65262471613647,-12.5360019508143,0.10973345824050078,1.936414160642947,0.438927375935857,0.7283592755806759,1.2598276146756142,-0.000522524383024997,1.2603501390586391,0.0
782,15.64,idle,locomotion,1,17.66881191471563,-12.548816994208329,0.10973345824050078,1.936405184359327,0.43893112346022345,0.7283595217942399,1.2598279765241998,-0.0005225813121892686,1.260350557836389,0.0
783,15.66,idle,locomotion,1,17.68499911329479,-12.561632037602356,0.10973345824050078,1.9363962220192923,0.4389348701177912,0.7283597684566417,1.2598283392833196,-0.0005226382549540845,1.2603509775382737,0.0
784,15.68,idle,locomotion,1,17.70118631187395,-12.574447080996384,0.10973345824050078,1.936387273517231,0.43893861673273804,0.7283600144095667,1.2598287019184138,-0.0005226950965903678,1.2603513970150042,0.0
785,15.7,idle,locomotion,1,17.71737351045311,-12.587262124390412,0.10973345824050078,1.936378338470809,0.43894236308913875,0.7283602610025162,1.2598290656538058,-0.0005227521048539324,1.2603518177586597,0.0
786,15.72,idle,locomotion,1,17.73356070903227,-12.60007716778444,0.10973345824050078,1.9363694157721827,0.4389461060144969,0.728360508868075,1.2598294312348042,-0.0005228092768130438,1.2603522405116172,0.0
787,15.74,idle,locomotion,1,17.749747907611432,-12.612892211178467,0.10973345824050078,1.936360500049314,0.43894983103648266,0.7283607590062487,1.2598297988355711,-0.0005228670539146468,1.2603526658894857,0.0
788,15.76,idle,locomotion,1,17.765935106190593,-12.625707254572495,0.10973345824050078,1.9363515989627005,0.4389535568528785,0.7283610074599721,1.2598301644389156,-0.0005229246643494619,1.260353089103265,0.0
789,15.78,idle,locomotion,1,17.782122304769754,-12.638522297966523,0.10973345824050078,1.9363427125970913,0.4389572860881434,0.7283612551652849,1.259830528533507,-0.000522982532957246,1.2603535110664643,0.0
790,15.8,idle,locomotion,1,17.798309503348914,-12.65133734136055,0.10973345824050078,1.9363338455682502,0.4389610325699863,0.7283615020433671,1.2598308911786762,-0.0005230405803943877,1.2603539317590706,0.0
791,15.82,idle,locomotion,1,17.814496701928075,-12.664152384754578,0.10973345824050078,1.936324999977241,0.43896480537095134,0.7283617484994169,1.2598312525569992,-0.0005230984589857518,1.260354351015985,0.0
792,15.84,idle,locomotion,1,17.830683900507236,-12.676967428148606,0.10973345824050078,1.9363161783403684,0.438968612798944,0.7283619961070649,1.259831614444651,-0.0005231565591036838,1.2603547710037548,0.0
793,15.86,idle,locomotion,1,17.846871099086396,-12.689782471542634,0.10973345824050078,1.9363073822657368,0.43897246108430277,0.728362245842777,1.2598319778928668,-0.0005232145077298453,1.2603551924005967,0.0
794,15.88,idle,locomotion,1,17.863058297665557,-12.702597514936661,0.10973345824050078,1.9362986150737467,0.43897635636046906,0.7283624973756858,1.2598323426117715,-0.0005232719983493186,1.2603556146101207,0.0
795,15.9,idle,locomotion,1,17.879245496244717,-12.715412558330689,0.10973345824050078,1.9362898800411692,0.4389802998582543,0.7283627511970377,1.259832709328521,-0.000523328857385378,1.2603560381859065,0.0
796,15.92,idle,locomotion,1,17.895432694823878,-12.728227601724717,0.10973345824050078,1.9362811792200234,0.43898429387310633,0.7283630089050284,1.2598330800404325,-0.0005233856648086607,1.260356465705241,0.0
797,15.94,idle,locomotion,1,17.91161989340304,-12.741042645118744,0.10973345824050078,1.9362725146858855,0.4389883408419596,0.7283632707948224,1.2598334553302808,-0.0005234423165634272,1.2603568976468442,0.0
798,15.96,idle,locomotion,1,17.9278070919822,-12.753857688512772,0.10973345824050078,1.9362638881743388,0.43899243901653334,0.728363536415648,1.2598338345867504,-0.0005234983671311665,1.2603573329538815,0.0
799,15.98,idle,locomotion,1,17.94399429056136,-12.7666727319068,0.10973345824050078,1.936255302207132,0.4389965909366737,0.7283638062412991,1.2598342189278222,-0.0005235543352374722,1.2603577732630598,0.0
800,16.0,idle,locomotion,1,17.96018148914052,-12.779487775300828,0.10973345824050078,1.9362467556262175,0.4390007955497029,0.7283640810864839,1.2598346088221974,-0.0005236100738345746,1.260358218896032,0.0
801,16.02,idle,locomotion,1,17.97636868771968,-12.792302818694855,0.10973345824050078,1.9362382493301173,0.43900505764091124,0.7283643596393693,1.259835003102775,-0.0005236656739742822,1.2603586687767492,0.0
802,16.04,idle,locomotion,1,17.99255588629884,-12.805117862088883,0.10973345824050078,1.9362297824376213,0.4390093733166663,0.7283646435482908,1.25983540318394,-0.0005237215832929222,1.260359124767233,0.0
803,16.06,idle,locomotion,1,18.008743084878002,-12.81793290548291,0.10973345824050078,1.9362213543637592,0.43901373999454874,0.7283649326021967,1.2598358093443638,-0.0005237777828655567,1.2603595871272293,0.0
804,16.08,idle,locomotion,1,18.024930283457163,-12.830747948876938,0.10973345824050078,1.9362129660697678,0.43901816058765414,0.7283652263694066,1.2598362207356804,-0.0005238339266713798,1.2603600546623517,0.0
805,16.1,idle,locomotion,1,18.041117482036324,-12.843562992270966,0.10973345824050078,1.9362046173710679,0.4390226344493067,0.7283655261473396,1.2598366388124786,-0.0005238900271326355,1.2603605288396114,0.0
806,16.12,idle,locomotion,1,18.057304680615484,-12.856378035664994,0.10973345824050078,1.9361963090235628,0.4390271635919462,0.7283658306325185,1.259837062291063,-0.0005239458184826754,1.2603610081095458,0.0
807,16.14,idle,locomotion,1,18.073491879194645,-12.869193079059022,0.10973345824050078,1.9361880413778265,0.43903174597968264,0.7283661385641869,1.259837490053469,-0.0005240013031515174,1.2603614913566206,0.0
808,16.16,idle,locomotion,1,18.089679077773805,-12.88200812245305,0.10973345824050078,1.9361798159590775,0.4390363849602195,0.7283664497637525,1.259837922197582,-0.0005240561502812685,1.2603619783478632,0.0
809,16.18,idle,locomotion,1,18.105866276352966,-12.894823165847077,0.10973345824050078,1.9361716310146029,0.4390410746821234,0.7283667671312172,1.2598383617525892,-0.0005241108699129346,1.2603624726225022,0.0
810,16.2,idle,locomotion,1,18.122053474932127,-12.907638209241105,0.10973345824050078,1.936163485420835,0.43904580837986,0.7283670906870481,1.2598388091092574,-0.0005241651949580532,1.2603629743042155,0.0
811,16.22,idle,locomotion,1,18.138240673511287,-12.920453252635133,0.10973345824050078,1.9361553768515631,0.43905058004366104,0.7283674194224306,1.2598392630850646,-0.0005242192341014459,1.260363482319166,0.0
812,16.24,idle,locomotion,1,18.154427872090448,-12.93326829602916,0.10973345824050078,1.936147302609297,0.4390553829487487,0.7283677536946095,1.2598397239311554,-0.0005242732233870645,1.2603639971545424,0.0
813,16.26,idle,locomotion,1,18.17061507066961,-12.946083339423188,0.10973345824050078,1.9361392606661316,0.43906021122285255,0.7283680927764258,1.2598401909064831,-0.0005243271907170201,1.2603645180972,0.0
814,16.28,idle,locomotion,1,18.18680226924877,-12.958898382817216,0.10973345824050078,1.9361312484493425,0.4390650570938249,0.7283684361856362,1.259840663457397,-0.0005243813020493343,1.2603650447594463,0.0
815,16.3,idle,locomotion,1,18.20298946782793,-12.971713426211243,0.10973345824050078,1.9361232619989115,0.43906991251038346,0.7283687841898534,1.2598411412815884,-0.0005244357404663759,1.2603655770220548,0.0
816,16.32,idle,locomotion,1,18.21917666640709,-12.984528469605271,0.10973345824050078,1.9361153024763385,0.43907477849959975,0.728369134821297,1.2598416222425863,-0.0005244903118586629,1.260366112554445,0.0
817,16.34,idle,locomotion,1,18.23536386498625,-12.997343512999299,0.10973345824050078,1.936107370349509,0.43907965648237185,0.7283694880891797,1.2598421065546717,-0.0005245450471678334,1.2603666516018395,0.0
818,16.36,idle,locomotion,1,18.25155106356541,-13.010158556393327,0.10973345824050078,1.9360994647039613,0.43908454755329157,0.7283698429052862,1.2598425928347114,-0.0005245997105415082,1.2603671925452529,0.0
819,16.38,idle,locomotion,1,18.267738262144572,-13.022973599787354,0.10973345824050078,1.9360915867416677,0.43908945551855305,0.7283701999318808,1.2598430815220996,-0.0005246544779299762,1.2603677360000296,0.0
820,16.4,idle,locomotion,1,18.283925460723733,-13.035788643181382,0.10973345824050078,1.936083737273884,0.43909438206663887,0.7283705598326083,1.259843573346829,-0.000524709142614755,1.2603682824894438,0.0
821,16.42,idle,locomotion,1,18.300112659302894,-13.04860368657541,0.10973345824050078,1.9360759156864127,0.43909932899443205,0.7283709216828503,1.2598440672786884,-0.0005247636431766033,1.260368830921865,0.0
822,16.44,idle,locomotion,1,18.316299857882054,-13.061418729969438,0.10973345824050078,1.9360681220056042,0.4391042967795854,0.728371286005617,1.2598445637371094,-0.000524818192856033,1.2603693819299655,0.0
823,16.46,idle,locomotion,1,18.332487056461215,-13.074233773363465,0.10973345824050078,1.9360603578043554,0.43910928712458724,0.7283716513414499,1.2598450615493617,-0.0005248725054565508,1.2603699340548182,0.0
824,16.48,idle,locomotion,1,18.348674255040375,-13.087048816757493,0.10973345824050078,1.936052622547705,0.439114299282344,0.728372019684396,1.2598455628134582,-0.0005249270943167225,1.2603704899077748,0.0
825,16.5,idle,locomotion,1,18.364861453619536,-13.09986386015152,0.10973345824050078,1.9360449164952351,0.4391193349850935,0.7283723914333138,1.2598460678495864,-0.0005249812746031014,1.2603710491241895,0.0
826,16.52,idle,locomotion,1,18.381048652198697,-13.112678903545548,0.10973345824050078,1.9360372401703643,0.4391243939829357,0.7283727656011298,1.259846575704603,-0.0005250353866897289,1.2603716110912926,0.0
827,16.54,idle,locomotion,1,18.397235850777857,-13.125493946939576,0.10973345824050078,1.936029593927618,0.43912947525429513,0.7283731416792383,1.2598470857829693,-0.0005250891410453068,1.2603721749240147,0.0
828,16.56,idle,locomotion,1,18.413423049357018,-13.138308990333604,0.10973345824050078,1.9360219784978059,0.439134576626821,0.7283735200535987,1.2598475984099828,-0.0005251426535762653,1.260372741063559,0.0
829,16.58,idle,locomotion,1,18.42961024793618,-13.151124033727632,0.10973345824050078,1.936014394493828,0.4391396998906539,0.7283739011497096,1.2598481145659468,-0.00052519631097998,1.2603733108769268,0.0
830,16.6,idle,locomotion,1,18.44579744651534,-13.16393907712166,0.10973345824050078,1.9360068406168782,0.43914484320649794,0.7283742861528778,1.2598486351003084,-0.000525250199682737,1.260373885299991,0.0
831,16.62,idle,locomotion,1,18.4619846450945,-13.176754120515687,0.10973345824050078,1.9359993181076638,0.4391500096644705,0.7283746734516745,1.2598491585402412,-0.0005253037022817687,1.260374462242523,0.0
832,16.64,idle,locomotion,1,18.47817184367366,-13.189569163909715,0.10973345824050078,1.9359918255425843,0.4391551972683921,0.7283750635970688,1.2598496851862233,-0.0005253571567113632,1.2603750423429347,0.0
833,16.66,idle,locomotion,1,18.49435904225282,-13.202384207303743,0.10973345824050078,1.9359843632258735,0.4391604052337128,0.7283754571179963,1.259850215595011,-0.0005254105607382098,1.2603756261557493,0.0
834,16.68,idle,locomotion,1,18.51054624083198,-13.21519925069777,0.10973345824050078,1.9359769318347608,0.4391656326304257,0.7283758535604036,1.2598507494773474,-0.0005254639657898269,1.2603762134431373,0.0
835,16.7,idle,locomotion,1,18.526733439411142,-13.228014294091798,0.10973345824050078,1.9359695326091637,0.43917088150968875,0.7283762517782286,1.2598512857686233,-0.0005255170840522301,1.2603768028526754,0.0
836,16.72,idle,locomotion,1,18.542920637990303,-13.240829337485826,0.10973345824050078,1.935962165956889,0.439176152304765,0.728376652772242,1.2598518254663442,-0.000525569902834068,1.2603773953691784,0.0
837,16.74,idle,locomotion,1,18.559107836569464,-13.253644380879853,0.10973345824050078,1.935954831750277,0.4391814453721087,0.7283770573743441,1.2598523697011668,-0.0005256224043946357,1.2603779921055613,0.0
838,16.76,idle,locomotion,1,18.575295035148624,-13.266459424273881,0.10973345824050078,1.9359475286831573,0.43918675585293276,0.7283774661497776,1.2598529191645726,-0.0005256747962418505,1.2603785939608145,0.0
839,16.78,idle,locomotion,1,18.591482233727785,-13.279274467667909,0.10973345824050078,1.9359402546938835,0.4391920797702134,0.7283778774550809,1.2598534721586063,-0.0005257268427272845,1.2603791990013336,0.0
840,16.8,idle,locomotion,1,18.607669432306945,-13.292089511061937,0.10973345824050078,1.9359330074594348,0.4391974127149348,0.7283782914649196,1.2598540284929862,-0.0005257787482529086,1.260379807241239,0.0
841,16.82,idle,locomotion,1,18.623856630886106,-13.304904554455964,0.10973345824050078,1.9359257860309271,0.4392027490658352,0.7283787097455948,1.2598545898940319,-0.0005258307210945015,1.2603804206151263,0.0
842,16.84,idle,locomotion,1,18.640043829465267,-13.317719597849992,0.10973345824050078,1.9359185888426307,0.4392080828836947,0.7283791318933995,1.2598551563129383,-0.0005258827229317163,1.26038103903587,0.0
843,16.86,idle,locomotion,1,18.656231028044427,-13.33053464124402,0.10973345824050078,1.9359114136073514,0.4392134098491517,0.7283795571540088,1.2598557269280954,-0.000525934679411668,1.2603816616075072,0.0
844,16.88,idle,locomotion,1,18.672418226623588,-13.343349684638047,0.10973345824050078,1.9359042584924766,0.4392187263332365,0.7283799842240585,1.259856300363231,-0.0005259865380149442,1.260382286901246,0.0
845,16.9,idle,locomotion,1,18.68860542520275,-13.356164728032075,0.10973345824050078,1.935897121127971,0.4392240286946355,0.7283804134447577,1.259856876714078,-0.000526038445392632,1.2603829151594708,0.0
846,16.92,idle,locomotion,1,18.70479262378191,-13.368979771426103,0.10973345824050078,1.9358900005261186,0.4392293138965195,0.7283808447802202,1.2598574560366185,-0.0005260903865234139,1.2603835464231419,0.0
847,16.94,idle,locomotion,1,18.72097982236107,-13.38179481482013,0.10973345824050078,1.9358828949750042,0.4392345795670936,0.728381276626287,1.259858036696214,-0.0005261422557649997,1.260384178951979,0.0
848,16.96,idle,locomotion,1,18.73716702094023,-13.394609858214158,0.10973345824050078,1.935875802031471,0.4392398226953682,0.728381709703712,1.2598586191458385,-0.0005261943435771708,1.2603848134894158,0.0
849,16.98,idle,locomotion,1,18.75335421951939,-13.407424901608186,0.10973345824050078,1.9358687196318938,0.4392450409663294,0.7283821429295052,1.2598592023600057,-0.0005262465224172147,1.2603854488824229,0.0
850,17.0,idle,locomotion,1,18.76954141809855,-13.420239945002214,0.10973345824050078,1.9358616469346621,0.43925023233334665,0.7283825768240848,1.2598597867446735,-0.0005262989348428296,1.2603860856795164,0.0
851,17.02,idle,locomotion,1,18.785728616677712,-13.433054988396242,0.10973345824050078,1.9358545836570322,0.4392553954827762,0.7283830110991896,1.259860372121983,-0.0005263511757024365,1.2603867232976855,0.0
852,17.04,idle,locomotion,1,18.801915815256873,-13.44587003179027,0.10973345824050078,1.935847529215548,0.4392605302536785,0.7283834444710039,1.2598609570235442,-0.0005264033321198749,1.2603873603556641,0.0
853,17.06,idle,locomotion,1,18.818103013836033,-13.458685075184297,0.10973345824050078,1.935840482248612,0.43926563474786856,0.7283838773584372,1.2598615419522141,-0.0005264556755958105,1.2603879976278098,0.0
854,17.08,idle,locomotion,1,18.834290212415194,-13.471500118578325,0.10973345824050078,1.935833441199325,0.43927070756226577,0.7283843102286445,1.259862127403898,-0.0005265081243400818,1.260388635528238,0.0
855,17.1,idle,locomotion,1,18.850477410994355,-13.484315161972352,0.10973345824050078,1.935826405500708,0.43927574843243095,0.7283847427958774,1.259862713014631,-0.000526560600803163,1.260389273615434,0.0
856,17.12,idle,locomotion,1,18.866664609573515,-13.49713020536638,0.10973345824050078,1.9358193740975582,0.43928075711164366,0.7283851746433307,1.2598632982332756,-0.0005266131499081055,1.2603899113831838,0.0
857,17.14,idle,locomotion,1,18.882851808152676,-13.509945248760408,0.10973345824050078,1.935812346253425,0.4392857334612842,0.7283856054202053,1.2598638826020978,-0.0005266657729805224,1.2603905483750784,0.0
858,17.16,idle,locomotion,1,18.899039006731837,-13.522760292154436,0.10973345824050078,1.9358053216932567,0.4392906773772691,0.7283860348988797,1.2598644658909681,-0.0005267184895166796,1.2603911843804847,0.0
859,17.18,idle,locomotion,1,18.915226205310997,-13.535575335548463,0.10973345824050078,1.9357983004401442,0.43929558868763624,0.7283864640986188,1.259865049147062,-0.0005267712815475167,1.2603918204286095,0.0
860,17.2,idle,locomotion,1,18.931413403890158,-13.548390378942491,0.10973345824050078,1.9357912823258345,0.4393004671287337,0.7283868927521592,1.259865632240954,-0.0005268241523974891,1.2603924563933515,0.0
861,17.22,idle,locomotion,1,18.94760060246932,-13.561205422336519,0.10973345824050078,1.9357842670525638,0.43930531288981595,0.7283873209930319,1.2598662151577757,-0.0005268770828294189,1.2603930922406053,0.0
862,17.24,idle,locomotion,1,18.96378780104848,-13.574020465730547,0.10973345824050078,1.9357772549787085,0.43931012672374503,0.728387748417896,1.2598667974861861,-0.0005269299659810961,1.2603937274521673,0.0
863,17.26,idle,locomotion,1,18.97997499962764,-13.586835509124574,0.10973345824050078,1.9357702461128492,0.4393149094937672,0.7283881744311549,1.259867378612603,-0.00052698281112145,1.2603943614237243,0.0
864,17.28,idle,locomotion,1,18.9961621982068,-13.599650552518602,0.10973345824050078,1.93576324000568,0.4393196612818347,0.7283885994002747,1.2598679589107054,-0.0005270357489368487,1.2603949946596422,0.0
865,17.3,idle,locomotion,1,19.01234939678596,-13.61246559591263,0.10973345824050078,1.9357562367760635,0.43932438180518585,0.7283890240566298,1.2598685391870799,-0.0005270887810092488,1.260395627968089,0.0
866,17.32,idle,locomotion,1,19.02853659536512,-13.625280639306657,0.10973345824050078,1.935749236365942,0.43932907202283633,0.7283894476640671,1.259869118703658,-0.0005271417493806427,1.2603962604530385,0.0
867,17.34,idle,locomotion,1,19.044723793944282,-13.638095682700685,0.10973345824050078,1.9357422390196963,0.4393337332051971,0.7283898700563669,1.2598696971591175,-0.0005271948261933689,1.2603968919853108,0.0
868,17.36,idle,locomotion,1,19.060910992523443,-13.650910726094713,0.10973345824050078,1.9357352453259586,0.4393383661912101,0.7283902909041997,1.2598702743856003,-0.0005272479297092902,1.2603975223153097,0.0
869,17.38,idle,locomotion,1,19.077098191102603,-13.66372576948874,0.10973345824050078,1.9357282560457771,0.43934297272223166,0.7283907107742533,1.259870850881408,-0.0005273008276526076,1.2603981517090606,0.0
870,17.4,idle,locomotion,1,19.093285389681764,-13.676540812882768,0.10973345824050078,1.9357212707810705,0.43934755267682796,0.728391129481506,1.259871426594904,-0.0005273538283081421,1.2603987804232122,0.0
871,17.42,idle,locomotion,1,19.109472588260925,-13.689355856276796,0.10973345824050078,1.9357142885361294,0.43935210691177584,0.728391546534952,1.2598720008662836,-0.0005274068973321923,1.2603994077636158,0.0
872,17.44,idle,locomotion,1,19.125659786840085,-13.702170899670824,0.10973345824050078,1.9357073098314317,0.43935663688001936,0.7283919627125228,1.259872574374475,-0.0005274599305762212,1.2604000343050512,0.0
873,17.46,idle,locomotion,1,19.141846985419246,-13.714985943064852,0.10973345824050078,1.9357003344931445,0.4393611438568835,0.7283923775840793,1.2598731467407545,-0.0005275129100759599,1.2604006596508304,0.0
874,17.48,idle,locomotion,1,19.158034183998407,-13.72780098645888,0.10973345824050078,1.9356933621072205,0.43936562860271683,0.7283927910966582,1.259873717839826,-0.0005275659952255658,1.2604012838350516,0.0
875,17.5,idle,locomotion,1,19.174221382577567,-13.740616029852907,0.10973345824050078,1.9356863927738521,0.4393700902167159,0.7283932050141916,1.2598742896023816,-0.0005276194119547412,1.2604019090143364,0.0
876,17.52,idle,locomotion,1,19.190408581156728,-13.753431073246935,0.10973345824050078,1.93567942670123,0.43937453002478016,0.7283936186132948,1.2598748613309232,-0.0005276726098538999,1.2604025339407772,0.0
877,17.54,idle,locomotion,1,19.20659577973589,-13.766246116640962,0.10973345824050078,1.9356724644832746,0.43937894932310045,0.7283940316742472,1.2598754326503916,-0.0005277258717446415,1.2604031585221362,0.0
878,17.56,idle,locomotion,1,19.22278297831505,-13.77906116003499,0.10973345824050078,1.9356655069544628,0.43938334793188893,0.7283944449753612,1.2598760046026212,-0.0005277792323464883,1.2604037838349678,0.0
879,17.58,idle,locomotion,1,19.23897017689421,-13.791876203429018,0.10973345824050078,1.9356585544128182,0.43938772784718605,0.7283948574629504,1.2598765760411372,-0.0005278322793505937,1.2604044083204877,0.0
880,17.6,idle,locomotion,1,19.25515737547337,-13.804691246823046,0.10973345824050078,1.9356516070521,0.4393920902326884,0.7283952696297307,1.2598771472767307,-0.000527885432332377,1.260405032709063,0.0
881,17.62,idle,locomotion,1,19.27134457405253,-13.817506290217073,0.10973345824050078,1.9356446652027972,0.4393964352777176,0.7283956821257638,1.2598777191409591,-0.0005279386161904931,1.2604056577571496,0.0
882,17.64,idle,locomotion,1,19.28753177263169,-13.830321333611101,0.10973345824050078,1.9356377294527551,0.4394007641532387,0.7283960942910543,1.259878290961082,-0.0005279917304442591,1.260406282691526,0.0
883,17.66,idle,locomotion,1,19.303718971210852,-13.843136377005129,0.10973345824050078,1.9356307997862767,0.43940507772210174,0.7283965060119049,1.2598788625223212,-0.0005280447696770531,1.2604069072919983,0.0
884,17.68,idle,locomotion,1,19.319906169790013,-13.855951420399157,0.10973345824050078,1.9356238755316058,0.43940937630927634,0.7283969172148238,1.2598794336895693,-0.0005280979124798538,1.260407531602049,0.0
885,17.7,idle,locomotion,1,19.336093368369173,-13.868766463793184,0.10973345824050078,1.9356169572712196,0.43941366115486374,0.7283973278690886,1.25988000442969,-0.0005281510393768708,1.260408155469067,0.0
886,17.72,idle,locomotion,1,19.352280566948334,-13.881581507187212,0.10973345824050078,1.9356100461443448,0.43941793302151894,0.7283977382648475,1.2598805752703635,-0.0005282040885703915,1.2604087793589338,0.0
887,17.74,idle,locomotion,1,19.368467765527495,-13.89439655058124,0.10973345824050078,1.935603142493298,0.4394221927461239,0.7283981471816912,1.2598811451881118,-0.00052825702064083,1.2604094022087526,0.0
888,17.76,idle,locomotion,1,19.384654964106655,-13.907211593975267,0.10973345824050078,1.9355962451664077,0.43942644100305206,0.7283985549474011,1.259881714281706,-0.000528310016879717,1.2604100242985858,0.0
889,17.78,idle,locomotion,1,19.400842162685816,-13.920026637369295,0.10973345824050078,1.935589353240186,0.43943067862516944,0.7283989622712311,1.2598822831210152,-0.0005283630446512207,1.2604106461656666,0.0
890,17.8,idle,locomotion,1,19.417029361264976,-13.932841680763323,0.10973345824050078,1.9355824669944928,0.43943490673893015,0.7283993692360033,1.2598828516953176,-0.0005284160163701868,1.2604112677116877,0.0
891,17.82,idle,locomotion,1,19.433216559844137,-13.94565672415735,0.10973345824050078,1.9355755864933055,0.4394391256420686,0.7283997761295457,1.259883420282166,-0.0005284691289438592,1.2604118894111098,0.0
892,17.84,idle,locomotion,1,19.449403758423298,-13.958471767551378,0.10973345824050078,1.935568712056329,0.4394433350294558,0.7284001834464965,1.2598839894374376,-0.0005285228983625267,1.2604125123358,0.0
893,17.86,idle,locomotion,1,19.46559095700246,-13.971286810945406,0.10973345824050078,1.9355618447297653,0.4394475337481546,0.7284005911337748,1.2598845594439214,-0.0005285772013082744,1.2604131366452296,0.0
894,17.88,idle,locomotion,1,19.48177815558162,-13.984101854339434,0.10973345824050078,1.9355549845645486,0.4394517223744257,0.7284009983722931,1.2598851294970184,-0.0005286314923976763,1.260413760989416,0.0
895,17.9,idle,locomotion,1,19.49796535416078,-13.996916897733461,0.10973345824050078,1.9355481314300822,0.4394559018820795,0.7284014042340172,1.2598856985550844,-0.0005286858334490364,1.2604143843885334,0.0
896,17.92,idle,locomotion,1,19.51415255273994,-14.00973194112749,0.10973345824050078,1.9355412852322016,0.4394600726228566,0.7284018090846148,1.2598862669545143,-0.0005287401398613549,1.2604150070943756,0.0
897,17.94,idle,locomotion,1,19.5303397513191,-14.022546984521517,0.10973345824050078,1.935534445549052,0.4394642343527147,0.7284022135355989,1.2598868353040222,-0.0005287945585645722,1.2604156298625868,0.0
898,17.96,idle,locomotion,1,19.54652694989826,-14.035362027915545,0.10973345824050078,1.9355276119148375,0.43946838822537093,0.728402617322957,1.2598874031606873,-0.0005288488752298731,1.2604162520359172,0.0
899,17.98,idle,locomotion,1,19.562714148477422,-14.048177071309572,0.10973345824050078,1.9355207848109441,0.4394725337743401,0.7284030219150229,1.259887971995212,-0.0005289033846839902,1.260416875379896,0.0
900,18.0,idle,locomotion,1,19.578901347056583,-14.0609921147036,0.10973345824050078,1.9355139648025277,0.4394766707752859,0.7284034273558827,1.2598885420786021,-0.0005289577584587646,1.260417499837061,0.0
901,18.02,idle,locomotion,1,19.595088545635743,-14.073807158097628,0.10973345824050078,1.9355071523173581,0.43948079946865837,0.7284038332239962,1.259889112898613,-0.0005290120928384025,1.2604181249914514,0.0
902,18.04,idle,locomotion,1,19.611275744214904,-14.086622201491656,0.10973345824050078,1.93550034745292,0.439484920119151,0.7284042390207969,1.2598896839836355,-0.0005290664280244162,1.26041875041166,0.0
903,18.06,idle,locomotion,1,19.627462942794065,-14.099437244885683,0.10973345824050078,1.9354935504550483,0.43948903384574484,0.7284046447773187,1.2598902552407947,-0.0005291206603661378,1.2604193759011608,0.0
904,18.08,idle,locomotion,1,19.643650141373225,-14.112252288279711,0.10973345824050078,1.9354867616441451,0.4394931411844403,0.7284050501700471,1.2598908264015078,-0.0005291748875688208,1.2604200012890767,0.0
905,18.1,idle,locomotion,1,19.659837339952386,-14.125067331673739,0.10973345824050078,1.9354799807928127,0.4394972418045476,0.7284054555191389,1.2598913978138182,-0.0005292290937368507,1.260420626907555,0.0
906,18.12,idle,locomotion,1,19.676024538531546,-14.137882375067766,0.10973345824050078,1.9354732075255807,0.439501335799253,0.7284058607467865,1.2598919694419006,-0.0005292832993959544,1.2604212527412966,0.0
907,18.14,idle,locomotion,1,19.692211737110707,-14.150697418461794,0.10973345824050078,1.9354664419655168,0.4395054229866354,0.7284062662345433,1.2598925416950468,-0.0005293375491054429,1.2604218792441522,0.0
908,18.16,idle,locomotion,1,19.708398935689868,-14.163512461855822,0.10973345824050078,1.9354596846452525,0.4395095056562549,0.7284066699727155,1.2598931124770152,-0.0005293914293265506,1.2604225039063417,0.0
909,18.18,idle,locomotion,1,19.72458613426903,-14.17632750524985,0.10973345824050078,1.9354529350632559,0.4395135835506065,0.7284070726522236,1.2598936823332127,-0.0005294455006118123,1.2604231278338245,0.0
910,18.2,idle,locomotion,1,19.74077333284819,-14.189142548643877,0.10973345824050078,1.9354461925574546,0.4395176559079125,0.7284074768453062,1.2598942539072402,-0.0005294996437549826,1.2604237535509952,0.0
911,18.22,idle,locomotion,1,19.75696053142735,-14.201957592037905,0.10973345824050078,1.935439457303749,0.43952172330307687,0.7284078817197629,1.2598948264392393,-0.0005295536843970203,1.2604243801236363,0.0
912,18.24,idle,locomotion,1,19.77314773000651,-14.214772635431933,0.10973345824050078,1.935432729140624,0.4395257859136176,0.7284082860458374,1.259895398684804,-0.0005296078250151687,1.2604250065098193,0.0
913,18.26,idle,locomotion,1,19.78933492858567,-14.22758767882596,0.10973345824050078,1.9354260085779826,0.4395298435534511,0.7284086907761969,1.259895971646013,-0.0005296619961293533,1.2604256336421422,0.0
914,18.28,idle,locomotion,1,19.80552212716483,-14.240402722219988,0.10973345824050078,1.9354192957569114,0.43953389655527675,0.7284090960846668,1.259896545500097,-0.0005297159793473775,1.2604262614794444,0.0
915,18.3,idle,locomotion,1,19.821709325743992,-14.253217765614016,0.10973345824050078,1.9354125902877988,0.4395379453281625,0.7284095011288853,1.259897119285716,-0.0005297699583258556,1.2604268892440418,0.0
916,18.32,idle,locomotion,1,19.837896524323153,-14.266032809008044,0.10973345824050078,1.9354058931032299,0.4395419899100014,0.7284099067081589,1.2598976938652147,-0.000529824024393076,1.2604275178896078,0.0
917,18.34,idle,locomotion,1,19.854083722902313,-14.278847852402071,0.10973345824050078,1.9353992047468105,0.43954603065757936,0.7284103131053505,1.2598982697302088,-0.000529877907651119,1.2604281476378598,0.0
918,18.36,idle,locomotion,1,19.870270921481474,-14.2916628957961,0.10973345824050078,1.9353925244907315,0.43955006808269353,0.7284107191936955,1.259898845697152,-0.0005299318315338496,1.260428777528686,0.0
919,18.38,idle,locomotion,1,19.886458120060635,-14.304477939190127,0.10973345824050078,1.93538585156633,0.4395541021313709,0.7284111252263076,1.2598994218655206,-0.0005299857632847689,1.2604294076288054,0.0
920,18.4,idle,locomotion,1,19.902645318639795,-14.317292982584155,0.10973345824050078,1.9353791859699336,0.4395581328070367,0.728411532354743,1.2598999993314335,-0.0005300397412733825,1.2604300390727068,0.0
921,18.42,idle,locomotion,1,19.918832517218956,-14.330108025978182,0.10973345824050078,1.935372529070554,0.4395621609062892,0.7284119395830615,1.259900577293099,-0.0005300936275465865,1.2604306709206454,0.0
922,18.44,idle,locomotion,1,19.935019715798116,-14.34292306937221,0.10973345824050078,1.9353658809379872,0.43956618744627374,0.7284123455267898,1.2599011543398753,-0.0005301473436832051,1.2604313016835584,0.0
923,18.46,idle,locomotion,1,19.951206914377277,-14.355738112766238,0.10973345824050078,1.935359239822062,0.4395702110826567,0.7284127520950893,1.259901732248642,-0.0005302011959652624,1.2604319334446075,0.0
924,18.48,idle,locomotion,1,19.967394112956438,-14.368553156160266,0.10973345824050078,1.9353526053712813,0.4395742312454587,0.7284131607119122,1.2599023124518849,-0.000530255196240146,1.260432567648125,0.0
925,18.5,idle,locomotion,1,19.9835813115356,-14.381368199554293,0.10973345824050078,1.9353459789736214,0.4395782485791618,0.7284135712643431,1.2599028948790394,-0.0005303091533138959,1.2604332040323534,0.0
926,18.52,idle,locomotion,1,19.99976851011476,-14.394183242948321,0.10973345824050078,1.9353393616024357,0.43958226416511936,0.7284139825177752,1.2599034783363297,-0.0005303628612778472,1.2604338411976075,0.0
927,18.54,idle,locomotion,1,20.01595570869392,-14.406998286342349,0.10973345824050078,1.9353327536203688,0.4395862784259836,0.7284143935107289,1.259904061883063,-0.0005304165128609852,1.260434478395924,0.0
928,18.56,idle,locomotion,1,20.03214290727308,-14.419813329736376,0.10973345824050078,1.9353261540576743,0.43959029195808186,0.7284148038709606,1.2599046450185991,-0.0005304700218901615,1.2604351150404893,0.0
929,18.58,idle,locomotion,1,20.04833010585224,-14.432628373130404,0.10973345824050078,1.935319562025315,0.43959430468868,0.7284152140539334,1.2599052280765457,-0.0005305236716737979,1.2604357517482194,0.0
930,18.6,idle,locomotion,1,20.0645173044314,-14.445443416524432,0.10973345824050078,1.935312977521381,0.43959831584089293,0.7284156250212946,1.2599058121522861,-0.000530577441283861,1.26043638959357,0.0
931,18.62,idle,locomotion,1,20.080704503010562,-14.45825845991846,0.10973345824050078,1.9353064002036606,0.43960232559695717,0.7284160366696216,1.259906397150444,-0.0005306311777938458,1.260437028328238,0.0
932,18.64,idle,locomotion,1,20.096891701589723,-14.471073503312487,0.10973345824050078,1.935299830428339,0.4396063350522255,0.7284164499434872,1.2599069838256494,-0.0005306848411900621,1.2604376686668395,0.0
933,18.66,idle,locomotion,1,20.113078900168883,-14.483888546706515,0.10973345824050078,1.9352932693084903,0.439610343463042,0.7284168644332164,1.2599075721192785,-0.0005307385534888028,1.2604383106727672,0.0
934,18.68,idle,locomotion,1,20.129266098748044,-14.496703590100543,0.10973345824050078,1.9352867173434654,0.43961435155012385,0.7284172788506611,1.2599081607706049,-0.0005307920641031937,1.260438952834708,0.0
935,18.7,idle,locomotion,1,20.145453297327204,-14.50951863349457,0.10973345824050078,1.9352801739607175,0.43961835874807503,0.7284176942832015,1.2599087508053568,-0.000530845625607311,1.260439596430964,0.0
936,18.72,idle,locomotion,1,20.161640495906365,-14.522333676888598,0.10973345824050078,1.935273638546791,0.4396223655557678,0.7284181098963307,1.2599093413810105,-0.0005308991678543255,1.2604402405488648,0.0
937,18.74,idle,locomotion,1,20.177827694485526,-14.535148720282626,0.10973345824050078,1.9352671114529028,0.43962637208711514,0.728418526695452,1.2599099333599693,-0.0005309528071664842,1.2604408861671357,0.0
938,18.76,idle,locomotion,1,20.194014893064686,-14.547963763676654,0.10973345824050078,1.9352605926718764,0.43963037803216437,0.7284189450009207,1.2599105272013371,-0.0005310063812483459,1.2604415335825854,0.0
939,18.78,idle,locomotion,1,20.210202091643847,-14.560778807070681,0.10973345824050078,1.9352540829487785,0.43963438476753264,0.7284193638179323,1.2599111217500898,-0.0005310597967250683,1.2604421815468148,0.0
940,18.8,idle,locomotion,1,20.226389290223008,-14.57359385046471,0.10973345824050078,1.9352475825819673,0.4396383921955893,0.7284197834288441,1.2599117173578809,-0.0005311131616812619,1.260442830519562,0.0
941,18.82,idle,locomotion,1,20.242576488802168,-14.586408893858737,0.10973345824050078,1.9352410904062682,0.43964240004218613,0.7284202033274585,1.2599123135881698,-0.0005311664713591006,1.260443480059529,0.0
942,18.84,idle,locomotion,1,20.25876368738133,-14.599223937252765,0.10973345824050078,1.935234605943375,0.4396464077695512,0.7284206243290314,1.259912911182889,-0.00053121997249422,1.2604441311553833,0.0
943,18.86,idle,locomotion,1,20.27495088596049,-14.612038980646792,0.10973345824050078,1.935228129340769,0.4396504152167823,0.7284210464422823,1.2599135102812107,-0.0005312734322549355,1.2604447837134656,0.0
944,18.88,idle,locomotion,1,20.29113808453965,-14.62485402404082,0.10973345824050078,1.935221660700121,0.43965442334162924,0.7284214691505291,1.259914110172292,-0.0005313268436567299,1.2604454370159486,0.0
945,18.9,idle,locomotion,1,20.30732528311881,-14.637669067434848,0.10973345824050078,1.9352152002237504,0.4396584324426906,0.7284218928693288,1.2599147112061782,-0.0005313801986843343,1.2604460914048625,0.0
946,18.92,idle,locomotion,1,20.32351248169797,-14.650484110828875,0.10973345824050078,1.9352087482156226,0.4396624418921848,0.7284223191251139,1.2599153149947944,-0.0005314336518232772,1.2604467486466175,0.0
947,18.94,idle,locomotion,1,20.339699680277132,-14.663299154222903,0.10973345824050078,1.9352023053062513,0.4396664519333805,0.728422746982554,1.2599159207720485,-0.0005314870019933089,1.2604474077740417,0.0
948,18.96,idle,locomotion,1,20.355886878856293,-14.676114197616931,0.10973345824050078,1.9351958715939028,0.4396704632554529,0.7284231753177091,1.2599165272891644,-0.0005315402484161943,1.2604480675375807,0.0
949,18.98,idle,locomotion,1,20.372074077435453,-14.688929241010959,0.10973345824050078,1.935189446606482,0.43967447591229947,0.728423604471542,1.259917134812373,-0.0005315935104531905,1.2604487283228263,0.0
950,19.0,idle,locomotion,1,20.388261276014614,-14.701744284404986,0.10973345824050078,1.9351830303392097,0.43967848944019616,0.7284240351669421,1.2599177440995613,-0.0005316467999870039,1.2604493908995482,0.0
951,19.02,idle,locomotion,1,20.404448474593774,-14.714559327799014,0.10973345824050078,1.9351766229160843,0.43968250367190226,0.7284244673990452,1.2599183552224082,-0.0005317001316100453,1.2604500553540183,0.0
952,19.04,idle,locomotion,1,20.420635673172935,-14.727374371193042,0.10973345824050078,1.9351702244054092,0.4396865197450186,0.7284249002202042,1.259918967141229,-0.0005317532401163151,1.2604507203813453,0.0
953,19.06,idle,locomotion,1,20.436822871752096,-14.74018941458707,0.10973345824050078,1.9351638349617903,0.43969053702750277,0.7284253344368085,1.2599195806631862,-0.0005318064433554003,1.2604513871065417,0.0
954,19.08,idle,locomotion,1,20.453010070331256,-14.753004457981097,0.10973345824050078,1.9351574541979184,0.43969455592392975,0.7284257689267283,1.2599201947669376,-0.0005318594463100991,1.2604520542132478,0.0
955,19.1,idle,locomotion,1,20.469197268910417,-14.765819501375125,0.10973345824050078,1.935151082393774,0.4396985762626885,0.7284262041175656,1.2599208098541261,-0.0005319126447977593,1.260452722498924,0.0
956,19.12,idle,locomotion,1,20.485384467489578,-14.778634544769153,0.10973345824050078,1.935144719789036,0.4397025979577782,0.728426639948583,1.2599214261172051,-0.0005319657104439802,1.260453391827649,0.0
957,19.14,idle,locomotion,1,20.501571666068738,-14.79144958816318,0.10973345824050078,1.9351383656543797,0.4397066210883777,0.7284270772855403,1.2599220441920143,-0.0005320188052673029,1.2604540629972816,0.0
958,19.16,idle,locomotion,1,20.5177588646479,-14.804264631557208,0.10973345824050078,1.9351320196549837,0.4397106445880771,0.7284275176407274,1.2599226656450837,-0.000532072104324554,1.2604547377494082,0.0
959,19.18,idle,locomotion,1,20.53394606322706,-14.817079674951236,0.10973345824050078,1.9351256818566678,0.4397146697921106,0.728427959667913,1.2599232890222838,-0.0005321252358947114,1.2604554142581785,0.0
960,19.2,idle,locomotion,1,20.55013326180622,-14.829894718345264,0.10973345824050078,1.9351193523211447,0.4397186974939557,0.7284284033704607,1.2599239140683076,-0.0005321783648870836,1.2604560924331947,0.0
961,19.22,idle,locomotion,1,20.56632046038538,-14.842709761739291,0.10973345824050078,1.9351130327680603,0.43972272716930555,0.7284288493013518,1.2599245416604714,-0.0005322315564025293,1.2604567732168739,0.0
962,19.24,idle,locomotion,1,20.58250765896454,-14.855524805133319,0.10973345824050078,1.9351067239435007,0.4397267592799905,0.7284292960983212,1.2599251706737467,-0.0005322843734926717,1.2604574550472394,0.0
963,19.26,idle,locomotion,1,20.598694857543702,-14.868339848527347,0.10973345824050078,1.9351004239115477,0.4397307935747073,0.72842974415844,1.2599258012180639,-0.0005323372764694731,1.2604581384945333,0.0
964,19.28,idle,locomotion,1,20.614882056122863,-14.881154891921375,0.10973345824050078,1.9350941321196433,0.4397348299709466,0.7284301936812864,1.2599264334304117,-0.0005323902293323697,1.260458823659744,0.0
965,19.3,idle,locomotion,1,20.631069254702023,-14.893969935315402,0.10973345824050078,1.9350878487734944,0.43973886788454936,0.7284306446488976,1.2599270673218081,-0.0005324432924112589,1.2604595106142193,0.0
966,19.32,idle,locomotion,1,20.647256453281184,-14.90678497870943,0.10973345824050078,1.9350815747960726,0.43974290731420007,0.7284310968928704,1.2599277028964417,-0.0005324964112861513,1.2604601993077278,0.0
967,19.34,idle,locomotion,1,20.663443651860344,-14.919600022103458,0.10973345824050078,1.93507531089647,0.4397469493495109,0.7284315500018619,1.259928339766276,-0.0005325492235029872,1.2604608889897788,0.0
968,19.36,idle,locomotion,1,20.679630850439505,-14.932415065497485,0.10973345824050078,1.9350690564817894,0.4397509944196753,0.7284320037989646,1.259928977657128,-0.00053260195068262,1.2604615796078107,0.0
969,19.38,idle,locomotion,1,20.695818049018666,-14.945230108891513,0.10973345824050078,1.9350628106789043,0.4397550429829751,0.7284324583510896,1.2599296164556975,-0.0005326546292308797,1.2604622710849283,0.0
970,19.4,idle,locomotion,1,20.712005247597826,-14.95804515228554,0.10973345824050078,1.9350565726412223,0.4397590936659437,0.7284329153822304,1.259930257882466,-0.0005327075444334153,1.2604629654268995,0.0
971,19.42,idle,locomotion,1,20.728192446176987,-14.970860195679569,0.10973345824050078,1.9350503420730514,0.4397631462213246,0.7284333750648215,1.2599309022013572,-0.0005327604294811661,1.2604636626308383,0.0
972,19.44,idle,locomotion,1,20.744379644756147,-14.983675239073596,0.10973345824050078,1.9350441197699706,0.4397672017282815,0.7284338364082622,1.2599315483745415,-0.0005328132668991764,1.2604643616414406,0.0
973,19.46,idle,locomotion,1,20.760566843335308,-14.996490282467624,0.10973345824050078,1.935037906416271,0.43977126062780664,0.7284342980317117,1.2599321951773712,-0.0005328659974999823,1.2604650611748711,0.0
974,19.48,idle,locomotion,1,20.77675404191447,-15.009305325861652,0.10973345824050078,1.9350317016245684,0.43977532140234665,0.7284347610674059,1.2599328437662272,-0.0005329188784229423,1.26046576264465,0.0
975,19.5,idle,locomotion,1,20.79294124049363,-15.02212036925568,0.10973345824050078,1.9350255047756286,0.4397793841838555,0.7284352260929405,1.2599334946247245,-0.0005329716640269828,1.2604664662887515,0.0
976,19.52,idle,locomotion,1,20.80912843907279,-15.034935412649707,0.10973345824050078,1.93501931649841,0.4397834501954348,0.7284356930379328,1.2599341474987054,-0.0005330244097937059,1.260467171908499,0.0
977,19.54,idle,locomotion,1,20.82531563765195,-15.047750456043735,0.10973345824050078,1.935013137441392,0.4397875188068995,0.72843616213999,1.259934802816318,-0.0005330772730539612,1.2604678800893718,0.0
978,19.56,idle,locomotion,1,20.84150283623111,-15.060565499437763,0.10973345824050078,1.9350069674265653,0.43979158846182737,0.7284366339604212,1.2599354612942204,-0.0005331396078672619,1.2604686009020876,0.0
979,19.58,idle,locomotion,1,20.857690034810272,-15.07338054283179,0.10973345824050078,1.9350008064377846,0.4397956602174484,0.7284371077633944,1.2599361220327903,-0.0005332161334488383,1.260469338166239,0.0
980,19.6,idle,locomotion,1,20.873877233389432,-15.086195586225818,0.10973345824050078,1.9349946543870766,0.4397997353426226,0.7284375828649756,1.2599367840869242,-0.0005332925087700689,1.2604700765956942,0.0
981,19.62,idle,locomotion,1,20.890064431968593,-15.099010629619846,0.10973345824050078,1.9349885119762429,0.4398038143314371,0.7284380602027382,1.259937448398027,-0.0005333688272125443,1.2604708172252395,0.0
982,19.64,idle,locomotion,1,20.906251630547754,-15.111825673013874,0.10973345824050078,1.9349823804220978,0.4398078962408916,0.72843853950585,1.259938115150716,-0.0005334451188334366,1.2604715602695495,0.0
983,19.66,idle,locomotion,1,20.922438829126914,-15.124640716407901,0.10973345824050078,1.9349762587707882,0.43981198015274137,0.7284390199906644,1.2599387836378524,-0.0005335213819195016,1.260472305019772,0.0
984,19.68,idle,locomotion,1,20.938626027706075,-15.137455759801929,0.10973345824050078,1.9349701459729727,0.4398160671284407,0.7284395021665485,1.2599394540071354,-0.0005335975629245544,1.26047305157006,0.0
985,19.7,idle,locomotion,1,20.954813226285236,-15.150270803195957,0.10973345824050078,1.9349640417774052,0.43982015653263945,0.7284399864466086,1.2599401267376216,-0.0005336739141329587,1.2604738006517546,0.0
986,19.72,idle,locomotion,1,20.971000424864396,-15.163085846589984,0.10973345824050078,1.9349579464928495,0.4398242486805026,0.7284404729478803,1.2599408019239557,-0.0005337501456531626,1.260474552069609,0.0
987,19.74,idle,locomotion,1,20.987187623443557,-15.175900889984012,0.10973345824050078,1.9349518609785787,0.43982834408034077,0.7284409610732013,1.2599414789795085,-0.0005338261992511688,1.2604753051787596,0.0
988,19.76,idle,locomotion,1,21.003374822022717,-15.18871593337804,0.10973345824050078,1.9349457855969594,0.4398324430637916,0.728441450912819,1.25994215801414,-0.0005339021509314576,1.2604760601650713,0.0
989,19.78,idle,locomotion,1,21.019562020601878,-15.201530976772068,0.10973345824050078,1.9349397199302447,0.43983654550115137,0.7284419416798772,1.2599428383608415,-0.0005339780807881375,1.2604768164416296,0.0
990,19.8,idle,locomotion,1,21.03574921918104,-15.214346020166095,0.10973345824050078,1.9349336629030232,0.4398406518884985,0.7284424331336813,1.2599435195879791,-0.0005340539015861109,1.2604775734895652,0.0
991,19.82,idle,locomotion,1,21.0519364177602,-15.227161063560123,0.10973345824050078,1.9349276139387463,0.43984476180760956,0.7284429267158916,1.2599442030560097,-0.0005341297818367841,1.2604783328378466,0.0
992,19.84,idle,locomotion,1,21.06812361633936,-15.23997610695415,0.10973345824050078,1.9349215732304108,0.4398488757462821,0.7284434231161592,1.2599448894662308,-0.0005342055884960464,1.2604790950547269,0.0
993,19.86,idle,locomotion,1,21.08431081491852,-15.252791150348179,0.10973345824050078,1.9349155414767985,0.4398529928974199,0.7284439227218273,1.2599455794076233,-0.0005342814715762756,1.2604798608791996,0.0
994,19.88,idle,locomotion,1,21.10049801349768,-15.265606193742206,0.10973345824050078,1.9349095186759913,0.4398571131000413,0.7284444247160244,1.2599462721812258,-0.0005343573763008577,1.2604806295575266,0.0
995,19.9,idle,locomotion,1,21.116685212076842,-15.278421237136234,0.10973345824050078,1.9349035046765348,0.4398612370428772,0.7284449286298921,1.259946967145004,-0.0005344333150534737,1.2604814004600575,0.0
996,19.92,idle,locomotion,1,21.132872410656002,-15.291236280530262,0.10973345824050078,1.9348974991687466,0.43986536422226313,0.7284454341968235,1.2599476641029514,-0.0005345093818914654,1.2604821734848428,0.0
997,19.94,idle,locomotion,1,21.149059609235163,-15.30405132392429,0.10973345824050078,1.934891501871306,0.4398694950170528,0.7284459417642809,1.2599483633068558,-0.0005345852872235234,1.2604829485940794,0.0
998,19.96,idle,locomotion,1,21.165246807814324,-15.316866367318317,0.10973345824050078,1.934885513043716,0.4398736282393831,0.7284464520728141,1.2599490656425156,-0.0005346613480257528,1.2604837269905413,0.0
999,19.98,idle,locomotion,1,21.181434006393484,-15.329681410712345,0.10973345824050078,1.9348795332453381,0.43987776359261105,0.7284469647752152,1.259949770928491,-0.0005347372592097929,1.2604845081877007,0.0
1000,20.0,idle,locomotion,1,21.197621204972645,-15.342496454106373,0.10973345824050078,1.934873562313256,0.43988190177393977,0.7284474786507491,1.2599504778269592,-0.0005348131060844107,1.2604852909330437,0.0
1001,20.02,idle,locomotion,1,21.213808403551806,-15.3553114975004,0.10973345824050078,1.9348675997486275,0.43988604333011505,0.7284479944913868,1.2599511869005948,-0.0005348887959614537,1.2604860756965564,0.0
1002,20.04,idle,locomotion,1,21.229995602130966,-15.368126540894428,0.10973345824050078,1.9348616452377727,0.43989018865408774,0.728448511841793,1.2599518977355384,-0.0005349643752157983,1.2604868621107541,0.0
1003,20.06,idle,locomotion,1,21.246182800710127,-15.380941584288456,0.10973345824050078,1.9348556978201426,0.4398943373219612,0.728449030366103,1.2599526098958216,-0.000535040053316102,1.2604876499491378,0.0
1004,20.08,idle,locomotion,1,21.262369999289287,-15.393756627682484,0.10973345824050078,1.9348497577365875,0.43989848899261025,0.7284495517054396,1.2599533249536092,-0.000535115801146728,1.2604884407547559,0.0
1005,20.1,idle,locomotion,1,21.278557197868448,-15.406571671076511,0.10973345824050078,1.9348438263211118,0.439902643418702,0.7284500759223347,1.2599540432706953,-0.0005351914426957594,1.2604892347133911,0.0
1006,20.12,idle,locomotion,1,21.29474439644761,-15.419386714470539,0.10973345824050078,1.9348379033766858,0.43990680089760126,0.7284506019287916,1.25995476379151,-0.0005352669220093052,1.2604900307135194,0.0
1007,20.14,idle,locomotion,1,21.31093159502677,-15.432201757864567,0.10973345824050078,1.9348319881858569,0.4399109611984978,0.7284511291575484,1.2599554858518984,-0.0005353424290152099,1.2604908282809137,0.0
1008,20.16,idle,locomotion,1,21.32711879360593,-15.445016801258594,0.10973345824050078,1.9348260800262633,0.4399151249601817,0.7284516576000869,1.2599562092463994,-0.0005354177988371109,1.2604916270452364,0.0
1009,20.18,idle,locomotion,1,21.34330599218509,-15.457831844652622,0.10973345824050078,1.934820179266658,0.43991929197336127,0.7284521884589271,1.2599569351729754,-0.0005354933054010046,1.2604924284783763,0.0
1010,20.2,idle,locomotion,1,21.35949319076425,-15.47064688804665,0.10973345824050078,1.9348142864670528,0.43992346216683226,0.7284527215251848,1.2599576636176717,-0.0005355686173311273,1.2604932322350029,0.0
1011,20.22,idle,locomotion,1,21.37568038934341,-15.483461931440678,0.10973345824050078,1.9348084018486469,0.439927635392443,0.7284532568260002,1.259958394645535,-0.0005356439586280022,1.260494038604163,0.0
1012,20.24,idle,locomotion,1,21.391867587922572,-15.496276974834705,0.10973345824050078,1.9348025256359596,0.4399318113136957,0.7284537943765799,1.259959128420305,-0.0005357192598783381,1.2604948476801834,0.0
1013,20.26,idle,locomotion,1,21.408054786501733,-15.509092018228733,0.10973345824050078,1.9347966577936289,0.43993599180452503,0.728454333461232,1.2599598639521385,-0.0005357958035747679,1.2604956597557133,0.0
1014,20.28,idle,locomotion,1,21.424241985080894,-15.52190706162276,0.10973345824050078,1.934790797699081,0.43994017641986355,0.728454874380633,1.2599606014938831,-0.0005358729054936277,1.2604964743993767,0.0
1015,20.3,idle,locomotion,1,21.440429183660054,-15.534722105016789,0.10973345824050078,1.9347849446882288,0.43994436366893613,0.7284554180483692,1.2599613421337876,-0.0005359502535005334,1.2604972923872881,0.0
1016,20.32,idle,locomotion,1,21.456616382239215,-15.547537148410816,0.10973345824050078,1.9347790994838716,0.43994855343164296,0.7284559647116405,1.2599620862411967,-0.000536027554238417,1.260498113795435,0.0
1017,20.34,idle,locomotion,1,21.472803580818375,-15.560352191804844,0.10973345824050078,1.934773262043971,0.43995274693595504,0.7284565134256284,1.259962832712073,-0.0005361045295302035,1.2604989372416033,0.0
1018,20.36,idle,locomotion,1,21.488990779397536,-15.573167235198872,0.10973345824050078,1.9347674318433472,0.43995694402027274,0.7284570646765003,1.2599635818640336,-0.000536181639297497,1.260499763503331,0.0
1019,20.38,idle,locomotion,1,21.505177977976697,-15.5859822785929,0.10973345824050078,1.9347616085377901,0.43996114458813834,0.7284576182841954,1.2599643335564576,-0.0005362586727263828,1.260500592229184,0.0
1020,20.4,idle,locomotion,1,21.521365176555857,-15.598797321986927,0.10973345824050078,1.9347557922120024,0.4399653490598048,0.728458173909815,1.259965087318194,-0.0005363356185249107,1.2605014229367189,0.0
1021,20.42,idle,locomotion,1,21.537552375135018,-15.611612365380955,0.10973345824050078,1.9347499832545023,0.4399695566795854,0.728458733014333,1.2599658446884958,-0.000536412475322403,1.2605022571638183,0.0
1022,20.44,idle,locomotion,1,21.55373957371418,-15.624427408774983,0.10973345824050078,1.9347441819733215,0.4399737669484439,0.7284592949930795,1.25996660520903,-0.0005364891566740811,1.260503094365704,0.0
1023,20.46,idle,locomotion,1,21.56992677229334,-15.63724245216901,0.10973345824050078,1.9347383884802787,0.4399779793796479,0.7284598596895405,1.259967368711917,-0.0005365657615185385,1.2605039344734357,0.0
1024,20.48,idle,locomotion,1,21.5861139708725,-15.650057495563038,0.10973345824050078,1.9347326019775954,0.4399821921959691,0.7284604271918453,1.2599681354604095,-0.0005366424261142762,1.2605047778865237,0.0
1025,20.5,idle,locomotion,1,21.60230116945166,-15.662872538957066,0.10973345824050078,1.9347268219888958,0.4399864060782389,0.7284609964929116,1.2599689042849878,-0.000536718915385332,1.260505623200373,0.0
1026,20.52,idle,locomotion,1,21.61848836803082,-15.675687582351093,0.10973345824050078,1.9347210482856783,0.4399906210220853,0.7284615666823382,1.2599696742537176,-0.0005367954467726983,1.2605064697004904,0.0
1027,20.54,idle,locomotion,1,21.63467556660998,-15.688502625745121,0.10973345824050078,1.9347152799471967,0.4399948361253292,0.7284621389799989,1.2599704465662958,-0.0005368719870370194,1.2605073185533329,0.0
1028,20.56,idle,locomotion,1,21.650862765189142,-15.701317669139149,0.10973345824050078,1.93470951660544,0.43999905080758234,0.7284627137099504,1.2599712216249825,-0.0005369485302448608,1.2605081701552274,0.0
1029,20.58,idle,locomotion,1,21.667049963768303,-15.714132712533177,0.10973345824050078,1.9347037581236686,0.44000326419346525,0.7284632907646964,1.259971999379366,-0.0005370251827001189,1.2605090245620663,0.0
1030,20.6,idle,locomotion,1,21.683237162347464,-15.726947755927204,0.10973345824050078,1.9346980048135811,0.44000747576263716,0.7284638718329886,1.259972781466416,-0.0005371018514043271,1.2605098833178203,0.0
1031,20.62,idle,locomotion,1,21.699424360926624,-15.739762799321232,0.10973345824050078,1.9346922571470195,0.4400116865076248,0.7284644555120694,1.2599735664773575,-0.0005371782385201196,1.2605107447158777,0.0
1032,20.64,idle,locomotion,1,21.715611559505785,-15.75257784271526,0.10973345824050078,1.934686515351749,0.44001589735458135,0.7284650404261492,1.2599743528507155,-0.0005372545102009796,1.2605116073609164,0.0
1033,20.66,idle,locomotion,1,21.731798758084945,-15.765392886109288,0.10973345824050078,1.934680778944627,0.4400201065350145,0.7284656275447818,1.259975141744104,-0.0005373310345113298,1.2605124727786154,0.0
1034,20.68,idle,locomotion,1,21.747985956664106,-15.778207929503315,0.10973345824050078,1.93467504793883,0.44002431424124694,0.7284662176475544,1.2599759339321368,-0.0005374074145615589,1.2605133413466985,0.0
1035,20.7,idle,locomotion,1,21.764173155243267,-15.791022972897343,0.10973345824050078,1.9346693220937026,0.44002852024953154,0.7284668105873843,1.2599767292882573,-0.0005374838846295693,1.2605142131728868,0.0
1036,20.72,idle,locomotion,1,21.780360353822427,-15.80383801629137,0.10973345824050078,1.9346636018232228,0.44003272483198475,0.7284674068424228,1.2599775282465975,-0.0005375604082986721,1.2605150886548961,0.0
1037,20.74,idle,locomotion,1,21.796547552401588,-15.816653059685398,0.10973345824050078,1.934657887368758,0.44003692840608355,0.7284680052795599,1.2599783297073972,-0.0005376366616472034,1.2605159663690444,0.0
1038,20.76,idle,locomotion,1,21.81273475098075,-15.829468103079426,0.10973345824050078,1.9346521782871526,0.44004113106047016,0.7284686067887235,1.2599791343643076,-0.0005377129181753856,1.260516847282483,0.0
1039,20.78,idle,locomotion,1,21.82892194955991,-15.842283146473454,0.10973345824050078,1.9346464747163548,0.4400453328675925,0.7284692113626854,1.2599799423834919,-0.0005377892421151373,1.260517731625607,0.0
1040,20.8,idle,locomotion,1,21.84510914813907,-15.855098189867482,0.10973345824050078,1.9346407765647555,0.4400495329844183,0.7284698204988955,1.2599807553364242,-0.0005378657166780244,1.2605186210531023,0.0
1041,20.82,idle,locomotion,1,21.86129634671823,-15.86791323326151,0.10973345824050078,1.9346350843595168,0.4400537324864287,0.728470433977259,1.2599815729546788,-0.0005379419524861352,1.260519514907165,0.0
1042,20.84,idle,locomotion,1,21.87748354529739,-15.880728276655537,0.10973345824050078,1.9346293990757855,0.44005793096663476,0.7284710509313481,1.2599823945079687,-0.0005380180409259756,1.2605204125488947,0.0
1043,20.86,idle,locomotion,1,21.89367074387655,-15.893543320049565,0.10973345824050078,1.934623718679494,0.44006212001860767,0.7284716727642296,1.2599832219130471,-0.0005380940200243114,1.2605213159330715,0.0
1044,20.88,idle,locomotion,1,21.909857942455712,-15.906358363443593,0.10973345824050078,1.9346180417854897,0.44006629629165955,0.7284723030525188,1.25998405836155,-0.0005381698784673872,1.2605222282400175,0.0
1045,20.9,idle,locomotion,1,21.926045141034873,-15.91917340683762,0.10973345824050078,1.934612367328577,0.44007045680880297,0.7284729427151384,1.2599849049007759,-0.0005382457261389473,1.2605231506269148,0.0
1046,20.92,idle,locomotion,1,21.942232339614034,-15.931988450231648,0.10973345824050078,1.9346066940724111,0.44007459954530204,0.728473591902591,1.2599857617662937,-0.0005383218979945897,1.2605240836642884,0.0
1047,20.94,idle,locomotion,1,21.958419538193194,-15.944803493625676,0.10973345824050078,1.9346010207509228,0.4400787210225463,0.7284742511427841,1.2599866291848343,-0.0005383978117297974,1.260525026996564,0.0
1048,20.96,idle,locomotion,1,21.974606736772355,-15.957618537019703,0.10973345824050078,1.934595346970758,0.4400828197679519,0.7284749217514149,1.259987508384045,-0.0005384737559712346,1.2605259821400163,0.0
1049,20.98,idle,locomotion,1,21.990793935351515,-15.970433580413731,0.10973345824050078,1.9345896723771914,0.4400868948186771,0.7284756002071104,1.2599883960243365,-0.0005385497842092662,1.2605269458085457,0.0
1050,21.0,idle,locomotion,1,22.006981133930676,-15.983248623807759,0.10973345824050078,1.9345839963616878,0.4400909469384395,0.7284762835491233,1.2599892889095599,-0.0005386260009097726,1.2605279149104696,0.0
1051,21.02,idle,locomotion,1,22.023168332509837,-15.996063667201787,0.10973345824050078,1.9345783176969373,0.4400949734120598,0.7284769741398466,1.259990189281413,-0.0005387024391204018,1.2605288917205333,0.0
1052,21.04,idle,locomotion,1,22.039355531088997,-16.008878710595816,0.10973345824050078,1.9345726356810078,0.44009897348039634,0.72847767221534,1.2599910974453041,-0.00053877884562617,1.2605298762909303,0.0
1053,21.06,idle,locomotion,1,22.055542729668158,-16.021693753989844,0.10973345824050078,1.9345669502397982,0.4401029468035474,0.7284783763846624,1.259992012270516,-0.0005388555959037512,1.2605308678664198,0.0
1054,21.08,idle,locomotion,1,22.07172992824732,-16.03450879738387,0.10973345824050078,1.9345612602259474,0.44010689382779167,0.7284790847387,1.2599929314806213,-0.0005389321019924793,1.2605318635826137,0.0
1055,21.1,idle,locomotion,1,22.08791712682648,-16.0473238407779,0.10973345824050078,1.9345555652719009,0.4401108128037051,0.7284797985946825,1.259993856164641,-0.000539008383773916,1.260532864548415,0.0
1056,21.12,idle,locomotion,1,22.10410432540564,-16.060138884171927,0.10973345824050078,1.934549865253977,0.4401147005190211,0.7284805174795215,1.2599947863943473,-0.0005390846888596312,1.2605338710832068,0.0
1057,21.14,idle,locomotion,1,22.1202915239848,-16.072953927565955,0.10973345824050078,1.9345441582022094,0.4401185567977339,0.72848124077755,1.2599957213832527,-0.0005391613631659277,1.2605348827464187,0.0
1058,21.16,idle,locomotion,1,22.13647872256396,-16.085768970959982,0.10973345824050078,1.9345384438604705,0.4401223805875097,0.7284819696996752,1.2599966622364784,-0.0005392384041155614,1.260535900640594,0.0
1059,21.18,idle,locomotion,1,22.15266592114312,-16.09858401435401,0.10973345824050078,1.9345327213936572,0.4401261725311808,0.7284827025594448,1.2599976076664603,-0.0005393156502864968,1.2605369233167467,0.0
1060,21.2,idle,locomotion,1,22.168853119722282,-16.111399057748038,0.10973345824050078,1.9345269902670763,0.4401299331196069,0.7284834393156115,1.2599985567355412,-0.0005393926883902923,1.2605379494239315,0.0
1061,21.22,idle,locomotion,1,22.185040318301443,-16.124214101142066,0.10973345824050078,1.9345212501265514,0.44013366310553986,0.72848418010641,1.259999510252026,-0.0005394701421871755,1.2605389803942133,0.0
1062,21.24,idle,locomotion,1,22.201227516880603,-16.137029144536093,0.10973345824050078,1.9345155010954933,0.4401373638890649,0.728484922095958,1.2600004646635388,-0.0005395474976156861,1.2605400121611545,0.0
1063,21.26,idle,locomotion,1,22.217414715459764,-16.14984418793012,0.10973345824050078,1.9345097434273688,0.44014103381427866,0.7284856673508151,1.260001422650147,-0.0005396249232221227,1.2605410475733692,0.0
1064,21.28,idle,locomotion,1,22.233601914038925,-16.16265923132415,0.10973345824050078,1.93450397575617,0.44014467300741755,0.7284864165181517,1.2600023845493438,-0.000539702422025376,1.260542086971369,0.0
1065,21.3,idle,locomotion,1,22.249789112618085,-16.175474274718177,0.10973345824050078,1.9344981979616886,0.4401482815767361,0.7284871695781222,1.260003350657066,-0.0005397801667005181,1.2605431308237665,0.0
1066,21.32,idle,locomotion,1,22.265976311197246,-16.188289318112204,0.10973345824050078,1.9344924097526561,0.4401518619213898,0.7284879237354696,1.2600043177408407,-0.0005398578231259644,1.2605441755639666,0.0
1067,21.34,idle,locomotion,1,22.282163509776407,-16.201104361506232,0.10973345824050078,1.9344866111105756,0.44015541408820913,0.7284886798177068,1.26000528689797,-0.0005399359397592687,1.2605452228377294,0.0
1068,21.36,idle,locomotion,1,22.298350708355567,-16.21391940490026,0.10973345824050078,1.9344808028015545,0.4401589396737687,0.7284894377051363,1.2600062578288327,-0.0005400147089568118,1.2605462725377894,0.0
1069,21.38,idle,locomotion,1,22.314537906934728,-16.226734448294287,0.10973345824050078,1.9344749848018359,0.4401624389225437,0.7284901974878416,1.260007230903937,-0.0005400948093625194,1.2605473257132995,0.0
1070,21.4,idle,locomotion,1,22.33072510551389,-16.239549491688315,0.10973345824050078,1.9344691568202577,0.44016591438529123,0.7284909610615941,1.260008207594453,-0.0005401774514306769,1.2605483850458836,0.0
1071,21.42,idle,locomotion,1,22.34691230409305,-16.252364535082343,0.10973345824050078,1.9344633214811942,0.4401693729133775,0.7284917246613969,1.2600091842125687,-0.0005402611960769639,1.2605494454086457,0.0
1072,21.44,idle,locomotion,1,22.36309950267221,-16.26517957847637,0.10973345824050078,1.93445748112458,0.4401728189941134,0.7284924873839769,1.2600101596825204,-0.0005403455274677858,1.2605505052099881,0.0
1073,21.46,idle,locomotion,1,22.37928670125137,-16.2779946218704,0.10973345824050078,1.934451637013529,0.4401762575438826,0.7284932452792544,1.2600111301975354,-0.0005404296917145592,1.26055155988925,0.0
1074,21.48,idle,locomotion,1,22.39547389983053,-16.290809665264426,0.10973345824050078,1.9344457895691893,0.4401796918085397,0.7284939987974961,1.260012095747469,-0.0005405142252461401,1.2605526099727151,0.0
1075,21.5,idle,locomotion,1,22.41166109840969,-16.303624708658454,0.10973345824050078,1.9344399395421117,0.4401831241970213,0.7284947504420859,1.2600130590722627,-0.0005405989950321224,1.260553658067295,0.0
1076,21.52,idle,locomotion,1,22.427848296988852,-16.31643975205248,0.10973345824050078,1.9344340889070029,0.440186557155878,0.7284955024432832,1.2600140225380276,-0.0005406840537089987,1.2605547065917366,0.0
1077,21.54,idle,locomotion,1,22.444035495568013,-16.32925479544651,0.10973345824050078,1.9344282396694088,0.44018999368758166,0.7284962565272662,1.2600149881062008,-0.0005407691227774652,1.2605557572289783,0.0
1078,21.56,idle,locomotion,1,22.460222694147173,-16.342069838840537,0.10973345824050078,1.934422394331078,0.44019343725667776,0.7284970146944715,1.260015957743334,-0.0005408542657481773,1.2605568120090822,0.0
1079,21.58,idle,locomotion,1,22.476409892726334,-16.354884882234565,0.10973345824050078,1.9344165565763654,0.4401968919720027,0.7284977775237103,1.2600169322093695,-0.0005409390776137217,1.2605578712869832,0.0
1080,21.6,idle,locomotion,1,22.492597091305495,-16.367699925628592,0.10973345824050078,1.9344107286766166,0.4402003618319434,0.7284985427659697,1.2600179092502617,-0.0005410234406183038,1.26055893269088,0.0
1081,21.62,idle,locomotion,1,22.508784289884655,-16.38051496902262,0.10973345824050078,1.9344049113479804,0.44020384955681174,0.7284993102940761,1.2600188884839738,-0.0005411076310418081,1.2605599961150156,0.0
1082,21.64,idle,locomotion,1,22.524971488463816,-16.393330012416648,0.10973345824050078,1.9343991053398066,0.44020735595848154,0.7285000833041742,1.2600198731581616,-0.0005411920859146567,1.2605610652440762,0.0
1083,21.66,idle,locomotion,1,22.541158687042977,-16.406145055810676,0.10973345824050078,1.934393313086073,0.440210883721396,0.7285008625224068,1.2600208642187882,-0.0005412763182137056,1.260562140537002,0.0
1084,21.68,idle,locomotion,1,22.557345885622137,-16.418960099204703,0.10973345824050078,1.9343875372620147,0.44021443438454694,0.7285016476239546,1.2600218615169059,-0.0005413603257693883,1.2605632218426752,0.0
1085,21.7,idle,locomotion,1,22.573533084201298,-16.43177514259873,0.10973345824050078,1.9343817793986722,0.44021800491077917,0.7285024403854982,1.260022867473234,-0.000541444081718287,1.2605643115549523,0.0
1086,21.72,idle,locomotion,1,22.58972028278046,-16.44459018599276,0.10973345824050078,1.9343760394237408,0.44022159572515235,0.7285032455086778,1.2600238863192883,-0.0005415277982109175,1.2605654141174991,0.0
1087,21.74,idle,locomotion,1,22.60590748135962,-16.457405229386787,0.10973345824050078,1.9343703184978374,0.44022520706576473,0.7285040623354582,1.2600249178154923,-0.0005416108263288019,1.260566528641821,0.0
1088,21.76,idle,locomotion,1,22.62209467993878,-16.470220272780814,0.10973345824050078,1.9343646160484056,0.4402288378432591,0.7285048911287606,1.2600259619113903,-0.0005416938169134737,1.2605676557283036,0.0
1089,21.78,idle,locomotion,1,22.63828187851794,-16.483035316174842,0.10973345824050078,1.9343589328567865,0.4402324871803077,0.7285057325950277,1.26002701955843,-0.0005417765396194575,1.2605687960980494,0.0
1090,21.8,idle,locomotion,1,22.6544690770971,-16.49585035956887,0.10973345824050078,1.9343532677439266,0.44023615375686354,0.7285065835882496,1.2600280874503855,-0.0005418586960624118,1.260569946146448,0.0
1091,21.82,idle,locomotion,1,22.67065627567626,-16.508665402962897,0.10973345824050078,1.9343476197600602,0.44023983489572427,0.7285074439786434,1.2600291653218734,-0.0005419408485473204,1.2605711061704208,0.0
1092,21.84,idle,locomotion,1,22.686843474255422,-16.521480446356925,0.10973345824050078,1.9343419884940651,0.44024352833449426,0.7285083143153168,1.260030253931294,-0.0005420228917231706,1.2605722768230172,0.0
1093,21.86,idle,locomotion,1,22.703030672834583,-16.534295489750953,0.10973345824050078,1.9343363725255664,0.44024723223179996,0.7285091936998669,1.2600313522418534,-0.0005421049235003819,1.2605734571653537,0.0
1094,21.88,idle,locomotion,1,22.719217871413743,-16.54711053314498,0.10973345824050078,1.93433077026799,0.44025094578867585,0.728510081547292,1.2600324593745136,-0.0005421870949882147,1.2605746464695018,0.0
1095,21.9,idle,locomotion,1,22.735405069992904,-16.55992557653901,0.10973345824050078,1.9343251820417373,0.44025466815309805,0.7285109780246153,1.2600335758141645,-0.0005422697811212907,1.2605758455952858,0.0
1096,21.92,idle,locomotion,1,22.751592268572065,-16.572740619933036,0.10973345824050078,1.9343196069084196,0.4402584004992746,0.728511881031459,1.260034699191423,-0.000542351863667679,1.2605770510550907,0.0
1097,21.94,idle,locomotion,1,22.767779467151225,-16.585555663327064,0.10973345824050078,1.9343140450265166,0.4402621400221267,0.728512788991833,1.2600358278487076,-0.0005424334978551409,1.2605782613465628,0.0
1098,21.96,idle,locomotion,1,22.783966665730386,-16.59837070672109,0.10973345824050078,1.9343084937487638,0.44026588228683394,0.7285137035917768,1.2600369638051545,-0.0005425155638863789,1.2605794793690408,0.0
1099,21.98,idle,locomotion,1,22.800153864309546,-16.61118575011512,0.10973345824050078,1.9343029520404846,0.4402696285897984,0.7285146242191043,1.260038106382779,-0.0005425980040361204,1.2605807043868151,0.0
1100,22.0,idle,locomotion,1,22.816341062888707,-16.624000793509147,0.10973345824050078,1.934297419586465,0.44027337991188253,0.7285155487100398,1.2600392532325646,-0.0005426802270783217,1.2605819334596429,0.0
1101,22.02,idle,locomotion,1,22.832528261467868,-16.636815836903175,0.10973345824050078,1.9342918953726957,0.4402771362446691,0.7285164757273939,1.2600404030979098,-0.0005427625541336092,1.2605831656520434,0.0
1102,22.04,idle,locomotion,1,22.84871546004703,-16.649630880297202,0.10973345824050078,1.9342863779954018,0.4402808930923182,0.7285174092970506,1.2600415597032317,-0.0005428443642745036,1.2605844040675063,0.0
1103,22.06,idle,locomotion,1,22.86490265862619,-16.66244592369123,0.10973345824050078,1.9342808664109858,0.44028464651481086,0.7285183493089754,1.2600427236228071,-0.0005429263073898488,1.260585649930197,0.0
1104,22.08,idle,locomotion,1,22.88108985720535,-16.675260967085258,0.10973345824050078,1.9342753596362077,0.44028839604963305,0.7285192960399303,1.2600438947690362,-0.0005430086166378877,1.260586903385674,0.0
1105,22.1,idle,locomotion,1,22.89727705578451,-16.688076010479286,0.10973345824050078,1.934269857170916,0.44029214211516876,0.7285202481525407,1.2600450719137835,-0.0005430910313233596,1.2605881629451068,0.0
1106,22.12,idle,locomotion,1,22.91346425436367,-16.700891053873313,0.10973345824050078,1.934264358764348,0.4402958847413607,0.7285212071405073,1.2600462562103607,-0.0005431735844693385,1.2605894297948301,0.0
1107,22.14,idle,locomotion,1,22.92965145294283,-16.71370609726734,0.10973345824050078,1.9342588640877685,0.44029962286438185,0.7285221734142917,1.260047448213585,-0.0005432559872068712,1.260590704200792,0.0
1108,22.16,idle,locomotion,1,22.945838651521992,-16.72652114066137,0.10973345824050078,1.9342533725450055,0.44030335496514966,0.7285231443154817,1.2600486451815764,-0.0005433380066858125,1.2605919831882622,0.0
1109,22.18,idle,locomotion,1,22.962025850101153,-16.739336184055396,0.10973345824050078,1.9342478830432994,0.44030707930600943,0.7285241190649374,1.26004984633054,-0.000543420487625932,1.260593266818166,0.0
1110,22.2,idle,locomotion,1,22.978213048680313,-16.752151227449424,0.10973345824050078,1.9342423949132102,0.4403107970651043,0.7285250979336533,1.260051051970438,-0.0005435034483781583,1.260594555418816,0.0
1111,22.22,idle,locomotion,1,22.994400247259474,-16.764966270843452,0.10973345824050078,1.9342369082776796,0.4403145069819331,0.7285260851361378,1.260052266121377,-0.0005435864109943137,1.2605958525323715,0.0
1112,22.24,idle,locomotion,1,23.010587445838635,-16.77778131423748,0.10973345824050078,1.9342314226999116,0.4403182082403602,0.7285270759309485,1.260053484481993,-0.000543668778428253,1.2605971532604212,0.0
1113,22.26,idle,locomotion,1,23.026774644417795,-16.790596357631507,0.10973345824050078,1.9342259365109609,0.44032190273746685,0.7285280685564279,1.260054704746393,-0.0005437520406054025,1.2605984567869983,0.0
1114,22.28,idle,locomotion,1,23.042961842996956,-16.803411401025535,0.10973345824050078,1.9342204496493112,0.44032559330818205,0.728529065637552,1.2600559294925446,-0.0005438357739260893,1.2605997652664707,0.0
1115,22.3,idle,locomotion,1,23.059149041576116,-16.816226444419563,0.10973345824050078,1.9342149627482612,0.4403292809083649,0.7285300670240237,1.2600571585727698,-0.0005439192538899337,1.2606010778266596,0.0
1116,22.32,idle,locomotion,1,23.075336240155277,-16.82904148781359,0.10973345824050078,1.9342094760362376,0.4403329654095956,0.728531073287275,1.2600583927435969,-0.0005440027765144344,1.2606023955201113,0.0
1117,22.34,idle,locomotion,1,23.091523438734438,-16.84185653120762,0.10973345824050078,1.934203989503559,0.44033664552545243,0.7285320874285341,1.2600596351988829,-0.0005440863693926754,1.2606037215682755,0.0
1118,22.36,idle,locomotion,1,23.1077106373136,-16.854671574601646,0.10973345824050078,1.9341985025784876,0.4403403215330972,0.7285331100094088,1.26006088652399,-0.0005441698493512427,1.2606050563733413,0.0
1119,22.38,idle,locomotion,1,23.12389783589276,-16.867486617995674,0.10973345824050078,1.9341930152296387,0.44034399342812214,0.7285341410684574,1.2600621466139812,-0.00054425330651681,1.260606399920498,0.0
1120,22.4,idle,locomotion,1,23.14008503447192,-16.8803016613897,0.10973345824050078,1.9341875282029786,0.44034766025841937,0.7285351813089929,1.2600634164731817,-0.0005443369051492918,1.2606077533783309,0.0
1121,22.42,idle,locomotion,1,23.15627223305108,-16.89311670478373,0.10973345824050078,1.9341820413650106,0.44035132384157716,0.728536227416083,1.2600646926107975,-0.0005444199783848844,1.2606091125891823,0.0
1122,22.44,idle,locomotion,1,23.17245943163024,-16.905931748177757,0.10973345824050078,1.9341765545733367,0.44035498336748735,0.7285372791773026,1.2600659746034093,-0.0005445031851516145,1.260610477788561,0.0
1123,22.46,idle,locomotion,1,23.1886466302094,-16.918746791571785,0.10973345824050078,1.9341710673373866,0.44035863769379785,0.7285383377397697,1.2600672638639865,-0.0005445864364903366,1.2606118503004768,0.0
1124,22.48,idle,locomotion,1,23.204833828788562,-16.931561834965812,0.10973345824050078,1.9341655786130985,0.44036228840951014,0.7285394026933765,1.260068559620943,-0.0005446700628157844,1.2606132296837589,0.0
1125,22.5,idle,locomotion,1,23.221021027367723,-16.94437687835984,0.10973345824050078,1.934160089359991,0.4403659398311848,0.7285404724366904,1.260069860104498,-0.0005447539191303953,1.2606146140236283,0.0
1126,22.52,idle,locomotion,1,23.237208225946883,-16.957191921753868,0.10973345824050078,1.9341546017045566,0.44036959699172645,0.7285415427220104,1.2600711610696669,-0.000544837636739133,1.260615998706406,0.0
1127,22.54,idle,locomotion,1,23.253395424526044,-16.970006965147896,0.10973345824050078,1.9341491174326129,0.44037326221873135,0.7285426127710234,1.2600724617632184,-0.0005449216474302868,1.2606173834106487,0.0
1128,22.56,idle,locomotion,1,23.269582623105205,-16.982822008541923,0.10973345824050078,1.9341436365932438,0.44037693834101405,0.7285436837535686,1.2600737634279813,-0.0005450056704504255,1.2606187690984316,0.0
1129,22.58,idle,locomotion,1,23.285769821684365,-16.99563705193595,0.10973345824050078,1.9341381595377518,0.440380628961868,0.7285447550304059,1.26007506527069,-0.0005450897057024187,1.2606201549763925,0.0
1130,22.6,idle,locomotion,1,23.301957020263526,-17.00845209532998,0.10973345824050078,1.9341326867654347,0.44038433690682594,0.7285458261356411,1.2600763668232442,-0.0005451737759652533,1.2606215405992094,0.0
1131,22.62,idle,locomotion,1,23.318144218842686,-17.021267138724006,0.10973345824050078,1.9341272199926547,0.44038806331634134,0.7285469003957457,1.2600776716150266,-0.0005452583206605743,1.2606229299356873,0.0
1132,22.64,idle,locomotion,1,23.334331417421847,-17.034082182118034,0.10973345824050078,1.9341217602580187,0.4403918107372181,0.7285479783176569,1.2600789805011776,-0.0005453425334995508,1.2606243230346772,0.0
1133,22.66,idle,locomotion,1,23.350518616001008,-17.046897225512062,0.10973345824050078,1.9341163082829944,0.4403955818665751,0.7285490598267234,1.2600802931760569,-0.0005454266451213191,1.260625719821178,0.0
1134,22.68,idle,locomotion,1,23.36670581458017,-17.05971226890609,0.10973345824050078,1.93411086521377,0.4403993792550621,0.7285501451023084,1.2600816098005563,-0.0005455104569960859,1.2606271202575523,0.0
1135,22.7,idle,locomotion,1,23.38289301315933,-17.072527312300117,0.10973345824050078,1.934105431654859,0.4404032045030809,0.7285512364098938,1.2600829324849891,-0.0005455943722566803,1.260628526857246,0.0
1136,22.72,idle,locomotion,1,23.39908021173849,-17.085342355694145,0.10973345824050078,1.934100009392614,0.44040705955194837,0.7285523349471431,1.260084262651874,-0.0005456782906403009,1.2606299409425143,0.0
1137,22.74,idle,locomotion,1,23.41526741031765,-17.098157399088173,0.10973345824050078,1.934094600326963,0.4404109447061824,0.7285534425790519,1.2600856023684386,-0.0005457623784294319,1.260631364746868,0.0
1138,22.76,idle,locomotion,1,23.43145460889681,-17.1109724424822,0.10973345824050078,1.9340892059070756,0.4404148624740185,0.7285545576017468,1.260086950090519,-0.0005458458740993898,1.2606327959646184,0.0
1139,22.78,idle,locomotion,1,23.44764180747597,-17.12378748587623,0.10973345824050078,1.9340838279623096,0.44041881558369617,0.7285556779180566,1.2600883034641086,-0.0005459289889013022,1.26063423245301,0.0
1140,22.8,idle,locomotion,1,23.463829006055132,-17.136602529270256,0.10973345824050078,1.9340784669672553,0.44042280449092874,0.728556804120024,1.2600896631544503,-0.0005460119849930514,1.2606356751394434,0.0
1141,22.82,idle,locomotion,1,23.480016204634293,-17.149417572664284,0.10973345824050078,1.934073123136309,0.4404268301230698,0.7285579362810601,1.2600910292172312,-0.0005460947614544451,1.2606371239786855,0.0
1142,22.84,idle,locomotion,1,23.496203403213453,-17.16223261605831,0.10973345824050078,1.9340677966254418,0.4404308927662025,0.7285590741860273,1.2600924013724304,-0.0005461774213928773,1.2606385787938232,0.0
1143,22.86,idle,locomotion,1,23.512390601792614,-17.17504765945234,0.10973345824050078,1.9340624882330333,0.44043499181841284,0.7285602217589605,1.2600937835327821,-0.0005462602847768096,1.260640043817559,0.0
1144,22.88,idle,locomotion,1,23.528577800371774,-17.187862702846367,0.10973345824050078,1.934057199104195,0.44043912768946303,0.7285613783988893,1.2600951755501935,-0.0005463427957836837,1.2606415183459772,0.0
1145,22.9,idle,locomotion,1,23.544764998950935,-17.200677746240395,0.10973345824050078,1.9340519287043012,0.44044330189212183,0.7285625403102695,1.2600965732847014,-0.000546425644193424,1.2606429989288948,0.0
1146,22.92,idle,locomotion,1,23.560952197530096,-17.213492789634422,0.10973345824050078,1.9340466771803932,0.44044751301823776,0.7285637112803401,1.2600979803150565,-0.0005465098603941385,1.2606444901754505,0.0
1147,22.94,idle,locomotion,1,23.577139396109256,-17.22630783302845,0.10973345824050078,1.9340414456698842,0.44045176064720787,0.7285648922991462,1.2600993981474118,-0.0005465939454267904,1.2606459920928386,0.0
1148,22.96,idle,locomotion,1,23.593326594688417,-17.239122876422478,0.10973345824050078,1.9340362352175304,0.4404560458049937,0.7285660812338771,1.2601008244645702,-0.0005466776633779764,1.2606475021279482,0.0
1149,22.98,idle,locomotion,1,23.609513793267578,-17.251937919816505,0.10973345824050078,1.9340310457974297,0.4404603677343338,0.7285672765561557,1.260102257766394,-0.0005467611568121741,1.2606490189232062,0.0
1150,23.0,idle,locomotion,1,23.625700991846738,-17.264752963210533,0.10973345824050078,1.934025876739976,0.4404647251821547,0.7285684806202098,1.2601037002013367,-0.0005468447468846734,1.2606505449482213,0.0
1151,23.02,idle,locomotion,1,23.6418881904259,-17.27756800660456,0.10973345824050078,1.9340207267057792,0.4404691035110823,0.7285696906149336,1.260105150123285,-0.0005469284084707385,1.2606520785317556,0.0
1152,23.04,idle,locomotion,1,23.65807538900506,-17.29038304999859,0.10973345824050078,1.9340155933093146,0.44047349823326926,0.7285709132139954,1.2601066135247354,-0.0005470119627525617,1.260653625487488,0.0
1153,23.06,idle,locomotion,1,23.67426258758422,-17.303198093392616,0.10973345824050078,1.934010479188041,0.4404779132988279,0.7285721404742591,1.2601080817653671,-0.0005470647896707627,1.260655146555038,0.0
1154,23.08,idle,locomotion,1,23.69044978616338,-17.316013136786644,0.10973345824050078,1.9340053813474145,0.4404823497239941,0.728573378816642,1.2601095616281914,-0.0005471181810612485,1.2606566798092527,0.0
1155,23.1,idle,locomotion,1,23.70663698474254,-17.328828180180672,0.10973345824050078,1.9340002992959566,0.44048680484663194,0.7285746338389998,1.26011105845,-0.0005471646362830707,1.260658223086283,0.0
1156,23.12,idle,locomotion,1,23.722824183321702,-17.3416432235747,0.10973345824050078,1.9339952326457235,0.4404912802374127,0.7285759057708548,1.260112573283976,-0.0005472127490141476,1.2606597860329902,0.0
1157,23.14,idle,locomotion,1,23.739011381900863,-17.354458266968727,0.10973345824050078,1.9339901796176118,0.44049577442213994,0.7285771904034184,1.2601141021223166,-0.0005472625417604106,1.260661364664077,0.0
1158,23.16,idle,locomotion,1,23.755198580480023,-17.367273310362755,0.10973345824050078,1.9339851390106322,0.44050029217628095,0.7285784861220705,1.260115642914471,-0.0005473099935550917,1.2606629529080262,0.0
1159,23.18,idle,locomotion,1,23.771385779059184,-17.380088353756783,0.10973345824050078,1.9339801096466112,0.440504831660159,0.7285797969341103,1.260117198668813,-0.0005473573692655921,1.2606645560380787,0.0
1160,23.2,idle,locomotion,1,23.787572977638344,-17.39290339715081,0.10973345824050078,1.9339750902064934,0.4405093906251751,0.728581118902516,1.260118767400206,-0.0005474045779211081,1.260666171978127,0.0
1161,23.22,idle,locomotion,1,23.803760176217505,-17.405718440544838,0.10973345824050078,1.9339700791179146,0.44051396843467333,0.7285824545643683,1.2601203497623583,-0.000547447870042201,1.2606677976324006,0.0
1162,23.24,idle,locomotion,1,23.819947374796666,-17.418533483938866,0.10973345824050078,1.9339650746165753,0.44051856791530736,0.728583804717957,1.2601219474197882,-0.0005474988124175781,1.260669446232206,0.0
1163,23.26,idle,locomotion,1,23.836134573375826,-17.431348527332894,0.10973345824050078,1.9339600764236802,0.4405231858747711,0.7285851630556315,1.2601235545679936,-0.0005475477288044428,1.260671102296798,0.0
1164,23.28,idle,locomotion,1,23.852321771954987,-17.44416357072692,0.10973345824050078,1.9339550841937843,0.44052782528714934,0.7285865321559448,1.2601251734374053,-0.0005475928933431178,1.2606727663307484,0.0
1165,23.3,idle,locomotion,1,23.868508970534148,-17.45697861412095,0.10973345824050078,1.9339500954473254,0.4405324823829082,0.7285879157347833,1.2601268064759872,-0.000547641221074837,1.260674447697062,0.0
1166,23.32,idle,locomotion,1,23.884696169113308,-17.469793657514977,0.10973345824050078,1.9339451084964256,0.4405371532612102,0.7285893091853723,1.2601284505985972,-0.0005476898253327991,1.26067614042393,0.0
1167,23.34,idle,locomotion,1,23.90088336769247,-17.482608700909005,0.10973345824050078,1.9339401215234824,0.4405418345709698,0.7285907064242126,1.2601301000243423,-0.0005477379105935445,1.260677837934936,0.0
1168,23.36,idle,locomotion,1,23.91707056627163,-17.495423744303032,0.10973345824050078,1.9339351335078374,0.44054652581029735,0.7285921157093098,1.260131762192528,-0.00054778530554336,1.2606795474980714,0.0
1169,23.38,idle,locomotion,1,23.93325776485079,-17.50823878769706,0.10973345824050078,1.933930145338813,0.44055123220543846,0.728593540582218,1.2601334399558077,-0.0005478352607622486,1.26068127521657,0.0
1170,23.4,idle,locomotion,1,23.94944496342995,-17.521053831091088,0.10973345824050078,1.9339251560885542,0.4405559492903456,0.7285949773464764,1.2601351296489496,-0.000547882457205294,1.260683012106155,0.0
1171,23.42,idle,locomotion,1,23.96563216200911,-17.533868874485115,0.10973345824050078,1.933920164016619,0.4405606777143573,0.7285964192017418,1.2601368267927078,-0.0005479323838690903,1.2606847591765769,0.0
1172,23.44,idle,locomotion,1,23.981819360588272,-17.546683917879143,0.10973345824050078,1.9339151688953777,0.44056541444665603,0.7285978637508809,1.2601385267771161,-0.0005479779293521801,1.2606865047064684,0.0
1173,23.46,idle,locomotion,1,23.998006559167433,-17.55949896127317,0.10973345824050078,1.9339101673617725,0.4405701559087463,0.7285993218538586,1.2601402400199848,-0.0005480246886351535,1.26068826470862,0.0
1174,23.48,idle,locomotion,1,24.014193757746593,-17.5723140046672,0.10973345824050078,1.9339051587046365,0.4405749000993155,0.7286007909125195,1.2601419652734442,-0.0005480749980696399,1.260690040271514,0.0
1175,23.5,idle,locomotion,1,24.030380956325754,-17.585129048061226,0.10973345824050078,1.9339001450045397,0.4405796508341756,0.7286022694651008,1.2601437006157392,-0.0005481226120972703,1.2606918232278366,0.0
1176,23.52,idle,locomotion,1,24.046568154904914,-17.597944091455254,0.10973345824050078,1.9338951262853594,0.44058440811314126,0.728603758057697,1.2601454469495188,-0.0005481728948988351,1.2606936198444176,0.0
1177,23.54,idle,locomotion,1,24.062755353484075,-17.610759134849282,0.10973345824050078,1.9338901036233085,0.44058917519411545,0.7286052557917656,1.260147202454855,-0.0005482205093625507,1.2606954229642175,0.0
1178,23.56,idle,locomotion,1,24.078942552063236,-17.62357417824331,0.10973345824050078,1.9338850762538016,0.4405939495299636,0.7286067654493992,1.2601489699805413,-0.0005482693467694991,1.2606972393273108,0.0
1179,23.58,idle,locomotion,1,24.095129750642396,-17.636389221637337,0.10973345824050078,1.9338800438728394,0.44059872778382025,0.7286082877146841,1.260150750543864,-0.0005483200932780742,1.2606990706371421,0.0
1180,23.6,idle,locomotion,1,24.111316949221557,-17.649204265031365,0.10973345824050078,1.933875007644355,0.4406035092172527,0.7286098239906644,1.260152545813424,-0.0005483688060128715,1.2607009146194368,0.0
1181,23.62,idle,locomotion,1,24.127504147800718,-17.662019308425393,0.10973345824050078,1.933869968065294,0.4406082963389579,0.7286113747973615,1.2601543563166153,-0.0005484188299916572,1.260702775146607,0.0
1182,23.64,idle,locomotion,1,24.143691346379878,-17.67483435181942,0.10973345824050078,1.9338649242219597,0.44061308646920117,0.7286129328264849,1.2601561751235952,-0.0005484667208728901,1.260704641844468,0.0
1183,23.66,idle,locomotion,1,24.15987854495904,-17.687649395213448,0.10973345824050078,1.9338598761624757,0.4406178865938923,0.7286145066963124,1.2601580091849662,-0.0005485190009547926,1.260706528185921,0.0
1184,23.68,idle,locomotion,1,24.1760657435382,-17.700464438607476,0.10973345824050078,1.9338548283173542,0.4406227085194456,0.7286160931473051,1.2601598556415121,-0.0005485769285211925,1.2607084325700333,0.0
1185,23.7,idle,locomotion,1,24.19225294211736,-17.713279482001504,0.10973345824050078,1.9338497823419696,0.44062755483654037,0.7286176833853436,1.2601617058234398,-0.0005486369404138422,1.2607103427638535,0.0
1186,23.72,idle,locomotion,1,24.20844014069652,-17.72609452539553,0.10973345824050078,1.9338447365783555,0.44063242185652257,0.7286192785439587,1.2601635609775008,-0.0005487149856437355,1.2607122759631446,0.0
1187,23.74,idle,locomotion,1,24.22462733927568,-17.73890956878956,0.10973345824050078,1.9338396915224596,0.4406373072211188,0.7286208773048185,1.2601654198962966,-0.0005488042047405717,1.2607142241010372,0.0
1188,23.76,idle,locomotion,1,24.240814537854842,-17.751724612183587,0.10973345824050078,1.9338346491469043,0.4406422098311206,0.7286224776993707,1.2601672805311233,-0.000548898330328243,1.2607161788614516,0.0
1189,23.78,idle,locomotion,1,24.257001736434002,-17.764539655577614,0.10973345824050078,1.9338296111239726,0.4406471292955298,0.7286240789508437,1.2601691420608434,-0.0005489940491542437,1.2607181361099977,0.0
1190,23.8,idle,locomotion,1,24.273188935013163,-17.777354698971642,0.10973345824050078,1.933824579339361,0.4406520650352152,0.728625681830465,1.2601710051303374,-0.00054909023778189,1.2607200953681192,0.0
1191,23.82,idle,locomotion,1,24.289376133592324,-17.79016974236567,0.10973345824050078,1.9338195550437824,0.4406570160074334,0.728627285913853,1.2601728693778198,-0.0005491863467480262,1.2607220557245677,0.0
1192,23.84,idle,locomotion,1,24.305563332171484,-17.802984785759698,0.10973345824050078,1.9338145396476123,0.44066198113360894,0.7286288929791717,1.260174736428105,-0.0005492825198933557,1.2607240189479985,0.0
1193,23.86,idle,locomotion,1,24.321750530750645,-17.815799829153725,0.10973345824050078,1.9338095348100606,0.44066695946986223,0.7286305044028527,1.2601766078504442,-0.0005493785778125371,1.2607259864282567,0.0
