tick,t_s,phase,task_mode,curr_motion_timestep,ball_x,ball_y,ball_z,base_x,base_y,base_z,robot_top_z,robot_bottom_z,robot_height,kick_aim_theta_deg
0,0.0,idle,locomotion,0,1.9900000095367432,-0.14000000059604645,0.10989091315873106,-0.0005156118406163365,2.9437855182440046e-05,0.7547719540829378,1.2868349461978807,-0.000611486396534966,1.2874464325944157,0.0
1,0.02,idle,locomotion,0,1.9900000095367432,-0.14000000059604645,0.10980902141344312,-0.0020320928650136953,9.573223872416747e-05,0.7503383494170902,1.2824020544331556,-0.0004556129212034618,1.282857667354359,0.0
2,0.04,idle,locomotion,0,1.9900000095367432,-0.14000000059604645,0.10976503447145444,-0.004269668927396992,0.00018623548295487746,0.7436093122232449,1.2755733653963148,-0.0005353292221841263,1.276108694618499,0.0
3,0.06,idle,locomotion,0,1.9900000095367432,-0.14000000059604645,0.10974518062216254,-0.006755465662434137,0.0003202996992340233,0.7359695034906102,1.2677187786805442,-0.00043245108539400126,1.268151229765938,0.0
4,0.08,idle,locomotion,0,1.9900000095367432,-0.14000000059604645,0.10973731266832155,-0.009078075281260941,0.0005112166810815598,0.7289000119731947,1.260369646403489,-0.00041071594935234573,1.2607803623528413,0.0
5,0.1,idle,locomotion,0,1.9900000095367432,-0.14000000059604645,0.10973454404443848,-0.011078172344903573,0.0007582814074344178,0.7233798846054723,1.2545570316080732,-0.0004281453654798803,1.2549851769735532,0.0
6,0.12,idle,locomotion,0,1.9900000095367432,-0.14000000059604645,0.10973369052927323,-0.012721590019839439,0.00106335617520381,0.7198235826378162,1.2507365157804446,-0.00046482099699717006,1.2512013367774417,0.0
7,0.14,idle,locomotion,0,1.9900000095367432,-0.14000000059604645,0.1097334732878534,-0.014041604451838824,0.0014213352504916562,0.7182107709444081,1.2489139448391378,-0.0004874995989845206,1.2494014444381223,0.0
8,0.16,idle,locomotion,0,1.9900000095367432,-0.14000000059604645,0.10973343775080387,-0.015064219990292378,0.001820885053341193,0.7181955112200705,1.2487693173473118,-0.0004955005543509292,1.2492648179016628,0.0
9,0.18,idle,locomotion,0,1.9900000095367432,-0.14000000059604645,0.10973344222612894,-0.015874109548482434,0.0022485860790066926,0.7193132333167807,1.2498348376102557,-0.0004936923187943386,1.25032852992905,0.0
10,0.2,idle,locomotion,0,1.9900000095367432,-0.14000000059604645,0.10973344999820983,-0.016574756232687372,0.002680876532774464,0.7210839209030863,1.2516139352547504,-0.0004901361623335133,1.252104071417084,0.0
11,0.22,idle,locomotion,0,1.9900000095367432,-0.14000000059604645,0.1097334547231311,-0.017224145686866057,0.003086983615191798,0.7230694914458439,1.2536591479470776,-0.0004856008316861879,1.2541447487787638,0.0
12,0.24,idle,locomotion,0,1.9900000095367432,-0.14000000059604645,0.10973345692610834,-0.017889149455582943,0.0034331007663185014,0.7249339744957916,1.2556162678333407,-0.0004826815529557632,1.2560989493862964,0.0
13,0.26,idle,locomotion,0,1.9900000095367432,-0.14000000059604645,0.10973345780729221,-0.018632844086851827,0.0037218557387769025,0.7264587190262696,1.2572444673296026,-0.00048166796121359295,1.2577261352908162,0.0
14,0.28,idle,locomotion,0,1.9900000095367432,-0.14000000059604645,0.10973345811827714,-0.019479147730187156,0.003983303151611836,0.7275451273785556,1.258429466487704,-0.0004819098691874295,1.2589113763568915,0.0
15,0.3,idle,locomotion,0,1.9900000095367432,-0.14000000059604645,0.10973345821428342,-0.020440873745058555,0.004227946099701427,0.7282006842694191,1.2591653791965944,-0.0004831052028515456,1.259648484399446,0.0
16,0.32,idle,locomotion,0,1.9900000095367432,-0.14000000059604645,0.10973345823876013,-0.021524622052528638,0.004461371006620545,0.7284994570344843,1.2595195734503943,-0.00048473524301144433,1.2600043086934059,0.0
17,0.34,idle,locomotion,0,1.9900000095367432,-0.14000000059604645,0.10973345824278434,-0.022691911279809258,0.004686649997412597,0.7285398414127979,1.2595959245127801,-0.0004864613410345449,1.2600823858538146,0.0
18,0.36,idle,locomotion,0,1.9900000095367432,-0.14000000059604645,0.10973345824229395,-0.0238988502196269,0.004907212100723379,0.7284391124500874,1.2595185348796907,-0.000489657449101788,1.2600081923287925,0.0
19,0.38,idle,locomotion,0,1.9900000095367432,-0.14000000059604645,0.10973345824142507,-0.02511579659628273,0.005123184145264426,0.7282793932193476,1.2593739160373199,-0.0004927782342341834,1.259866694271554,0.0
20,0.4,idle,locomotion,0,1.9900000095367432,-0.14000000059604645,0.10973345824089552,-0.02633597885372925,0.005332664916293056,0.7281219266056655,1.2592228893367876,-0.0004954453699708532,1.2597183347067584,0.0
21,0.42,idle,locomotion,0,1.9900000095367432,-0.14000000059604645,0.10973345824064834,-0.027553698837532194,0.005530076125180142,0.7280067149683768,1.2591053133215204,-0.0004977187197449662,1.2596030320412654,0.0
22,0.44,idle,locomotion,0,1.9900000095367432,-0.14000000059604645,0.10973345824054938,-0.028757824635478782,0.005709130304303858,0.7279414283501484,1.2590316737177754,-0.0004993079335013535,1.2595309816512767,0.0
23,0.46,idle,locomotion,0,1.9900000095367432,-0.14000000059604645,0.10973345824051445,-0.029938877007261867,0.005866145788379495,0.7279254001212844,1.259002603747549,-0.00050077131560625,1.2595033750631552,0.0
24,0.48,idle,locomotion,0,1.9900000095367432,-0.14000000059604645,0.10973345824050364,-0.03109217744360746,0.00599918993444428,0.7279653758344429,1.2590264592077158,-0.0005020377486798754,1.2595284969563958,0.0
25,0.5,idle,locomotion,0,1.9900000095367432,-0.14000000059604645,0.10973345824050088,-0.032211103222427005,0.006106527640239379,0.7280570005482982,1.2591010809612961,-0.0005027222479315578,1.2596038032092276,0.0
26,0.52,idle,locomotion,0,1.9900000095367432,-0.14000000059604645,0.10973345824050044,-0.03328742876874616,0.006187223744210033,0.7281895928840845,1.25921797774932,-0.000502898394029689,1.2597208761433496,0.0
27,0.54,idle,locomotion,0,1.9900000095367432,-0.14000000059604645,0.10973345824050044,-0.034315379278380874,0.006241790077952839,0.7283493594276838,1.2593648179414436,-0.0005030916226437775,1.2598679095640875,0.0
28,0.56,idle,locomotion,0,1.9900000095367432,-0.14000000059604645,0.10973345824050044,-0.03529182694520243,0.006270782411793005,0.7285220776142526,1.2595280751849705,-0.000503186805132224,1.2600312619901026,0.0
29,0.58,idle,locomotion,0,1.9900000095367432,-0.14000000059604645,0.10973345824050044,-0.03621575779032944,0.006274885337813776,0.7286953069233286,1.2596953713813477,-0.0005032012408787527,1.2601985726222265,0.0
30,0.6,idle,locomotion,0,1.9900000095367432,-0.14000000059604645,0.10973345824050044,-0.03708788835243516,0.006255743015993246,0.7288596353510041,1.2598568683206197,-0.0005034735899679885,1.2603603419105878,0.0
31,0.62,idle,locomotion,0,1.9900000095367432,-0.14000000059604645,0.10973345824050044,-0.03790995840996702,0.006215174360500202,0.7290090857237017,1.2600058640450003,-0.0005039582073212562,1.2605098222523214,0.0
32,0.64,idle,locomotion,0,1.9900000095367432,-0.14000000059604645,0.10973345824050044,-0.03868359687934696,0.0061549375804932065,0.7291410946158698,1.2601390749355188,-0.0005045355258856896,1.2606436104614045,0.0
33,0.66,idle,locomotion,0,1.9900000095367432,-0.14000000059604645,0.10973345824050044,-0.039410163441056835,0.006076754796674621,0.7292557708102163,1.2602559749565556,-0.0005052098773421776,1.2607611848338978,0.0
34,0.68,idle,locomotion,0,1.9900000095367432,-0.14000000059604645,0.10973345824050044,-0.04009075554909997,0.005982330584074079,0.7293549540808602,1.2603578894760985,-0.0005059368441537385,1.2608638263202523,0.0
35,0.7,idle,locomotion,0,1.9900000095367432,-0.14000000059604645,0.10973345824050044,-0.04072621244503596,0.005873529081285957,0.7294413304366569,1.2604471462197187,-0.0005066915259031926,1.2609538377456218,0.0
36,0.72,idle,locomotion,0,1.9900000095367432,-0.14000000059604645,0.10973345824050044,-0.04131719962426836,0.005752170019334006,0.7295177336665051,1.2605263601460996,-0.0005074374953140878,1.2610337976414137,0.0
37,0.74,idle,locomotion,0,1.9900000095367432,-0.14000000059604645,0.10973345824050044,-0.04186427966059479,0.005619977118167393,0.7295866911454777,1.2605979550146802,-0.0005081339684995696,1.2611060889831798,0.0
38,0.76,idle,locomotion,0,1.9900000095367432,-0.14000000059604645,0.10973345824050044,-0.04236794784388954,0.005478843993757324,0.7296501671160085,1.2606639021840425,-0.0005087705671629472,1.2611726727512054,0.0
39,0.78,idle,locomotion,0,1.9900000095367432,-0.14000000059604645,0.10973345824050044,-0.0428287630984328,0.005330320594927169,0.7297094657334999,1.2607255612894739,-0.0005091665669778346,1.2612347278564517,0.0
40,0.8,idle,locomotion,0,1.9900000095367432,-0.14000000059604645,0.10973345824050044,-0.043247390114619005,0.00517592308842628,0.7297653158100355,1.26078374207112,-0.0005097810891823359,1.2612935231603024,0.0
41,0.82,idle,locomotion,0,1.9900000095367432,-0.14000000059604645,0.10973345824050044,-0.043624630598545815,0.005016908774983261,0.7298180143794596,1.26083882446822,-0.0005104927437316366,1.2613493172119516,0.0
42,0.84,idle,locomotion,0,1.9900000095367432,-0.14000000059604645,0.10973345824050044,-0.043961473139649064,0.004854498479190793,0.7298675122432731,1.2608908391452514,-0.0005110972025457704,1.261401936347797,0.0
43,0.86,idle,locomotion,0,1.9900000095367432,-0.14000000059604645,0.10973345824050044,-0.044259270868884266,0.00469050730018938,0.7299135709067298,1.260939561243876,-0.0005116135993911072,1.261451174843267,0.0
44,0.88,idle,locomotion,0,1.9900000095367432,-0.14000000059604645,0.10973345824050044,-0.04451997903906498,0.004526734194196167,0.7299558060683967,1.260984456219951,-0.0005120719366160827,1.261496528156567,0.0
45,0.9,idle,locomotion,0,1.9900000095367432,-0.14000000059604645,0.10973345824050044,-0.044745529243265025,0.004364658793162689,0.7299936417124878,1.2610248443169005,-0.0005124329925248715,1.2615372773094253,0.0
46,0.92,idle,locomotion,0,1.9900000095367432,-0.14000000059604645,0.10973345824050044,-0.044938136648462725,0.004205487063478859,0.7300264124109372,1.261059902473684,-0.0005127318320641561,1.261572634305748,0.0
47,0.94,idle,locomotion,0,1.9900000095367432,-0.14000000059604645,0.10973345824050044,-0.04509978276691506,0.004050264893676968,0.7300539672940939,1.2610893673729207,-0.0005130037088845914,1.2616023710818052,0.0
48,0.96,idle,locomotion,0,1.9900000095367432,-0.14000000059604645,0.10973345824050044,-0.04523245245805091,0.0039001054313393996,0.7300767483070418,1.261113605462795,-0.0005131207665749864,1.2616267262293699,0.0
49,0.98,idle,locomotion,0,1.9900000095367432,-0.14000000059604645,0.10973345824050044,-0.04533837210915654,0.0037561196135438416,0.7300958646439396,1.2611336757214608,-0.0005131244981891013,1.26164680021965,0.0
50,1.0,idle,locomotion,0,1.9900000095367432,-0.14000000059604645,0.10973345824050044,-0.045419598166619515,0.003619215330854398,0.7301121972413114,1.261150459018575,-0.0005130597205829299,1.2616635187391578,0.0
51,1.02,idle,locomotion,0,1.9900000095367432,-0.14000000059604645,0.10973345824050044,-0.04547803978069101,0.003490186685162001,0.7301268425059138,1.2611650487148012,-0.0005129879751762864,1.2616780366899774,0.0
52,1.04,idle,locomotion,0,1.9900000095367432,-0.14000000059604645,0.10973345824050044,-0.04551555006494718,0.0033697347546593755,0.7301405920721399,1.2611782616021046,-0.0005129009306849668,1.2616911625327896,0.0
53,1.06,idle,locomotion,0,1.9900000095367432,-0.14000000059604645,0.10973345824050044,-0.04553416821072641,0.003258350474509543,0.7301537112514279,1.2611903819195789,-0.0005127822107335971,1.2617031641303125,0.0
54,1.08,idle,locomotion,0,1.9900000095367432,-0.14000000059604645,0.10973345824050044,-0.0455358883056448,0.003156354944246403,0.7301661681256137,1.2612014160096767,-0.0005126365213876868,1.2617140525310644,0.0
55,1.1,idle,locomotion,0,1.9900000095367432,-0.14000000059604645,0.10973345824050044,-0.045522517089286056,0.0030639747781785933,0.7301778037517177,1.261211264058231,-0.000512469946813289,1.2617237340050442,0.0
56,1.12,idle,locomotion,0,1.9900000095367432,-0.14000000059604645,0.10973345824050044,-0.04549573963915096,0.002981353855186976,0.7301884445880387,1.2612198169970932,-0.0005122865670036357,1.2617321035640967,0.0
57,1.14,idle,locomotion,0,1.9900000095367432,-0.14000000059604645,0.10973345824050044,-0.04545714416035444,0.0029085607764452208,0.7301979473947376,1.2612269927951112,-0.0005120885747818896,1.261739081369893,0.0
58,1.16,idle,locomotion,0,1.9900000095367432,-0.14000000059604645,0.10973345824050044,-0.04540822692477276,0.0028455868470861523,0.730206211885164,1.2612327471211664,-0.0005118780243639105,1.2617446251455302,0.0
59,1.18,idle,locomotion,0,1.9900000095367432,-0.14000000059604645,0.10973345824050044,-0.0453503841747135,0.0027923411724571387,0.7302132659028051,1.2612371502398696,-0.0005116557677005661,1.2617488060075701,0.0
60,1.2,idle,locomotion,0,1.9900000095367432,-0.14000000059604645,0.10973345824050044,-0.04528484148061158,0.0027485689944493855,0.7302197566664124,1.2612408841122789,-0.0005114015476340092,1.2617522856599128,0.0
61,1.22,idle,locomotion,0,1.9900000095367432,-0.14000000059604645,0.10973345824050044,-0.04521272686685457,0.002713740328217939,0.7302260242767876,1.2612443417051482,-0.000511130914185965,1.261755472619334,0.0
62,1.24,idle,locomotion,0,1.9900000095367432,-0.14000000059604645,0.10973345824050044,-0.04513508241191279,0.002687161413012324,0.7302320714774608,1.2612475625215498,-0.0005108586380366993,1.2617584211595865,0.0
63,1.26,idle,locomotion,0,1.9900000095367432,-0.14000000059604645,0.10973345824050044,-0.045052863527490175,0.002668112227173665,0.7302378329564079,1.261250512223409,-0.0005105899191818995,1.261761102142591,0.0
64,1.28,idle,locomotion,0,1.9900000095367432,-0.14000000059604645,0.10973345824050044,-0.04496694753965787,0.0026558923263720596,0.730243240176426,1.2612531490753591,-0.000510326231646055,1.2617634753070053,0.0
65,1.3,idle,locomotion,0,1.9900000095367432,-0.14000000059604645,0.10973345824050044,-0.04487813068291694,0.0026498527001723275,0.7302482394999538,1.2612554440940136,-0.0005100709625384392,1.261765515056552,0.0
66,1.32,idle,locomotion,0,1.9900000095367432,-0.14000000059604645,0.10973345824050044,-0.04478698115633534,0.002649417283294497,0.7302528617072073,1.2612574860496304,-0.0005098273302858135,1.261767313379916,0.0
67,1.34,idle,locomotion,0,1.9900000095367432,-0.14000000059604645,0.10973345824050044,-0.04469396053464767,0.002654038011675712,0.730257123313737,1.2612593736457873,-0.0005095885134862518,1.2617689621592736,0.0
68,1.36,idle,locomotion,0,1.9900000095367432,-0.14000000059604645,0.10973345824050044,-0.04459977049283141,0.002663177126343114,0.7302609230771818,1.2612610151303731,-0.0005093563909145046,1.2617703715212876,0.0
69,1.38,idle,locomotion,0,1.9900000095367432,-0.14000000059604645,0.10973345824050044,-0.04450519710185692,0.002676330965858467,0.7302640770173611,1.2612621855933297,-0.0005091365036971017,1.2617713220970268,0.0
70,1.4,idle,locomotion,0,1.9900000095367432,-0.14000000059604645,0.10973345824050044,-0.044410833599650805,0.0026930892800379348,0.730266226068814,1.2612625204648842,-0.0005089348926668076,1.261771455357551,0.0
71,1.42,idle,locomotion,0,1.9900000095367432,-0.14000000059604645,0.10973345824050044,-0.044317162077348426,0.002713154870014274,0.7302671987014165,1.2612618496114836,-0.0005087453355149089,1.2617705949469984,0.0
72,1.44,idle,locomotion,0,1.9900000095367432,-0.14000000059604645,0.10973345824050044,-0.04422462396954818,0.002736278700837967,0.730267021362605,1.2612602005543319,-0.0005085615180690957,1.261768762072401,0.0
73,1.46,idle,locomotion,0,1.9900000095367432,-0.14000000059604645,0.10973345824050044,-0.04413362024725757,0.0027622007294896053,0.7302657849603491,1.2612576603868053,-0.0005083815093362663,1.2617660418961416,0.0
74,1.48,idle,locomotion,0,1.9900000095367432,-0.14000000059604645,0.10973345824050044,-0.04404450466203675,0.0027906363632818837,0.7302636034938825,1.261254334948413,-0.0005082059940895618,1.2617625409425026,0.0
75,1.5,idle,locomotion,0,1.9900000095367432,-0.14000000059604645,0.10973345824050044,-0.04395757915542124,0.0028212749830751394,0.7302605973872109,1.2612503339331589,-0.0005080350475563794,1.2617583689807153,0.0
76,1.52,idle,locomotion,0,1.9900000095367432,-0.14000000059604645,0.10973345824050044,-0.04387309264424641,0.0028537848291095872,0.7302568852641261,1.261245764301889,-0.0005078689629101976,1.2617536332647992,0.0
77,1.54,idle,locomotion,0,1.9900000095367432,-0.14000000059604645,0.10973345824050044,-0.04379124210516015,0.0028878184093302545,0.7302525811224727,1.261240728600411,-0.0005077086648518497,1.261748437265263,0.0
78,1.56,idle,locomotion,0,1.9900000095367432,-0.14000000059604645,0.10973345824050044,-0.04371217780714521,0.002923018823152085,0.7302477940852798,1.2612353246744714,-0.0005075549776887185,1.2617428796521601,0.0
79,1.58,idle,locomotion,0,1.9900000095367432,-0.14000000059604645,0.10973345824050044,-0.04363601372496359,0.002959024285561375,0.7302425935516116,1.261229611670137,-0.0005074069936239073,1.2617370186637609,0.0
80,1.6,idle,locomotion,0,1.9900000095367432,-0.14000000059604645,0.10973345824050044,-0.043562832656773395,0.0029954711226620337,0.7302369922915561,1.2612235955218598,-0.0005072613537441609,1.261730856875604,0.0
81,1.62,idle,locomotion,0,1.9900000095367432,-0.14000000059604645,0.10973345824050044,-0.04349268524282664,0.003031994122962748,0.7302310126803748,1.2612172893214109,-0.0005071227066989099,1.2617244120281097,0.0
82,1.64,idle,locomotion,0,1.9900000095367432,-0.14000000059604645,0.10973345824050044,-0.04342559442983761,0.00306824069410213,0.7302247257533389,1.2612107538194948,-0.0005069940887288543,1.2617177479082236,0.0
83,1.66,idle,locomotion,0,1.9900000095367432,-0.14000000059604645,0.10973345824050044,-0.04336155735482114,0.0031038821631066828,0.7302182522491195,1.2612040979587895,-0.0005068774621388647,1.2617109754209284,0.0
84,1.68,idle,locomotion,0,1.9900000095367432,-0.14000000059604645,0.10973345824050044,-0.04330054844281967,0.003138620278537973,0.7302117268374959,1.2611974438024123,-0.0005067726159693232,1.2617042164183816,0.0
85,1.7,idle,locomotion,0,1.9900000095367432,-0.14000000059604645,0.10973345824050044,-0.04324251746830719,0.0031721895035102562,0.7302052755664459,1.2611909053661474,-0.0005066789238283957,1.2616975842899758,0.0
86,1.72,idle,locomotion,0,1.9900000095367432,-0.14000000059604645,0.10973345824050044,-0.04318739183493871,0.0032043558560429027,0.7301990053663707,1.2611845793614904,-0.000506595705429054,1.2616911750669195,0.0
87,1.74,idle,locomotion,0,1.9900000095367432,-0.14000000059604645,0.10973345824050044,-0.043135080666889314,0.0032349171605531883,0.7301930005460135,1.2611785414159038,-0.0005065224647912044,1.261685063880695,0.0
88,1.76,idle,locomotion,0,1.9900000095367432,-0.14000000059604645,0.10973345824050044,-0.04308548090145605,0.003263701857804996,0.7301873175356994,1.2611728408858456,-0.0005064582158989459,1.2616792991017445,0.0
89,1.78,idle,locomotion,0,1.9900000095367432,-0.14000000059604645,0.10973345824050044,-0.043038480826960004,0.003290567441492162,0.7301819921864895,1.2611675072073054,-0.0005064025625897937,1.2616739097698952,0.0
90,1.8,idle,locomotion,0,1.9900000095367432,-0.14000000059604645,0.10973345824050044,-0.0429939635297678,0.0033154011422184848,0.7301770438402151,1.2611625545207268,-0.0005063548044586252,1.2616689093251854,0.0
91,1.82,idle,locomotion,0,1.9900000095367432,-0.14000000059604645,0.10973345824050044,-0.04295180946357286,0.00333811885378702,0.7301724810037687,1.261157986713195,-0.0005063143640410585,1.2616643010772361,0.0
92,1.84,idle,locomotion,0,1.9900000095367432,-0.14000000059604645,0.10973345824050044,-0.042911896907693155,0.0033586619297143543,0.7301683038105565,1.261153800666966,-0.0005062808028636831,1.2616600814698298,0.0
93,1.86,idle,locomotion,0,1.9900000095367432,-0.14000000059604645,0.10973345824050044,-0.04287410430461515,0.003376995694885776,0.7301645026551881,1.261149984554814,-0.0005062538421426559,1.2616562383969567,0.0
94,1.88,idle,locomotion,0,1.9900000095367432,-0.14000000059604645,0.10973345824050044,-0.042838315594551736,0.0033931094913043315,0.7301610520850234,1.2611465115724645,-0.0005062318160581371,1.2616527433885227,0.0
95,1.9,idle,locomotion,0,1.9900000095367432,-0.14000000059604645,0.10973345824050044,-0.042804419616492034,0.0034070176629172446,0.7301578461998208,1.261143280423467,-0.000506216280421426,1.2616494967038885,0.0
96,1.92,idle,locomotion,0,1.9900000095367432,-0.14000000059604645,0.10973345824050044,-0.042772309502791254,0.0034187869832152406,0.7301546430098382,1.2611400579563241,-0.0005062065027615185,1.2616462644590856,0.0
97,1.94,idle,locomotion,0,1.9900000095367432,-0.14000000059604645,0.10973345824050044,-0.04274189533700369,0.0034285138190560016,0.7301513527347069,1.2611367572496777,-0.0005062014899110644,1.2616429587395888,0.0
98,1.96,idle,locomotion,0,1.9900000095367432,-0.14000000059604645,0.10973345824050044,-0.042713099370260695,0.003436306681401912,0.7301479862102103,1.2611333894585006,-0.0005062025297758871,1.2616395919882766,0.0
99,1.98,idle,locomotion,0,1.9900000095367432,-0.14000000059604645,0.10973345824050044,-0.04268583396954627,0.003442287458525267,0.7301445965012748,1.2611300098276956,-0.0005062107267041795,1.2616362205543998,0.0
100,2.0,idle,locomotion,0,1.9900000095367432,-0.14000000059604645,0.10973345824050044,-0.042660022529226356,0.003446595655850693,0.7301412289187668,1.2611266646002108,-0.0005062232001391345,1.26163288780035,0.0
101,2.02,idle,locomotion,0,1.9900000095367432,-0.14000000059604645,0.10973345824050044,-0.04263560139761632,0.003449378095318393,0.7301379171947582,1.261123384714909,-0.0005062385653634115,1.2616296232802724,0.0
102,2.04,idle,locomotion,0,1.9900000095367432,-0.14000000059604645,0.10973345824050044,-0.042612510132691156,0.0034507823074024758,0.7301346901821167,1.2611201948927722,-0.0005062561047827381,1.261626450997555,0.0
103,2.06,idle,locomotion,0,1.9900000095367432,-0.14000000059604645,0.10973345824050044,-0.04259068719526424,0.0034509539128857276,0.7301315736359413,1.2611171168397601,-0.0005062755630127307,1.2616233924027729,0.0
104,2.08,idle,locomotion,0,1.9900000095367432,-0.14000000059604645,0.10973345824050044,-0.042570069627354025,0.003450034666738534,0.7301285911887718,1.261114170339642,-0.0005062964196867643,1.2616204667593287,0.0
105,2.1,idle,locomotion,0,1.9900000095367432,-0.14000000059604645,0.10973345824050044,-0.04255059364047675,0.00344816034211291,0.730125762350473,1.2611113713875304,-0.0005063183480054079,1.2616176897355358,0.0
106,2.12,idle,locomotion,0,1.9900000095367432,-0.14000000059604645,0.10973345824050044,-0.04253219479003124,0.0034454584892769343,0.7301230976817803,1.2611087282935876,-0.0005063394664643894,1.261615067760052,0.0
107,2.14,idle,locomotion,0,1.9900000095367432,-0.14000000059604645,0.10973345824050044,-0.04251481024270857,0.0034419811328860912,0.7301205605337368,1.2611062044845198,-0.0005063543134645604,1.2616125587979843,0.0
108,2.16,idle,locomotion,0,1.9900000095367432,-0.14000000059604645,0.10973345824050044,-0.04249837855324022,0.0034377468244383355,0.7301181265974064,1.2611037748471146,-0.0005063666939514114,1.2616101415410659,0.0
109,2.18,idle,locomotion,0,1.9900000095367432,-0.14000000059604645,0.10973345824050044,-0.04248284188214244,0.003432788133839085,0.7301157932681915,1.2611014360798054,-0.0005063794661017383,1.2616078155459072,0.0
110,2.2,idle,locomotion,0,1.9900000095367432,-0.14000000059604645,0.10973345824050044,-0.042468144406800086,0.0034271429877188843,0.7301135625504593,1.2610991895441193,-0.000506393129747186,1.2616055826738664,0.0
111,2.22,idle,locomotion,0,1.9900000095367432,-0.14000000059604645,0.10973345824050044,-0.042454232809727044,0.0034208531081397816,0.7301114368184897,1.2610970368585248,-0.0005064074675514181,1.2616034443260762,0.0
112,2.24,idle,locomotion,0,1.9900000095367432,-0.14000000059604645,0.10973345824050044,-0.04244105707657868,0.0034139622882322536,0.730109417679681,1.2610949784204462,-0.0005064222232104981,1.2616014006436567,0.0
113,2.26,idle,locomotion,0,1.9900000095367432,-0.14000000059604645,0.10973345824050044,-0.0424285678412369,0.0034065141930276926,0.7301075081755093,1.2610930161501257,-0.0005064374160150299,1.2615994535661408,0.0
114,2.28,idle,locomotion,0,1.9900000095367432,-0.14000000059604645,0.10973345824050044,-0.042416717971330814,0.003398552950592612,0.7301057078896562,1.261091148873142,-0.0005064527132919612,1.2615976015864339,0.0
115,2.3,idle,locomotion,0,1.9900000095367432,-0.14000000059604645,0.10973345824050044,-0.042405461856972165,0.0033901232346483672,0.7301040178771485,1.2610893768126452,-0.0005064681026362601,1.2615958449152815,0.0
116,2.32,idle,locomotion,0,1.9900000095367432,-0.14000000059604645,0.10973345824050044,-0.042394756234075716,0.003381269136025933,0.7301024374962288,1.2610876989216362,-0.0005064832137304624,1.2615941821353667,0.0
117,2.34,idle,locomotion,0,1.9900000095367432,-0.14000000059604645,0.10973345824050044,-0.042384560692260154,0.003372032308181719,0.7301009672094949,1.26108611466476,-0.0005064982073373393,1.2615926128720973,0.0
118,2.36,idle,locomotion,0,1.9900000095367432,-0.14000000059604645,0.10973345824050044,-0.04237483682289743,0.0033624528862377275,0.7300996074716479,1.2610846236694466,-0.000506512952809228,1.2615911366222559,0.0
119,2.38,idle,locomotion,0,1.9900000095367432,-0.14000000059604645,0.10973345824050044,-0.04236554780087042,0.003352570929257383,0.7300983562160287,1.261083223433976,-0.0005065272382618301,1.2615897506722378,0.0
120,2.4,idle,locomotion,0,1.9900000095367432,-0.14000000059604645,0.10973345824050044,-0.04235665772828113,0.0033424241835921923,0.7300972118366852,1.2610819122365524,-0.0005065412337410813,1.2615884534702935,0.0
121,2.42,idle,locomotion,0,1.9900000095367432,-0.14000000059604645,0.10973345824050044,-0.04234813234930306,0.0033320478020538035,0.7300961745091623,1.2610806901356464,-0.0005065549584695739,1.261587245094116,0.0
122,2.44,idle,locomotion,0,1.9900000095367432,-0.14000000059604645,0.10973345824050044,-0.04233994049635468,0.003321476132016116,0.730095242325536,1.26107955503199,-0.0005065681254712677,1.2615861231574612,0.0
123,2.46,idle,locomotion,0,1.9900000095367432,-0.14000000059604645,0.10973345824050044,-0.04233205310996189,0.0033107425321008423,0.7300944121664551,1.2610785036283618,-0.0005065806307082039,1.2615850842590701,0.0
124,2.48,idle,locomotion,0,1.9900000095367432,-0.14000000059604645,0.10973345824050044,-0.04232444295084549,0.003299875600405076,0.7300936824604798,1.2610775341009797,-0.0005065926345985371,1.2615841267355783,0.0
125,2.5,idle,locomotion,0,1.9900000095367432,-0.14000000059604645,0.10973345824050044,-0.042317083532798755,0.0032889042597341366,0.7300930518574437,1.2610766453667028,-0.0005066040870583162,1.261583249453761,0.0
126,2.52,idle,locomotion,0,1.9900000095367432,-0.14000000059604645,0.10973345824050044,-0.042309950475031444,0.00327785646229966,0.730092516959787,1.2610758344072692,-0.0005066148870798357,1.261582449294349,0.0
127,2.54,idle,locomotion,0,1.9900000095367432,-0.14000000059604645,0.10973345824050044,-0.04230302190285995,0.0032667562005477394,0.7300920755602153,1.2610750989063608,-0.0005066250451899422,1.2615817239515508,0.0
128,2.56,idle,locomotion,0,1.9900000095367432,-0.14000000059604645,0.10973345824050044,-0.04229627717286666,0.003255625074460628,0.7300917261518635,1.2610744374613325,-0.0005066345260110704,1.2615810719873435,0.0
129,2.58,idle,locomotion,0,1.9900000095367432,-0.14000000059604645,0.10973345824050044,-0.04228969725945696,0.0032444832007374547,0.7300914647864527,1.2610738464115416,-0.0005066433618321452,1.2615804897733738,0.0
130,2.6,idle,locomotion,0,1.9900000095367432,-0.14000000059604645,0.10973345824050044,-0.04228326426163911,0.0032333490237217246,0.7300912877113709,1.2610733223938846,-0.0005066515446592416,1.2615799739385438,0.0
131,2.62,idle,locomotion,0,1.9900000095367432,-0.14000000059604645,0.10973345824050044,-0.04227696175450739,0.0032222391632218223,0.7300911934958517,1.2610728643135978,-0.0005066591320879998,1.2615795234456857,0.0
132,2.64,idle,locomotion,0,1.9900000095367432,-0.14000000059604645,0.10973345824050044,-0.04227077445334804,0.003211166761741484,0.7300911788327717,1.261072469432614,-0.0005066661299516668,1.2615791355625658,0.0
133,2.66,idle,locomotion,0,1.9900000095367432,-0.14000000059604645,0.10973345824050044,-0.042264688678841436,0.0032001458531809215,0.7300912404429444,1.261072134959502,-0.0005066724622166466,1.2615788074217187,0.0
134,2.68,idle,locomotion,0,1.9900000095367432,-0.14000000059604645,0.10973345824050044,-0.04225869164442633,0.0031891871758214707,0.7300913768857422,1.2610718598300257,-0.0005066783374563441,1.261578538167482,0.0
135,2.7,idle,locomotion,0,1.9900000095367432,-0.14000000059604645,0.10973345824050044,-0.04225277230386998,0.0031783003078084075,0.7300915846052083,1.2610716409398104,-0.0005066835019715069,1.261578324441782,0.0
136,2.72,idle,locomotion,0,1.9900000095367432,-0.14000000059604645,0.10973345824050044,-0.04224692102246229,0.0031674941951029822,0.7300918600843715,1.2610714750773737,-0.0005066880707932236,1.2615781631481668,0.0
137,2.74,idle,locomotion,0,1.9900000095367432,-0.14000000059604645,0.10973345824050044,-0.042241129796188374,0.0031567747979868626,0.730092201312275,1.2610713603113544,-0.0005066920317989519,1.2615780523431532,0.0
138,2.76,idle,locomotion,0,1.9900000095367432,-0.14000000059604645,0.10973345824050044,-0.04223539114429713,0.003146146496851274,0.7300926055475422,1.2610712940885835,-0.0005066954643801087,1.2615779895529637,0.0
139,2.78,idle,locomotion,0,1.9900000095367432,-0.14000000059604645,0.10973345824050044,-0.04222969657144949,0.0031356128397136127,0.7300930707283959,1.2610712749777406,-0.0005066984365016958,1.2615779734142423,0.0
140,2.8,idle,locomotion,0,1.9900000095367432,-0.14000000059604645,0.10973345824050044,-0.04222403780988565,0.00312517634750642,0.7300935937763796,1.2610713009552614,-0.0005067009226103966,1.2615780018778717,0.0
141,2.82,idle,locomotion,0,1.9900000095367432,-0.14000000059604645,0.10973345824050044,-0.04221840860063109,0.0031148391035352063,0.7300941718082766,1.2610713697490228,-0.0005067029547204081,1.2615780727037431,0.0
142,2.84,idle,locomotion,0,1.9900000095367432,-0.14000000059604645,0.10973345824050044,-0.04221280443863877,0.003104602257953645,0.7300948015938135,1.261071478533514,-0.0005067044938379603,1.261578183027352,0.0
143,2.86,idle,locomotion,0,1.9900000095367432,-0.14000000059604645,0.10973345824050044,-0.04220722118672568,0.003094465059977095,0.7300954808350513,1.2610716253263774,-0.0005067056441587434,1.2615783309705362,0.0
144,2.88,idle,locomotion,0,1.9900000095367432,-0.14000000059604645,0.10973345824050044,-0.04220165502248449,0.003084425413774285,0.7300962075190037,1.2610718085172274,-0.000506706444745094,1.2615785149619725,0.0
145,2.9,idle,locomotion,0,1.9900000095367432,-0.14000000059604645,0.10973345824050044,-0.042196102709312185,0.0030744814046962357,0.7300969796953527,1.261072026540532,-0.0005067068482194417,1.2615787333887514,0.0
146,2.92,idle,locomotion,0,1.9900000095367432,-0.14000000059604645,0.10973345824050044,-0.04219056141675907,0.0030646308790380715,0.730097794867363,1.2610722773306282,-0.0005067069273671058,1.2615789842579954,0.0
147,2.94,idle,locomotion,0,1.9900000095367432,-0.14000000059604645,0.10973345824050044,-0.04218502806232034,0.0030548700909043365,0.7300986521465112,1.2610725603726043,-0.0005067067237671356,1.2615792670963715,0.0
148,2.96,idle,locomotion,0,1.9900000095367432,-0.14000000059604645,0.10973345824050044,-0.042179500415109906,0.0030451956854933523,0.7300995480260414,1.2610728727044074,-0.0005067061003609305,1.2615795788047683,0.0
149,2.98,idle,locomotion,0,1.9900000095367432,-0.14000000059604645,0.10973345824050044,-0.04217397679157436,0.003035604024797557,0.7301004798974684,1.2610732119380166,-0.0005067052204274294,1.261579917158444,0.0
150,3.0,idle,locomotion,0,1.9900000095367432,-0.14000000059604645,0.10973345824050044,-0.042168455641524105,0.003026090535691699,0.7301014470462729,1.2610735777636992,-0.0005067040869752917,1.2615802818506745,0.0
151,3.02,idle,locomotion,0,1.9900000095367432,-0.14000000059604645,0.10973345824050044,-0.04216293577248391,0.0030166508722343616,0.7301024484459667,1.261073969457191,-0.0005067028143839712,1.261580672271575,0.0
152,3.04,idle,locomotion,0,1.9900000095367432,-0.14000000059604645,0.10973345824050044,-0.04215741535002103,0.0030072804834414897,0.7301034821173418,1.2610743856153257,-0.0005067013509120824,1.2615810869662378,0.0
153,3.06,idle,locomotion,0,1.9900000095367432,-0.14000000059604645,0.10973345824050044,-0.042151892635208715,0.0029979737567961684,0.7301045456113816,1.2610748244305303,-0.0005066997026385786,1.261581524133169,0.0
154,3.08,idle,locomotion,0,1.9900000095367432,-0.14000000059604645,0.10973345824050044,-0.04214636792610106,0.002988725722733729,0.7301056367054034,1.2610752838790673,-0.000506697781807227,1.2615819816608744,0.0
155,3.1,idle,locomotion,0,1.9900000095367432,-0.14000000059604645,0.10973345824050044,-0.042140841432794104,0.002979530361081148,0.7301067549140416,1.2610757635612122,-0.0005066957287245336,1.2615824592899367,0.0
156,3.12,idle,locomotion,0,1.9900000095367432,-0.14000000059604645,0.10973345824050044,-0.04213531283002435,0.002970383435350653,0.7301078989005605,1.2610762625358412,-0.0005066935775770026,1.2615829561134182,0.0
157,3.14,idle,locomotion,0,1.9900000095367432,-0.14000000059604645,0.10973345824050044,-0.04212978149182135,0.0029612825307417383,0.7301090657343442,1.261076778562582,-0.0005066912205400446,1.261583469783122,0.0
158,3.16,idle,locomotion,0,1.9900000095367432,-0.14000000059604645,0.10973345824050044,-0.042124248185801495,0.0029522226714541362,0.7301102530927938,1.2610773095244339,-0.0005066886478027333,1.2615839981722365,0.0
159,3.18,idle,locomotion,0,1.9900000095367432,-0.14000000059604645,0.10973345824050044,-0.04211871378010202,0.0029431980986853643,0.7301114610159595,1.2610778554464583,-0.0005066860736324154,1.2615845415200908,0.0
160,3.2,idle,locomotion,0,1.9900000095367432,-0.14000000059604645,0.10973345824050044,-0.04211317730336371,0.0029342029616936287,0.730112689844772,1.2610784173151992,-0.0005066834971982279,1.2615851008123975,0.0
161,3.22,idle,locomotion,0,1.9900000095367432,-0.14000000059604645,0.10973345824050044,-0.04210763882330623,0.0029252333648091566,0.7301139376386095,1.2610789937021838,-0.0005066807825742405,1.261585674484758,0.0
162,3.24,idle,locomotion,0,1.9900000095367432,-0.14000000059604645,0.10973345824050044,-0.04210209990687159,0.002916285016338101,0.7301152019658158,1.2610795821225491,-0.0005066779431955014,1.2615862600657446,0.0
163,3.26,idle,locomotion,0,1.9900000095367432,-0.14000000059604645,0.10973345824050044,-0.042096561710144156,0.002907353450331061,0.7301164821728583,1.2610801818877146,-0.0005066750696559492,1.2615868569573705,0.0
164,3.28,idle,locomotion,0,1.9900000095367432,-0.14000000059604645,0.10973345824050044,-0.04209102429121102,0.002898434984137518,0.7301177773062252,1.2610807924965552,-0.0005066721817071212,1.2615874646782623,0.0
165,3.3,idle,locomotion,0,1.9900000095367432,-0.14000000059604645,0.10973345824050044,-0.04208548822138907,0.0028895262735518464,0.7301190865498559,1.2610814133786077,-0.0005066692169378197,1.2615880825955454,0.0
166,3.32,idle,locomotion,0,1.9900000095367432,-0.14000000059604645,0.10973345824050044,-0.042079954091019445,0.0028806230302902127,0.7301204090631571,1.2610820439230497,-0.0005066662775657024,1.2615887102006154,0.0
167,3.34,idle,locomotion,0,1.9900000095367432,-0.14000000059604645,0.10973345824050044,-0.04207442246782679,0.002871720862554366,0.7301217447774719,1.2610826841660232,-0.0005066633961051635,1.2615893475621283,0.0
168,3.36,idle,locomotion,0,1.9900000095367432,-0.14000000059604645,0.10973345824050044,-0.04206889433287358,0.0028628152466136456,0.73012309319928,1.2610833336212492,-0.0005066605134683988,1.2615899941347177,0.0
169,3.38,idle,locomotion,0,1.9900000095367432,-0.14000000059604645,0.10973345824050044,-0.04206337032913428,0.002853905065413843,0.7301244531795253,1.2610839913760619,-0.0005066575790300641,1.2615906489550919,0.0
170,3.4,idle,locomotion,0,1.9900000095367432,-0.14000000059604645,0.10973345824050044,-0.042057850093356164,0.002844989535234651,0.7301258229569753,1.261084656314405,-0.0005066546181274299,1.2615913109325323,0.0
171,3.42,idle,locomotion,0,1.9900000095367432,-0.14000000059604645,0.10973345824050044,-0.0420523343310149,0.0028360667585069937,0.7301272019585342,1.2610853280406917,-0.0005066516079409028,1.2615919796486326,0.0
172,3.44,idle,locomotion,0,1.9900000095367432,-0.14000000059604645,0.10973345824050044,-0.042046823860386086,0.00282713396040192,0.7301285894129194,1.2610860059703732,-0.0005066486218875121,1.2615926545922607,0.0
173,3.46,idle,locomotion,0,1.9900000095367432,-0.14000000059604645,0.10973345824050044,-0.04204132034895519,0.002818187260346741,0.7301299840068397,1.261086688651609,-0.0005066455941627884,1.2615933342457717,0.0
174,3.48,idle,locomotion,0,1.9900000095367432,-0.14000000059604645,0.10973345824050044,-0.042035824702915836,0.0028092255224659,0.7301313866292608,1.2610873768667232,-0.0005066426808821717,1.2615940195476054,0.0
175,3.5,idle,locomotion,0,1.9900000095367432,-0.14000000059604645,0.10973345824050044,-0.04203033694658385,0.0028002483819606324,0.7301327965489165,1.2610880703196636,-0.0005066397271189724,1.2615947100467826,0.0
176,3.52,idle,locomotion,0,1.9900000095367432,-0.14000000059604645,0.10973345824050044,-0.042024858050215816,0.0027912531025568866,0.7301342120317164,1.2610887672956952,-0.000506636719727005,1.2615954040154223,0.0
177,3.54,idle,locomotion,0,1.9900000095367432,-0.14000000059604645,0.10973345824050044,-0.042019388444978115,0.002782238701582292,0.7301356337476343,1.2610894684939722,-0.0005066338429990241,1.2615961023369713,0.0
178,3.56,idle,locomotion,0,1.9900000095367432,-0.14000000059604645,0.10973345824050044,-0.0420139284429679,0.0027732055127377116,0.7301370611615466,1.261090173723439,-0.0005066308848470577,1.2615968046082862,0.0
179,3.58,idle,locomotion,0,1.9900000095367432,-0.14000000059604645,0.10973345824050044,-0.04200847856332693,0.002764152145265083,0.7301384935609662,1.2610908823470603,-0.0005066280019372822,1.2615975103489976,0.0
180,3.6,idle,locomotion,0,1.9900000095367432,-0.14000000059604645,0.10973345824050044,-0.042003039671078074,0.002755076218287711,0.7301399292875934,1.261091592740883,-0.0005066251421507809,1.2615982178830338,0.0
181,3.62,idle,locomotion,0,1.9900000095367432,-0.14000000059604645,0.10973345824050044,-0.04199761178009806,0.002745976352747527,0.7301413708360494,1.2610923072478395,-0.0005066225075583131,1.2615989297553978,0.0
182,3.64,idle,locomotion,0,1.9900000095367432,-0.14000000059604645,0.10973345824050044,-0.04199219499512857,0.0027368557907696467,0.7301428169768011,1.2610930252753045,-0.0005066197031893226,1.2615996449784939,0.0
183,3.66,idle,locomotion,0,1.9900000095367432,-0.14000000059604645,0.10973345824050044,-0.04198679062553527,0.0027277166493066196,0.7301442646659557,1.261093743864992,-0.000506616749793843,1.2616003606147859,0.0
184,3.68,idle,locomotion,0,1.9900000095367432,-0.14000000059604645,0.10973345824050044,-0.04198139926064259,0.002718556670419407,0.7301457146096448,1.2610944636210153,-0.0005066138708255466,1.261601077491841,0.0
185,3.7,idle,locomotion,0,1.9900000095367432,-0.14000000059604645,0.10973345824050044,-0.041976021230340894,0.002709374929922779,0.730147166679869,1.2610951845945568,-0.0005066110130829936,1.2616017956076397,0.0
186,3.72,idle,locomotion,0,1.9900000095367432,-0.14000000059604645,0.10973345824050044,-0.04197065735158489,0.0027001708919945798,0.7301486214075731,1.2610959071156944,-0.0005066083124417031,1.261602515428136,0.0
187,3.74,idle,locomotion,0,1.9900000095367432,-0.14000000059604645,0.10973345824050044,-0.04196530895699664,0.002690944343961921,0.7301500787384427,1.261096630887679,-0.0005066055393205676,1.2616032364269996,0.0
188,3.76,idle,locomotion,0,1.9900000095367432,-0.14000000059604645,0.10973345824050044,-0.04195997600609796,0.0026816951503202745,0.730151539101981,1.261097356339665,-0.0005066028534810342,1.261603959193146,0.0
189,3.78,idle,locomotion,0,1.9900000095367432,-0.14000000059604645,0.10973345824050044,-0.04195465789124506,0.002672423559355259,0.7301530008067287,1.2610980823093059,-0.000506600208079324,1.2616046825173852,0.0
190,3.8,idle,locomotion,0,1.9900000095367432,-0.14000000059604645,0.10973345824050044,-0.04194935494882598,0.0026631302687507743,0.7301544626712543,1.2610988077967318,-0.0005065975160505054,1.2616054053127823,0.0
191,3.82,idle,locomotion,0,1.9900000095367432,-0.14000000059604645,0.10973345824050044,-0.04194406824908376,0.002653815783596026,0.7301559245868591,1.2610995325963261,-0.0005065948564511452,1.2616061274527772,0.0
192,3.84,idle,locomotion,0,1.9900000095367432,-0.14000000059604645,0.10973345824050044,-0.04193879773927039,0.002644480545847518,0.7301573875929355,1.2611002577617192,-0.0005065923948678157,1.261606850156587,0.0
193,3.86,idle,locomotion,0,1.9900000095367432,-0.14000000059604645,0.10973345824050044,-0.04193354375809967,0.002635124963667968,0.730158852578259,1.261100984147768,-0.0005065898711937578,1.2616075740189618,0.0
194,3.88,idle,locomotion,0,1.9900000095367432,-0.14000000059604645,0.10973345824050044,-0.04192830663187149,0.002625749897149543,0.7301603189211657,1.2611017111111817,-0.0005065873258048685,1.2616082984369865,0.0
195,3.9,idle,locomotion,0,1.9900000095367432,-0.14000000059604645,0.10973345824050044,-0.04192308633557165,0.0026163547216289528,0.7301617858228667,1.2611024378209386,-0.0005065847985570894,1.2616090226194956,0.0
196,3.92,idle,locomotion,0,1.9900000095367432,-0.14000000059604645,0.10973345824050044,-0.041917883669990844,0.002606939876489285,0.7301632528457058,1.2611031636070444,-0.0005065822574843344,1.2616097458645288,0.0
197,3.94,idle,locomotion,0,1.9900000095367432,-0.14000000059604645,0.10973345824050044,-0.04191269797690948,0.0025975085566028646,0.7301647200245591,1.261103888876733,-0.0005065796858560179,1.261610468562589,0.0
198,3.96,idle,locomotion,0,1.9900000095367432,-0.14000000059604645,0.10973345824050044,-0.04190752859032726,0.002588061870624929,0.7301661870551763,1.2611046137007198,-0.0005065771910030964,1.261611190891723,0.0
199,3.98,idle,locomotion,0,1.9900000095367432,-0.14000000059604645,0.10973345824050044,-0.04190237549862558,0.0025785995190266827,0.7301676537731547,1.2611053379667274,-0.0005065747155825369,1.26161191268231,0.0
200,4.0,idle,locomotion,0,1.9900000095367432,-0.14000000059604645,0.10973345824050044,-0.041897239036725945,0.0025691204941374955,0.7301691207310712,1.261106062039059,-0.0005065722876604027,1.2616126343267196,0.0
201,4.02,idle,locomotion,0,1.9900000095367432,-0.14000000059604645,0.10973345824050044,-0.04189211969298262,0.002559627218769313,0.7301705869939226,1.261106785038062,-0.0005065698308913853,1.2616133548689534,0.0
202,4.04,idle,locomotion,0,1.9900000095367432,-0.14000000059604645,0.10973345824050044,-0.04188701841323549,0.0025501218837282883,0.7301720513976485,1.2611075057750127,-0.0005065672451737627,1.2616140730201866,0.0
203,4.06,idle,locomotion,0,1.9900000095367432,-0.14000000059604645,0.10973345824050044,-0.04188193555286175,0.00254060420114147,0.7301735149711237,1.2611082251908459,-0.0005065647651585695,1.2616147899560044,0.0
204,4.08,idle,locomotion,0,1.9900000095367432,-0.14000000059604645,0.10973345824050044,-0.041876871027468225,0.0025310748737408825,0.7301749775392151,1.2611089434625258,-0.0005065621878507613,1.2616155056503766,0.0
205,4.1,idle,locomotion,0,1.9900000095367432,-0.14000000059604645,0.10973345824050044,-0.041871824723833835,0.0025215331406055175,0.7301764388779886,1.2611096603988559,-0.0005065597738508343,1.2616162201727068,0.0
206,4.12,idle,locomotion,0,1.9900000095367432,-0.14000000059604645,0.10973345824050044,-0.041866797135264255,0.0025119789474478617,0.7301778991019117,1.2611103759525626,-0.0005065574343542517,1.261616933386917,0.0
207,4.14,idle,locomotion,0,1.9900000095367432,-0.14000000059604645,0.10973345824050044,-0.041861789173623015,0.0025024133122829428,0.7301793585096834,1.2611110901886893,-0.000506555083503106,1.2616176452721923,0.0
208,4.16,idle,locomotion,0,1.9900000095367432,-0.14000000059604645,0.10973345824050044,-0.041856801031522596,0.0024928368714943086,0.73018081638416,1.2611118024247532,-0.0005065526998892893,1.2616183551246425,0.0
209,4.18,idle,locomotion,0,1.9900000095367432,-0.14000000059604645,0.10973345824050044,-0.04185183213913032,0.0024832504787313573,0.7301822727419895,1.2611125128208913,-0.0005065503336545707,1.2616190631545459,0.0
210,4.2,idle,locomotion,0,1.9900000095367432,-0.14000000059604645,0.10973345824050044,-0.041846882106425794,0.002473653239981389,0.7301837281252733,1.2611132219620322,-0.0005065480274183999,1.2616197699894507,0.0
211,4.22,idle,locomotion,0,1.9900000095367432,-0.14000000059604645,0.10973345824050044,-0.041841951505684385,0.002464045359428532,0.7301851815649367,1.261113928750205,-0.0005065456509408331,1.2616204744011457,0.0
212,4.24,idle,locomotion,0,1.9900000095367432,-0.14000000059604645,0.10973345824050044,-0.041837040477018334,0.002454429264535909,0.7301866335047287,1.2611146335664003,-0.000506543365499771,1.2616211769319001,0.0
213,4.26,idle,locomotion,0,1.9900000095367432,-0.14000000059604645,0.10973345824050044,-0.04183214818734469,0.0024448074900653687,0.7301880842774751,1.2611153371627948,-0.0005065410355993422,1.261621878198394,0.0
214,4.28,idle,locomotion,0,1.9900000095367432,-0.14000000059604645,0.10973345824050044,-0.0418272741061665,0.0024351772940133087,0.7301895337099378,1.2611160393953285,-0.0005065388019495805,1.261622578197278,0.0
215,4.3,idle,locomotion,0,1.9900000095367432,-0.14000000059604645,0.10973345824050044,-0.04182241914331565,0.0024255388276218986,0.7301909815402108,1.2611167397511625,-0.0005065365155225224,1.261623276266685,0.0
216,4.32,idle,locomotion,0,1.9900000095367432,-0.14000000059604645,0.10973345824050044,-0.04181758362079705,0.0024158945869724997,0.7301924271063404,1.2611174376806928,-0.0005065341876097466,1.2616239718683027,0.0
217,4.34,idle,locomotion,0,1.9900000095367432,-0.14000000059604645,0.10973345824050044,-0.041812767459700445,0.0024062436797929977,0.7301938707540014,1.261118133530162,-0.0005065319133669213,1.261624665443529,0.0
218,4.36,idle,locomotion,0,1.9900000095367432,-0.14000000059604645,0.10973345824050044,-0.0418079708965763,0.0023965854484290132,0.7301953127766925,1.261118827533544,-0.0005065296656722208,1.2616253571992164,0.0
219,4.38,idle,locomotion,0,1.9900000095367432,-0.14000000059604645,0.10973345824050044,-0.0418031942022514,0.0023869209984622142,0.7301967531386214,1.2611195196689216,-0.00050652742757374,1.2616260470964953,0.0
220,4.4,idle,locomotion,0,1.9900000095367432,-0.14000000059604645,0.10973345824050044,-0.04179843751555077,0.002377250579492523,0.7301981910393317,1.2611202091806981,-0.0005065251267828488,1.261626734307481,0.0
221,4.42,idle,locomotion,0,1.9900000095367432,-0.14000000059604645,0.10973345824050044,-0.04179370066641467,0.002367571655821153,0.7301996276438715,1.261120896932867,-0.0005065230539424079,1.2616274199868096,0.0
222,4.44,idle,locomotion,0,1.9900000095367432,-0.14000000059604645,0.10973345824050044,-0.041788983705116765,0.002357883518059949,0.7302010628635887,1.2611215827496183,-0.0005065209382000002,1.2616281036878183,0.0
223,4.46,idle,locomotion,0,1.9900000095367432,-0.14000000059604645,0.10973345824050044,-0.041784286302267284,0.002348189911700859,0.7302024961612112,1.2611222662847008,-0.0005065187950926524,1.2616287850797934,0.0
224,4.48,idle,locomotion,0,1.9900000095367432,-0.14000000059604645,0.10973345824050044,-0.04177960777473864,0.002338490014644692,0.7302039274503284,1.261122947607028,-0.0005065167372952963,1.2616294643443233,0.0
225,4.5,idle,locomotion,0,1.9900000095367432,-0.14000000059604645,0.10973345824050044,-0.041774948517464855,0.002328782918988339,0.7302053569095149,1.2611236267405626,-0.0005065146337940689,1.2616301413743567,0.0
226,4.52,idle,locomotion,0,1.9900000095367432,-0.14000000059604645,0.10973345824050044,-0.04177030877415351,0.002319070155946486,0.7302067843554965,1.2611243035880166,-0.0005065124317768024,1.2616308160197935,0.0
227,4.54,idle,locomotion,0,1.9900000095367432,-0.14000000059604645,0.10973345824050044,-0.04176568878437641,0.002309351686103346,0.7302082084315344,1.2611249767779467,-0.000506510302136897,1.2616314870800835,0.0
228,4.56,idle,locomotion,0,1.9900000095367432,-0.14000000059604645,0.10973345824050044,-0.04176108800829041,0.002299626695244402,0.7302096311320039,1.26112564817859,-0.0005065083513457296,1.2616321565299358,0.0
229,4.58,idle,locomotion,0,1.9900000095367432,-0.14000000059604645,0.10973345824050044,-0.04175650631383794,0.0022898965877315735,0.7302110521149644,1.2611263177854406,-0.0005065062858385823,1.261632824071279,0.0
230,4.6,idle,locomotion,0,1.9900000095367432,-0.14000000059604645,0.10973345824050044,-0.041751943659279124,0.0022801601542069686,0.7302124708837459,1.2611269850539886,-0.0005065042657229069,1.2616334893197114,0.0
231,4.62,idle,locomotion,0,1.9900000095367432,-0.14000000059604645,0.10973345824050044,-0.041747399720623315,0.00227041746101156,0.7302138886615505,1.2611276512488248,-0.0005065023278075544,1.2616341535766322,0.0
232,4.64,idle,locomotion,0,1.9900000095367432,-0.14000000059604645,0.10973345824050044,-0.0417428743295374,0.0022606698440546073,0.7302153043753297,1.261128315499893,-0.0005065003875900989,1.261634815887483,0.0
233,4.66,idle,locomotion,0,1.9900000095367432,-0.14000000059604645,0.10973345824050044,-0.041738367997476614,0.002250915750945653,0.7302167175511723,1.2611289770673826,-0.0005064984797197615,1.2616354755471024,0.0
234,4.68,idle,locomotion,0,1.9900000095367432,-0.14000000059604645,0.10973345824050044,-0.04173388110729249,0.002241153447746444,0.730218128697875,1.2611296362087963,-0.0005064966220223351,1.2616361328308185,0.0
235,4.7,idle,locomotion,0,1.9900000095367432,-0.14000000059604645,0.10973345824050044,-0.04172941346092989,0.0022313856791244344,0.7302195379205216,1.2611302931881352,-0.0005064947590828414,1.2616367879472181,0.0
236,4.72,idle,locomotion,0,1.9900000095367432,-0.14000000059604645,0.10973345824050044,-0.041724964806617984,0.0022216122800230572,0.7302209456246175,1.2611309484639683,-0.0005064929585495044,1.2616374414225178,0.0
237,4.74,idle,locomotion,0,1.9900000095367432,-0.14000000059604645,0.10973345824050044,-0.04172053610417783,0.002211832063883172,0.7302223501797578,1.2611316002435604,-0.0005064910582107916,1.2616380913017713,0.0
238,4.76,idle,locomotion,0,1.9900000095367432,-0.14000000059604645,0.10973345824050044,-0.04171612695190688,0.0022020458336857937,0.7302237525245957,1.2611322494196218,-0.0005064892991168621,1.2616387387187387,0.0
239,4.78,idle,locomotion,0,1.9900000095367432,-0.14000000059604645,0.10973345824050044,-0.04171173626357841,0.0021922538114237124,0.7302251532005805,1.2611328969226374,-0.0005064876088693056,1.2616393845315068,0.0
240,4.8,idle,locomotion,0,1.9900000095367432,-0.14000000059604645,0.10973345824050044,-0.041707364107188456,0.0021824556512438204,0.730226551689425,1.261133542212637,-0.000506485950892973,1.26164002816353,0.0
241,4.82,idle,locomotion,0,1.9900000095367432,-0.14000000059604645,0.10973345824050044,-0.041703010815174295,0.0021726521574206097,0.730227948487669,1.2611341856962603,-0.0005064842467089846,1.2616406699429694,0.0
242,4.84,idle,locomotion,0,1.9900000095367432,-0.14000000059604645,0.10973345824050044,-0.04169867593152186,0.00216284297097719,0.7302293437047601,1.261134827611464,-0.0005064825670904084,1.2616413101785544,0.0
243,4.86,idle,locomotion,0,1.9900000095367432,-0.14000000059604645,0.10973345824050044,-0.04169435959960402,0.0021530276711777814,0.7302307369047288,1.2611354673957529,-0.0005064809264644816,1.2616419483222174,0.0
244,4.88,idle,locomotion,0,1.9900000095367432,-0.14000000059604645,0.10973345824050044,-0.04169006243515212,0.0021432060991132124,0.7302321279732481,1.2611361046671556,-0.0005064792267837903,1.2616425838939394,0.0
245,4.9,idle,locomotion,0,1.9900000095367432,-0.14000000059604645,0.10973345824050044,-0.04168578470700341,0.002133378554790032,0.730233516081634,1.2611367385889238,-0.0005064775457490518,1.261643216134673,0.0
246,4.92,idle,locomotion,0,1.9900000095367432,-0.14000000059604645,0.10973345824050044,-0.04168152579900451,0.0021235456275707732,0.7302349020530599,1.2611373701258048,-0.0005064760205309368,1.2616438461463357,0.0
247,4.94,idle,locomotion,0,1.9900000095367432,-0.14000000059604645,0.10973345824050044,-0.04167728575913256,0.002113707542691898,0.7302362854614263,1.2611379991153895,-0.0005064744198457448,1.2616444735352352,0.0
248,4.96,idle,locomotion,0,1.9900000095367432,-0.14000000059604645,0.10973345824050044,-0.041673064400603164,0.002103863201621854,0.7302376668503086,1.261138626052782,-0.0005064729402024307,1.2616450989929844,0.0
249,4.98,idle,locomotion,0,1.9900000095367432,-0.14000000059604645,0.10973345824050044,-0.041668861596787454,0.002094011991242912,0.7302390467747756,1.2611392515317954,-0.000506471523788285,1.2616457230555838,0.0
250,5.0,idle,locomotion,0,1.9900000095367432,-0.14000000059604645,0.10973345824050044,-0.04166467736228099,0.002084155118932296,0.7302404253413391,1.261139875680447,-0.0005064701060778359,1.2616463457865248,0.0
251,5.02,idle,locomotion,0,1.9900000095367432,-0.14000000059604645,0.10973345824050044,-0.041660511656467586,0.0020742931049111822,0.7302418018456599,1.2611404978963683,-0.0005064686833252639,1.2616469665796934,0.0
252,5.04,idle,locomotion,0,1.9900000095367432,-0.14000000059604645,0.10973345824050044,-0.04165636497099924,0.002064425776473682,0.7302431759956716,1.2611411177259586,-0.000506467249088139,1.2616475849750468,0.0
253,5.06,idle,locomotion,0,1.9900000095367432,-0.14000000059604645,0.10973345824050044,-0.041652237613706435,0.002054552846683897,0.7302445476464113,1.261141734941491,-0.000506465887167129,1.2616482008286583,0.0
254,5.08,idle,locomotion,0,1.9900000095367432,-0.14000000059604645,0.10973345824050044,-0.04164812955167004,0.002044673890617615,0.7302459171478016,1.2611423498651568,-0.0005064645834531138,1.26164881444861,0.0
255,5.1,idle,locomotion,0,1.9900000095367432,-0.14000000059604645,0.10973345824050044,-0.0416440403106325,0.0020347885214371014,0.7302472858594501,1.2611429638525764,-0.0005064634494458022,1.2616494273020222,0.0
256,5.12,idle,locomotion,0,1.9900000095367432,-0.14000000059604645,0.10973345824050044,-0.04163997004041349,0.002024899000367775,0.7302486519736993,1.2611435753622473,-0.0005064621127984018,1.2616500374750457,0.0
257,5.14,idle,locomotion,0,1.9900000095367432,-0.14000000059604645,0.10973345824050044,-0.04163591627921083,0.0020149978840353668,0.7302500098060467,1.2611441790202855,-0.0005064609268655533,1.261650639947151,0.0
258,5.16,idle,locomotion,0,1.9900000095367432,-0.14000000059604645,0.10973345824050044,-0.04163187970457842,0.002005080075709401,0.7302513653370607,1.261144779996261,-0.0005064598003425881,1.2616512397966035,0.0
259,5.18,idle,locomotion,0,1.9900000095367432,-0.14000000059604645,0.10973345824050044,-0.04162786088239565,0.0019951459327335534,0.7302527198226619,1.2611453797429024,-0.0005064587372439373,1.2616518384801463,0.0
260,5.2,idle,locomotion,0,1.9900000095367432,-0.14000000059604645,0.10973345824050044,-0.0416238589561289,0.00198519239164822,0.7302540722662019,1.2611459776105463,-0.0005064578747573829,1.2616524354853036,0.0
261,5.22,idle,locomotion,0,1.9900000095367432,-0.14000000059604645,0.10973345824050044,-0.04161987383801512,0.00197521815800143,0.7302554256755505,1.2611465756523648,-0.0005064571858602596,1.261653032838225,0.0
262,5.24,idle,locomotion,0,1.9900000095367432,-0.14000000059604645,0.10973345824050044,-0.04161590438849161,0.001965223411836977,0.7302567790324335,1.261147172995377,-0.0005064564224935598,1.2616536294178704,0.0
263,5.26,idle,locomotion,0,1.9900000095367432,-0.14000000059604645,0.10973345824050044,-0.04161195017058139,0.0019552067935360256,0.7302581299617928,1.2611477685666004,-0.0005064557234313732,1.2616542242900317,0.0
264,5.28,idle,locomotion,0,1.9900000095367432,-0.14000000059604645,0.10973345824050044,-0.04160801239572784,0.0019451672236382779,0.7302594802891317,1.2611483631528193,-0.0005064550910000021,1.2616548182438194,0.0
265,5.3,idle,locomotion,0,1.9900000095367432,-0.14000000059604645,0.10973345824050044,-0.04160408954724761,0.0019351065214926462,0.7302608314305804,1.2611489573667256,-0.000506454696670211,1.2616554120633958,0.0
266,5.32,idle,locomotion,0,1.9900000095367432,-0.14000000059604645,0.10973345824050044,-0.04160018123792483,0.0019250235340183626,0.7302621812683349,1.261149550542226,-0.0005064541620488222,1.2616560047042749,0.0
267,5.34,idle,locomotion,0,1.9900000095367432,-0.14000000059604645,0.10973345824050044,-0.041596288968133166,0.001914915252622537,0.7302635296757918,1.2611501420828994,-0.0005064535857162017,1.2616565956686157,0.0
268,5.36,idle,locomotion,0,1.9900000095367432,-0.14000000059604645,0.10973345824050044,-0.041592411948196226,0.001904782321644122,0.7302648774364062,1.2611507316564436,-0.0005064533540309057,1.2616571850104745,0.0
269,5.38,idle,locomotion,0,1.9900000095367432,-0.14000000059604645,0.10973345824050044,-0.041588548896843984,0.001894625843515817,0.730266224224219,1.2611513206503338,-0.0005064531050952732,1.261657773755429,0.0
270,5.4,idle,locomotion,0,1.9900000095367432,-0.14000000059604645,0.10973345824050044,-0.041584699854444365,0.0018844437998954302,0.730267568092075,1.2611519072497341,-0.0005064528722720958,1.2616583601220062,0.0
271,5.42,idle,locomotion,0,1.9900000095367432,-0.14000000059604645,0.10973345824050044,-0.0415808659570325,0.0018742380548632202,0.7302689113608732,1.2611524924579351,-0.0005064528497494211,1.2616589453076845,0.0
272,5.44,idle,locomotion,0,1.9900000095367432,-0.14000000059604645,0.10973345824050044,-0.04157704742365302,0.001864008207848785,0.7302702525385425,1.2611530760121012,-0.0005064528346690016,1.2616595288467702,0.0
273,5.46,idle,locomotion,0,1.9900000095367432,-0.14000000059604645,0.10973345824050044,-0.04157324498906891,0.0018537556971368278,0.7302715935604958,1.261153658244294,-0.0005064529037806347,1.2616601111480745,0.0
274,5.48,idle,locomotion,0,1.9900000095367432,-0.14000000059604645,0.10973345824050044,-0.04156945797540109,0.0018434803886222882,0.7302729323906424,1.2611542393291397,-0.0005064529666030521,1.2616606922957427,0.0
275,5.5,idle,locomotion,0,1.9900000095367432,-0.14000000059604645,0.10973345824050044,-0.041565687122470746,0.0018331829313511217,0.7302742711519004,1.26115481870248,-0.000506453270581686,1.2616612719730615,0.0
276,5.52,idle,locomotion,0,1.9900000095367432,-0.14000000059604645,0.10973345824050044,-0.04156193235630528,0.0018228641515090503,0.7302756085412356,1.2611553965950364,-0.0005064535095474498,1.2616618501045838,0.0
277,5.54,idle,locomotion,0,1.9900000095367432,-0.14000000059604645,0.10973345824050044,-0.04155819357377205,0.0018125243409291335,0.7302769438393215,1.2611559725341215,-0.000506453723133099,1.2616624262572547,0.0
278,5.56,idle,locomotion,0,1.9900000095367432,-0.14000000059604645,0.10973345824050044,-0.04155447150367019,0.0018021643756829845,0.7302782769925412,1.2611565460896645,-0.0005064540791059786,1.2616630001687705,0.0
279,5.58,idle,locomotion,0,1.9900000095367432,-0.14000000059604645,0.10973345824050044,-0.0415507664535472,0.0017917858048753848,0.7302796097702149,1.261157118928325,-0.0005064546058747184,1.2616635735341997,0.0
280,5.6,idle,locomotion,0,1.9900000095367432,-0.14000000059604645,0.10973345824050044,-0.04154707807300274,0.001781388727276753,0.7302809411519051,1.2611576895936967,-0.0005064551949052372,1.261664144788602,0.0
281,5.62,idle,locomotion,0,1.9900000095367432,-0.14000000059604645,0.10973345824050044,-0.041543406602860135,0.001770974504417171,0.7302822706171269,1.261158258454778,-0.0005064557323823347,1.2616647141871604,0.0
282,5.64,idle,locomotion,0,1.9900000095367432,-0.14000000059604645,0.10973345824050044,-0.04153975198257294,0.0017605433397722098,0.7302835994338918,1.2611588265033877,-0.0005064562754907818,1.2616652827788786,0.0
283,5.66,idle,locomotion,0,1.9900000095367432,-0.14000000059604645,0.10973345824050044,-0.04153611459057333,0.0017500973572944336,0.7302849253741623,1.26115939201637,-0.0005064568269974624,1.2616658488433674,0.0
284,5.68,idle,locomotion,0,1.9900000095367432,-0.14000000059604645,0.10973345824050044,-0.04153249455413792,0.0017396368601597983,0.7302862509861054,1.26115995639792,-0.0005064575960676797,1.2616664139939875,0.0
285,5.7,idle,locomotion,0,1.9900000095367432,-0.14000000059604645,0.10973345824050044,-0.0415288921202852,0.0017291598191206381,0.7302875737634027,1.2611605184992984,-0.0005064582936305032,1.261666976792929,0.0
286,5.72,idle,locomotion,0,1.9900000095367432,-0.14000000059604645,0.10973345824050044,-0.0415253085888066,0.001718668013997952,0.7302888956659761,1.26116107894603,-0.0005064591155839841,1.2616675380616138,0.0
287,5.74,idle,locomotion,0,1.9900000095367432,-0.14000000059604645,0.10973345824050044,-0.04152174336658336,0.0017081619803559524,0.7302902150178101,1.2611616368306053,-0.0005064600022238637,1.261668096832829,0.0
288,5.76,idle,locomotion,0,1.9900000095367432,-0.14000000059604645,0.10973345824050044,-0.041518197638506636,0.0016976435446479886,0.7302915326276016,1.2611621925289753,-0.0005064609734638965,1.2616686535024393,0.0
289,5.78,idle,locomotion,0,1.9900000095367432,-0.14000000059604645,0.10973345824050044,-0.04151467241496609,0.0016871122333437017,0.7302928498855356,1.2611627470875943,-0.0005064619459426087,1.2616692090335369,0.0
290,5.8,idle,locomotion,0,1.9900000095367432,-0.14000000059604645,0.10973345824050044,-0.04151116655604861,0.0016765678747728508,0.7302941659620582,1.2611632997243976,-0.0005064630135685096,1.261669762737966,0.0
291,5.82,idle,locomotion,0,1.9900000095367432,-0.14000000059604645,0.10973345824050044,-0.04150767918159059,0.0016660119641010074,0.7302954797567922,1.2611638498723814,-0.0005064641512967372,1.2616703140236782,0.0
292,5.84,idle,locomotion,0,1.9900000095367432,-0.14000000059604645,0.10973345824050044,-0.0415042109135508,0.0016554465191914347,0.7302967918477692,1.2611643986657,-0.0005064652647060672,1.261670863930406,0.0
293,5.86,idle,locomotion,0,1.9900000095367432,-0.14000000059604645,0.10973345824050044,-0.041500762952464514,0.0016448749385848387,0.7302981039315884,1.2611649471750688,-0.000506466467724731,1.2616714136427936,0.0
294,5.88,idle,locomotion,0,1.9900000095367432,-0.14000000059604645,0.10973345824050044,-0.04149733561777932,0.0016342966105598608,0.7302994136061006,1.261165493155877,-0.0005064676126961716,1.2616719607685731,0.0
295,5.9,idle,locomotion,0,1.9900000095367432,-0.14000000059604645,0.10973345824050044,-0.04149393161814517,0.0016237178296163572,0.7303007235732945,1.261166039028434,-0.00050646879708071,1.2616725078255147,0.0
296,5.92,idle,locomotion,0,1.9900000095367432,-0.14000000059604645,0.10973345824050044,-0.04149055203687808,0.0016131427138066441,0.7303020325169093,1.2611665834659576,-0.0005064700071393952,1.2616730534730969,0.0
297,5.94,idle,locomotion,0,1.9900000095367432,-0.14000000059604645,0.10973345824050044,-0.04148719735688016,0.0016025727149205692,0.7303033398824419,1.2611671259024881,-0.0005064712039562838,1.2616735971064443,0.0
298,5.96,idle,locomotion,0,1.9900000095367432,-0.14000000059604645,0.10973345824050044,-0.04148386768025106,0.0015920087489758408,0.7303046454544508,1.2611676661367779,-0.0005064725015006752,1.2616741386382786,0.0
299,5.98,idle,locomotion,0,1.9900000095367432,-0.14000000059604645,0.10973345824050044,-0.041480563522416636,0.0015814532280047841,0.7303059471767056,1.2611682022459911,-0.000506473738216516,1.2616746759842077,0.0
300,6.0,idle,locomotion,0,1.9900000095367432,-0.14000000059604645,0.10973345824050044,-0.0414772848107722,0.0015709073413222709,0.7303072462646354,1.2611687353324834,-0.0005064751117644754,1.261675210444248,0.0
301,6.02,idle,locomotion,0,1.9900000095367432,-0.14000000059604645,0.10973345824050044,-0.041474031803778316,0.001560372381295118,0.7303085433037636,1.2611692660747218,-0.0005064765139767835,1.2616757425886986,0.0
302,6.04,idle,locomotion,0,1.9900000095367432,-0.14000000059604645,0.10973345824050044,-0.041470804429092456,0.0015498520923921807,0.7303098394027603,1.261169795708518,-0.0005064778112085812,1.2616762735197264,0.0
303,6.06,idle,locomotion,0,1.9900000095367432,-0.14000000059604645,0.10973345824050044,-0.041467602919825264,0.001539347625915542,0.7303111322624097,1.2611703222379627,-0.000506478993794874,1.2616768012317576,0.0
304,6.08,idle,locomotion,0,1.9900000095367432,-0.14000000059604645,0.10973345824050044,-0.041464427848843924,0.0015288593883298427,0.7303124214589591,1.261170845035756,-0.0005064802041340639,1.26167732523989,0.0
305,6.1,idle,locomotion,0,1.9900000095367432,-0.14000000059604645,0.10973345824050044,-0.04146127926336774,0.0015183880410727783,0.7303137080730682,1.2611713653102472,-0.0005064814818330314,1.2616778467920802,0.0
306,6.12,idle,locomotion,0,1.9900000095367432,-0.14000000059604645,0.10973345824050044,-0.04145815824551524,0.0015079336675453258,0.7303149915853958,1.2611718823082692,-0.0005064827507215569,1.2616783650589907,0.0
307,6.14,idle,locomotion,0,1.9900000095367432,-0.14000000059604645,0.10973345824050044,-0.0414550653938651,0.0014974974625000682,0.7303162723474904,1.2611723961919927,-0.00050648407104293,1.2616788802630357,0.0
308,6.16,idle,locomotion,0,1.9900000095367432,-0.14000000059604645,0.10973345824050044,-0.04145200071855944,0.0014870802073225831,0.7303175497541552,1.261172906567452,-0.0005064852988721363,1.261679391866324,0.0
309,6.18,idle,locomotion,0,1.9900000095367432,-0.14000000059604645,0.10973345824050044,-0.04144896455805242,0.0014766803551517866,0.7303188253225239,1.2611734146229314,-0.0005064866405913408,1.2616799012635227,0.0
310,6.2,idle,locomotion,0,1.9900000095367432,-0.14000000059604645,0.10973345824050044,-0.041445956500546506,0.001466296740709873,0.7303200998283447,1.2611739211946857,-0.0005064879957224142,1.2616804091904081,0.0
311,6.22,idle,locomotion,0,1.9900000095367432,-0.14000000059604645,0.10973345824050044,-0.04144297606469702,0.0014559316285605848,0.7303213717650352,1.2611744250998462,-0.0005064893274484873,1.2616809144272947,0.0
312,6.24,idle,locomotion,0,1.9900000095367432,-0.14000000059604645,0.10973345824050044,-0.04144002259955186,0.001445584238334616,0.7303226414250051,1.2611749267433683,-0.0005064907521154655,1.2616814174954838,0.0
313,6.26,idle,locomotion,0,1.9900000095367432,-0.14000000059604645,0.10973345824050044,-0.04143709581519572,0.0014352542491089767,0.730323909390783,1.2611754269264037,-0.0005064921121238387,1.2616819190385276,0.0
314,6.28,idle,locomotion,0,1.9900000095367432,-0.14000000059604645,0.10973345824050044,-0.04143419547517228,0.001424940439028889,0.7303251747770915,1.2611759249452061,-0.0005064935575564769,1.2616824185027626,0.0
315,6.3,idle,locomotion,0,1.9900000095367432,-0.14000000059604645,0.10973345824050044,-0.04143131814272083,0.0014146363824147038,0.7303264321542905,1.261176415489463,-0.0005064951617823298,1.2616829106512453,0.0
316,6.32,idle,locomotion,0,1.9900000095367432,-0.14000000059604645,0.10973345824050044,-0.04142846498525143,0.001404339677844551,0.7303276879545303,1.2611769046766066,-0.0005064968691004222,1.261683401545707,0.0
317,6.34,idle,locomotion,0,1.9900000095367432,-0.14000000059604645,0.10973345824050044,-0.04142563505998534,0.0013940494419402095,0.7303289421993241,1.2611773921668077,-0.0005064987019490833,1.2616838908687569,0.0
318,6.36,idle,locomotion,0,1.9900000095367432,-0.14000000059604645,0.10973345824050044,-0.04142283033218446,0.0013837643266222893,0.7303301987714454,1.2611778815265096,-0.0005065005154341364,1.2616843820419437,0.0
319,6.38,idle,locomotion,0,1.9900000095367432,-0.14000000059604645,0.10973345824050044,-0.041420047542978566,0.001373485280157548,0.7303314516433729,1.2611783677334152,-0.0005065023272243403,1.2616848700606396,0.0
320,6.4,idle,locomotion,0,1.9900000095367432,-0.14000000059604645,0.10973345824050044,-0.041417288739098036,0.0013632098276203251,0.7303327046560036,1.2611788532012145,-0.0005065041850036978,1.2616853573862181,0.0
321,6.42,idle,locomotion,0,1.9900000095367432,-0.14000000059604645,0.10973345824050044,-0.04141455338037222,0.0013529335221016566,0.7303339555734385,1.2611793361244812,-0.0005065061566970307,1.2616858422811783,0.0
322,6.44,idle,locomotion,0,1.9900000095367432,-0.14000000059604645,0.10973345824050044,-0.04141184182204888,0.0013426549758420946,0.7303352062163273,1.2611798179949454,-0.0005065082596395765,1.261686326254585,0.0
323,6.46,idle,locomotion,0,1.9900000095367432,-0.14000000059604645,0.10973345824050044,-0.04140915266012111,0.0013323733771147758,0.7303364560365035,1.2611802983319127,-0.0005065104912636009,1.2616868088231763,0.0
324,6.48,idle,locomotion,0,1.9900000095367432,-0.14000000059604645,0.10973345824050044,-0.04140648559102201,0.0013220879235104784,0.7303377068568145,1.2611807796609131,-0.0005065126876528693,1.261687292348566,0.0
325,6.5,idle,locomotion,0,1.9900000095367432,-0.14000000059604645,0.10973345824050044,-0.04140383924562029,0.0013117981943399244,0.730338958637451,1.2611812608805735,-0.0005065152245448679,1.2616877761051184,0.0
326,6.52,idle,locomotion,0,1.9900000095367432,-0.14000000059604645,0.10973345824050044,-0.04140121254310179,0.0013015047188522206,0.7303402084840974,1.2611817408762376,-0.0005065175595860907,1.2616882584358238,0.0
327,6.54,idle,locomotion,0,1.9900000095367432,-0.14000000059604645,0.10973345824050044,-0.041398606852581774,0.0012912065895015117,0.7303414573889048,1.2611822199822098,-0.0005065197633684175,1.2616887397455783,0.0
328,6.56,idle,locomotion,0,1.9900000095367432,-0.14000000059604645,0.10973345824050044,-0.04139602280340348,0.001280902475202956,0.7303427048073795,1.2611826964201338,-0.0005065222463221629,1.261689218666456,0.0
329,6.58,idle,locomotion,0,1.9900000095367432,-0.14000000059604645,0.10973345824050044,-0.04139346019396759,0.0012705899722664333,0.7303439489075454,1.2611831704475347,-0.0005065247304072845,1.261689695177942,0.0
330,6.6,idle,locomotion,0,1.9900000095367432,-0.14000000059604645,0.10973345824050044,-0.04139091837263751,0.0012602683035861286,0.7303451955822844,1.261183645377001,-0.0005065277383581555,1.2616901731153591,0.0
331,6.62,idle,locomotion,0,1.9900000095367432,-0.14000000059604645,0.10973345824050044,-0.041388396179851246,0.0012499371298539152,0.7303464420832796,1.2611841199664622,-0.0005065307460786241,1.2616906507125407,0.0
332,6.64,idle,locomotion,0,1.9900000095367432,-0.14000000059604645,0.10973345824050044,-0.04138589446673724,0.0012395954900777057,0.730347687631044,1.261184592455949,-0.0005065335970143199,1.2616911260529633,0.0
333,6.66,idle,locomotion,0,1.9900000095367432,-0.14000000059604645,0.10973345824050044,-0.04138341295671145,0.0012292421651219116,0.7303489317678864,1.261185063036434,-0.0005065364945227684,1.2616915995309568,0.0
334,6.68,idle,locomotion,0,1.9900000095367432,-0.14000000059604645,0.10973345824050044,-0.041380951805273264,0.001218877891781372,0.7303501759288977,1.2611855334527817,-0.000506539467041614,1.2616920729198233,0.0
335,6.7,idle,locomotion,0,1.9900000095367432,-0.14000000059604645,0.10973345824050044,-0.04137851056295254,0.001208506097184329,0.7303514186071454,1.2611860024140522,-0.000506542639231309,1.2616925450532834,0.0
336,6.72,idle,locomotion,0,1.9900000095367432,-0.14000000059604645,0.10973345824050044,-0.041376090213244385,0.0011981283836800262,0.7303526599328892,1.2611864700465774,-0.0005065458060632376,1.2616930158526405,0.0
337,6.74,idle,locomotion,0,1.9900000095367432,-0.14000000059604645,0.10973345824050044,-0.041373691639526554,0.0011877431895187915,0.7303539006366089,1.2611869361768613,-0.0005065491446508003,1.261693485321512,0.0
338,6.76,idle,locomotion,0,1.9900000095367432,-0.14000000059604645,0.10973345824050044,-0.04137131483648747,0.0011773482897115624,0.730355139729308,1.2611874001785035,-0.0005065524043264165,1.26169395258283,0.0
339,6.78,idle,locomotion,0,1.9900000095367432,-0.14000000059604645,0.10973345824050044,-0.04136895926198822,0.0011669433734683321,0.7303563777072309,1.2611878634984748,-0.0005065558127110188,1.2616944193111859,0.0
340,6.8,idle,locomotion,0,1.9900000095367432,-0.14000000059604645,0.10973345824050044,-0.041366625744598894,0.0011565302589620543,0.7303576153155292,1.2611883262436283,-0.0005065593689301366,1.2616948856125585,0.0
341,6.82,idle,locomotion,0,1.9900000095367432,-0.14000000059604645,0.10973345824050044,-0.0413643167832401,0.001146111158261991,0.7303588533888874,1.2611887885225719,-0.0005065629607270521,1.261695351483299,0.0
342,6.84,idle,locomotion,0,1.9900000095367432,-0.14000000059604645,0.10973345824050044,-0.041362031289658055,0.0011356858532169912,0.7303600891956121,1.2611892483399245,-0.0005065666548541188,1.2616958149947786,0.0
343,6.86,idle,locomotion,0,1.9900000095367432,-0.14000000059604645,0.10973345824050044,-0.041359769263053785,0.0011252542951180483,0.7303613234995776,1.2611897060172397,-0.000506570352454612,1.2616962763696944,0.0
344,6.88,idle,locomotion,0,1.9900000095367432,-0.14000000059604645,0.10973345824050044,-0.041357531256607176,0.001114817729368715,0.7303625555401413,1.2611901617331527,-0.0005065740438211196,1.2616967357769737,0.0
345,6.9,idle,locomotion,0,1.9900000095367432,-0.14000000059604645,0.10973345824050044,-0.04135531869874811,0.0011043757626933049,0.7303637862386616,1.261190615637899,-0.0005065778552957034,1.2616971934931946,0.0
346,6.92,idle,locomotion,0,1.9900000095367432,-0.14000000059604645,0.10973345824050044,-0.041353132651170334,0.001093927691727647,0.7303650174801797,1.2611910689497405,-0.0005065819287012885,1.2616976508784419,0.0
347,6.94,hold,kick,2,1.9900000095367432,-0.14000000059604645,0.10973345824050044,-0.042180760432745525,0.0008675114692807235,0.7332122118110848,1.2636006737210366,-0.0007001098271210635,1.2643007835481577,0.0
348,6.96,hold,kick,3,1.9900000095367432,-0.14000000059604645,0.10973345824050044,-0.042155043403082376,0.00014268896443662962,0.7404044817130835,1.2704466196345818,-0.0005077907871781015,1.2709544104217598,0.0
349,6.98,hold,kick,4,1.9900000095367432,-0.14000000059604645,0.10973345824050044,-0.04118285490394338,-0.0007945663704244895,0.7500241497812644,1.2799705944260282,-0.0005199149846993739,1.2804905094107275,0.0
350,7.0,hold,kick,5,1.9900000095367432,-0.14000000059604645,0.10973345824050044,-0.039529472360308154,-0.0017806760411194706,0.7596305634054759,1.2896481130057356,-0.0006320676242716101,1.2902801806300073,0.0
351,7.02,hold,kick,6,1.9900000095367432,-0.14000000059604645,0.10973345824050044,-0.03753394875916487,-0.0026187482254031403,0.7679930006153449,1.2981389991556398,-0.0008952600637045817,1.2990342592193445,0.0
352,7.04,hold,kick,7,1.9900000095367432,-0.14000000059604645,0.10973345824050044,-0.03563676266321864,-0.0031878538183053337,0.7745631785628027,1.3047841120654031,-0.001060158047878304,1.3058442701132815,0.0
353,7.06,hold,kick,8,1.9900000095367432,-0.14000000059604645,0.10973345824050044,-0.03414704071913495,-0.0034869472848149136,0.779331211891223,1.3095017635316075,-0.0011788241230323154,1.31068058765464,0.0
354,7.08,hold,kick,9,1.9900000095367432,-0.14000000059604645,0.10973345824050044,-0.03297828546311132,-0.0035247397308573137,0.7826833094764589,1.3126918982193747,-0.0012570951360591498,1.3139489933554338,0.0
355,7.1,hold,kick,10,1.9900000095367432,-0.14000000059604645,0.10973345824050044,-0.03189509766522944,-0.0033556647973219476,0.7851019017726505,1.3148920980953855,-0.001306348820779863,1.3161984469161654,0.0
356,7.12,hold,kick,11,1.9900000095367432,-0.14000000059604645,0.10973345824050044,-0.03069821326379116,-0.0029983373578799442,0.7868773278653758,1.316456494009348,-0.0013197149784506881,1.3177762089877987,0.0
357,7.14,hold,kick,12,1.9900000095367432,-0.14000000059604645,0.10973345824050044,-0.02932661007612323,-0.0024999132896386723,0.7881340928838073,1.3175430897372706,-0.0013070947791588607,1.3188501845164295,0.0
358,7.16,hold,kick,13,1.9900000095367432,-0.14000000059604645,0.10973345824050044,-0.027788035368313348,-0.0018877191528498107,0.7889649989287169,1.3182518226884845,-0.0013992006267302785,1.3196510233152148,0.0
359,7.18,hold,kick,14,1.9900000095367432,-0.14000000059604645,0.10973345824050044,-0.026092028989469912,-0.0011908708627771003,0.7894754642951407,1.3186871419971407,-0.0014384325428378024,1.3201255745399785,0.0
360,7.2,hold,kick,15,1.9900000095367432,-0.14000000059604645,0.10973345824050044,-0.024243887357425456,-0.00044104426703076786,0.7897665928634922,1.31894524982344,-0.001460191523563928,1.3204054413470039,0.0
361,7.22,hold,kick,16,1.9900000095367432,-0.14000000059604645,0.10973345824050044,-0.022247483476639494,0.00035109016121558713,0.78991601556144,1.319097043505823,-0.0014571005782471995,1.32055414408407,0.0
362,7.24,hold,kick,17,1.9900000095367432,-0.14000000059604645,0.10973345824050044,-0.02012509401534332,0.0011871417986337692,0.7899806968184151,1.3191870644205086,-0.0014321226198689696,1.3206191870403776,0.0
363,7.26,hold,kick,18,1.9900000095367432,-0.14000000059604645,0.10973345824050044,-0.01791760993189989,0.0020738450251123015,0.789960381410699,1.3191976931050986,-0.0013881844385876044,1.3205858775436863,0.0
364,7.28,hold,kick,19,1.9900000095367432,-0.14000000059604645,0.10973345824050044,-0.01565983773146439,0.0030271906735502836,0.7898851251256828,1.3191423940830782,-0.0013285742104733704,1.3204709682935516,0.0
365,7.3,hold,kick,20,1.9900000095367432,-0.14000000059604645,0.10973345824050044,-0.013382090518080012,0.004034685927250791,0.7898432265301947,1.319103477356926,-0.0012211928784731652,1.320324670235399,0.0
366,7.32,hold,kick,21,1.9900000095367432,-0.14000000059604645,0.10973345824050044,-0.01112484093783858,0.005108589566389235,0.7897705817263555,1.3190111061980534,-0.0011109898654246136,1.320122096063478,0.0
367,7.34,hold,kick,22,1.9900000095367432,-0.14000000059604645,0.10973345824050044,-0.008933461448572332,0.006241277661213861,0.7896711641143982,1.318861671192142,-0.0009843720899329785,1.3198460432820749,0.0
368,7.36,hold,kick,23,1.9900000095367432,-0.14000000059604645,0.10973345824050044,-0.0068267627317540125,0.0074187911049950084,0.7895468575994811,1.3186570666964803,-0.0008580045856819776,1.3195150712821624,0.0
369,7.38,hold,kick,24,1.9900000095367432,-0.14000000059604645,0.10973345824050044,-0.004824538715992625,0.008622685952949233,0.7894213782889524,1.318419217750075,-0.0007441627875895002,1.3191633805376646,0.0
370,7.4,hold,kick,25,1.9900000095367432,-0.14000000059604645,0.10973345824050044,-0.0029317037149903177,0.009834136675452167,0.78929171778457,1.3181492886964876,-0.0006393509455264873,1.318788639642014,0.0
371,7.42,hold,kick,26,1.9900000095367432,-0.14000000059604645,0.10973345824050044,-0.0011444834446726814,0.011046615597661206,0.7891823464327301,1.3178770287997637,-0.0005989496466625686,1.3184759784464262,0.0
372,7.44,hold,kick,27,1.9900000095367432,-0.14000000059604645,0.10973345824050044,0.0005589674703225576,0.012275479260360286,0.789090867275378,1.3176127625989955,-0.0005903307610959294,1.3182030933600914,0.0
373,7.46,hold,kick,28,1.9900000095367432,-0.14000000059604645,0.10973345824050044,0.002185825071550046,0.013522272698543428,0.7890051127575772,1.3173513463315019,-0.0005863859721428472,1.3179377323036447,0.0
374,7.48,hold,kick,29,1.9900000095367432,-0.14000000059604645,0.10973345824050044,0.003732749814758711,0.014771245558523388,0.7889261532912212,1.317094926722006,-0.0005848075347157922,1.3176797342567217,0.0
375,7.5,hold,kick,30,1.9900000095367432,-0.14000000059604645,0.10973345824050044,0.0051951652966970765,0.016008391623045078,0.7888538809880782,1.3168424859304138,-0.0005848279887794849,1.3174273139191932,0.0
376,7.52,hold,kick,31,1.9900000095367432,-0.14000000059604645,0.10973345824050044,0.006572612699741784,0.017222695555550494,0.788786815759585,1.3165932706436194,-0.0005852312168660272,1.3171785018604854,0.0
377,7.54,hold,kick,32,1.9900000095367432,-0.14000000059604645,0.10973345824050044,0.007871159590798673,0.0184041684758687,0.7887288285169535,1.3163547458803215,-0.0005866431817163342,1.3169413890620378,0.0
378,7.56,hold,kick,33,1.9900000095367432,-0.14000000059604645,0.10973345824050044,0.00909437750830827,0.019542934723273207,0.7886826459090247,1.3161311688807027,-0.0005892397633101391,1.3167204086440127,0.0
379,7.58,hold,kick,34,1.9900000095367432,-0.14000000059604645,0.10973345824050044,0.010240970159965513,0.02063047725646458,0.7886477505041286,1.315920853389336,-0.0005925170287350984,1.3165133704180711,0.0
380,7.6,hold,kick,35,1.9900000095367432,-0.14000000059604645,0.10973345824050044,0.011308569781534245,0.02166073586957309,0.7886226167298089,1.315720291123196,-0.0005957327851965483,1.3163160239083926,0.0
381,7.62,hold,kick,36,1.9900000095367432,-0.14000000059604645,0.10973345824050044,0.012296727502700932,0.02263204321350181,0.7886051872362886,1.3155258523629718,-0.0005989067642760519,1.3161247591272478,0.0
382,7.64,hold,kick,37,1.9900000095367432,-0.14000000059604645,0.10973345824050044,0.013208183126708767,0.02354494044893296,0.7885937087105038,1.3153350219641726,-0.0006012427322280266,1.3159362646964006,0.0
383,7.66,hold,kick,38,1.9900000095367432,-0.14000000059604645,0.10973345824050044,0.014047651671731946,0.024401793247363333,0.7885870813459853,1.3151466299156538,-0.0006015000133532504,1.315748129929007,0.0
384,7.68,hold,kick,39,1.9900000095367432,-0.14000000059604645,0.10973345824050044,0.014820422190004354,0.025204074636284907,0.7885844913827602,1.3149601861833038,-0.0005995997599732364,1.315559785943277,0.0
385,7.7,hold,kick,40,1.9900000095367432,-0.14000000059604645,0.10973345824050044,0.015531805621269169,0.025952045558825774,0.7885847627732187,1.314775272888465,-0.0005957894968071052,1.3153710623852721,0.0
386,7.72,hold,kick,41,1.9900000095367432,-0.14000000059604645,0.10973345824050044,0.016187372847760333,0.026646307351883104,0.7885867056265273,1.314591401889398,-0.0005907806032990175,1.315182182492697,0.0
387,7.74,hold,kick,42,1.9900000095367432,-0.14000000059604645,0.10973345824050044,0.016792100591676684,0.02728794208100782,0.7885898101360478,1.3144085237618826,-0.0005851889340987675,1.3149937126959814,0.0
388,7.76,hold,kick,43,1.9900000095367432,-0.14000000059604645,0.10973345824050044,0.01735179883016718,0.02787913207205949,0.7885951296698553,1.314228616942951,-0.0005792449697547969,1.3148078619127057,0.0
389,7.78,hold,kick,44,1.9900000095367432,-0.14000000059604645,0.10973345824050044,0.017872045714917673,0.02842137584880991,0.7886030897177297,1.3140528497813104,-0.0005731170895034374,1.3146259668708138,0.0
390,7.8,hold,kick,45,1.9900000095367432,-0.14000000059604645,0.10973345824050044,0.018358131643622128,0.028915245171099748,0.7886128239222198,1.31388038484823,-0.000566640938831478,1.3144470257870615,0.0
391,7.82,hold,kick,46,1.9900000095367432,-0.14000000059604645,0.10973345824050044,0.01881378431746422,0.02936164463098979,0.7886238109645294,1.3137095434381032,-0.0005602531806415331,1.3142697966187447,0.0
392,7.84,hold,kick,47,1.9900000095367432,-0.14000000059604645,0.10973345824050044,0.019242362276284456,0.029762156896156813,0.7886354581157605,1.3135382677468201,-0.0005538185690361283,1.3140920863158563,0.0
393,7.86,hold,kick,48,1.9900000095367432,-0.14000000059604645,0.10973345824050044,0.01964680126720668,0.030119248021193222,0.7886493861358447,1.3133662784599633,-0.0005487123699146126,1.313914990829878,0.0
394,7.88,hold,kick,49,1.9900000095367432,-0.14000000059604645,0.10973345824050044,0.020028800339604136,0.030430941610135372,0.7886654101870304,1.3131908628317208,-0.0005453014672752894,1.3137361642989962,0.0
395,7.9,hold,kick,50,1.9900000095367432,-0.14000000059604645,0.10973345824050044,0.02039221076761115,0.030697971428784825,0.7886810347193682,1.3130081327386711,-0.0005407572764649336,1.313548890015136,0.0
396,7.92,hold,kick,51,1.9900000095367432,-0.14000000059604645,0.10973345824050044,0.02074348802078839,0.03092186404000317,0.7886965731162859,1.3128189788096811,-0.0005345441033037385,1.313353522912985,0.0
397,7.94,hold,kick,52,1.9900000095367432,-0.14000000059604645,0.10973345824050044,0.02206964778446464,0.030962959050693822,0.7887645964671345,1.3133487887544522,-0.0007631653172668201,1.314111954071719,0.0
398,7.96,hold,kick,53,1.9900000095367432,-0.14000000059604645,0.10973345824050044,0.02593135440219443,0.03104297339991644,0.7889289796928985,1.3153747417432415,-0.0006295661684973634,1.316004307911739,0.0
399,7.98,hold,kick,54,1.9900000095367432,-0.14000000059604645,0.10973345824050044,0.030970671408650396,0.031746328855651575,0.7889451860701963,1.3174454487935838,-0.0007091984088364069,1.3181546472024201,0.0
400,8.0,hold,kick,55,1.9900000095367432,-0.14000000059604645,0.10973345824050044,0.0350236332554884,0.033062895110533355,0.7887434318919813,1.3184717509844337,-0.0008877540934882321,1.3193595050779219,0.0
401,8.02,hold,kick,56,1.9900000095367432,-0.14000000059604645,0.10973345824050044,0.0381302140087945,0.034580790837417184,0.7883552249020443,1.3187681991941385,-0.0009427062030241684,1.3197109053971627,0.0
402,8.04,hold,kick,57,1.9900000095367432,-0.14000000059604645,0.10973345824050044,0.040889169040236435,0.036238053153410055,0.7879439281932817,1.3188308062031902,-0.0009062404755768479,1.319737046678767,0.0
403,8.06,hold,kick,58,1.9900000095367432,-0.14000000059604645,0.10973345824050044,0.043390657208509834,0.03798063569148604,0.7875609365615296,1.3187882553139436,-0.0008677257128311446,1.3196559810267747,0.0
404,8.08,hold,kick,59,1.9900000095367432,-0.14000000059604645,0.10973345824050044,0.045589000549250525,0.03974148339962033,0.7872218371837261,1.318680725906889,-0.0008110550536700456,1.3194917809605589,0.0
405,8.1,hold,kick,60,1.9900000095367432,-0.14000000059604645,0.10973345824050044,0.0474114019383498,0.04147235134413385,0.7869122024319672,1.3185238041965333,-0.0007575403035490411,1.3192813445000824,0.0
406,8.12,hold,kick,61,1.9900000095367432,-0.14000000059604645,0.10973345824050044,0.04898220369980991,0.043137877073255546,0.7866572629039108,1.3183735485441883,-0.0007105102075396115,1.3190840587517279,0.0
407,8.14,hold,kick,62,1.9900000095367432,-0.14000000059604645,0.10973345824050044,0.05031805854636697,0.044689454270246835,0.7864104063641484,1.3181912318715092,-0.0006753880492975546,1.3188666199208068,0.0
408,8.16,hold,kick,63,1.9900000095367432,-0.14000000059604645,0.10973345824050044,0.051398666462594236,0.04610847141755788,0.7861522474958227,1.3179613011882996,-0.0006398441946226865,1.3186011453829223,0.0
409,8.18,hold,kick,64,1.9900000095367432,-0.14000000059604645,0.10973345824050044,0.05230648324142465,0.047431865924950425,0.7859222021319706,1.3177366300765,-0.0006136084230579861,1.318350238499558,0.0
410,8.2,hold,kick,65,1.9900000095367432,-0.14000000059604645,0.10973345824050044,0.05309529802422608,0.048678839328463994,0.7857462896860632,1.3175538868195957,-0.0005966613599424769,1.3181505481795381,0.0
411,8.22,hold,kick,66,1.9900000095367432,-0.14000000059604645,0.10973345824050044,0.053795291674650685,0.049846791349976265,0.785599208369516,1.3173920248811806,-0.0005856989688025754,1.3179777238499832,0.0
412,8.24,hold,kick,67,1.9900000095367432,-0.14000000059604645,0.10973345824050044,0.05443642150691979,0.05094295399342267,0.7854620778409726,1.3172347857993594,-0.0005771540699012583,1.3178119398692607,0.0
413,8.26,hold,kick,68,1.9900000095367432,-0.14000000059604645,0.10973345824050044,0.055034934130130615,0.05199293364472165,0.7853425278293962,1.3170920695533916,-0.0005750319290089012,1.3176671014824006,0.0
414,8.28,hold,kick,69,1.9900000095367432,-0.14000000059604645,0.10973345824050044,0.05559632522974445,0.05302334007492718,0.785237809086867,1.3169609568747596,-0.0005798820262156341,1.3175408389009753,0.0
415,8.3,hold,kick,70,1.9900000095367432,-0.14000000059604645,0.10973345824050044,0.05611863608728859,0.05405026091888025,0.7851359724203016,1.316828824198702,-0.000583103920005712,1.3174119281187078,0.0
416,8.32,hold,kick,71,1.9900000095367432,-0.14000000059604645,0.10973345824050044,0.05662257737564715,0.05507136646924497,0.7850207437872968,1.3166823484447705,-0.0005781488710365663,1.317260497315807,0.0
417,8.34,hold,kick,72,1.9900000095367432,-0.14000000059604645,0.10973345824050044,0.057116035551229315,0.05607805060513783,0.7848812494138571,1.3165103302559793,-0.0005612354889953271,1.3170715657449745,0.0
418,8.36,hold,kick,73,1.9900000095367432,-0.14000000059604645,0.10973345824050044,0.05760570593322524,0.057075026095424815,0.7847172417497831,1.3163108749818817,-0.0005388560229328161,1.3168497310048146,0.0
419,8.38,hold,kick,74,1.9900000095367432,-0.14000000059604645,0.10973345824050044,0.05814238144650285,0.05808475099126609,0.7845518544979924,1.316110807909397,-0.0005255536723647175,1.3166363615817618,0.0
420,8.4,hold,kick,75,1.9900000095367432,-0.14000000059604645,0.10973345824050044,0.05876657699087174,0.05912133270460328,0.7843972820590657,1.315926510621625,-0.0005197491514956146,1.3164462597731206,0.0
421,8.42,hold,kick,76,1.9900000095367432,-0.14000000059604645,0.10973345824050044,0.05946064191760231,0.06017099868579212,0.7842293714841926,1.3157295205027153,-0.0005201491294793033,1.3162496696321946,0.0
422,8.44,hold,kick,77,1.9900000095367432,-0.14000000059604645,0.10973345824050044,0.06018743301864251,0.06125965258689722,0.784053142499834,1.3155182322402366,-0.0005279429058274339,1.316046175146064,0.0
423,8.46,hold,kick,78,1.9900000095367432,-0.14000000059604645,0.10973345824050044,0.06094984356817491,0.06242734434572998,0.7838700695271121,1.315298379169757,-0.0005329432588844531,1.3158313224286415,0.0
424,8.48,hold,kick,79,1.9900000095367432,-0.14000000059604645,0.10973345824050044,0.06169821817284939,0.06367886460734937,0.7836509958342733,1.3150397805677119,-0.0005391376841840274,1.315578918251896,0.0
425,8.5,hold,kick,80,1.9900000095367432,-0.14000000059604645,0.10973345824050044,0.06239405885109292,0.06502827477712593,0.783392327623675,1.314736851278757,-0.0005433795567539347,1.315280230835511,0.0
426,8.52,hold,kick,81,1.9900000095367432,-0.14000000059604645,0.10973345824050044,0.06305293880675797,0.06650365420224763,0.7831185366508732,1.3144177633391139,-0.0005445073476005417,1.3149622706867143,0.0
427,8.54,hold,kick,82,1.9900000095367432,-0.14000000059604645,0.10973345824050044,0.06366482317464077,0.06811066372794404,0.7828417302246793,1.3140973980716746,-0.0005484763660786006,1.3146458744377532,0.0
428,8.56,hold,kick,83,1.9900000095367432,-0.14000000059604645,0.10973345824050044,0.0642146546623292,0.06984616410850289,0.7825806619025015,1.3137947153334588,-0.0005559829646498322,1.3143506982981086,0.0
429,8.58,hold,kick,84,1.9900000095367432,-0.14000000059604645,0.10973345824050044,0.0647623472235803,0.07169876820783928,0.7823760423376241,1.3135529975807883,-0.0006016854956484678,1.3141546830764368,0.0
430,8.6,hold,kick,85,1.9900000095367432,-0.14000000059604645,0.10973345824050044,0.06529032823903869,0.07369459422933029,0.782311593104842,1.3134523658165145,-0.0006750171290851349,1.3141273829455997,0.0
431,8.62,hold,kick,86,1.9900000095367432,-0.14000000059604645,0.10973345824050044,0.06573148068890723,0.0758368019687474,0.7824419954283777,1.3135333639017814,-0.0008204922915112309,1.3143538561932926,0.0
432,8.64,hold,kick,87,1.9900000095367432,-0.14000000059604645,0.10973345824050044,0.06604782219150777,0.07807733822945581,0.7828214493620284,1.3138242645161444,-0.001056368040412467,1.314880632556557,0.0
433,8.66,hold,kick,88,1.9900000095367432,-0.14000000059604645,0.10973345824050044,0.066247021901994,0.08039639716886827,0.7834548088886877,1.3143094385645206,-0.0013662785268834243,1.3156757170914042,0.0
434,8.68,hold,kick,89,1.9900000095367432,-0.14000000059604645,0.10973345824050044,0.06647396567357068,0.08277917324009601,0.7842314139601497,1.3148753115074556,-0.0017583717226470758,1.3166336832301027,0.0
435,8.7,hold,kick,90,1.9900000095367432,-0.14000000059604645,0.10973345824050044,0.06691602773031445,0.0851202480081298,0.7850032626958856,1.3153692159941934,-0.00214885407450479,1.3175180700686981,0.0
436,8.72,hold,kick,91,1.9900000095367432,-0.14000000059604645,0.10973345824050044,0.06777539166521092,0.08728860107872882,0.7856347796438494,1.3156596984846087,-0.002543585772422023,1.3182032842570308,0.0
437,8.74,hold,kick,92,1.9900000095367432,-0.14000000059604645,0.10973345824050044,0.06926835188920186,0.08919073052660005,0.7860513806649804,1.3157099580994238,-0.0015413493813615856,1.3172513074807854,0.0
438,8.76,hold,kick,93,1.9900000095367432,-0.14000000059604645,0.10973345824050044,0.07143091155015988,0.0908959778394007,0.7863258875009613,1.3156278550736917,-0.0005141527011849993,1.3161420077748767,0.0
439,8.78,hold,kick,94,1.9900000095367432,-0.14000000059604645,0.10973345824050044,0.07409675582465718,0.092504835609039,0.7865731094994817,1.3155362135753992,-0.0005074296313987425,1.316043643206798,0.0
440,8.8,hold,kick,95,1.9900000095367432,-0.14000000059604645,0.10973345824050044,0.07705441972822334,0.09405104336267585,0.7867490935183847,1.3153658053049488,-0.0004993479638783528,1.3158651532688272,0.0
441,8.82,hold,kick,96,1.9900000095367432,-0.14000000059604645,0.10973345824050044,0.08026480905993127,0.09549359216338453,0.7867778430584654,1.315044342389193,-0.0004944360501961918,1.3155387784393893,0.0
442,8.84,hold,kick,97,1.9900000095367432,-0.14000000059604645,0.10973345824050044,0.08371126801370968,0.09668891017848835,0.7865672006626726,1.3144955258187478,-0.0004999969078339946,1.314995522726582,0.0
443,8.86,hold,kick,98,1.9900000095367432,-0.14000000059604645,0.10973345824050044,0.08723080467878404,0.0975163020226356,0.7860338451058188,1.3135948153076076,-0.0005297745681723982,1.31412458987578,0.0
444,8.88,hold,kick,99,1.9900000095367432,-0.14000000059604645,0.10973345824050044,0.09080242155647035,0.09794572796999526,0.7851232710129253,1.3122850810399111,-0.0005726850670487484,1.3128577661069598,0.0
445,8.9,hold,kick,100,1.9900000095367432,-0.14000000059604645,0.10973345824050044,0.09460564628151595,0.09798558567925529,0.7838550305086963,1.3106277827422073,-0.0006270557336797433,1.311254838475887,0.0
446,8.92,hold,kick,101,1.9900000095367432,-0.14000000059604645,0.10973345824050044,0.09880120510031944,0.09768819994613137,0.7823518115580189,1.3087455376697092,-0.0006960340479714132,1.3094415717176806,0.0
447,8.94,hold,kick,102,1.9900000095367432,-0.14000000059604645,0.10973345824050044,0.10363209573885264,0.0971448706530556,0.7807112357033403,1.3067886726357048,-0.0007538864527799963,1.3075425590884848,0.0
448,8.96,hold,kick,103,1.9900000095367432,-0.14000000059604645,0.10973345824050044,0.10934528473736793,0.09642164618452034,0.7790369677093874,1.3049252493143915,-0.0008200838474741942,1.3057453331618656,0.0
449,8.98,hold,kick,104,1.9900000095367432,-0.14000000059604645,0.10973345824050044,0.11609061437043547,0.09547467447558214,0.7774247280130732,1.303276601148542,-0.0009404163444786361,1.3042170174930205,0.0
450,9.0,hold,kick,105,1.9900000095367432,-0.14000000059604645,0.10973345824050044,0.12401650407494204,0.09426189294996233,0.7758363899456471,1.3018480380172175,-0.0010555301895462388,1.3029035682067638,0.0
451,9.02,hold,kick,106,1.9900000095367432,-0.14000000059604645,0.10973345824050044,0.1331623498522048,0.09277368137017841,0.7741495771985205,1.3005130956518058,-0.0011311735792901845,1.301644269231096,0.0
452,9.04,hold,kick,107,1.9900000095367432,-0.14000000059604645,0.10973345824050044,0.14348713512684044,0.09098519952622373,0.7722932086915408,1.2991589047448961,-0.0012320642235763186,1.3003909689684725,0.0
453,9.06,hold,kick,108,1.9900000095367432,-0.14000000059604645,0.10973345824050044,0.15503032688618942,0.08896038248103451,0.7702294655642216,1.297740321577967,-0.0013469915158620012,1.299087313093829,0.0
454,9.08,hold,kick,109,1.9900000095367432,-0.14000000059604645,0.10973345824050044,0.1678066350566644,0.08680245260275812,0.7678932130399484,1.2961598401577934,-0.0014131936749071684,1.2975730338327005,0.0
455,9.1,hold,kick,110,1.9900000095367432,-0.14000000059604645,0.10973345824050044,0.1817318751466612,0.08454049260562116,0.7652655965016538,1.2943294961007425,-0.0014924167176714326,1.295821912818414,0.0
456,9.12,hold,kick,111,1.9900000095367432,-0.14000000059604645,0.10973345824050044,0.19670072722740203,0.0821439308042309,0.7623897606323908,1.2922230039560998,-0.0015794163676950274,1.2938024203237948,0.0
457,9.14,hold,kick,112,1.9900000095367432,-0.14000000059604645,0.10973345824050044,0.21200814467944618,0.07993966557209017,0.7595271213077506,1.289947478734101,-0.004606563208166395,1.2945540419422674,0.0
458,9.16,hold,kick,113,1.9900000095367432,-0.14000000059604645,0.10973345824050044,0.22597735046114403,0.0786697131336019,0.7583780446069611,1.2890647155225214,-0.003077349943474056,1.2921420654659954,0.0
459,9.18,hold,kick,114,1.9900000095367432,-0.14000000059604645,0.10973345824050044,0.24014306749873274,0.07736224014438609,0.7585417259550087,1.2894576904452701,-0.0022108206893817484,1.291668511134652,0.0
460,9.2,hold,kick,115,1.9900000095367432,-0.14000000059604645,0.10973345824050044,0.2549709413489815,0.07580707855657264,0.7597687847955678,1.2909386228031943,-0.002524084007095369,1.2934627068102897,0.0
461,9.22,hold,kick,116,1.9900000095367432,-0.14000000059604645,0.10973345824050044,0.2704175474486384,0.07401237551548136,0.761992475385399,1.2934041696567,-0.0027929514621839527,1.296197121118884,0.0
462,9.24,hold,kick,117,1.9900000095367432,-0.14000000059604645,0.10973345824050044,0.28638787050911524,0.07205079126013483,0.7650259664514807,1.296641762912681,-0.0031400283237701804,1.299781791236451,0.0
463,9.26,hold,kick,118,1.9900000095367432,-0.14000000059604645,0.10973345824050044,0.30297417328032794,0.0699685192598543,0.7686615557879766,1.300447821933274,-0.003534368415245702,1.3039821903485198,0.0
464,9.28,hold,kick,119,1.9900000095367432,-0.14000000059604645,0.10973345824050044,0.3199227292468187,0.06821208249218348,0.7729973869078165,1.304857854092422,-0.004003714875700018,1.308861568968122,0.0
465,9.3,hold,kick,120,1.9900000095367432,-0.14000000059604645,0.10973345824050044,0.33688637227520885,0.06631259190398285,0.7775215806481185,1.309368192878051,-0.004365043220894746,1.3137332360989458,0.0
466,9.32,hold,kick,121,1.9900000095367432,-0.14000000059604645,0.10973345824050044,0.353162311649882,0.06421674401411322,0.7815078724600055,1.3132759040859154,-0.004243375224886672,1.3175192793108021,0.0
467,9.34,hold,kick,122,1.9900000095367432,-0.14000000059604645,0.10973345824050044,0.36795933644113543,0.06225269260317712,0.7843259984871155,1.315968999882729,-0.0027433242929763256,1.3187123241757055,0.0
468,9.36,hold,kick,123,1.9900000095367432,-0.14000000059604645,0.10973345824050044,0.3810977365634785,0.06036793608067023,0.7862584786181019,1.317757692906846,-0.0031507635857600663,1.3209084564926061,0.0
469,9.38,hold,kick,124,1.9900000095367432,-0.14000000059604645,0.10973345824050044,0.3930119128448369,0.05846445438432106,0.7879106039765303,1.3192803465406011,-0.0034341202034689176,1.32271446674407,0.0
470,9.4,hold,kick,125,1.9900000095367432,-0.14000000059604645,0.10973345824050044,0.40427065386816396,0.05668489852983919,0.7895249349896263,1.3207795620578424,-0.003622457992181586,1.324402020050024,0.0
471,9.42,hold,kick,126,1.9900000095367432,-0.14000000059604645,0.10973345824050044,0.41541293657970985,0.05527625105593418,0.7911388238274674,1.3223003642820177,-0.003749636762153473,1.3260500010441711,0.0
472,9.44,hold,kick,127,1.9900000095367432,-0.14000000059604645,0.10973345824050044,0.4267663099317491,0.054284384618843204,0.7927302974742866,1.3238262832029921,-0.0038137392828596593,1.3276400224858518,0.0
473,9.46,hold,kick,128,1.9900000095367432,-0.14000000059604645,0.10973345824050044,0.43830173507540215,0.05363178910191536,0.7941840262977138,1.3252152151873862,-0.003821991770508449,1.3290372069578946,0.0
474,9.48,hold,kick,129,1.9900000095367432,-0.14000000059604645,0.10973345824050044,0.45000881279492766,0.053351649813502586,0.7953245500659859,1.3262706080003182,-0.0038075653104795854,1.3300781733107978,0.0
475,9.5,hold,kick,130,1.9900000095367432,-0.14000000059604645,0.10973345824050044,0.46188869943419686,0.0534975213678759,0.7960202617412001,1.3268438518328547,-0.0037487611705749983,1.3305926130034298,0.0
476,9.52,hold,kick,131,1.9900000095367432,-0.14000000059604645,0.10973345824050044,0.47396073994963517,0.05409482181247203,0.7961240804353555,1.3267740024743588,-0.003591413309690813,1.3303654157840497,0.0
477,9.54,hold,kick,132,1.9900000095367432,-0.14000000059604645,0.10973345824050044,0.48622520971884026,0.05518918480533948,0.7955509793701613,1.3259543791036776,-0.0032831388461858693,1.3292375179498634,0.0
478,9.56,hold,kick,133,1.9900000095367432,-0.14000000059604645,0.10973345824050044,0.4987191880436192,0.05675984426891487,0.7942465864234968,1.3243004027651188,-0.002761190017044904,1.3270615927821638,0.0
479,9.58,hold,kick,134,1.9900000095367432,-0.14000000059604645,0.10973345824050044,0.511605185240267,0.05874248407720645,0.7922268037037595,1.3218344189494444,-0.0021167746250369407,1.3239511935744814,0.0
480,9.6,hold,kick,135,1.9900000095367432,-0.14000000059604645,0.10973345824050044,0.5250374225009257,0.06112317142591834,0.7895883802021436,1.3186639853886304,-0.0014490978909608848,1.3201130832795913,0.0
481,9.62,hold,kick,136,1.9900000095367432,-0.14000000059604645,0.10973345824050044,0.5391995537458617,0.06390042044659795,0.786365986707539,1.314853793626701,-0.0008205289368401238,1.3156743225635412,0.0
482,9.64,hold,kick,137,1.9900000095367432,-0.14000000059604645,0.10973345824050044,0.5543089136489373,0.06723200231186456,0.7827388517988453,1.3106408706192991,-0.0005579792099762657,1.3111988498292755,0.0
483,9.66,hold,kick,138,1.9900000095367432,-0.14000000059604645,0.10973345824050044,0.5706116824085506,0.07127760266080867,0.7788026631959847,1.3062303872026781,-0.00046815826924856765,1.3066985454719267,0.0
484,9.68,hold,kick,139,1.9900000095367432,-0.14000000059604645,0.10973345824050044,0.5882751160641237,0.07604066158528298,0.7745591963329231,1.3017176869440563,-0.0004245519581908101,1.3021422389022472,0.0
485,9.7,hold,kick,140,1.9900000095367432,-0.14000000059604645,0.10973345824050044,0.6073715307813902,0.08137660531228906,0.769943989695928,1.2971260689995603,-0.0004173511021593676,1.2975434201017197,0.0
486,9.72,hold,kick,141,1.9900000095367432,-0.14000000059604645,0.10973345824050044,0.6276925256479006,0.08704443681304982,0.764966076196605,1.292415117860744,-0.004535443167320796,1.2969505610280647,0.0
487,9.74,hold,kick,142,1.9900000095367432,-0.14000000059604645,0.10973345824050044,0.6473028335213799,0.09141184886133787,0.761752596580126,1.2894578103019845,-0.0026823421557434085,1.2921401524577278,0.0
488,9.76,hold,kick,143,1.9900000095367432,-0.14000000059604645,0.10973345824050044,0.6663228048399599,0.09489651277052609,0.7602708926629872,1.2882703054509814,-0.0014966050125391137,1.2897669104635205,0.0
489,9.78,hold,kick,144,1.9900000095367432,-0.14000000059604645,0.10973345824050044,0.6850090320043684,0.09806349800172698,0.7604497629635788,1.2887621997851388,-0.0020533406057820017,1.290815540390921,0.0
490,9.8,hold,kick,145,1.9900000095367432,-0.14000000059604645,0.10973345824050044,0.703227511902476,0.10086488020502415,0.7627376866017767,1.2913641802664537,-0.0017343151833283943,1.2930984954497822,0.0
491,9.82,hold,kick,146,1.9900000095367432,-0.14000000059604645,0.10973345824050044,0.7215022173336492,0.10394420825187488,0.7661619099871074,1.2951464417536787,-0.002257571238096334,1.297404012991775,0.0
492,9.84,hold,kick,147,1.9900000095367432,-0.14000000059604645,0.10973345824050044,0.7398724758664964,0.10729124126419946,0.770146432510953,1.2994920255756142,-0.0027648012079064463,1.3022568267835206,0.0
493,9.86,hold,kick,148,1.9900000095367432,-0.14000000059604645,0.10973345824050044,0.7583108541721071,0.11076274271865164,0.7743031617263905,1.3039823504373118,-0.0032738418354730514,1.3072561922727848,0.0
494,9.88,hold,kick,149,1.9900000095367432,-0.14000000059604645,0.10973345824050044,0.7764724130563475,0.11423052477110977,0.7782734109872625,1.3081382902239176,-0.003978534481319948,1.3121168247052375,0.0
495,9.9,hold,kick,150,1.9900000095367432,-0.14000000059604645,0.10973345824050044,0.7938734152075759,0.11746207101580035,0.7816134650698102,1.311412751713752,-0.00403483828207403,1.315447589995826,0.0
496,9.92,hold,kick,151,1.9900000095367432,-0.14000000059604645,0.10973345824050044,0.8100147555613025,0.11980775909089222,0.7840648085310401,1.313451852265439,-0.0018441573757684432,1.3152960096412074,0.0
497,9.94,hold,kick,152,1.9900000095367432,-0.14000000059604645,0.10973345824050044,0.8251397037776277,0.12151627280106074,0.7857441326285494,1.3144581281764616,-0.00042104707165795813,1.3148791752481195,0.0
498,9.96,hold,kick,153,1.9900000095367432,-0.14000000059604645,0.10973345824050044,0.8397351597902096,0.1231562744355688,0.7874119244817013,1.3154283153284374,-0.0004652957398633417,1.3158936110683008,0.0
499,9.98,hold,kick,154,1.9900000095367432,-0.14000000059604645,0.10973345824050044,0.854247482091505,0.12498829736609259,0.7893884631789958,1.3168874962055634,-0.0005598509931336905,1.3174473471986972,0.0
500,10.0,hold,kick,155,1.9900000095367432,-0.14000000059604645,0.10973345824050044,0.8690289093150028,0.12704675545884098,0.7916530131377603,1.3188911482602248,-0.0006599533835469976,1.3195511016437718,0.0
501,10.02,hold,kick,156,1.9900000095367432,-0.14000000059604645,0.10973345824050044,0.8841659163298543,0.12918527769663285,0.7939381332205038,1.3211200676785892,-0.0007483495593647894,1.321868417237954,0.0
502,10.04,hold,kick,157,1.9900000095367432,-0.14000000059604645,0.10973345824050044,0.8995712897640813,0.1312551093949018,0.7959372163710344,1.3231675437775623,-0.0008306436981148253,1.3239981874756772,0.0
503,10.06,hold,kick,158,1.9900000095367432,-0.14000000059604645,0.10973345824050044,0.9152070484858733,0.13320741164146654,0.7973944230803249,1.3247550386256934,-0.0008946546247621014,1.3256496932504556,0.0
504,10.08,hold,kick,159,1.9900000095367432,-0.14000000059604645,0.10973345824050044,0.9306857945992442,0.1355146747095048,0.7979258018168015,1.3255585654526671,-0.0009552299788056877,1.3265137954314727,0.0
505,10.1,hold,kick,160,1.9900000095367432,-0.14000000059604645,0.10973345824050044,0.9462789801379176,0.13741261761389503,0.7976537769759752,1.3256072166756283,-0.0009469403778884465,1.3265541570535166,0.0
506,10.12,hold,kick,161,1.9900000095367432,-0.14000000059604645,0.10973345824050044,0.9620342699000319,0.1383152842206505,0.7964345101597905,1.3246682142459463,-0.0008604095274309977,1.3255286237733772,0.0
507,10.14,hold,kick,162,1.9900000095367432,-0.14000000059604645,0.10973345824050044,0.9777839291253891,0.1383717690411806,0.7942937398779902,1.3226927821850885,-0.0007386699004841395,1.3234314520855726,0.0
508,10.16,hold,kick,163,1.9900000095367432,-0.14000000059604645,0.10973345824050044,0.9935426274457689,0.13786318205102815,0.7913431595464909,1.319748486602674,-0.0006023097612251095,1.3203507963638992,0.0
509,10.18,hold,kick,164,1.9900000095367432,-0.14000000059604645,0.10973345824050044,1.009502220776175,0.13691021759999486,0.7877750689352702,1.316047959497011,-0.0004948380665308789,1.3165427975635418,0.0
510,10.2,hold,kick,165,1.9900000095367432,-0.14000000059604645,0.10973345824050044,1.025942298232663,0.13557357391152228,0.7835986388857434,1.3116660741046253,-0.00042806991435873076,1.312094144018984,0.0
511,10.22,hold,kick,166,1.9900000095367432,-0.14000000059604645,0.10973345824050044,1.0430475818260494,0.13381295882593164,0.7787786430827689,1.3066032422032998,-0.00040957434655102334,1.307012816549851,0.0
512,10.24,hold,kick,167,1.9900000095367432,-0.14000000059604645,0.10973345824050044,1.0610609847577381,0.13153775698212952,0.7732787062724731,1.3009159501313934,-0.0004077936465161948,1.3013237437779095,0.0
513,10.26,hold,kick,168,1.9900000095367432,-0.14000000059604645,0.10973345824050044,1.0802994809386537,0.12860681843550856,0.7670481828191303,1.2947515004651917,-0.0005277962835529212,1.2952792967487445,0.0
514,10.28,hold,kick,169,1.9900000095367432,-0.14000000059604645,0.10973345824050044,1.1008095541504908,0.12481859147492932,0.7601166487252156,1.288222781142978,-0.0007614505255788134,1.288984231668557,0.0
515,10.3,hold,kick,170,1.9900000095367432,-0.14000000059604645,0.10973345824050044,1.1226572108559427,0.12024142143000317,0.7524164348008261,1.2812230726688631,-0.0011658714781667828,1.28238894414703,0.0
516,10.32,hold,kick,171,1.9900000095367432,-0.14000000059604645,0.10973345824050044,1.1450058420471334,0.1160528286549365,0.7453267688884594,1.2748121008764386,-0.005893888341908189,1.2807059892183468,0.0
517,10.34,hold,kick,172,1.9900000095367432,-0.14000000059604645,0.10973345824050044,1.1666376175350552,0.11292090431904986,0.7414583134389547,1.271443619756353,-0.003484056194010411,1.2749276759503634,0.0
518,10.36,hold,kick,173,1.9900000095367432,-0.14000000059604645,0.10973345824050044,1.18865258206778,0.109616348020377,0.74019489241444,1.2707152389694976,-0.0023224944183344656,1.273037733387832,0.0
519,10.38,hold,kick,174,1.9900000095367432,-0.14000000059604645,0.10973345824050044,1.2109481106441986,0.10597226298753526,0.7410096814315342,1.2720142734618654,-0.002541400947105643,1.274555674408971,0.0
520,10.4,hold,kick,175,1.9900000095367432,-0.14000000059604645,0.10973345824050044,1.233460303460623,0.10210808178912677,0.7434756335550617,1.2748596891850141,-0.0030172312501031973,1.2778769204351172,0.0
521,10.42,hold,kick,176,1.9900000095367432,-0.14000000059604645,0.10973345824050044,1.255823142510136,0.09924422223021326,0.7483879648682534,1.2799639650739383,-0.0034850648382385094,1.2834490299121768,0.0
522,10.44,hold,kick,177,1.9900000095367432,-0.14000000059604645,0.10973345824050044,1.2781257665309702,0.0964246934251923,0.754993119387405,1.2866208736129447,-0.004246799908767224,1.290867673521712,0.0
523,10.46,hold,kick,178,1.9900000095367432,-0.14000000059604645,0.10973345824050044,1.2999635489582988,0.09356868465183228,0.7624349126546401,1.2939802789405872,-0.0041749472319404235,1.2981552261725275,0.0
524,10.48,hold,kick,179,1.9900000095367432,-0.14000000059604645,0.10973345824050044,1.3204901395171311,0.09104293585387838,0.7698888075126756,1.3012919586912437,-0.0038728080215246485,1.3051647667127684,0.0
525,10.5,hold,kick,180,1.9900000095367432,-0.14000000059604645,0.10973345824050044,1.3392947421300032,0.08890774059889545,0.7769669363018219,1.3082355359062152,-0.002376314365889736,1.310611850272105,0.0
526,10.52,hold,kick,181,1.9900000095367432,-0.14000000059604645,0.10973345824050044,1.356546590908624,0.08693575914699128,0.7835491565096547,1.3147702137627966,-0.0022991872056126565,1.3170694009684092,0.0
527,10.54,hold,kick,182,1.9900000095367432,-0.14000000059604645,0.10973345824050044,1.3726369248317014,0.08523915378896862,0.7891722442660101,1.3203799519663562,-0.0023483156430274994,1.3227282676093837,0.0
528,10.56,hold,kick,183,1.9900000095367432,-0.14000000059604645,0.10973345824050044,1.3877074531424682,0.08396197984323468,0.793491941993848,1.324658455787778,-0.002474068486759115,1.327132524274537,0.0
529,10.58,hold,kick,184,1.9900000095367432,-0.14000000059604645,0.10973345824050044,1.4019703798399141,0.08302642858285757,0.7964671809017067,1.3275594509730482,-0.002621853660942478,1.3301813046339908,0.0
530,10.6,hold,kick,185,1.9900000095367432,-0.14000000059604645,0.10973345824050044,1.4157083636000798,0.08235964216204668,0.7983812149026684,1.3294050607192822,-0.0027242285980540945,1.3321292893173362,0.0
531,10.62,hold,kick,186,1.9900000095367432,-0.14000000059604645,0.10973345824050044,1.4291304869515913,0.08197197654675632,0.799469363048769,1.3304791082415717,-0.002779831279788144,1.3332589395213599,0.0
532,10.64,hold,kick,187,1.9900000095367432,-0.14000000059604645,0.10973345824050044,1.442260358754886,0.08194914353552353,0.7997527619042641,1.3307997707838748,-0.0028330183756104174,1.3336327891594852,0.0
533,10.66,hold,kick,188,1.9900000095367432,-0.14000000059604645,0.10973345824050044,1.4550293280531827,0.08231621007140248,0.7991632659993398,1.3302544079502372,-0.002896361773497433,1.3331507697237346,0.0
534,10.68,hold,kick,189,1.9900000095367432,-0.14000000059604645,0.10973345824050044,1.4676190863308336,0.08306208492850357,0.7977261626876324,1.3288521262087434,-0.003831656351770213,1.3326837825605136,0.0
535,10.7,hold,kick,190,1.9900000095367432,-0.14000000059604645,0.10973345824050044,1.48029209693877,0.08438841359536182,0.7959983265644762,1.3271441737737462,-0.00379633098730529,1.3309405047610514,0.0
536,10.72,hold,kick,191,1.9900000095367432,-0.14000000059604645,0.10973345824050044,1.4935147666323345,0.08630400550032408,0.7941028360123765,1.325243851805824,-0.003709956064815067,1.328953807870639,0.0
537,10.74,hold,kick,192,1.9900000095367432,-0.14000000059604645,0.10973345824050044,1.507276929234902,0.08880681609192273,0.7918161394980523,1.322880436086362,-0.003714343684011131,1.326594779770373,0.0
538,10.76,hold,kick,193,1.9900000095367432,-0.14000000059604645,0.10973345824050044,1.5214851996377485,0.09188940780572875,0.7889491193205089,1.3198269785268717,-0.0036840787264143943,1.323511057253286,0.0
539,10.78,hold,kick,194,1.9900000095367432,-0.14000000059604645,0.10973345824050044,1.5362626088891365,0.095563629991881,0.7853513061423392,1.3159265818283516,-0.003558640678058597,1.3194852225064102,0.0
540,10.8,hold,kick,195,1.9900000095367432,-0.14000000059604645,0.10973345824050044,1.5517130634790732,0.09986490948425668,0.7808779304979779,1.3110276796839642,-0.0031268834257431807,1.3141545631097074,0.0
541,10.82,hold,kick,196,1.9900000095367432,-0.14000000059604645,0.10973345824050044,1.5678821190425072,0.10484372201539584,0.7753955089622242,1.3049744646146597,-0.0025607506041149253,1.3075352152187747,0.0
542,10.84,hold,kick,197,1.9900000095367432,-0.14000000059604645,0.10973345824050044,1.5848459534840058,0.11048916812216368,0.7687851572166532,1.297651695759995,-0.0024951294829614716,1.3001468252429564,0.0
543,10.86,hold,kick,198,1.9900000095367432,-0.14000000059604645,0.10973345824050044,1.6029908120055423,0.11686237373732157,0.7609067758423771,1.2890683123530007,-0.0025530497122137827,1.2916213620652144,0.0
544,10.88,hold,kick,199,1.9900000095367432,-0.14000000059604645,0.10973345824050044,1.6228669335449613,0.12389834722038598,0.7518500617366838,1.2795747218977769,-0.00440046554297522,1.2839751874407521,0.0
545,10.9,hold,kick,200,1.9900000095367432,-0.14000000059604645,0.10973345824050044,1.6419021909727929,0.12974216806272437,0.745286183080186,1.2725270320027573,-0.0033075557309240992,1.2758345877336814,0.0
546,10.92,hold,kick,201,1.9900000095367432,-0.14000000059604645,0.10973345824050044,1.657671974997932,0.1331125189369808,0.7451860752275454,1.2717285864564862,-0.004224369657402107,1.2759529561138883,0.0
547,10.94,hold,kick,202,1.9900000095367432,-0.14000000059604645,0.10973345824050044,1.6729616177217026,0.13674449697961316,0.7491408179452558,1.2752965091880255,-0.0037328779646168056,1.2790293871526424,0.0
548,10.96,hold,kick,203,1.9900000095367432,-0.14000000059604645,0.10973345824050044,1.689389600590198,0.14139383617863252,0.7539488453085321,1.2804505296395818,-0.004281865469596503,1.2847323951091782,0.0
549,10.98,hold,kick,204,1.9900000095367432,-0.14000000059604645,0.10973345824050044,1.7069628874834564,0.14660795196602566,0.7587999839274285,1.286238839272422,-0.004348847360130165,1.290587686632552,0.0
550,11.0,hold,kick,205,1.9900000095367432,-0.14000000059604645,0.10973345824050044,1.7252941898712866,0.15171005757689054,0.7638765133944786,1.2925636218289398,-0.004176930421935947,1.2967405522508757,0.0
551,11.02,hold,kick,206,1.9900000095367432,-0.14000000059604645,0.10973345824050044,1.7438148386697028,0.1564754682994007,0.7694275745206212,1.2993716376521403,-0.00409461137426935,1.3034662490264095,0.0
552,11.04,hold,kick,207,1.9900000095367432,-0.14000000059604645,0.10973345824050044,1.7620300664203596,0.16115583561000874,0.7752088740658115,1.3061474884668518,-0.00429215961449049,1.3104396480813423,0.0
553,11.06,hold,kick,208,1.9900000095367432,-0.14000000059604645,0.10973345824050044,1.7794632626566704,0.16579460833836107,0.7805202895539427,1.312096704832255,-0.004430339055761678,1.3165270438880166,0.0
554,11.08,hold,kick,209,1.9900000095367432,-0.14000000059604645,0.10973345824050044,1.795639563419256,0.16994889445623845,0.7844487131167966,1.3163382360809333,-0.0021765128038560427,1.3185147488847893,0.0
555,11.1,hold,kick,210,1.9900000095367432,-0.14000000059604645,0.10973345824050044,1.810286931882398,0.17379811087717503,0.7866272169501412,1.3185289350945222,-0.0018374963325233987,1.3203664314270456,0.0
556,11.12,hold,kick,211,1.9900000095367432,-0.14000000059604645,0.10973345824050044,1.8236482447878357,0.17759669409904752,0.7868793351582828,1.3185735045800053,-0.0014303407198842447,1.3200038452998897,0.0
557,11.14,hold,kick,212,1.9900000095367432,-0.14000000059604645,0.10973345824050044,1.836121845130198,0.18152071826268623,0.7854302647590259,1.316726621047239,-0.0011609367898589712,1.317887557837098,0.0
558,11.16,hold,kick,213,1.9900000095367432,-0.14000000059604645,0.10973345824050044,1.847033087113628,0.184812812904513,0.7843677865530916,1.3151029007905397,-0.0013319346385537792,1.3164348354290936,0.0
559,11.18,hold,kick,214,1.9900000095367432,-0.14000000059604645,0.10973345824050044,1.8559910883930881,0.18721046419176238,0.7853844795649806,1.3156064849605638,-0.0007415841346006466,1.3163480690951643,0.0
560,11.2,hold,kick,215,1.9900000095367432,-0.14000000059604645,0.10973345824050044,1.8636830040084504,0.18922717367365882,0.7874200193899725,1.317154653405294,-0.0005777570669946927,1.3177324104722887,0.0
561,11.22,hold,kick,216,1.9901903226119118,-0.1401204798120489,0.10993471806440444,1.8701469852418118,0.19083802287569998,0.7898005875881702,1.319124636178012,-0.0005674820495962171,1.3196921182276082,0.0
562,11.24,hold,kick,217,2.0170174717102105,-0.15194650582494273,0.12111515135931494,1.875449584627788,0.191855796330268,0.7918958310877712,1.3209419550884025,-0.0006163007402474156,1.3215582558286498,0.0
563,11.26,hold,kick,218,2.056648948574164,-0.1701591901493709,0.1331833054821499,1.8792092658439716,0.192613143392043,0.7934994911671055,1.3225335392105402,-0.0006516884026137246,1.323185227613154,0.0
564,11.28,hold,kick,219,2.096499893158221,-0.18846053690797773,0.14137572919022262,1.8820191625055525,0.1933470648973601,0.7947792087972491,1.3239327475764082,-0.0006466974281256234,1.3245794450045338,0.0
565,11.3,hold,kick,220,2.1363508377422775,-0.20676188366658457,0.1456441528982956,1.8850628014198212,0.19412252216027046,0.7960612413159007,1.3253210562577993,-0.0006273952523711442,1.3259484515101705,0.0
566,11.32,hold,kick,221,2.176201782326334,-0.2250632304251914,0.14598857660636802,1.8887855677143508,0.194910061094495,0.797089248505794,1.3265078512759696,-0.0006693684022215582,1.3271772196781912,0.0
567,11.34,hold,kick,222,2.216052726910391,-0.24336457718379825,0.14240900031444084,1.8930731233706966,0.1957292635481921,0.7975545077022212,1.3272228950051839,-0.0007873093105692126,1.3280102043157531,0.0
568,11.36,hold,kick,223,2.2559036714944476,-0.2616659239424051,0.13490542402251365,1.897489977429607,0.19664469727343828,0.7975463565152249,1.3274843331511619,-0.0008240041337645131,1.3283083372849265,0.0
569,11.38,hold,kick,224,2.2957546160785043,-0.27996727070101196,0.12347784773058618,1.9018668319294512,0.1980666205334068,0.7973129942273067,1.327509383371921,-0.0008311908091316808,1.3283405741810526,0.0
570,11.4,hold,kick,225,2.335396106948414,-0.2982178281686087,0.10838749608267602,1.9061174844883493,0.19967438921843936,0.7971645642528277,1.3275574592252737,-0.0007395759526974237,1.328297035177971,0.0
571,11.42,hold,kick,226,2.3630289653049594,-0.31349789408588513,0.10526788079490464,1.9101575959495098,0.2008721562575475,0.7969879916684856,1.3274858096638908,-0.0006365646410713618,1.3281223743049622,0.0
572,11.44,hold,kick,227,2.3850807829621696,-0.3273663764844145,0.10798003535950128,1.9140573716398281,0.20133979842330785,0.7967778710879033,1.3272896425571075,-0.0007350921177480575,1.3280247346748555,0.0
573,11.46,hold,kick,228,2.406456768401155,-0.341079766889775,0.11020700863971124,1.9179272041320297,0.20112029387089098,0.7966529632605152,1.3271032716479392,-0.0007820315047505424,1.3278853031526898,0.0
574,11.48,hold,kick,229,2.427761174590668,-0.35476189097586075,0.10968364528867125,1.9215350083071587,0.20024798095178253,0.7968014200862844,1.327105334987761,-0.0007256263600889067,1.32783096134785,0.0
575,11.5,hold,kick,230,2.448910123193482,-0.3683062283173127,0.10978478767045706,1.9247695334922776,0.19870458220632176,0.7973523891013435,1.3274058757576706,-0.0006377386339439413,1.3280436143916146,0.0
576,11.52,hold,kick,231,2.4700372136888586,-0.3818333603947893,0.10987354099692481,1.9278722489621902,0.19662617272711203,0.7981512361414022,1.3278597276065467,-0.0006331149625471537,1.3284928425690938,0.0
577,11.54,hold,kick,232,2.4911252908436237,-0.395321695420028,0.1099510604360962,1.9311023393336213,0.19417128124491467,0.7993676915534582,1.3286486905727022,-0.000604865839729192,1.3292535564124315,0.0
578,11.56,hold,kick,233,2.5121979667635808,-0.40879436121560664,0.10998774400361588,1.9345106114108697,0.19168943231928243,0.8007231312121726,1.3295425319824872,-0.0005902137056825497,1.3301327456881697,0.0
579,11.58,hold,kick,234,2.533263357163176,-0.4222595216228959,0.10999407245573925,1.9380049873513365,0.18937517536060744,0.8020888306979146,1.3304153510508654,-0.0005647531342199558,1.3309801041850853,0.0
580,11.6,hold,kick,235,2.5543234334627916,-0.4357192288558899,0.11000379849262816,1.9414375846303118,0.1873106671504266,0.8034576799638772,1.3312993248508131,-0.0005509903028465199,1.3318503151536596,0.0
581,11.62,hold,kick,236,2.5753788933484936,-0.4491742450379565,0.11000346503226507,1.94441176415431,0.18545796205767606,0.8047733349410812,1.3321387029077427,-0.0005929786993128863,1.3327316816070556,0.0
582,11.64,hold,kick,237,2.596429786241417,-0.4626246621976844,0.1100061693795885,1.947046428487365,0.18390641403845212,0.8059999593706767,1.332855411560817,-0.0005969679532459894,1.3334523795140631,0.0
583,11.66,hold,kick,238,2.6174768860225868,-0.47607125624934077,0.1099833863869203,1.949336935573066,0.1823103905820708,0.8071922448130747,1.3334628539978344,-0.0005959881882042217,1.3340588421860387,0.0
584,11.68,hold,kick,239,2.6385200288390984,-0.4895138812974035,0.10997861891157774,1.951261842138365,0.1806264775340318,0.808275095084369,1.3338734828836096,-0.000597151246112676,1.3344706341297223,0.0
585,11.7,hold,kick,240,2.6595588144110014,-0.5029521558868604,0.1099789099433737,1.9531177676057085,0.17877287185401658,0.8091677637219505,1.3340740691769541,-0.000590100502693456,1.3346641696796475,0.0
586,11.72,hold,kick,241,2.680593402194749,-0.5163862371666068,0.10999338010723056,1.955142981166617,0.17697489123856366,0.8098776669268597,1.3341493164963105,-0.0005907467974437045,1.3347400632937543,0.0
587,11.74,hold,kick,242,2.7016248236959512,-0.529817132405392,0.10999517494243825,1.957331599463391,0.1753529285073251,0.8104692767109163,1.3342259551364022,-0.0006068428026968255,1.334832797939099,0.0
588,11.76,hold,kick,243,2.722653440123155,-0.5432451986862961,0.10998662458722921,1.9596622976032887,0.17384780447343484,0.8109791907027089,1.334379959735769,-0.000648077558509378,1.3350280372942784,0.0
589,11.78,hold,kick,244,2.743678587688202,-0.5566697869389491,0.1099934075210488,1.9622294275420624,0.17248590346464168,0.8113897148497925,1.33459496954175,-0.0006991734344393812,1.3352941429761895,0.0
590,11.8,hold,kick,245,2.764701143173211,-0.570091756745841,0.11000045066633027,1.9651590375530137,0.17132671596493815,0.8117080440833999,1.3349288522644085,-0.000744021082733165,1.3356728733471417,0.0
591,11.82,hold,kick,246,2.7857195925168043,-0.5835096269771719,0.10999684852391069,1.9683876559349733,0.17024960400883446,0.8118939081053516,1.3353391017209322,-0.0007692829694404928,1.3361083846903727,0.0
592,11.84,hold,kick,247,2.8067340420034457,-0.5969234996285121,0.10999840097510953,1.9718475848624901,0.16900410407146949,0.8118516179938243,1.3356312274121716,-0.0007899324588931736,1.3364211598710647,0.0
593,11.86,hold,kick,248,2.8277449501820553,-0.6103338182834299,0.10999906161451599,1.9756009913817174,0.1674609586311301,0.811595940294272,1.3357345869148096,-0.0008239643271774136,1.336558551241987,0.0
594,11.88,hold,kick,249,2.8487520123864165,-0.623740290248329,0.10999693555262688,1.979780685286901,0.16565577806504386,0.8112246219092109,1.3357441444067004,-0.0008569802612049052,1.3366011246679053,0.0
595,11.9,hold,kick,250,2.8697550754965953,-0.6371427675069957,0.10998981314023179,1.9845448915323323,0.16353891411942603,0.8107511477822568,1.3356980983264706,-0.0008595514481313689,1.336557649774602,0.0
596,11.92,hold,kick,251,2.8907542302941267,-0.6505413411800358,0.11000087657322831,1.9899968543856885,0.16099039232868692,0.8101018087507212,1.3355296564716492,-0.0008423997357377283,1.3363720562073869,0.0
597,11.94,hold,kick,252,2.911749422288699,-0.6639359516924114,0.10998998747012186,1.9962282314536182,0.15793205261956655,0.8092362707537947,1.3352197301738404,-0.0008232999390373405,1.3360430301128778,0.0
598,11.96,hold,kick,253,2.9327406128651266,-0.6773265646293529,0.10999650092907,2.003338471474236,0.15435852602052763,0.80816478648119,1.3348110338608015,-0.0008126352582639579,1.3356236691190655,0.0
599,11.98,hold,kick,254,2.9537280127073426,-0.6907133871131674,0.10999431207241563,2.011320826615791,0.1502453389490734,0.8069486453108935,1.3343227431905862,-0.0007947799767802008,1.3351175231673664,0.0
600,12.0,hold,kick,255,2.9747112942581126,-0.704096097905709,0.11000005244740384,2.0202089748923915,0.1455563874451204,0.805602588227487,1.3337264924381955,-0.0007430577644472365,1.3344695502026427,0.0
601,12.02,hold,kick,256,2.9956913370516047,-0.7174755472973084,0.10998674930801,2.0301014231070247,0.1403122091510117,0.8040564561455745,1.3329328176701938,-0.0006542181294579563,1.3335870357996518,0.0
602,12.04,hold,kick,257,3.016666684429001,-0.7308503305109824,0.10999916464849252,2.041086757701952,0.13452565960049254,0.8022614734130572,1.3318468674467723,-0.0005407207095813674,1.3323875881563536,0.0
603,12.06,hold,kick,258,3.0376382672531945,-0.7442213409822152,0.10998687216055228,2.0531491930875267,0.12813349815910202,0.8000042890715529,1.3302080257815954,-0.0004643145880538248,1.3306723403696492,0.0
604,12.08,hold,kick,259,3.0586057095372063,-0.7575882329795749,0.10998505765648794,2.0660746881916205,0.12100887275947987,0.7967388449582169,1.3274180469232637,-0.0004201994336333857,1.3278382463568972,0.0
605,12.1,hold,kick,260,3.0795688755616406,-0.7709508585871775,0.10999399622211098,2.079483564881992,0.11318907904879343,0.7921404453152014,1.3230792921426642,-0.007797804439281679,1.3308770965819459,0.0
606,12.12,hold,kick,261,3.100528189424009,-0.7843096399601261,0.10998964862707096,2.090659262286853,0.10616526519318865,0.7876598846329522,1.3187835060931234,-0.004338695150719114,1.3231222012438426,0.0
607,12.14,hold,kick,262,3.1214831857569902,-0.7976641127097911,0.10997928947643537,2.0991439620420294,0.09936308868679028,0.7835241973331442,1.3148446838691425,-0.002413978363622716,1.3172586622327653,0.0
608,12.16,hold,kick,263,3.142434138492496,-0.8110145631503893,0.1099783206875501,2.105801701951762,0.09341231298044646,0.7795666026674738,1.3110940709123122,-0.0013824850506883903,1.3124765559630007,0.0
609,12.18,hold,kick,264,3.1633820051246615,-0.8243619199313326,0.10998952948390998,2.1105715813340753,0.08984510300722122,0.7778856264541452,1.3096172551556007,-0.0014223135981172655,1.311039568753718,0.0
610,12.2,hold,kick,265,3.1843264900041044,-0.8377058457740221,0.10999789881905137,2.114137381395991,0.0875813118221731,0.7784897310317468,1.3104236140331884,-0.0015964533996495958,1.312020067432838,0.0
611,12.22,hold,kick,266,3.205267388826941,-0.8510461685353857,0.10999317230266414,2.1171585962564516,0.08568027104877121,0.7796597708582914,1.3117258253463506,-0.00167170544584384,1.3133975307921946,0.0
612,12.24,hold,kick,267,3.2262042701326936,-0.8643824790602894,0.10998931748611812,2.1197749118041944,0.08428117970720723,0.7809609242086397,1.3131130180004982,-0.0017087557743310708,1.3148217737748293,0.0
613,12.26,hold,kick,268,3.2471371033491194,-0.877714758270392,0.10999670878273571,2.1219405630834673,0.08347580101344454,0.7820739446502971,1.3142792913073975,-0.0009203209207998692,1.3151996122281975,0.0
614,12.28,hold,kick,269,3.2680651016686717,-0.891042227113159,0.10998149203127758,2.123737797990982,0.08322305747291323,0.7829002121026184,1.3151248281837407,-0.001529233046611362,1.3166540612303521,0.0
615,12.3,hold,kick,270,3.2889900472820908,-0.9043666754233974,0.10999364692145482,2.1255309119118264,0.08341483355471087,0.7834240756616623,1.3156479032622346,-0.0015346235465113142,1.3171825268087458,0.0
616,12.32,hold,kick,271,3.3099128915446228,-0.9176889454321548,0.10999682845197316,2.127307794498188,0.08401214744262944,0.7833444498662382,1.3155472555387884,-0.001708157042877908,1.3172554125816662,0.0
617,12.34,hold,kick,272,3.3308352758702826,-0.931010725514722,0.1099937654199016,2.1293229194015857,0.08445810638403246,0.7830095659402432,1.3151523965846936,-0.0011157823137881231,1.3162681788984818,0.0
618,12.36,hold,kick,273,3.351757518599265,-0.9443323895627155,0.10998791453165124,2.1309649742511394,0.08483847820264832,0.7824187433031909,1.3144585208024773,-0.0009223249934602884,1.3153808457959375,0.0
619,12.38,hold,kick,274,3.3726796009012396,-0.9576539480654498,0.10998088109809505,2.1321410766229056,0.08483354083887808,0.7820286615598827,1.3139068154864064,-0.0011053906074033545,1.3150122060938099,0.0
620,12.4,hold,kick,275,3.3936014947804396,-0.9709753861490352,0.10997340943186087,2.1333081082182495,0.08459604938330027,0.7819901500390934,1.313710069532869,-0.0013195905207623454,1.3150296600536313,0.0
621,12.42,hold,kick,276,3.414523187309014,-0.984296695969591,0.10996584279407133,2.134753025591668,0.0843223471521224,0.7816371701115343,1.3132367030530268,-0.0015801996110845484,1.3148169026641112,0.0
622,12.44,hold,kick,277,3.4354446750342698,-0.9976178753795981,0.1099583371169316,2.1365809817821915,0.08389542124732621,0.7807321689493767,1.3122529006207482,-0.0018370668929238304,1.314089967513672,0.0
623,12.46,hold,kick,278,3.4563659591465052,-1.01093892514363,0.10995096092009123,2.1387488069557086,0.08329659469602049,0.7792326781295807,1.310704292490234,-0.0019735240276812435,1.3126778165179152,0.0
624,12.48,hold,kick,279,3.4772870429332388,-1.0242598473557996,0.10994374218513935,2.141131866640789,0.08255904122125661,0.7773557140310271,1.3087938851106578,-0.001994507066408257,1.310788392177066,0.0
625,12.5,hold,kick,280,3.4982079305591802,-1.0375806446679843,0.10993669032095227,2.1435236177765082,0.08171008619898769,0.7753045607939137,1.3067138618031067,-0.0019266865855383578,1.308640548388645,0.0
626,12.52,hold,kick,281,3.5191286265006303,-1.050901319930363,0.10992980639878322,2.1457478874680715,0.08082263641479694,0.7732343156133659,1.3046248697614977,-0.0018134846372216268,1.3064383543987192,0.0
627,12.54,hold,kick,282,3.5400491352895638,-1.0642218760285453,0.10992308787596669,2.147628631118887,0.08004396096125414,0.7711748353950081,1.3025781416022155,-0.0016846261061099072,1.3042627677083254,0.0
628,12.56,hold,kick,283,3.560969461401528,-1.0775423158122133,0.10991653074687611,2.149057087844748,0.07949631529233915,0.7691053604384427,1.3005663359264976,-0.0015789905216926116,1.3021453264481901,0.0
629,12.58,hold,kick,284,3.5818896092093975,-1.0908626420656744,0.10991013050455266,2.150039706114964,0.07917423628731571,0.7671038357088996,1.298651409878169,-0.0015184651962115402,1.3001698750743804,0.0
630,12.6,hold,kick,285,3.6028095829667297,-1.104182857497264,0.10990388255931043,2.1509157522915885,0.07877437081483843,0.7658399971395985,1.2974402988838716,-0.0014726747484519707,1.2989129736323235,0.0
631,12.62,hold,kick,286,3.6237293868041274,-1.1175029647370285,0.10989778241310752,2.151942427309939,0.07842805416117112,0.7653713386079836,1.297027223533244,-0.0014645111575126192,1.2984917346907567,0.0
632,12.64,hold,kick,287,3.6446490247310668,-1.130822966337892,0.10989182572607739,2.152986151022632,0.07810836277306467,0.765434819242976,1.2971481577147963,-0.0014663145919970554,1.2986144723067934,0.0
633,12.66,hold,kick,288,3.6655685006398953,-1.1441428647781988,0.10988600833658521,2.1539261215980137,0.0777533715171538,0.7658062559678361,1.2975774209134343,-0.0014524999499821376,1.2990299208634164,0.0
634,12.68,hold,kick,289,3.6864878183105176,-1.1574626624646995,0.10988032626196638,2.1547693521174818,0.07732819655438283,0.7663251330715428,1.2981505771444326,-0.0014351601041307435,1.2995857372485633,0.0
635,12.7,hold,kick,290,3.707406981415173,-1.1707823617355875,0.1098747756917358,2.1555450600922956,0.07677775489946347,0.7668980202210517,1.2987689733670604,-0.0014189335268756688,1.3001879068939362,0.0
636,12.72,hold,kick,291,3.728325993523053,-1.1841019648634512,0.1098693529782632,2.1562242217932406,0.0760541822139526,0.7674530218981171,1.2993596370357527,-0.0014031184499871778,1.30076275548574,0.0
637,12.74,hold,kick,292,3.7492448581046984,-1.1974214740580598,0.10986405462696222,2.1567675261523997,0.07515042389856981,0.7679155346360167,1.2998500103981545,-0.0013842811372525299,1.301234291535407,0.0
638,12.76,hold,kick,293,3.770163578536115,-1.2107408914689917,0.10985887728678569,2.1571446684089293,0.07408954162829062,0.7682300600346536,1.3001857068069316,-0.0013635366230813906,1.3015492434300129,0.0
639,12.78,hold,kick,294,3.791082158102652,-1.2240602191881027,0.10985381774130028,2.1573285079498143,0.07291863517182245,0.7683787172446603,1.3003509772904724,-0.0013429475632813596,1.3016939248537538,0.0
640,12.8,hold,kick,295,3.812000600002631,-1.2373794592518355,0.10984887290040551,2.1573054036670958,0.07166688632479654,0.7683646488161608,1.3003483879319018,-0.0013188217851459877,1.3016672097170479,0.0
641,12.82,hold,kick,296,3.832918907350753,-1.2506986136433897,0.10984403979268219,2.1571050091230273,0.07035081171121789,0.7682550832219495,1.3002436701184164,-0.0012844119136853419,1.3015280820321018,0.0
642,12.84,hold,kick,297,3.8538370831813045,-1.2640176842947646,0.10983931555832914,2.156804339470446,0.06901728386354725,0.7681643749510696,1.3001556253074744,-0.0012238948840600401,1.3013795201915344,0.0
643,12.86,hold,kick,298,3.87475513045117,-1.2773366730886733,0.10983469744264115,2.1564546696033924,0.06768966657981638,0.7681566988858564,1.300149652915853,-0.0011364740252942547,1.301286126941147,0.0
644,12.88,hold,kick,299,3.895673052042662,-1.29065558186035,0.10983018278998144,2.156045906892967,0.06630948166289345,0.7683293024854589,1.3003184418251066,-0.0010417993596762605,1.3013602411847829,0.0
645,12.9,hold,kick,300,3.9165908507662035,-1.303974412399253,0.10982576903820486,2.1555543787525595,0.06488178583894977,0.7686450357440475,1.3006307599978475,-0.0009654388772553403,1.3015961988751028,0.0
646,12.92,hold,kick,301,3.9375085293628453,-1.3172931664506715,0.10982145371349297,2.154991680678905,0.06339590900527908,0.7689914071091365,1.3009776995784068,-0.000916572138973757,1.3018942717173805,0.0
647,12.94,hold,kick,302,3.958426090506652,-1.3306118457172404,0.1098172344255663,2.154365537687,0.061800444672391944,0.7692824970998022,1.3012691270714298,-0.0008967910528523207,1.3021659181242822,0.0
648,12.96,hold,kick,303,3.9793435368069505,-1.3439304518603776,0.1098131088632403,2.15369384571063,0.06006664654831922,0.7694947705419923,1.301478339989139,-0.0008895036328279149,1.3023678436219668,0.0
649,12.98,hold,kick,304,4.000260870810475,-1.3572489865016475,0.10980907479029745,2.1530138723857015,0.05821183577473428,0.7695985943568737,1.3015805316833258,-0.0008775976317611789,1.302458129315087,0.0
650,13.0,hold,kick,305,4.021178095003392,-1.3705674512240442,0.10980513004164878,2.152344297890855,0.05624187102590593,0.7695271170961261,1.3015114426463992,-0.0008705185228625734,1.3023819611692617,0.0
651,13.02,hold,kick,306,4.042095211813199,-1.3838858475732128,0.10980127251976134,2.151664090511893,0.05414064047795433,0.7692078451950208,1.3011976298075603,-0.0008694022196305169,1.3020670320271908,0.0
652,13.04,hold,kick,307,4.063012223610577,-1.3972041770586177,0.1097975001913301,2.150957891064932,0.051911581096641214,0.7685560461280236,1.3005514515952703,-0.000845769999174753,1.3013972215944452,0.0
653,13.06,hold,kick,308,4.083929132711105,-1.4105224411546398,0.10979381108417517,2.150206633834424,0.049587025956199335,0.7675684738352611,1.2995659467529084,-0.0007863909990518218,1.3003523377519601,0.0
654,13.08,hold,kick,309,4.104845941376915,-1.4238406413016311,0.10979020328434612,2.1494053612399,0.04722757725386251,0.7663528468730576,1.2983450804076118,-0.0006738251506563722,1.2990189055582682,0.0
655,13.1,hold,kick,310,4.125762651818276,-1.4371587789069138,0.10978667493341748,2.148525840782776,0.04499243228110192,0.7652747466020718,1.2972519772242932,-0.0005889439418508384,1.2978409211661441,0.0
656,13.12,hold,kick,311,4.146679266195061,-1.4504768553457352,0.10978322422596097,2.1476784823134185,0.042972138838161804,0.7644199601744707,1.2963892789568878,-0.0005250001136477556,1.2969142790705357,0.0
657,13.14,hold,kick,312,4.1675957866182225,-1.4637948719621812,0.10977984940718097,2.146904449111198,0.04115497754264112,0.7636630206363857,1.295626499935904,-0.0005166282054125809,1.2961431281413165,0.0
658,13.16,hold,kick,313,4.188512215151126,-1.477112830070042,0.1097765487707001,2.1461453891938698,0.0395395872317556,0.762955132731796,1.2949145932930652,-0.0005092190969259586,1.2954238123899913,0.0
659,13.18,hold,kick,314,4.209428553810869,-1.4904307309536515,0.10977332065648514,2.145333162823208,0.038125040006827864,0.762220654975171,1.294178037977509,-0.0005028335566929221,1.294680871534202,0.0
660,13.2,hold,kick,315,4.230344804569534,-1.5037485758686782,0.10977016344890167,2.1444347034769486,0.03691956176653281,0.7614022160306818,1.293359728254957,-0.0004985405708845467,1.2938582688258415,0.0
661,13.22,hold,kick,316,4.251260969355387,-1.5170663660428905,0.10976707557488855,2.1434603221850734,0.035893301260464056,0.7604901648685649,1.2924470488941668,-0.0004949795381384951,1.2929420284323054,0.0
662,13.24,hold,kick,317,4.272177050054023,-1.5303841026768914,0.10976405550224375,2.1424153383703866,0.03501560003460325,0.7595097451746808,1.2914619775412504,-0.0004903085002830321,1.2919522860415333,0.0
663,13.26,hold,kick,318,4.293093048509483,-1.5437017869448195,0.10976110173801283,2.1412883923059005,0.034255300775888224,0.7584857472665505,1.2904275734460884,-0.0005163570379951472,1.2909439304840835,0.0
664,13.28,hold,kick,319,4.314008966525295,-1.5570194199950236,0.10975821282697323,2.140115519069418,0.033599716267245686,0.7574151809349229,1.2893433283926758,-0.0005510515137639588,1.2898943799064397,0.0
665,13.3,hold,kick,320,4.334924805865507,-1.5703370029507129,0.10975538735020772,2.1389468394974216,0.03305481678534897,0.7563335871584217,1.2882447673417867,-0.000567288786239472,1.2888120561280263,0.0
666,13.32,hold,kick,321,4.3558405682556645,-1.5836545369105821,0.10975262392376033,2.1378173641215774,0.03260658841413254,0.7553326448482776,1.2872220811582074,-0.000574743611581767,1.287796824769789,0.0
667,13.34,hold,kick,322,4.376756255383762,-1.596972022949411,0.10974992119736879,2.1367476908868968,0.032229025977780885,0.7544624143855411,1.2863267240326886,-0.0005760275580469765,1.2869027515907354,0.0
668,13.36,hold,kick,323,4.397671868901135,-1.6102894621186468,0.10974727785326904,2.1357505432572284,0.03192423699663876,0.7537124280554874,1.2855508259555395,-0.0005731571449584874,1.286123983100498,0.0
669,13.38,hold,kick,324,4.4185874104233624,-1.6236068554469614,0.10974469260506625,2.1348076196642856,0.03167710753984844,0.7530967732507314,1.2849075291461085,-0.0005687545472332217,1.2854762836933418,0.0
670,13.4,hold,kick,325,4.439502881531098,-1.6369242039407945,0.10974216419666752,2.1339242205086273,0.03145943746064782,0.7526435222881701,1.2844259927205801,-0.0005635311586499776,1.2849895238792302,0.0
671,13.42,hold,kick,326,4.460418283770894,-1.650241508584871,0.10973969140127263,2.1331045454266606,0.03127347104138584,0.7523317183746381,1.284089466554594,-0.0005568205688695482,1.2846462871234636,0.0
672,13.44,hold,kick,327,4.4813336186561195,-1.663558770342782,0.10973727474047572,2.1323369890498967,0.03113114443868794,0.7521237533054075,1.2838624078990204,-0.0005540780538510585,1.2844164859528715,0.0
673,13.46,hold,kick,328,4.502248888896158,-1.6768759909396584,0.10973529843378006,2.1315878736861804,0.031000262511092752,0.7520004331531122,1.2837243760379577,-0.0005600695303175605,1.2842844455682754,0.0
674,13.48,hold,kick,329,4.523164107816659,-1.6901931788602356,0.10973421202849999,2.1308749785655503,0.030852199437883553,0.7519525021067031,1.2836646988038587,-0.0005586147678154005,1.284223313571674,0.0
675,13.5,hold,kick,330,4.544079296550954,-1.7035103475605784,0.10973373021044416,2.1302101554316195,0.030694003817536473,0.7519659318489067,1.2836712672556694,-0.0005495307853081374,1.2842207980409774,0.0
676,13.52,hold,kick,331,4.564994470935078,-1.716827507123847,0.10973354444467183,2.129556795958387,0.03053154340681197,0.7519994525672082,1.2837035315040437,-0.0005442535464290424,1.2842477850504728,0.0
677,13.54,hold,kick,332,4.585909639434671,-1.7301446629403012,0.1097334811819141,2.1289014933188843,0.0303467762071212,0.752036107853772,1.283740865823963,-0.0005456930771675014,1.2842865589011305,0.0
678,13.56,hold,kick,333,4.6068248058008185,-1.7434618173983463,0.10973346251338376,2.1282519204219272,0.03012619071162068,0.7520791501319691,1.283785421391093,-0.0005460935412968729,1.28433151493239,0.0
679,13.58,hold,kick,334,4.627739971485879,-1.7567789714227264,0.10973345812373417,2.1276023940345463,0.029872130994246758,0.7521187766289483,1.283828439741599,-0.0005522991167613671,1.2843807388583606,0.0
680,13.6,hold,kick,335,4.648655136987502,-1.7700961253303076,0.10973345759430253,2.1269378602755085,0.029608615392849934,0.7521196013823507,1.2838367932599144,-0.0005621831358378036,1.2843989763957522,0.0
681,13.62,hold,kick,336,4.669570302453853,-1.7834132792154296,0.10973345781381262,2.1262744502555098,0.029336799362652148,0.7520632353288297,1.283789357555495,-0.0005637186496358568,1.284353076205131,0.0
682,13.64,hold,kick,337,4.690485467920375,-1.7967304331006633,0.10973345803418064,2.125625492160243,0.029044677506254314,0.7519705380743265,1.283703527003833,-0.0005628281938597664,1.2842663551976927,0.0
683,13.66,hold,kick,338,4.711400633391694,-1.810047586988949,0.10973345815587586,2.1250004991092086,0.028726812041424576,0.7518735485043898,1.2836099320841017,-0.0005639164678750384,1.2841738485519767,0.0
684,13.68,hold,kick,339,4.732315798866267,-1.8233647408793077,0.10973345820994011,2.1244117469164414,0.02838462691366998,0.7517962748176463,1.2835329597537948,-0.0005654977317147841,1.2840984574855097,0.0
685,13.7,hold,kick,340,4.753230964342435,-1.8366818947706818,0.10973345823080512,2.12385868000771,0.028021093587273557,0.7517491387072495,1.283483938314204,-0.0005650855707278295,1.2840490238849318,0.0
686,13.72,hold,kick,341,4.774146129819262,-1.8499990486624744,0.10973345823791675,2.123335535594189,0.02764466847980338,0.7517292864855466,1.2834614926776373,-0.0005644342733842865,1.2840259269510217,0.0
687,13.74,hold,kick,342,4.795061295296329,-1.8633162025544199,0.10973345824001761,2.122838133192909,0.027257776301855975,0.7517373944511031,1.2834667177655728,-0.0005634165346629846,1.2840301343002358,0.0
688,13.76,hold,kick,343,4.815976460773471,-1.8766333564464137,0.10973345824051257,2.1223635096970823,0.02685225726213033,0.7517748503932425,1.2835017030263611,-0.0005615403281839584,1.2840632433545451,0.0
689,13.78,hold,kick,344,4.83689162625062,-1.889950510338421,0.10973345824057283,2.121905153968559,0.02642210794097348,0.7518116093584221,1.2835378893177953,-0.0005719712959677201,1.284109860613763,0.0
690,13.8,hold,kick,345,4.8578067917278,-1.9032676642304285,0.10973345824054849,2.1214783525305667,0.02596397227882422,0.7518261257075953,1.2835510139438338,-0.0005918049374177975,1.2841428188812516,0.0
691,13.82,hold,kick,346,4.878721957204984,-1.9165848181224359,0.10973345824052382,2.1211082009023943,0.02548652520356594,0.75184849164774,1.2835692227620568,-0.0005930568133238889,1.2841622795753806,0.0
692,13.84,hold,kick,347,4.899637122682144,-1.9299019720144432,0.10973345824051017,2.120792062310149,0.02500476484080426,0.7519035856202585,1.283619745572542,-0.000584427177169132,1.284204172749711,0.0
693,13.86,hold,kick,348,4.920552288159293,-1.9432191259064506,0.10973345824050408,2.1205008199327606,0.024526851509258183,0.7519608886979958,1.2836746183250314,-0.000582282063793689,1.2842569003888251,0.0
694,13.88,hold,kick,349,4.941467453636442,-1.956536279798458,0.10973345824050174,2.120222562014118,0.024051786315712892,0.7519850435278916,1.2836972176787498,-0.0005848676075665554,1.2842820852863164,0.0
695,13.9,hold,kick,350,4.9623826191135905,-1.9698534336904654,0.10973345824050094,2.1199625535388162,0.023582916379107668,0.7519693921002242,1.2836790160354499,-0.0005874272088336775,1.2842664432442836,0.0
696,13.92,hold,kick,351,4.983297784590739,-1.9831705875824728,0.10973345824050078,2.119725967307615,0.023125577316272804,0.7519236350896773,1.2836296614921667,-0.0005784445940071117,1.2842081060861739,0.0
697,13.94,hold,kick,352,5.004212950067888,-1.9964877414744802,0.10973345824050078,2.119506322880677,0.022691261498227186,0.7518627273601485,1.2835648129972905,-0.000568961324444027,1.2841337743217345,0.0
698,13.96,hold,kick,353,5.025128115545037,-2.0098048953664875,0.10973345824050078,2.11929422333059,0.022298894892297912,0.7518118229225175,1.2835110912353476,-0.0005649436422684763,1.2840760348776161,0.0
699,13.98,hold,kick,354,5.046043281022186,-2.023122049258495,0.10973345824050078,2.1190781316664755,0.021949445052683026,0.7517606504351545,1.2834589928166622,-0.0005662540815469554,1.2840252468982092,0.0
700,14.0,hold,kick,355,5.066958446499335,-2.0364392031505023,0.10973345824050078,2.1188585580829806,0.02163036819921407,0.7516902120693972,1.2833860381793412,-0.0005710674571141987,1.2839571056364554,0.0
701,14.02,hold,kick,356,5.087873611976484,-2.0497563570425097,0.10973345824050078,2.1186658479002385,0.021343894628392066,0.7516431070177154,1.2833313723358197,-0.0005619464046692085,1.2838933187404888,0.0
702,14.04,hold,kick,357,5.108788777453633,-2.063073510934517,0.10973345824050078,2.1185081540927757,0.021106771799660445,0.7516516255974433,1.2833304981119957,-0.0005396813235402538,1.283870179435536,0.0
703,14.06,hold,kick,358,5.129703942930782,-2.0763906648265245,0.10973345824050078,2.118333219787047,0.020925442283627235,0.7516851757264733,1.283357068133751,-0.0005244625265166392,1.2838815306602676,0.0
704,14.08,hold,kick,359,5.1506191084079305,-2.089707818718532,0.10973345824050078,2.118119551853009,0.020808286742094066,0.7517101656811,1.2833775384939152,-0.0005126511490094361,1.2838901896429247,0.0
705,14.1,hold,kick,360,5.171534273885079,-2.1030249726105392,0.10973345824050078,2.117884393236481,0.020761897024738192,0.7517145958852834,1.2833780171948541,-0.00050297117261262,1.2838809883674667,0.0
706,14.12,hold,kick,361,5.192449439362228,-2.1163421265025466,0.10973345824050078,2.1176254365386638,0.020777311176572454,0.7516991648725851,1.2833577818686461,-0.0004965976907198091,1.283854379559366,0.0
707,14.14,hold,kick,362,5.213364604839377,-2.129659280394554,0.10973345824050078,2.1173425084803705,0.020844574372738053,0.7516917909840182,1.2833445595444402,-0.0004910152310206722,1.2838355747754608,0.0
708,14.16,hold,kick,363,5.234279770316526,-2.1429764342865614,0.10973345824050078,2.117051467648571,0.020957087258802572,0.7517217030097985,1.2833683376790557,-0.00048327395592271186,1.2838516116349783,0.0
709,14.18,hold,kick,364,5.255194935793675,-2.1562935881785688,0.10973345824050078,2.116743875113468,0.021116663421259937,0.7517685727521717,1.2834111539849664,-0.0004860013658472932,1.2838971553508136,0.0
710,14.2,hold,kick,365,5.276110101270824,-2.169610742070576,0.10973345824050078,2.1164094135947917,0.021316958459547296,0.7517980300948532,1.283436977505209,-0.0004990292537773826,1.2839360067589864,0.0
711,14.22,hold,kick,366,5.297025266747973,-2.1829278959625835,0.10973345824050078,2.116064055517598,0.021537421212518705,0.7518170372427325,1.2834501783671113,-0.000507396408974993,1.2839575747760863,0.0
712,14.24,hold,kick,367,5.317940432225122,-2.196245049854591,0.10973345824050078,2.115712203490463,0.02176742006146249,0.7518377729830371,1.2834641375382563,-0.0005139088593166252,1.283978046397573,0.0
713,14.26,hold,kick,368,5.3388555977022705,-2.2095622037465983,0.10973345824050078,2.1153500159671275,0.022006925100032784,0.751851521277953,1.2834718843444044,-0.0005215544254691257,1.2839934387698735,0.0
714,14.28,hold,kick,369,5.359770763179419,-2.2228793576386057,0.10973345824050078,2.1149985008639254,0.022249295435480817,0.7518654233524817,1.2834787336282383,-0.0005208116252423262,1.2839995452534807,0.0
715,14.3,hold,kick,370,5.380685928656568,-2.236196511530613,0.10973345824050078,2.114681607196932,0.022489546874774002,0.7519066602397303,1.2835113117097028,-0.0005137783640832387,1.284025090073786,0.0
716,14.32,hold,kick,371,5.401601094133717,-2.2495136654226204,0.10973345824050078,2.1144153602561215,0.02273709712898884,0.7519776938452044,1.2835745279014827,-0.0005068447713125063,1.2840813726727953,0.0
717,14.34,hold,kick,372,5.422516259610866,-2.262830819314628,0.10973345824050078,2.1141986913336654,0.022988618897408747,0.7520664849529719,1.2836564071424343,-0.0005039335234197431,1.2841603406658542,0.0
718,14.36,hold,kick,373,5.443431425088015,-2.276147973206635,0.10973345824050078,2.114001814462301,0.023229592354254334,0.7521534901282967,1.2837390248771554,-0.0005035036266203309,1.2842425285037757,0.0
719,14.38,hold,kick,374,5.464346590565164,-2.2894651270986426,0.10973345824050078,2.113807106003283,0.02345501528628457,0.7522128172590471,1.2837964219155338,-0.0005101596816346199,1.2843065815971684,0.0
720,14.4,hold,kick,375,5.485261756042313,-2.30278228099065,0.10973345824050078,2.1136201235197136,0.023660183915645068,0.7522247807089745,1.283807244291085,-0.000520701350816645,1.2843279456419017,0.0
721,14.42,hold,kick,376,5.506176921519462,-2.3160994348826573,0.10973345824050078,2.1134715604659338,0.023834819110111934,0.7522307033374784,1.2838085615035133,-0.0005205936966447833,1.2843291552001581,0.0
722,14.44,hold,kick,377,5.5270920869966105,-2.3294165887746647,0.10973345824050078,2.113376644996492,0.023993936262300553,0.7522608332449084,1.2838342588493319,-0.0005134474325440008,1.284347706281876,0.0
723,14.46,hold,kick,378,5.548007252473759,-2.342733742666672,0.10973345824050078,2.113319845062303,0.024160626671013378,0.7522937880386785,1.283865554152842,-0.0005053112497716214,1.2843708654026138,0.0
724,14.48,hold,kick,379,5.568922417950908,-2.3560508965586795,0.10973345824050078,2.1132707134827386,0.024337555031323066,0.7523061286635331,1.2838798775446327,-0.0005007519764726083,1.2843806295211053,0.0
725,14.5,hold,kick,380,5.589837583428057,-2.369368050450687,0.10973345824050078,2.1132058900149344,0.024518095976607132,0.7522873972292867,1.2838663133515236,-0.0005013293123490963,1.2843676426638726,0.0
726,14.52,hold,kick,381,5.610752748905206,-2.3826852043426943,0.10973345824050078,2.1131267069384965,0.024689581701540356,0.7522445617995337,1.283829014345933,-0.0005031275744816904,1.2843321419204148,0.0
727,14.54,hold,kick,382,5.631667914382355,-2.3960023582347016,0.10973345824050078,2.11304441138241,0.024848788287413978,0.7521979801401343,1.2837862022828852,-0.0005050554888639362,1.2842912577717491,0.0
728,14.56,hold,kick,383,5.652583079859504,-2.409319512126709,0.10973345824050078,2.112974400533418,0.025003225311676983,0.7521645160222498,1.2837541326585833,-0.0005062674317184816,1.2842604000903017,0.0
729,14.58,hold,kick,384,5.673498245336653,-2.4226366660187164,0.10973345824050078,2.112914977890256,0.02514613399055216,0.7521311752744299,1.2837202758499784,-0.0005077993956542452,1.2842280752456325,0.0
730,14.6,hold,kick,385,5.694413410813802,-2.435953819910724,0.10973345824050078,2.1128687358471576,0.025261129483224978,0.7520931587373287,1.2836787502783726,-0.0005107462395196882,1.2841894965178924,0.0
731,14.62,hold,kick,386,5.7153285762909505,-2.449270973802731,0.10973345824050078,2.1128501037916805,0.02534604980622496,0.7520871792693488,1.283667334675146,-0.0005121391473638659,1.2841794738225099,0.0
732,14.64,hold,kick,387,5.736243741768099,-2.4625881276947386,0.10973345824050078,2.112854102009981,0.02540643039714126,0.7521165499421688,1.2836937902897732,-0.0005120197893655545,1.2842058100791387,0.0
733,14.66,hold,kick,388,5.757158907245248,-2.475905281586746,0.10973345824050078,2.1128736938605175,0.02544645030055685,0.7521421707652756,1.2837190292983875,-0.0005135881412539518,1.2842326174396415,0.0
734,14.68,hold,kick,389,5.778074072722397,-2.4892224354787533,0.10973345824050078,2.1129102819406986,0.025466006294585168,0.7521516505494354,1.2837283716322,-0.0005151580515036329,1.2842435296837038,0.0
735,14.7,hold,kick,390,5.798989238199546,-2.5025395893707607,0.10973345824050078,2.1129622076765036,0.025463067288713788,0.7521543703791769,1.2837307597015764,-0.0005161393788272947,1.2842468990804037,0.0
736,14.72,hold,kick,391,5.819904403676695,-2.515856743262768,0.10973345824050078,2.1130254403673447,0.025433139175930472,0.7521535935347824,1.2837298942663409,-0.0005194772930221143,1.284249371559363,0.0
737,14.74,hold,kick,392,5.840819569153844,-2.5291738971547755,0.10973345824050078,2.113102569597473,0.0253728702321404,0.7521523784831345,1.2837283254396317,-0.0005241577905002459,1.2842524832301319,0.0
738,14.76,hold,kick,393,5.861734734630993,-2.542491051046783,0.10973345824050078,2.1131942357327778,0.025288411053063238,0.7521535996437501,1.2837290910140975,-0.0005266070277186105,1.284255698041816,0.0
739,14.78,hold,kick,394,5.882649900108142,-2.5558082049387902,0.10973345824050078,2.113291346489757,0.025185852518269845,0.7521536913392942,1.283729090248508,-0.0005279642251603579,1.2842570544736682,0.0
740,14.8,hold,kick,395,5.9035650655852905,-2.5691253588307976,0.10973345824050078,2.1133876219431698,0.025066635256322568,0.7521503257544435,1.2837260655856801,-0.0005289911108539401,1.284255056696534,0.0
741,14.82,hold,kick,396,5.924480231062439,-2.582442512722805,0.10973345824050078,2.1134825224962546,0.02493671094004443,0.752155192943241,1.2837318494574885,-0.0005250682828361504,1.2842569177403247,0.0
742,14.84,hold,kick,397,5.945395396539588,-2.5957596666148124,0.10973345824050078,2.1135714264863874,0.024809231041781135,0.7521818846336712,1.2837619473948707,-0.0005155184934042337,1.284277465888275,0.0
743,14.86,hold,kick,398,5.966310562016737,-2.6090768205068198,0.10973345824050078,2.1136513239324968,0.024695263647848173,0.7522349933311968,1.283821824472851,-0.0005073068913398031,1.2843291313641907,0.0
744,14.88,hold,kick,399,5.987225727493886,-2.622393974398827,0.10973345824050078,2.1137211323012077,0.024594083342479256,0.752301058235089,1.2838971515656497,-0.0005022871134014069,1.2843994386790512,0.0
745,14.9,hold,kick,400,6.008140892971035,-2.6357111282908345,0.10973345824050078,2.1137724413979746,0.024502946802935372,0.7523587468682675,1.283964592067449,-0.0004997306957883439,1.2844643227632373,0.0
746,14.92,hold,kick,401,6.029056058448184,-2.649028282182842,0.10973345824050078,2.11380503969309,0.024422491083542823,0.7524129729369923,1.2840277776369935,-0.0004998267504604907,1.284527604387454,0.0
