tick,t_s,phase,task_mode,curr_motion_timestep,ball_x,ball_y,ball_z,base_x,base_y,base_z,robot_top_z,robot_bottom_z,robot_height,kick_aim_theta_deg
0,0.0,idle,locomotion,0,1.9900000095367432,-0.14000000059604645,0.10989091315873106,-0.0003473598347712081,-6.555659236237121e-05,0.7551279160164148,1.2871797142095778,-0.0006425928405461544,1.287822307050124,0.0
1,0.02,idle,locomotion,0,1.9900000095367432,-0.14000000059604645,0.10980902141344312,-0.0014128160185602472,-0.0002515617497524752,0.7514562060239243,1.2835340948717773,-0.0004980152982198525,1.2840321101699972,0.0
2,0.04,idle,locomotion,0,1.9900000095367432,-0.14000000059604645,0.10976503447145444,-0.0031214157985750943,-0.0005855283956574714,0.7454107942005423,1.2774703999676529,-0.0004671069013426135,1.2779375068689955,0.0
3,0.06,idle,locomotion,0,1.9900000095367432,-0.14000000059604645,0.10974518062216254,-0.005153963594514496,-0.0009100147561485029,0.7378324579873177,1.2698063219236595,-0.0004332495072085739,1.270239571430868,0.0
4,0.08,idle,locomotion,0,1.9900000095367432,-0.14000000059604645,0.10973731266832155,-0.007096991470672722,-0.001291468305390789,0.7301142855473965,1.2619597601493806,-0.0004234610746518784,1.2623832212240325,0.0
5,0.1,idle,locomotion,0,1.9900000095367432,-0.14000000059604645,0.10973454404443848,-0.008722426122235085,-0.0016971107987685547,0.7234060594226281,1.2551149699806512,-0.0004153490693788314,1.25553031905003,0.0
6,0.12,idle,locomotion,0,1.9900000095367432,-0.14000000059604645,0.10973369052927323,-0.009983155962247981,-0.002083919064493274,0.7184224973069848,1.2500106054401179,-0.00044170039542239595,1.2504523058355403,0.0
7,0.14,idle,locomotion,0,1.9900000095367432,-0.14000000059604645,0.1097334732878534,-0.01091670928599429,-0.002388697781601849,0.7154554841997296,1.2469524097422284,-0.00047581053711424556,1.2474282202793427,0.0
8,0.16,idle,locomotion,0,1.9900000095367432,-0.14000000059604645,0.10973343775080387,-0.011580511732487907,-0.0025735882493471487,0.7144426767056602,1.245890535659675,-0.0004942693143175185,1.2463848049739925,0.0
9,0.18,idle,locomotion,0,1.9900000095367432,-0.14000000059604645,0.10973344222612894,-0.01209814893951707,-0.0026313321415529565,0.7150594132255957,1.2464924695499924,-0.0004972188802384869,1.246989688430231,0.0
10,0.2,idle,locomotion,0,1.9900000095367432,-0.14000000059604645,0.10973344999820983,-0.012560417072886257,-0.002578302783241197,0.7168666346541612,1.2483110279523288,-0.0004899159487186493,1.2488009439010475,0.0
11,0.22,idle,locomotion,0,1.9900000095367432,-0.14000000059604645,0.1097334547231311,-0.013042485696704771,-0.002447474523268422,0.7193674336674785,1.2508413681765163,-0.0004788616222892658,1.2513202297988055,0.0
12,0.24,idle,locomotion,0,1.9900000095367432,-0.14000000059604645,0.10973345692610834,-0.013598752070543558,-0.0022539432203868906,0.7220885959482632,1.2536034072550466,-0.00046965925060142924,1.254073066505648,0.0
13,0.26,idle,locomotion,0,1.9900000095367432,-0.14000000059604645,0.10973345780729221,-0.01426886801121179,-0.0020028209275250084,0.7246418307618414,1.2562011184999644,-0.0004641543086948523,1.2566652728086594,0.0
14,0.28,idle,locomotion,0,1.9900000095367432,-0.14000000059604645,0.10973345811827714,-0.015094911781820448,-0.0017168782965579464,0.7267489036952514,1.2583462093868656,-0.0004568549638325828,1.2588030643506982,0.0
15,0.3,idle,locomotion,0,1.9900000095367432,-0.14000000059604645,0.10973345821428342,-0.01609490760601576,-0.0014601237588773115,0.728247542241945,1.2598693911199481,-0.00044394533857259125,1.2603133364585206,0.0
16,0.32,idle,locomotion,0,1.9900000095367432,-0.14000000059604645,0.10973345823876013,-0.017262096611312713,-0.001253872444123385,0.729123739513724,1.2607514753752251,-0.0004377266298943028,1.2611892020051194,0.0
17,0.34,idle,locomotion,0,1.9900000095367432,-0.14000000059604645,0.10973345824278434,-0.018526338157064025,-0.0010488368648245425,0.7294280483461568,1.2610502393993681,-0.0004443376709896314,1.2614945770703578,0.0
18,0.36,idle,locomotion,0,1.9900000095367432,-0.14000000059604645,0.10973345824229395,-0.019845542273940187,-0.0008866822524195715,0.729289018663226,1.260896359779579,-0.00045409187070932083,1.2613504516502883,0.0
19,0.38,idle,locomotion,0,1.9900000095367432,-0.14000000059604645,0.10973345824142507,-0.021190591075039105,-0.0007932628026954037,0.7288517930004953,1.2604362716224222,-0.0004623396290115954,1.2608986112514338,0.0
20,0.4,idle,locomotion,0,1.9900000095367432,-0.14000000059604645,0.10973345824089552,-0.02253767622179231,-0.0007419254871597585,0.7282618044000214,1.2598162483795659,-0.0004696341640419953,1.2602858825436078,0.0
21,0.42,idle,locomotion,0,1.9900000095367432,-0.14000000059604645,0.10973345824064834,-0.023860506038099725,-0.0007199531801687591,0.7276505765498859,1.259170699036194,-0.00047645134646181683,1.2596471503826558,0.0
22,0.44,idle,locomotion,0,1.9900000095367432,-0.14000000059604645,0.10973345824054938,-0.025130014344800153,-0.0007106399311041649,0.727118441166292,1.2586041447055691,-0.000485660934314007,1.2590898056398832,0.0
23,0.46,idle,locomotion,0,1.9900000095367432,-0.14000000059604645,0.10973345824051445,-0.026324485936023375,-0.0007210674843535166,0.7267324477936747,1.2581875787034766,-0.0004915831407356491,1.2586791618442124,0.0
24,0.48,idle,locomotion,0,1.9900000095367432,-0.14000000059604645,0.10973345824050364,-0.027434106114329657,-0.0007575424121531982,0.7265246306522279,1.2579559217233474,-0.0004948292235924211,1.2584507509469398,0.0
25,0.5,idle,locomotion,0,1.9900000095367432,-0.14000000059604645,0.10973345824050088,-0.028460276160920332,-0.0008213722777480885,0.7264776061548187,1.2578940514234478,-0.0004962609366144302,1.2583903123600622,0.0
26,0.52,idle,locomotion,0,1.9900000095367432,-0.14000000059604645,0.10973345824050044,-0.029407917427555278,-0.000909585743568432,0.7265585588883573,1.257968458536681,-0.0004971989224959797,1.258465657459177,0.0
27,0.54,idle,locomotion,0,1.9900000095367432,-0.14000000059604645,0.10973345824050044,-0.030286578523318373,-0.0010170606026247613,0.7267375332846897,1.2581477862770623,-0.0004978705059533982,1.2586456567830155,0.0
28,0.56,idle,locomotion,0,1.9900000095367432,-0.14000000059604645,0.10973345824050044,-0.031115717113616586,-0.0011392732329451663,0.7269755390556388,1.2583895716333382,-0.0004984272318312825,1.2588879988651696,0.0
29,0.58,idle,locomotion,0,1.9900000095367432,-0.14000000059604645,0.10973345824050044,-0.03191001653372564,-0.0012786821212945776,0.7272324171433237,1.2586511392802011,-0.0004990233608464338,1.2591501626410475,0.0
30,0.6,idle,locomotion,0,1.9900000095367432,-0.14000000059604645,0.10973345824050044,-0.03267299701072007,-0.0014363130710829512,0.7274796599519809,1.2589029804034786,-0.0004998383432755077,1.259402818746754,0.0
31,0.62,idle,locomotion,0,1.9900000095367432,-0.14000000059604645,0.10973345824050044,-0.03340238289181836,-0.001609580268885621,0.7276978710867079,1.2591257946990562,-0.0005007886094178446,1.259626583308474,0.0
32,0.64,idle,locomotion,0,1.9900000095367432,-0.14000000059604645,0.10973345824050044,-0.03409761971001614,-0.0017983494608628024,0.7278728042207586,1.2593052189492047,-0.0005018843004876462,1.2598071032496923,0.0
33,0.66,idle,locomotion,0,1.9900000095367432,-0.14000000059604645,0.10973345824050044,-0.03475869444917598,-0.0020034909206546017,0.7279981538069927,1.259434561396078,-0.0005031515575857348,1.2599377129536637,0.0
34,0.68,idle,locomotion,0,1.9900000095367432,-0.14000000059604645,0.10973345824050044,-0.03538414664013842,-0.002222691113280265,0.728076105946946,1.259515788788082,-0.0005045331560723926,1.2600203219441544,0.0
35,0.7,idle,locomotion,0,1.9900000095367432,-0.14000000059604645,0.10973345824050044,-0.035971844452366106,-0.0024508413351615856,0.728114405282881,1.2595566467260155,-0.0005059826362773558,1.260062629362293,0.0
36,0.72,idle,locomotion,0,1.9900000095367432,-0.14000000059604645,0.10973345824050044,-0.036519887379231876,-0.0026835272405672825,0.728123051636619,1.259567226206283,-0.0005074232010678151,1.2600746494073507,0.0
37,0.74,idle,locomotion,0,1.9900000095367432,-0.14000000059604645,0.10973345824050044,-0.037026372685402195,-0.002916764724396906,0.7281148563445907,1.259560422630635,-0.000508906215229369,1.2600693288458644,0.0
38,0.76,idle,locomotion,0,1.9900000095367432,-0.14000000059604645,0.10973345824050044,-0.03748997356047969,-0.003149123179545616,0.728101953860061,1.2595486285676785,-0.0005102979612215709,1.2600589265289,0.0
39,0.78,idle,locomotion,0,1.9900000095367432,-0.14000000059604645,0.10973345824050044,-0.037910671320810524,-0.003381837163589443,0.7280904739511875,1.2595382061938203,-0.0005114404073666874,1.260049646601187,0.0
40,0.8,idle,locomotion,0,1.9900000095367432,-0.14000000059604645,0.10973345824050044,-0.03828905646569436,-0.0036155374661698647,0.7280829718645483,1.2595318378966591,-0.0005123764178585691,1.2600442143145176,0.0
41,0.82,idle,locomotion,0,1.9900000095367432,-0.14000000059604645,0.10973345824050044,-0.03862611066108686,-0.0038464526386886603,0.7280799245018377,1.259530101329109,-0.0005132034368656689,1.2600433047659745,0.0
42,0.84,idle,locomotion,0,1.9900000095367432,-0.14000000059604645,0.10973345824050044,-0.038923601389923984,-0.004071544478758397,0.7280800532319622,1.259531730926597,-0.0005145724910992078,1.2600463034176963,0.0
43,0.86,idle,locomotion,0,1.9900000095367432,-0.14000000059604645,0.10973345824050044,-0.03918336183649447,-0.00428999822676745,0.7280818839530877,1.2595352335578474,-0.0005159399063157724,1.260051173464163,0.0
44,0.88,idle,locomotion,0,1.9900000095367432,-0.14000000059604645,0.10973345824050044,-0.03940687955231732,-0.0045013668384128085,0.7280844671398092,1.2595396667142869,-0.0005171213014522162,1.2600567880157392,0.0
45,0.9,idle,locomotion,0,1.9900000095367432,-0.14000000059604645,0.10973345824050044,-0.03959419515248814,-0.0047056079837432055,0.7280867903462852,1.2595443779815516,-0.0005181435617324197,1.2600625215432841,0.0
46,0.92,idle,locomotion,0,1.9900000095367432,-0.14000000059604645,0.10973345824050044,-0.03974614645515208,-0.004902830450459386,0.7280870882872134,1.2595478547965664,-0.000518841888459378,1.2600666966850258,0.0
47,0.94,idle,locomotion,0,1.9900000095367432,-0.14000000059604645,0.10973345824050044,-0.039865128591711436,-0.0050926774887884605,0.7280838164404796,1.2595484855198475,-0.000518995899657794,1.2600674814195054,0.0
48,0.96,idle,locomotion,0,1.9900000095367432,-0.14000000059604645,0.10973345824050044,-0.039954769147496204,-0.00527426715059055,0.7280767145476656,1.2595457978434952,-0.0005187956402354643,1.2600645934837307,0.0
49,0.98,idle,locomotion,0,1.9900000095367432,-0.14000000059604645,0.10973345824050044,-0.040019315368891084,-0.005446695731768742,0.7280663205652469,1.259540057287416,-0.0005184935098234388,1.2600585507972395,0.0
50,1.0,idle,locomotion,0,1.9900000095367432,-0.14000000059604645,0.10973345824050044,-0.040062614351762706,-0.005608804194495186,0.7280531641803243,1.2595315534377027,-0.0005181712644995173,1.2600497247022022,0.0
51,1.02,idle,locomotion,0,1.9900000095367432,-0.14000000059604645,0.10973345824050044,-0.040087985497778374,-0.005760342196931095,0.728038302893013,1.2595211330778826,-0.0005182995939596001,1.2600394326718423,0.0
52,1.04,idle,locomotion,0,1.9900000095367432,-0.14000000059604645,0.10973345824050044,-0.04009775046399737,-0.005900531420162721,0.7280232871277004,1.2595102669078206,-0.0005184211999792812,1.2600286881078,0.0
53,1.06,idle,locomotion,0,1.9900000095367432,-0.14000000059604645,0.10973345824050044,-0.04009395627670619,-0.006029060637625437,0.7280086553558429,1.2594994889600053,-0.0005185237718670806,1.2600180127318723,0.0
54,1.08,idle,locomotion,0,1.9900000095367432,-0.14000000059604645,0.10973345824050044,-0.04007870106749635,-0.006146067251449906,0.72799438964958,1.2594887381702904,-0.0005185957146153809,1.2600073338849058,0.0
55,1.1,idle,locomotion,0,1.9900000095367432,-0.14000000059604645,0.10973345824050044,-0.040053880820102375,-0.006251834002931524,0.7279803694880084,1.2594778648523335,-0.0005186601544820008,1.2599965250068155,0.0
56,1.12,idle,locomotion,0,1.9900000095367432,-0.14000000059604645,0.10973345824050044,-0.04002114814242752,-0.0063467139848390215,0.7279664457919196,1.2594667173196883,-0.0005187004721444559,1.2599854177918328,0.0
57,1.14,idle,locomotion,0,1.9900000095367432,-0.14000000059604645,0.10973345824050044,-0.03998192891333129,-0.006430880482195826,0.7279524619001967,1.2594551624678134,-0.0005187670426790442,1.2599739295104924,0.0
58,1.16,idle,locomotion,0,1.9900000095367432,-0.14000000059604645,0.10973345824050044,-0.03993766243946447,-0.006504207439459269,0.7279382922530996,1.2594430928663995,-0.0005188774169665004,1.259961970283366,0.0
59,1.18,idle,locomotion,0,1.9900000095367432,-0.14000000059604645,0.10973345824050044,-0.03988952026949662,-0.006567408469656963,0.7279239857172124,1.259430586805311,-0.0005190266945335267,1.2599496134998447,0.0
60,1.2,idle,locomotion,0,1.9900000095367432,-0.14000000059604645,0.10973345824050044,-0.03983849021299613,-0.0066212975592623655,0.7279093511686952,1.2594175168904598,-0.0005192016357578044,1.2599367185262176,0.0
61,1.22,idle,locomotion,0,1.9900000095367432,-0.14000000059604645,0.10973345824050044,-0.03978577075240044,-0.006666535239454843,0.727893645840518,1.2594031733244575,-0.0005194191863476215,1.259922592510805,0.0
62,1.24,idle,locomotion,0,1.9900000095367432,-0.14000000059604645,0.10973345824050044,-0.03973259082560763,-0.0067037264584533796,0.7278762743008904,1.2593869598785514,-0.0005196316480457104,1.2599065915265972,0.0
63,1.26,idle,locomotion,0,1.9900000095367432,-0.14000000059604645,0.10973345824050044,-0.03967986421567739,-0.006733387694991621,0.7278571557479951,1.2593688181286367,-0.0005198441830474958,1.259888662311684,0.0
64,1.28,idle,locomotion,0,1.9900000095367432,-0.14000000059604645,0.10973345824050044,-0.03962827789414703,-0.006755968777531986,0.7278365543097954,1.2593490477920453,-0.0005200601255244755,1.2598691079175697,0.0
65,1.3,idle,locomotion,0,1.9900000095367432,-0.14000000059604645,0.10973345824050044,-0.039578386456637235,-0.006771942691986484,0.7278149234997962,1.2593281363498554,-0.0005202473761570583,1.2598483837260124,0.0
66,1.32,idle,locomotion,0,1.9900000095367432,-0.14000000059604645,0.10973345824050044,-0.039530646159816156,-0.0067818135369041455,0.7277927983405118,1.2593066495636582,-0.0005204419640666078,1.2598270915277248,0.0
67,1.34,idle,locomotion,0,1.9900000095367432,-0.14000000059604645,0.10973345824050044,-0.03948538178497844,-0.0067861278540914125,0.727770709103163,1.2592851478280964,-0.0005206063361991621,1.2598057541642955,0.0
68,1.36,idle,locomotion,0,1.9900000095367432,-0.14000000059604645,0.10973345824050044,-0.03944271458142046,-0.006785383172484428,0.7277491618152888,1.2592641882825841,-0.0005207873094565628,1.2597849755920407,0.0
69,1.38,idle,locomotion,0,1.9900000095367432,-0.14000000059604645,0.10973345824050044,-0.03940281498269485,-0.006780479928714601,0.7277285736264675,1.259244222162517,-0.00052094405894762,1.2597651662214646,0.0
70,1.4,idle,locomotion,0,1.9900000095367432,-0.14000000059604645,0.10973345824050044,-0.03936589792571753,-0.006771925371768101,0.7277091466403708,1.2592254514913503,-0.000521084129903631,1.259746535621254,0.0
71,1.42,idle,locomotion,0,1.9900000095367432,-0.14000000059604645,0.10973345824050044,-0.03933216256959112,-0.0067602628072968764,0.7276909664276925,1.2592079482199876,-0.0005211986793382389,1.259729146899326,0.0
72,1.44,idle,locomotion,0,1.9900000095367432,-0.14000000059604645,0.10973345824050044,-0.0393017377702462,-0.006746049045358562,0.7276740809372482,1.2591917514914865,-0.0005213416501955101,1.259713093141682,0.0
73,1.46,idle,locomotion,0,1.9900000095367432,-0.14000000059604645,0.10973345824050044,-0.039274686883600814,-0.0067298699406326224,0.727658482945279,1.259176848831071,-0.0005214495737586658,1.2596982984048297,0.0
74,1.48,idle,locomotion,0,1.9900000095367432,-0.14000000059604645,0.10973345824050044,-0.03925103589423609,-0.006712218987258385,0.7276441192468452,1.259163187933933,-0.000521571280985917,1.2596847592149187,0.0
75,1.5,idle,locomotion,0,1.9900000095367432,-0.14000000059604645,0.10973345824050044,-0.0392307819392547,-0.0066936155471386035,0.7276308874409615,1.259150661693745,-0.0005216765741441476,1.259672338267889,0.0
76,1.52,idle,locomotion,0,1.9900000095367432,-0.14000000059604645,0.10973345824050044,-0.0392138921641718,-0.006674476172166365,0.7276186825873641,1.2591391666192404,-0.0005217964936741273,1.2596609631129145,0.0
77,1.54,idle,locomotion,0,1.9900000095367432,-0.14000000059604645,0.10973345824050044,-0.03920031940894237,-0.006655270977601668,0.7276074280872938,1.259128625600256,-0.0005219207646937028,1.2596505463649497,0.0
78,1.56,idle,locomotion,0,1.9900000095367432,-0.14000000059604645,0.10973345824050044,-0.039189996985355274,-0.006636384498434775,0.7275970229990627,1.2591189359571868,-0.0005220325183538863,1.2596409684755407,0.0
79,1.58,idle,locomotion,0,1.9900000095367432,-0.14000000059604645,0.10973345824050044,-0.039182849645148156,-0.006618195511560086,0.7275873848601377,1.2591100154227282,-0.0005221443417103705,1.2596321597644384,0.0
80,1.6,idle,locomotion,0,1.9900000095367432,-0.14000000059604645,0.10973345824050044,-0.039178787281971654,-0.006601052600294508,0.7275784362538513,1.2591017862654579,-0.000522273574195091,1.2596240598396529,0.0
81,1.62,idle,locomotion,0,1.9900000095367432,-0.14000000059604645,0.10973345824050044,-0.03917770947539704,-0.0065852238517165465,0.7275701237287467,1.2590941894421364,-0.0005223876263988105,1.2596165770685352,0.0
82,1.64,idle,locomotion,0,1.9900000095367432,-0.14000000059604645,0.10973345824050044,-0.03917951185714791,-0.0065709819511582815,0.7275624029097748,1.2590871824273255,-0.0005225103094690306,1.2596096927367946,0.0
83,1.66,idle,locomotion,0,1.9900000095367432,-0.14000000059604645,0.10973345824050044,-0.039184081380391554,-0.0065586027817067846,0.7275552287730669,1.2590807154548875,-0.0005226320296628471,1.2596033474845503,0.0
84,1.68,idle,locomotion,0,1.9900000095367432,-0.14000000059604645,0.10973345824050044,-0.039191296541716,-0.006548257922048307,0.7275485418244536,1.2590747294379836,-0.000522760135790605,1.2595974895737743,0.0
85,1.7,idle,locomotion,0,1.9900000095367432,-0.14000000059604645,0.10973345824050044,-0.03920103263387881,-0.006540109578978917,0.7275422251397342,1.259069109933266,-0.0005228801971355404,1.2595919901304016,0.0
86,1.72,idle,locomotion,0,1.9900000095367432,-0.14000000059604645,0.10973345824050044,-0.0392131691272562,-0.006534300806991839,0.7275360846298926,1.2590636639658055,-0.0005230100825183784,1.259586674048324,0.0
87,1.74,idle,locomotion,0,1.9900000095367432,-0.14000000059604645,0.10973345824050044,-0.039227585675701865,-0.006530950392035318,0.727530024531123,1.2590582977898244,-0.0005231499828770546,1.2595814477727014,0.0
88,1.76,idle,locomotion,0,1.9900000095367432,-0.14000000059604645,0.10973345824050044,-0.03924417170370945,-0.006530132584601941,0.7275239592372973,1.2590529272333373,-0.0005232696994403561,1.2595761969327777,0.0
89,1.78,idle,locomotion,0,1.9900000095367432,-0.14000000059604645,0.10973345824050044,-0.03926281971166536,-0.006531849073547282,0.7275178729652929,1.2590475304545026,-0.0005234111648457947,1.2595709416193483,0.0
90,1.8,idle,locomotion,0,1.9900000095367432,-0.14000000059604645,0.10973345824050044,-0.039283421311016975,-0.006536099970525205,0.7275117711759664,1.2590421105370788,-0.0005235554042596867,1.2595656659413386,0.0
91,1.82,idle,locomotion,0,1.9900000095367432,-0.14000000059604645,0.10973345824050044,-0.03930585889270625,-0.00654289167685207,0.7275056926735642,1.2590367042630568,-0.0005236905456129891,1.2595603948086698,0.0
92,1.84,idle,locomotion,0,1.9900000095367432,-0.14000000059604645,0.10973345824050044,-0.03933003431116987,-0.006552181643654237,0.7274996300892526,1.2590312991700758,-0.00052382764720868,1.2595551268172844,0.0
93,1.86,idle,locomotion,0,1.9900000095367432,-0.14000000059604645,0.10973345824050044,-0.03935582506960784,-0.006563926058054527,0.7274936244079867,1.2590259346648167,-0.0005239707472654356,1.2595499054120822,0.0
94,1.88,idle,locomotion,0,1.9900000095367432,-0.14000000059604645,0.10973345824050044,-0.03938312502288368,-0.006578056044161301,0.7274876561777149,1.2590205856409544,-0.0005241204644316037,1.259544706105386,0.0
95,1.9,idle,locomotion,0,1.9900000095367432,-0.14000000059604645,0.10973345824050044,-0.03941181718347179,-0.006594485658467747,0.7274817415110314,1.2590152649589321,-0.0005242649954489351,1.259539529954381,0.0
96,1.92,idle,locomotion,0,1.9900000095367432,-0.14000000059604645,0.10973345824050044,-0.03944180363839158,-0.0066131326779698,0.727475892865517,1.2590099791925025,-0.0005244017497419672,1.2595343809422443,0.0
97,1.94,idle,locomotion,0,1.9900000095367432,-0.14000000059604645,0.10973345824050044,-0.03947300595681142,-0.0066338859456715575,0.7274701222789337,1.2590047372389488,-0.0005245482465955249,1.2595292854855442,0.0
98,1.96,idle,locomotion,0,1.9900000095367432,-0.14000000059604645,0.10973345824050044,-0.0395053737493579,-0.006656662366166915,0.7274644029524433,1.258999498013936,-0.0005247027570171973,1.2595242007709533,0.0
99,1.98,idle,locomotion,0,1.9900000095367432,-0.14000000059604645,0.10973345824050044,-0.039538824054917765,-0.00668135439911155,0.72745874438237,1.2589942616768752,-0.0005248316657866341,1.2595190933426619,0.0
100,2.0,idle,locomotion,0,1.9900000095367432,-0.14000000059604645,0.10973345824050044,-0.03957325186275838,-0.006707845597688352,0.7274531663104105,1.2589890473235141,-0.0005249693714193641,1.2595140166949335,0.0
101,2.02,idle,locomotion,0,1.9900000095367432,-0.14000000059604645,0.10973345824050044,-0.03960854524422654,-0.006735999356438638,0.7274476556615187,1.2589838395315098,-0.0005250960487554121,1.2595089355802653,0.0
102,2.04,idle,locomotion,0,1.9900000095367432,-0.14000000059604645,0.10973345824050044,-0.03964456232771877,-0.006765665937085831,0.7274422380722358,1.2589786725008028,-0.0005252300894095403,1.2595039025902124,0.0
103,2.06,idle,locomotion,0,1.9900000095367432,-0.14000000059604645,0.10973345824050044,-0.039681169903932174,-0.0067966146605407144,0.7274369223726938,1.2589735560099107,-0.0005253589416987191,1.2594989149516094,0.0
104,2.08,idle,locomotion,0,1.9900000095367432,-0.14000000059604645,0.10973345824050044,-0.03971824401911403,-0.006828644933268119,0.7274317202955118,1.2589685084235578,-0.000525483767309258,1.259493992190867,0.0
105,2.1,idle,locomotion,0,1.9900000095367432,-0.14000000059604645,0.10973345824050044,-0.03975566782546801,-0.006861524595442858,0.7274266468260535,1.2589635474942005,-0.0005255994573083352,1.2594891469515088,0.0
106,2.12,idle,locomotion,0,1.9900000095367432,-0.14000000059604645,0.10973345824050044,-0.03979334560795742,-0.006895053319525475,0.727421700247412,1.2589586736464216,-0.000525718283870439,1.259484391930292,0.0
107,2.14,idle,locomotion,0,1.9900000095367432,-0.14000000059604645,0.10973345824050044,-0.039831199439828234,-0.006929124291372566,0.727416891282046,1.258953901882309,-0.0005258373300411519,1.2594797392123502,0.0
108,2.16,idle,locomotion,0,1.9900000095367432,-0.14000000059604645,0.10973345824050044,-0.03986915958648751,-0.006963640889792042,0.7274122085910112,1.2589492240867741,-0.0005259623777420959,1.2594751864645162,0.0
109,2.18,idle,locomotion,0,1.9900000095367432,-0.14000000059604645,0.10973345824050044,-0.03990716431341,-0.006998532179735157,0.7274076681465199,1.258944659707241,-0.0005260810031242173,1.2594707407103651,0.0
110,2.2,idle,locomotion,0,1.9900000095367432,-0.14000000059604645,0.10973345824050044,-0.03994516723696963,-0.007033747638570113,0.7274032640250008,1.258940209157149,-0.0005262016343061844,1.2594664107914553,0.0
111,2.22,idle,locomotion,0,1.9900000095367432,-0.14000000059604645,0.10973345824050044,-0.0399831448872168,-0.007069212202695383,0.7273989780267767,1.258935852278881,-0.0005263186040892591,1.2594621708829703,0.0
112,2.24,idle,locomotion,0,1.9900000095367432,-0.14000000059604645,0.10973345824050044,-0.040021062133897126,-0.00710488106327897,0.7273948113334336,1.2589315930066403,-0.0005264263548910506,1.2594580193615312,0.0
113,2.26,idle,locomotion,0,1.9900000095367432,-0.14000000059604645,0.10973345824050044,-0.040058880669732004,-0.007140759222792534,0.7273907644703757,1.258927440194449,-0.0005265503462127778,1.2594539905406619,0.0
114,2.28,idle,locomotion,0,1.9900000095367432,-0.14000000059604645,0.10973345824050044,-0.04009657456242636,-0.00717682846158934,0.7273868316304635,1.2589233869982637,-0.0005266596157143533,1.259450046613978,0.0
115,2.3,idle,locomotion,0,1.9900000095367432,-0.14000000059604645,0.10973345824050044,-0.04013411256641398,-0.007213048206958413,0.7273830077988769,1.2589194343611074,-0.0005267656793946779,1.259446200040502,0.0
116,2.32,idle,locomotion,0,1.9900000095367432,-0.14000000059604645,0.10973345824050044,-0.040171453730060876,-0.00724938211825119,0.7273793037383431,1.25891559843258,-0.0005268774811136787,1.2594424759136935,0.0
117,2.34,idle,locomotion,0,1.9900000095367432,-0.14000000059604645,0.10973345824050044,-0.04020856729185938,-0.007285797801157111,0.7273757152002236,1.2589118814879838,-0.000526979752130164,1.259438861240114,0.0
118,2.36,idle,locomotion,0,1.9900000095367432,-0.14000000059604645,0.10973345824050044,-0.0402454511487062,-0.007322208435297457,0.7273722337942441,1.2589082714293096,-0.0005270801661056077,1.2594353515954153,0.0
119,2.38,idle,locomotion,0,1.9900000095367432,-0.14000000059604645,0.10973345824050044,-0.040282102745416,-0.007358558216139655,0.727368845912833,1.258904754758481,-0.0005271715983739614,1.259431926356855,0.0
120,2.4,idle,locomotion,0,1.9900000095367432,-0.14000000059604645,0.10973345824050044,-0.04031850401046105,-0.007394794177578388,0.727365559188126,1.2589013398567293,-0.000527263136047073,1.2594286029927764,0.0
121,2.42,idle,locomotion,0,1.9900000095367432,-0.14000000059604645,0.10973345824050044,-0.040354624502005054,-0.007430838495441373,0.7273623782161057,1.2588980353306338,-0.0005273631137715229,1.2594253984444053,0.0
122,2.44,idle,locomotion,0,1.9900000095367432,-0.14000000059604645,0.10973345824050044,-0.040390456906873685,-0.007466672666801365,0.7273592897830373,1.2588948277671583,-0.0005274364121995237,1.2594222641793578,0.0
123,2.46,idle,locomotion,0,1.9900000095367432,-0.14000000059604645,0.10973345824050044,-0.04042599380737773,-0.007502214386300129,0.7273563003609043,1.2588917229786492,-0.0005275132200951195,1.2594192361987442,0.0
124,2.48,idle,locomotion,0,1.9900000095367432,-0.14000000059604645,0.10973345824050044,-0.04046121525710596,-0.007537445218286023,0.7273534082110894,1.2588887243750584,-0.0005275882174788811,1.2594163125925373,0.0
125,2.5,idle,locomotion,0,1.9900000095367432,-0.14000000059604645,0.10973345824050044,-0.040496129253324444,-0.007572307208543844,0.7273506047727193,1.2588858182505662,-0.000527656993839741,1.259413475244406,0.0
126,2.52,idle,locomotion,0,1.9900000095367432,-0.14000000059604645,0.10973345824050044,-0.040530743522503715,-0.007606752986735415,0.7273478815295146,1.2588829950485423,-0.0005277156268287606,1.2594107106753711,0.0
127,2.54,idle,locomotion,0,1.9900000095367432,-0.14000000059604645,0.10973345824050044,-0.04056506056871465,-0.007640696801008917,0.7273452394726988,1.258880252583381,-0.0005277912168273717,1.2594080438002084,0.0
128,2.56,idle,locomotion,0,1.9900000095367432,-0.14000000059604645,0.10973345824050044,-0.04059907014537378,-0.0076741229369135305,0.7273426770523639,1.258877590073666,-0.0005278581773976582,1.2594054482510637,0.0
129,2.58,idle,locomotion,0,1.9900000095367432,-0.14000000059604645,0.10973345824050044,-0.04063277079169508,-0.007707029570217711,0.7273401894987457,1.258875004303983,-0.0005279184978083037,1.2594029228017911,0.0
130,2.6,idle,locomotion,0,1.9900000095367432,-0.14000000059604645,0.10973345824050044,-0.04066617056828225,-0.007739388393096245,0.7273377779483928,1.258872493551118,-0.000527980179022499,1.2594004737301405,0.0
131,2.62,idle,locomotion,0,1.9900000095367432,-0.14000000059604645,0.10973345824050044,-0.040699270675334874,-0.007771206751323429,0.7273354368536227,1.258870054997866,-0.0005280454364682274,1.2593981004343342,0.0
132,2.64,idle,locomotion,0,1.9900000095367432,-0.14000000059604645,0.10973345824050044,-0.04073207607599767,-0.007802461352237593,0.7273331648830396,1.2588676837732302,-0.0005280978678215698,1.2593957816410517,0.0
133,2.66,idle,locomotion,0,1.9900000095367432,-0.14000000059604645,0.10973345824050044,-0.040764591222199255,-0.007833177981476222,0.7273309551529795,1.258865376649462,-0.0005281426694924152,1.2593935193189543,0.0
134,2.68,idle,locomotion,0,1.9900000095367432,-0.14000000059604645,0.10973345824050044,-0.04079682309019298,-0.007863326238858652,0.7273288174044402,1.2588631415529041,-0.0005282138592672125,1.2593913554121714,0.0
135,2.7,idle,locomotion,0,1.9900000095367432,-0.14000000059604645,0.10973345824050044,-0.04082877033500028,-0.007892951011449554,0.72732673650358,1.2588609645467652,-0.0005282619420737267,1.2593892264888389,0.0
136,2.72,idle,locomotion,0,1.9900000095367432,-0.14000000059604645,0.10973345824050044,-0.04086045069911926,-0.007922024928293393,0.7273247141817819,1.2588588466792916,-0.0005283241928242151,1.2593871708721158,0.0
137,2.74,idle,locomotion,0,1.9900000095367432,-0.14000000059604645,0.10973345824050044,-0.04089188089104472,-0.007950579238290713,0.7273227435386649,1.2588567793946812,-0.00052837910164227,1.2593851584963234,0.0
138,2.76,idle,locomotion,0,1.9900000095367432,-0.14000000059604645,0.10973345824050044,-0.04092305891104038,-0.007978642028348353,0.7273208223183327,1.2588547599408721,-0.0005284103916257492,1.2593831703324978,0.0
139,2.78,idle,locomotion,0,1.9900000095367432,-0.14000000059604645,0.10973345824050044,-0.0409540027429351,-0.008006191233642518,0.727318953822255,1.258852792038753,-0.0005284728716089086,1.259381264910362,0.0
140,2.8,idle,locomotion,0,1.9900000095367432,-0.14000000059604645,0.10973345824050044,-0.040984714869867676,-0.008033285713787107,0.7273171336417693,1.258850873523251,-0.0005285197916622443,1.2593793933149133,0.0
141,2.82,idle,locomotion,0,1.9900000095367432,-0.14000000059604645,0.10973345824050044,-0.0410152050275873,-0.008059947233567842,0.7273153616837953,1.258849002041141,-0.0005285708343096274,1.2593775728754506,0.0
142,2.84,idle,locomotion,0,1.9900000095367432,-0.14000000059604645,0.10973345824050044,-0.04104547470140047,-0.008086202889327132,0.7273136326853034,1.258847174600917,-0.0005286094391996725,1.2593757840401167,0.0
143,2.86,idle,locomotion,0,1.9900000095367432,-0.14000000059604645,0.10973345824050044,-0.0410755426438425,-0.008112069629996988,0.7273119473441657,1.258845389893756,-0.0005286570001476892,1.2593740468939036,0.0
144,2.88,idle,locomotion,0,1.9900000095367432,-0.14000000059604645,0.10973345824050044,-0.04110541283273797,-0.008137571418498267,0.7273103017367705,1.2588436463800143,-0.0005287097152030414,1.2593723560952175,0.0
145,2.9,idle,locomotion,0,1.9900000095367432,-0.14000000059604645,0.10973345824050044,-0.04113508422440957,-0.008162734783191104,0.7273087005766706,1.2588419478811375,-0.0005287457791274576,1.2593706936602649,0.0
146,2.92,idle,locomotion,0,1.9900000095367432,-0.14000000059604645,0.10973345824050044,-0.04116456957728446,-0.008187563214738014,0.7273071401005589,1.2588402914684116,-0.0005287832710446395,1.2593690747394561,0.0
147,2.94,idle,locomotion,0,1.9900000095367432,-0.14000000059604645,0.10973345824050044,-0.041193882363384504,-0.008212081391620241,0.7273056168293105,1.2588386725405134,-0.0005288177843667113,1.2593674903248802,0.0
148,2.96,idle,locomotion,0,1.9900000095367432,-0.14000000059604645,0.10973345824050044,-0.04122303096047135,-0.008236296298158054,0.7273041343969472,1.2588370946743364,-0.0005288631809603241,1.2593659578552967,0.0
149,2.98,idle,locomotion,0,1.9900000095367432,-0.14000000059604645,0.10973345824050044,-0.041252019050090794,-0.008260231127535522,0.7273026851782797,1.2588355509267775,-0.0005289030478904701,1.259364453974668,0.0
150,3.0,idle,locomotion,0,1.9900000095367432,-0.14000000059604645,0.10973345824050044,-0.04128085623199399,-0.008283906960003445,0.7273012632721503,1.258834033182601,-0.0005289330593004973,1.2593629662419015,0.0
151,3.02,idle,locomotion,0,1.9900000095367432,-0.14000000059604645,0.10973345824050044,-0.041309548297129774,-0.008307335529222588,0.7272998676167732,1.2588325407392809,-0.0005289643893242914,1.2593615051286051,0.0
152,3.04,idle,locomotion,0,1.9900000095367432,-0.14000000059604645,0.10973345824050044,-0.04133810276128583,-0.008330523477544082,0.7272985076809407,1.25883108301343,-0.000529010001827996,1.259360093015258,0.0
153,3.06,idle,locomotion,0,1.9900000095367432,-0.14000000059604645,0.10973345824050044,-0.041366522469679805,-0.008353496719394837,0.7272971766920457,1.2588296548179614,-0.0005290439269588047,1.2593586987449201,0.0
154,3.08,idle,locomotion,0,1.9900000095367432,-0.14000000059604645,0.10973345824050044,-0.041394813591379476,-0.008376260709649759,0.7272958760249923,1.258828254492877,-0.0005290772527966406,1.2593573317456737,0.0
155,3.1,idle,locomotion,0,1.9900000095367432,-0.14000000059604645,0.10973345824050044,-0.041422977877622315,-0.008398835095559828,0.7272946008634338,1.258826880294316,-0.0005291040144142466,1.2593559843087303,0.0
156,3.12,idle,locomotion,0,1.9900000095367432,-0.14000000059604645,0.10973345824050044,-0.041451021870172584,-0.008421235700960197,0.7272933557451855,1.2588255344874022,-0.0005291368652657891,1.259354671352668,0.0
157,3.14,idle,locomotion,0,1.9900000095367432,-0.14000000059604645,0.10973345824050044,-0.04147895121022923,-0.008443468191025356,0.7272921423840522,1.258824219722518,-0.0005291751275316135,1.2593533948500495,0.0
158,3.16,idle,locomotion,0,1.9900000095367432,-0.14000000059604645,0.10973345824050044,-0.04150676220278544,-0.00846554386854003,0.7272909535132768,1.2588229303900023,-0.0005292020542075754,1.2593521324442098,0.0
159,3.18,idle,locomotion,0,1.9900000095367432,-0.14000000059604645,0.10973345824050044,-0.04153446423846426,-0.008487492226272047,0.727289789577698,1.258821665449867,-0.0005292347723514744,1.2593509002222185,0.0
160,3.2,idle,locomotion,0,1.9900000095367432,-0.14000000059604645,0.10973345824050044,-0.0415620581839563,-0.008509298013386714,0.7272886508567653,1.2588204238564422,-0.000529260761139249,1.2593496846175816,0.0
161,3.22,idle,locomotion,0,1.9900000095367432,-0.14000000059604645,0.10973345824050044,-0.04158953977985606,-0.008530973941490855,0.7272875381161297,1.2588192096934916,-0.000529278969159358,1.259348488662651,0.0
162,3.24,idle,locomotion,0,1.9900000095367432,-0.14000000059604645,0.10973345824050044,-0.04161692069532167,-0.008552496028957005,0.7272864526756418,1.2588180202034087,-0.0005293158950903896,1.259347336098499,0.0
163,3.26,idle,locomotion,0,1.9900000095367432,-0.14000000059604645,0.10973345824050044,-0.041644197607382645,-0.00857390798526677,0.7272853903748693,1.2588168549481782,-0.0005293405154266108,1.2593461954636047,0.0
164,3.28,idle,locomotion,0,1.9900000095367432,-0.14000000059604645,0.10973345824050044,-0.04167136935347835,-0.008595215746396944,0.7272843512941101,1.258815711637392,-0.0005293523151493583,1.2593450639525412,0.0
165,3.3,idle,locomotion,0,1.9900000095367432,-0.14000000059604645,0.10973345824050044,-0.04169844268703149,-0.008616411856153177,0.7272833399246953,1.2588145974378435,-0.0005293846221685709,1.259343982060012,0.0
166,3.32,idle,locomotion,0,1.9900000095367432,-0.14000000059604645,0.10973345824050044,-0.04172541600218458,-0.008637504082088576,0.7272823484625545,1.2588135006472654,-0.000529393054914392,1.2593428937021798,0.0
167,3.34,idle,locomotion,0,1.9900000095367432,-0.14000000059604645,0.10973345824050044,-0.0417522965353083,-0.008658456407128316,0.7272813861608765,1.2588124320742349,-0.0005294290468548166,1.2593418611210896,0.0
168,3.36,idle,locomotion,0,1.9900000095367432,-0.14000000059604645,0.10973345824050044,-0.04177908107123809,-0.008679295455355071,0.7272804474567374,1.2588113854124505,-0.0005294505102477129,1.2593408359226983,0.0
169,3.38,idle,locomotion,0,1.9900000095367432,-0.14000000059604645,0.10973345824050044,-0.04180576325946926,-0.008700034349250827,0.7272795344662683,1.2588103645878603,-0.0005294715997382141,1.2593398361875985,0.0
170,3.4,hold,kick,2,1.9900000095367432,-0.14000000059604645,0.10973345824050044,-0.04252190568228425,-0.007975405202256293,0.7295762908683905,1.2608265484288275,-0.0007466944670810674,1.2615732428959086,0.0
171,3.42,hold,kick,3,1.9900000095367432,-0.14000000059604645,0.10973345824050044,-0.043230212388174864,-0.007792642094658892,0.7362348048052229,1.2670941848737838,-0.0008233945090045797,1.2679175793827884,0.0
172,3.44,hold,kick,4,1.9900000095367432,-0.14000000059604645,0.10973345824050044,-0.04340738854233598,-0.00839988980926303,0.7456983488771178,1.2762979920234592,-0.0007664143349146897,1.2770644063583738,0.0
173,3.46,hold,kick,5,1.9900000095367432,-0.14000000059604645,0.10973345824050044,-0.0432877758526596,-0.008740002450479753,0.755642220752807,1.2860155104762974,-0.00080557652270263,1.286821086999,0.0
174,3.48,hold,kick,6,1.9900000095367432,-0.14000000059604645,0.10973345824050044,-0.04290250765007243,-0.008543555053521093,0.7650306405908301,1.2952069507514614,-0.0009079656841841886,1.2961149164356456,0.0
175,3.5,hold,kick,7,1.9900000095367432,-0.14000000059604645,0.10973345824050044,-0.04224207926058956,-0.008044952545132093,0.7731199274648075,1.3031622931743874,-0.0010558270036010765,1.3042181201779885,0.0
176,3.52,hold,kick,8,1.9900000095367432,-0.14000000059604645,0.10973345824050044,-0.04142265929557696,-0.007489999900357169,0.7793947239673567,1.3093651686773298,-0.0012122174918116103,1.3105773861691414,0.0
177,3.54,hold,kick,9,1.9900000095367432,-0.14000000059604645,0.10973345824050044,-0.04059050300769631,-0.007036166360040808,0.7837283563461378,1.3136645154366613,-0.0013550533972699341,1.3150195688339312,0.0
178,3.56,hold,kick,10,1.9900000095367432,-0.14000000059604645,0.10973345824050044,-0.039789245855531945,-0.006699592195101754,0.7864438611696192,1.3163627324521432,-0.0014538597286185909,1.3178165921807619,0.0
179,3.58,hold,kick,11,1.9900000095367432,-0.14000000059604645,0.10973345824050044,-0.03890842784748337,-0.00637169839769284,0.7880073552086808,1.3179338954015762,-0.0015087068504284623,1.3194426022520047,0.0
180,3.6,hold,kick,12,1.9900000095367432,-0.14000000059604645,0.10973345824050044,-0.03778467644357116,-0.005951437014481966,0.7888566553421864,1.3188382120160276,-0.0014958539976765613,1.3203340660137042,0.0
181,3.62,hold,kick,13,1.9900000095367432,-0.14000000059604645,0.10973345824050044,-0.036318995521553286,-0.005353881224905222,0.7892762625547912,1.3193672144351638,-0.0013994942701604646,1.3207667087053243,0.0
182,3.64,hold,kick,14,1.9900000095367432,-0.14000000059604645,0.10973345824050044,-0.034504267679549755,-0.004476218356825234,0.7894071611805089,1.3196402784800925,-0.0012754436420541297,1.3209157221221466,0.0
183,3.66,hold,kick,15,1.9900000095367432,-0.14000000059604645,0.10973345824050044,-0.03238923914769824,-0.003277159791681123,0.7893256754623648,1.319694360269111,-0.0011669600920248269,1.3208613203611357,0.0
184,3.68,hold,kick,16,1.9900000095367432,-0.14000000059604645,0.10973345824050044,-0.030104132663236333,-0.0016948085467203074,0.7894629156721301,1.3199209430269545,-0.0009491916231413947,1.320870134650096,0.0
185,3.7,hold,kick,17,1.9900000095367432,-0.14000000059604645,0.10973345824050044,-0.027703978759259437,-0.0001394913557919231,0.7896624252504564,1.3202156414300141,-0.0008506212086319825,1.321066262638646,0.0
186,3.72,hold,kick,18,1.9900000095367432,-0.14000000059604645,0.10973345824050044,-0.025295327468281798,0.0013120147388172244,0.7897721567631982,1.3204182060640488,-0.0007273358746385065,1.3211455419386873,0.0
187,3.74,hold,kick,19,1.9900000095367432,-0.14000000059604645,0.10973345824050044,-0.022958970811571378,0.0026529123904922504,0.7898177684488003,1.320553694912434,-0.0006252605145597272,1.3211789554269937,0.0
188,3.76,hold,kick,20,1.9900000095367432,-0.14000000059604645,0.10973345824050044,-0.020747334976738935,0.003883423485734527,0.789857492448731,1.3206803796197708,-0.0005764078988022454,1.321256787518573,0.0
189,3.78,hold,kick,21,1.9900000095367432,-0.14000000059604645,0.10973345824050044,-0.018661089306866656,0.0050447470601688625,0.7899142036806251,1.320823707876298,-0.0005588164918862819,1.3213825243681845,0.0
190,3.8,hold,kick,22,1.9900000095367432,-0.14000000059604645,0.10973345824050044,-0.016690147273324765,0.0061703866367055485,0.7899473034838375,1.3209426601325591,-0.0005442798531519882,1.3214869399857112,0.0
191,3.82,hold,kick,23,1.9900000095367432,-0.14000000059604645,0.10973345824050044,-0.014823418725898216,0.007256135522612165,0.7899640474838768,1.3210493590168213,-0.0005334659083293322,1.3215828249251507,0.0
192,3.84,hold,kick,24,1.9900000095367432,-0.14000000059604645,0.10973345824050044,-0.013085900592241786,0.008307683993417499,0.78996786806708,1.321143419007042,-0.000524978097550137,1.321668397104592,0.0
193,3.86,hold,kick,25,1.9900000095367432,-0.14000000059604645,0.10973345824050044,-0.011509040492443234,0.009335508586299376,0.7899579047754218,1.321216421696522,-0.0005174861671971044,1.3217339078637191,0.0
194,3.88,hold,kick,26,1.9900000095367432,-0.14000000059604645,0.10973345824050044,-0.01010201814264029,0.010348495484709218,0.7899343961358803,1.321262219785217,-0.0005106668381197402,1.321772886623337,0.0
195,3.9,hold,kick,27,1.9900000095367432,-0.14000000059604645,0.10973345824050044,-0.008857311016023908,0.011355160696210741,0.7898985624168559,1.3212768771539842,-0.0005044174084939054,1.321781294562478,0.0
196,3.92,hold,kick,28,1.9900000095367432,-0.14000000059604645,0.10973345824050044,-0.0077581884427644875,0.01236383018079116,0.7898523539029342,1.32125852609599,-0.0004987354082629722,1.321757261504253,0.0
197,3.94,hold,kick,29,1.9900000095367432,-0.14000000059604645,0.10973345824050044,-0.006783111464714808,0.013380529602201279,0.7897987196075814,1.3212079816218172,-0.0004936618477906531,1.3217016434696078,0.0
198,3.96,hold,kick,30,1.9900000095367432,-0.14000000059604645,0.10973345824050044,-0.005910141399291383,0.014408804693417512,0.7897404612025402,1.3211276296152545,-0.0004891522101753247,1.3216167818254299,0.0
199,3.98,hold,kick,31,1.9900000095367432,-0.14000000059604645,0.10973345824050044,-0.005122242979067221,0.015451453702937604,0.789679505488864,1.3210197309315683,-0.00048514798163687076,1.3215048789132051,0.0
200,4.0,hold,kick,32,1.9900000095367432,-0.14000000059604645,0.10973345824050044,-0.004405316727404854,0.016510038223657247,0.7896169117586793,1.3208867688235326,-0.0004815808004713755,1.321368349624004,0.0
201,4.02,hold,kick,33,1.9900000095367432,-0.14000000059604645,0.10973345824050044,-0.0037460586458152286,0.017584249147092022,0.7895532002000868,1.3207323298531972,-0.00048024693750226694,1.3212125767906995,0.0
202,4.04,hold,kick,34,1.9900000095367432,-0.14000000059604645,0.10973345824050044,-0.0031342564891617317,0.018672192340602498,0.7894888928228304,1.3205606007906234,-0.0004794297984068857,1.3210400305890304,0.0
203,4.06,hold,kick,35,1.9900000095367432,-0.14000000059604645,0.10973345824050044,-0.002562959758314229,0.019770290294615366,0.7894245651638773,1.3203758925629547,-0.00047888529535178304,1.3208547778583064,0.0
204,4.08,hold,kick,36,1.9900000095367432,-0.14000000059604645,0.10973345824050044,-0.0020279952920747627,0.02087329270000747,0.7893606783416012,1.3201822744822302,-0.0004785627933507758,1.320660837275581,0.0
205,4.1,hold,kick,37,1.9900000095367432,-0.14000000059604645,0.10973345824050044,-0.0015298516792457352,0.0219750794051108,0.7892977713384101,1.319982627133699,-0.0004784605993452956,1.3204610877330443,0.0
206,4.12,hold,kick,38,1.9900000095367432,-0.14000000059604645,0.10973345824050044,-0.001071593883350521,0.023068635814655524,0.7892362629992667,1.3197787238841834,-0.00047967544350245236,1.3202583993276857,0.0
207,4.14,hold,kick,39,1.9900000095367432,-0.14000000059604645,0.10973345824050044,-0.0006570645524800696,0.02414619261299699,0.7891764697630955,1.3195716773620234,-0.00048185724639312685,1.3200535346084166,0.0
208,4.16,hold,kick,40,1.9900000095367432,-0.14000000059604645,0.10973345824050044,-0.00028967443592127387,0.025199660912653122,0.789118591844998,1.3193621436718117,-0.000484381879409336,1.319846525551221,0.0
209,4.18,hold,kick,41,1.9900000095367432,-0.14000000059604645,0.10973345824050044,2.845791382438818e-05,0.02622103807580395,0.7890626451725387,1.3191504140436114,-0.00048713965191499176,1.3196375536955265,0.0
210,4.2,hold,kick,42,1.9900000095367432,-0.14000000059604645,0.10973345824050044,0.0002967915925678756,0.0272024621041502,0.7890086632854235,1.3189367079829057,-0.000489488181376084,1.319426196164282,0.0
211,4.22,hold,kick,43,1.9900000095367432,-0.14000000059604645,0.10973345824050044,0.0005155555582207238,0.02813635326643833,0.7889574152477338,1.3187219018619056,-0.0004928515615879245,1.3192147534234935,0.0
212,4.24,hold,kick,44,1.9900000095367432,-0.14000000059604645,0.10973345824050044,0.0006851282656196631,0.02901566858032743,0.7889094767884947,1.3185066650389778,-0.0004967951999827747,1.3190034602389606,0.0
213,4.26,hold,kick,45,1.9900000095367432,-0.14000000059604645,0.10973345824050044,0.0008050354958231523,0.02983376847519353,0.7888649239777159,1.3182908633347619,-0.0004996121327322488,1.3187904754674942,0.0
214,4.28,hold,kick,46,1.9900000095367432,-0.14000000059604645,0.10973345824050044,0.000874697497437985,0.030585627240004774,0.7888250279871993,1.318075403184281,-0.0005056513164202296,1.3185810545007013,0.0
215,4.3,hold,kick,47,1.9900000095367432,-0.14000000059604645,0.10973345824050044,0.0008947142411117099,0.031266999097966756,0.7887894023453358,1.3178598101565073,-0.0005123098004845388,1.3183721199569918,0.0
216,4.32,hold,kick,48,1.9900000095367432,-0.14000000059604645,0.10973345824050044,0.0008664142665195073,0.03187422235246861,0.7887576507534763,1.3176434971462947,-0.0005181879406181457,1.318161685086913,0.0
217,4.34,hold,kick,49,1.9900000095367432,-0.14000000059604645,0.10973345824050044,0.0007917996264876831,0.03240505956542718,0.7887309477818323,1.3174277283005382,-0.0005269303951554727,1.3179546586956936,0.0
218,4.36,hold,kick,50,1.9900000095367432,-0.14000000059604645,0.10973345824050044,0.0006735601404451142,0.032858150776897535,0.7887087607926702,1.3172122570745883,-0.0005370161383706322,1.317749273212959,0.0
219,4.38,hold,kick,51,1.9900000095367432,-0.14000000059604645,0.10973345824050044,0.000514935361494273,0.03323172445509077,0.7886886513278197,1.316995037760267,-0.0005433761058494906,1.3175384138661166,0.0
220,4.4,hold,kick,52,1.9900000095367432,-0.14000000059604645,0.10973345824050044,0.0015527266050833096,0.033760533471822916,0.7890234435083833,1.3176117729897356,-0.0012214298775975081,1.318833202867333,0.0
221,4.42,hold,kick,53,1.9900000095367432,-0.14000000059604645,0.10973345824050044,0.005411445690327399,0.03441977345647112,0.7896161994409321,1.3194669221737287,-0.001961168924116411,1.321428091097845,0.0
222,4.44,hold,kick,54,1.9900000095367432,-0.14000000059604645,0.10973345824050044,0.011114009273441892,0.03546171751889481,0.7894661100746213,1.3206374014861602,-0.0018313674890785801,1.3224687689752388,0.0
223,4.46,hold,kick,55,1.9900000095367432,-0.14000000059604645,0.10973345824050044,0.016317524971304433,0.036933269213397506,0.7884052178072732,1.3201322709583547,-0.0011551773684403896,1.3212874483267951,0.0
224,4.48,hold,kick,56,1.9900000095367432,-0.14000000059604645,0.10973345824050044,0.020211032290977773,0.03845396025859675,0.7875540824125591,1.319288711616252,-0.0006420322940970703,1.319930743910349,0.0
225,4.5,hold,kick,57,1.9900000095367432,-0.14000000059604645,0.10973345824050044,0.023085139638501777,0.039969129759666225,0.7873801988113746,1.3189540017504142,-0.0005229804479640367,1.3194769821983783,0.0
226,4.52,hold,kick,58,1.9900000095367432,-0.14000000059604645,0.10973345824050044,0.025092098998317918,0.041568853045845074,0.7872940762943116,1.3186968816835787,-0.0005016333424070381,1.3191985150259857,0.0
227,4.54,hold,kick,59,1.9900000095367432,-0.14000000059604645,0.10973345824050044,0.026377487244544095,0.04315582791149399,0.787215692061049,1.3184997080560141,-0.0004968587412714845,1.3189965667972856,0.0
228,4.56,hold,kick,60,1.9900000095367432,-0.14000000059604645,0.10973345824050044,0.027152043147498417,0.04465359759522148,0.787138203314314,1.3183653104821005,-0.0004978353745271474,1.3188631458566276,0.0
229,4.58,hold,kick,61,1.9900000095367432,-0.14000000059604645,0.10973345824050044,0.027580255996695162,0.04602612054619251,0.7870596643103378,1.3182772801788234,-0.0005009797426017114,1.318778259921425,0.0
230,4.6,hold,kick,62,1.9900000095367432,-0.14000000059604645,0.10973345824050044,0.02775692150119026,0.047297093351779694,0.7869727573160779,1.3182171428098084,-0.0005012369308702892,1.3187183797406787,0.0
231,4.62,hold,kick,63,1.9900000095367432,-0.14000000059604645,0.10973345824050044,0.027780641454163705,0.04847886658119511,0.786876704363802,1.3181670981434104,-0.0005033493788786647,1.318670447522289,0.0
232,4.64,hold,kick,64,1.9900000095367432,-0.14000000059604645,0.10973345824050044,0.027780691335653255,0.04956378744332804,0.7867883878566806,1.318120501628797,-0.0005032909299749859,1.3186237925587718,0.0
233,4.66,hold,kick,65,1.9900000095367432,-0.14000000059604645,0.10973345824050044,0.02784998315296769,0.05055580094837523,0.7867146308962464,1.3180703648030052,-0.0005031764366905632,1.3185735412396957,0.0
234,4.68,hold,kick,66,1.9900000095367432,-0.14000000059604645,0.10973345824050044,0.02803179206264928,0.05146231703658624,0.7866511178687773,1.3180090679079568,-0.0005068945115754842,1.3185159624195322,0.0
235,4.7,hold,kick,67,1.9900000095367432,-0.14000000059604645,0.10973345824050044,0.02835454405377394,0.05229419632181767,0.7865982129789252,1.3179359386062397,-0.000516814926618793,1.3184527535328585,0.0
236,4.72,hold,kick,68,1.9900000095367432,-0.14000000059604645,0.10973345824050044,0.028846612085445925,0.05305946210682,0.7865461227530852,1.3178412879133155,-0.0005325403312226307,1.318373828244538,0.0
237,4.74,hold,kick,69,1.9900000095367432,-0.14000000059604645,0.10973345824050044,0.029512412437540835,0.053780387582668954,0.7864898972283533,1.317726607514277,-0.0005220857389023614,1.3182486932531794,0.0
238,4.76,hold,kick,70,1.9900000095367432,-0.14000000059604645,0.10973345824050044,0.030324273430648464,0.05448975719748171,0.7864315166237189,1.3176038473905547,-0.0005088286577434077,1.3181126760482982,0.0
239,4.78,hold,kick,71,1.9900000095367432,-0.14000000059604645,0.10973345824050044,0.03126164393418394,0.05520092332169811,0.7863715352526174,1.3174781843930239,-0.0005134833460912688,1.3179916677391152,0.0
240,4.8,hold,kick,72,1.9900000095367432,-0.14000000059604645,0.10973345824050044,0.03229990662032781,0.05589983043049489,0.7862933707633739,1.317334192285316,-0.0005173225650176652,1.3178515148503336,0.0
241,4.82,hold,kick,73,1.9900000095367432,-0.14000000059604645,0.10973345824050044,0.03342189906133921,0.05656891364103721,0.7861949723391741,1.3171703163396922,-0.000520500064021788,1.317690816403714,0.0
242,4.84,hold,kick,74,1.9900000095367432,-0.14000000059604645,0.10973345824050044,0.03463233192517596,0.057196592498154564,0.7860903087830464,1.31699837642187,-0.0005264043503058063,1.3175247807721757,0.0
243,4.86,hold,kick,75,1.9900000095367432,-0.14000000059604645,0.10973345824050044,0.03592035682123742,0.0577862484953666,0.7859756843293242,1.316813788835453,-0.0005338757671441603,1.3173476646025972,0.0
244,4.88,hold,kick,76,1.9900000095367432,-0.14000000059604645,0.10973345824050044,0.03726914843696539,0.05834271150725498,0.7858415375408455,1.316604296033212,-0.0005425010163553519,1.3171467970495674,0.0
245,4.9,hold,kick,77,1.9900000095367432,-0.14000000059604645,0.10973345824050044,0.038661544950592396,0.05888220518451079,0.7856960590491564,1.316377147797495,-0.0005510219404450886,1.31692816973794,0.0
246,4.92,hold,kick,78,1.9900000095367432,-0.14000000059604645,0.10973345824050044,0.04007464081110279,0.05943181161460123,0.7855356544728072,1.3161310392329824,-0.0005596105303492006,1.3166906497633315,0.0
247,4.94,hold,kick,79,1.9900000095367432,-0.14000000059604645,0.10973345824050044,0.04146087643424344,0.05999184880688811,0.7853319184772677,1.3158346071974385,-0.0005742050728534641,1.316408812270292,0.0
248,4.96,hold,kick,80,1.9900000095367432,-0.14000000059604645,0.10973345824050044,0.04279281263894364,0.060570498704976154,0.7850800132063469,1.315473743530009,-0.0005937053189209833,1.31606744884893,0.0
249,4.98,hold,kick,81,1.9900000095367432,-0.14000000059604645,0.10973345824050044,0.04408723566809109,0.06117543723595688,0.7847960813336404,1.315055921545644,-0.0006110080051858063,1.3156669295508299,0.0
250,5.0,hold,kick,82,1.9900000095367432,-0.14000000059604645,0.10973345824050044,0.045306064501926584,0.06180236216239053,0.7844521022304416,1.3145485191028103,-0.0006289918279742159,1.3151775109307846,0.0
251,5.02,hold,kick,83,1.9900000095367432,-0.14000000059604645,0.10973345824050044,0.04636075203264524,0.06243047533012942,0.7840018740511627,1.3138947263064094,-0.0006535896112416437,1.314548315917651,0.0
252,5.04,hold,kick,84,1.9900000095367432,-0.14000000059604645,0.10973345824050044,0.047240148618906616,0.06304940244956016,0.7834797033128168,1.3131186689829084,-0.0006811597844593557,1.3137998287673678,0.0
253,5.06,hold,kick,85,1.9900000095367432,-0.14000000059604645,0.10973345824050044,0.04794673050899048,0.06372598652192092,0.7830408340752195,1.3123877140467481,-0.0007087304525779277,1.313096444499326,0.0
254,5.08,hold,kick,86,1.9900000095367432,-0.14000000059604645,0.10973345824050044,0.0484973071463716,0.06462843219871368,0.782883939660828,1.3119376253758213,-0.000727035097478762,1.3126646604733,0.0
255,5.1,hold,kick,87,1.9900000095367432,-0.14000000059604645,0.10973345824050044,0.04907786753945838,0.06591796995473567,0.7832037821147024,1.3120139119776955,-0.000742439881608721,1.3127563518593042,0.0
256,5.12,hold,kick,88,1.9900000095367432,-0.14000000059604645,0.10973345824050044,0.049903035958306884,0.06771441646793017,0.7840744595414685,1.3127596714301646,-0.001075061610203265,1.313834733040368,0.0
257,5.14,hold,kick,89,1.9900000095367432,-0.14000000059604645,0.10973345824050044,0.05091378047112678,0.06999405824521383,0.7853381248689169,1.3139983609670942,-0.0014964836600089085,1.315494844627103,0.0
258,5.16,hold,kick,90,1.9900000095367432,-0.14000000059604645,0.10973345824050044,0.05194626384197054,0.07252899340795724,0.7867371996120166,1.3153577121623097,-0.0018988136661436533,1.3172565258284534,0.0
259,5.18,hold,kick,91,1.9900000095367432,-0.14000000059604645,0.10973345824050044,0.052988371903225195,0.0750240552048082,0.7881089128926344,1.3165839297973505,-0.0022882819703405333,1.318872211767691,0.0
260,5.2,hold,kick,92,1.9900000095367432,-0.14000000059604645,0.10973345824050044,0.054240175803927614,0.07723284748591128,0.7893264445133951,1.3175432194006604,-0.002635006390821537,1.320178225791482,0.0
261,5.22,hold,kick,93,1.9900000095367432,-0.14000000059604645,0.10973345824050044,0.05590725093351138,0.0787792596341288,0.7902820929187852,1.318151411284959,-0.0014011539141716017,1.3195525651991307,0.0
262,5.24,hold,kick,94,1.9900000095367432,-0.14000000059604645,0.10973345824050044,0.0579043855729413,0.07957641559195125,0.790953503472483,1.318366413109257,-0.0005030685034754685,1.3188694816127324,0.0
263,5.26,hold,kick,95,1.9900000095367432,-0.14000000059604645,0.10973345824050044,0.060054568471144834,0.0797991172809631,0.7914080808614569,1.3182285498014015,-0.0005053751624091232,1.3187339249638106,0.0
264,5.28,hold,kick,96,1.9900000095367432,-0.14000000059604645,0.10973345824050044,0.06238794625491741,0.07954217578536876,0.7915982481682837,1.3177014843775454,-0.0005386669163036893,1.318240151293849,0.0
265,5.3,hold,kick,97,1.9900000095367432,-0.14000000059604645,0.10973345824050044,0.06516967754422097,0.07890019953647874,0.7915162140785547,1.3168767205009428,-0.0005659437410596678,1.3174426642420025,0.0
266,5.32,hold,kick,98,1.9900000095367432,-0.14000000059604645,0.10973345824050044,0.06847680764483173,0.07798681921602589,0.791151773386185,1.3158053833531815,-0.000574338421867996,1.3163797217750495,0.0
267,5.34,hold,kick,99,1.9900000095367432,-0.14000000059604645,0.10973345824050044,0.07221449890778708,0.07692649449038566,0.7904121544166264,1.3143947988930162,-0.0005729175736503556,1.3149677164666667,0.0
268,5.36,hold,kick,100,1.9900000095367432,-0.14000000059604645,0.10973345824050044,0.07638828477033358,0.07578858910474565,0.7892232060606661,1.3125764994513867,-0.0005558192773186046,1.3131323187287052,0.0
269,5.38,hold,kick,101,1.9900000095367432,-0.14000000059604645,0.10973345824050044,0.0811250384329708,0.07458332735352596,0.7876283283119907,1.3104104206238176,-0.0005303379632012814,1.310940758587019,0.0
270,5.4,hold,kick,102,1.9900000095367432,-0.14000000059604645,0.10973345824050044,0.08672415868613885,0.0732776410530985,0.7856938314771493,1.3080718713236377,-0.0005128810513821414,1.3085847523750198,0.0
271,5.42,hold,kick,103,1.9900000095367432,-0.14000000059604645,0.10973345824050044,0.09344858359729005,0.07181861195058316,0.7835016578729409,1.3057443796787365,-0.000493813185845321,1.3062381928645819,0.0
272,5.44,hold,kick,104,1.9900000095367432,-0.14000000059604645,0.10973345824050044,0.10136588141491205,0.07012782434211796,0.7811509104914487,1.3035341343417033,-0.0004803426844152865,1.3040144770261186,0.0
273,5.46,hold,kick,105,1.9900000095367432,-0.14000000059604645,0.10973345824050044,0.11056377538529824,0.0680840540142157,0.7786626759149955,1.3014876616010904,-0.00047524290191754137,1.301962904503008,0.0
274,5.48,hold,kick,106,1.9900000095367432,-0.14000000059604645,0.10973345824050044,0.12109503901184918,0.06561040567748701,0.775963875538871,1.2995275101421748,-0.00046574746067680126,1.2999932576028517,0.0
275,5.5,hold,kick,107,1.9900000095367432,-0.14000000059604645,0.10973345824050044,0.1328078512614172,0.06266208480609627,0.7729392023497673,1.2974384224452005,-0.0004480283274530088,1.2978864507726535,0.0
276,5.52,hold,kick,108,1.9900000095367432,-0.14000000059604645,0.10973345824050044,0.145613655700909,0.05919574786515696,0.7695072590196764,1.2950646140528563,-0.00042596659490549277,1.295490580647762,0.0
277,5.54,hold,kick,109,1.9900000095367432,-0.14000000059604645,0.10973345824050044,0.15955857701633971,0.055205015660152276,0.7656389564315615,1.292340394799783,-0.000733657140986263,1.293074051940769,0.0
278,5.56,hold,kick,110,1.9900000095367432,-0.14000000059604645,0.10973345824050044,0.17361123218844968,0.05125053540091343,0.7622229857638131,1.2897931477904114,-0.0038243437530690663,1.2936174915434806,0.0
279,5.58,hold,kick,111,1.9900000095367432,-0.14000000059604645,0.10973345824050044,0.18687215037972235,0.04764266177446174,0.7603966381521151,1.288481392950765,-0.0026883499708415873,1.2911697429216067,0.0
280,5.6,hold,kick,112,1.9900000095367432,-0.14000000059604645,0.10973345824050044,0.19993502305272418,0.04377288146995986,0.7599003552910694,1.2884199570065844,-0.0027807407090775192,1.2912006977156618,0.0
281,5.62,hold,kick,113,1.9900000095367432,-0.14000000059604645,0.10973345824050044,0.21272066388150812,0.0398981114545634,0.7611839551739716,1.2900939420865498,-0.0025729888806095766,1.2926669309671595,0.0
282,5.64,hold,kick,114,1.9900000095367432,-0.14000000059604645,0.10973345824050044,0.2256027333976391,0.03606057754498205,0.76414233096523,1.293560515395803,-0.0021220835623037004,1.2956825989581067,0.0
283,5.66,hold,kick,115,1.9900000095367432,-0.14000000059604645,0.10973345824050044,0.23907133450365062,0.03212113549430521,0.7677967418296496,1.2978847487870715,-0.0021366184613843056,1.3000213672484557,0.0
284,5.68,hold,kick,116,1.9900000095367432,-0.14000000059604645,0.10973345824050044,0.25305398393235085,0.028265846886387787,0.7715636517258633,1.3023194028972256,-0.0026970207123113155,1.305016423609537,0.0
285,5.7,hold,kick,117,1.9900000095367432,-0.14000000059604645,0.10973345824050044,0.26695180231540194,0.024632181014953937,0.7753143325312908,1.3065625708713713,-0.0032230035585802536,1.3097855744299516,0.0
286,5.72,hold,kick,118,1.9900000095367432,-0.14000000059604645,0.10973345824050044,0.2801755093985321,0.021229538914929125,0.7793406196990765,1.3108772645943834,-0.0036017359422456235,1.314479000536629,0.0
287,5.74,hold,kick,119,1.9900000095367432,-0.14000000059604645,0.10973345824050044,0.29273601326559473,0.017994217853607993,0.78332483523967,1.3150116193070007,-0.004004066070946971,1.3190156853779478,0.0
288,5.76,hold,kick,120,1.9900000095367432,-0.14000000059604645,0.10973345824050044,0.3045405263415382,0.015181431172750118,0.7866739915015304,1.3183872270837236,-0.004063511167996595,1.32245073825172,0.0
289,5.78,hold,kick,121,1.9900000095367432,-0.14000000059604645,0.10973345824050044,0.31545118778675074,0.012796481588255526,0.7891721438958545,1.3207771742614964,-0.00046788536449075824,1.3212450596259873,0.0
290,5.8,hold,kick,122,1.9900000095367432,-0.14000000059604645,0.10973345824050044,0.3254966902660873,0.010317045798394781,0.7911996321657863,1.322634062986565,-0.000500512782746293,1.3231345757693111,0.0
291,5.82,hold,kick,123,1.9900000095367432,-0.14000000059604645,0.10973345824050044,0.33500734633845736,0.007436128016769071,0.7930904439425706,1.3243804160437516,-0.0005520587104686364,1.3249324747542202,0.0
292,5.84,hold,kick,124,1.9900000095367432,-0.14000000059604645,0.10973345824050044,0.34420326407681784,0.004298423536464359,0.7949454513319364,1.3261357396908995,-0.0005782114736301788,1.3267139511645296,0.0
293,5.86,hold,kick,125,1.9900000095367432,-0.14000000059604645,0.10973345824050044,0.3530108944349812,0.001263701369954488,0.7967535384587348,1.327879694960399,-0.0005690012333598449,1.328448696193759,0.0
294,5.88,hold,kick,126,1.9900000095367432,-0.14000000059604645,0.10973345824050044,0.36120603593163647,-0.0013076270498242671,0.7984632555855341,1.3295452717419824,-0.0005641738194563442,1.3301094455614388,0.0
295,5.9,hold,kick,127,1.9900000095367432,-0.14000000059604645,0.10973345824050044,0.3688528640288911,-0.0033881983865175014,0.7999721358776228,1.330992501486737,-0.0005652138913930099,1.33155771537813,0.0
296,5.92,hold,kick,128,1.9900000095367432,-0.14000000059604645,0.10973345824050044,0.3762029484133355,-0.005085662299163294,0.8011900816257472,1.3320811669053916,-0.0005706083302847512,1.3326517752356764,0.0
297,5.94,hold,kick,129,1.9900000095367432,-0.14000000059604645,0.10973345824050044,0.38355490759996924,-0.006347436781312947,0.8020280887958421,1.332685653512715,-0.0005679379723267305,1.3332535914850416,0.0
298,5.96,hold,kick,130,1.9900000095367432,-0.14000000059604645,0.10973345824050044,0.3912778946302928,-0.0071517009869132816,0.8024781305177102,1.3328213023562705,-0.0005640595644417247,1.3333853619207123,0.0
299,5.98,hold,kick,131,1.9900000095367432,-0.14000000059604645,0.10973345824050044,0.3996829039073761,-0.007564397969300916,0.8025800676211002,1.3326181910261157,-0.0005705209196364899,1.3331887119457522,0.0
300,6.0,hold,kick,132,1.9900000095367432,-0.14000000059604645,0.10973345824050044,0.4087395596471365,-0.007533260325735769,0.8023192864957803,1.3320955866356505,-0.0005694849009528873,1.3326650715366035,0.0
301,6.02,hold,kick,133,1.9900000095367432,-0.14000000059604645,0.10973345824050044,0.41843986494259694,-0.006971964362634721,0.8015793649368181,1.3311414084915882,-0.0005568465965857389,1.331698255088174,0.0
302,6.04,hold,kick,134,1.9900000095367432,-0.14000000059604645,0.10973345824050044,0.42893452888352235,-0.0058836758879119945,0.8002952266200798,1.3297532211314038,-0.0005483652323599666,1.3303015863637637,0.0
303,6.06,hold,kick,135,1.9900000095367432,-0.14000000059604645,0.10973345824050044,0.4402759190073316,-0.004274696229832647,0.7984638037820432,1.3279425722661597,-0.0005390682882353282,1.328481640554395,0.0
304,6.08,hold,kick,136,1.9900000095367432,-0.14000000059604645,0.10973345824050044,0.452503530114627,-0.002267405579641692,0.7960855733536418,1.3256812671875062,-0.0005280422160435297,1.3262093094035499,0.0
305,6.1,hold,kick,137,1.9900000095367432,-0.14000000059604645,0.10973345824050044,0.46569831562813857,1.417627646640376e-05,0.7931382339756696,1.3229336967165752,-0.0005349265428906819,1.323468623259466,0.0
306,6.12,hold,kick,138,1.9900000095367432,-0.14000000059604645,0.10973345824050044,0.47982596340912537,0.0025019499956083504,0.7897397307504966,1.3197573222863477,-0.0005534124397973961,1.3203107347261451,0.0
307,6.14,hold,kick,139,1.9900000095367432,-0.14000000059604645,0.10973345824050044,0.4948598145861805,0.005035398479231694,0.786111839169616,1.3163489945743982,-0.0005550268323939907,1.3169040214067922,0.0
308,6.16,hold,kick,140,1.9900000095367432,-0.14000000059604645,0.10973345824050044,0.5107399546994894,0.007474343075183515,0.7823988323925323,1.3128686930899007,-0.0005090487769936133,1.3133777418668944,0.0
309,6.18,hold,kick,141,1.9900000095367432,-0.14000000059604645,0.10973345824050044,0.5273398828064771,0.009844529218940532,0.7787067988750147,1.3094092272358884,-0.0004657771165368779,1.3098750043524252,0.0
310,6.2,hold,kick,142,1.9900000095367432,-0.14000000059604645,0.10973345824050044,0.5444660096337529,0.012167243580251683,0.7750831948870314,1.30600611483685,-0.0004224716042001003,1.30642858644105,0.0
311,6.22,hold,kick,143,1.9900000095367432,-0.14000000059604645,0.10973345824050044,0.5620162413263385,0.014381262032411983,0.7714261124533668,1.3025798282732575,-0.0004107886576944428,1.302990616930952,0.0
312,6.24,hold,kick,144,1.9900000095367432,-0.14000000059604645,0.10973345824050044,0.5800033085953155,0.01652825315647486,0.767388020330684,1.2987768339102104,-0.00046424331783794653,1.2992410772280483,0.0
313,6.26,hold,kick,145,1.9900000095367432,-0.14000000059604645,0.10973345824050044,0.5983226133437477,0.01891029476960734,0.7629056244869158,1.2944181172589289,-0.0006618286823072903,1.295079945941236,0.0
314,6.28,hold,kick,146,1.9900000095367432,-0.14000000059604645,0.10973345824050044,0.616678265767929,0.021545112416950805,0.7583921078712997,1.2898440002264149,-0.005148880585328752,1.2949928808117437,0.0
315,6.3,hold,kick,147,1.9900000095367432,-0.14000000059604645,0.10973345824050044,0.6328696073797536,0.023923919989310195,0.7565585915957788,1.2877110615337164,-0.0033173889676544194,1.2910284505013707,0.0
316,6.32,hold,kick,148,1.9900000095367432,-0.14000000059604645,0.10973345824050044,0.6490350307742551,0.027221421247335186,0.7572153716317249,1.2879348599725966,-0.0023634255005324095,1.290298285473129,0.0
317,6.34,hold,kick,149,1.9900000095367432,-0.14000000059604645,0.10973345824050044,0.6657975707784317,0.03141229271602463,0.7597248599146027,1.2900333865163216,-0.0026210155155455966,1.292654402031867,0.0
318,6.36,hold,kick,150,1.9900000095367432,-0.14000000059604645,0.10973345824050044,0.6823710345569938,0.035742242650391005,0.7640268976265101,1.293910834883962,-0.003799962757301295,1.2977107976412634,0.0
319,6.38,hold,kick,151,1.9900000095367432,-0.14000000059604645,0.10973345824050044,0.6988198239322335,0.04021315965466435,0.7691243296763547,1.2987150754675252,-0.004030692566201727,1.3027457680337269,0.0
320,6.4,hold,kick,152,1.9900000095367432,-0.14000000059604645,0.10973345824050044,0.7151522766299788,0.04471273261013024,0.7734023760071242,1.302894943988672,-0.0026063567947757493,1.3055013007834477,0.0
321,6.42,hold,kick,153,1.9900000095367432,-0.14000000059604645,0.10973345824050044,0.7308362868798571,0.049413334238960424,0.776716332961935,1.3062303811609275,-0.0008315109109054142,1.3070618920718329,0.0
322,6.44,hold,kick,154,1.9900000095367432,-0.14000000059604645,0.10973345824050044,0.7453965493926201,0.05424647645829454,0.7802309426462442,1.3098125107829481,-0.0007192862435681929,1.3105317970265162,0.0
323,6.46,hold,kick,155,1.9900000095367432,-0.14000000059604645,0.10973345824050044,0.7594364046429969,0.05903389385222705,0.7842666803397651,1.3140028053978008,-0.0005056516065793486,1.3145084570043801,0.0
324,6.48,hold,kick,156,1.9900000095367432,-0.14000000059604645,0.10973345824050044,0.7735350714417786,0.06376660346801151,0.7884812935802535,1.3184594986452767,-0.0004327241294912361,1.318892222774768,0.0
325,6.5,hold,kick,157,1.9900000095367432,-0.14000000059604645,0.10973345824050044,0.7875706955008689,0.06840075755087974,0.7924505121410069,1.322678113388345,-0.00048714921778950093,1.3231652626061345,0.0
326,6.52,hold,kick,158,1.9900000095367432,-0.14000000059604645,0.10973345824050044,0.8011800431899143,0.07273844846319898,0.7957192391235475,1.3261147853288717,-0.00045845689772922027,1.326573242226601,0.0
327,6.54,hold,kick,159,1.9900000095367432,-0.14000000059604645,0.10973345824050044,0.8142064827082133,0.07649317811138423,0.7979566756685651,1.3284261144430092,-0.0004442581156704692,1.3288703725586797,0.0
328,6.56,hold,kick,160,1.9900000095367432,-0.14000000059604645,0.10973345824050044,0.8266436213465567,0.07949583214142453,0.7990995663218633,1.3295627773794236,-0.0004575785396713425,1.330020355919095,0.0
329,6.58,hold,kick,161,1.9900000095367432,-0.14000000059604645,0.10973345824050044,0.8387318145654157,0.08174426241365271,0.7992657477227368,1.3296782840217973,-0.0004731206549775241,1.3301514046767748,0.0
330,6.6,hold,kick,162,1.9900000095367432,-0.14000000059604645,0.10973345824050044,0.8507123341094002,0.08345632312012458,0.7986073744503309,1.3289568169508386,-0.00048726836221689093,1.3294440853130554,0.0
331,6.62,hold,kick,163,1.9900000095367432,-0.14000000059604645,0.10973345824050044,0.8626429551831767,0.08488452114048171,0.7972654664111578,1.3275343305953602,-0.0005143453217659015,1.3280486759171262,0.0
332,6.64,hold,kick,164,1.9900000095367432,-0.14000000059604645,0.10973345824050044,0.8746175873397057,0.08612491176147131,0.7953325999226969,1.3254927209797067,-0.0005643755968487603,1.3260570965765555,0.0
333,6.66,hold,kick,165,1.9900000095367432,-0.14000000059604645,0.10973345824050044,0.886772403954122,0.08718155168715076,0.7929012039079157,1.3229312168976575,-0.0007125275343354033,1.3236437444319928,0.0
334,6.68,hold,kick,166,1.9900000095367432,-0.14000000059604645,0.10973345824050044,0.8992982560202619,0.08801226667134478,0.7900186959777442,1.3199238050160074,-0.0009722803477595111,1.3208960853637668,0.0
335,6.7,hold,kick,167,1.9900000095367432,-0.14000000059604645,0.10973345824050044,0.9125220305480439,0.08857574232613172,0.7866724022012359,1.3164993130370344,-0.0012100933466371554,1.3177094063836716,0.0
336,6.72,hold,kick,168,1.9900000095367432,-0.14000000059604645,0.10973345824050044,0.9267723809363545,0.08872409481571202,0.7830963356451589,1.3129172638672557,-0.0014436774150597756,1.3143609412823154,0.0
337,6.74,hold,kick,169,1.9900000095367432,-0.14000000059604645,0.10973345824050044,0.9420172978580511,0.08835631130615548,0.7795578223350869,1.3094325541103162,-0.0017360343404914276,1.3111685884508077,0.0
338,6.76,hold,kick,170,1.9900000095367432,-0.14000000059604645,0.10973345824050044,0.9582351156342774,0.08751755340876316,0.7760547446688755,1.3060572486019015,-0.0020473640629188744,1.3081046126648204,0.0
339,6.78,hold,kick,171,1.9900000095367432,-0.14000000059604645,0.10973345824050044,0.975613378745299,0.08628094637452453,0.7724993476750603,1.3027487794326345,-0.002263961507622734,1.3050127409402572,0.0
340,6.8,hold,kick,172,1.9900000095367432,-0.14000000059604645,0.10973345824050044,0.9941441175933297,0.0847038638175434,0.7690389352025384,1.299609924689333,-0.0022835668808772296,1.30189349157021,0.0
341,6.82,hold,kick,173,1.9900000095367432,-0.14000000059604645,0.10973345824050044,1.0136882412959085,0.08293100411838303,0.7658509986713562,1.2967660620782462,-0.0024212566227179953,1.2991873187009642,0.0
342,6.84,hold,kick,174,1.9900000095367432,-0.14000000059604645,0.10973345824050044,1.0341296004609992,0.08105789971347846,0.7630890326192883,1.2943268224031685,-0.002500301643939242,1.2968271240471079,0.0
343,6.86,hold,kick,175,1.9900000095367432,-0.14000000059604645,0.10973345824050044,1.0555758645472864,0.07916571192973791,0.7608735980161699,1.2924076695397606,-0.002728454576334846,1.2951361241160955,0.0
344,6.88,hold,kick,176,1.9900000095367432,-0.14000000059604645,0.10973345824050044,1.0780323579778173,0.07740946781864358,0.7589028262054214,1.2906638514316782,-0.002942289715244191,1.2936061411469224,0.0
345,6.9,hold,kick,177,1.9900000095367432,-0.14000000059604645,0.10973345824050044,1.1013046707987917,0.07564323699929629,0.757008402345204,1.2887753942899534,-0.004156216132848813,1.2929316104228021,0.0
346,6.92,hold,kick,178,1.9900000095367432,-0.14000000059604645,0.10973345824050044,1.12321122457771,0.0751317725241964,0.7569581306514103,1.2886082414520992,-0.0032115106447916236,1.2918197520968908,0.0
347,6.94,hold,kick,179,1.9900000095367432,-0.14000000059604645,0.10973345824050044,1.144561513960328,0.07495827655636422,0.7588924631723389,1.2903168988477887,-0.0035971976578461767,1.2939140965056348,0.0
348,6.96,hold,kick,180,1.9900000095367432,-0.14000000059604645,0.10973345824050044,1.1660391120516356,0.07427878828429044,0.7620019944387255,1.2929195519949281,-0.003929536592648608,1.2968490885875767,0.0
349,6.98,hold,kick,181,1.9900000095367432,-0.14000000059604645,0.10973345824050044,1.1863375487866739,0.07345638221335486,0.766762018850492,1.2970055022365192,-0.0044887129459797726,1.301494215182499,0.0
350,7.0,hold,kick,182,1.9900000095367432,-0.14000000059604645,0.10973345824050044,1.2044491834108557,0.0725296375025192,0.7719374946124429,1.3017243133141543,-0.004040569025244745,1.305764882339399,0.0
351,7.02,hold,kick,183,1.9900000095367432,-0.14000000059604645,0.10973345824050044,1.2201214732321073,0.07207671805622541,0.7761371801464789,1.305816879655064,-0.0026930686134159602,1.3085099482684799,0.0
352,7.04,hold,kick,184,1.9900000095367432,-0.14000000059604645,0.10973345824050044,1.2340325719848766,0.07193749822651543,0.7798266456954468,1.3097216379745733,-0.00277026924235867,1.3124919072169319,0.0
353,7.06,hold,kick,185,1.9900000095367432,-0.14000000059604645,0.10973345824050044,1.2472971416799745,0.07196259410577659,0.7832557537417527,1.3134871230006737,-0.002764692642130931,1.3162518156428047,0.0
354,7.08,hold,kick,186,1.9900000095367432,-0.14000000059604645,0.10973345824050044,1.2603699321034223,0.0722184845166308,0.7864191453505169,1.3169884802647345,-0.002748040589700018,1.3197365208544345,0.0
355,7.1,hold,kick,187,1.9900000095367432,-0.14000000059604645,0.10973345824050044,1.2733139654450336,0.07286785649391846,0.7893538694890356,1.3202608580649602,-0.0027291622505223774,1.3229900203154825,0.0
356,7.12,hold,kick,188,1.9900000095367432,-0.14000000059604645,0.10973345824050044,1.2859716176063725,0.0739792651698225,0.7919901255527124,1.3232700235451833,-0.0027201259506174705,1.3259901494958009,0.0
357,7.14,hold,kick,189,1.9900000095367432,-0.14000000059604645,0.10973345824050044,1.2983417934011134,0.07548617539534976,0.7941161642962107,1.3257333329824876,-0.0026947748014854375,1.328428107783973,0.0
358,7.16,hold,kick,190,1.9900000095367432,-0.14000000059604645,0.10973345824050044,1.3105851660753192,0.07744414120586829,0.795685431046985,1.3274956469380976,-0.002551518366379398,1.330047165304477,0.0
359,7.18,hold,kick,191,1.9900000095367432,-0.14000000059604645,0.10973345824050044,1.323079070413591,0.07982771739503676,0.7967206300983899,1.3285078293896193,-0.0021674495763650027,1.3306752789659844,0.0
360,7.2,hold,kick,192,1.9900000095367432,-0.14000000059604645,0.10973345824050044,1.336158442269614,0.08248188125088127,0.797125355401423,1.3286967552873743,-0.0016991545154990025,1.3303959098028733,0.0
361,7.22,hold,kick,193,1.9900000095367432,-0.14000000059604645,0.10973345824050044,1.3500602601341714,0.08545017487594034,0.7968233465790022,1.328071050636753,-0.001184361719114485,1.3292554123558675,0.0
362,7.24,hold,kick,194,1.9900000095367432,-0.14000000059604645,0.10973345824050044,1.3650182637446981,0.0887978350783589,0.7958567012756849,1.3267979152471232,-0.0006465019825253535,1.3274444172296485,0.0
363,7.26,hold,kick,195,1.9900000095367432,-0.14000000059604645,0.10973345824050044,1.3812674468940325,0.09266353228309622,0.7942014765177797,1.3249930151760756,-0.0005931608939737133,1.3255861760700494,0.0
364,7.28,hold,kick,196,1.9900000095367432,-0.14000000059604645,0.10973345824050044,1.3988571439578972,0.09703389564529646,0.7916568821740371,1.3225096571912207,-0.0005452272921093286,1.32305488448333,0.0
365,7.3,hold,kick,197,1.9900000095367432,-0.14000000059604645,0.10973345824050044,1.417516642708951,0.10169730119826015,0.7883023519845829,1.3192928943240159,-0.000477185076764728,1.3197700794007805,0.0
366,7.32,hold,kick,198,1.9900000095367432,-0.14000000059604645,0.10973345824050044,1.4369829737876723,0.10651711713278256,0.7843471789853061,1.31543373047446,-0.00047494405951605326,1.315908674533976,0.0
367,7.34,hold,kick,199,1.9900000095367432,-0.14000000059604645,0.10973345824050044,1.457230321689802,0.11147808181759476,0.7798842636313893,1.3110297126209,-0.0004833007282821246,1.3115130133491821,0.0
368,7.36,hold,kick,200,1.9900000095367432,-0.14000000059604645,0.10973345824050044,1.4783746159533906,0.11639167420348333,0.7751301625515555,1.3063470332112181,-0.00045795882425676143,1.306804992035475,0.0
369,7.38,hold,kick,201,1.9900000095367432,-0.14000000059604645,0.10973345824050044,1.5003639748745685,0.12112108456384113,0.7701822175597198,1.3014929109793654,-0.00041209029153924104,1.3019050012709046,0.0
370,7.4,hold,kick,202,1.9900000095367432,-0.14000000059604645,0.10973345824050044,1.5229858309509765,0.12564383812121319,0.7650840067685931,1.2964715986739226,-0.00041239175326525726,1.2968839904271878,0.0
371,7.42,hold,kick,203,1.9900000095367432,-0.14000000059604645,0.10973345824050044,1.5459203656065457,0.12998356978906928,0.7597719774449924,1.2911854544085026,-0.00042276908223845555,1.2916082234907411,0.0
372,7.44,hold,kick,204,1.9900000095367432,-0.14000000059604645,0.10973345824050044,1.5692837496597005,0.1345792136443027,0.7540819132726985,1.2853303167185524,-0.0006048542976934967,1.2859351710162459,0.0
373,7.46,hold,kick,205,1.9900000095367432,-0.14000000059604645,0.10973345824050044,1.5922077223315267,0.1394628681519044,0.7490478925652445,1.2798284122781138,-0.007517413833409058,1.287345826111523,0.0
374,7.48,hold,kick,206,1.9900000095367432,-0.14000000059604645,0.10973345824050044,1.6125643698333498,0.1442550502211895,0.7481355303099037,1.2783633487624662,-0.0043882036236918,1.282751552386158,0.0
375,7.5,hold,kick,207,1.9900000095367432,-0.14000000059604645,0.10973345824050044,1.6326995055174658,0.15068451297653934,0.7503420283634324,1.279780973366015,-0.003066176618461862,1.282847149984477,0.0
376,7.52,hold,kick,208,1.9900000095367432,-0.14000000059604645,0.10973345824050044,1.6524555274551946,0.15870661660704358,0.7547517962624617,1.283306682804854,-0.0027752188486302107,1.2860819016534843,0.0
377,7.54,hold,kick,209,1.9900000095367432,-0.14000000059604645,0.10973345824050044,1.671596673669934,0.16805341827605996,0.7598825060783371,1.2876183772007606,-0.0035460541250907918,1.2911644313258512,0.0
378,7.56,hold,kick,210,1.9900000095367432,-0.14000000059604645,0.10973345824050044,1.6889045442021717,0.17684735455992934,0.7649408288240516,1.292047285042724,-0.0029078677911220374,1.294955152833846,0.0
379,7.58,hold,kick,211,1.9900000095367432,-0.14000000059604645,0.10973345824050044,1.7044112919316032,0.18494617060057997,0.7695633052238076,1.296315898937882,-0.0012719537843355333,1.2975878527222175,0.0
380,7.6,hold,kick,212,1.9900000095367432,-0.14000000059604645,0.10973345824050044,1.7187312886017225,0.19335109829060793,0.7732659927867643,1.2998266422108335,-0.0005282758484150274,1.3003549180592486,0.0
381,7.62,hold,kick,213,1.9900000095367432,-0.14000000059604645,0.10973345824050044,1.7314873241136681,0.201768605986215,0.776928392085837,1.3034469642789053,-0.0007041103850708164,1.3041510746639762,0.0
382,7.64,hold,kick,214,1.9900000095367432,-0.14000000059604645,0.10973345824050044,1.7425197626652056,0.21020059346860817,0.7802319068014324,1.3068339025425981,-0.0006619962063473261,1.3074958987489453,0.0
383,7.66,hold,kick,215,1.9900000095367432,-0.14000000059604645,0.10973345824050044,1.7519444486213127,0.21849061905190575,0.7830447132246233,1.3097379847264414,-0.0010027304953209026,1.3107407152217623,0.0
384,7.68,hold,kick,216,1.9900000095367432,-0.14000000059604645,0.10973345824050044,1.7598551854913278,0.2262799646801677,0.785044224822577,1.3118389264498307,-0.0014117736593391508,1.3132507001091698,0.0
385,7.7,hold,kick,217,1.9900000095367432,-0.14000000059604645,0.10973345824050044,1.766190487720187,0.23317911593943916,0.7856364689908467,1.3126439628308753,-0.001522077749041853,1.3141660405799171,0.0
386,7.72,hold,kick,218,1.9989517590055204,-0.1463112625054392,0.11227917320774983,1.7712388980919314,0.238931058438297,0.7847328215973475,1.3120219540949731,-0.001397508541282698,1.3134194626362559,0.0
387,7.74,hold,kick,219,2.02238040485731,-0.16335656310508223,0.11479516586366205,1.7754274181793854,0.2437307773040471,0.7830479129372372,1.3105559010171042,-0.0014859513653105727,1.3120418523824147,0.0
388,7.76,hold,kick,220,2.045894424320108,-0.18049567517139337,0.11339424030999638,1.7794291412154857,0.2487476854846566,0.7812408002913502,1.3089111713121702,-0.0018124221697402194,1.3107235934819104,0.0
389,7.78,hold,kick,221,2.068949163383508,-0.19737881575990032,0.1088402569693984,1.7841359116106317,0.25472226537327564,0.7800240734177728,1.3079008135427035,-0.0020735844500633337,1.3099743979927667,0.0
390,7.8,hold,kick,222,2.0872897902573753,-0.21162765365884978,0.10938780469300782,1.7895302634328438,0.26145959806746855,0.7794430530783069,1.3076139214916043,-0.0025806226338845537,1.3101945441254887,0.0
391,7.82,hold,kick,223,2.104259866293162,-0.22509696957837647,0.11031317212537296,1.7945689467715882,0.2675563506724086,0.7788162005047319,1.3071199866758851,-0.002635096677426972,1.309755083353312,0.0
392,7.84,hold,kick,224,2.121007318549297,-0.23840023137522742,0.10972111655957624,1.80007062232073,0.2721503631824232,0.7767672510888064,1.3048903691329459,-0.002474629520877198,1.3073649986538232,0.0
393,7.86,hold,kick,225,2.1375435111228946,-0.2515495389686814,0.1098837785443423,1.8069798034598332,0.27545166177134145,0.7722376317050221,1.299740965905758,-0.0043765147182018155,1.3041174806239597,0.0
394,7.88,hold,kick,226,2.1540110523075433,-0.26463956108270625,0.1099550208257116,1.813325888900336,0.2781510121938488,0.7690261321136831,1.2955175840548947,-0.0029813740360797626,1.2984989580909745,0.0
395,7.9,hold,kick,227,2.1704510803823753,-0.2777048071448121,0.11001299539619401,1.8208613459874983,0.2824202930346024,0.7682451318711656,1.2940857356275404,-0.003125917159983043,1.2972116527875235,0.0
396,7.92,hold,kick,228,2.1868775373917675,-0.2907573391592516,0.10999890119330356,1.829727648444433,0.28957645648768043,0.7703240656741966,1.2962551643623965,-0.0027537847128597213,1.2990089490752563,0.0
397,7.94,hold,kick,229,2.2032978236949035,-0.3038040645758902,0.10999904011713518,1.8387712607675906,0.2978233822014434,0.7739987068155927,1.300300779066474,-0.0025955843712134018,1.3028963634376873,0.0
398,7.96,hold,kick,230,2.219712640994527,-0.3168454692642742,0.11000204723099538,1.8473144348827863,0.305079860966117,0.7773971856284437,1.3037119810173323,-0.0028566174397868793,1.3065685984571191,0.0
399,7.98,hold,kick,231,2.236121907299897,-0.3298813850027744,0.110001720307118,1.8554984097675644,0.3097011161227506,0.7785307582108723,1.3043469927135733,0.007330559632095172,1.2970164330814782,0.0
400,8.0,hold,kick,232,2.2525271105790403,-0.3429132621659453,0.1099987612120407,1.862526926194921,0.31229046492510093,0.7770739505017625,1.301938918422522,-0.005536166484001983,1.307475084906524,0.0
401,8.02,hold,kick,233,2.268928982867988,-0.3559418165185912,0.10999762610706623,1.8681784874260305,0.3150881082408871,0.7770900472373118,1.3010188613433422,-0.0027078114568057574,1.303726672800148,0.0
402,8.04,hold,kick,234,2.28532723549759,-0.36896675613466395,0.10999806974308685,1.874616513188955,0.32015203584621243,0.7793026576942443,1.3028095205139731,-0.0018152151971290477,1.3046247357111023,0.0
403,8.06,hold,kick,235,2.301721131874496,-0.3819873474506561,0.11000519501860052,1.8815665112234305,0.32733554048575175,0.7834266425040051,1.3069341719499075,-0.0017465300155328732,1.3086807019654403,0.0
404,8.08,hold,kick,236,2.318110764121832,-0.39500367959287397,0.1099987584105668,1.888122863449454,0.3350973680574218,0.7882158669192966,1.3116310171473367,-0.0018654687482485832,1.3134964858955853,0.0
405,8.1,hold,kick,237,2.334497264176144,-0.4080168740992731,0.11000428212258417,1.8936420946522594,0.3424269511802417,0.7928243493213661,1.3159570427818348,-0.0019935337441779506,1.3179505765260127,0.0
406,8.12,hold,kick,238,2.350878495319485,-0.4210248105647987,0.10998572360223174,1.8983292630175637,0.348962429661418,0.796032943483919,1.3188793163472612,-0.0022521569676999705,1.321131473314961,0.0
407,8.14,hold,kick,239,2.367255315572991,-0.4340283411073497,0.10999820868888914,1.9023716628263538,0.35420374355113665,0.7962611211158865,1.318868956767059,-0.0025283571133330705,1.321397313880392,0.0
408,8.16,hold,kick,240,2.3836293808050306,-0.4470291061287127,0.1099954934987924,1.9052355570799848,0.3584626728179482,0.7948821150923531,1.3172804573348975,-0.002286658931286503,1.319567116266184,0.0
409,8.18,hold,kick,241,2.4000001255917733,-0.4600265449167547,0.10998568924994634,1.9078604487986566,0.3640130724068609,0.7950381655879886,1.3173141921726328,-0.001805116256329807,1.3191193084289625,0.0
410,8.2,hold,kick,242,2.4163666333207017,-0.4730197501445548,0.11000108422251154,1.9105893962333653,0.37135184769756774,0.7968596525313222,1.3192376518715911,-0.0019894371903870223,1.3212270890619782,0.0
411,8.22,hold,kick,243,2.4327297466931457,-0.48600955541873636,0.10999984024978618,1.9133186164905662,0.3794396177114306,0.7989179759373299,1.321547459093861,-0.0024298381200572663,1.3239772972139183,0.0
412,8.24,hold,kick,244,2.4490888276717326,-0.4989953289053819,0.10999874983518193,1.9157547789315514,0.38685007064572835,0.7997872822006217,1.3227048787546138,-0.0027009244455323198,1.3254058032001461,0.0
413,8.26,hold,kick,245,2.465443282008505,-0.5119764806496923,0.10998609228068235,1.9176770954297957,0.3927440414427344,0.7991137683325736,1.3222196534057948,-0.0026348095232996277,1.3248544629290944,0.0
414,8.28,hold,kick,246,2.481792728844209,-0.5249526362794726,0.10999954383408299,1.9194019846574049,0.3975603435553372,0.7974738785369887,1.3205532250427974,-0.0026080917591342,1.3231613168019316,0.0
415,8.3,hold,kick,247,2.498139172290203,-0.5379257792969401,0.10999773296753056,1.9215467567721551,0.40330104561646674,0.7959101804148992,1.3188400732226513,-0.0027944671585363005,1.3216345403811876,0.0
416,8.32,hold,kick,248,2.5144817299101785,-0.5508950360942825,0.11000033814112996,1.9239212691644434,0.41031449234156026,0.7952796275010855,1.3181153432722075,-0.0030085328951493344,1.3211238761673567,0.0
417,8.34,hold,kick,249,2.530820593255779,-0.5638605954224922,0.10999465969319923,1.926503117768276,0.41595044774574336,0.7946196889398403,1.3173924957492407,-0.0033954770671609236,1.3207879728164016,0.0
418,8.36,hold,kick,250,2.5471553345836035,-0.5768220355341015,0.10999735282354008,1.930210394475155,0.4190031902160519,0.7919058695278522,1.314160552411487,0.0031659837704330757,1.310994568641054,0.0
419,8.38,hold,kick,251,2.5634865486775347,-0.5897799436707747,0.10998990207145432,1.9348508353266645,0.42043299076097235,0.7862572312865517,1.3068721495139333,0.014928406939479201,1.291943742574454,0.0
420,8.4,hold,kick,252,2.5798130492494646,-0.6027331473931182,0.10999617700928066,1.9396558336579963,0.4221965501009609,0.7777270997397988,1.2963061454707812,-0.005520134275243761,1.301826279746025,0.0
421,8.42,hold,kick,253,2.59613512381633,-0.6156819279468416,0.1100004451440344,1.9431023481937046,0.42538989358966567,0.7717150514844384,1.2881269886415119,-0.002502340237222126,1.290629328878734,0.0
422,8.44,hold,kick,254,2.612454019213696,-0.6286275220914147,0.10999936976599482,1.9477940897096233,0.43121340430579946,0.7702134591784856,1.285895269690494,-0.001329188127970258,1.2872244578184642,0.0
423,8.46,hold,kick,255,2.628769695395035,-0.6415698912278839,0.10999830980174534,1.954060911189728,0.43854377497774144,0.7715382588512179,1.288035946379872,-0.0013471579714931063,1.2893831043513653,0.0
424,8.48,hold,kick,256,2.6450811395061407,-0.654508031426492,0.10999387605818532,1.9617765639757778,0.4463653791967222,0.7742998228031893,1.2924383451914214,-0.0014614561882725224,1.2938998013796938,0.0
425,8.5,hold,kick,257,2.6613880777581285,-0.6674416742146068,0.11000216272740247,1.9705786654987854,0.45423889107443705,0.777654741496407,1.2976412683249854,-0.0017297620052922312,1.2993710303302777,0.0
426,8.52,hold,kick,258,2.6776904597333133,-0.6803707668250155,0.10999641640005656,1.9799464459841094,0.4617685927772555,0.7810551896315171,1.3026634294397337,-0.0019690210004516887,1.3046324504401854,0.0
427,8.54,hold,kick,259,2.6939895857439304,-0.69329659679097,0.10999779471737658,1.9890405619035312,0.46838754467135585,0.7843653871345123,1.3070924807585766,-0.0021896136978936526,1.3092820944564703,0.0
428,8.56,hold,kick,260,2.71028504182951,-0.7062187521314562,0.10999709097038489,1.9976645530469714,0.47432558147049947,0.7870255989169208,1.3105711791873007,-0.002572174466568003,1.3131433536538688,0.0
429,8.58,hold,kick,261,2.7265756730664097,-0.7191360916008428,0.10999627382003613,2.006863581272959,0.4792362689649606,0.7867798252342513,1.310709611708793,-0.00567886337692837,1.3163884750857215,0.0
430,8.6,hold,kick,262,2.742863124779308,-0.7320502448068712,0.11000197083245226,2.0147720644969875,0.4825095840613932,0.7836240894455979,1.3069840373650736,-0.004122517259777005,1.3111065546248506,0.0
431,8.62,hold,kick,263,2.7591457600990466,-0.7449595931990856,0.11000069445535507,2.020013301670716,0.48451312962894344,0.7775519367953622,1.2996635103576197,-0.0034281146490525646,1.3030916250066722,0.0
432,8.64,hold,kick,264,2.775425324733933,-0.7578658625355219,0.11000009447111546,2.022504284254773,0.48650810846580306,0.7735482645316967,1.2940918302224442,-0.007425186482762646,1.3015170167052068,0.0
433,8.66,hold,kick,265,2.7917010053728286,-0.7707682444393581,0.10999072101664892,2.0243420578735907,0.4886275277434068,0.7762682764437191,1.2955505929140783,-0.0026627966745130793,1.2982133895885912,0.0
434,8.68,hold,kick,266,2.8079730418149738,-0.7836669808747675,0.10999770982137988,2.027630294884355,0.492474639957161,0.7819105179388202,1.301288610974578,-0.0019731056177579517,1.303261716592336,0.0
435,8.7,hold,kick,267,2.8242414288737208,-0.7965620613816764,0.10999244550417663,2.0319740643076396,0.4981836898616436,0.7872764107273497,1.308028075902457,-0.0016851880949771449,1.309713263997434,0.0
436,8.72,hold,kick,268,2.840504440654448,-0.809451788641342,0.10998032869051635,2.0374144228047397,0.5039942286255881,0.7901359606579631,1.3122530941029864,-0.0015153252430952571,1.3137684193460817,0.0
437,8.74,hold,kick,269,2.856762555871611,-0.8223366361688496,0.10999671191168149,2.0429326625769604,0.5083592874103507,0.7894380032183239,1.3121104301948427,-3.2184285610289964e-05,1.312142614480453,0.0
438,8.76,hold,kick,270,2.8730166921827065,-0.8352175061219922,0.10999733049678297,2.0466248857069975,0.512196909438664,0.7861521412919433,1.3091371279126012,-0.0045554088378266765,1.3136925367504277,0.0
439,8.78,hold,kick,271,2.8892684142921063,-0.8480959394198573,0.10998245711700441,2.0489797197600654,0.5148852687726873,0.7858648424963498,1.308852065805198,-0.0027357146186165193,1.3115877804238145,0.0
440,8.8,hold,kick,272,2.905516026845607,-0.8609702667065171,0.10998927741696879,2.05125115393601,0.5178410881471448,0.787759979116107,1.3112400519722478,-0.0023586680733204968,1.3135987200455683,0.0
441,8.82,hold,kick,273,2.9217598365680635,-0.8738407899911953,0.10999705983514592,2.053261672698652,0.5216008490058142,0.7899120584608164,1.314444115965987,-0.0027989936980669025,1.3172431096640538,0.0
442,8.84,hold,kick,274,2.937999494095237,-0.8867071646910627,0.10999135022365475,2.0546369038104935,0.5256661382205164,0.791372052469837,1.317097861507792,-0.0030151091921166925,1.3201129706999086,0.0
443,8.86,hold,kick,275,2.9542358892258873,-0.8995702691152502,0.10998204377873166,2.0554899816100187,0.5295757708111452,0.7917099544051395,1.3184689956406217,-0.0030583398841797366,1.3215273355248014,0.0
444,8.88,hold,kick,276,2.970467533321009,-0.9124286380145739,0.10998819400314139,2.0560137045263382,0.5329483372241329,0.7910647299286476,1.3185493187441766,-0.002901950871067413,1.321451269615244,0.0
445,8.9,hold,kick,277,2.9866953241374445,-0.9252831579357114,0.10999809833576439,2.0561978515060564,0.5355810657946453,0.7900800863524128,1.3179858185389004,-0.0026614501139354957,1.3206472686528359,0.0
446,8.92,hold,kick,278,3.002919880844511,-0.9381344334263994,0.10998406105783805,2.0558753291682654,0.5376123194261638,0.7893656904248424,1.3175129795691405,-0.0019909389429359284,1.3195039185120765,0.0
447,8.94,hold,kick,279,3.019139476891251,-0.9509807711446232,0.10998763446871844,2.0549634740755933,0.5394067656163527,0.7889606940838465,1.3173156477079522,-0.0017176267138370865,1.3190332744217892,0.0
448,8.96,hold,kick,280,3.0353552447711896,-0.9638232894271543,0.10999139489201393,2.0535629066474086,0.5412487001271283,0.7883404090398347,1.3169411541623481,-0.002200282575282972,1.319141436737631,0.0
449,8.98,hold,kick,281,3.0515664758274648,-0.9766612835221522,0.10998950262037678,2.052032803707961,0.5431108706255404,0.7865611427843223,1.3154029969358947,-0.0028285800821968507,1.3182315770180915,0.0
450,9.0,hold,kick,282,3.0677756987304092,-0.9894972455738433,0.10998838470443113,2.0505881820528655,0.54464861681922,0.7836310862533716,1.3125451817126235,-0.0025699165740556834,1.315115098286679,0.0
451,9.02,hold,kick,283,3.083980916712258,-1.0023291859422625,0.10999520951264259,2.048984861146389,0.5455696085056776,0.7809170968412494,1.3096709458349287,-0.0020904404609742022,1.311761386295903,0.0
452,9.04,hold,kick,284,3.1001819397609633,-1.015156933059194,0.10999141894036306,2.046998297700275,0.5460539552083591,0.7797433455621736,1.3082433682218877,-0.0013881006867351962,1.3096314689086228,0.0
453,9.06,hold,kick,285,3.116379613808082,-1.0279813246329523,0.10997480053199563,2.0447384632777554,0.5466683173929625,0.7799121015657868,1.3083184159327526,-0.0016193378685681568,1.3099377538013206,0.0
454,9.08,hold,kick,286,3.1325728243832107,-1.040801307680156,0.10997389559845397,2.0424383233567642,0.547725036313283,0.7800391682840756,1.3085899344262544,-0.0020127062017135065,1.3106026406279678,0.0
455,9.1,hold,kick,287,3.1487652364173395,-1.053620502094425,0.10998073892534616,2.040681935657559,0.5485811373033723,0.7790791156925925,1.3077600064310302,-0.001986293135985459,1.3097462995670157,0.0
456,9.12,hold,kick,288,3.1649576487271434,-1.0664396761869996,0.10998288939201492,2.03913520282615,0.5491551476625747,0.7762897778667054,1.3050012626715768,-0.0019361396424407706,1.3069374023140177,0.0
457,9.14,hold,kick,289,3.181150086667511,-1.07925886787389,0.10998050194550374,2.037217065371829,0.549670203613395,0.7735555649963888,1.3021519601368436,-0.0018777911072429543,1.3040297512440866,0.0
458,9.16,hold,kick,290,3.197342476940625,-1.0920780214695853,0.1099754015083092,2.034647279369061,0.5495728826431309,0.7729182548409221,1.3013188518795982,-0.0014352962714845284,1.3027541481510827,0.0
459,9.18,hold,kick,291,3.213534764245866,-1.1048970935014224,0.10996894616245487,2.03171050704635,0.5489687840063205,0.7736797044460949,1.3018548647628083,-0.001465054921957476,1.3033199196847658,0.0
460,9.2,hold,kick,292,3.2297269186442783,-1.1177160603077898,0.10996191266221828,2.0290677795346714,0.5482787769667412,0.7745800250231043,1.3025960870601252,-0.0016685698057754758,1.3042646568659007,0.0
461,9.22,hold,kick,293,3.245918926669825,-1.1305349112332268,0.10995470066033677,2.027102064290415,0.5475600405508654,0.7750627452016633,1.3029803985757642,-0.0017970731662634853,1.3047774717420277,0.0
462,9.24,hold,kick,294,3.2621107837745633,-1.1433536426779298,0.1099475033418894,2.0259150280810716,0.5465736683723641,0.7752755782142199,1.3030712198048218,-0.00178837593223578,1.3048595957370575,0.0
463,9.26,hold,kick,295,3.2783024898415345,-1.1561722545493922,0.10994040923702125,2.0253878538217127,0.5451488790468086,0.7754660131377659,1.3030564346794653,-0.0017296247761636914,1.304786059455629,0.0
464,9.28,hold,kick,296,3.294494046825054,-1.1689907483948148,0.10993345619510317,2.025325096044231,0.5432672688580428,0.7756495487704237,1.3029380180628432,-0.0016498977054207262,1.3045879157682638,0.0
465,9.3,hold,kick,297,3.3106854575841003,-1.1818091264775916,0.10992665833480106,2.0255048455395515,0.5409783625946596,0.775658222003633,1.302565314226046,-0.0014712911142809662,1.304036605340327,0.0
466,9.32,hold,kick,298,3.3268767253283467,-1.194627391338745,0.10992001900347985,2.025625565194246,0.5383013036463671,0.7753251035819577,1.3017836959839957,-0.0012314993553262168,1.3030151953393219,0.0
467,9.34,hold,kick,299,3.34306785336374,-1.207445545595521,0.10991353683641943,2.0254897267138166,0.5352127897819192,0.7746542955911344,1.3005993663818565,-0.0010257634226255967,1.301625129804482,0.0
468,9.36,hold,kick,300,3.3592588449798293,-1.2202635918521823,0.10990720852184532,2.0250605116276175,0.5317668070654692,0.7737269770869508,1.2991390733438617,-0.0009373274185159354,1.3000764007623777,0.0
469,9.38,hold,kick,301,3.3754497034023747,-1.2330815326624927,0.1099010300325565,2.0244317773043354,0.528228860577129,0.7725918015067461,1.2975625861136162,-0.0020235254719792838,1.2995861115855956,0.0
470,9.4,hold,kick,302,3.391640431775329,-1.2458993705154482,0.10989499715931494,2.0233809344173035,0.5251913713696391,0.7715000556990123,1.2963059095760296,-0.0014742254993295838,1.2977801350753593,0.0
471,9.42,hold,kick,303,3.407831033155629,-1.258717107831156,0.10988910573290879,2.021806831191287,0.522395268448915,0.7708515976580882,1.295676647944497,-0.0013529375318655813,1.2970295854763625,0.0
472,9.44,hold,kick,304,3.4240215105134197,-1.271534746961015,0.10988335171041423,2.0201159544609575,0.5195761439806108,0.7705206909740802,1.2954594952661493,-0.001249288446367798,1.296708783712517,0.0
473,9.46,hold,kick,305,3.4402118667344266,-1.284352290189588,0.10987773120370356,2.018556669445959,0.5167119809293337,0.7702000510578368,1.29534586510435,-0.001456207350057824,1.2968020724544078,0.0
474,9.48,hold,kick,306,3.4564021046230686,-1.297169739737074,0.10987224048420806,2.0170695811069472,0.513925395213698,0.7697630899046017,1.295220199256522,-0.0015701654912474543,1.2967903647477694,0.0
475,9.5,hold,kick,307,3.4725922269057543,-1.309987097761905,0.10986687597843539,2.0156091797972078,0.5111493553617122,0.7692585459878536,1.2950734305606368,-0.001458902173573088,1.29653233273421,0.0
476,9.52,hold,kick,308,3.488782236234083,-1.322804366363297,0.10986163426027158,2.0142109778965636,0.508350667003727,0.7688002656083872,1.2949836642526493,-0.0013704841063559396,1.2963541483590053,0.0
477,9.54,hold,kick,309,3.504972135187934,-1.335621547583681,0.10985651204249286,2.0128950733347124,0.5055340813064315,0.768357009000481,1.2949151624136346,-0.001271309336686583,1.296186471750321,0.0
478,9.56,hold,kick,310,3.5211619262783507,-1.3484386434109956,0.1098515061684176,2.011598903644583,0.5027005480329632,0.7678212276598927,1.2947527944485593,-0.0011464197026009107,1.2958992141511603,0.0
479,9.58,hold,kick,311,3.537351611950274,-1.361255655780843,0.10984661360401947,2.01026149243251,0.49986583862709205,0.767212612325363,1.2945095843873478,-0.0010539311998677206,1.2955635155872154,0.0
480,9.6,hold,kick,312,3.5535411945850957,-1.3740725865785208,0.10984183143058787,2.0088981581402283,0.4970298924408676,0.7666024097334228,1.294254838885016,-0.0009662047288872579,1.2952210436139031,0.0
481,9.62,hold,kick,313,3.569730676503072,-1.3868894376409238,0.10983715683793216,2.0075308219991017,0.4941900484979357,0.7659765663921148,1.2939727783687751,-0.0008940760246259165,1.294866854393401,0.0
482,9.64,hold,kick,314,3.585920059965593,-1.3997062107583413,0.10983258711809768,2.0061357007190574,0.4913629374018739,0.7653326311866112,1.2936587459554094,-0.0008688950593863827,1.294527641014796,0.0
483,9.66,hold,kick,315,3.602109347177309,-1.4125229076761483,0.1098281196595535,2.004736643619172,0.4885570772691017,0.7647297280065184,1.2933695695302618,-0.0008445268429001403,1.2942140963731619,0.0
484,9.68,hold,kick,316,3.6182985402881527,-1.425339530096397,0.1098237519418117,2.003394834767211,0.48575605922967846,0.7642166363382582,1.2931485635344597,-0.0008185710249970744,1.2939671345594568,0.0
485,9.7,hold,kick,317,3.634487641395235,-1.4381560796793227,0.1098194815304419,2.0021114780080174,0.48296350908781766,0.7637862343335378,1.292988757623398,-0.0007870901504354287,1.2937758477738335,0.0
486,9.72,hold,kick,318,3.650676652544647,-1.4509725580447714,0.10981530607244676,2.0008717036201156,0.48019400669329537,0.763396554636257,1.292848829892013,-0.0007458415392729012,1.293594671431286,0.0
487,9.74,hold,kick,319,3.6668655757331585,-1.4637889667735418,0.1098112232919685,1.9997226772751502,0.47744553885580615,0.7630588598826488,1.2927321907643454,-0.000702169101742478,1.293434359866088,0.0
488,9.76,hold,kick,320,3.6830544129098324,-1.4766053074086625,0.10980723098629826,1.9987137842109517,0.4747182903160349,0.7628171930125427,1.2926808146413653,-0.0006588336105207253,1.293339648251886,0.0
489,9.78,hold,kick,321,3.6992431659775495,-1.4894215814566008,0.10980332702216426,1.9978380507276519,0.47201498152571586,0.7626546275886377,1.2926814728751985,-0.0006162984211148456,1.2932977712963134,0.0
490,9.8,hold,kick,322,3.7154318367944588,-1.5022377903884132,0.10979950933227517,1.9970663489846692,0.46935113861913036,0.7625194174994463,1.2926876733316386,-0.0005840859244312033,1.2932717592560699,0.0
491,9.82,hold,kick,323,3.7316204271753595,-1.515053935640836,0.10979577591209908,1.9963936549546928,0.4667422126233887,0.7623835915701127,1.292674148957978,-0.000549249166197259,1.2932233981241754,0.0
492,9.84,hold,kick,324,3.747808938893011,-1.5278700186173222,0.10979212481685897,1.9958081981520361,0.46420780685517743,0.7622454955539972,1.2926422778303535,-0.000526216543004096,1.2931684943733575,0.0
493,9.86,hold,kick,325,3.7639973736793797,-1.540686040689032,0.10978855415872804,1.9953090522021457,0.46177017595760045,0.7621283245097604,1.292617423500236,-0.000519163069492852,1.2931365865697289,0.0
494,9.88,hold,kick,326,3.780185733226835,-1.5535020031957727,0.10978506210420877,1.9949360350072252,0.4594558351141632,0.7620466108866104,1.2926154921593005,-0.0005107583763222651,1.2931262505356227,0.0
495,9.9,hold,kick,327,3.796374019189274,-1.5663179074469005,0.1097816468716826,1.994699431580033,0.4572846619409142,0.7619960746151573,1.2926346724397748,-0.0005149160634744243,1.2931495885032493,0.0
496,9.92,hold,kick,328,3.8125622331832156,-1.5791337547221769,0.10977830672911681,1.9945622202513515,0.45526602155029167,0.7619504564685121,1.2926518066944874,-0.0005220255000344919,1.2931738321945219,0.0
497,9.94,hold,kick,329,3.8287503767888316,-1.5919495462725899,0.10977503999191661,1.994512025108082,0.45340388503062723,0.7619058849260442,1.2926632755212397,-0.0005284764185419476,1.2931917519397818,0.0
498,9.96,hold,kick,330,3.8449384515509424,-1.6047652833211372,0.10977184502091189,1.9945507217659237,0.45170748511253106,0.7618678492508962,1.292674872546116,-0.0005353022205772211,1.293210174766693,0.0
499,9.98,hold,kick,331,3.861126458979962,-1.6175809670635815,0.10976872022046899,1.9946748988302976,0.4501866915343758,0.761842903020266,1.2926947182436022,-0.000545564253534303,1.2932402824971365,0.0
500,10.0,hold,kick,332,3.877314400552811,-1.6303965986691675,0.10976566403671759,1.9948727093464944,0.4488465998403771,0.7618165509727463,1.2927106703794862,-0.0005566412910337527,1.29326731167052,0.0
501,10.02,hold,kick,333,3.893502277713792,-1.6432121792813155,0.1097626749558854,1.995132442687561,0.44767995471733696,0.7617615267632101,1.292694254116373,-0.000564509147323318,1.2932587632636965,0.0
502,10.04,hold,kick,334,3.90969009187542,-1.6560277100182834,0.10975975150273212,1.995454479708062,0.44668520710462284,0.7616804892798694,1.2926462683789173,-0.0005735667965424684,1.2932198351754598,0.0
503,10.06,hold,kick,335,3.925877844419236,-1.6688431919738074,0.10975689223907584,1.9958475631299588,0.4458598791378128,0.7616059764439752,1.292599220837408,-0.0005841574305895138,1.2931833782679976,0.0
504,10.08,hold,kick,336,3.9420655366965813,-1.6816586262177131,0.10975409576240543,1.9963152130461612,0.4451930156249201,0.7615560134268933,1.2925713360863946,-0.0005921474916442265,1.2931634835780388,0.0
505,10.1,hold,kick,337,3.9582531700293377,-1.6944740137965064,0.10975136070457298,1.9968349149145483,0.44468180072763486,0.7615221854659496,1.2925555080965836,-0.0005971957941450501,1.2931527038907287,0.0
506,10.12,hold,kick,338,3.974440745710658,-1.7072893557339437,0.10974868573056028,1.9973739834623383,0.44432853582988785,0.7614862696225695,1.2925352194500457,-0.0006001028579317239,1.2931353223079773,0.0
507,10.14,hold,kick,339,3.990628265005643,-1.7201046530315798,0.10974606953731468,1.9979190399123836,0.4441259305000805,0.7614435698076244,1.2925056475558352,-0.0006010663307847684,1.29310671388662,0.0
508,10.16,hold,kick,340,4.00681572915202,-1.7329199066692977,0.10974351085264945,1.9984688065886145,0.44405889265479304,0.7613979757993122,1.2924705026507992,-0.0006005443135622089,1.2930710469643614,0.0
509,10.18,hold,kick,341,4.023003139360798,-1.7457351176058193,0.10974100843420387,1.9990253281187458,0.4441155980235747,0.7613408247980663,1.2924204432426631,-0.000597170081156978,1.29301761332382,0.0
510,10.2,hold,kick,342,4.039190496816866,-1.7585502867792013,0.10973856106845967,1.9995879726714165,0.4442892163831721,0.7612611625530034,1.2923429302585538,-0.0005922218912191544,1.292935152149773,0.0
511,10.22,hold,kick,343,4.055377802739733,-1.7713654151549005,0.10973624653412914,2.000144601804391,0.444582704515324,0.7611517119980533,1.292231695656449,-0.0005925777320376184,1.2928242733884867,0.0
512,10.24,hold,kick,344,4.07156506198349,-1.7841805065757912,0.10973469449534122,2.0006913338305026,0.4449959611488105,0.761033835073561,1.2921073195331407,-0.0005949688544962285,1.292702288387637,0.0
513,10.26,hold,kick,345,4.087752289153042,-1.7969955726042492,0.10973393481077473,2.0012344837010456,0.4455240160875633,0.7609402259773707,1.292002724297537,-0.0005937414547659454,1.2925964657523028,0.0
514,10.28,hold,kick,346,4.103939499428729,-1.809810625258214,0.10973362052042548,2.0017723226675743,0.44614629487581614,0.7608640722187254,1.2919118320117446,-0.0005891862494186023,1.2925010182611631,0.0
515,10.3,hold,kick,347,4.120126702245193,-1.8226256720068774,0.10973350612316853,2.002296198826783,0.44685035901053877,0.7607882367712048,1.2918175660826492,-0.000581945908624034,1.2923995119912732,0.0
516,10.32,hold,kick,348,4.136313902176611,-1.8354407164715174,0.10973346949718776,2.002795117403395,0.44763168878030263,0.7607164219150031,1.291723796581433,-0.0005732769693894621,1.2922970735508224,0.0
517,10.34,hold,kick,349,4.152501101119862,-1.8482557601538436,0.10973345959689254,2.0032670758651703,0.4484786203778015,0.7606520415333458,1.291633777399936,-0.0005644193554898043,1.292198196755426,0.0
518,10.36,hold,kick,350,4.168688299768959,-1.8610708036032964,0.10973345767672908,2.003722307120094,0.44937292161642267,0.7605894632060259,1.2915401443454826,-0.0005542120783923639,1.292094356423875,0.0
519,10.38,hold,kick,351,4.184875498347704,-1.8738858469970525,0.10973345767497039,2.004160132339966,0.4502984678318844,0.7605360010482215,1.2914498333758513,-0.00054157412578789,1.2919914075016392,0.0
520,10.4,hold,kick,352,4.201062696917288,-1.8867008903835558,0.10973345792825304,2.004578847111184,0.451247257079854,0.7604927929791419,1.2913670294131727,-0.0005280742589015078,1.2918951036720743,0.0
521,10.42,hold,kick,353,4.2172498954899265,-1.8995159337724772,0.10973345810179576,2.0049658434003548,0.452219744389735,0.7604311095047891,1.2912677187151975,-0.0005189794986218167,1.2917866982138193,0.0
522,10.44,hold,kick,354,4.23343709406587,-1.912330977164014,0.1097334581869746,2.0053010520516623,0.45320742819516385,0.7603141084694741,1.2911162197054453,-0.0005101494334320035,1.2916263691388774,0.0
523,10.46,hold,kick,355,4.249624292643671,-1.9251460205570208,0.10973345822225827,2.0055926092423735,0.454182521009802,0.760144974180365,1.2909103484071416,-0.0005019405966508773,1.2914122890037925,0.0
524,10.48,hold,kick,356,4.265811491222301,-1.9379610639506863,0.10973345823511223,2.005888825608523,0.4551096581058428,0.7599917016317544,1.2907107587442836,-0.0004990882986187946,1.2912098470429025,0.0
525,10.5,hold,kick,357,4.281998689801255,-1.9507761073446075,0.10973345823923132,2.0062244861994682,0.45598471219634323,0.7599012229535853,1.2905666032212606,-0.0005026372147400801,1.2910692404360007,0.0
526,10.52,hold,kick,358,4.2981858883803215,-1.9635911507386168,0.10973345824034626,2.006567965415345,0.45682685272773305,0.7598474593325715,1.290458938930199,-0.000505651056884885,1.2909645899870839,0.0
527,10.54,hold,kick,359,4.314373086959411,-1.9764061941326516,0.10973345824056321,2.0068984337341083,0.45765198004621616,0.7597905925334214,1.2903520305176468,-0.0005099173074416437,1.2908619478250885,0.0
528,10.56,hold,kick,360,4.330560285538501,-1.9892212375266958,0.10973345824056394,2.007215102997261,0.45846002069299774,0.7597140277705933,1.2902300199155186,-0.0005148654086711349,1.2907448853241896,0.0
529,10.58,hold,kick,361,4.34674748411759,-2.0020362809207413,0.1097334582405357,2.007503357493629,0.45924765340525103,0.7596289475911269,1.2901046074193243,-0.0005209507032766583,1.290625558122601,0.0
530,10.6,hold,kick,362,4.36293468269668,-2.0148513243147868,0.10973345824051625,2.007753829731173,0.4600100023029237,0.7595710337084249,1.290012359914494,-0.0005283312344490573,1.290540691148943,0.0
531,10.62,hold,kick,363,4.379121881275769,-2.0276663677088322,0.1097334582405067,2.007964800520127,0.46074442551163675,0.7595550440160054,1.2899704222832922,-0.0005344351653779576,1.2905048574486702,0.0
532,10.64,hold,kick,364,4.395309079854859,-2.0404814111028777,0.10973345824050271,2.00813387808339,0.461450407919529,0.7595641398821339,1.2899619470219683,-0.0005397610640116811,1.29050170808598,0.0
533,10.66,hold,kick,365,4.411496278433948,-2.053296454496923,0.10973345824050125,2.008266785722505,0.4621185179374178,0.7595877842770384,1.28997253660332,-0.0005425554843180892,1.290515092087638,0.0
534,10.68,hold,kick,366,4.427683477013038,-2.0661114978909687,0.10973345824050078,2.008379633921706,0.4627342930861842,0.7596385528461653,1.2900097383987252,-0.0005453229344207118,1.290555061333146,0.0
535,10.7,hold,kick,367,4.443870675592128,-2.078926541285014,0.10973345824050078,2.008492359361153,0.46329281603674555,0.7597286307752328,1.2900851424158137,-0.0005478621645792284,1.2906330045803929,0.0
536,10.72,hold,kick,368,4.460057874171217,-2.0917415846790597,0.10973345824050078,2.008609169445623,0.4637932224203714,0.7598439938069944,1.2901865862070279,-0.0005488773581100066,1.2907354635651378,0.0
537,10.74,hold,kick,369,4.476245072750307,-2.104556628073105,0.10973345824050078,2.0087202129195663,0.46422829693046513,0.7599565585725289,1.2902856636384592,-0.0005513087340924365,1.2908369723725517,0.0
538,10.76,hold,kick,370,4.492432271329396,-2.1173716714671507,0.10973345824050078,2.0088239306352285,0.4645935782825858,0.7600505041554061,1.2903645373059631,-0.0005533260443686058,1.2909178633503318,0.0
539,10.78,hold,kick,371,4.508619469908486,-2.130186714861196,0.10973345824050078,2.008930830218183,0.4648968550418049,0.7601334183865388,1.2904302293452803,-0.0005533567854924398,1.2909835861307728,0.0
540,10.8,hold,kick,372,4.524806668487575,-2.1430017582552416,0.10973345824050078,2.0090348912278446,0.4651539670341226,0.7602101611305236,1.2904906152648785,-0.0005525111654651367,1.2910431264303437,0.0
541,10.82,hold,kick,373,4.540993867066665,-2.155816801649287,0.10973345824050078,2.0091136072627704,0.4653792931459029,0.7602663500017888,1.2905356967739916,-0.0005514377648541992,1.2910871345388457,0.0
542,10.84,hold,kick,374,4.5571810656457545,-2.1686318450433326,0.10973345824050078,2.009154022570344,0.4655716194638258,0.7602871958524249,1.2905514430118257,-0.0005508682642433455,1.2911023112760691,0.0
543,10.86,hold,kick,375,4.573368264224844,-2.181446888437378,0.10973345824050078,2.0091593087666655,0.46571953852030945,0.7602856713588981,1.290546639217585,-0.0005509165163735813,1.2910975557339586,0.0
544,10.88,hold,kick,376,4.589555462803934,-2.1942619318314236,0.10973345824050078,2.009135316587245,0.4658186967845925,0.7602807446910894,1.2905388497272474,-0.000551325465089552,1.291090175192337,0.0
545,10.9,hold,kick,377,4.605742661383023,-2.207076975225469,0.10973345824050078,2.009085061447886,0.46587152647317465,0.7602711508694293,1.2905283209378888,-0.0005507483924739459,1.2910790693303629,0.0
546,10.92,hold,kick,378,4.621929859962113,-2.2198920186195146,0.10973345824050078,2.009011143581347,0.4658810256165692,0.7602489423669868,1.2905087061616995,-0.0005486139382823059,1.2910573200999818,0.0
547,10.94,hold,kick,379,4.638117058541202,-2.23270706201356,0.10973345824050078,2.0089085699135807,0.4658516780282624,0.7602158933247878,1.2904830703628043,-0.0005456994172229369,1.2910287697800273,0.0
548,10.96,hold,kick,380,4.654304257120292,-2.2455221054076056,0.10973345824050078,2.008774810989229,0.4657740348877044,0.7601838636295541,1.2904594789560782,-0.0005428271644593481,1.2910023061205376,0.0
549,10.98,hold,kick,381,4.6704914556993815,-2.258337148801651,0.10973345824050078,2.0086021567514276,0.465646813035112,0.76016018376752,1.2904431316769982,-0.0005399908650115526,1.2909831225420096,0.0
550,11.0,hold,kick,382,4.686678654278471,-2.2711521921956965,0.10973345824050078,2.008391770853932,0.46547641084904046,0.7601447688851668,1.290434131439836,-0.0005371724239489825,1.290971303863785,0.0
551,11.02,hold,kick,383,4.702865852857561,-2.283967235589742,0.10973345824050078,2.0081587229471594,0.4652721038592849,0.7601312427852274,1.290427714856293,-0.0005344687312517984,1.2909621835875449,0.0
552,11.04,hold,kick,384,4.71905305143665,-2.2967822789837875,0.10973345824050078,2.0079019722670908,0.4650411346913173,0.7601153535800699,1.2904198099052324,-0.0005331207394277532,1.29095293064466,0.0
553,11.06,hold,kick,385,4.73524025001574,-2.309597322377833,0.10973345824050078,2.007614111963609,0.4647902834160123,0.7600930196933284,1.2904061365001043,-0.0005326563299176482,1.290938792830022,0.0
554,11.08,hold,kick,386,4.751427448594829,-2.3224123657718785,0.10973345824050078,2.007300098970704,0.46452600455338344,0.7600665507315381,1.2903888930641971,-0.0005321558129183987,1.2909210488771155,0.0
555,11.1,hold,kick,387,4.767614647173919,-2.335227409165924,0.10973345824050078,2.006971610401709,0.4642543156771589,0.7600470714763313,1.2903793232261207,-0.0005316378312619184,1.2909109610573826,0.0
556,11.12,hold,kick,388,4.7838018457530085,-2.3480424525599695,0.10973345824050078,2.0066337005351387,0.46398230943009966,0.760043899626642,1.2903875761908392,-0.0005320620575175877,1.2909196382483568,0.0
557,11.14,hold,kick,389,4.799989044332098,-2.360857495954015,0.10973345824050078,2.0062856470673127,0.4637107192269104,0.7600490149092634,1.2904065863142156,-0.0005337371647207295,1.2909403234789363,0.0
558,11.16,hold,kick,390,4.816176242911188,-2.3736725393480604,0.10973345824050078,2.005925650318673,0.46343643997577555,0.7600454019782553,1.2904191307127582,-0.0005338574724036982,1.2909529881851618,0.0
559,11.18,hold,kick,391,4.832363441490277,-2.386487582742106,0.10973345824050078,2.005550352147373,0.463153322092015,0.7600190151548948,1.290409247971061,-0.0005319848407993079,1.2909412328118604,0.0
560,11.2,hold,kick,392,4.848550640069367,-2.3993026261361514,0.10973345824050078,2.0051674398421473,0.4628592702615281,0.7599877445109665,1.2903917470074078,-0.0005314904338758163,1.2909232374412836,0.0
561,11.22,hold,kick,393,4.864737838648456,-2.412117669530197,0.10973345824050078,2.004791331307345,0.4625605449550782,0.7599855488926972,1.2904006381814548,-0.0005332695932649921,1.2909339077747197,0.0
562,11.24,hold,kick,394,4.880925037227546,-2.4249327129242424,0.10973345824050078,2.0044210220932386,0.462270535527094,0.7600055724571063,1.2904325604548281,-0.0005334137198382445,1.2909659741746664,0.0
563,11.26,hold,kick,395,4.8971122358066355,-2.437747756318288,0.10973345824050078,2.004054683474933,0.46198982194616134,0.7600302912668621,1.2904690288712202,-0.0005319251576406045,1.2910009540288607,0.0
564,11.28,hold,kick,396,4.913299434385725,-2.4505627997123334,0.10973345824050078,2.0036993974606303,0.4617145231867275,0.7600766506528064,1.2905249262472684,-0.0005320294541530761,1.2910569557014215,0.0
565,11.3,hold,kick,397,4.929486632964815,-2.463377843106379,0.10973345824050078,2.00335850117421,0.46144607081605915,0.7601695457494466,1.290626314689455,-0.0005344322919048732,1.29116074698136,0.0
566,11.32,hold,kick,398,4.945673831543904,-2.4761928865004244,0.10973345824050078,2.0030339958957346,0.4611888917584825,0.7603104233872748,1.290776090936038,-0.0005373374887603921,1.2913134284247985,0.0
567,11.34,hold,kick,399,4.961861030122994,-2.48900792989447,0.10973345824050078,2.0027255408496925,0.46094921493817087,0.7604600721815709,1.2909371515264803,-0.0005363966490169181,1.291473548175497,0.0
568,11.36,hold,kick,400,4.978048228702083,-2.5018229732885153,0.10973345824050078,2.002423007695737,0.4607362096199711,0.7605768295299948,1.2910678724483806,-0.0005344603501243467,1.291602332798505,0.0
569,11.38,hold,kick,401,4.994235427281173,-2.514638016682561,0.10973345824050078,2.0021287406119286,0.4605498324958174,0.760684259538797,1.2911887874325159,-0.0005366050664277026,1.2917253924989436,0.0
