tick,t_s,phase,task_mode,curr_motion_timestep,ball_x,ball_y,ball_z,base_x,base_y,base_z,robot_top_z,robot_bottom_z,robot_height,kick_aim_theta_deg
0,0.0,idle,locomotion,0,1.9900000095367432,-0.14000000059604645,0.10989091315873106,-0.0005156118406163365,2.9437855182440046e-05,0.7547719540829378,1.2868349461978807,-0.000611486396534966,1.2874464325944157,0.0
1,0.02,idle,locomotion,0,1.9900000095367432,-0.14000000059604645,0.10980902141344312,-0.0020320928650136953,9.573223872416747e-05,0.7503383494170902,1.2824020544331556,-0.0004556129212034618,1.282857667354359,0.0
2,0.04,idle,locomotion,0,1.9900000095367432,-0.14000000059604645,0.10976503447145444,-0.004269668927396992,0.00018623548295487746,0.7436093122232449,1.2755733653963148,-0.0005353292221841263,1.276108694618499,0.0
3,0.06,idle,locomotion,0,1.9900000095367432,-0.14000000059604645,0.10974518062216254,-0.006755465662434137,0.0003202996992340233,0.7359695034906102,1.2677187786805442,-0.00043245108539400126,1.268151229765938,0.0
4,0.08,idle,locomotion,0,1.9900000095367432,-0.14000000059604645,0.10973731266832155,-0.009078075281260941,0.0005112166810815598,0.7289000119731947,1.260369646403489,-0.00041071594935234573,1.2607803623528413,0.0
5,0.1,idle,locomotion,0,1.9900000095367432,-0.14000000059604645,0.10973454404443848,-0.011078172344903573,0.0007582814074344178,0.7233798846054723,1.2545570316080732,-0.0004281453654798803,1.2549851769735532,0.0
6,0.12,idle,locomotion,0,1.9900000095367432,-0.14000000059604645,0.10973369052927323,-0.012721590019839439,0.00106335617520381,0.7198235826378162,1.2507365157804446,-0.00046482099699717006,1.2512013367774417,0.0
7,0.14,idle,locomotion,0,1.9900000095367432,-0.14000000059604645,0.1097334732878534,-0.014041604451838824,0.0014213352504916562,0.7182107709444081,1.2489139448391378,-0.0004874995989845206,1.2494014444381223,0.0
8,0.16,idle,locomotion,0,1.9900000095367432,-0.14000000059604645,0.10973343775080387,-0.015064219990292378,0.001820885053341193,0.7181955112200705,1.2487693173473118,-0.0004955005543509292,1.2492648179016628,0.0
9,0.18,idle,locomotion,0,1.9900000095367432,-0.14000000059604645,0.10973344222612894,-0.015874109548482434,0.0022485860790066926,0.7193132333167807,1.2498348376102557,-0.0004936923187943386,1.25032852992905,0.0
10,0.2,idle,locomotion,0,1.9900000095367432,-0.14000000059604645,0.10973344999820983,-0.016574756232687372,0.002680876532774464,0.7210839209030863,1.2516139352547504,-0.0004901361623335133,1.252104071417084,0.0
11,0.22,idle,locomotion,0,1.9900000095367432,-0.14000000059604645,0.1097334547231311,-0.017224145686866057,0.003086983615191798,0.7230694914458439,1.2536591479470776,-0.0004856008316861879,1.2541447487787638,0.0
12,0.24,idle,locomotion,0,1.9900000095367432,-0.14000000059604645,0.10973345692610834,-0.017889149455582943,0.0034331007663185014,0.7249339744957916,1.2556162678333407,-0.0004826815529557632,1.2560989493862964,0.0
13,0.26,idle,locomotion,0,1.9900000095367432,-0.14000000059604645,0.10973345780729221,-0.018632844086851827,0.0037218557387769025,0.7264587190262696,1.2572444673296026,-0.00048166796121359295,1.2577261352908162,0.0
14,0.28,idle,locomotion,0,1.9900000095367432,-0.14000000059604645,0.10973345811827714,-0.019479147730187156,0.003983303151611836,0.7275451273785556,1.258429466487704,-0.0004819098691874295,1.2589113763568915,0.0
15,0.3,idle,locomotion,0,1.9900000095367432,-0.14000000059604645,0.10973345821428342,-0.020440873745058555,0.004227946099701427,0.7282006842694191,1.2591653791965944,-0.0004831052028515456,1.259648484399446,0.0
16,0.32,idle,locomotion,0,1.9900000095367432,-0.14000000059604645,0.10973345823876013,-0.021524622052528638,0.004461371006620545,0.7284994570344843,1.2595195734503943,-0.00048473524301144433,1.2600043086934059,0.0
17,0.34,idle,locomotion,0,1.9900000095367432,-0.14000000059604645,0.10973345824278434,-0.022691911279809258,0.004686649997412597,0.7285398414127979,1.2595959245127801,-0.0004864613410345449,1.2600823858538146,0.0
18,0.36,idle,locomotion,0,1.9900000095367432,-0.14000000059604645,0.10973345824229395,-0.0238988502196269,0.004907212100723379,0.7284391124500874,1.2595185348796907,-0.000489657449101788,1.2600081923287925,0.0
19,0.38,idle,locomotion,0,1.9900000095367432,-0.14000000059604645,0.10973345824142507,-0.02511579659628273,0.005123184145264426,0.7282793932193476,1.2593739160373199,-0.0004927782342341834,1.259866694271554,0.0
20,0.4,idle,locomotion,0,1.9900000095367432,-0.14000000059604645,0.10973345824089552,-0.02633597885372925,0.005332664916293056,0.7281219266056655,1.2592228893367876,-0.0004954453699708532,1.2597183347067584,0.0
21,0.42,idle,locomotion,0,1.9900000095367432,-0.14000000059604645,0.10973345824064834,-0.027553698837532194,0.005530076125180142,0.7280067149683768,1.2591053133215204,-0.0004977187197449662,1.2596030320412654,0.0
22,0.44,idle,locomotion,0,1.9900000095367432,-0.14000000059604645,0.10973345824054938,-0.028757824635478782,0.005709130304303858,0.7279414283501484,1.2590316737177754,-0.0004993079335013535,1.2595309816512767,0.0
23,0.46,idle,locomotion,0,1.9900000095367432,-0.14000000059604645,0.10973345824051445,-0.029938877007261867,0.005866145788379495,0.7279254001212844,1.259002603747549,-0.00050077131560625,1.2595033750631552,0.0
24,0.48,idle,locomotion,0,1.9900000095367432,-0.14000000059604645,0.10973345824050364,-0.03109217744360746,0.00599918993444428,0.7279653758344429,1.2590264592077158,-0.0005020377486798754,1.2595284969563958,0.0
25,0.5,idle,locomotion,0,1.9900000095367432,-0.14000000059604645,0.10973345824050088,-0.032211103222427005,0.006106527640239379,0.7280570005482982,1.2591010809612961,-0.0005027222479315578,1.2596038032092276,0.0
26,0.52,idle,locomotion,0,1.9900000095367432,-0.14000000059604645,0.10973345824050044,-0.03328742876874616,0.006187223744210033,0.7281895928840845,1.25921797774932,-0.000502898394029689,1.2597208761433496,0.0
27,0.54,idle,locomotion,0,1.9900000095367432,-0.14000000059604645,0.10973345824050044,-0.034315379278380874,0.006241790077952839,0.7283493594276838,1.2593648179414436,-0.0005030916226437775,1.2598679095640875,0.0
28,0.56,idle,locomotion,0,1.9900000095367432,-0.14000000059604645,0.10973345824050044,-0.03529182694520243,0.006270782411793005,0.7285220776142526,1.2595280751849705,-0.000503186805132224,1.2600312619901026,0.0
29,0.58,idle,locomotion,0,1.9900000095367432,-0.14000000059604645,0.10973345824050044,-0.03621575779032944,0.006274885337813776,0.7286953069233286,1.2596953713813477,-0.0005032012408787527,1.2601985726222265,0.0
30,0.6,idle,locomotion,0,1.9900000095367432,-0.14000000059604645,0.10973345824050044,-0.03708788835243516,0.006255743015993246,0.7288596353510041,1.2598568683206197,-0.0005034735899679885,1.2603603419105878,0.0
31,0.62,idle,locomotion,0,1.9900000095367432,-0.14000000059604645,0.10973345824050044,-0.03790995840996702,0.006215174360500202,0.7290090857237017,1.2600058640450003,-0.0005039582073212562,1.2605098222523214,0.0
32,0.64,idle,locomotion,0,1.9900000095367432,-0.14000000059604645,0.10973345824050044,-0.03868359687934696,0.0061549375804932065,0.7291410946158698,1.2601390749355188,-0.0005045355258856896,1.2606436104614045,0.0
33,0.66,idle,locomotion,0,1.9900000095367432,-0.14000000059604645,0.10973345824050044,-0.039410163441056835,0.006076754796674621,0.7292557708102163,1.2602559749565556,-0.0005052098773421776,1.2607611848338978,0.0
34,0.68,idle,locomotion,0,1.9900000095367432,-0.14000000059604645,0.10973345824050044,-0.04009075554909997,0.005982330584074079,0.7293549540808602,1.2603578894760985,-0.0005059368441537385,1.2608638263202523,0.0
35,0.7,idle,locomotion,0,1.9900000095367432,-0.14000000059604645,0.10973345824050044,-0.04072621244503596,0.005873529081285957,0.7294413304366569,1.2604471462197187,-0.0005066915259031926,1.2609538377456218,0.0
36,0.72,idle,locomotion,0,1.9900000095367432,-0.14000000059604645,0.10973345824050044,-0.04131719962426836,0.005752170019334006,0.7295177336665051,1.2605263601460996,-0.0005074374953140878,1.2610337976414137,0.0
37,0.74,idle,locomotion,0,1.9900000095367432,-0.14000000059604645,0.10973345824050044,-0.04186427966059479,0.005619977118167393,0.7295866911454777,1.2605979550146802,-0.0005081339684995696,1.2611060889831798,0.0
38,0.76,idle,locomotion,0,1.9900000095367432,-0.14000000059604645,0.10973345824050044,-0.04236794784388954,0.005478843993757324,0.7296501671160085,1.2606639021840425,-0.0005087705671629472,1.2611726727512054,0.0
39,0.78,idle,locomotion,0,1.9900000095367432,-0.14000000059604645,0.10973345824050044,-0.0428287630984328,0.005330320594927169,0.7297094657334999,1.2607255612894739,-0.0005091665669778346,1.2612347278564517,0.0
40,0.8,idle,locomotion,0,1.9900000095367432,-0.14000000059604645,0.10973345824050044,-0.043247390114619005,0.00517592308842628,0.7297653158100355,1.26078374207112,-0.0005097810891823359,1.2612935231603024,0.0
41,0.82,idle,locomotion,0,1.9900000095367432,-0.14000000059604645,0.10973345824050044,-0.043624630598545815,0.005016908774983261,0.7298180143794596,1.26083882446822,-0.0005104927437316366,1.2613493172119516,0.0
42,0.84,idle,locomotion,0,1.9900000095367432,-0.14000000059604645,0.10973345824050044,-0.043961473139649064,0.004854498479190793,0.7298675122432731,1.2608908391452514,-0.0005110972025457704,1.261401936347797,0.0
43,0.86,idle,locomotion,0,1.9900000095367432,-0.14000000059604645,0.10973345824050044,-0.044259270868884266,0.00469050730018938,0.7299135709067298,1.260939561243876,-0.0005116135993911072,1.261451174843267,0.0
44,0.88,idle,locomotion,0,1.9900000095367432,-0.14000000059604645,0.10973345824050044,-0.04451997903906498,0.004526734194196167,0.7299558060683967,1.260984456219951,-0.0005120719366160827,1.261496528156567,0.0
45,0.9,idle,locomotion,0,1.9900000095367432,-0.14000000059604645,0.10973345824050044,-0.044745529243265025,0.004364658793162689,0.7299936417124878,1.2610248443169005,-0.0005124329925248715,1.2615372773094253,0.0
46,0.92,idle,locomotion,0,1.9900000095367432,-0.14000000059604645,0.10973345824050044,-0.044938136648462725,0.004205487063478859,0.7300264124109372,1.261059902473684,-0.0005127318320641561,1.261572634305748,0.0
47,0.94,idle,locomotion,0,1.9900000095367432,-0.14000000059604645,0.10973345824050044,-0.04509978276691506,0.004050264893676968,0.7300539672940939,1.2610893673729207,-0.0005130037088845914,1.2616023710818052,0.0
48,0.96,idle,locomotion,0,1.9900000095367432,-0.14000000059604645,0.10973345824050044,-0.04523245245805091,0.0039001054313393996,0.7300767483070418,1.261113605462795,-0.0005131207665749864,1.2616267262293699,0.0
49,0.98,idle,locomotion,0,1.9900000095367432,-0.14000000059604645,0.10973345824050044,-0.04533837210915654,0.0037561196135438416,0.7300958646439396,1.2611336757214608,-0.0005131244981891013,1.26164680021965,0.0
50,1.0,idle,locomotion,0,1.9900000095367432,-0.14000000059604645,0.10973345824050044,-0.045419598166619515,0.003619215330854398,0.7301121972413114,1.261150459018575,-0.0005130597205829299,1.2616635187391578,0.0
51,1.02,idle,locomotion,0,1.9900000095367432,-0.14000000059604645,0.10973345824050044,-0.04547803978069101,0.003490186685162001,0.7301268425059138,1.2611650487148012,-0.0005129879751762864,1.2616780366899774,0.0
52,1.04,idle,locomotion,0,1.9900000095367432,-0.14000000059604645,0.10973345824050044,-0.04551555006494718,0.0033697347546593755,0.7301405920721399,1.2611782616021046,-0.0005129009306849668,1.2616911625327896,0.0
53,1.06,idle,locomotion,0,1.9900000095367432,-0.14000000059604645,0.10973345824050044,-0.04553416821072641,0.003258350474509543,0.7301537112514279,1.2611903819195789,-0.0005127822107335971,1.2617031641303125,0.0
54,1.08,idle,locomotion,0,1.9900000095367432,-0.14000000059604645,0.10973345824050044,-0.0455358883056448,0.003156354944246403,0.7301661681256137,1.2612014160096767,-0.0005126365213876868,1.2617140525310644,0.0
55,1.1,idle,locomotion,0,1.9900000095367432,-0.14000000059604645,0.10973345824050044,-0.045522517089286056,0.0030639747781785933,0.7301778037517177,1.261211264058231,-0.000512469946813289,1.2617237340050442,0.0
56,1.12,idle,locomotion,0,1.9900000095367432,-0.14000000059604645,0.10973345824050044,-0.04549573963915096,0.002981353855186976,0.7301884445880387,1.2612198169970932,-0.0005122865670036357,1.2617321035640967,0.0
57,1.14,idle,locomotion,0,1.9900000095367432,-0.14000000059604645,0.10973345824050044,-0.04545714416035444,0.0029085607764452208,0.7301979473947376,1.2612269927951112,-0.0005120885747818896,1.261739081369893,0.0
58,1.16,idle,locomotion,0,1.9900000095367432,-0.14000000059604645,0.10973345824050044,-0.04540822692477276,0.0028455868470861523,0.730206211885164,1.2612327471211664,-0.0005118780243639105,1.2617446251455302,0.0
59,1.18,idle,locomotion,0,1.9900000095367432,-0.14000000059604645,0.10973345824050044,-0.0453503841747135,0.0027923411724571387,0.7302132659028051,1.2612371502398696,-0.0005116557677005661,1.2617488060075701,0.0
60,1.2,idle,locomotion,0,1.9900000095367432,-0.14000000059604645,0.10973345824050044,-0.04528484148061158,0.0027485689944493855,0.7302197566664124,1.2612408841122789,-0.0005114015476340092,1.2617522856599128,0.0
61,1.22,idle,locomotion,0,1.9900000095367432,-0.14000000059604645,0.10973345824050044,-0.04521272686685457,0.002713740328217939,0.7302260242767876,1.2612443417051482,-0.000511130914185965,1.261755472619334,0.0
62,1.24,idle,locomotion,0,1.9900000095367432,-0.14000000059604645,0.10973345824050044,-0.04513508241191279,0.002687161413012324,0.7302320714774608,1.2612475625215498,-0.0005108586380366993,1.2617584211595865,0.0
63,1.26,idle,locomotion,0,1.9900000095367432,-0.14000000059604645,0.10973345824050044,-0.045052863527490175,0.002668112227173665,0.7302378329564079,1.261250512223409,-0.0005105899191818995,1.261761102142591,0.0
64,1.28,idle,locomotion,0,1.9900000095367432,-0.14000000059604645,0.10973345824050044,-0.04496694753965787,0.0026558923263720596,0.730243240176426,1.2612531490753591,-0.000510326231646055,1.2617634753070053,0.0
65,1.3,idle,locomotion,0,1.9900000095367432,-0.14000000059604645,0.10973345824050044,-0.04487813068291694,0.0026498527001723275,0.7302482394999538,1.2612554440940136,-0.0005100709625384392,1.261765515056552,0.0
66,1.32,idle,locomotion,0,1.9900000095367432,-0.14000000059604645,0.10973345824050044,-0.04478698115633534,0.002649417283294497,0.7302528617072073,1.2612574860496304,-0.0005098273302858135,1.261767313379916,0.0
67,1.34,idle,locomotion,0,1.9900000095367432,-0.14000000059604645,0.10973345824050044,-0.04469396053464767,0.002654038011675712,0.730257123313737,1.2612593736457873,-0.0005095885134862518,1.2617689621592736,0.0
68,1.36,idle,locomotion,0,1.9900000095367432,-0.14000000059604645,0.10973345824050044,-0.04459977049283141,0.002663177126343114,0.7302609230771818,1.2612610151303731,-0.0005093563909145046,1.2617703715212876,0.0
69,1.38,idle,locomotion,0,1.9900000095367432,-0.14000000059604645,0.10973345824050044,-0.04450519710185692,0.002676330965858467,0.7302640770173611,1.2612621855933297,-0.0005091365036971017,1.2617713220970268,0.0
70,1.4,idle,locomotion,0,1.9900000095367432,-0.14000000059604645,0.10973345824050044,-0.044410833599650805,0.0026930892800379348,0.730266226068814,1.2612625204648842,-0.0005089348926668076,1.261771455357551,0.0
71,1.42,idle,locomotion,0,1.9900000095367432,-0.14000000059604645,0.10973345824050044,-0.044317162077348426,0.002713154870014274,0.7302671987014165,1.2612618496114836,-0.0005087453355149089,1.2617705949469984,0.0
72,1.44,idle,locomotion,0,1.9900000095367432,-0.14000000059604645,0.10973345824050044,-0.04422462396954818,0.002736278700837967,0.730267021362605,1.2612602005543319,-0.0005085615180690957,1.261768762072401,0.0
73,1.46,idle,locomotion,0,1.9900000095367432,-0.14000000059604645,0.10973345824050044,-0.04413362024725757,0.0027622007294896053,0.7302657849603491,1.2612576603868053,-0.0005083815093362663,1.2617660418961416,0.0
74,1.48,idle,locomotion,0,1.9900000095367432,-0.14000000059604645,0.10973345824050044,-0.04404450466203675,0.0027906363632818837,0.7302636034938825,1.261254334948413,-0.0005082059940895618,1.2617625409425026,0.0
75,1.5,idle,locomotion,0,1.9900000095367432,-0.14000000059604645,0.10973345824050044,-0.04395757915542124,0.0028212749830751394,0.7302605973872109,1.2612503339331589,-0.0005080350475563794,1.2617583689807153,0.0
76,1.52,idle,locomotion,0,1.9900000095367432,-0.14000000059604645,0.10973345824050044,-0.04387309264424641,0.0028537848291095872,0.7302568852641261,1.261245764301889,-0.0005078689629101976,1.2617536332647992,0.0
77,1.54,idle,locomotion,0,1.9900000095367432,-0.14000000059604645,0.10973345824050044,-0.04379124210516015,0.0028878184093302545,0.7302525811224727,1.261240728600411,-0.0005077086648518497,1.261748437265263,0.0
78,1.56,idle,locomotion,0,1.9900000095367432,-0.14000000059604645,0.10973345824050044,-0.04371217780714521,0.002923018823152085,0.7302477940852798,1.2612353246744714,-0.0005075549776887185,1.2617428796521601,0.0
79,1.58,idle,locomotion,0,1.9900000095367432,-0.14000000059604645,0.10973345824050044,-0.04363601372496359,0.002959024285561375,0.7302425935516116,1.261229611670137,-0.0005074069936239073,1.2617370186637609,0.0
80,1.6,idle,locomotion,0,1.9900000095367432,-0.14000000059604645,0.10973345824050044,-0.043562832656773395,0.0029954711226620337,0.7302369922915561,1.2612235955218598,-0.0005072613537441609,1.261730856875604,0.0
81,1.62,idle,locomotion,0,1.9900000095367432,-0.14000000059604645,0.10973345824050044,-0.04349268524282664,0.003031994122962748,0.7302310126803748,1.2612172893214109,-0.0005071227066989099,1.2617244120281097,0.0
82,1.64,idle,locomotion,0,1.9900000095367432,-0.14000000059604645,0.10973345824050044,-0.04342559442983761,0.00306824069410213,0.7302247257533389,1.2612107538194948,-0.0005069940887288543,1.2617177479082236,0.0
83,1.66,idle,locomotion,0,1.9900000095367432,-0.14000000059604645,0.10973345824050044,-0.04336155735482114,0.0031038821631066828,0.7302182522491195,1.2612040979587895,-0.0005068774621388647,1.2617109754209284,0.0
84,1.68,idle,locomotion,0,1.9900000095367432,-0.14000000059604645,0.10973345824050044,-0.04330054844281967,0.003138620278537973,0.7302117268374959,1.2611974438024123,-0.0005067726159693232,1.2617042164183816,0.0
85,1.7,idle,locomotion,0,1.9900000095367432,-0.14000000059604645,0.10973345824050044,-0.04324251746830719,0.0031721895035102562,0.7302052755664459,1.2611909053661474,-0.0005066789238283957,1.2616975842899758,0.0
86,1.72,idle,locomotion,0,1.9900000095367432,-0.14000000059604645,0.10973345824050044,-0.04318739183493871,0.0032043558560429027,0.7301990053663707,1.2611845793614904,-0.000506595705429054,1.2616911750669195,0.0
87,1.74,idle,locomotion,0,1.9900000095367432,-0.14000000059604645,0.10973345824050044,-0.043135080666889314,0.0032349171605531883,0.7301930005460135,1.2611785414159038,-0.0005065224647912044,1.261685063880695,0.0
88,1.76,idle,locomotion,0,1.9900000095367432,-0.14000000059604645,0.10973345824050044,-0.04308548090145605,0.003263701857804996,0.7301873175356994,1.2611728408858456,-0.0005064582158989459,1.2616792991017445,0.0
89,1.78,idle,locomotion,0,1.9900000095367432,-0.14000000059604645,0.10973345824050044,-0.043038480826960004,0.003290567441492162,0.7301819921864895,1.2611675072073054,-0.0005064025625897937,1.2616739097698952,0.0
90,1.8,idle,locomotion,0,1.9900000095367432,-0.14000000059604645,0.10973345824050044,-0.0429939635297678,0.0033154011422184848,0.7301770438402151,1.2611625545207268,-0.0005063548044586252,1.2616689093251854,0.0
91,1.82,idle,locomotion,0,1.9900000095367432,-0.14000000059604645,0.10973345824050044,-0.04295180946357286,0.00333811885378702,0.7301724810037687,1.261157986713195,-0.0005063143640410585,1.2616643010772361,0.0
92,1.84,idle,locomotion,0,1.9900000095367432,-0.14000000059604645,0.10973345824050044,-0.042911896907693155,0.0033586619297143543,0.7301683038105565,1.261153800666966,-0.0005062808028636831,1.2616600814698298,0.0
93,1.86,idle,locomotion,0,1.9900000095367432,-0.14000000059604645,0.10973345824050044,-0.04287410430461515,0.003376995694885776,0.7301645026551881,1.261149984554814,-0.0005062538421426559,1.2616562383969567,0.0
94,1.88,idle,locomotion,0,1.9900000095367432,-0.14000000059604645,0.10973345824050044,-0.042838315594551736,0.0033931094913043315,0.7301610520850234,1.2611465115724645,-0.0005062318160581371,1.2616527433885227,0.0
95,1.9,idle,locomotion,0,1.9900000095367432,-0.14000000059604645,0.10973345824050044,-0.042804419616492034,0.0034070176629172446,0.7301578461998208,1.261143280423467,-0.000506216280421426,1.2616494967038885,0.0
96,1.92,idle,locomotion,0,1.9900000095367432,-0.14000000059604645,0.10973345824050044,-0.042772309502791254,0.0034187869832152406,0.7301546430098382,1.2611400579563241,-0.0005062065027615185,1.2616462644590856,0.0
97,1.94,idle,locomotion,0,1.9900000095367432,-0.14000000059604645,0.10973345824050044,-0.04274189533700369,0.0034285138190560016,0.7301513527347069,1.2611367572496777,-0.0005062014899110644,1.2616429587395888,0.0
98,1.96,idle,locomotion,0,1.9900000095367432,-0.14000000059604645,0.10973345824050044,-0.042713099370260695,0.003436306681401912,0.7301479862102103,1.2611333894585006,-0.0005062025297758871,1.2616395919882766,0.0
99,1.98,idle,locomotion,0,1.9900000095367432,-0.14000000059604645,0.10973345824050044,-0.04268583396954627,0.003442287458525267,0.7301445965012748,1.2611300098276956,-0.0005062107267041795,1.2616362205543998,0.0
100,2.0,idle,locomotion,0,1.9900000095367432,-0.14000000059604645,0.10973345824050044,-0.042660022529226356,0.003446595655850693,0.7301412289187668,1.2611266646002108,-0.0005062232001391345,1.26163288780035,0.0
101,2.02,idle,locomotion,0,1.9900000095367432,-0.14000000059604645,0.10973345824050044,-0.04263560139761632,0.003449378095318393,0.7301379171947582,1.261123384714909,-0.0005062385653634115,1.2616296232802724,0.0
102,2.04,idle,locomotion,0,1.9900000095367432,-0.14000000059604645,0.10973345824050044,-0.042612510132691156,0.0034507823074024758,0.7301346901821167,1.2611201948927722,-0.0005062561047827381,1.261626450997555,0.0
103,2.06,idle,locomotion,0,1.9900000095367432,-0.14000000059604645,0.10973345824050044,-0.04259068719526424,0.0034509539128857276,0.7301315736359413,1.2611171168397601,-0.0005062755630127307,1.2616233924027729,0.0
104,2.08,idle,locomotion,0,1.9900000095367432,-0.14000000059604645,0.10973345824050044,-0.042570069627354025,0.003450034666738534,0.7301285911887718,1.261114170339642,-0.0005062964196867643,1.2616204667593287,0.0
105,2.1,idle,locomotion,0,1.9900000095367432,-0.14000000059604645,0.10973345824050044,-0.04255059364047675,0.00344816034211291,0.730125762350473,1.2611113713875304,-0.0005063183480054079,1.2616176897355358,0.0
106,2.12,idle,locomotion,0,1.9900000095367432,-0.14000000059604645,0.10973345824050044,-0.04253219479003124,0.0034454584892769343,0.7301230976817803,1.2611087282935876,-0.0005063394664643894,1.261615067760052,0.0
107,2.14,idle,locomotion,0,1.9900000095367432,-0.14000000059604645,0.10973345824050044,-0.04251481024270857,0.0034419811328860912,0.7301205605337368,1.2611062044845198,-0.0005063543134645604,1.2616125587979843,0.0
108,2.16,idle,locomotion,0,1.9900000095367432,-0.14000000059604645,0.10973345824050044,-0.04249837855324022,0.0034377468244383355,0.7301181265974064,1.2611037748471146,-0.0005063666939514114,1.2616101415410659,0.0
109,2.18,idle,locomotion,0,1.9900000095367432,-0.14000000059604645,0.10973345824050044,-0.04248284188214244,0.003432788133839085,0.7301157932681915,1.2611014360798054,-0.0005063794661017383,1.2616078155459072,0.0
110,2.2,idle,locomotion,0,1.9900000095367432,-0.14000000059604645,0.10973345824050044,-0.042468144406800086,0.0034271429877188843,0.7301135625504593,1.2610991895441193,-0.000506393129747186,1.2616055826738664,0.0
111,2.22,idle,locomotion,0,1.9900000095367432,-0.14000000059604645,0.10973345824050044,-0.042454232809727044,0.0034208531081397816,0.7301114368184897,1.2610970368585248,-0.0005064074675514181,1.2616034443260762,0.0
112,2.24,idle,locomotion,0,1.9900000095367432,-0.14000000059604645,0.10973345824050044,-0.04244105707657868,0.0034139622882322536,0.730109417679681,1.2610949784204462,-0.0005064222232104981,1.2616014006436567,0.0
113,2.26,idle,locomotion,0,1.9900000095367432,-0.14000000059604645,0.10973345824050044,-0.0424285678412369,0.0034065141930276926,0.7301075081755093,1.2610930161501257,-0.0005064374160150299,1.2615994535661408,0.0
114,2.28,idle,locomotion,0,1.9900000095367432,-0.14000000059604645,0.10973345824050044,-0.042416717971330814,0.003398552950592612,0.7301057078896562,1.261091148873142,-0.0005064527132919612,1.2615976015864339,0.0
115,2.3,idle,locomotion,0,1.9900000095367432,-0.14000000059604645,0.10973345824050044,-0.042405461856972165,0.0033901232346483672,0.7301040178771485,1.2610893768126452,-0.0005064681026362601,1.2615958449152815,0.0
116,2.32,idle,locomotion,0,1.9900000095367432,-0.14000000059604645,0.10973345824050044,-0.042394756234075716,0.003381269136025933,0.7301024374962288,1.2610876989216362,-0.0005064832137304624,1.2615941821353667,0.0
117,2.34,idle,locomotion,0,1.9900000095367432,-0.14000000059604645,0.10973345824050044,-0.042384560692260154,0.003372032308181719,0.7301009672094949,1.26108611466476,-0.0005064982073373393,1.2615926128720973,0.0
118,2.36,idle,locomotion,0,1.9900000095367432,-0.14000000059604645,0.10973345824050044,-0.04237483682289743,0.0033624528862377275,0.7300996074716479,1.2610846236694466,-0.000506512952809228,1.2615911366222559,0.0
119,2.38,idle,locomotion,0,1.9900000095367432,-0.14000000059604645,0.10973345824050044,-0.04236554780087042,0.003352570929257383,0.7300983562160287,1.261083223433976,-0.0005065272382618301,1.2615897506722378,0.0
120,2.4,idle,locomotion,0,1.9900000095367432,-0.14000000059604645,0.10973345824050044,-0.04235665772828113,0.0033424241835921923,0.7300972118366852,1.2610819122365524,-0.0005065412337410813,1.2615884534702935,0.0
121,2.42,idle,locomotion,0,1.9900000095367432,-0.14000000059604645,0.10973345824050044,-0.04234813234930306,0.0033320478020538035,0.7300961745091623,1.2610806901356464,-0.0005065549584695739,1.261587245094116,0.0
122,2.44,idle,locomotion,0,1.9900000095367432,-0.14000000059604645,0.10973345824050044,-0.04233994049635468,0.003321476132016116,0.730095242325536,1.26107955503199,-0.0005065681254712677,1.2615861231574612,0.0
123,2.46,idle,locomotion,0,1.9900000095367432,-0.14000000059604645,0.10973345824050044,-0.04233205310996189,0.0033107425321008423,0.7300944121664551,1.2610785036283618,-0.0005065806307082039,1.2615850842590701,0.0
124,2.48,idle,locomotion,0,1.9900000095367432,-0.14000000059604645,0.10973345824050044,-0.04232444295084549,0.003299875600405076,0.7300936824604798,1.2610775341009797,-0.0005065926345985371,1.2615841267355783,0.0
125,2.5,idle,locomotion,0,1.9900000095367432,-0.14000000059604645,0.10973345824050044,-0.042317083532798755,0.0032889042597341366,0.7300930518574437,1.2610766453667028,-0.0005066040870583162,1.261583249453761,0.0
126,2.52,idle,locomotion,0,1.9900000095367432,-0.14000000059604645,0.10973345824050044,-0.042309950475031444,0.00327785646229966,0.730092516959787,1.2610758344072692,-0.0005066148870798357,1.261582449294349,0.0
127,2.54,idle,locomotion,0,1.9900000095367432,-0.14000000059604645,0.10973345824050044,-0.04230302190285995,0.0032667562005477394,0.7300920755602153,1.2610750989063608,-0.0005066250451899422,1.2615817239515508,0.0
128,2.56,idle,locomotion,0,1.9900000095367432,-0.14000000059604645,0.10973345824050044,-0.04229627717286666,0.003255625074460628,0.7300917261518635,1.2610744374613325,-0.0005066345260110704,1.2615810719873435,0.0
129,2.58,idle,locomotion,0,1.9900000095367432,-0.14000000059604645,0.10973345824050044,-0.04228969725945696,0.0032444832007374547,0.7300914647864527,1.2610738464115416,-0.0005066433618321452,1.2615804897733738,0.0
130,2.6,idle,locomotion,0,1.9900000095367432,-0.14000000059604645,0.10973345824050044,-0.04228326426163911,0.0032333490237217246,0.7300912877113709,1.2610733223938846,-0.0005066515446592416,1.2615799739385438,0.0
131,2.62,idle,locomotion,0,1.9900000095367432,-0.14000000059604645,0.10973345824050044,-0.04227696175450739,0.0032222391632218223,0.7300911934958517,1.2610728643135978,-0.0005066591320879998,1.2615795234456857,0.0
132,2.64,idle,locomotion,0,1.9900000095367432,-0.14000000059604645,0.10973345824050044,-0.04227077445334804,0.003211166761741484,0.7300911788327717,1.261072469432614,-0.0005066661299516668,1.2615791355625658,0.0
133,2.66,idle,locomotion,0,1.9900000095367432,-0.14000000059604645,0.10973345824050044,-0.042264688678841436,0.0032001458531809215,0.7300912404429444,1.261072134959502,-0.0005066724622166466,1.2615788074217187,0.0
134,2.68,idle,locomotion,0,1.9900000095367432,-0.14000000059604645,0.10973345824050044,-0.04225869164442633,0.0031891871758214707,0.7300913768857422,1.2610718598300257,-0.0005066783374563441,1.261578538167482,0.0
135,2.7,idle,locomotion,0,1.9900000095367432,-0.14000000059604645,0.10973345824050044,-0.04225277230386998,0.0031783003078084075,0.7300915846052083,1.2610716409398104,-0.0005066835019715069,1.261578324441782,0.0
136,2.72,idle,locomotion,0,1.9900000095367432,-0.14000000059604645,0.10973345824050044,-0.04224692102246229,0.0031674941951029822,0.7300918600843715,1.2610714750773737,-0.0005066880707932236,1.2615781631481668,0.0
137,2.74,idle,locomotion,0,1.9900000095367432,-0.14000000059604645,0.10973345824050044,-0.042241129796188374,0.0031567747979868626,0.730092201312275,1.2610713603113544,-0.0005066920317989519,1.2615780523431532,0.0
138,2.76,idle,locomotion,0,1.9900000095367432,-0.14000000059604645,0.10973345824050044,-0.04223539114429713,0.003146146496851274,0.7300926055475422,1.2610712940885835,-0.0005066954643801087,1.2615779895529637,0.0
139,2.78,idle,locomotion,0,1.9900000095367432,-0.14000000059604645,0.10973345824050044,-0.04222969657144949,0.0031356128397136127,0.7300930707283959,1.2610712749777406,-0.0005066984365016958,1.2615779734142423,0.0
140,2.8,idle,locomotion,0,1.9900000095367432,-0.14000000059604645,0.10973345824050044,-0.04222403780988565,0.00312517634750642,0.7300935937763796,1.2610713009552614,-0.0005067009226103966,1.2615780018778717,0.0
141,2.82,idle,locomotion,0,1.9900000095367432,-0.14000000059604645,0.10973345824050044,-0.04221840860063109,0.0031148391035352063,0.7300941718082766,1.2610713697490228,-0.0005067029547204081,1.2615780727037431,0.0
142,2.84,idle,locomotion,0,1.9900000095367432,-0.14000000059604645,0.10973345824050044,-0.04221280443863877,0.003104602257953645,0.7300948015938135,1.261071478533514,-0.0005067044938379603,1.261578183027352,0.0
143,2.86,idle,locomotion,0,1.9900000095367432,-0.14000000059604645,0.10973345824050044,-0.04220722118672568,0.003094465059977095,0.7300954808350513,1.2610716253263774,-0.0005067056441587434,1.2615783309705362,0.0
144,2.88,idle,locomotion,0,1.9900000095367432,-0.14000000059604645,0.10973345824050044,-0.04220165502248449,0.003084425413774285,0.7300962075190037,1.2610718085172274,-0.000506706444745094,1.2615785149619725,0.0
145,2.9,idle,locomotion,0,1.9900000095367432,-0.14000000059604645,0.10973345824050044,-0.042196102709312185,0.0030744814046962357,0.7300969796953527,1.261072026540532,-0.0005067068482194417,1.2615787333887514,0.0
146,2.92,idle,locomotion,0,1.9900000095367432,-0.14000000059604645,0.10973345824050044,-0.04219056141675907,0.0030646308790380715,0.730097794867363,1.2610722773306282,-0.0005067069273671058,1.2615789842579954,0.0
147,2.94,idle,locomotion,0,1.9900000095367432,-0.14000000059604645,0.10973345824050044,-0.04218502806232034,0.0030548700909043365,0.7300986521465112,1.2610725603726043,-0.0005067067237671356,1.2615792670963715,0.0
148,2.96,idle,locomotion,0,1.9900000095367432,-0.14000000059604645,0.10973345824050044,-0.042179500415109906,0.0030451956854933523,0.7300995480260414,1.2610728727044074,-0.0005067061003609305,1.2615795788047683,0.0
149,2.98,idle,locomotion,0,1.9900000095367432,-0.14000000059604645,0.10973345824050044,-0.04217397679157436,0.003035604024797557,0.7301004798974684,1.2610732119380166,-0.0005067052204274294,1.261579917158444,0.0
150,3.0,idle,locomotion,0,1.9900000095367432,-0.14000000059604645,0.10973345824050044,-0.042168455641524105,0.003026090535691699,0.7301014470462729,1.2610735777636992,-0.0005067040869752917,1.2615802818506745,0.0
151,3.02,idle,locomotion,0,1.9900000095367432,-0.14000000059604645,0.10973345824050044,-0.04216293577248391,0.0030166508722343616,0.7301024484459667,1.261073969457191,-0.0005067028143839712,1.261580672271575,0.0
152,3.04,idle,locomotion,0,1.9900000095367432,-0.14000000059604645,0.10973345824050044,-0.04215741535002103,0.0030072804834414897,0.7301034821173418,1.2610743856153257,-0.0005067013509120824,1.2615810869662378,0.0
153,3.06,idle,locomotion,0,1.9900000095367432,-0.14000000059604645,0.10973345824050044,-0.042151892635208715,0.0029979737567961684,0.7301045456113816,1.2610748244305303,-0.0005066997026385786,1.261581524133169,0.0
154,3.08,idle,locomotion,0,1.9900000095367432,-0.14000000059604645,0.10973345824050044,-0.04214636792610106,0.002988725722733729,0.7301056367054034,1.2610752838790673,-0.000506697781807227,1.2615819816608744,0.0
155,3.1,idle,locomotion,0,1.9900000095367432,-0.14000000059604645,0.10973345824050044,-0.042140841432794104,0.002979530361081148,0.7301067549140416,1.2610757635612122,-0.0005066957287245336,1.2615824592899367,0.0
156,3.12,idle,locomotion,0,1.9900000095367432,-0.14000000059604645,0.10973345824050044,-0.04213531283002435,0.002970383435350653,0.7301078989005605,1.2610762625358412,-0.0005066935775770026,1.2615829561134182,0.0
157,3.14,idle,locomotion,0,1.9900000095367432,-0.14000000059604645,0.10973345824050044,-0.04212978149182135,0.0029612825307417383,0.7301090657343442,1.261076778562582,-0.0005066912205400446,1.261583469783122,0.0
158,3.16,idle,locomotion,0,1.9900000095367432,-0.14000000059604645,0.10973345824050044,-0.042124248185801495,0.0029522226714541362,0.7301102530927938,1.2610773095244339,-0.0005066886478027333,1.2615839981722365,0.0
159,3.18,idle,locomotion,0,1.9900000095367432,-0.14000000059604645,0.10973345824050044,-0.04211871378010202,0.0029431980986853643,0.7301114610159595,1.2610778554464583,-0.0005066860736324154,1.2615845415200908,0.0
160,3.2,idle,locomotion,0,1.9900000095367432,-0.14000000059604645,0.10973345824050044,-0.04211317730336371,0.0029342029616936287,0.730112689844772,1.2610784173151992,-0.0005066834971982279,1.2615851008123975,0.0
161,3.22,idle,locomotion,0,1.9900000095367432,-0.14000000059604645,0.10973345824050044,-0.04210763882330623,0.0029252333648091566,0.7301139376386095,1.2610789937021838,-0.0005066807825742405,1.261585674484758,0.0
162,3.24,idle,locomotion,0,1.9900000095367432,-0.14000000059604645,0.10973345824050044,-0.04210209990687159,0.002916285016338101,0.7301152019658158,1.2610795821225491,-0.0005066779431955014,1.2615862600657446,0.0
163,3.26,idle,locomotion,0,1.9900000095367432,-0.14000000059604645,0.10973345824050044,-0.042096561710144156,0.002907353450331061,0.7301164821728583,1.2610801818877146,-0.0005066750696559492,1.2615868569573705,0.0
164,3.28,idle,locomotion,0,1.9900000095367432,-0.14000000059604645,0.10973345824050044,-0.04209102429121102,0.002898434984137518,0.7301177773062252,1.2610807924965552,-0.0005066721817071212,1.2615874646782623,0.0
165,3.3,idle,locomotion,0,1.9900000095367432,-0.14000000059604645,0.10973345824050044,-0.04208548822138907,0.0028895262735518464,0.7301190865498559,1.2610814133786077,-0.0005066692169378197,1.2615880825955454,0.0
166,3.32,idle,locomotion,0,1.9900000095367432,-0.14000000059604645,0.10973345824050044,-0.042079954091019445,0.0028806230302902127,0.7301204090631571,1.2610820439230497,-0.0005066662775657024,1.2615887102006154,0.0
167,3.34,idle,locomotion,0,1.9900000095367432,-0.14000000059604645,0.10973345824050044,-0.04207442246782679,0.002871720862554366,0.7301217447774719,1.2610826841660232,-0.0005066633961051635,1.2615893475621283,0.0
168,3.36,idle,locomotion,0,1.9900000095367432,-0.14000000059604645,0.10973345824050044,-0.04206889433287358,0.0028628152466136456,0.73012309319928,1.2610833336212492,-0.0005066605134683988,1.2615899941347177,0.0
169,3.38,idle,locomotion,0,1.9900000095367432,-0.14000000059604645,0.10973345824050044,-0.04206337032913428,0.002853905065413843,0.7301244531795253,1.2610839913760619,-0.0005066575790300641,1.2615906489550919,0.0
170,3.4,idle,locomotion,0,1.9900000095367432,-0.14000000059604645,0.10973345824050044,-0.042057850093356164,0.002844989535234651,0.7301258229569753,1.261084656314405,-0.0005066546181274299,1.2615913109325323,0.0
171,3.42,idle,locomotion,0,1.9900000095367432,-0.14000000059604645,0.10973345824050044,-0.0420523343310149,0.0028360667585069937,0.7301272019585342,1.2610853280406917,-0.0005066516079409028,1.2615919796486326,0.0
172,3.44,idle,locomotion,0,1.9900000095367432,-0.14000000059604645,0.10973345824050044,-0.042046823860386086,0.00282713396040192,0.7301285894129194,1.2610860059703732,-0.0005066486218875121,1.2615926545922607,0.0
173,3.46,idle,locomotion,0,1.9900000095367432,-0.14000000059604645,0.10973345824050044,-0.04204132034895519,0.002818187260346741,0.7301299840068397,1.261086688651609,-0.0005066455941627884,1.2615933342457717,0.0
174,3.48,idle,locomotion,0,1.9900000095367432,-0.14000000059604645,0.10973345824050044,-0.042035824702915836,0.0028092255224659,0.7301313866292608,1.2610873768667232,-0.0005066426808821717,1.2615940195476054,0.0
175,3.5,idle,locomotion,0,1.9900000095367432,-0.14000000059604645,0.10973345824050044,-0.04203033694658385,0.0028002483819606324,0.7301327965489165,1.2610880703196636,-0.0005066397271189724,1.2615947100467826,0.0
176,3.52,idle,locomotion,0,1.9900000095367432,-0.14000000059604645,0.10973345824050044,-0.042024858050215816,0.0027912531025568866,0.7301342120317164,1.2610887672956952,-0.000506636719727005,1.2615954040154223,0.0
177,3.54,idle,locomotion,0,1.9900000095367432,-0.14000000059604645,0.10973345824050044,-0.042019388444978115,0.002782238701582292,0.7301356337476343,1.2610894684939722,-0.0005066338429990241,1.2615961023369713,0.0
178,3.56,idle,locomotion,0,1.9900000095367432,-0.14000000059604645,0.10973345824050044,-0.0420139284429679,0.0027732055127377116,0.7301370611615466,1.261090173723439,-0.0005066308848470577,1.2615968046082862,0.0
179,3.58,idle,locomotion,0,1.9900000095367432,-0.14000000059604645,0.10973345824050044,-0.04200847856332693,0.002764152145265083,0.7301384935609662,1.2610908823470603,-0.0005066280019372822,1.2615975103489976,0.0
180,3.6,idle,locomotion,0,1.9900000095367432,-0.14000000059604645,0.10973345824050044,-0.042003039671078074,0.002755076218287711,0.7301399292875934,1.261091592740883,-0.0005066251421507809,1.2615982178830338,0.0
181,3.62,idle,locomotion,0,1.9900000095367432,-0.14000000059604645,0.10973345824050044,-0.04199761178009806,0.002745976352747527,0.7301413708360494,1.2610923072478395,-0.0005066225075583131,1.2615989297553978,0.0
182,3.64,idle,locomotion,0,1.9900000095367432,-0.14000000059604645,0.10973345824050044,-0.04199219499512857,0.0027368557907696467,0.7301428169768011,1.2610930252753045,-0.0005066197031893226,1.2615996449784939,0.0
183,3.66,idle,locomotion,0,1.9900000095367432,-0.14000000059604645,0.10973345824050044,-0.04198679062553527,0.0027277166493066196,0.7301442646659557,1.261093743864992,-0.000506616749793843,1.2616003606147859,0.0
184,3.68,idle,locomotion,0,1.9900000095367432,-0.14000000059604645,0.10973345824050044,-0.04198139926064259,0.002718556670419407,0.7301457146096448,1.2610944636210153,-0.0005066138708255466,1.261601077491841,0.0
185,3.7,idle,locomotion,0,1.9900000095367432,-0.14000000059604645,0.10973345824050044,-0.041976021230340894,0.002709374929922779,0.730147166679869,1.2610951845945568,-0.0005066110130829936,1.2616017956076397,0.0
186,3.72,idle,locomotion,0,1.9900000095367432,-0.14000000059604645,0.10973345824050044,-0.04197065735158489,0.0027001708919945798,0.7301486214075731,1.2610959071156944,-0.0005066083124417031,1.261602515428136,0.0
187,3.74,idle,locomotion,0,1.9900000095367432,-0.14000000059604645,0.10973345824050044,-0.04196530895699664,0.002690944343961921,0.7301500787384427,1.261096630887679,-0.0005066055393205676,1.2616032364269996,0.0
188,3.76,idle,locomotion,0,1.9900000095367432,-0.14000000059604645,0.10973345824050044,-0.04195997600609796,0.0026816951503202745,0.730151539101981,1.261097356339665,-0.0005066028534810342,1.261603959193146,0.0
189,3.78,idle,locomotion,0,1.9900000095367432,-0.14000000059604645,0.10973345824050044,-0.04195465789124506,0.002672423559355259,0.7301530008067287,1.2610980823093059,-0.000506600208079324,1.2616046825173852,0.0
190,3.8,idle,locomotion,0,1.9900000095367432,-0.14000000059604645,0.10973345824050044,-0.04194935494882598,0.0026631302687507743,0.7301544626712543,1.2610988077967318,-0.0005065975160505054,1.2616054053127823,0.0
191,3.82,idle,locomotion,0,1.9900000095367432,-0.14000000059604645,0.10973345824050044,-0.04194406824908376,0.002653815783596026,0.7301559245868591,1.2610995325963261,-0.0005065948564511452,1.2616061274527772,0.0
192,3.84,idle,locomotion,0,1.9900000095367432,-0.14000000059604645,0.10973345824050044,-0.04193879773927039,0.002644480545847518,0.7301573875929355,1.2611002577617192,-0.0005065923948678157,1.261606850156587,0.0
193,3.86,idle,locomotion,0,1.9900000095367432,-0.14000000059604645,0.10973345824050044,-0.04193354375809967,0.002635124963667968,0.730158852578259,1.261100984147768,-0.0005065898711937578,1.2616075740189618,0.0
194,3.88,idle,locomotion,0,1.9900000095367432,-0.14000000059604645,0.10973345824050044,-0.04192830663187149,0.002625749897149543,0.7301603189211657,1.2611017111111817,-0.0005065873258048685,1.2616082984369865,0.0
195,3.9,idle,locomotion,0,1.9900000095367432,-0.14000000059604645,0.10973345824050044,-0.04192308633557165,0.0026163547216289528,0.7301617858228667,1.2611024378209386,-0.0005065847985570894,1.2616090226194956,0.0
196,3.92,idle,locomotion,0,1.9900000095367432,-0.14000000059604645,0.10973345824050044,-0.041917883669990844,0.002606939876489285,0.7301632528457058,1.2611031636070444,-0.0005065822574843344,1.2616097458645288,0.0
197,3.94,idle,locomotion,0,1.9900000095367432,-0.14000000059604645,0.10973345824050044,-0.04191269797690948,0.0025975085566028646,0.7301647200245591,1.261103888876733,-0.0005065796858560179,1.261610468562589,0.0
198,3.96,idle,locomotion,0,1.9900000095367432,-0.14000000059604645,0.10973345824050044,-0.04190752859032726,0.002588061870624929,0.7301661870551763,1.2611046137007198,-0.0005065771910030964,1.261611190891723,0.0
199,3.98,idle,locomotion,0,1.9900000095367432,-0.14000000059604645,0.10973345824050044,-0.04190237549862558,0.0025785995190266827,0.7301676537731547,1.2611053379667274,-0.0005065747155825369,1.26161191268231,0.0
200,4.0,idle,locomotion,0,1.9900000095367432,-0.14000000059604645,0.10973345824050044,-0.041897239036725945,0.0025691204941374955,0.7301691207310712,1.261106062039059,-0.0005065722876604027,1.2616126343267196,0.0
201,4.02,idle,locomotion,0,1.9900000095367432,-0.14000000059604645,0.10973345824050044,-0.04189211969298262,0.002559627218769313,0.7301705869939226,1.261106785038062,-0.0005065698308913853,1.2616133548689534,0.0
202,4.04,idle,locomotion,0,1.9900000095367432,-0.14000000059604645,0.10973345824050044,-0.04188701841323549,0.0025501218837282883,0.7301720513976485,1.2611075057750127,-0.0005065672451737627,1.2616140730201866,0.0
203,4.06,idle,locomotion,0,1.9900000095367432,-0.14000000059604645,0.10973345824050044,-0.04188193555286175,0.00254060420114147,0.7301735149711237,1.2611082251908459,-0.0005065647651585695,1.2616147899560044,0.0
204,4.08,idle,locomotion,0,1.9900000095367432,-0.14000000059604645,0.10973345824050044,-0.041876871027468225,0.0025310748737408825,0.7301749775392151,1.2611089434625258,-0.0005065621878507613,1.2616155056503766,0.0
205,4.1,idle,locomotion,0,1.9900000095367432,-0.14000000059604645,0.10973345824050044,-0.041871824723833835,0.0025215331406055175,0.7301764388779886,1.2611096603988559,-0.0005065597738508343,1.2616162201727068,0.0
206,4.12,idle,locomotion,0,1.9900000095367432,-0.14000000059604645,0.10973345824050044,-0.041866797135264255,0.0025119789474478617,0.7301778991019117,1.2611103759525626,-0.0005065574343542517,1.261616933386917,0.0
207,4.14,idle,locomotion,0,1.9900000095367432,-0.14000000059604645,0.10973345824050044,-0.041861789173623015,0.0025024133122829428,0.7301793585096834,1.2611110901886893,-0.000506555083503106,1.2616176452721923,0.0
208,4.16,idle,locomotion,0,1.9900000095367432,-0.14000000059604645,0.10973345824050044,-0.041856801031522596,0.0024928368714943086,0.73018081638416,1.2611118024247532,-0.0005065526998892893,1.2616183551246425,0.0
209,4.18,idle,locomotion,0,1.9900000095367432,-0.14000000059604645,0.10973345824050044,-0.04185183213913032,0.0024832504787313573,0.7301822727419895,1.2611125128208913,-0.0005065503336545707,1.2616190631545459,0.0
210,4.2,idle,locomotion,0,1.9900000095367432,-0.14000000059604645,0.10973345824050044,-0.041846882106425794,0.002473653239981389,0.7301837281252733,1.2611132219620322,-0.0005065480274183999,1.2616197699894507,0.0
211,4.22,idle,locomotion,0,1.9900000095367432,-0.14000000059604645,0.10973345824050044,-0.041841951505684385,0.002464045359428532,0.7301851815649367,1.261113928750205,-0.0005065456509408331,1.2616204744011457,0.0
212,4.24,idle,locomotion,0,1.9900000095367432,-0.14000000059604645,0.10973345824050044,-0.041837040477018334,0.002454429264535909,0.7301866335047287,1.2611146335664003,-0.000506543365499771,1.2616211769319001,0.0
213,4.26,idle,locomotion,0,1.9900000095367432,-0.14000000059604645,0.10973345824050044,-0.04183214818734469,0.0024448074900653687,0.7301880842774751,1.2611153371627948,-0.0005065410355993422,1.261621878198394,0.0
214,4.28,idle,locomotion,0,1.9900000095367432,-0.14000000059604645,0.10973345824050044,-0.0418272741061665,0.0024351772940133087,0.7301895337099378,1.2611160393953285,-0.0005065388019495805,1.261622578197278,0.0
215,4.3,idle,locomotion,0,1.9900000095367432,-0.14000000059604645,0.10973345824050044,-0.04182241914331565,0.0024255388276218986,0.7301909815402108,1.2611167397511625,-0.0005065365155225224,1.261623276266685,0.0
216,4.32,idle,locomotion,0,1.9900000095367432,-0.14000000059604645,0.10973345824050044,-0.04181758362079705,0.0024158945869724997,0.7301924271063404,1.2611174376806928,-0.0005065341876097466,1.2616239718683027,0.0
217,4.34,idle,locomotion,0,1.9900000095367432,-0.14000000059604645,0.10973345824050044,-0.041812767459700445,0.0024062436797929977,0.7301938707540014,1.261118133530162,-0.0005065319133669213,1.261624665443529,0.0
218,4.36,idle,locomotion,0,1.9900000095367432,-0.14000000059604645,0.10973345824050044,-0.0418079708965763,0.0023965854484290132,0.7301953127766925,1.261118827533544,-0.0005065296656722208,1.2616253571992164,0.0
219,4.38,idle,locomotion,0,1.9900000095367432,-0.14000000059604645,0.10973345824050044,-0.0418031942022514,0.0023869209984622142,0.7301967531386214,1.2611195196689216,-0.00050652742757374,1.2616260470964953,0.0
220,4.4,idle,locomotion,0,1.9900000095367432,-0.14000000059604645,0.10973345824050044,-0.04179843751555077,0.002377250579492523,0.7301981910393317,1.2611202091806981,-0.0005065251267828488,1.261626734307481,0.0
221,4.42,hold,kick,2,1.9900000095367432,-0.14000000059604645,0.10973345824050044,-0.042659648666471484,0.002170580235167686,0.7330498511595916,1.2635329271527296,-0.0007111633289586701,1.2642440904816883,0.0
222,4.44,hold,kick,3,1.9900000095367432,-0.14000000059604645,0.10973345824050044,-0.042713727539320026,0.001411725705233773,0.7402888765261538,1.2704024390136384,-0.0005442372977007802,1.270946676311339,0.0
223,4.46,hold,kick,4,1.9900000095367432,-0.14000000059604645,0.10973345824050044,-0.04184046471839908,0.00041672712807966014,0.7500685009273766,1.2800496514875148,-0.00048187063804553537,1.2805315221255604,0.0
224,4.48,hold,kick,5,1.9900000095367432,-0.14000000059604645,0.10973345824050044,-0.04024606174551683,-0.0006352064548646504,0.7598720932093308,1.289902562080874,-0.0006673047901932898,1.2905698668710672,0.0
225,4.5,hold,kick,6,1.9900000095367432,-0.14000000059604645,0.10973345824050044,-0.03832522748290261,-0.0015768160953592378,0.7683521499454774,1.298489639642147,-0.0009105026199674321,1.2994001422621144,0.0
226,4.52,hold,kick,7,1.9900000095367432,-0.14000000059604645,0.10973345824050044,-0.036516652988906974,-0.00223765014688906,0.7749122078413441,1.30510833435469,-0.00106526205268926,1.3061735964073793,0.0
227,4.54,hold,kick,8,1.9900000095367432,-0.14000000059604645,0.10973345824050044,-0.03513438981205188,-0.002595504443130789,0.7795835727714823,1.3097128357010859,-0.001185326516746174,1.310898162217832,0.0
228,4.56,hold,kick,9,1.9900000095367432,-0.14000000059604645,0.10973345824050044,-0.034066462458791025,-0.002648122878332787,0.782864625367325,1.3128180021004199,-0.0012399225385764344,1.3140579246389963,0.0
229,4.58,hold,kick,10,1.9900000095367432,-0.14000000059604645,0.10973345824050044,-0.03305135791998565,-0.002496858338479059,0.785250702273411,1.3149787848989258,-0.0012719343759527366,1.3162507192748785,0.0
230,4.6,hold,kick,11,1.9900000095367432,-0.14000000059604645,0.10973345824050044,-0.03189639369639336,-0.0021677476107697666,0.7870180303597728,1.316537017112741,-0.0012783957930354618,1.3178154129057766,0.0
231,4.62,hold,kick,12,1.9900000095367432,-0.14000000059604645,0.10973345824050044,-0.030556562170196925,-0.0016992556880183524,0.7882796781889423,1.3176372651516592,-0.0012979394965513848,1.3189352046482106,0.0
232,4.64,hold,kick,13,1.9900000095367432,-0.14000000059604645,0.10973345824050044,-0.02905317489640155,-0.001117350824513369,0.7891176510497452,1.3183636803430554,-0.0013985055642089274,1.3197621859072644,0.0
233,4.66,hold,kick,14,1.9900000095367432,-0.14000000059604645,0.10973345824050044,-0.02740089782393773,-0.00045195130411136887,0.789634454088909,1.3188141977452879,-0.0014424483445925444,1.3202566460898804,0.0
234,4.68,hold,kick,15,1.9900000095367432,-0.14000000059604645,0.10973345824050044,-0.0256057774650404,0.00026973881333500996,0.7899388343278196,1.3190907149142426,-0.0014618429785010455,1.3205525578927435,0.0
235,4.7,hold,kick,16,1.9900000095367432,-0.14000000059604645,0.10973345824050044,-0.023663865037946683,0.0010277452599799892,0.7901011108090547,1.3192584330125567,-0.0014615505729561676,1.320719983585513,0.0
236,4.72,hold,kick,17,1.9900000095367432,-0.14000000059604645,0.10973345824050044,-0.02159100864361249,0.001826430464303627,0.7901697925056561,1.319354406401598,-0.0014352944896408246,1.3207897008912388,0.0
237,4.74,hold,kick,18,1.9900000095367432,-0.14000000059604645,0.10973345824050044,-0.01942443060943848,0.0026904487566861528,0.790155279404135,1.3193727806098725,-0.0013927349473854995,1.320765515557258,0.0
238,4.76,hold,kick,19,1.9900000095367432,-0.14000000059604645,0.10973345824050044,-0.017192935056690166,0.003637075001501607,0.790053892962443,1.3192971481515101,-0.001335342773337439,1.3206324909248475,0.0
239,4.78,hold,kick,20,1.9900000095367432,-0.14000000059604645,0.10973345824050044,-0.014910783875816833,0.004665564328101876,0.7899567766394785,1.319206096204557,-0.0012482653748138103,1.320454361579371,0.0
240,4.8,hold,kick,21,1.9900000095367432,-0.14000000059604645,0.10973345824050044,-0.012618369284948082,0.005730402828842616,0.7898821204210462,1.3191165073643942,-0.0011297810134455362,1.3202462883778399,0.0
241,4.82,hold,kick,22,1.9900000095367432,-0.14000000059604645,0.10973345824050044,-0.01037409224619929,0.0068469966245274586,0.7897843682913781,1.3189713232825677,-0.0010011458279598658,1.3199724691105277,0.0
242,4.84,hold,kick,23,1.9900000095367432,-0.14000000059604645,0.10973345824050044,-0.008210507138270382,0.008019987596369866,0.7896603513678168,1.318765561341102,-0.0008745753778933371,1.3196401367189954,0.0
243,4.86,hold,kick,24,1.9900000095367432,-0.14000000059604645,0.10973345824050044,-0.006152181765416258,0.009225550093029937,0.7895255515485454,1.3185129014500878,-0.0007532687987123303,1.3192661702488002,0.0
244,4.88,hold,kick,25,1.9900000095367432,-0.14000000059604645,0.10973345824050044,-0.004208171292649015,0.010442485427511243,0.7893901321800934,1.3182267373717491,-0.0006444676480211881,1.3188712050197704,0.0
245,4.9,hold,kick,26,1.9900000095367432,-0.14000000059604645,0.10973345824050044,-0.0023705562380103907,0.011666743369285382,0.7892771509294155,1.3179380106918426,-0.0005780197787976539,1.3185160304706403,0.0
246,4.92,hold,kick,27,1.9900000095367432,-0.14000000059604645,0.10973345824050044,-0.0006160605528400637,0.012908437881956187,0.7891820526909913,1.317656365676512,-0.0005739732777749057,1.3182303389542869,0.0
247,4.94,hold,kick,28,1.9900000095367432,-0.14000000059604645,0.10973345824050044,0.0010634740179414257,0.014170628798990972,0.7890901636428891,1.31737543661748,-0.0005711977245708676,1.3179466343420507,0.0
248,4.96,hold,kick,29,1.9900000095367432,-0.14000000059604645,0.10973345824050044,0.002665080312298358,0.015439213546685636,0.7890031752239847,1.3170985501891412,-0.000570081783656598,1.317668631972798,0.0
249,4.98,hold,kick,30,1.9900000095367432,-0.14000000059604645,0.10973345824050044,0.0041867982119099,0.016698749793898144,0.7889243979310123,1.3168288485019037,-0.0005695780793822797,1.317398426581286,0.0
250,5.0,hold,kick,31,1.9900000095367432,-0.14000000059604645,0.10973345824050044,0.0056279311792254505,0.017936032400670824,0.7888533111700254,1.3165668155677464,-0.0005683365622624337,1.3171351521300088,0.0
251,5.02,hold,kick,32,1.9900000095367432,-0.14000000059604645,0.10973345824050044,0.006991319796907689,0.01913834299636044,0.7887880270947499,1.3163133611112003,-0.0005666875355988463,1.316880048646799,0.0
252,5.04,hold,kick,33,1.9900000095367432,-0.14000000059604645,0.10973345824050044,0.008278457193559673,0.02029708072277394,0.7887306949337909,1.3160713442311038,-0.0005643981608309118,1.3166357423919348,0.0
253,5.06,hold,kick,34,1.9900000095367432,-0.14000000059604645,0.10973345824050044,0.009489788743458518,0.021406244243064976,0.7886842431559321,1.315843172035508,-0.0005623677284832887,1.3164055397639913,0.0
254,5.08,hold,kick,35,1.9900000095367432,-0.14000000059604645,0.10973345824050044,0.010624184371171306,0.022461464315613962,0.7886488612436666,1.3156275859654492,-0.0005613393552234384,1.3161889253206727,0.0
255,5.1,hold,kick,36,1.9900000095367432,-0.14000000059604645,0.10973345824050044,0.011680597212588885,0.02345929972298623,0.7886237362381532,1.3154217998840565,-0.0005615276728848304,1.3159833275569413,0.0
256,5.12,hold,kick,37,1.9900000095367432,-0.14000000059604645,0.10973345824050044,0.012659641691062692,0.02439810447571627,0.7886066316725528,1.3152220157268537,-0.000562335200586038,1.3157843509274398,0.0
257,5.14,hold,kick,38,1.9900000095367432,-0.14000000059604645,0.10973345824050044,0.013564730030185693,0.025277639372716956,0.7885953424799723,1.3150251861096773,-0.0005633024736089627,1.3155884885832863,0.0
258,5.16,hold,kick,39,1.9900000095367432,-0.14000000059604645,0.10973345824050044,0.014400530765627306,0.026098126527337184,0.7885887545419757,1.3148300699154742,-0.0005639738813457557,1.31539404379682,0.0
259,5.18,hold,kick,40,1.9900000095367432,-0.14000000059604645,0.10973345824050044,0.01517212230830686,0.026859543789570582,0.7885853375816451,1.314635676504542,-0.0005636783355375992,1.3151993548400795,0.0
260,5.2,hold,kick,41,1.9900000095367432,-0.14000000059604645,0.10973345824050044,0.01588527526548471,0.027562616276640136,0.7885845318038248,1.3144422282445294,-0.0005622452037491732,1.3150044734482786,0.0
261,5.22,hold,kick,42,1.9900000095367432,-0.14000000059604645,0.10973345824050044,0.016545270687012992,0.02820883836334977,0.788585763742743,1.3142496654311169,-0.0005596688583854419,1.3148093342895024,0.0
262,5.24,hold,kick,43,1.9900000095367432,-0.14000000059604645,0.10973345824050044,0.017157944038465836,0.028800578776313968,0.7885888668175609,1.314058806509198,-0.0005558684080646421,1.3146146749172627,0.0
263,5.26,hold,kick,44,1.9900000095367432,-0.14000000059604645,0.10973345824050044,0.017730289507169435,0.029341244932148954,0.7885940706353128,1.313871196604595,-0.0005506093403884263,1.3144218059449835,0.0
264,5.28,hold,kick,45,1.9900000095367432,-0.14000000059604645,0.10973345824050044,0.018267940622299167,0.029832806199476165,0.7886026788556711,1.3136886565084045,-0.000546014604247632,1.314234671112652,0.0
265,5.3,hold,kick,46,1.9900000095367432,-0.14000000059604645,0.10973345824050044,0.018773586682998538,0.030274229643565253,0.7886137302618131,1.3135088665546828,-0.0005419149359916324,1.3140507814906743,0.0
266,5.32,hold,kick,47,1.9900000095367432,-0.14000000059604645,0.10973345824050044,0.01924892213536661,0.030665959376158982,0.7886254565807568,1.3133278352010078,-0.0005364646166647336,1.3138642998176726,0.0
267,5.34,hold,kick,48,1.9900000095367432,-0.14000000059604645,0.10973345824050044,0.019694573664820556,0.031011051168395323,0.7886372144114647,1.3131419068776276,-0.0005301493884438679,1.3136720562660713,0.0
268,5.36,hold,kick,49,1.9900000095367432,-0.14000000059604645,0.10973345824050044,0.0201139935782384,0.031313524122907936,0.7886493464809603,1.312949968001751,-0.0005234981743308283,1.3134734661760816,0.0
269,5.38,hold,kick,50,1.9900000095367432,-0.14000000059604645,0.10973345824050044,0.020513538266441606,0.03157663998584426,0.7886625547105056,1.3127528690838388,-0.000516722899104427,1.3132695919829431,0.0
270,5.4,hold,kick,51,1.9900000095367432,-0.14000000059604645,0.10973345824050044,0.02090109856099853,0.031802194655999705,0.7886766501845608,1.3125516410694822,-0.0005099186242446332,1.3130615596937267,0.0
271,5.42,hold,kick,52,1.9900000095367432,-0.14000000059604645,0.10973345824050044,0.022275290254268068,0.03185879219945401,0.7887568392599221,1.3130983837298127,-0.0007424629776546232,1.3138408467074674,0.0
272,5.44,hold,kick,53,1.9900000095367432,-0.14000000059604645,0.10973345824050044,0.026211401624479942,0.03192095904648579,0.7889093767401606,1.3151457931281527,-0.0006250421576247979,1.3157708352857775,0.0
273,5.46,hold,kick,54,1.9900000095367432,-0.14000000059604645,0.10973345824050044,0.031331734680416626,0.032596019895376346,0.7889180980048984,1.3172485552707254,-0.0006949441527880074,1.3179434994235133,0.0
274,5.48,hold,kick,55,1.9900000095367432,-0.14000000059604645,0.10973345824050044,0.035465074053507795,0.03387858319785169,0.7886889940154148,1.3182746680771307,-0.0008361880872258982,1.3191108561643565,0.0
275,5.5,hold,kick,56,1.9900000095367432,-0.14000000059604645,0.10973345824050044,0.03863992475260463,0.03537219038689319,0.7882815981450656,1.3185673798451145,-0.0008725661196672188,1.3194399459647816,0.0
276,5.52,hold,kick,57,1.9900000095367432,-0.14000000059604645,0.10973345824050044,0.04145977447576537,0.03702213126381535,0.7878594263445364,1.3186316823871975,-0.0008447277256101414,1.3194764101128076,0.0
277,5.54,hold,kick,58,1.9900000095367432,-0.14000000059604645,0.10973345824050044,0.044018006807097054,0.03877447481658675,0.7874789040071557,1.3186031360984065,-0.0007973229393718161,1.3194004590377784,0.0
278,5.56,hold,kick,59,1.9900000095367432,-0.14000000059604645,0.10973345824050044,0.0462786983222239,0.04055816555554553,0.7871375452071651,1.3185046613673865,-0.0007400596694104623,1.319244721036797,0.0
279,5.58,hold,kick,60,1.9900000095367432,-0.14000000059604645,0.10973345824050044,0.04816126367671779,0.04232375960328394,0.786818935695302,1.3183476729741899,-0.0006944207056671474,1.319042093679857,0.0
280,5.6,hold,kick,61,1.9900000095367432,-0.14000000059604645,0.10973345824050044,0.04977727414484604,0.044023008496830954,0.7865465922734033,1.3181856746958702,-0.0006508079875102504,1.3188364826833805,0.0
281,5.62,hold,kick,62,1.9900000095367432,-0.14000000059604645,0.10973345824050044,0.05115207844308631,0.045617412516454556,0.7862988668985063,1.3180060299903287,-0.0006224022391827511,1.3186284322295114,0.0
282,5.64,hold,kick,63,1.9900000095367432,-0.14000000059604645,0.10973345824050044,0.05226586683653391,0.047085746950622086,0.7860499337235327,1.3177865225357284,-0.0005956908476646323,1.318382213383393,0.0
283,5.66,hold,kick,64,1.9900000095367432,-0.14000000059604645,0.10973345824050044,0.053199578024158825,0.048458053128496895,0.7858337190059966,1.317575494751113,-0.0005808404083064676,1.3181563351594194,0.0
284,5.68,hold,kick,65,1.9900000095367432,-0.14000000059604645,0.10973345824050044,0.05401794754642772,0.049739797671157174,0.7856585855868355,1.3173937797274455,-0.0005731585850245052,1.3179669383124701,0.0
285,5.7,hold,kick,66,1.9900000095367432,-0.14000000059604645,0.10973345824050044,0.05474350893563455,0.05093417560188099,0.7855062349884692,1.3172260036562684,-0.0005663121066783426,1.3177923157629468,0.0
286,5.72,hold,kick,67,1.9900000095367432,-0.14000000059604645,0.10973345824050044,0.05540465043347123,0.052053679469473965,0.7853670540500902,1.3170657547818576,-0.0005599618418748314,1.3176257166237324,0.0
287,5.74,hold,kick,68,1.9900000095367432,-0.14000000059604645,0.10973345824050044,0.056018916702737995,0.05312214037369207,0.785243864391549,1.316918650156846,-0.0005577892002007583,1.3174764393570466,0.0
288,5.76,hold,kick,69,1.9900000095367432,-0.14000000059604645,0.10973345824050044,0.05659174984655753,0.05416649767905951,0.7851344514798527,1.316782042157467,-0.0005613568243602943,1.3173433989818273,0.0
289,5.78,hold,kick,70,1.9900000095367432,-0.14000000059604645,0.10973345824050044,0.05711977093860004,0.05520489326763769,0.785029328380837,1.3166454933208647,-0.0005633653307319589,1.3172088586515966,0.0
290,5.8,hold,kick,71,1.9900000095367432,-0.14000000059604645,0.10973345824050044,0.05762588053309216,0.056235401450341484,0.7849121598825759,1.3164961192548572,-0.0005574127294861279,1.3170535319843433,0.0
291,5.82,hold,kick,72,1.9900000095367432,-0.14000000059604645,0.10973345824050044,0.058117493663426646,0.057248820983305276,0.7847723388443791,1.3163228306322419,-0.0005400039711467401,1.3168628346033886,0.0
292,5.84,hold,kick,73,1.9900000095367432,-0.14000000059604645,0.10973345824050044,0.058601002590618324,0.058250836870188664,0.7846111892120743,1.316125014559038,-0.0005195904231322275,1.3166446049821703,0.0
293,5.86,hold,kick,74,1.9900000095367432,-0.14000000059604645,0.10973345824050044,0.05912834369936851,0.05926454904121656,0.7844550407243593,1.3159330397259525,-0.0005128498430829118,1.3164458895690354,0.0
294,5.88,hold,kick,75,1.9900000095367432,-0.14000000059604645,0.10973345824050044,0.059735649154231095,0.06029907109502496,0.7843072877587675,1.3157546251437058,-0.0005101534865053353,1.316264778630211,0.0
295,5.9,hold,kick,76,1.9900000095367432,-0.14000000059604645,0.10973345824050044,0.06040643936473293,0.06133957431467112,0.7841385651248965,1.3155552739725334,-0.0005124272527326501,1.316067701225266,0.0
296,5.92,hold,kick,77,1.9900000095367432,-0.14000000059604645,0.10973345824050044,0.061108256621933865,0.06241714505265152,0.7839619199690255,1.315342247895476,-0.0005195409725397802,1.3158617888680157,0.0
297,5.94,hold,kick,78,1.9900000095367432,-0.14000000059604645,0.10973345824050044,0.06184565943776968,0.06357031652244172,0.7837787941609885,1.3151213988681099,-0.0005241570381833913,1.3156455559062932,0.0
298,5.96,hold,kick,79,1.9900000095367432,-0.14000000059604645,0.10973345824050044,0.0625678083150789,0.06480656882891918,0.7835615720319824,1.3148638354281659,-0.0005301248568749597,1.3153939602850409,0.0
299,5.98,hold,kick,80,1.9900000095367432,-0.14000000059604645,0.10973345824050044,0.0632396625633517,0.06614542433320499,0.7833148676754519,1.3145725124250258,-0.0005345902312690644,1.3151071026562948,0.0
300,6.0,hold,kick,81,1.9900000095367432,-0.14000000059604645,0.10973345824050044,0.06387810890184369,0.06761137085639422,0.7830573164218729,1.3142702061111446,-0.0005367661712500256,1.3148069722823947,0.0
301,6.02,hold,kick,82,1.9900000095367432,-0.14000000059604645,0.10973345824050044,0.06447341011588544,0.06920593992473599,0.7827888545464851,1.3139589175120003,-0.0005407850127066224,1.314499702524707,0.0
302,6.04,hold,kick,83,1.9900000095367432,-0.14000000059604645,0.10973345824050044,0.06501137583088754,0.07093958391016435,0.7825322930233372,1.313663654778383,-0.0005478639117361302,1.3142115186901193,0.0
303,6.06,hold,kick,84,1.9900000095367432,-0.14000000059604645,0.10973345824050044,0.0655516613317218,0.0727964571440937,0.7823261631278756,1.3134247862096609,-0.0005875898466065448,1.3140123760562674,0.0
304,6.08,hold,kick,85,1.9900000095367432,-0.14000000059604645,0.10973345824050044,0.06607341847734448,0.0748078999375539,0.7822605347869207,1.3133287865571244,-0.000659669893872717,1.3139884564509972,0.0
305,6.1,hold,kick,86,1.9900000095367432,-0.14000000059604645,0.10973345824050044,0.0665065446930013,0.07697499001171094,0.7823925922652674,1.3134173178766109,-0.0008094481901946282,1.3142267660668054,0.0
306,6.12,hold,kick,87,1.9900000095367432,-0.14000000059604645,0.10973345824050044,0.06681427456881772,0.0792483649987829,0.7827806345251495,1.3137218957375278,-0.0010469705743638633,1.3147688663118917,0.0
307,6.14,hold,kick,88,1.9900000095367432,-0.14000000059604645,0.10973345824050044,0.06700102941294156,0.08160753760053402,0.783433575298786,1.3142300049137232,-0.0013534709233606265,1.315583475837084,0.0
308,6.16,hold,kick,89,1.9900000095367432,-0.14000000059604645,0.10973345824050044,0.06720461081520324,0.08403437918339242,0.784245077768846,1.314831260022434,-0.0017341462116327103,1.3165654062340666,0.0
309,6.18,hold,kick,90,1.9900000095367432,-0.14000000059604645,0.10973345824050044,0.06760295279152095,0.08642154924634549,0.7850634150018897,1.3153681196477214,-0.002118815082712021,1.3174869347304334,0.0
310,6.2,hold,kick,91,1.9900000095367432,-0.14000000059604645,0.10973345824050044,0.06839460613106035,0.08864440862986118,0.785765455368539,1.3157213300264665,-0.0025256469343514984,1.318246976960818,0.0
311,6.22,hold,kick,92,1.9900000095367432,-0.14000000059604645,0.10973345824050044,0.06981948947728316,0.09057882698336067,0.7862247542346713,1.3158092742604017,-0.0021298406943693407,1.317939114954771,0.0
312,6.24,hold,kick,93,1.9900000095367432,-0.14000000059604645,0.10973345824050044,0.07193539953223334,0.09227612623736182,0.7864836689752287,1.3157115133663426,-0.0005109542635033312,1.316222467629846,0.0
313,6.26,hold,kick,94,1.9900000095367432,-0.14000000059604645,0.10973345824050044,0.0745653206962575,0.09385688978923651,0.7867003052556917,1.3155906640092367,-0.0005053547462439967,1.3160960187554807,0.0
314,6.28,hold,kick,95,1.9900000095367432,-0.14000000059604645,0.10973345824050044,0.07750173873903751,0.09536431380255274,0.7868429538205934,1.3153923677383104,-0.0004977463898938606,1.3158901141282042,0.0
315,6.3,hold,kick,96,1.9900000095367432,-0.14000000059604645,0.10973345824050044,0.08070217926105185,0.09677194283607012,0.7868362483809633,1.3150448325906392,-0.0004914082217310073,1.3155362408123703,0.0
316,6.32,hold,kick,97,1.9900000095367432,-0.14000000059604645,0.10973345824050044,0.08414418133632796,0.09793118222486714,0.7865861464677091,1.3144664632747856,-0.0004931309188274287,1.314959594193613,0.0
317,6.34,hold,kick,98,1.9900000095367432,-0.14000000059604645,0.10973345824050044,0.08766514553496443,0.09872371930403775,0.7860108192865167,1.3135326284285698,-0.0005171191201536265,1.3140497475487234,0.0
318,6.36,hold,kick,99,1.9900000095367432,-0.14000000059604645,0.10973345824050044,0.09124458637950704,0.09911870334626308,0.7850583859602908,1.3121873938482864,-0.0005536737318286855,1.3127410675801152,0.0
319,6.38,hold,kick,100,1.9900000095367432,-0.14000000059604645,0.10973345824050044,0.09505776446931921,0.09912038379676152,0.7837506906381164,1.3104915664687298,-0.0005976186527276578,1.3110891851214574,0.0
320,6.4,hold,kick,101,1.9900000095367432,-0.14000000059604645,0.10973345824050044,0.09926176679427495,0.09877617453706314,0.7822099626547903,1.3085660552957692,-0.0006538138407088841,1.309219869136478,0.0
321,6.42,hold,kick,102,1.9900000095367432,-0.14000000059604645,0.10973345824050044,0.1041028529234303,0.09817235529442146,0.7805357116064291,1.3065655977764188,-0.0007025839660639334,1.3072681817424827,0.0
322,6.44,hold,kick,103,1.9900000095367432,-0.14000000059604645,0.10973345824050044,0.10983600469735143,0.09737379055052704,0.7788309108788978,1.3046630558328374,-0.0007648869594040382,1.3054279427922415,0.0
323,6.46,hold,kick,104,1.9900000095367432,-0.14000000059604645,0.10973345824050044,0.11660695542607727,0.09633752118805408,0.7771883613603857,1.3029775784182909,-0.0008834337102426801,1.3038610121285334,0.0
324,6.48,hold,kick,105,1.9900000095367432,-0.14000000059604645,0.10973345824050044,0.1245674633551608,0.09501761575767712,0.7755681967514257,1.301514180334568,-0.0009969980166790494,1.302511178351247,0.0
325,6.5,hold,kick,106,1.9900000095367432,-0.14000000059604645,0.10973345824050044,0.1337573581910385,0.09340562947391351,0.773845336376259,1.3001454496924822,-0.0010735234487625166,1.3012189731412447,0.0
326,6.52,hold,kick,107,1.9900000095367432,-0.14000000059604645,0.10973345824050044,0.1441278322873311,0.09147003945525631,0.7719475523751986,1.2987530575523079,-0.0011741833290353845,1.2999272408813431,0.0
327,6.54,hold,kick,108,1.9900000095367432,-0.14000000059604645,0.10973345824050044,0.155717868681843,0.0892751292498254,0.7698374529265627,1.2972922261173603,-0.0012913160345389037,1.2985835421518992,0.0
328,6.56,hold,kick,109,1.9900000095367432,-0.14000000059604645,0.10973345824050044,0.16854472759693187,0.08692551172440546,0.7674477201213582,1.2956648210018296,-0.0013629971532753415,1.297027818155105,0.0
329,6.58,hold,kick,110,1.9900000095367432,-0.14000000059604645,0.10973345824050044,0.1825245379609545,0.08445463129376178,0.7647584511969349,1.2937821490646966,-0.0014479353706275226,1.2952300844353242,0.0
330,6.6,hold,kick,111,1.9900000095367432,-0.14000000059604645,0.10973345824050044,0.19754483099213865,0.0818333202592455,0.7618057667276142,1.2916088893436901,-0.0015472750499700809,1.2931561643936602,0.0
331,6.62,hold,kick,112,1.9900000095367432,-0.14000000059604645,0.10973345824050044,0.21265485594079644,0.0795577803032097,0.7590433042331103,1.289412315833252,-0.004573258345927381,1.2939855741791795,0.0
332,6.64,hold,kick,113,1.9900000095367432,-0.14000000059604645,0.10973345824050044,0.22651794831387026,0.07815831656291115,0.7580181446979957,1.288651390912138,-0.0029329051698214065,1.2915842960819595,0.0
333,6.66,hold,kick,114,1.9900000095367432,-0.14000000059604645,0.10973345824050044,0.24068764261569342,0.07666154240077232,0.7582616462283851,1.2891382275199954,-0.00219179947640305,1.2913300269963985,0.0
334,6.68,hold,kick,115,1.9900000095367432,-0.14000000059604645,0.10973345824050044,0.25551900879911366,0.07489149217931386,0.7595597388636983,1.2907009035728763,-0.0025210431588027493,1.293221946731679,0.0
335,6.7,hold,kick,116,1.9900000095367432,-0.14000000059604645,0.10973345824050044,0.2709597723466338,0.07287036496962634,0.761852944473423,1.2932432554997029,-0.0027960566571118284,1.2960393121568148,0.0
336,6.72,hold,kick,117,1.9900000095367432,-0.14000000059604645,0.10973345824050044,0.28691912934116914,0.07067273158457107,0.7649430081044367,1.2965423505397053,-0.003148918074928529,1.2996912686146338,0.0
337,6.74,hold,kick,118,1.9900000095367432,-0.14000000059604645,0.10973345824050044,0.30347522587587916,0.06836636549091027,0.7686339984216445,1.3004006826392227,-0.003546939307100219,1.3039476219463229,0.0
338,6.76,hold,kick,119,1.9900000095367432,-0.14000000059604645,0.10973345824050044,0.320353409991104,0.06641636899190023,0.7731134059612078,1.304955008166511,-0.004006104431505286,1.3089611125980163,0.0
339,6.78,hold,kick,120,1.9900000095367432,-0.14000000059604645,0.10973345824050044,0.33721003778768177,0.06421180668096109,0.7776836578378272,1.3095162768987412,-0.004342217855976424,1.3138584947547176,0.0
340,6.8,hold,kick,121,1.9900000095367432,-0.14000000059604645,0.10973345824050044,0.3533420507421677,0.06184379069636003,0.7816569911131582,1.3134156262566,-0.004229880620899448,1.3176455068774993,0.0
341,6.82,hold,kick,122,1.9900000095367432,-0.14000000059604645,0.10973345824050044,0.3679960791269015,0.059650819829181176,0.7844552622469383,1.3160908099926403,-0.002740155459977578,1.3188309654526178,0.0
342,6.84,hold,kick,123,1.9900000095367432,-0.14000000059604645,0.10973345824050044,0.38099979005082135,0.05757905514290675,0.7863783947869937,1.3178693058815225,-0.0031482231286956534,1.3210175290102182,0.0
343,6.86,hold,kick,124,1.9900000095367432,-0.14000000059604645,0.10973345824050044,0.3927981188547379,0.05552700985477767,0.7880228464031682,1.3193799813993958,-0.003435401025173399,1.3228153824245692,0.0
344,6.88,hold,kick,125,1.9900000095367432,-0.14000000059604645,0.10973345824050044,0.40395695219261657,0.053623104263726726,0.7896278376922653,1.3208642658986336,-0.003629734387533789,1.3244940002861674,0.0
345,6.9,hold,kick,126,1.9900000095367432,-0.14000000059604645,0.10973345824050044,0.41501421582000225,0.05209918183005077,0.7912308718747749,1.322370169507842,-0.0037645536173257187,1.3261347231251677,0.0
346,6.92,hold,kick,127,1.9900000095367432,-0.14000000059604645,0.10973345824050044,0.42629975485594623,0.05099424382986862,0.7928137286942218,1.3238856179924672,-0.0038380635117644182,1.3277236815042317,0.0
347,6.94,hold,kick,128,1.9900000095367432,-0.14000000059604645,0.10973345824050044,0.4377869910813885,0.05023286039777478,0.7942649342103388,1.3252709523729642,-0.0038558170817735646,1.3291267694547377,0.0
348,6.96,hold,kick,129,1.9900000095367432,-0.14000000059604645,0.10973345824050044,0.44945958144916587,0.04984836252653459,0.7954060522897762,1.3263259688835591,-0.0038488469490237966,1.330174815832583,0.0
349,6.98,hold,kick,130,1.9900000095367432,-0.14000000059604645,0.10973345824050044,0.4613182217603137,0.049894050587252436,0.7961034735057821,1.3268995014768277,-0.003801377474173702,1.3307008789510013,0.0
350,7.0,hold,kick,131,1.9900000095367432,-0.14000000059604645,0.10973345824050044,0.4733856031696928,0.05039602939155251,0.7962087555877105,1.3268298198078516,-0.003655740473522247,1.3304855602813739,0.0
351,7.02,hold,kick,132,1.9900000095367432,-0.14000000059604645,0.10973345824050044,0.4856632369252739,0.051400725966280855,0.7956365912487382,1.3260099770523621,-0.0033578905032151107,1.3293678675555771,0.0
352,7.04,hold,kick,133,1.9900000095367432,-0.14000000059604645,0.10973345824050044,0.4981886242962385,0.05288519020684566,0.7943334524842992,1.3243565837020808,-0.0028457887957424217,1.3272023724978232,0.0
353,7.06,hold,kick,134,1.9900000095367432,-0.14000000059604645,0.10973345824050044,0.5111213088554221,0.05478339070579186,0.7923126757910695,1.3218893808458199,-0.002210198220086123,1.324099579065906,0.0
354,7.08,hold,kick,135,1.9900000095367432,-0.14000000059604645,0.10973345824050044,0.5246127568066563,0.057084114465858385,0.7896661785332547,1.3187100393819418,-0.0015502668603201812,1.320260306242262,0.0
355,7.1,hold,kick,136,1.9900000095367432,-0.14000000059604645,0.10973345824050044,0.538844475432199,0.059777962839084986,0.7864082022981564,1.3148641347464927,-0.000917289950386261,1.3157814246968789,0.0
356,7.12,hold,kick,137,1.9900000095367432,-0.14000000059604645,0.10973345824050044,0.5540240946965913,0.06300463301276542,0.7826817788619134,1.3105510012180233,-0.0005717310423249064,1.3111227322603483,0.0
357,7.14,hold,kick,138,1.9900000095367432,-0.14000000059604645,0.10973345824050044,0.5704082201242333,0.06694616541970703,0.7786506053581118,1.306039602030115,-0.0004761800397519722,1.306515782069867,0.0
358,7.16,hold,kick,139,1.9900000095367432,-0.14000000059604645,0.10973345824050044,0.5881767839523687,0.0715928248000915,0.7742977627696572,1.3014163147991955,-0.0004262917866281156,1.3018426065858235,0.0
359,7.18,hold,kick,140,1.9900000095367432,-0.14000000059604645,0.10973345824050044,0.6074038936911472,0.07679727785715729,0.7695553999629148,1.2967026341562495,-0.00041075951412080855,1.2971133936703703,0.0
360,7.2,hold,kick,141,1.9900000095367432,-0.14000000059604645,0.10973345824050044,0.6277607227739876,0.08222710567956182,0.7645515610968684,1.2919493062716894,-0.004634050698754721,1.2965833569704441,0.0
361,7.22,hold,kick,142,1.9900000095367432,-0.14000000059604645,0.10973345824050044,0.6473197200546752,0.08628627287441921,0.7614610901787227,1.2891084355977982,-0.0023550490821536638,1.2914634846799518,0.0
362,7.24,hold,kick,143,1.9900000095367432,-0.14000000059604645,0.10973345824050044,0.6663145986975616,0.08954341375678083,0.7600647011829978,1.288004583414383,-0.0015028570010817352,1.2895074404154647,0.0
363,7.26,hold,kick,144,1.9900000095367432,-0.14000000059604645,0.10973345824050044,0.6847104363186626,0.09227136091841542,0.7606456547659716,1.2888416955250122,-0.0019596233362356684,1.2908013188612477,0.0
364,7.28,hold,kick,145,1.9900000095367432,-0.14000000059604645,0.10973345824050044,0.7027958054956479,0.09483702620358561,0.7632042491174162,1.2917004320762746,-0.0018089440305659663,1.2935093761068406,0.0
365,7.3,hold,kick,146,1.9900000095367432,-0.14000000059604645,0.10973345824050044,0.7210330679405557,0.09772726981565916,0.7667215318621844,1.2955922947279335,-0.0023161646738882255,1.2979084594018218,0.0
366,7.32,hold,kick,147,1.9900000095367432,-0.14000000059604645,0.10973345824050044,0.7393684177447332,0.1008547471053727,0.7707115505174726,1.2999587631102212,-0.002851293859445325,1.3028100569696666,0.0
367,7.34,hold,kick,148,1.9900000095367432,-0.14000000059604645,0.10973345824050044,0.7577657428942864,0.10407766024735848,0.7748164656943574,1.304404350035715,-0.0033204202848882633,1.3077247703206032,0.0
368,7.36,hold,kick,149,1.9900000095367432,-0.14000000059604645,0.10973345824050044,0.7758781723920741,0.10729204421309355,0.7786946045710847,1.3084650078488775,-0.003993423286774933,1.3124584311356524,0.0
369,7.38,hold,kick,150,1.9900000095367432,-0.14000000059604645,0.10973345824050044,0.7932098421000103,0.11025552020894355,0.7819442375160055,1.311631202151906,-0.004018582870840212,1.3156497850227462,0.0
370,7.4,hold,kick,151,1.9900000095367432,-0.14000000059604645,0.10973345824050044,0.8092784573068958,0.11233971290600223,0.7843413735626931,1.3135928156863277,-0.001711771811060303,1.3153045874973879,0.0
371,7.42,hold,kick,152,1.9900000095367432,-0.14000000059604645,0.10973345824050044,0.8243777170935066,0.11381902560833125,0.7859741318691489,1.3145383832079323,-0.0004218254106372159,1.3149602086185694,0.0
372,7.44,hold,kick,153,1.9900000095367432,-0.14000000059604645,0.10973345824050044,0.8389677425135331,0.1152385638079889,0.7876113022266213,1.3154720195972676,-0.00046359447002190107,1.3159356140672895,0.0
373,7.46,hold,kick,154,1.9900000095367432,-0.14000000059604645,0.10973345824050044,0.8534871716475728,0.11685533577990338,0.7895592837962803,1.3169057609375805,-0.0005573311861804646,1.317463092123761,0.0
374,7.48,hold,kick,155,1.9900000095367432,-0.14000000059604645,0.10973345824050044,0.8682817570147737,0.11869639546512645,0.7917904053544075,1.3188858565373913,-0.0006560932664315781,1.319541949803823,0.0
375,7.5,hold,kick,156,1.9900000095367432,-0.14000000059604645,0.10973345824050044,0.8834264249910035,0.12061372580030674,0.7940377390510196,1.3210892151596247,-0.0007429465771011355,1.321832161736726,0.0
376,7.52,hold,kick,157,1.9900000095367432,-0.14000000059604645,0.10973345824050044,0.898834313040522,0.12245895378239235,0.7959966216815487,1.3231103674733589,-0.0008236603905509218,1.3239340278639098,0.0
377,7.54,hold,kick,158,1.9900000095367432,-0.14000000059604645,0.10973345824050044,0.9144762485174864,0.12417219460421354,0.797423511153756,1.324679821646703,-0.0008892540888760306,1.3255690757355791,0.0
378,7.56,hold,kick,159,1.9900000095367432,-0.14000000059604645,0.10973345824050044,0.9299645607856604,0.1262251528245335,0.7979271401116467,1.3254606650395988,-0.0009524458736155095,1.3264131109132142,0.0
379,7.58,hold,kick,160,1.9900000095367432,-0.14000000059604645,0.10973345824050044,0.9455564600006553,0.1279238040615944,0.7976302012262999,1.325494174824235,-0.0009449510570519494,1.326439125881287,0.0
380,7.6,hold,kick,161,1.9900000095367432,-0.14000000059604645,0.10973345824050044,0.9613197192628861,0.1286171910809549,0.7964001235386987,1.3245615847125465,-0.0008568931957820235,1.3254184779083285,0.0
381,7.62,hold,kick,162,1.9900000095367432,-0.14000000059604645,0.10973345824050044,0.9770570993798324,0.1284461705055867,0.7942554782009326,1.3225955469970598,-0.0007364048744867568,1.3233319518715465,0.0
382,7.64,hold,kick,163,1.9900000095367432,-0.14000000059604645,0.10973345824050044,0.9927846308002656,0.12769648820596755,0.7912993957862036,1.3196547814438273,-0.0006051272978384974,1.3202599087416658,0.0
383,7.66,hold,kick,164,1.9900000095367432,-0.14000000059604645,0.10973345824050044,1.0086976161318681,0.12649842681928042,0.7877114599028322,1.3159409004925895,-0.0004958793192468315,1.3164367798118364,0.0
384,7.68,hold,kick,165,1.9900000095367432,-0.14000000059604645,0.10973345824050044,1.0250786415043924,0.12490815345144658,0.7835082091751644,1.3115368386510693,-0.00042920520210782895,1.311966043853177,0.0
385,7.7,hold,kick,166,1.9900000095367432,-0.14000000059604645,0.10973345824050044,1.0421125620405736,0.12288408043762732,0.7786530653565806,1.3064423548424284,-0.00040975477645091574,1.3068521096188794,0.0
386,7.72,hold,kick,167,1.9900000095367432,-0.14000000059604645,0.10973345824050044,1.0600416040133067,0.12033398254580323,0.7731071672470541,1.300712284737871,-0.0004096307541303322,1.3011219154920013,0.0
387,7.74,hold,kick,168,1.9900000095367432,-0.14000000059604645,0.10973345824050044,1.0791830794205133,0.11710325942518449,0.7668300714445098,1.2945047215677004,-0.0005301375799080035,1.2950348591476084,0.0
388,7.76,hold,kick,169,1.9900000095367432,-0.14000000059604645,0.10973345824050044,1.0995888581075204,0.11299042114271915,0.7598622736198258,1.2879455428280167,-0.0007724852098340632,1.2887180280378507,0.0
389,7.78,hold,kick,170,1.9900000095367432,-0.14000000059604645,0.10973345824050044,1.1213331101590085,0.10806613902932079,0.7521330624002812,1.2809243344672672,-0.0014653088144701842,1.2823896432817374,0.0
390,7.8,hold,kick,171,1.9900000095367432,-0.14000000059604645,0.10973345824050044,1.1435274473294041,0.10357712892234516,0.7451018474746812,1.2745646946954905,-0.005836726547232114,1.2804014212427226,0.0
391,7.82,hold,kick,172,1.9900000095367432,-0.14000000059604645,0.10973345824050044,1.1650673167446977,0.10010847408234287,0.7412763949091977,1.2712422487876422,-0.0034199124847496404,1.2746621612723918,0.0
392,7.84,hold,kick,173,1.9900000095367432,-0.14000000059604645,0.10973345824050044,1.1870104425799546,0.09645398729759241,0.740048439916146,1.270556484003356,-0.002277553497552355,1.2728340375009084,0.0
393,7.86,hold,kick,174,1.9900000095367432,-0.14000000059604645,0.10973345824050044,1.2092336585085677,0.09245755375337444,0.7408972511015711,1.2718946647339637,-0.0025583662814464836,1.2744530310154103,0.0
394,7.88,hold,kick,175,1.9900000095367432,-0.14000000059604645,0.10973345824050044,1.2316479565392848,0.08829099187993547,0.7434353015583505,1.2748080810308005,-0.00303293386107642,1.2778410148918768,0.0
395,7.9,hold,kick,176,1.9900000095367432,-0.14000000059604645,0.10973345824050044,1.2539134378616352,0.08510565950654807,0.7484609877288111,1.2800279274791109,-0.0035053143281197283,1.2835332418072305,0.0
396,7.92,hold,kick,177,1.9900000095367432,-0.14000000059604645,0.10973345824050044,1.2761163263334099,0.08189224068544824,0.7550971759906372,1.2867211405143122,-0.004256284797230933,1.2909774253115431,0.0
397,7.94,hold,kick,178,1.9900000095367432,-0.14000000059604645,0.10973345824050044,1.2978291630653431,0.07867063099524392,0.7625422016133244,1.2940897895541992,-0.004161738799474832,1.298251528353674,0.0
398,7.96,hold,kick,179,1.9900000095367432,-0.14000000059604645,0.10973345824050044,1.3182182338991604,0.07583283134748088,0.7699894077868717,1.3014013281561196,-0.0037728701502159206,1.3051741983063356,0.0
399,7.98,hold,kick,180,1.9900000095367432,-0.14000000059604645,0.10973345824050044,1.3369059841840771,0.07341517151732826,0.777073882509023,1.3083553882826142,-0.0023763700029936566,1.310731758285608,0.0
400,8.0,hold,kick,181,1.9900000095367432,-0.14000000059604645,0.10973345824050044,1.3540737014016415,0.07117784412865075,0.7836647527458435,1.3149001621257492,-0.0022929733839907353,1.31719313550974,0.0
401,8.02,hold,kick,182,1.9900000095367432,-0.14000000059604645,0.10973345824050044,1.370102972799168,0.06924742254561808,0.7892984400599885,1.3205169734693256,-0.0023446182017001667,1.3228615916710258,0.0
402,8.04,hold,kick,183,1.9900000095367432,-0.14000000059604645,0.10973345824050044,1.3851281576454193,0.06775359348723932,0.7936245428263159,1.3247969983153374,-0.0024695366340448596,1.3272665349493822,0.0
403,8.06,hold,kick,184,1.9900000095367432,-0.14000000059604645,0.10973345824050044,1.399353699498258,0.06661368560726137,0.7965980715312188,1.3276906942158948,-0.0026174527536149857,1.3303081469695097,0.0
404,8.08,hold,kick,185,1.9900000095367432,-0.14000000059604645,0.10973345824050044,1.4130588368818677,0.06574757093048476,0.7985021651898289,1.329521534721245,-0.002722645875943515,1.3322441805971885,0.0
405,8.1,hold,kick,186,1.9900000095367432,-0.14000000059604645,0.10973345824050044,1.4264512157759495,0.06516288991186005,0.7995774118161079,1.3305789118488012,-0.0027801802874051137,1.3333590921362062,0.0
406,8.12,hold,kick,187,1.9900000095367432,-0.14000000059604645,0.10973345824050044,1.439555334452459,0.06494833402941858,0.7998592086437278,1.3308948903666091,-0.0028331525471423716,1.3337280429137515,0.0
407,8.14,hold,kick,188,1.9900000095367432,-0.14000000059604645,0.10973345824050044,1.4523060446745089,0.0651320354866868,0.799295948974703,1.3303726077244917,-0.0028942354264175144,1.3332668431509092,0.0
408,8.16,hold,kick,189,1.9900000095367432,-0.14000000059604645,0.10973345824050044,1.4648827230301356,0.0656830854989999,0.7978982031122667,1.3290115292356128,-0.0035545722204724066,1.3325661014560852,0.0
409,8.18,hold,kick,190,1.9900000095367432,-0.14000000059604645,0.10973345824050044,1.4775375085913545,0.06673383063057926,0.796071422208459,1.327208003062245,-0.0038073028668682424,1.3310153059291132,0.0
410,8.2,hold,kick,191,1.9900000095367432,-0.14000000059604645,0.10973345824050044,1.4907321464807364,0.06841690196140127,0.7941465198129743,1.32527770218506,-0.003669056715161583,1.3289467589002215,0.0
411,8.22,hold,kick,192,1.9900000095367432,-0.14000000059604645,0.10973345824050044,1.5044438606874122,0.07067939228134701,0.7918408875576153,1.3228908336824172,-0.0036543758243672703,1.3265452095067845,0.0
412,8.24,hold,kick,193,1.9900000095367432,-0.14000000059604645,0.10973345824050044,1.5185981473855574,0.07353526250359858,0.788968519476845,1.31982279197825,-0.00356101812461649,1.3233838101028663,0.0
413,8.26,hold,kick,194,1.9900000095367432,-0.14000000059604645,0.10973345824050044,1.5333326388869604,0.07699877794020782,0.7854062160543479,1.3159465493290017,-0.0032664877430970997,1.3192130370720987,0.0
414,8.28,hold,kick,195,1.9900000095367432,-0.14000000059604645,0.10973345824050044,1.5487606561517733,0.08106795764963955,0.780976857329213,1.3110817213068464,-0.002681570839306143,1.3137632921461526,0.0
415,8.3,hold,kick,196,1.9900000095367432,-0.14000000059604645,0.10973345824050044,1.564930224939502,0.0857786098470107,0.775519511432439,1.3050497025533787,-0.002500612659862858,1.3075503152132415,0.0
416,8.32,hold,kick,197,1.9900000095367432,-0.14000000059604645,0.10973345824050044,1.5818756970274805,0.09105017864584762,0.7687934301677328,1.2976207161348985,-0.0024038988436029564,1.3000246149785015,0.0
417,8.34,hold,kick,198,1.9900000095367432,-0.14000000059604645,0.10973345824050044,1.5999904930029032,0.09712199687797815,0.7607988379425766,1.2889272818571456,-0.0024801872008501577,1.2914074690579957,0.0
418,8.36,hold,kick,199,1.9900000095367432,-0.14000000059604645,0.10973345824050044,1.6198222270103677,0.10387683992954291,0.7516987992101007,1.279385374106465,-0.004674316893952146,1.284059691000417,0.0
419,8.38,hold,kick,200,1.9900000095367432,-0.14000000059604645,0.10973345824050044,1.6387752747076714,0.10942960498645511,0.7452444920525448,1.2724486895956817,-0.003494458005014401,1.2759431476006962,0.0
420,8.4,hold,kick,201,1.9900000095367432,-0.14000000059604645,0.10973345824050044,1.6545280225625367,0.11259151045950766,0.7453352855663877,1.2718574671640512,-0.00410967868749389,1.2759671458515451,0.0
421,8.42,hold,kick,202,1.9900000095367432,-0.14000000059604645,0.10973345824050044,1.669915189429554,0.1160740911968052,0.7493684058493403,1.2755390276902598,-0.0037198935426809437,1.2792589212329408,0.0
422,8.44,hold,kick,203,1.9900000095367432,-0.14000000059604645,0.10973345824050044,1.6863861136033276,0.12057506426454559,0.7542129843734943,1.280729891231141,-0.004190628059900253,1.2849205192910411,0.0
423,8.46,hold,kick,204,1.9900000095367432,-0.14000000059604645,0.10973345824050044,1.7039533459059195,0.12559684084868342,0.7591200374514357,1.2865515194671608,-0.004286402119668402,1.2908379215868293,0.0
424,8.48,hold,kick,205,1.9900000095367432,-0.14000000059604645,0.10973345824050044,1.7222249362194102,0.13045572174798556,0.7642840217838459,1.292938033753623,-0.004143293199980268,1.2970813269536032,0.0
425,8.5,hold,kick,206,1.9900000095367432,-0.14000000059604645,0.10973345824050044,1.7406579447235813,0.1349534275669963,0.769955479897153,1.2998534969768538,-0.004084979964597835,1.3039384769414517,0.0
426,8.52,hold,kick,207,1.9900000095367432,-0.14000000059604645,0.10973345824050044,1.7587833377912465,0.13934985169558353,0.7758736910952324,1.3067694180437273,-0.00428768574243707,1.3110571037861642,0.0
427,8.54,hold,kick,208,1.9900000095367432,-0.14000000059604645,0.10973345824050044,1.7761111645988157,0.14370281251021744,0.7813476484299516,1.3128966048938129,-0.004454521378446319,1.3173511262722593,0.0
428,8.56,hold,kick,209,1.9900000095367432,-0.14000000059604645,0.10973345824050044,1.7921818084673953,0.14757621083380285,0.7854525970117143,1.3173405219382146,-0.002215609630652149,1.3195561315688669,0.0
429,8.58,hold,kick,210,1.9900000095367432,-0.14000000059604645,0.10973345824050044,1.8067385983606499,0.15114194125042532,0.7878069312439562,1.3197340873923669,-0.0019164657330897616,1.3216505531254565,0.0
430,8.6,hold,kick,211,1.9900000095367432,-0.14000000059604645,0.10973345824050044,1.8200475575094557,0.15466549913876615,0.7882172986253076,1.3199575227805427,-0.001546376473064097,1.3215038992536068,0.0
431,8.62,hold,kick,212,1.9900000095367432,-0.14000000059604645,0.10973345824050044,1.8325310596885218,0.15834618317470464,0.786858348433872,1.3182099784476156,-0.0013063646867443116,1.31951634313436,0.0
432,8.64,hold,kick,213,1.9900000095367432,-0.14000000059604645,0.10973345824050044,1.8437314850556892,0.16174556124401668,0.7850784485898116,1.3158551076359377,-0.0014245796901033135,1.317279687326041,0.0
433,8.66,hold,kick,214,1.9900000095367432,-0.14000000059604645,0.10973345824050044,1.8527355932519753,0.16396263343282702,0.7856322678129708,1.315872946739168,-0.0009256726826526382,1.3167986194218206,0.0
434,8.68,hold,kick,215,1.9900000095367432,-0.14000000059604645,0.10973345824050044,1.86037978567559,0.16572818064938843,0.7873961878361714,1.3171319577391762,-0.0006125316155851691,1.3177444893547614,0.0
435,8.7,hold,kick,216,1.9906953391521973,-0.14030806421346884,0.11044042804155929,1.866768056071556,0.1671254943570397,0.7895963776640952,1.3189033730914925,-0.0005936668276592567,1.3194970399191517,0.0
436,8.72,hold,kick,217,2.0254045686789706,-0.1525859276576859,0.12233090963598613,1.872017953306725,0.16801855230544716,0.7916603977369934,1.3206805254650105,-0.0006512947176491521,1.3213318201826596,0.0
437,8.74,hold,kick,218,2.0768922387536106,-0.17413058885482738,0.13702019637794333,1.8756988850805785,0.16868432199457173,0.7933575472168226,1.3223833449978657,-0.0006988149752477323,1.3230821599731135,0.0
438,8.76,hold,kick,219,2.1291588854833945,-0.19632484889962956,0.149259632694192,1.8783769700583044,0.16936229804556074,0.7948226987222791,1.3240034350040302,-0.0006981300956337907,1.3247015650996639,0.0
439,8.78,hold,kick,220,2.1814255322131784,-0.21851910894443174,0.1575750690104411,1.8812257236531285,0.1701027766260109,0.7963753548924069,1.325702237207952,-0.0006738244252363669,1.3263760616331886,0.0
440,8.8,hold,kick,221,2.2336921789429622,-0.24071336898923393,0.16196650532668977,1.8847067181882373,0.17084984831251676,0.7977018674452356,1.3272340417147164,-0.0007132114469391576,1.3279472531616556,0.0
441,8.82,hold,kick,222,2.285958825672746,-0.26290762903403675,0.16243394164293856,1.888772219824163,0.1716450994453347,0.7983586416422097,1.3281992825065025,-0.0008236735011705326,1.3290229560076732,0.0
442,8.84,hold,kick,223,2.33822547240253,-0.28510188907884004,0.15897737795918776,1.8930243464133596,0.17256213087358946,0.7984126441122638,1.3285779285237973,-0.0008564228844783126,1.3294343514082756,0.0
443,8.86,hold,kick,224,2.390492119132314,-0.30729614912364334,0.15159681427543625,1.8972928664046895,0.17405951167462916,0.798088648837805,1.3285368846169698,-0.0008664592396966167,1.3294033438566664,0.0
444,8.88,hold,kick,225,2.4427587658620977,-0.32949040916844663,0.14029225059168515,1.9014354485021294,0.17572595292650292,0.7976747763717857,1.3283045451955082,-0.0007783777928395026,1.3290829229883476,0.0
445,8.9,hold,kick,226,2.4950254125918816,-0.3516846692132499,0.12506368690793404,1.9053058759596309,0.1767603097505875,0.797282262343751,1.3279931039383475,-0.0006418313323730378,1.3286349352707205,0.0
446,8.92,hold,kick,227,2.5466080285974004,-0.3737548519657896,0.10672540184859125,1.9090066487730195,0.1769685977266157,0.7968920925824574,1.3275982871998901,-0.0007157762059169202,1.328314063405807,0.0
447,8.94,hold,kick,228,2.5831091775435184,-0.39301001058580787,0.10381872708882478,1.9126839309705772,0.1764058229162116,0.7966825373252102,1.327309084357795,-0.000750023537890842,1.3280591078956858,0.0
448,8.96,hold,kick,229,2.6138662688448555,-0.4111709471754118,0.10687577578602703,1.9161319910613264,0.17518299105678578,0.7968622737996052,1.3273194937546422,-0.0007139338556446592,1.3280334276102868,0.0
449,8.98,hold,kick,230,2.6439759328662444,-0.4292448353703544,0.10939229676931876,1.9192340895445046,0.17335785398376335,0.7974846778365464,1.3276609878628538,-0.0006820459025647756,1.3283430337654185,0.0
450,9.0,hold,kick,231,2.6740402500514753,-0.44731280315363753,0.11009782896380702,1.9222192868351475,0.17100058987863367,0.7983682222884109,1.328147806722153,-0.0006650660064722001,1.3288128727286252,0.0
451,9.02,hold,kick,232,2.7040061013727152,-0.46528923331435695,0.10962094219389312,1.9254010629108753,0.16829768390244088,0.7997535227067101,1.3290565715416838,-0.000620523955394997,1.3296770954970787,0.0
452,9.04,hold,kick,233,2.7339291863039668,-0.4832275968069348,0.11002955661980116,1.928849493497762,0.16562372200730252,0.801209589087079,1.3300105315792792,-0.0005971520635284291,1.3306076836428076,0.0
453,9.06,hold,kick,234,2.7638322040999177,-0.5011448039184111,0.10997737743013859,1.9324812344647901,0.16314826977892372,0.8026139876986349,1.3308964399383183,-0.0005656033415835024,1.3314620432799018,0.0
454,9.08,hold,kick,235,2.793722168951136,-0.519048115913334,0.10999559499946275,1.9361537329630811,0.1609603985848425,0.8039734527739804,1.331771660197171,-0.0005523456463286149,1.3323240058434995,0.0
455,9.1,hold,kick,236,2.8236059578525596,-0.5369446693935948,0.10998692940982172,1.9394102690982196,0.15894107960044626,0.8052663246649935,1.3326088190834866,-0.0006013326857067652,1.3332101517691934,0.0
456,9.12,hold,kick,237,2.8534855133350168,-0.5548366238127239,0.10998590893190853,1.9423137680790685,0.1573005841278062,0.8064802239040757,1.3333389960118347,-0.000621292235081658,1.3339602882469164,0.0
457,9.14,hold,kick,238,2.8833616196073755,-0.5727249216642949,0.10999623978427951,1.9448893278754231,0.15568405864868254,0.8076557658677251,1.3339449789714362,-0.0006149464535581649,1.3345599254249942,0.0
458,9.16,hold,kick,239,2.913234587034594,-0.5906099571959331,0.10999417111523156,1.9470121655806185,0.15393341306393568,0.8087406601197155,1.3343399713148822,-0.0006243306101990052,1.3349643019250812,0.0
459,9.18,hold,kick,240,2.9431038886980136,-0.6084912678284752,0.1099910957770446,1.9490298522738785,0.15196703584603916,0.8096295572717557,1.3344976672619226,-0.0006134093966412082,1.3351110766585639,0.0
460,9.2,hold,kick,241,2.972969451220963,-0.6263688172984483,0.10999440436147734,1.9512331332049315,0.15002000297025497,0.8103079797921605,1.3344895210175176,-0.0006193010490283431,1.335108822066546,0.0
461,9.22,hold,kick,242,3.002831083292951,-0.6442424294302288,0.10999530052020115,1.9536527704280078,0.14823553654681734,0.8108427591612642,1.334468011634176,-0.0006364787795069687,1.335104490413683,0.0
462,9.24,hold,kick,243,3.0326889123436755,-0.6621122389351456,0.10999616117609472,1.9562600981390381,0.1465934843305438,0.8113056541013699,1.3345531196331164,-0.0006851497581637361,1.33523826939128,0.0
463,9.26,hold,kick,244,3.0625426195792658,-0.6799779407280676,0.10999108531679432,1.9591428149807022,0.14514031042710185,0.8116948648534693,1.3347454429773191,-0.0007456055442646471,1.3354910485215838,0.0
464,9.28,hold,kick,245,3.0923922583294656,-0.6978395918511907,0.1099908944184294,1.9624224706931976,0.14392862568256978,0.8120031033216717,1.3350861631028605,-0.0007967807710411168,1.3358829438739017,0.0
465,9.3,hold,kick,246,3.1222382116010152,-0.7156975471572089,0.10999738755445489,1.9660273586924437,0.1428074049454476,0.8121828146229845,1.3355141667782982,-0.0008276976273133667,1.3363418644056115,0.0
466,9.32,hold,kick,247,3.1520810737867238,-0.7335523654578625,0.10999924516454206,1.9698954412288319,0.14149814798084523,0.8120944859576948,1.3357868785847344,-0.0008503936354106005,1.336637272220145,0.0
467,9.34,hold,kick,248,3.1819193619104604,-0.7514026241452285,0.10997539431686007,1.9740944044750703,0.13980168456765735,0.8117708748042094,1.3358349383604589,-0.0008885341564254835,1.3367234725168844,0.0
468,9.36,hold,kick,249,3.2117530062754605,-0.769248348067099,0.10998759726228355,1.9787838403480147,0.13774210472408235,0.8113324915409122,1.3357829036422657,-0.0009323577768442053,1.33671526141911,0.0
469,9.38,hold,kick,250,3.2415824785819147,-0.7870899188313181,0.1099862874808596,1.984126559732634,0.13532107010321404,0.8108130466189178,1.3357005273950442,-0.000961328501539925,1.3366618558965842,0.0
470,9.4,hold,kick,251,3.271407797150977,-0.8049273714180016,0.10998137664590324,1.9902256400441716,0.13244573079299476,0.8101077516235902,1.3354974083853683,-0.0009709120436452792,1.3364683204290135,0.0
471,9.42,hold,kick,252,3.3012290802704043,-0.8227608183516998,0.1099701958071761,1.9971676463768229,0.1290309098202947,0.8091483112586535,1.3351239137644408,-0.0009682294776266025,1.3360921432420674,0.0
472,9.44,hold,kick,253,3.331046901381221,-0.8405908572711651,0.10997448693687928,2.0050466048278515,0.12507714104734763,0.8079426268176582,1.3346163641867141,-0.0009665882891314106,1.3355829524758456,0.0
473,9.46,hold,kick,254,3.3608590857929004,-0.8584153426841546,0.10997487093251808,2.0138584589440915,0.12058569605973114,0.8065417604393488,1.3339835805771467,-0.0009386721567470578,1.3349222527338938,0.0
474,9.48,hold,kick,255,3.390670136988091,-0.8762386965946447,0.10998682894465646,2.023637182312467,0.11553875657331591,0.8049617329599377,1.3331951189762623,-0.0008637498764976527,1.33405886885276,0.0
475,9.5,hold,kick,256,3.4204769520522964,-0.8940576289057413,0.10999170088444397,2.03449124037503,0.10996002537529032,0.8031475216840673,1.3321704270191974,-0.0007307627937459121,1.3329011898129433,0.0
476,9.52,hold,kick,257,3.4502811534767215,-0.9118738220229368,0.10999941917117445,2.046507032475141,0.10386397863726389,0.8010313787797999,1.3307905005024343,-0.0005495553288302341,1.3313400558312645,0.0
477,9.54,hold,kick,258,3.480083883137806,-0.9296884466194095,0.10999802630294686,2.059670133186506,0.09714913454584417,0.7984037281445646,1.3287905039542431,-0.00045315047688260224,1.3292436544311257,0.0
478,9.56,hold,kick,259,3.5098863167122607,-0.9475027879513219,0.10999266641229616,2.073736705967136,0.08969795674685768,0.7945967920300903,1.325451077390033,-0.0004216633416218307,1.3258727407316548,0.0
479,9.58,hold,kick,260,3.539688524362878,-0.9653169802826999,0.10998573060249162,2.08792313479725,0.08188770413688864,0.7895250017801275,1.3206094087011924,-0.008444409033557684,1.32905381773475,0.0
480,9.6,hold,kick,261,3.569490466706989,-0.9831310121954094,0.1099782198789131,2.099530995203195,0.07497380881226084,0.7850299340810014,1.3162744079444624,-0.0038936846069249215,1.3201680925513872,0.0
481,9.62,hold,kick,262,3.599292121146906,-1.0009448717735465,0.10997056538648786,2.1084351655890163,0.0682499706144922,0.7808875903772715,1.3123039742017075,-0.0021526888189802064,1.3144566630206878,0.0
482,9.64,hold,kick,263,3.629093480704155,-1.018758555054763,0.10996295489247422,2.115251347955134,0.0625798070030361,0.7772748739230841,1.3088589294862034,-0.0014979268749935083,1.310356856361197,0.0
483,9.66,hold,kick,264,3.658894546283978,-1.0365720626076083,0.10995546910838233,2.119759269058377,0.05969466911391427,0.7769587282230226,1.3087486444834369,-0.0014257135177139155,1.3101743580011507,0.0
484,9.68,hold,kick,265,3.6886953223251977,-1.05438539708898,0.10994814088376736,2.1231363192477826,0.05753279322932432,0.7780008865423127,1.3099760961828464,-0.0017527871712663574,1.3117288833541128,0.0
485,9.7,hold,kick,266,3.718495814739128,-1.0721985620328234,0.1099409815945504,2.125978869208725,0.055708894987908916,0.7793946826844356,1.311490637486231,-0.0019491529043079124,1.3134397903905388,0.0
486,9.72,hold,kick,267,3.7482960299711006,-1.0900115612918806,0.10993399307188342,2.1285344713873067,0.054339587375207624,0.7808247159867502,1.312994886469952,-0.002010254444686374,1.3150051409146384,0.0
487,9.74,hold,kick,268,3.7780959745808764,-1.1078243987872396,0.1099271730148711,2.1307866201006447,0.05349907200358322,0.782063582392721,1.3142693630265472,-0.0018262881574995261,1.3160956511840467,0.0
488,9.76,hold,kick,269,3.8078956550596357,-1.1256370783989875,0.10992051743561519,2.1329531683182226,0.05312210836809604,0.7831322651958088,1.3153451034748556,-0.0016679245164353575,1.3170130279912908,0.0
489,9.78,hold,kick,270,3.837695077754081,-1.1434496039208473,0.10991402175037443,2.1350583194914874,0.05328917819180304,0.7837765622391569,1.31597104953475,-0.0015629080837582382,1.3175339576185083,0.0
490,9.8,hold,kick,271,3.867494248838494,-1.1612619790434815,0.10990768125603378,2.1370382456747348,0.05399741382325929,0.7836065682149114,1.3157621796498515,-0.0018593296733847436,1.3176215093232362,0.0
491,9.82,hold,kick,272,3.8972931743078703,-1.1790742073503817,0.10990149133024323,2.139261112735928,0.054598737835792034,0.7830884069178587,1.3151455463376123,-0.001284333208875714,1.316429879546488,0.0
492,9.84,hold,kick,273,3.9270918599800013,-1.1968862923191175,0.10989544750915646,2.141174464388045,0.05508780408972925,0.7824068364084323,1.3143176287068452,-0.0008947961822338077,1.315212424889079,0.0
493,9.86,hold,kick,274,3.9568903115011116,-1.2146982373247064,0.10988954551208908,2.1426274627373774,0.05519583893079887,0.7820072349006214,1.3137081436497091,-0.001102822535476642,1.3148109661851857,0.0
494,9.88,hold,kick,275,3.9866885343527074,-1.2325100456437006,0.10988378124389762,2.1441007390049256,0.055151994234117686,0.7818861212516172,1.3133974950910603,-0.0013357517994928257,1.314733246890553,0.0
495,9.9,hold,kick,276,4.016486533858613,-1.2503217204584032,0.10987815078853372,2.14590648670748,0.055086876881074436,0.7813947792328735,1.3127714564934143,-0.0016165731662692723,1.3143880296596835,0.0
496,9.92,hold,kick,277,4.046284315191825,-1.2681332648609585,0.1098726503995256,2.148149671160316,0.05486808180536182,0.7803005976949106,1.3115986424524175,-0.0018941902065661015,1.3134928326589836,0.0
497,9.94,hold,kick,278,4.076081883381007,-1.2859446818572398,0.10986727648977054,2.150775240160758,0.054479381450965536,0.7786093512978274,1.3098689452297978,-0.0020244453017381377,1.311893390531536,0.0
498,9.96,hold,kick,279,4.1058792433166245,-1.3037559743705078,0.10986202562157629,2.153601927967444,0.053948815951797104,0.7765849932646326,1.3078253471408285,-0.0020148378677845163,1.309840185008613,0.0
499,9.98,hold,kick,280,4.135676399756677,-1.321567145244841,0.10985689449728549,2.156405681070735,0.05328846888354827,0.7745064336711809,1.3057318888713014,-0.0019236048313744439,1.3076554937026759,0.0
500,10.0,hold,kick,281,4.16547335733206,-1.3393781972483516,0.10985187995057055,2.158967164880069,0.05261633209964436,0.7725033791221845,1.3037303095276116,-0.0018160482346327167,1.3055463577622444,0.0
501,10.02,hold,kick,282,4.195270120551653,-1.3571891330762036,0.10984697893839093,2.161086087315861,0.05210732924251894,0.7705071935938571,1.3017777287833563,-0.0016867371986539516,1.3034644659820103,0.0
502,10.04,hold,kick,283,4.22506669380702,-1.3749999553534478,0.10984218853357249,2.1626688205506417,0.05190439903739192,0.7684454366291691,1.2998134458340358,-0.0016074664710765789,1.3014209123051124,0.0
503,10.06,hold,kick,284,4.254863081376889,-1.392810666637679,0.10983750591796011,2.1637489887538415,0.05198679596644239,0.7663366740893552,1.2978357071766504,-0.0015824929116190212,1.2994182000882695,0.0
504,10.08,hold,kick,285,4.284659287431324,-1.410621269421544,0.10983292837609254,2.1645572726316784,0.05216610688471715,0.7643398533763384,1.2959482998831604,-0.0015654336127497448,1.2975137334959101,0.0
505,10.1,hold,kick,286,4.31445531603569,-1.4284317661351016,0.10982845328935532,2.1656225018476407,0.052067772132325996,0.7634985442556855,1.295148009219064,-0.0015346586266569776,1.2966826678457208,0.0
506,10.12,hold,kick,287,4.344251171154361,-1.4462421591480463,0.10982407813056871,2.166980514088105,0.05205195143870466,0.7635550571614714,1.2952535500688651,-0.0015002495000845002,1.2967537995689495,0.0
507,10.14,hold,kick,288,4.374046856654237,-1.4640524507718107,0.10981980045897365,2.168304287930641,0.05205071790699601,0.764120970482618,1.2958757846366675,-0.0014679910643403266,1.2973437757010078,0.0
508,10.16,hold,kick,289,4.403842376308083,-1.4818626432615516,0.10981561791558118,2.169519630230286,0.05195093142333863,0.764955006628531,1.2967635446705734,-0.0014594397840902752,1.2982229844546638,0.0
509,10.18,hold,kick,290,4.433637733797654,-1.499672738818029,0.109811528218855,2.1706111346484325,0.05164635813080317,0.7659064600855608,1.2977581984159146,-0.001468482481743704,1.2992266808976582,0.0
510,10.2,hold,kick,291,4.463432932716677,-1.5174827395893842,0.10980752916069886,2.171550118902812,0.05108069601289918,0.7668479585435218,1.2987318870298363,-0.0014922405662832032,1.3002241275961195,0.0
511,10.22,hold,kick,292,4.4932279765736824,-1.535292647672831,0.1098036186027245,2.172301391829275,0.050277454526708294,0.7676603076671581,1.299569552485165,-0.0015264113220672774,1.3010959638072321,0.0
512,10.24,hold,kick,293,4.523022868794673,-1.5531024651162564,0.10979979447277644,2.1728519602021406,0.04927300717438013,0.7682147532007195,1.3001444659456722,-0.0015639979504195253,1.3017084638960918,0.0
513,10.26,hold,kick,294,4.552817612725686,-1.5709121939197408,0.1097960547616941,2.173171024746292,0.04812150165972973,0.7683912475603698,1.300337529596182,-0.001599011005344493,1.3019365406015266,0.0
514,10.28,hold,kick,295,4.582612211635198,-1.58872183603701,0.10979239752029124,2.173243146484132,0.046876430175276075,0.7681082340742479,1.3000678711596347,-0.0016363239163516043,1.3017041950759864,0.0
515,10.3,hold,kick,296,4.612406668716447,-1.6065313933768115,0.10978882085653681,2.173120770482793,0.04558319209887548,0.7673409185003173,1.299309689762529,-0.001634687842210391,1.3009443776047394,0.0
516,10.32,hold,kick,297,4.642200987089618,-1.6243408678042288,0.10978532293292093,2.1728699624684182,0.04425671079123507,0.7661648958005511,1.2981362874402538,-0.0015905977891081807,1.299726885229362,0.0
517,10.34,hold,kick,298,4.671995169803946,-1.6421502611419363,0.10978190196399183,2.1725421528727207,0.04290250095554257,0.7647389142778017,1.2967041970131228,-0.0014792296699323235,1.2981834266830552,0.0
518,10.36,hold,kick,299,4.701789219839727,-1.6599595751713923,0.10977855621405146,2.1721993044166616,0.04144938712007418,0.763458321321468,1.2953955638227388,-0.0013032871313808196,1.2966988509541195,0.0
519,10.38,hold,kick,300,4.731583140110209,-1.6777688116339893,0.1097752839949968,2.1719396848284007,0.03992094331518839,0.7627373878344078,1.294635420811748,-0.001099732426911578,1.2957351532386596,0.0
520,10.4,hold,kick,301,4.7613769334634455,-1.695577972232142,0.10977208366429725,2.171755080558081,0.03839032677969954,0.7625987217934767,1.2944665458817917,-0.0009370161101137954,1.2954035619919055,0.0
521,10.42,hold,kick,302,4.791170602684045,-1.7133870586303397,0.10976895362309676,2.17153131017517,0.03684720048540484,0.7628897790135568,1.2947410139718953,-0.0008482428803985344,1.295589256852294,0.0
522,10.44,hold,kick,303,4.8209641504948415,-1.7311960724561497,0.10976589231443282,2.171214320680001,0.03523896864031299,0.7634617238443792,1.2953068089587114,-0.0008181616411094932,1.296124970599821,0.0
523,10.46,hold,kick,304,4.850757579558506,-1.7490050153011805,0.10976289822156295,2.1708160999002266,0.03356340424608924,0.7641408965060646,1.2959915049058996,-0.0008255956468312606,1.296817100552731,0.0
524,10.48,hold,kick,305,4.880550892479112,-1.7668138887220073,0.10975996986639142,2.1703356133134535,0.031825825149491456,0.7647299346798231,1.2965976301956168,-0.0008615129585872183,1.297459143154204,0.0
525,10.5,hold,kick,306,4.91034409180361,-1.784622694241062,0.10975710580798918,2.16979770184436,0.02998962060949415,0.7650585480259783,1.2969494804990962,-0.0008956286468821233,1.2978451091459784,0.0
526,10.52,hold,kick,307,4.940137180023253,-1.8024314333474851,0.10975430464119977,2.169199374658961,0.02802435239954828,0.7650176687518904,1.296931179122847,-0.0008892525387448266,1.2978204316615918,0.0
527,10.54,hold,kick,308,4.969930159574983,-1.820240107497954,0.10975156499532593,2.168512814778985,0.02593809839373847,0.7646092113213651,1.2965395647404376,-0.0008333102048555113,1.297372874945293,0.0
528,10.56,hold,kick,309,4.999723032842754,-1.8380487181174705,0.10974888553289076,2.167730113412081,0.023760017740807934,0.7639321215884881,1.295870878687782,-0.0007275921124155517,1.2965984708001974,0.0
529,10.58,hold,kick,310,5.029515802158815,-1.8558572666001285,0.10974626494846847,2.166813181652965,0.021603996995099822,0.7632344367471815,1.2951683443655306,-0.0006218316190263924,1.295790175984557,0.0
530,10.6,hold,kick,311,5.05930846980494,-1.8736657543098534,0.10974370196758,2.16581970744893,0.019604625643191355,0.7627569932877519,1.2946874634211731,-0.0005679202487620036,1.2952553836699352,0.0
531,10.62,hold,kick,312,5.08910103801362,-1.89147418258111,0.10974119534564877,2.164864106997976,0.017769764312214404,0.7623666510787845,1.294297044345137,-0.0005254044585360461,1.294822448803673,0.0
532,10.64,hold,kick,313,5.118893508969216,-1.909282552719595,0.10973874386701295,2.1639188722465685,0.016114164991662874,0.7620052481419052,1.293937123682288,-0.0005171148318105431,1.2944542385140987,0.0
533,10.66,hold,kick,314,5.148685884870084,-1.927090866039369,0.10973640208386648,2.162936853187164,0.014637165657786872,0.7616173413224068,1.2935528963736733,-0.0005101488680741388,1.2940630452417474,0.0
534,10.68,hold,kick,315,5.178478173533324,-1.9448991272130844,0.1097347797661876,2.1618672594070243,0.013325955601065564,0.7611363918421391,1.2930771690959302,-0.0005056079015257828,1.293582776997456,0.0
535,10.7,hold,kick,316,5.208270400819791,-1.9627073516989952,0.10973397257060652,2.1606961236156033,0.012153964299567553,0.7605278157973454,1.2924727699227674,-0.0005025063689084765,1.292975276291676,0.0
536,10.72,hold,kick,317,5.2380625952435285,-1.9805155565412997,0.10973363506141644,2.159420459718746,0.011097584055693178,0.7598018469687475,1.2917462143922314,-0.0005025748096738822,1.2922487892019052,0.0
537,10.74,hold,kick,318,5.267854774992887,-1.9983237526120314,0.10973351106911117,2.1580298628093213,0.010130153019336627,0.758976791651604,1.290913870811744,-0.0005243165419026238,1.2914381873536467,0.0
538,10.76,hold,kick,319,5.297646949013713,-2.0161319452585493,0.10973347095436706,2.156571336767606,0.009237700461800082,0.7580464871102427,1.2899715075838787,-0.0005542857240518756,1.2905257933079306,0.0
539,10.78,hold,kick,320,5.327439121053895,-2.0339401367211423,0.10973345993847486,2.155095317382027,0.008431806286543988,0.7570375347118159,1.2889465031880833,-0.000568820536873349,1.2895153237249568,0.0
540,10.8,hold,kick,321,5.357231292497282,-2.051748327827001,0.10973345771733319,2.1536413929906497,0.007712544115515033,0.756039572891457,1.2879265285070893,-0.000571585627619841,1.2884981141347092,0.0
541,10.82,hold,kick,322,5.387023463794703,-2.0695565188456126,0.10973345765748284,2.152233083340091,0.007072495187114278,0.7551124562342094,1.2869731599093557,-0.0005661735322492374,1.287539333441605,0.0
542,10.84,hold,kick,323,5.4168156350713375,-2.0873647098517956,0.10973345791090575,2.150887628249177,0.006519652844497635,0.7542604930109168,1.2860928170290535,-0.0005530705053221133,1.2866458875343756,0.0
543,10.86,hold,kick,324,5.446607806353088,-2.105172900861036,0.10973345809224348,2.1496051619794905,0.006049502030019657,0.7535219480187121,1.2853227033602102,-0.000539674336218026,1.2858623776964282,0.0
544,10.88,hold,kick,325,5.476399977641092,-2.1229810918740184,0.10973345818273751,2.148398296877476,0.005637358456237156,0.7529476543085648,1.2847148343373278,-0.0005299288448375773,1.2852447631821653,0.0
545,10.9,hold,kick,326,5.506192148932701,-2.140789282889154,0.10973345822062505,2.147265517946153,0.005277476304489676,0.7525280687384778,1.284263839171303,-0.0005222500165032902,1.2847860891878062,0.0
546,10.92,hold,kick,327,5.535984320225949,-2.1585974739052656,0.10973345823455626,2.1461964292809723,0.004979705392418811,0.7522285567143492,1.283938277327564,-0.0005206810144276659,1.2844589583419916,0.0
547,10.94,hold,kick,328,5.565776491519835,-2.176405664921762,0.10973345823906738,2.1451613989170792,0.004713783354488262,0.7520254629872952,1.283714230518259,-0.0005291013253334725,1.2842433318435924,0.0
548,10.96,hold,kick,329,5.595568662813945,-2.1942138559383912,0.10973345824030778,2.144175925145737,0.004445712211766801,0.7519071323654517,1.283578671868955,-0.0005293217921204484,1.2841079936610755,0.0
549,10.98,hold,kick,330,5.625360834108123,-2.2120220469550613,0.10973345824055859,2.1432515023641936,0.004176682084971675,0.7518684114323603,1.2835275038280956,-0.0005229639950780733,1.2840504678231737,0.0
550,11.0,hold,kick,331,5.655153005402306,-2.229830237971745,0.10973345824056585,2.14235169105594,0.003909022865439659,0.7518656342962352,1.2835189761507726,-0.0005242264134820013,1.2840432025642545,0.0
551,11.02,hold,kick,332,5.6849451766964885,-2.247638428988429,0.10973345824053762,2.141459404274708,0.003629006067861802,0.7518691092744995,1.2835199989525934,-0.0005286173603058358,1.2840486163128992,0.0
552,11.04,hold,kick,333,5.714737347990671,-2.265446620005113,0.10973345824051732,2.140588457326171,0.0033177963139670863,0.7518871001610328,1.283537227102642,-0.0005299892239695597,1.2840672163266116,0.0
553,11.06,hold,kick,334,5.744529519284854,-2.2832548110217967,0.10973345824050718,2.139730587825106,0.0029748395768191996,0.7519043315610301,1.2835573005401664,-0.0005373350031651555,1.2840946355433316,0.0
554,11.08,hold,kick,335,5.774321690579037,-2.3010630020384806,0.10973345824050289,2.1388729723350965,0.0026119575994860197,0.7518778948185284,1.2835385557448256,-0.0005481199731503204,1.2840866757179759,0.0
555,11.1,hold,kick,336,5.80411386187322,-2.3188711930551644,0.1097334582405013,2.138032519180076,0.0022270241663537244,0.7517923911530238,1.2834620283664395,-0.000551542710491626,1.2840135710769311,0.0
556,11.12,hold,kick,337,5.833906033167403,-2.3366793840718483,0.10973345824050078,2.137222607009164,0.0018170818853471265,0.7516728993692909,1.2833499047501193,-0.0005520689313772316,1.2839019736814965,0.0
557,11.14,hold,kick,338,5.863698204461586,-2.354487575088532,0.10973345824050078,2.136449102120778,0.001381305730593361,0.7515528579326768,1.2832342609467715,-0.0005538740009716769,1.2837881349477431,0.0
558,11.16,hold,kick,339,5.893490375755769,-2.372295766105216,0.10973345824050078,2.135718945247365,0.0009236872849592317,0.751457012103481,1.2831401308123351,-0.0005545761931686453,1.2836947070055038,0.0
559,11.18,hold,kick,340,5.9232825470499515,-2.3901039571219,0.10973345824050078,2.135037260888377,0.00045050797462355005,0.7513976143681951,1.2830805430389216,-0.000552348601225737,1.2836328916401474,0.0
560,11.2,hold,kick,341,5.953074718344134,-2.4079121481385837,0.10973345824050078,2.134401674205459,-2.826239351746359e-05,0.751373572920134,1.2830556700075235,-0.0005504416585399505,1.2836061116660635,0.0
561,11.22,hold,kick,342,5.982866889638317,-2.4257203391552675,0.10973345824050078,2.133806461406363,-0.0005084043942845197,0.7513844069160728,1.2830653779954773,-0.0005482486365191129,1.2836136266319964,0.0
562,11.24,hold,kick,343,6.0126590609325,-2.4435285301719514,0.10973345824050078,2.133246048423804,-0.0009975063333317051,0.7514319653885269,1.2831125277163267,-0.000545545445524008,1.2836580731618508,0.0
563,11.26,hold,kick,344,6.042451232226683,-2.4613367211886352,0.10973345824050078,2.1327078005664433,-0.0015003430522917876,0.751473733019111,1.2831564376175602,-0.0005521734504792195,1.2837086110680394,0.0
564,11.28,hold,kick,345,6.072243403520866,-2.479144912205319,0.10973345824050078,2.1322094567448553,-0.002020340581354113,0.7514875437743332,1.2831709215903495,-0.0005669729490706994,1.2837378945394202,0.0
565,11.3,hold,kick,346,6.102035574815049,-2.496953103222003,0.10973345824050078,2.1317832151052953,-0.0025507354342349303,0.7515145747364624,1.2831945290209124,-0.0005655005941552597,1.2837600296150675,0.0
566,11.32,hold,kick,347,6.131827746109232,-2.5147612942386868,0.10973345824050078,2.1314203164914116,-0.003073461482417379,0.7515794532237562,1.283255242379016,-0.0005568875704317182,1.2838121299494478,0.0
567,11.34,hold,kick,348,6.1616199174034145,-2.5325694852553706,0.10973345824050078,2.131084011153715,-0.0035816557566414843,0.751647071627157,1.283320746565401,-0.0005548220138794774,1.2838755685792806,0.0
568,11.36,hold,kick,349,6.191412088697597,-2.5503776762720545,0.10973345824050078,2.1307637766098617,-0.00407552965114049,0.7516794523297046,1.2833521991715424,-0.000557215252565961,1.2839094144241083,0.0
569,11.38,hold,kick,350,6.22120425999178,-2.5681858672887383,0.10973345824050078,2.130466126201342,-0.004548574175856085,0.7516664638905731,1.2833378354964973,-0.0005594014650861581,1.2838972369615835,0.0
570,11.4,hold,kick,351,6.250996431285963,-2.585994058305422,0.10973345824050078,2.130199154664956,-0.005000634071671272,0.7516206661764371,1.2832891242976807,-0.0005501216759228461,1.2838392459736037,0.0
571,11.42,hold,kick,352,6.280788602580146,-2.603802249322106,0.10973345824050078,2.129956452549328,-0.005422486537774365,0.7515614804555129,1.2832261486355203,-0.0005409257239631267,1.2837670743594833,0.0
572,11.44,hold,kick,353,6.310580773874329,-2.62161044033879,0.10973345824050078,2.129721676319184,-0.0058010626128268865,0.7515099140221895,1.2831713339311146,-0.0005374147366639208,1.2837087486677785,0.0
573,11.46,hold,kick,354,6.340372945168512,-2.6394186313554737,0.10973345824050078,2.129485259164045,-0.006137387788461943,0.751455353435675,1.2831147404566239,-0.0005394573510847482,1.2836541978077087,0.0
574,11.48,hold,kick,355,6.370165116462695,-2.6572268223721576,0.10973345824050078,2.129250702821737,-0.00644007778662026,0.7513818482487559,1.2830373392950984,-0.0005448016006151524,1.2835821408957135,0.0
575,11.5,hold,kick,356,6.3999572877568776,-2.6750350133888414,0.10973345824050078,2.12904886332468,-0.006707266673150049,0.751335884804289,1.2829821548007194,-0.0005373308839388448,1.2835194856846583,0.0
576,11.52,hold,kick,357,6.42974945905106,-2.6928432044055253,0.10973345824050078,2.1288870313727246,-0.00692544842215871,0.7513482369230451,1.2829835323392413,-0.0005238336026443698,1.2835073659418856,0.0
577,11.54,hold,kick,358,6.459541630345243,-2.710651395422209,0.10973345824050078,2.128711342478593,-0.007087834294939349,0.7513816763436362,1.2830087900919604,-0.0005121677659174415,1.283520957857878,0.0
578,11.56,hold,kick,359,6.489333801639426,-2.728459586438893,0.10973345824050078,2.1285008434357473,-0.007183423529526507,0.7514032811189525,1.2830249795308284,-0.0005006674313535638,1.2835256469621819,0.0
579,11.58,hold,kick,360,6.519125972933609,-2.746267777455577,0.10973345824050078,2.1282744772819826,-0.007206691322207611,0.7514033139240368,1.2830202793209842,-0.0004977972159827711,1.283518076536967,0.0
580,11.6,hold,kick,361,6.548918144227792,-2.7640759684722607,0.10973345824050078,2.1280326981584743,-0.0071679212369672425,0.7513847320706624,1.282996039657047,-0.0004967450589162294,1.2834927847159632,0.0
581,11.62,hold,kick,362,6.578710315521975,-2.7818841594889445,0.10973345824050078,2.127772351204837,-0.007074628822356107,0.751374880955394,1.2829795862869582,-0.0004950035683045154,1.2834745898552626,0.0
582,11.64,hold,kick,363,6.608502486816158,-2.7996923505056284,0.10973345824050078,2.127509276754653,-0.006933923011493809,0.7514026482075226,1.2830004578594034,-0.0004937356761924409,1.283494193535596,0.0
583,11.66,hold,kick,364,6.638294658110341,-2.817500541522312,0.10973345824050078,2.1272334717590544,-0.006744255303641549,0.7514464214415675,1.2830396637466983,-0.0004930033510022087,1.2835326670977005,0.0
584,11.68,hold,kick,365,6.6680868294045235,-2.835308732538996,0.10973345824050078,2.126934901212453,-0.006510603883815764,0.7514723921722497,1.2830615961822642,-0.0004921971338137827,1.283553793316078,0.0
585,11.7,hold,kick,366,6.697879000698706,-2.85311692355568,0.10973345824050078,2.12662796092757,-0.006254002717844383,0.7514893812315039,1.2830727831365971,-0.00049909511269048,1.2835718782492875,0.0
586,11.72,hold,kick,367,6.727671171992889,-2.8709251145723638,0.10973345824050078,2.1263156439187494,-0.005986700404821855,0.7515091600128628,1.283086007108581,-0.0005042887876752014,1.2835902958962562,0.0
587,11.74,hold,kick,368,6.757463343287072,-2.8887333055890476,0.10973345824050078,2.125995119860874,-0.0057089891010368805,0.7515217251454225,1.2830928201106457,-0.0005104586339905147,1.2836032787446363,0.0
588,11.76,hold,kick,369,6.787255514581255,-2.9065414966057315,0.10973345824050078,2.1256886514895545,-0.005427382948746811,0.751536131566728,1.2831001990372028,-0.000509262147755752,1.2836094611849587,0.0
589,11.78,hold,kick,370,6.817047685875438,-2.9243496876224153,0.10973345824050078,2.1254210823148165,-0.0051505797342196675,0.7515811772387673,1.2831365451259698,-0.0005043064253551742,1.283640851551325,0.0
590,11.8,hold,kick,371,6.846839857169621,-2.942157878639099,0.10973345824050078,2.1252071541048476,-0.004872572514573369,0.751656867362203,1.2832044843940447,-0.0005013711894338302,1.2837058555834786,0.0
591,11.82,hold,kick,372,6.876632028463804,-2.959966069655783,0.10973345824050078,2.125043256092444,-0.00459602349086045,0.75174794590773,1.283288810535595,-0.0004995026743833744,1.2837883132099785,0.0
592,11.84,hold,kick,373,6.9064241997579865,-2.977774260672467,0.10973345824050078,2.124899424080832,-0.0043328279632809715,0.7518364623708129,1.2833734043838207,-0.0004987504932261709,1.2838721548770469,0.0
593,11.86,hold,kick,374,6.936216371052169,-2.9955824516891507,0.10973345824050078,2.1247586010714334,-0.004087158690315209,0.7518958644768401,1.2834319909724268,-0.0005048994559965249,1.2839368904284234,0.0
594,11.88,hold,kick,375,6.966008542346352,-3.0133906427058346,0.10973345824050078,2.1246264453843757,-0.003862223761566905,0.7519064773763222,1.283442748892552,-0.0005141305743461104,1.283956879466898,0.0
595,11.9,hold,kick,376,6.995800713640535,-3.0311988337225184,0.10973345824050078,2.124533867216825,-0.0036688362817032596,0.7519113454243667,1.2834443199397458,-0.0005134016986363052,1.2839577216383822,0.0
596,11.92,hold,kick,377,7.025592884934718,-3.0490070247392023,0.10973345824050078,2.1244948347386123,-0.0034962119186114937,0.7519416427135769,1.283471453173244,-0.0005068979730460353,1.28397835114629,0.0
597,11.94,hold,kick,378,7.055385056228901,-3.066815215755886,0.10973345824050078,2.124492612903209,-0.003319931348208489,0.7519765083908878,1.2835059091993382,-0.0005003587325270072,1.2840062679318651,0.0
598,11.96,hold,kick,379,7.085177227523084,-3.08462340677257,0.10973345824050078,2.1244950559350024,-0.00313216217060586,0.7519917983682896,1.2835246363777386,-0.0004954343971226051,1.2840200707748612,0.0
599,11.98,hold,kick,380,7.114969398817267,-3.102431597789254,0.10973345824050078,2.1244818674949895,-0.002936586457706378,0.7519765285032786,1.28351609412426,-0.0004947123345614007,1.2840108064588214,0.0
600,12.0,hold,kick,381,7.1447615701114495,-3.1202397888059377,0.10973345824050078,2.1244519173941794,-0.0027481851621815358,0.7519377928287467,1.2834842279404897,-0.0004958510259493662,1.283980078966439,0.0
601,12.02,hold,kick,382,7.174553741405632,-3.1380479798226215,0.10973345824050078,2.1244135319324853,-0.002571691384344059,0.7518965167137018,1.283447900544494,-0.0004977310283592572,1.2839456315728532,0.0
602,12.04,hold,kick,383,7.204345912699815,-3.1558561708393054,0.10973345824050078,2.124384562848298,-0.002398940194624449,0.7518676956131383,1.2834216138963392,-0.000499099657165037,1.2839207135535042,0.0
603,12.06,hold,kick,384,7.234138083993998,-3.173664361855989,0.10973345824050078,2.1243637549538215,-0.0022365413082401126,0.7518383801197833,1.2833926804814415,-0.000501528631502858,1.2838942091129444,0.0
604,12.08,hold,kick,385,7.263930255288181,-3.191472552872673,0.10973345824050078,2.1243527963716455,-0.0021005773585985694,0.7518043405708128,1.2833560020824217,-0.0005049835206957891,1.2838609856031176,0.0
605,12.1,hold,kick,386,7.293722426582364,-3.209280743889357,0.10973345824050078,2.1243646909267753,-0.0019954427362913773,0.7518036963610907,1.2833506326104553,-0.0005066898733486341,1.283857322483804,0.0
606,12.12,hold,kick,387,7.323514597876547,-3.2270889349060408,0.10973345824050078,2.1243956106363817,-0.0019161729607199034,0.751838118616795,1.2833825155182286,-0.000507030633947584,1.2838895461521762,0.0
607,12.14,hold,kick,388,7.35330676917073,-3.2448971259227246,0.10973345824050078,2.1244370914725006,-0.001859006492587906,0.7518667050570531,1.2834111814460518,-0.0005088610623550371,1.2839200425084067,0.0
608,12.16,hold,kick,389,7.3830989404649126,-3.2627053169394085,0.10973345824050078,2.1244910636457077,-0.0018243296861922412,0.7518781568378121,1.283422800547688,-0.000510181475195725,1.2839329820228838,0.0
609,12.18,hold,kick,390,7.412891111759095,-3.2805135079560923,0.10973345824050078,2.124557520040233,-0.001814735776501986,0.751883608135143,1.283428120993168,-0.0005111130137410574,1.283939234006909,0.0
610,12.2,hold,kick,391,7.442683283053278,-3.298321698972776,0.10973345824050078,2.1246338723861005,-0.0018347314654389717,0.7518847746237125,1.2834293022934786,-0.0005143757200950852,1.2839436780135738,0.0
611,12.22,hold,kick,392,7.472475454347461,-3.31612988998946,0.10973345824050078,2.1247241299003004,-0.0018868129821619103,0.7518849157784078,1.283429070162946,-0.0005188713106643594,1.2839479414736104,0.0
612,12.24,hold,kick,393,7.502267625641644,-3.333938081006144,0.10973345824050078,2.124827781256593,-0.0019650468551942394,0.7518874836235738,1.2834310263465931,-0.0005208725842707485,1.2839518989308638,0.0
613,12.26,hold,kick,394,7.532059796935827,-3.3517462720228277,0.10973345824050078,2.1249351027527945,-0.0020642505169017784,0.7518882497030467,1.2834315701762997,-0.0005218484532735872,1.2839534186295734,0.0
614,12.28,hold,kick,395,7.56185196823001,-3.3695544630395116,0.10973345824050078,2.1250398381237448,-0.0021823859506438985,0.7518858047150435,1.2834293794478395,-0.000522623319607278,1.2839520027674467,0.0
615,12.3,hold,kick,396,7.591644139524193,-3.3873626540561954,0.10973345824050078,2.125140996418375,-0.002312450880374105,0.7518921306685725,1.2834367161483442,-0.0005182396843967998,1.283954955832741,0.0
616,12.32,hold,kick,397,7.621436310818376,-3.4051708450728793,0.10973345824050078,2.125233687746131,-0.002441114897522542,0.7519207412799098,1.2834689183703214,-0.0005093573365481802,1.2839782757068696,0.0
617,12.34,hold,kick,398,7.6512284821125585,-3.422979036089563,0.10973345824050078,2.1253150408696286,-0.0025573913707242785,0.7519772557583351,1.283532452558762,-0.0005026525403176614,1.2840351050990795,0.0
618,12.36,hold,kick,399,7.681020653406741,-3.440787227106247,0.10973345824050078,2.1253854667988987,-0.0026595593997510844,0.7520482669741307,1.2836129724380299,-0.0004970610230576947,1.2841100334610875,0.0
619,12.38,hold,kick,400,7.710812824700924,-3.458595418122931,0.10973345824050078,2.125435687221691,-0.0027503573274852327,0.7521099480985508,1.2836848150501248,-0.0004939289376118573,1.2841787439877366,0.0
620,12.4,hold,kick,401,7.740604995995107,-3.4764036091396147,0.10973345824050078,2.1254611755896367,-0.0028301071913569486,0.7521670896948094,1.2837515756530569,-0.0004935840651088194,1.2842451597181657,0.0
