tick,t_s,phase,task_mode,curr_motion_timestep,ball_x,ball_y,ball_z,base_x,base_y,base_z,robot_top_z,robot_bottom_z,robot_height,kick_aim_theta_deg
0,0.0,idle,locomotion,0,0.6000000238418579,-0.38999998569488525,0.10989091315873106,-0.00013189708839229133,-0.00012676587993709463,0.7549578047604513,1.2870377671075353,-0.0005937947490240077,1.2876315618565592,0.0
1,0.02,idle,locomotion,0,0.6000000238418579,-0.38999998569488525,0.10980902141344312,-0.0005660435271614224,-0.00023259160854960053,0.7512882740804698,1.2834200354159995,-0.0004735507457257204,1.283893586161725,0.0
2,0.04,idle,locomotion,0,0.6000000238418579,-0.38999998569488525,0.10976503447145444,-0.0012361941483642282,-0.0002727300949532382,0.7463533647013402,1.278498687762737,-0.0004165481375971447,1.278915235900334,0.0
3,0.06,idle,locomotion,0,0.6000000238418579,-0.38999998569488525,0.10974518062216254,-0.001963585995000578,-0.0003929571089528814,0.74103211836516,1.2731554483105865,-0.0005299838095935913,1.27368543212018,0.0
4,0.08,idle,locomotion,0,0.6000000238418579,-0.38999998569488525,0.10973731266832155,-0.0026655626156772256,-0.0006807894395401584,0.7361026972417777,1.2681752481231776,-0.0004483105245455324,1.2686235586477232,0.0
5,0.1,idle,locomotion,0,0.6000000238418579,-0.38999998569488525,0.10973454404443848,-0.0033210155928512465,-0.0012301044811886975,0.7320906238429404,1.2640871936047908,-0.00043987889063000843,1.2645270724954207,0.0
6,0.12,idle,locomotion,0,0.6000000238418579,-0.38999998569488525,0.10973369052927323,-0.003905079574443787,-0.002032757702181452,0.729349891133497,1.261255212706661,-0.0004677311627785258,1.2617229438694395,0.0
7,0.14,idle,locomotion,0,0.6000000238418579,-0.38999998569488525,0.1097334732878534,-0.004443556646714694,-0.0030411743047754503,0.7280368715175513,1.2598434541113714,-0.0004909599679238964,1.2603344140792954,0.0
8,0.16,idle,locomotion,0,0.6000000238418579,-0.38999998569488525,0.10973343775080387,-0.004962478311281925,-0.004179305569497192,0.7280936351251817,1.2598018404358016,-0.000575060082287443,1.260376900518089,0.0
9,0.18,idle,locomotion,0,0.6000000238418579,-0.38999998569488525,0.10973344222612894,-0.005459430246242698,-0.005350494559018571,0.7292885941085345,1.2609078809296062,-0.0006647441657018534,1.261572625095308,0.0
10,0.2,idle,locomotion,0,0.6000000238418579,-0.38999998569488525,0.10973344999820983,-0.005964568650354817,-0.006432159005100944,0.731285068046476,1.26282273104863,-0.0007366867023164969,1.2635594177509464,0.0
11,0.22,idle,locomotion,0,0.6000000238418579,-0.38999998569488525,0.1097334547231311,-0.006489778473132666,-0.007304324046707411,0.7336777555669601,1.2651415658640082,-0.0007865728053586853,1.2659281386693668,0.0
12,0.24,idle,locomotion,0,0.6000000238418579,-0.38999998569488525,0.10973345692610834,-0.007033289215100673,-0.008045789378446303,0.7360566214364616,1.2674477676042462,-0.0008199182011424389,1.2682676858053885,0.0
13,0.26,idle,locomotion,0,0.6000000238418579,-0.38999998569488525,0.10973345780729221,-0.007591075068830036,-0.008707929745957048,0.7380762985066638,1.2693970551363662,-0.0008339000301031511,1.2702309551664694,0.0
14,0.28,idle,locomotion,0,0.6000000238418579,-0.38999998569488525,0.10973345811827714,-0.00817886933856367,-0.009351456518676393,0.7394409062212682,1.2706928237201867,-0.0008331196700305243,1.271525943390217,0.0
15,0.3,idle,locomotion,0,0.6000000238418579,-0.38999998569488525,0.10973345821428342,-0.008839277215202983,-0.00998439050483594,0.7399916812881694,1.271169856860952,-0.0008230012272782035,1.2719928580882303,0.0
16,0.32,idle,locomotion,0,0.6000000238418579,-0.38999998569488525,0.10973345823876013,-0.009555914996013732,-0.010590579340535625,0.7397345343299829,1.2708396100559767,-0.0008021518934542698,1.271641761949431,0.0
17,0.34,idle,locomotion,0,0.6000000238418579,-0.38999998569488525,0.10973345824278434,-0.010309014517813204,-0.011142640307974523,0.7388007711369972,1.2698355692350405,-0.0007653642552145276,1.270600933490255,0.0
18,0.36,idle,locomotion,0,0.6000000238418579,-0.38999998569488525,0.10973345824229395,-0.011071681724510096,-0.011633681892904793,0.7374064545155287,1.2683728328817805,-0.0007252288844946039,1.269098061766275,0.0
19,0.38,idle,locomotion,0,0.6000000238418579,-0.38999998569488525,0.10973345824142507,-0.011808958166220577,-0.012077725731156772,0.7358211086323246,1.2667221979054344,-0.0006955929920563451,1.2674177908974906,0.0
20,0.4,idle,locomotion,0,0.6000000238418579,-0.38999998569488525,0.10973345824089552,-0.012483285687735018,-0.012491854150412223,0.734315093893801,1.2651577608189934,-0.0006805795061307074,1.265838340325124,0.0
21,0.42,idle,locomotion,0,0.6000000238418579,-0.38999998569488525,0.10973345824064834,-0.013070962056357917,-0.012885332865096405,0.7331060906752789,1.2639001629582434,-0.0006798071210166456,1.26457997007926,0.0
22,0.44,idle,locomotion,0,0.6000000238418579,-0.38999998569488525,0.10973345824054938,-0.013563829305537305,-0.013243497177543338,0.7323365560182661,1.263090633830977,-0.0006977446624488737,1.2637883784934258,0.0
23,0.46,idle,locomotion,0,0.6000000238418579,-0.38999998569488525,0.10973345824051445,-0.013964772908204501,-0.013554870663498012,0.7320594879262854,1.262780927856367,-0.000730725643621196,1.2635116534999882,0.0
24,0.48,idle,locomotion,0,0.6000000238418579,-0.38999998569488525,0.10973345824050364,-0.014293795893440464,-0.013825697141803385,0.7322014871149357,1.26289544540576,-0.0007659361703875947,1.2636613815761475,0.0
25,0.5,idle,locomotion,0,0.6000000238418579,-0.38999998569488525,0.10973345824050088,-0.014579120231603912,-0.014075679844344992,0.7326685464047443,1.2633372099807219,-0.0007942253575281381,1.26413143533825,0.0
26,0.52,idle,locomotion,0,0.6000000238418579,-0.38999998569488525,0.10973345824050044,-0.014839256965283308,-0.014311027088840708,0.7333320601256011,1.263978421796528,-0.0008147253256148672,1.2647931471221427,0.0
27,0.54,idle,locomotion,0,0.6000000238418579,-0.38999998569488525,0.10973345824050044,-0.015089147116662082,-0.01452944029682255,0.7340411888213901,1.2646690028722833,-0.0008252853228350419,1.2654942881951183,0.0
28,0.56,idle,locomotion,0,0.6000000238418579,-0.38999998569488525,0.10973345824050044,-0.01534155941621742,-0.0147216352332749,0.7346579313486757,1.2652706569464638,-0.0008261811482174301,1.2660968380946813,0.0
29,0.58,idle,locomotion,0,0.6000000238418579,-0.38999998569488525,0.10973345824050044,-0.015608377060149888,-0.014878980656562388,0.7350830415190794,1.265682997855952,-0.0008227870674045838,1.2665057849233567,0.0
30,0.6,idle,locomotion,0,0.6000000238418579,-0.38999998569488525,0.10973345824050044,-0.01589357502225725,-0.014999263255402979,0.7352742444139173,1.265863347261199,-0.0008183504657697065,1.2666816977269688,0.0
31,0.62,idle,locomotion,0,0.6000000238418579,-0.38999998569488525,0.10973345824050044,-0.016190942320298798,-0.015084851143729238,0.735256970897305,1.2658371060566431,-0.0008126351912768927,1.26664974124792,0.0
32,0.64,idle,locomotion,0,0.6000000238418579,-0.38999998569488525,0.10973345824050044,-0.01649613215393782,-0.01513542779584646,0.735082731417175,1.2656564182350292,-0.0008014037432541067,1.2664578219782834,0.0
33,0.66,idle,locomotion,0,0.6000000238418579,-0.38999998569488525,0.10973345824050044,-0.01680709561629156,-0.015147623806596408,0.7348083814722404,1.2653772630091276,-0.0007891823164609124,1.2661664453255885,0.0
34,0.68,idle,locomotion,0,0.6000000238418579,-0.38999998569488525,0.10973345824050044,-0.017118600462011052,-0.015119519793218126,0.7344989366150041,1.2650636504809967,-0.0007824409756976153,1.2658460914566942,0.0
35,0.7,idle,locomotion,0,0.6000000238418579,-0.38999998569488525,0.10973345824050044,-0.01742470891342,-0.01505120211240353,0.734215999876482,1.2647767955959992,-0.0007799808540833522,1.2655567764500826,0.0
36,0.72,idle,locomotion,0,0.6000000238418579,-0.38999998569488525,0.10973345824050044,-0.017719071336145153,-0.014945443311952248,0.7340049489106584,1.2645626294783614,-0.0007808269281222198,1.2653434564064836,0.0
37,0.74,idle,locomotion,0,0.6000000238418579,-0.38999998569488525,0.10973345824050044,-0.017991381534141912,-0.01480402561825578,0.7338851090710078,1.2644417703401478,-0.0007853940287308389,1.2652271643688786,0.0
38,0.76,idle,locomotion,0,0.6000000238418579,-0.38999998569488525,0.10973345824050044,-0.018239723307103602,-0.014627199391630102,0.7338481534445891,1.2644060576432188,-0.000791935527181202,1.2651979931704,0.0
39,0.78,idle,locomotion,0,0.6000000238418579,-0.38999998569488525,0.10973345824050044,-0.01847579996702046,-0.014418350760483778,0.7338653682384509,1.2644248782026617,-0.0007997110786456679,1.2652245892813074,0.0
40,0.8,idle,locomotion,0,0.6000000238418579,-0.38999998569488525,0.10973345824050044,-0.018703451348567164,-0.014183286760874651,0.733919832805776,1.2644810805456137,-0.0008081855160527486,1.2652892660616664,0.0
41,0.82,idle,locomotion,0,0.6000000238418579,-0.38999998569488525,0.10973345824050044,-0.018925138890734022,-0.013926633449009894,0.7339961819727653,1.2645593905339136,-0.0008168454417359083,1.2653762359756495,0.0
42,0.84,idle,locomotion,0,0.6000000238418579,-0.38999998569488525,0.10973345824050044,-0.019140161013247482,-0.013650275429404819,0.7340788697968783,1.2646447751149785,-0.0008252001147059512,1.2654699752296845,0.0
43,0.86,idle,locomotion,0,0.6000000238418579,-0.38999998569488525,0.10973345824050044,-0.019346810254313958,-0.013355464700280342,0.7341544183525275,1.2647243577401885,-0.0008328899309754979,1.265557247671164,0.0
44,0.88,idle,locomotion,0,0.6000000238418579,-0.38999998569488525,0.10973345824050044,-0.019543412677933837,-0.01304149991940325,0.7342140161670255,1.2647894586362014,-0.0008397309095121257,1.2656291895457135,0.0
45,0.9,idle,locomotion,0,0.6000000238418579,-0.38999998569488525,0.10973345824050044,-0.019729443163401545,-0.012707928449393646,0.734255267851393,1.26483739428426,-0.0008458017819622903,1.2656831960662223,0.0
46,0.92,idle,locomotion,0,0.6000000238418579,-0.38999998569488525,0.10973345824050044,-0.019904938258948745,-0.012355047682995791,0.7342794705550729,1.264868981447338,-0.0008513345474616095,1.2657203159947996,0.0
47,0.94,idle,locomotion,0,0.6000000238418579,-0.38999998569488525,0.10973345824050044,-0.02007082319071265,-0.011984787266179008,0.7342911970416538,1.2648883630374377,-0.0008564954936346666,1.2657448585310724,0.0
48,0.96,idle,locomotion,0,0.6000000238418579,-0.38999998569488525,0.10973345824050044,-0.020228712470827505,-0.011600534574568718,0.7342929216771591,1.264897916303433,-0.0008612247224536324,1.2657591410258866,0.0
49,0.98,idle,locomotion,0,0.6000000238418579,-0.38999998569488525,0.10973345824050044,-0.02037962696150941,-0.011205217397422734,0.7342876333383774,1.2649006798411073,-0.0008644933726816469,1.265765173213789,0.0
50,1.0,idle,locomotion,0,0.6000000238418579,-0.38999998569488525,0.10973345824050044,-0.020523866214070804,-0.010801914162238913,0.734279316396047,1.2649007699814256,-0.0008671206943520748,1.2657678906757777,0.0
51,1.02,idle,locomotion,0,0.6000000238418579,-0.38999998569488525,0.10973345824050044,-0.020662643880383254,-0.010391739312057412,0.7342698465446289,1.2648999106860217,-0.0008703462128157209,1.2657702568988374,0.0
52,1.04,idle,locomotion,0,0.6000000238418579,-0.38999998569488525,0.10973345824050044,-0.02079701097989981,-0.009976838916151554,0.7342609345145518,1.2648997692531794,-0.0008744714669523361,1.2657742407201318,0.0
53,1.06,idle,locomotion,0,0.6000000238418579,-0.38999998569488525,0.10973345824050044,-0.020927587921733798,-0.009559896199516438,0.7342540633930548,1.2649018822331923,-0.0008790729060891012,1.2657809551392813,0.0
54,1.08,idle,locomotion,0,0.6000000238418579,-0.38999998569488525,0.10973345824050044,-0.021054752522463634,-0.009143364962333068,0.7342509318831921,1.264908014833623,-0.000883789370023088,1.265791804203646,0.0
55,1.1,idle,locomotion,0,0.6000000238418579,-0.38999998569488525,0.10973345824050044,-0.02117864698167758,-0.008729399823013111,0.7342523829609895,1.2649190577169074,-0.0008885658389521031,1.2658076235558595,0.0
56,1.12,idle,locomotion,0,0.6000000238418579,-0.38999998569488525,0.10973345824050044,-0.021299224359288077,-0.008319816443966194,0.7342584307936901,1.2649350616763746,-0.0008933160133758715,1.2658283776897505,0.0
57,1.14,idle,locomotion,0,0.6000000238418579,-0.38999998569488525,0.10973345824050044,-0.02141626394712595,-0.0079159740218303,0.7342684822918542,1.2649554570332924,-0.0008979058963048576,1.2658533629295972,0.0
58,1.16,idle,locomotion,0,0.6000000238418579,-0.38999998569488525,0.10973345824050044,-0.021529384329077753,-0.007518802439887434,0.7342815128043351,1.2649792292571393,-0.0009022371595183501,1.2658814664166578,0.0
59,1.18,idle,locomotion,0,0.6000000238418579,-0.38999998569488525,0.10973345824050044,-0.02163822964860618,-0.00712893890055707,0.7342961998082799,1.2650050224524403,-0.0009062491667749563,1.2659112716192154,0.0
60,1.2,idle,locomotion,0,0.6000000238418579,-0.38999998569488525,0.10973345824050044,-0.021742571446246174,-0.006746823603182384,0.7343112662150192,1.2650314727082308,-0.0009099072178485774,1.2659413799260795,0.0
61,1.22,idle,locomotion,0,0.6000000238418579,-0.38999998569488525,0.10973345824050044,-0.021842348712008314,-0.006372845444312068,0.7343258158501277,1.2650575662060646,-0.0009132230530541283,1.2659707892591188,0.0
62,1.24,idle,locomotion,0,0.6000000238418579,-0.38999998569488525,0.10973345824050044,-0.021937495752585617,-0.006007261710988602,0.7343394281394031,1.265082763480091,-0.0009162396028113938,1.2659990030829023,0.0
63,1.26,idle,locomotion,0,0.6000000238418579,-0.38999998569488525,0.10973345824050044,-0.022027891256377847,-0.005650225384362086,0.734352107583778,1.2651069661260022,-0.0009190285451479499,1.26602599467115,0.0
64,1.28,idle,locomotion,0,0.6000000238418579,-0.38999998569488525,0.10973345824050044,-0.02211337442757888,-0.005301862402190737,0.7343641552763468,1.265130391856893,-0.0009216398240467286,1.2660520316809398,0.0
65,1.3,idle,locomotion,0,0.6000000238418579,-0.38999998569488525,0.10973345824050044,-0.022193708950980415,-0.004962272711646173,0.7343760542793025,1.2651534787299328,-0.0009241041780413892,1.2660775829079742,0.0
66,1.32,idle,locomotion,0,0.6000000238418579,-0.38999998569488525,0.10973345824050044,-0.02226877972610743,-0.004631501919342959,0.7343882150434604,1.2651765800412362,-0.0009264329542267961,1.2661030129954631,0.0
67,1.34,idle,locomotion,0,0.6000000238418579,-0.38999998569488525,0.10973345824050044,-0.02233860631736599,-0.004309665048261657,0.7344009027817455,1.2651999060455978,-0.0009286264209494299,1.2661285324665472,0.0
68,1.36,idle,locomotion,0,0.6000000238418579,-0.38999998569488525,0.10973345824050044,-0.022403305011151422,-0.00399697399237262,0.7344142044611162,1.2652234994031493,-0.0009306605182507581,1.2661541599214001,0.0
69,1.38,idle,locomotion,0,0.6000000238418579,-0.38999998569488525,0.10973345824050044,-0.02246298880998522,-0.0036939435662228016,0.7344278927195977,1.265247124758182,-0.0009317850062004994,1.2661789097643825,0.0
70,1.4,idle,locomotion,0,0.6000000238418579,-0.38999998569488525,0.10973345824050044,-0.022517902001233485,-0.0034005864353228834,0.7344418927921791,1.265270651675562,-0.0009328335243851925,1.2662034851999473,0.0
71,1.42,idle,locomotion,0,0.6000000238418579,-0.38999998569488525,0.10973345824050044,-0.02256823361109743,-0.003117154698202855,0.7344560565425802,1.2652939172983202,-0.0009337755011707763,1.2662276927994909,0.0
72,1.44,idle,locomotion,0,0.6000000238418579,-0.38999998569488525,0.10973345824050044,-0.022614186335401125,-0.0028438886890455334,0.7344701568025186,1.2653166939750544,-0.0009346191186475547,1.2662513130937019,0.0
73,1.46,idle,locomotion,0,0.6000000238418579,-0.38999998569488525,0.10973345824050044,-0.02265594216425893,-0.002580923034125848,0.734484100483057,1.2653388689709255,-0.0009352772175939307,1.2662741461885194,0.0
74,1.48,idle,locomotion,0,0.6000000238418579,-0.38999998569488525,0.10973345824050044,-0.022693684277031046,-0.0023284227320057305,0.7344977796123517,1.2653603543832619,-0.0009359833290032878,1.2662963377122651,0.0
75,1.5,idle,locomotion,0,0.6000000238418579,-0.38999998569488525,0.10973345824050044,-0.022727580765841644,-0.0020865467207499783,0.7345110484791572,1.2653810173446214,-0.0009367581780088605,1.2663177755226303,0.0
76,1.52,idle,locomotion,0,0.6000000238418579,-0.38999998569488525,0.10973345824050044,-0.022757730566541637,-0.0018553698473748397,0.7345239763539765,1.2654009344303532,-0.0009374190901840045,1.2663383535205373,0.0
77,1.54,idle,locomotion,0,0.6000000238418579,-0.38999998569488525,0.10973345824050044,-0.022784254525835525,-0.0016349780792878025,0.7345365201969544,1.2654200926868624,-0.0009380178169941002,1.2663581105038566,0.0
78,1.56,idle,locomotion,0,0.6000000238418579,-0.38999998569488525,0.10973345824050044,-0.022807265243366005,-0.001425362929704476,0.7345486359249762,1.265438460994865,-0.0009385886242680858,1.266377049619133,0.0
79,1.58,idle,locomotion,0,0.6000000238418579,-0.38999998569488525,0.10973345824050044,-0.022826834336016066,-0.0012263946897326608,0.7345604138769283,1.2654561340143284,-0.0009391270275490513,1.2663952610418774,0.0
80,1.6,idle,locomotion,0,0.6000000238418579,-0.38999998569488525,0.10973345824050044,-0.022842995571861337,-0.0010378684249959713,0.7345719530330418,1.2654732152898407,-0.0009396130123915415,1.2664128283022322,0.0
81,1.62,idle,locomotion,0,0.6000000238418579,-0.38999998569488525,0.10973345824050044,-0.022855755279100793,-0.0008595127027619652,0.7345833448357534,1.2654898036623303,-0.0009400691932930222,1.2664298728556234,0.0
82,1.64,idle,locomotion,0,0.6000000238418579,-0.38999998569488525,0.10973345824050044,-0.022865096914170664,-0.0006910349342043115,0.7345946639882025,1.265505984879193,-0.0009404800232059342,1.266446464902399,0.0
83,1.66,idle,locomotion,0,0.6000000238418579,-0.38999998569488525,0.10973345824050044,-0.022871011112213874,-0.0005320843036569279,0.7346059713894215,1.265521828988934,-0.0009408485285491638,1.2664626775174832,0.0
84,1.68,idle,locomotion,0,0.6000000238418579,-0.38999998569488525,0.10973345824050044,-0.02287347602584485,-0.0003825280733363344,0.7346172338460709,1.2655373343084015,-0.0009410438593313135,1.266478378167733,0.0
85,1.7,idle,locomotion,0,0.6000000238418579,-0.38999998569488525,0.10973345824050044,-0.022872512341587485,-0.0002419425561295991,0.7346284651192736,1.2655525255890936,-0.0009412661382928525,1.2664937917273864,0.0
86,1.72,idle,locomotion,0,0.6000000238418579,-0.38999998569488525,0.10973345824050044,-0.02286819233249053,-0.00011035018302523735,0.7346397793094125,1.2655675459782172,-0.0009412944157825946,1.2665088403939997,0.0
87,1.74,idle,locomotion,0,0.6000000238418579,-0.38999998569488525,0.10973345824050044,-0.02286069304933852,1.230606075983942e-05,0.7346511998707249,1.26558248491228,-0.000941260394643921,1.266523745306924,0.0
88,1.76,idle,locomotion,0,0.6000000238418579,-0.38999998569488525,0.10973345824050044,-0.022849989268111433,0.00012620850760732843,0.7346625623627386,1.2655971990407984,-0.000941107952572507,1.2665383069933709,0.0
89,1.78,idle,locomotion,0,0.6000000238418579,-0.38999998569488525,0.10973345824050044,-0.02283613988508629,0.00023176214059227195,0.7346738380170846,1.2656116788053948,-0.0009409188913556063,1.2665525976967504,0.0
90,1.8,idle,locomotion,0,0.6000000238418579,-0.38999998569488525,0.10973345824050044,-0.022819081198300936,0.00032909931932475605,0.7346850225931428,1.2656259221899697,-0.0009404710467468408,1.2665663932367166,0.0
91,1.82,idle,locomotion,0,0.6000000238418579,-0.38999998569488525,0.10973345824050044,-0.022799043715032098,0.0004187424237022825,0.7346961618111885,1.265639971395593,-0.0009399892148000064,1.2665799606103931,0.0
92,1.84,idle,locomotion,0,0.6000000238418579,-0.38999998569488525,0.10973345824050044,-0.02277598085611516,0.0005009368975572064,0.734707238535166,1.2656538174262448,-0.0009394328169649094,1.2665932502432098,0.0
93,1.86,idle,locomotion,0,0.6000000238418579,-0.38999998569488525,0.10973345824050044,-0.022749937770922057,0.0005759841838807056,0.7347182868834216,1.2656675082058384,-0.0009387416031568924,1.2666062498089954,0.0
94,1.88,idle,locomotion,0,0.6000000238418579,-0.38999998569488525,0.10973345824050044,-0.022721017673856963,0.0006441592218737947,0.7347293896424051,1.2656811279527016,-0.0009379355802945806,1.2666190635329961,0.0
95,1.9,idle,locomotion,0,0.6000000238418579,-0.38999998569488525,0.10973345824050044,-0.02268930242852841,0.0007058098081354479,0.7347405989379573,1.2656947293478487,-0.0009370339663713062,1.26663176331422,0.0
96,1.92,idle,locomotion,0,0.6000000238418579,-0.38999998569488525,0.10973345824050044,-0.022654858608815963,0.0007613330896465481,0.7347519466286093,1.2657083509331588,-0.0009360527997834163,1.2666444037329423,0.0
97,1.94,idle,locomotion,0,0.6000000238418579,-0.38999998569488525,0.10973345824050044,-0.022617731717063765,0.0008111354488884173,0.7347633825895656,1.2657219302054625,-0.0009350007281795393,1.2666569309336422,0.0
98,1.96,idle,locomotion,0,0.6000000238418579,-0.38999998569488525,0.10973345824050044,-0.022577985457040813,0.0008555648859829196,0.7347749049292602,1.2657354834147694,-0.0009338873494980499,1.2666693707642673,0.0
99,1.98,idle,locomotion,0,0.6000000238418579,-0.38999998569488525,0.10973345824050044,-0.02253566451548423,0.0008949016704889386,0.7347865451350667,1.2657490372848577,-0.000932713285944551,1.2666817505708021,0.0
100,2.0,idle,locomotion,0,0.6000000238418579,-0.38999998569488525,0.10973345824050044,-0.022490812547365447,0.0009294484189499836,0.7347983505564553,1.2657626591393916,-0.0009314839315541605,1.2666941430709457,0.0
101,2.02,idle,locomotion,0,0.6000000238418579,-0.38999998569488525,0.10973345824050044,-0.022443489524629965,0.0009595046936779423,0.7348103652733903,1.2657763872391032,-0.0009301947227606834,1.266706581961864,0.0
102,2.04,idle,locomotion,0,0.6000000238418579,-0.38999998569488525,0.10973345824050044,-0.022393781431228967,0.0009854837734339444,0.7348225393889557,1.265790187831209,-0.0009288387337421725,1.2667190265649513,0.0
103,2.06,idle,locomotion,0,0.6000000238418579,-0.38999998569488525,0.10973345824050044,-0.02234176711520769,0.001007726213521842,0.7348348207889481,1.265803996471946,-0.0009274459276114588,1.2667314423995575,0.0
104,2.08,idle,locomotion,0,0.6000000238418579,-0.38999998569488525,0.10973345824050044,-0.022287511015457236,0.0010265172931923138,0.7348471966634523,1.2658178103782884,-0.0009260271003841379,1.2667438374786726,0.0
105,2.1,idle,locomotion,0,0.6000000238418579,-0.38999998569488525,0.10973345824050044,-0.02223108493947257,0.0010420737598722208,0.7348597238258872,1.265831687828961,-0.0009245852770618859,1.266756273106023,0.0
106,2.12,idle,locomotion,0,0.6000000238418579,-0.38999998569488525,0.10973345824050044,-0.022172560550641426,0.001054659334135219,0.7348724466562693,1.265845687015819,-0.0009231223916612262,1.2667688094074803,0.0
107,2.14,idle,locomotion,0,0.6000000238418579,-0.38999998569488525,0.10973345824050044,-0.022112013232152675,0.0010645551874144796,0.7348853764934551,1.265859818754947,-0.0009216410805268707,1.2667814598354739,0.0
108,2.16,idle,locomotion,0,0.6000000238418579,-0.38999998569488525,0.10973345824050044,-0.02204948138402542,0.001072099063761163,0.734898512128168,1.2658740837834124,-0.0009201455489212113,1.2667942293323335,0.0
109,2.18,idle,locomotion,0,0.6000000238418579,-0.38999998569488525,0.10973345824050044,-0.021985034189506043,0.0010775296003991209,0.7349118602353241,1.265888477597862,-0.000918637144475716,1.2668071147423379,0.0
110,2.2,idle,locomotion,0,0.6000000238418579,-0.38999998569488525,0.10973345824050044,-0.021918743174257137,0.0010810903750057305,0.7349253477000068,1.2659029330406106,-0.0009171163881220336,1.2668200494287327,0.0
111,2.22,idle,locomotion,0,0.6000000238418579,-0.38999998569488525,0.10973345824050044,-0.02185070581948442,0.0010829540008065652,0.7349389067319194,1.2659173810530948,-0.0009155811261684459,1.2668329621792633,0.0
112,2.24,idle,locomotion,0,0.6000000238418579,-0.38999998569488525,0.10973345824050044,-0.021781019991459896,0.0010832624173547551,0.7349525220900531,1.2659318125338765,-0.0009140304758592718,1.2668458430097358,0.0
113,2.26,idle,locomotion,0,0.6000000238418579,-0.38999998569488525,0.10973345824050044,-0.02170978756018923,0.001082133719019053,0.7349662060634303,1.2659462475938303,-0.0009124656041752319,1.2668587131980056,0.0
114,2.28,idle,locomotion,0,0.6000000238418579,-0.38999998569488525,0.10973345824050044,-0.021637092348935513,0.001079725418773017,0.7349799380888997,1.2659606731759263,-0.0009108893377261264,1.2668715625136524,0.0
115,2.3,idle,locomotion,0,0.6000000238418579,-0.38999998569488525,0.10973345824050044,-0.0215630189200697,0.001076230675227732,0.7349936303170058,1.2659750050398324,-0.0009093027471844227,1.2668843077870169,0.0
116,2.32,idle,locomotion,0,0.6000000238418579,-0.38999998569488525,0.10973345824050044,-0.021487652098936567,0.0010718072554893085,0.7350072382654901,1.2659891895679476,-0.0009077098468368676,1.2668968994147844,0.0
117,2.34,idle,locomotion,0,0.6000000238418579,-0.38999998569488525,0.10973345824050044,-0.02141106256337575,0.0010665928252966356,0.7350207589219225,1.2660032285004417,-0.0009061119006168947,1.2669093404010585,0.0
118,2.36,idle,locomotion,0,0.6000000238418579,-0.38999998569488525,0.10973345824050044,-0.02133331975223983,0.0010606606369654497,0.7350342708304777,1.266017198229698,-0.000904513020575367,1.2669217112502733,0.0
119,2.38,idle,locomotion,0,0.6000000238418579,-0.38999998569488525,0.10973345824050044,-0.021254450454133895,0.001054110976508325,0.7350478507397425,1.266031186829448,-0.0009029136306414401,1.2669341004600896,0.0
120,2.4,idle,locomotion,0,0.6000000238418579,-0.38999998569488525,0.10973345824050044,-0.02117451979421563,0.0010469999113673282,0.7350615224315009,1.2660452243084757,-0.0009013141492006556,1.2669465384576764,0.0
121,2.42,idle,locomotion,0,0.6000000238418579,-0.38999998569488525,0.10973345824050044,-0.021093570492075813,0.0010394540457839092,0.7350752134571512,1.2660592450396577,-0.0008997133196084403,1.2669589583592662,0.0
122,2.44,idle,locomotion,0,0.6000000238418579,-0.38999998569488525,0.10973345824050044,-0.02101169950726124,0.0010314981832152722,0.73508887767284,1.266073203579135,-0.0008981082621524403,1.2669713118412875,0.0
123,2.46,idle,locomotion,0,0.6000000238418579,-0.38999998569488525,0.10973345824050044,-0.02092894380938448,0.0010232663358576857,0.7351024668961363,1.266087057163217,-0.000896511332483807,1.266983568495701,0.0
124,2.48,idle,locomotion,0,0.6000000238418579,-0.38999998569488525,0.10973345824050044,-0.020845361599751356,0.0010148632150689461,0.7351159437421007,1.266100774401334,-0.0008949251028334861,1.2669956995041673,0.0
125,2.5,idle,locomotion,0,0.6000000238418579,-0.38999998569488525,0.10973345824050044,-0.020761032167388727,0.0010063890409337923,0.7351292958083457,1.2661143457772788,-0.0008933488631977168,1.2670076946404765,0.0
126,2.52,idle,locomotion,0,0.6000000238418579,-0.38999998569488525,0.10973345824050044,-0.02067600984026802,0.0009979316460365943,0.7351425527847496,1.266127807340479,-0.0008917811101171111,1.267019588450596,0.0
127,2.54,idle,locomotion,0,0.6000000238418579,-0.38999998569488525,0.10973345824050044,-0.020590341734728294,0.000989562212137808,0.7351557431707647,1.2661411956728952,-0.0008902195930814809,1.2670314152659767,0.0
128,2.56,idle,locomotion,0,0.6000000238418579,-0.38999998569488525,0.10973345824050044,-0.020504075387172378,0.0009813422595917618,0.7351688902593582,1.266154538888832,-0.0008886643359467088,1.2670432032247787,0.0
129,2.58,idle,locomotion,0,0.6000000238418579,-0.38999998569488525,0.10973345824050044,-0.02041724938417614,0.000973331827075996,0.7351820144625738,1.2661678626325035,-0.0008871145878679952,1.2670549772203714,0.0
130,2.6,idle,locomotion,0,0.6000000238418579,-0.38999998569488525,0.10973345824050044,-0.020329916528413077,0.0009655944183196598,0.7351951275707573,1.2661811787355113,-0.0008855701684667427,1.267066748903978,0.0
131,2.62,idle,locomotion,0,0.6000000238418579,-0.38999998569488525,0.10973345824050044,-0.020242101253851844,0.0009582893155054427,0.7352082383969365,1.266194483411916,-0.0008840343939976736,1.2670785178059139,0.0
132,2.64,idle,locomotion,0,0.6000000238418579,-0.38999998569488525,0.10973345824050044,-0.02015381493684461,0.0009515979387211403,0.7352213395188203,1.2662077530145566,-0.0008825103340104994,1.267090263348567,0.0
133,2.66,idle,locomotion,0,0.6000000238418579,-0.38999998569488525,0.10973345824050044,-0.020065077661823118,0.00094565093343242,0.7352344238090349,1.2662209673456915,-0.0008810004741374583,1.267101967819829,0.0
134,2.68,idle,locomotion,0,0.6000000238418579,-0.38999998569488525,0.10973345824050044,-0.019975924774528614,0.0009405165994731618,0.7352474788028834,1.266234110613646,-0.000879506598395717,1.2671136172120419,0.0
135,2.7,idle,locomotion,0,0.6000000238418579,-0.38999998569488525,0.10973345824050044,-0.019886416787736238,0.0009362137748959426,0.7352604606853679,1.2662471403244786,-0.0008780314025794503,1.267125171727058,0.0
136,2.72,idle,locomotion,0,0.6000000238418579,-0.38999998569488525,0.10973345824050044,-0.01979663137084441,0.0009327239986863949,0.7352733045609111,1.2662599950727251,-0.0008765749722967481,1.267136570045022,0.0
137,2.74,idle,locomotion,0,0.6000000238418579,-0.38999998569488525,0.10973345824050044,-0.019706650537198632,0.0009299983015718584,0.7352859524014439,1.266272623463833,-0.0008751346706296695,1.2671477581344628,0.0
138,2.76,idle,locomotion,0,0.6000000238418579,-0.38999998569488525,0.10973345824050044,-0.019616548838712,0.0009279761961676925,0.73529837537154,1.2662850060609068,-0.0008737075829540544,1.267158713643861,0.0
139,2.78,idle,locomotion,0,0.6000000238418579,-0.38999998569488525,0.10973345824050044,-0.019526404894744324,0.0009265936351083808,0.7353105530547179,1.2662971326979593,-0.0008722919518842284,1.2671694246498435,0.0
140,2.8,idle,locomotion,0,0.6000000238418579,-0.38999998569488525,0.10973345824050044,-0.01943630178462908,0.0009257772806803376,0.7353224807871366,1.2663090060478812,-0.0008708867937289901,1.2671798928416103,0.0
141,2.82,idle,locomotion,0,0.6000000238418579,-0.38999998569488525,0.10973345824050044,-0.01934630212305443,0.000925372552290663,0.7353342909600623,1.2663207620886825,-0.0008694905581999764,1.2671902526468826,0.0
142,2.84,idle,locomotion,0,0.6000000238418579,-0.38999998569488525,0.10973345824050044,-0.019256387375733056,0.000925028712612012,0.7353463102416539,1.2663327633369634,-0.0008680957301111028,1.2672008590670745,0.0
143,2.86,idle,locomotion,0,0.6000000238418579,-0.38999998569488525,0.10973345824050044,-0.019166635028379994,0.000924680087221578,0.7353583521030084,1.2663448270197606,-0.0008667032441245885,1.267211530263885,0.0
144,2.88,idle,locomotion,0,0.6000000238418579,-0.38999998569488525,0.10973345824050044,-0.01907715961468684,0.0009242930404646586,0.7353702051503203,1.2663567395528128,-0.0008653095761325495,1.2672220491289454,0.0
145,2.9,idle,locomotion,0,0.6000000238418579,-0.38999998569488525,0.10973345824050044,-0.018988062729195065,0.000923881960611295,0.735381745530128,1.2663683668678272,-0.0008639145299225957,1.2672322813977497,0.0
146,2.92,idle,locomotion,0,0.6000000238418579,-0.38999998569488525,0.10973345824050044,-0.018899412027072925,0.0009234892044205316,0.7353929543850835,1.2663796781160754,-0.0008625209385838724,1.2672421990546594,0.0
147,2.94,idle,locomotion,0,0.6000000238418579,-0.38999998569488525,0.10973345824050044,-0.018811234948449416,0.0009231515613227581,0.735403870393772,1.2663907039882742,-0.0008611304465602522,1.2672518344348345,0.0
148,2.96,idle,locomotion,0,0.6000000238418579,-0.38999998569488525,0.10973345824050044,-0.018723528519036352,0.0009228990337214728,0.735414558348619,1.2664015028058282,-0.0008597449222679729,1.2672612477280962,0.0
149,2.98,idle,locomotion,0,0.6000000238418579,-0.38999998569488525,0.10973345824050044,-0.01863627009669998,0.0009227506977240639,0.7354250803916712,1.2664121337998029,-0.0008583663118767147,1.2672705001116795,0.0
150,3.0,idle,locomotion,0,0.6000000238418579,-0.38999998569488525,0.10973345824050044,-0.018549416574645924,0.0009227210971577365,0.7354354909732205,1.266422652202918,-0.0008569955114525359,1.2672796477143706,0.0
151,3.02,idle,locomotion,0,0.6000000238418579,-0.38999998569488525,0.10973345824050044,-0.018462926765932048,0.0009228217641287763,0.7354458241382269,1.2664330954272884,-0.0008556310239590248,1.2672887264512473,0.0
152,3.04,idle,locomotion,0,0.6000000238418579,-0.38999998569488525,0.10973345824050044,-0.018376782988708935,0.0009230706381955257,0.7354560946797853,1.266443476980849,-0.0008542731875411901,1.2672977501683902,0.0
153,3.06,idle,locomotion,0,0.6000000238418579,-0.38999998569488525,0.10973345824050044,-0.018290976037913034,0.0009234767230965194,0.7354663169366308,1.2664538093301294,-0.0008529235500749736,1.2673067328802043,0.0
154,3.08,idle,locomotion,0,0.6000000238418579,-0.38999998569488525,0.10973345824050044,-0.018205501253127955,0.0009240347363614765,0.7354764872815197,1.2664640896356354,-0.0008515814385365167,1.267315671074172,0.0
155,3.1,idle,locomotion,0,0.6000000238418579,-0.38999998569488525,0.10973345824050044,-0.018120367218547248,0.0009247313759434728,0.7354865893693051,1.2664743005434578,-0.0008502462536520011,1.2673245467971097,0.0
156,3.12,idle,locomotion,0,0.6000000238418579,-0.38999998569488525,0.10973345824050044,-0.018035580694630175,0.0009255543982132908,0.7354966102243821,1.2664844279028955,-0.0008489173276326027,1.2673333452305282,0.0
157,3.14,idle,locomotion,0,0.6000000238418579,-0.38999998569488525,0.10973345824050044,-0.017951138368413867,0.000926489487032357,0.73550655072548,1.2664944731858734,-0.0008475944498041663,1.2673420676356775,0.0
158,3.16,idle,locomotion,0,0.6000000238418579,-0.38999998569488525,0.10973345824050044,-0.017867034994836356,0.0009275200752505347,0.7355164105468416,1.2665044389100688,-0.0008462764746574869,1.2673507153847263,0.0
159,3.18,idle,locomotion,0,0.6000000238418579,-0.38999998569488525,0.10973345824050044,-0.01778327013235217,0.0009286332067834517,0.7355261886916837,1.2665143253988502,-0.000844962062157683,1.267359287461008,0.0
160,3.2,idle,locomotion,0,0.6000000238418579,-0.38999998569488525,0.10973345824050044,-0.017699847218412543,0.0009298164104806399,0.7355358875444675,1.2665241354463164,-0.0008436513025746085,1.267367786748891,0.0
161,3.22,idle,locomotion,0,0.6000000238418579,-0.38999998569488525,0.10973345824050044,-0.017616771822992004,0.0009310559026075868,0.7355455068674009,1.2665338689596348,-0.0008423439879049338,1.2673762129475397,0.0
162,3.24,idle,locomotion,0,0.6000000238418579,-0.38999998569488525,0.10973345824050044,-0.017534041313850758,0.000932338963069339,0.7355550513955811,1.266543531688862,-0.0008410401537669449,1.2673845718426289,0.0
163,3.26,idle,locomotion,0,0.6000000238418579,-0.38999998569488525,0.10973345824050044,-0.017451652379825707,0.0009336523182458804,0.7355645168817738,1.2665531212742462,-0.0008397394804134858,1.2673928607546596,0.0
164,3.28,idle,locomotion,0,0.6000000238418579,-0.38999998569488525,0.10973345824050044,-0.01736960725216751,0.0009349812674061347,0.7355738965701937,1.266562630755618,-0.0008384424139801123,1.267401073169598,0.0
165,3.3,idle,locomotion,0,0.6000000238418579,-0.38999998569488525,0.10973345824050044,-0.017287904541511797,0.000936317732121481,0.7355831881422855,1.2665720577750754,-0.0008371479782637928,1.2674092057533393,0.0
166,3.32,idle,locomotion,0,0.6000000238418579,-0.38999998569488525,0.10973345824050044,-0.01720654216311085,0.000937656028391046,0.7355923965584537,1.2665814063720997,-0.0008358564890773405,1.267417262861177,0.0
167,3.34,idle,locomotion,0,0.6000000238418579,-0.38999998569488525,0.10973345824050044,-0.0171255101711392,0.0009389893571701809,0.7356015326673352,1.2665906880278015,-0.0008345682053219235,1.2674252562331234,0.0
168,3.36,idle,locomotion,0,0.6000000238418579,-0.38999998569488525,0.10973345824050044,-0.017044798842827065,0.0009403087252299044,0.7356105968706292,1.2665999048442333,-0.0008332831448244309,1.2674331879890577,0.0
169,3.38,idle,locomotion,0,0.6000000238418579,-0.38999998569488525,0.10973345824050044,-0.016964410134442453,0.000941602161048978,0.7356195821267517,1.2666090491522937,-0.0008320010580932444,1.267441050210387,0.0
170,3.4,idle,locomotion,0,0.6000000238418579,-0.38999998569488525,0.10973345824050044,-0.016884339246479398,0.0009428612993131668,0.7356284947063217,1.2666181262945382,-0.000830722497142073,1.2674488487916802,0.0
171,3.42,idle,locomotion,0,0.6000000238418579,-0.38999998569488525,0.10973345824050044,-0.016804579642479254,0.0009440774211605512,0.7356373371531902,1.2666271392731419,-0.0008294471564820605,1.2674565864296239,0.0
172,3.44,idle,locomotion,0,0.6000000238418579,-0.38999998569488525,0.10973345824050044,-0.016725134122501508,0.0009452432648010622,0.7356460983833012,1.2666360760562019,-0.0008281744273570812,1.267464250483559,0.0
173,3.46,idle,locomotion,0,0.6000000238418579,-0.38999998569488525,0.10973345824050044,-0.016646000525277274,0.0009463601063670643,0.7356547749024633,1.266644930719941,-0.0008269043149600024,1.267471835034901,0.0
174,3.48,idle,locomotion,0,0.6000000238418579,-0.38999998569488525,0.10973345824050044,-0.01656716655846679,0.000947430133575102,0.7356633754837322,1.2666537116822436,-0.0008256370109440032,1.2674793486931877,0.0
175,3.5,idle,locomotion,0,0.6000000238418579,-0.38999998569488525,0.10973345824050044,-0.01648862033145055,0.0009484542713457432,0.735671905014959,1.2666624245564213,-0.000824372205575661,1.267486796761997,0.0
176,3.52,idle,locomotion,0,0.6000000238418579,-0.38999998569488525,0.10973345824050044,-0.016410357593969766,0.000949433190529639,0.7356803601210257,1.2666710652968685,-0.0008231103446547094,1.2674941756415232,0.0
177,3.54,idle,locomotion,0,0.6000000238418579,-0.38999998569488525,0.10973345824050044,-0.016332378300933228,0.0009503655777918107,0.7356887393176121,1.266679630491809,-0.0008218516089749973,1.2675014821007842,0.0
178,3.56,idle,locomotion,0,0.6000000238418579,-0.38999998569488525,0.10973345824050044,-0.016254679079586165,0.0009512455374040734,0.7356970447191973,1.2666881214552344,-0.0008205964880527612,1.2675087179432871,0.0
179,3.58,idle,locomotion,0,0.6000000238418579,-0.38999998569488525,0.10973345824050044,-0.016177255175644747,0.0009520636648915112,0.7357052722848559,1.2666965347257237,-0.0008193444547993853,1.2675158791805232,0.0
180,3.6,idle,locomotion,0,0.6000000238418579,-0.38999998569488525,0.10973345824050044,-0.01610009299295515,0.0009528165812231143,0.7357134235865718,1.2667048731319603,-0.0008180950516239981,1.2675229681835842,0.0
181,3.62,idle,locomotion,0,0.6000000238418579,-0.38999998569488525,0.10973345824050044,-0.016023177897275805,0.0009535083025131447,0.7357215048568302,1.2667131445694793,-0.0008168473237617491,1.267529991893241,0.0
182,3.64,idle,locomotion,0,0.6000000238418579,-0.38999998569488525,0.10973345824050044,-0.01594650977892903,0.0009541394592890042,0.735729519656773,1.2667213515891884,-0.000815601630240196,1.2675369532194287,0.0
183,3.66,idle,locomotion,0,0.6000000238418579,-0.38999998569488525,0.10973345824050044,-0.015870088127197472,0.0009547057119998707,0.7357374678293392,1.2667294936384894,-0.0008143588005378073,1.2675438524390272,0.0
184,3.68,idle,locomotion,0,0.6000000238418579,-0.38999998569488525,0.10973345824050044,-0.015793908316363,0.0009552060469830309,0.7357453471486941,1.2667375690392475,-0.0008131182908860876,1.2675506873301337,0.0
185,3.7,idle,locomotion,0,0.6000000238418579,-0.38999998569488525,0.10973345824050044,-0.015717968136672866,0.0009556447055312231,0.7357531559924522,1.2667455753092411,-0.000811879618426388,1.2675574549276676,0.0
186,3.72,idle,locomotion,0,0.6000000238418579,-0.38999998569488525,0.10973345824050044,-0.015642261425608543,0.0009560214516323974,0.7357608972481737,1.2667535152333376,-0.0008106437358462726,1.2675641589691837,0.0
187,3.74,idle,locomotion,0,0.6000000238418579,-0.38999998569488525,0.10973345824050044,-0.01556678537236697,0.0009563318249907008,0.7357685704286264,1.2667613890459828,-0.0008094104565155719,1.2675707995024983,0.0
188,3.76,idle,locomotion,0,0.6000000238418579,-0.38999998569488525,0.10973345824050044,-0.015491541753957862,0.0009565714529131958,0.735776171233426,1.2667691922006135,-0.0008081798629630509,1.2675773720635766,0.0
189,3.78,idle,locomotion,0,0.6000000238418579,-0.38999998569488525,0.10973345824050044,-0.015416523075594971,0.000956742693852176,0.7357837012049396,1.2667769265454452,-0.0008069518149806804,1.2675838783604259,0.0
190,3.8,idle,locomotion,0,0.6000000238418579,-0.38999998569488525,0.10973345824050044,-0.015341721257039411,0.0009568482723557759,0.7357911690068444,1.2667846011976058,-0.0008057261731939484,1.2675903273707998,0.0
191,3.82,idle,locomotion,0,0.6000000238418579,-0.38999998569488525,0.10973345824050044,-0.015267133308617231,0.0009568899939930065,0.7357985747609346,1.2667922165520704,-0.0008045025680175344,1.2675967191200879,0.0
192,3.84,idle,locomotion,0,0.6000000238418579,-0.38999998569488525,0.10973345824050044,-0.015192756261810356,0.0009568689418494698,0.7358059158894314,1.2667997697373585,-0.000803281361872462,1.2676030510992309,0.0
193,3.86,idle,locomotion,0,0.6000000238418579,-0.38999998569488525,0.10973345824050044,-0.015118591017635392,0.0009567835010848381,0.7358131925709546,1.2668072602869387,-0.0008020626297231201,1.2676093229166618,0.0
194,3.88,idle,locomotion,0,0.6000000238418579,-0.38999998569488525,0.10973345824050044,-0.015044635858745648,0.0009566302936831197,0.7358204025165427,1.2668146858939326,-0.0008008469433952135,1.2676155328373278,0.0
195,3.9,idle,locomotion,0,0.6000000238418579,-0.38999998569488525,0.10973345824050044,-0.014970889165562141,0.0009564069575045173,0.7358275407590259,1.2668220417234166,-0.0007996334421773964,1.267621675165594,0.0
196,3.92,idle,locomotion,0,0.6000000238418579,-0.38999998569488525,0.10973345824050044,-0.014897349526065529,0.0009561139475915347,0.7358346093391968,1.2668293292162796,-0.0007984217614327993,1.2676277509777123,0.0
197,3.94,idle,locomotion,0,0.6000000238418579,-0.38999998569488525,0.10973345824050044,-0.014824058384714274,0.0009556227870414976,0.7358417091379424,1.2668366496644705,-0.0007972086224969123,1.2676338582869675,0.0
198,3.96,idle,locomotion,0,0.6000000238418579,-0.38999998569488525,0.10973345824050044,-0.014751102871724694,0.0009547182500648293,0.7358488884023642,1.2668440581164264,-0.0007959905479084546,1.2676400486643349,0.0
199,3.98,idle,locomotion,0,0.6000000238418579,-0.38999998569488525,0.10973345824050044,-0.014678477135639066,0.0009534110092788715,0.735856005104965,1.2668514071781471,-0.0007947715904339722,1.267646178768581,0.0
200,4.0,idle,locomotion,0,0.6000000238418579,-0.38999998569488525,0.10973345824050044,-0.014606189003577899,0.0009517060528485357,0.7358629620780682,1.2668586080389597,-0.0007935503158354694,1.267652158354795,0.0
201,4.02,idle,locomotion,0,0.6000000238418579,-0.38999998569488525,0.10973345824050044,-0.014534278429357323,0.0009496143925012445,0.7358697149878808,1.2668655923844547,-0.0007923254854910432,1.2676579178699459,0.0
202,4.04,idle,locomotion,0,0.6000000238418579,-0.38999998569488525,0.10973345824050044,-0.014462781701214452,0.0009471585263903113,0.7358762656899841,1.266872359136468,-0.0007910990549146041,1.2676634581913826,0.0
203,4.06,idle,locomotion,0,0.6000000238418579,-0.38999998569488525,0.10973345824050044,-0.01439169622798981,0.000944380523484515,0.7358826146032511,1.2668789066201498,-0.0007898736606407712,1.2676687802807907,0.0
204,4.08,idle,locomotion,0,0.6000000238418579,-0.38999998569488525,0.10973345824050044,-0.01432099445501593,0.0009412765054723308,0.7358888044345423,1.2668852729280853,-0.0007886496257421306,1.2676739225538274,0.0
205,4.1,idle,locomotion,0,0.6000000238418579,-0.38999998569488525,0.10973345824050044,-0.014250625062280881,0.0009378329801035435,0.7358948808644816,1.2668915116920174,-0.0007874256433344842,1.2676789373353519,0.0
206,4.12,idle,locomotion,0,0.6000000238418579,-0.38999998569488525,0.10973345824050044,-0.01418055040098578,0.000934076875592511,0.7359008514082682,1.2668976270413062,-0.0007862029594404678,1.2676838300007467,0.0
207,4.14,idle,locomotion,0,0.6000000238418579,-0.38999998569488525,0.10973345824050044,-0.014110764543318789,0.0009300184493630352,0.7359067111455866,1.2669036199841142,-0.0007849814482843408,1.2676886014323985,0.0
208,4.16,idle,locomotion,0,0.6000000238418579,-0.38999998569488525,0.10973345824050044,-0.01404127719114155,0.000925677483385741,0.7359124499176717,1.266909473253612,-0.0007837626749203075,1.2676932359285322,0.0
209,4.18,idle,locomotion,0,0.6000000238418579,-0.38999998569488525,0.10973345824050044,-0.013972101287575074,0.0009210410955265408,0.7359180780990778,1.2669151923527926,-0.0007825482955049617,1.2676977406482977,0.0
210,4.2,idle,locomotion,0,0.6000000238418579,-0.38999998569488525,0.10973345824050044,-0.013903230547862067,0.0009161485383011302,0.7359235513777406,1.2669207403601275,-0.0007813376853558693,1.2677020780454833,0.0
211,4.22,idle,locomotion,0,0.6000000238418579,-0.38999998569488525,0.10973345824050044,-0.013834696977529495,0.0009109705722582736,0.7359288687017977,1.266926109996297,-0.0007801311770388834,1.2677062411733357,0.0
212,4.24,idle,locomotion,0,0.6000000238418579,-0.38999998569488525,0.10973345824050044,-0.0137665003029111,0.0009055169076095001,0.7359340235621771,1.266931294276954,-0.0007789290631682426,1.2677102233401223,0.0
213,4.26,idle,locomotion,0,0.6000000238418579,-0.38999998569488525,0.10973345824050044,-0.013698595350861218,0.0008998701373783031,0.7359389907967834,1.2669362702348483,-0.0007777313804395239,1.267714001615288,0.0
214,4.28,idle,locomotion,0,0.6000000238418579,-0.38999998569488525,0.10973345824050044,-0.013630949672102287,0.0008940837504705899,0.7359438004787018,1.2669410691381424,-0.0007765389708661169,1.2677176081090085,0.0
215,4.3,idle,locomotion,0,0.6000000238418579,-0.38999998569488525,0.10973345824050044,-0.013563545455141945,0.0008881917868524034,0.7359484985672583,1.2669457393193146,-0.0007753524695709967,1.2677210917888857,0.0
216,4.32,idle,locomotion,0,0.6000000238418579,-0.38999998569488525,0.10973345824050044,-0.013496366198290411,0.0008822230780789166,0.7359531334893582,1.2669503324493228,-0.0007741724036162655,1.267724504852939,0.0
217,4.34,idle,locomotion,0,0.6000000238418579,-0.38999998569488525,0.10973345824050044,-0.013429390305534727,0.0008762012154494589,0.7359577480268086,1.266954896634138,-0.0007729996571995829,1.2677278962913376,0.0
218,4.36,idle,locomotion,0,0.6000000238418579,-0.38999998569488525,0.10973345824050044,-0.013362599536567288,0.0008701454540562649,0.7359623661980832,1.2669594622114377,-0.0007718334156384433,1.267731295627076,0.0
219,4.38,idle,locomotion,0,0.6000000238418579,-0.38999998569488525,0.10973345824050044,-0.013295984546620215,0.0008640674734496893,0.7359670016781884,1.266964047657833,-0.0007706733225712019,1.2677347209804042,0.0
220,4.4,idle,locomotion,0,0.6000000238418579,-0.38999998569488525,0.10973345824050044,-0.0132295423087167,0.0008579702959092984,0.7359716597575598,1.2669686628849208,-0.000769519102943518,1.2677381819878644,0.0
221,4.42,idle,locomotion,0,0.6000000238418579,-0.38999998569488525,0.10973345824050044,-0.01316327974712693,0.0008518551654435613,0.7359763243738492,1.266973294806546,-0.0007683704147727101,1.2677416652213187,0.0
222,4.44,idle,locomotion,0,0.6000000238418579,-0.38999998569488525,0.10973345824050044,-0.01309721361084777,0.0008457293794751315,0.73598096968177,1.2669779169824291,-0.0007672260702540311,1.2677451430526832,0.0
223,4.46,idle,locomotion,0,0.6000000238418579,-0.38999998569488525,0.10973345824050044,-0.013031345712659107,0.0008396048451952112,0.7359855943088524,1.2669825273435158,-0.000766086436078426,1.2677486137795941,0.0
224,4.48,idle,locomotion,0,0.6000000238418579,-0.38999998569488525,0.10973345824050044,-0.012965676104312334,0.0008334918356467888,0.7359901890086588,1.2669871188291162,-0.0007649501989919275,1.267752069028108,0.0
225,4.5,idle,locomotion,0,0.6000000238418579,-0.38999998569488525,0.10973345824050044,-0.012900211991481423,0.0008273983093412303,0.7359947455437778,1.2669916814500914,-0.0007638179249166883,1.2677554993750082,0.0
226,4.52,idle,locomotion,0,0.6000000238418579,-0.38999998569488525,0.10973345824050044,-0.012834958628346072,0.0008213304790083213,0.735999258441189,1.2669962094129439,-0.0007626890636414883,1.2677588984765853,0.0
227,4.54,idle,locomotion,0,0.6000000238418579,-0.38999998569488525,0.10973345824050044,-0.012769914870257505,0.0008153003105887586,0.7360037284328502,1.267000702630286,-0.0007615633151372113,1.2677622659454233,0.0
228,4.56,idle,locomotion,0,0.6000000238418579,-0.38999998569488525,0.10973345824050044,-0.012705079138478301,0.000809318888902856,0.7360081554385559,1.2670051613070563,-0.0007604403180295309,1.2677656016250858,0.0
229,4.58,idle,locomotion,0,0.6000000238418579,-0.38999998569488525,0.10973345824050044,-0.012640454757691197,0.0008033945894635299,0.7360125350150889,1.2670095795232716,-0.0007593210232783587,1.26776890054655,0.0
230,4.6,idle,locomotion,0,0.6000000238418579,-0.38999998569488525,0.10973345824050044,-0.012576040871006697,0.0007975296478904238,0.7360168670256146,1.2670139569915235,-0.0007582055646863095,1.2677721625562097,0.0
231,4.62,idle,locomotion,0,0.6000000238418579,-0.38999998569488525,0.10973345824050044,-0.012511839877377796,0.0007917291038554807,0.7360211446396643,1.2670182868948834,-0.0007570928343029887,1.2677753797291864,0.0
232,4.64,idle,locomotion,0,0.6000000238418579,-0.38999998569488525,0.10973345824050044,-0.012447851611083784,0.0007860031014691245,0.736025376104564,1.267022575198185,-0.0007559834355229042,1.2677785586337078,0.0
233,4.66,idle,locomotion,0,0.6000000238418579,-0.38999998569488525,0.10973345824050044,-0.012384072042506558,0.0007803549617370018,0.7360295671127342,1.2670268285042066,-0.0007548774889464954,1.267781705993153,0.0
234,4.68,idle,locomotion,0,0.6000000238418579,-0.38999998569488525,0.10973345824050044,-0.012320501920407118,0.00077478993556076,0.7360337132134676,1.267031041649465,-0.0007537748079449388,1.26778481645741,0.0
235,4.7,idle,locomotion,0,0.6000000238418579,-0.38999998569488525,0.10973345824050044,-0.012257140045087284,0.000769312361876696,0.7360378135780411,1.2670352132392808,-0.0007526758138876287,1.2677878890531684,0.0
236,4.72,idle,locomotion,0,0.6000000238418579,-0.38999998569488525,0.10973345824050044,-0.012193984092952677,0.0007639236254285936,0.7360418692299088,1.2670393445630834,-0.0007515801293656692,1.267790924692449,0.0
237,4.74,idle,locomotion,0,0.6000000238418579,-0.38999998569488525,0.10973345824050044,-0.012131033064504762,0.0007586218082780983,0.7360458827554711,1.2670434383611273,-0.0007504881178131036,1.2677939264789404,0.0
238,4.76,idle,locomotion,0,0.6000000238418579,-0.38999998569488525,0.10973345824050044,-0.012068286238555789,0.000753403865800199,0.7360498536183764,1.2670474950159334,-0.0007493995012417161,1.2677968945171751,0.0
239,4.78,idle,locomotion,0,0.6000000238418579,-0.38999998569488525,0.10973345824050044,-0.012005748027227809,0.0007482708376227837,0.7360537788876589,1.267051511156517,-0.0007483138523708133,1.2677998250088878,0.0
240,4.8,idle,locomotion,0,0.6000000238418579,-0.38999998569488525,0.10973345824050044,-0.011943420333968186,0.0007432219272084607,0.7360576616274593,1.2670554890607872,-0.0007472315733120932,1.2678027206340994,0.0
241,4.82,idle,locomotion,0,0.6000000238418579,-0.38999998569488525,0.10973345824050044,-0.011881300730735022,0.0007382539912912972,0.7360615076770367,1.2670594352283846,-0.0007461527182511321,1.2678055879466357,0.0
242,4.84,idle,locomotion,0,0.6000000238418579,-0.38999998569488525,0.10973345824050044,-0.01181939097839617,0.0007333651739538333,0.7360653148834833,1.2670633473172517,-0.0007450770516294926,1.2678084243688812,0.0
243,4.86,idle,locomotion,0,0.6000000238418579,-0.38999998569488525,0.10973345824050044,-0.011757690530191335,0.0007285492352017883,0.7360690807108399,1.2670672227069157,-0.000744005079568736,1.2678112277864846,0.0
244,4.88,idle,locomotion,0,0.6000000238418579,-0.38999998569488525,0.10973345824050044,-0.011696197894439634,0.0007237981369161613,0.736072800939732,1.2670710583501272,-0.0007429361554360352,1.2678139945055633,0.0
245,4.9,idle,locomotion,0,0.6000000238418579,-0.38999998569488525,0.10973345824050044,-0.011634912111754303,0.0007191098073835503,0.736076477232384,1.267074855650989,-0.0007418699563206677,1.2678167256073096,0.0
246,4.92,idle,locomotion,0,0.6000000238418579,-0.38999998569488525,0.10973345824050044,-0.011573831864831212,0.0007144809525732619,0.7360801117342346,1.2670786172212312,-0.0007408062660752453,1.2678194234873064,0.0
247,4.94,idle,locomotion,0,0.6000000238418579,-0.38999998569488525,0.10973345824050044,-0.011512957075022048,0.0007099134091630274,0.7360837049699559,1.2670823429267142,-0.0007397447850991182,1.2678220877118134,0.0
248,4.96,idle,locomotion,0,0.6000000238418579,-0.38999998569488525,0.10973345824050044,-0.011452287218520152,0.0007054085589003051,0.7360872607698961,1.2670860357913016,-0.0007386864409608118,1.2678247222322625,0.0
249,4.98,idle,locomotion,0,0.6000000238418579,-0.38999998569488525,0.10973345824050044,-0.011391816420539857,0.0007009640478768914,0.7360907841465291,1.2670897013178795,-0.0007376311132741321,1.2678273324311535,0.0
250,5.0,idle,locomotion,0,0.6000000238418579,-0.38999998569488525,0.10973345824050044,-0.011331542381818308,0.0006965744751363736,0.736094274758594,1.2670933398673736,-0.0007365787659875181,1.267829918633361,0.0
251,5.02,idle,locomotion,0,0.6000000238418579,-0.38999998569488525,0.10973345824050044,-0.011271464115553749,0.0006922371543216169,0.7360977250198864,1.2670969447336111,-0.0007355286681370692,1.267832473401748,0.0
252,5.04,idle,locomotion,0,0.6000000238418579,-0.38999998569488525,0.10973345824050044,-0.011211586686445073,0.0006879528719293691,0.7361011329436763,1.2671005121205094,-0.000734480643494767,1.2678349927640042,0.0
253,5.06,idle,locomotion,0,0.6000000238418579,-0.38999998569488525,0.10973345824050044,-0.011151909127052882,0.000683715887073348,0.7361044998274032,1.2671040439330299,-0.0007334359334186281,1.2678374798664485,0.0
254,5.08,idle,locomotion,0,0.6000000238418579,-0.38999998569488525,0.10973345824050044,-0.011092424714813387,0.0006795293926484717,0.7361078310701185,1.2671075458662013,-0.0007323936351015456,1.267839939501303,0.0
255,5.1,idle,locomotion,0,0.6000000238418579,-0.38999998569488525,0.10973345824050044,-0.011033132221823021,0.0006753970639456358,0.7361111300788051,1.2671110214609613,-0.0007313535576387552,1.2678423750186,0.0
256,5.12,idle,locomotion,0,0.6000000238418579,-0.38999998569488525,0.10973345824050044,-0.010974029084416026,0.0006713206761278419,0.7361143963921563,1.267114470150895,-0.0007303160152483321,1.2678447861661433,0.0
257,5.14,idle,locomotion,0,0.6000000238418579,-0.38999998569488525,0.10973345824050044,-0.010915114258723055,0.0006672983866396182,0.7361176327055922,1.2671178948641666,-0.0007292810018543587,1.267847175866021,0.0
258,5.16,idle,locomotion,0,0.6000000238418579,-0.38999998569488525,0.10973345824050044,-0.010856388951517615,0.0006633254168596429,0.7361208355529038,1.2671212925926114,-0.0007282486968644385,1.267849541289476,0.0
259,5.18,idle,locomotion,0,0.6000000238418579,-0.38999998569488525,0.10973345824050044,-0.010797850339317069,0.0006593990836008488,0.7361240049980015,1.2671246635358218,-0.0007272199288073967,1.267851883464629,0.0
260,5.2,idle,locomotion,0,0.6000000238418579,-0.38999998569488525,0.10973345824050044,-0.010739497699199954,0.0006555132519814529,0.7361271389423932,1.267128006381732,-0.0007261942023809483,1.267854200584113,0.0
261,5.22,idle,locomotion,0,0.6000000238418579,-0.38999998569488525,0.10973345824050044,-0.010681332604689505,0.0006516632333129441,0.736130232212075,1.2671313161747984,-0.0007251708639378629,1.267856487038736,0.0
262,5.24,idle,locomotion,0,0.6000000238418579,-0.38999998569488525,0.10973345824050044,-0.010623352505919748,0.0006478560579755091,0.7361332883590486,1.2671345958045268,-0.0007241494456842572,1.267858745250211,0.0
263,5.26,idle,locomotion,0,0.6000000238418579,-0.38999998569488525,0.10973345824050044,-0.010565555552037777,0.0006440991337309298,0.7361363136610912,1.2671378507459568,-0.0007231298480840399,1.2678609805940408,0.0
264,5.28,idle,locomotion,0,0.6000000238418579,-0.38999998569488525,0.10973345824050044,-0.010507941332545909,0.0006403917052046189,0.7361393102910547,1.2671410827906493,-0.0007221131029087613,1.267863195893558,0.0
265,5.3,idle,locomotion,0,0.6000000238418579,-0.38999998569488525,0.10973345824050044,-0.01045050944807589,0.000636727308801037,0.7361422741789286,1.2671442886761717,-0.0007210994456365409,1.2678653881218083,0.0
266,5.32,idle,locomotion,0,0.6000000238418579,-0.38999998569488525,0.10973345824050044,-0.01039325886655107,0.0006331032702894055,0.736145204287279,1.2671474675764864,-0.0007200889881162388,1.2678675565646027,0.0
267,5.34,idle,locomotion,0,0.6000000238418579,-0.38999998569488525,0.10973345824050044,-0.01033618971188706,0.0006295192216680526,0.7361480997665375,1.2671506187463186,-0.0007190812245421833,1.2678696999708607,0.0
268,5.36,idle,locomotion,0,0.6000000238418579,-0.38999998569488525,0.10973345824050044,-0.010279307045733346,0.0006259649021586772,0.7361509637785049,1.2671537428852622,-0.0007180753517794722,1.2678718182370416,0.0
269,5.38,idle,locomotion,0,0.6000000238418579,-0.38999998569488525,0.10973345824050044,-0.010222654957070311,0.0006222662780441937,0.7361539326183084,1.2671569797636335,-0.0007170677867778183,1.2678740475504113,0.0
270,5.4,idle,locomotion,0,0.6000000238418579,-0.38999998569488525,0.10973345824050044,-0.010166233341721023,0.0006184362506753084,0.7361568962525525,1.267160220105019,-0.0007160598754388132,1.2678762799804577,0.0
271,5.42,idle,locomotion,0,0.6000000238418579,-0.38999998569488525,0.10973345824050044,-0.010110033550541003,0.0006144919002415679,0.7361598048594588,1.267163414030243,-0.0007150504074983181,1.2678784644377414,0.0
272,5.44,idle,locomotion,0,0.6000000238418579,-0.38999998569488525,0.10973345824050044,-0.010054038959888928,0.0006104696132072407,0.7361626264991274,1.267166528557871,-0.0007140397262880432,1.2678805682841592,0.0
273,5.46,idle,locomotion,0,0.6000000238418579,-0.38999998569488525,0.10973345824050044,-0.009998236408955113,0.0006063999508613667,0.7361653685062375,1.2671695686000224,-0.0007130283295252553,1.2678825969295477,0.0
274,5.48,idle,locomotion,0,0.6000000238418579,-0.38999998569488525,0.10973345824050044,-0.009942616495816538,0.0006023071846723719,0.7361680628133095,1.2671725633988125,-0.0007120174430387573,1.2678845808418513,0.0
275,5.5,idle,locomotion,0,0.6000000238418579,-0.38999998569488525,0.10973345824050044,-0.009887156556427475,0.0005982857979473452,0.7361708533164757,1.2671756401327252,-0.0007108921274873205,1.2678865322602126,0.0
276,5.52,idle,locomotion,0,0.6000000238418579,-0.38999998569488525,0.10973345824050044,-0.009831871821680924,0.0005946003478561971,0.7361739617173761,1.2671790152815803,-0.0007098282643770056,1.2678888435459572,0.0
277,5.54,idle,locomotion,0,0.6000000238418579,-0.38999998569488525,0.10973345824050044,-0.009776841880390266,0.0005912612726466719,0.7361772314641982,1.2671825292619066,-0.0007089751555245591,1.267891504417431,0.0
278,5.56,idle,locomotion,0,0.6000000238418579,-0.38999998569488525,0.10973345824050044,-0.009722093236761325,0.0005882631663573107,0.7361805687459475,1.2671861010910779,-0.0007082324948819718,1.2678943335859598,0.0
279,5.58,idle,locomotion,0,0.6000000238418579,-0.38999998569488525,0.10973345824050044,-0.009667641026303367,0.0005855802616411524,0.7361839044163008,1.2671896675501428,-0.0007075473377733434,1.2678972148879162,0.0
280,5.6,idle,locomotion,0,0.6000000238418579,-0.38999998569488525,0.10973345824050044,-0.009613580799915962,0.000583006978774847,0.7361872493117243,1.267193260219403,-0.0007068935799754185,1.2679001537993784,0.0
281,5.62,idle,locomotion,0,0.6000000238418579,-0.38999998569488525,0.10973345824050044,-0.009559955262621659,0.0005804636749027574,0.7361905614830746,1.2671968418511736,-0.0007062229721254004,1.267903064823299,0.0
282,5.64,idle,locomotion,0,0.6000000238418579,-0.38999998569488525,0.10973345824050044,-0.009506774026324459,0.0005778936091682868,0.736193802444921,1.267200386096754,-0.0007055524464842332,1.2679059385432383,0.0
283,5.66,idle,locomotion,0,0.6000000238418579,-0.38999998569488525,0.10973345824050044,-0.009454045241885286,0.0005753143595484992,0.7361969561510703,1.2672038602543279,-0.0007048940414648534,1.2679087542957928,0.0
284,5.68,idle,locomotion,0,0.6000000238418579,-0.38999998569488525,0.10973345824050044,-0.009401778703096816,0.0005727275000147311,0.7361999749478468,1.26720722956222,-0.0007042239063499468,1.26791145346857,0.0
285,5.7,idle,locomotion,0,0.6000000238418579,-0.38999998569488525,0.10973345824050044,-0.009349976305950464,0.0005701626569270473,0.7362028726728255,1.2672104927637322,-0.0007035535295080927,1.2679140462932403,0.0
286,5.72,idle,locomotion,0,0.6000000238418579,-0.38999998569488525,0.10973345824050044,-0.009298638237777405,0.0005676563936683499,0.7362056811016944,1.2672136733391284,-0.0007028944774223472,1.2679165678165507,0.0
287,5.74,idle,locomotion,0,0.6000000238418579,-0.38999998569488525,0.10973345824050044,-0.00924776086852328,0.0005652155931096674,0.7362084449414137,1.2672168236178645,-0.0007022348520526397,1.2679190584699171,0.0
288,5.76,idle,locomotion,0,0.6000000238418579,-0.38999998569488525,0.10973345824050044,-0.009197374957158423,0.0005628276203071751,0.7362111015969013,1.2672198768995149,-0.0007015662767129033,1.2679214431762278,0.0
289,5.78,idle,locomotion,0,0.6000000238418579,-0.38999998569488525,0.10973345824050044,-0.00914749996061369,0.000560499207040221,0.7362136178453003,1.267222806904029,-0.0007009074996407808,1.2679237144036697,0.0
290,5.8,idle,locomotion,0,0.6000000238418579,-0.38999998569488525,0.10973345824050044,-0.009098156407035558,0.0005582720571599242,0.7362159952271986,1.2672256006207787,-0.0007002580258765496,1.2679258586466553,0.0
291,5.82,idle,locomotion,0,0.6000000238418579,-0.38999998569488525,0.10973345824050044,-0.009049354423157033,0.0005561596732479749,0.736218227740586,1.2672282621895745,-0.0006996400169049545,1.2679279022064796,0.0
292,5.84,idle,locomotion,0,0.6000000238418579,-0.38999998569488525,0.10973345824050044,-0.009001093712580534,0.0005541831127594362,0.7362203496360096,1.2672308204852734,-0.0006989957528298618,1.2679298162381032,0.0
293,5.86,idle,locomotion,0,0.6000000238418579,-0.38999998569488525,0.10973345824050044,-0.008953380707029005,0.0005523173654328595,0.7362223453102877,1.2672332612346953,-0.000698409898451522,1.2679316711331468,0.0
294,5.88,idle,locomotion,0,0.6000000238418579,-0.38999998569488525,0.10973345824050044,-0.008906169606327828,0.000550574552992625,0.7362242305569031,1.2672355981604928,-0.0006978076521369884,1.2679334058126297,0.0
295,5.9,idle,locomotion,0,0.6000000238418579,-0.38999998569488525,0.10973345824050044,-0.008859413493795768,0.0005489592092950462,0.7362260374018864,1.2672378621091747,-0.00069716431625505,1.2679350264254297,0.0
296,5.92,idle,locomotion,0,0.6000000238418579,-0.38999998569488525,0.10973345824050044,-0.00881308875073852,0.0005474524991586025,0.7362277903774814,1.267240076909604,-0.0006964869183789628,1.267936563827983,0.0
297,5.94,idle,locomotion,0,0.6000000238418579,-0.38999998569488525,0.10973345824050044,-0.008767178819292587,0.0005460292292612026,0.7362295053593786,1.267242257197458,-0.0006957878586991463,1.267938045056157,0.0
298,5.96,idle,locomotion,0,0.6000000238418579,-0.38999998569488525,0.10973345824050044,-0.008721671718771638,0.0005446621803497275,0.7362311950435156,1.2672444151298488,-0.0006950765153428649,1.2679394916451916,0.0
299,5.98,idle,locomotion,0,0.6000000238418579,-0.38999998569488525,0.10973345824050044,-0.00867656060517107,0.0005433256686350503,0.736232864078892,1.2672465546354374,-0.0006943599826083266,1.2679409146180458,0.0
300,6.0,idle,locomotion,0,0.6000000238418579,-0.38999998569488525,0.10973345824050044,-0.008631836972478314,0.0005419946836009478,0.7362345137147482,1.267248676589651,-0.0006936426691316507,1.2679423192587826,0.0
301,6.02,idle,locomotion,0,0.6000000238418579,-0.38999998569488525,0.10973345824050044,-0.008587487239073512,0.0005406531348391508,0.736236145561417,1.2672507827147819,-0.000692927103213923,1.2679437098179958,0.0
302,6.04,idle,locomotion,0,0.6000000238418579,-0.38999998569488525,0.10973345824050044,-0.008543494797082739,0.0005392943897461308,0.7362377617782361,1.2672528752801067,-0.0006922143480917117,1.2679450896281983,0.0
303,6.06,idle,locomotion,0,0.6000000238418579,-0.38999998569488525,0.10973345824050044,-0.008499849653149812,0.0005379131572461764,0.7362393599340742,1.267254951340627,-0.0006915050395623346,1.2679464563801894,0.0
304,6.08,idle,locomotion,0,0.6000000238418579,-0.38999998569488525,0.10973345824050044,-0.008456541058213553,0.0005365040323812961,0.7362409406072385,1.2672570104682703,-0.0006907998767638965,1.2679478103450341,0.0
305,6.1,idle,locomotion,0,0.6000000238418579,-0.38999998569488525,0.10973345824050044,-0.008413559587725486,0.0005350608178663267,0.7362425032961563,1.267259051571807,-0.0006900988274840467,1.267949150399291,0.0
306,6.12,idle,locomotion,0,0.6000000238418579,-0.38999998569488525,0.10973345824050044,-0.008370893277639561,0.0005335795709524797,0.7362440480605893,1.2672610740510146,-0.000689402131843965,1.2679504761828586,0.0
307,6.14,idle,locomotion,0,0.6000000238418579,-0.38999998569488525,0.10973345824050044,-0.008328527561261437,0.000532060433882604,0.7362455765464646,1.267263079595537,-0.0006887089140101867,1.2679517885095473,0.0
308,6.16,idle,locomotion,0,0.6000000238418579,-0.38999998569488525,0.10973345824050044,-0.008286450683893087,0.0005305035974041612,0.7362470896956872,1.2672650689147296,-0.0006880186974267052,1.2679530876121563,0.0
309,6.18,idle,locomotion,0,0.6000000238418579,-0.38999998569488525,0.10973345824050044,-0.008244651805421353,0.000528910325146051,0.7362485859686244,1.2672670401333899,-0.0006873318559635563,1.2679543719893533,0.0
310,6.2,idle,locomotion,0,0.6000000238418579,-0.38999998569488525,0.10973345824050044,-0.008203119985659839,0.0005272822314251868,0.7362500662970721,1.267268993884091,-0.00068664819865389,1.267955642082745,0.0
311,6.22,idle,locomotion,0,0.6000000238418579,-0.38999998569488525,0.10973345824050044,-0.008161846125462491,0.0005256202008161179,0.7362515326181304,1.267270932027785,-0.0006859674978300333,1.2679568995256152,0.0
312,6.24,idle,locomotion,0,0.6000000238418579,-0.38999998569488525,0.10973345824050044,-0.008120822206127658,0.0005239260816709806,0.7362529836406403,1.2672728530298638,-0.0006852899841309941,1.2679581430139948,0.0
313,6.26,idle,locomotion,0,0.6000000238418579,-0.38999998569488525,0.10973345824050044,-0.008080039756322774,0.0005222000151668197,0.736254420764681,1.2672747581600285,-0.0006846155937692833,1.2679593737537977,0.0
314,6.28,idle,locomotion,0,0.6000000238418579,-0.38999998569488525,0.10973345824050044,-0.008039489898882505,0.0005204434325361341,0.7362558457063715,1.2672766494349752,-0.0006839440140504194,1.2679605934490257,0.0
315,6.3,idle,locomotion,0,0.6000000238418579,-0.38999998569488525,0.10973345824050044,-0.007999163755951737,0.0005186594924787636,0.7362572593282372,1.2672785279965884,-0.0006832749063483967,1.2679618029029367,0.0
316,6.32,idle,locomotion,0,0.6000000238418579,-0.38999998569488525,0.10973345824050044,-0.007959057572943004,0.0005168508790426117,0.736258658423675,1.2672803901918133,-0.0006826086173492181,1.2679629988091625,0.0
317,6.34,idle,locomotion,0,0.6000000238418579,-0.38999998569488525,0.10973345824050044,-0.007919166119218219,0.0005150151555473373,0.7362600423368383,1.2672822349477584,-0.0006819457227604277,1.2679641806705189,0.0
318,6.36,idle,locomotion,0,0.6000000238418579,-0.38999998569488525,0.10973345824050044,-0.007879481103794972,0.0005131489988695201,0.7362614135412969,1.2672840655844417,-0.0006812856686074335,1.267965351253049,0.0
319,6.38,idle,locomotion,0,0.6000000238418579,-0.38999998569488525,0.10973345824050044,-0.007839995510089485,0.0005112551778076868,0.7362627724503424,1.2672858828700457,-0.0006806281304260718,1.2679665110004719,0.0
320,6.4,idle,locomotion,0,0.6000000238418579,-0.38999998569488525,0.10973345824050044,-0.007800702958160333,0.0005093355295973509,0.7362641210330003,1.2672876888870572,-0.0006799728463916764,1.267967661733449,0.0
321,6.42,idle,locomotion,0,0.6000000238418579,-0.38999998569488525,0.10973345824050044,-0.0077615981330373075,0.0005073931273426965,0.7362654597651155,1.2672894841965792,-0.0006793199128175206,1.2679688041093966,0.0
322,6.44,idle,locomotion,0,0.6000000238418579,-0.38999998569488525,0.10973345824050044,-0.007722675812977684,0.0005054316239639045,0.7362667880644519,1.2672912680487975,-0.0006786694046910444,1.2679699374534885,0.0
323,6.46,idle,locomotion,0,0.6000000238418579,-0.38999998569488525,0.10973345824050044,-0.007683929098294353,0.0005034551670217267,0.7362681065360187,1.2672930412684513,-0.0006780213267263552,1.2679710625951777,0.0
324,6.48,idle,locomotion,0,0.6000000238418579,-0.38999998569488525,0.10973345824050044,-0.007645353227458858,0.0005014662163188909,0.7362694165997177,1.2672948055968103,-0.0006773756266909292,1.2679721812235012,0.0
325,6.5,idle,locomotion,0,0.6000000238418579,-0.38999998569488525,0.10973345824050044,-0.007606947414239643,0.0004994668497793482,0.7362707164893203,1.2672965589758718,-0.0006767323791340221,1.267973291355006,0.0
326,6.52,idle,locomotion,0,0.6000000238418579,-0.38999998569488525,0.10973345824050044,-0.007568709377719975,0.0004974556691432606,0.7362720057612359,1.2672983006387133,-0.0006760920932189531,1.2679743927319322,0.0
327,6.54,idle,locomotion,0,0.6000000238418579,-0.38999998569488525,0.10973345824050044,-0.007530632865639146,0.0004954329413480662,0.7362732868144679,1.2673000334243163,-0.0006754545656074903,1.2679754879899239,0.0
328,6.56,idle,locomotion,0,0.6000000238418579,-0.38999998569488525,0.10973345824050044,-0.007492713286582898,0.0004934015305424796,0.7362745591366998,1.2673017570972973,-0.0006748192311005451,1.2679765763283979,0.0
329,6.58,idle,locomotion,0,0.6000000238418579,-0.38999998569488525,0.10973345824050044,-0.007454947668596299,0.0004913626023151399,0.7362758229086478,1.2673034717675162,-0.0006741861181462569,1.2679776578856625,0.0
330,6.6,idle,locomotion,0,0.6000000238418579,-0.38999998569488525,0.10973345824050044,-0.007417333003897739,0.0004893177868445673,0.7362770787620831,1.2673051782322458,-0.0006735552485554082,1.2679787334808013,0.0
331,6.62,idle,locomotion,0,0.6000000238418579,-0.38999998569488525,0.10973345824050044,-0.007379865990656332,0.000487268119495171,0.7362783275767267,1.267306877565833,-0.0006729265708208532,1.2679798041366537,0.0
332,6.64,idle,locomotion,0,0.6000000238418579,-0.38999998569488525,0.10973345824050044,-0.00734254466365241,0.00048521508531484,0.7362795679204677,1.267308568377382,-0.0006722999303331832,1.2679808683077152,0.0
333,6.66,idle,locomotion,0,0.6000000238418579,-0.38999998569488525,0.10973345824050044,-0.0073053669078135975,0.00048315935271132064,0.7362808000785996,1.2673102507584468,-0.0006716755789184584,1.2679819263373653,0.0
334,6.68,idle,locomotion,0,0.6000000238418579,-0.38999998569488525,0.10973345824050044,-0.007268330573208348,0.0004811010308244969,0.7362820254751093,1.267311926186724,-0.0006710534808841775,1.2679829796676083,0.0
335,6.7,idle,locomotion,0,0.6000000238418579,-0.38999998569488525,0.10973345824050044,-0.007231433649044278,0.0004790414732695981,0.7362832450376903,1.2673135955577846,-0.0006704338711403836,1.2679840294289249,0.0
336,6.72,idle,locomotion,0,0.6000000238418579,-0.38999998569488525,0.10973345824050044,-0.007194674446066766,0.0004769825354450285,0.7362844601139631,1.2673152602250162,-0.0006698165461857149,1.267985076771202,0.0
337,6.74,idle,locomotion,0,0.6000000238418579,-0.38999998569488525,0.10973345824050044,-0.007158049787039971,0.00047492767746294825,0.7362856699692865,1.2673169196683483,-0.0006692014194507323,1.267986121087799,0.0
338,6.76,idle,locomotion,0,0.6000000238418579,-0.38999998569488525,0.10973345824050044,-0.007121558386660005,0.00047287870502141796,0.7362868728669346,1.2673185721664046,-0.0006685883264832167,1.2679871604928878,0.0
339,6.78,idle,locomotion,0,0.6000000238418579,-0.38999998569488525,0.10973345824050044,-0.007085197315826146,0.00047084069340354995,0.7362880746870785,1.2673202235998566,-0.0006679717968210569,1.2679881953966776,0.0
340,6.8,idle,locomotion,0,0.6000000238418579,-0.38999998569488525,0.10973345824050044,-0.007048962306483761,0.0004688281559252902,0.7362892781108071,1.267321877007032,-0.0006673581312902493,1.2679892351383222,0.0
341,6.82,idle,locomotion,0,0.6000000238418579,-0.38999998569488525,0.10973345824050044,-0.007012852280517946,0.00046685277816493036,0.7362904802928988,1.2673235292301044,-0.0006667543224093894,1.2679902835525139,0.0
342,6.84,idle,locomotion,0,0.6000000238418579,-0.38999998569488525,0.10973345824050044,-0.006976865945880285,0.0004649217280256488,0.7362916812658044,1.267325180327877,-0.0006661603569884274,1.2679913406848655,0.0
343,6.86,idle,locomotion,0,0.6000000238418579,-0.38999998569488525,0.10973345824050044,-0.006941003321280581,0.0004630398402839594,0.7362928788870549,1.267326828306684,-0.0006655747459000001,1.267992403052584,0.0
344,6.88,idle,locomotion,0,0.6000000238418579,-0.38999998569488525,0.10973345824050044,-0.0069052649972818955,0.0004612093737009261,0.7362940696331965,1.2673284695536564,-0.0006649958608493586,1.2679934654145057,0.0
345,6.9,idle,locomotion,0,0.6000000238418579,-0.38999998569488525,0.10973345824050044,-0.0068696499782969185,0.0004594270283460076,0.7362952543036819,1.2673301054693533,-0.0006644219389479976,1.2679945274083013,0.0
346,6.92,idle,locomotion,0,0.6000000238418579,-0.38999998569488525,0.10973345824050044,-0.0068341568452981085,0.00045769109044498476,0.7362964351924063,1.2673317391075618,-0.0006638514330919443,1.2679955905406537,0.0
347,6.94,idle,locomotion,0,0.6000000238418579,-0.38999998569488525,0.10973345824050044,-0.006798784091834405,0.0004560022756291411,0.7362976125889963,1.267333371157372,-0.0006632836037358848,1.267996654761108,0.0
348,6.96,idle,locomotion,0,0.6000000238418579,-0.38999998569488525,0.10973345824050044,-0.006763529626366737,0.000454361380413849,0.7362987869515152,1.2673350024731818,-0.0006627179357893316,1.2679977204089712,0.0
349,6.98,idle,locomotion,0,0.6000000238418579,-0.38999998569488525,0.10973345824050044,-0.006728392411255375,0.0004527685751660842,0.7362999576801804,1.267336632807485,-0.0006621544456439712,1.267998787253129,0.0
350,7.0,idle,locomotion,0,0.6000000238418579,-0.38999998569488525,0.10973345824050044,-0.006693371496512045,0.00045122479989331994,0.7363011244233746,1.2673382617863376,-0.0006615931235607747,1.2679998549098983,0.0
351,7.02,idle,locomotion,0,0.6000000238418579,-0.38999998569488525,0.10973345824050044,-0.0066584673983376514,0.00044973008339136144,0.7363022858464499,1.2673398879344668,-0.000661033976018844,1.2680009219104857,0.0
352,7.04,idle,locomotion,0,0.6000000238418579,-0.38999998569488525,0.10973345824050044,-0.0066236767108529175,0.0004482862411314205,0.7363034463869593,1.2673415155693815,-0.000660473504795249,1.2680019890741767,0.0
353,7.06,idle,locomotion,0,0.6000000238418579,-0.38999998569488525,0.10973345824050044,-0.006588993723626946,0.0004469052663412074,0.7363046101350783,1.2673431490438414,-0.0006599124118651205,1.2680030614557065,0.0
354,7.08,idle,locomotion,0,0.6000000238418579,-0.38999998569488525,0.10973345824050044,-0.0065544171895592735,0.000445595302579684,0.7363057727796168,1.2673447838240974,-0.000659358442991715,1.2680041422670891,0.0
355,7.1,idle,locomotion,0,0.6000000238418579,-0.38999998569488525,0.10973345824050044,-0.006519944943474677,0.0004443590797731887,0.7363069351187912,1.2673464207420768,-0.000658812422566487,1.2680052331646432,0.0
356,7.12,idle,locomotion,0,0.6000000238418579,-0.38999998569488525,0.10973345824050044,-0.006485612042348043,0.0004431209279088518,0.7363081218289496,1.2673480838815274,-0.0006582720747839998,1.2680063559563115,0.0
357,7.14,idle,locomotion,0,0.6000000238418579,-0.38999998569488525,0.10973345824050044,-0.0064514249619646805,0.00044186466499224214,0.7363093092773078,1.2673497485161302,-0.0006577367699192142,1.2680074852860495,0.0
358,7.16,idle,locomotion,0,0.6000000238418579,-0.38999998569488525,0.10973345824050044,-0.006417373241737511,0.0004406070034760026,0.7363104818762016,1.2673513978519813,-0.0006572041041379012,1.2680086019561192,0.0
359,7.18,idle,locomotion,0,0.6000000238418579,-0.38999998569488525,0.10973345824050044,-0.006383454213501906,0.0004393491816382257,0.7363116379640195,1.2673530285610533,-0.0006566728770213137,1.2680097014380745,0.0
360,7.2,idle,locomotion,0,0.6000000238418579,-0.38999998569488525,0.10973345824050044,-0.006349663620529047,0.00043809452954229335,0.7363127751551823,1.267354640008398,-0.0006561427638127233,1.2680107827722107,0.0
361,7.22,idle,locomotion,0,0.6000000238418579,-0.38999998569488525,0.10973345824050044,-0.006315998374278823,0.00043684187230667675,0.7363138937511581,1.2673562315684945,-0.0006556138680380713,1.2680118454365326,0.0
362,7.24,idle,locomotion,0,0.6000000238418579,-0.38999998569488525,0.10973345824050044,-0.006282461239825965,0.00043558346900338704,0.7363149947116526,1.2673578064841389,-0.0006550854464863823,1.2680128919306253,0.0
363,7.26,idle,locomotion,0,0.6000000238418579,-0.38999998569488525,0.10973345824050044,-0.006249053343133418,0.00043431470714874943,0.7363160792135273,1.267359365524629,-0.0006545577330100728,1.268013923257639,0.0
364,7.28,idle,locomotion,0,0.6000000238418579,-0.38999998569488525,0.10973345824050044,-0.006215772494160412,0.00043303585982295764,0.7363171461652419,1.267360908611511,-0.0006540314763280319,1.268014940087839,0.0
365,7.3,idle,locomotion,0,0.6000000238418579,-0.38999998569488525,0.10973345824050044,-0.0061826182035957045,0.00043174451557508633,0.7363181965756908,1.267362435820374,-0.0006535065259602284,1.2680159423463342,0.0
366,7.32,idle,locomotion,0,0.6000000238418579,-0.38999998569488525,0.10973345824050044,-0.006149590829974034,0.00043044270531056387,0.7363192282228384,1.2673639458088066,-0.0006529832056180809,1.2680169290144248,0.0
367,7.34,idle,locomotion,0,0.6000000238418579,-0.38999998569488525,0.10973345824050044,-0.006116687762178948,0.0004291365703952334,0.7363202416080823,1.2673654382419821,-0.0006524615222683779,1.2680178997642504,0.0
368,7.36,idle,locomotion,0,0.6000000238418579,-0.38999998569488525,0.10973345824050044,-0.0060839058757784096,0.0004278298142659084,0.7363212368185107,1.2673669133311334,-0.0006519419937554075,1.2680188553248888,0.0
369,7.38,idle,locomotion,0,0.6000000238418579,-0.38999998569488525,0.10973345824050044,-0.0060512433773315675,0.0004265216512859836,0.7363222161211508,1.2673683730635006,-0.0006514243604983823,1.268019797423999,0.0
370,7.4,idle,locomotion,0,0.6000000238418579,-0.38999998569488525,0.10973345824050044,-0.006018685090798949,0.00042524443983863006,0.7363231692054335,1.2673698073393203,-0.0006509089135753772,1.2680207162528956,0.0
371,7.42,idle,locomotion,0,0.6000000238418579,-0.38999998569488525,0.10973345824050044,-0.005986214845608369,0.0004240349286862555,0.7363240958726636,1.267371214663363,-0.0006503957398140137,1.2680216104031772,0.0
372,7.44,idle,locomotion,0,0.6000000238418579,-0.38999998569488525,0.10973345824050044,-0.00595382876893163,0.0004229033135675422,0.7363250051330391,1.2673726038277515,-0.0006498854676620092,1.2680224892954135,0.0
373,7.46,idle,locomotion,0,0.6000000238418579,-0.38999998569488525,0.10973345824050044,-0.005921525947878545,0.0004218522671421922,0.7363259039024226,1.2673739814890577,-0.0006493782159708861,1.2680233597050286,0.0
374,7.48,idle,locomotion,0,0.6000000238418579,-0.38999998569488525,0.10973345824050044,-0.005889306494654742,0.00042088140066220037,0.7363267921940682,1.2673753477699736,-0.0006488740258739287,1.2680242217958475,0.0
375,7.5,idle,locomotion,0,0.6000000238418579,-0.38999998569488525,0.10973345824050044,-0.005857166897925844,0.00041999136701749564,0.7363276722927132,1.2673767049193243,-0.0006483726010391676,1.2680250775203634,0.0
376,7.52,idle,locomotion,0,0.6000000238418579,-0.38999998569488525,0.10973345824050044,-0.005825105576180814,0.00041918223595298565,0.7363285446493177,1.2673780538624944,-0.0006478736162330578,1.2680259274787273,0.0
377,7.54,idle,locomotion,0,0.6000000238418579,-0.38999998569488525,0.10973345824050044,-0.005793124198138189,0.000418448376925204,0.7363294089104993,1.267379394383817,-0.0006473766429534525,1.2680267710267705,0.0
378,7.56,idle,locomotion,0,0.6000000238418579,-0.38999998569488525,0.10973345824050044,-0.0057612215237485345,0.00041778770790741485,0.7363302660361377,1.2673807271264268,-0.0006468816639146092,1.2680276087903415,0.0
379,7.58,idle,locomotion,0,0.6000000238418579,-0.38999998569488525,0.10973345824050044,-0.005729396843572617,0.0004171998398510631,0.7363311146573258,1.2673820507568956,-0.0006463883705510182,1.2680284391274466,0.0
380,7.6,idle,locomotion,0,0.6000000238418579,-0.38999998569488525,0.10973345824050044,-0.005697650889010948,0.00041668161183508717,0.736331954904026,1.2673833654000786,-0.0006458965902529021,1.2680292619903315,0.0
381,7.62,idle,locomotion,0,0.6000000238418579,-0.38999998569488525,0.10973345824050044,-0.005665983866203824,0.00041623161581136775,0.7363327856149453,1.267384669750921,-0.0006454065136723246,1.2680300762645933,0.0
382,7.64,idle,locomotion,0,0.6000000238418579,-0.38999998569488525,0.10973345824050044,-0.005634394544672986,0.0004158506496887921,0.7363336064352585,1.2673859632839164,-0.0006449180271130631,1.2680308813110295,0.0
383,7.66,idle,locomotion,0,0.6000000238418579,-0.38999998569488525,0.10973345824050044,-0.005602881749567513,0.0004155375909198764,0.7363344191031006,1.2673872478699786,-0.0006444309211049055,1.2680316787910835,0.0
384,7.68,idle,locomotion,0,0.6000000238418579,-0.38999998569488525,0.10973345824050044,-0.005571443250530436,0.00041529097875734353,0.736335224664185,1.267388524972426,-0.000643945240223754,1.2680324702126498,0.0
385,7.7,idle,locomotion,0,0.6000000238418579,-0.38999998569488525,0.10973345824050044,-0.005540076593098773,0.0004151102502206771,0.7363360250830184,1.2673897967237022,-0.0006434608046565898,1.2680332575283588,0.0
386,7.72,idle,locomotion,0,0.6000000238418579,-0.38999998569488525,0.10973345824050044,-0.005508782964762995,0.0004149954939575629,0.7363368191006411,1.2673910618047313,-0.0006429778151762211,1.2680340396199075,0.0
387,7.74,idle,locomotion,0,0.6000000238418579,-0.38999998569488525,0.10973345824050044,-0.005477565046680843,0.00041493870781149556,0.7363376105287734,1.267392323230506,-0.000642495862361446,1.2680348190928674,0.0
388,7.76,idle,locomotion,0,0.6000000238418579,-0.38999998569488525,0.10973345824050044,-0.005446431681960685,0.0004148810900087364,0.7363384241347989,1.2673936071840688,-0.0006420147992281106,1.268035621983297,0.0
389,7.78,idle,locomotion,0,0.6000000238418579,-0.38999998569488525,0.10973345824050044,-0.0054153826252093425,0.0004148254077131918,0.7363392263447607,1.26739487935504,-0.000641533929743452,1.2680364132847834,0.0
390,7.8,idle,locomotion,0,0.6000000238418579,-0.38999998569488525,0.10973345824050044,-0.005384415933674776,0.00041478167081477143,0.7363400099625633,1.2673961329175982,-0.000641052467609305,1.2680371853852075,0.0
391,7.82,idle,locomotion,0,0.6000000238418579,-0.38999998569488525,0.10973345824050044,-0.005353527625879987,0.00041476398332793325,0.7363407787333405,1.2673973711401072,-0.000640570548819476,1.2680379416889267,0.0
392,7.84,idle,locomotion,0,0.6000000238418579,-0.38999998569488525,0.10973345824050044,-0.005322714266093807,0.0004147788012827616,0.7363415361436445,1.2673985978313864,-0.0006400891803078172,1.2680386870116942,0.0
393,7.86,idle,locomotion,0,0.6000000238418579,-0.38999998569488525,0.10973345824050044,-0.0052919745757963165,0.0004148290036411096,0.736342283884497,1.2673998148207128,-0.0006396090837829729,1.2680394239044959,0.0
394,7.88,idle,locomotion,0,0.6000000238418579,-0.38999998569488525,0.10973345824050044,-0.005261309156206148,0.0004149129871676388,0.7363430266403663,1.2674010266270532,-0.0006391300639322153,1.2680401566909854,0.0
395,7.9,idle,locomotion,0,0.6000000238418579,-0.38999998569488525,0.10973345824050044,-0.005230717764704815,0.00041502886055903165,0.7363437657094427,1.2674022345906724,-0.0006386526577604815,1.2680408872484328,0.0
396,7.92,idle,locomotion,0,0.6000000238418579,-0.38999998569488525,0.10973345824050044,-0.005200197305557093,0.00041517870736643126,0.7363445002597229,1.267403438045889,-0.0006381769419788359,1.2680416149878677,0.0
397,7.94,idle,locomotion,0,0.6000000238418579,-0.38999998569488525,0.10973345824050044,-0.005169746959302329,0.0004153648870281634,0.7363452291272615,1.267404636083063,-0.0006377024237266063,1.2680423385067896,0.0
398,7.96,idle,locomotion,0,0.6000000238418579,-0.38999998569488525,0.10973345824050044,-0.005139370323902896,0.00041558592712197403,0.7363459514269912,1.2674058276006461,-0.0006372291019643636,1.2680430567026104,0.0
399,7.98,idle,locomotion,0,0.6000000238418579,-0.38999998569488525,0.10973345824050044,-0.005109069530972468,0.0004158376232253688,0.7363466679755051,1.267407013265467,-0.0006367570853679297,1.268043770350835,0.0
400,8.0,idle,locomotion,0,0.6000000238418579,-0.38999998569488525,0.10973345824050044,-0.00507884164910119,0.00041612065176148606,0.736347380183935,1.267408194400379,-0.0006362865582978175,1.2680444809586768,0.0
401,8.02,idle,locomotion,0,0.6000000238418579,-0.38999998569488525,0.10973345824050044,-0.005048685746913806,0.000416436488726068,0.736348086134181,1.2674093692454533,-0.0006358172131162125,1.2680451864585696,0.0
402,8.04,idle,locomotion,0,0.6000000238418579,-0.38999998569488525,0.10973345824050044,-0.005018599705441323,0.000416787421740448,0.736348786358393,1.2674105382344634,-0.0006353492325594026,1.2680458874670228,0.0
403,8.06,idle,locomotion,0,0.6000000238418579,-0.38999998569488525,0.10973345824050044,-0.004988582092995472,0.00041717472038388034,0.7363494827072834,1.267411703513165,-0.0006348824143988657,1.2680465859275638,0.0
404,8.08,idle,locomotion,0,0.6000000238418579,-0.38999998569488525,0.10973345824050044,-0.004958633857048776,0.0004175968920852678,0.7363501748198851,1.2674128650014047,-0.0006344165267932224,1.268047281528198,0.0
405,8.1,idle,locomotion,0,0.6000000238418579,-0.38999998569488525,0.10973345824050044,-0.004928754926755447,0.0004180534801447566,0.7363508615001413,1.267414021573386,-0.0006339517363589398,1.268047973309745,0.0
406,8.12,idle,locomotion,0,0.6000000238418579,-0.38999998569488525,0.10973345824050044,-0.0048989464235123,0.00041854402382326164,0.7363515414897859,1.2674151717618714,-0.0006334883146589636,1.2680486600765304,0.0
407,8.14,idle,locomotion,0,0.6000000238418579,-0.38999998569488525,0.10973345824050044,-0.00486920872357391,0.00041906759358709963,0.736352215364082,1.2674163158587133,-0.0006330262655509407,1.2680493421242642,0.0
408,8.16,idle,locomotion,0,0.6000000238418579,-0.38999998569488525,0.10973345824050044,-0.0048395400699399104,0.00041962388291009306,0.7363528861828421,1.2674174570128514,-0.0006325652220516287,1.268050022234903,0.0
409,8.18,idle,locomotion,0,0.6000000238418579,-0.38999998569488525,0.10973345824050044,-0.004809939152208818,0.000420213631398488,0.7363535544042417,1.2674185959562145,-0.0006321051023763687,1.2680507010585909,0.0
410,8.2,idle,locomotion,0,0.6000000238418579,-0.38999998569488525,0.10973345824050044,-0.004780405459730426,0.0004208376711068884,0.736354217643486,1.2674197304045691,-0.0006316462349304774,1.2680513766394996,0.0
411,8.22,idle,locomotion,0,0.6000000238418579,-0.38999998569488525,0.10973345824050044,-0.00475094076629162,0.0004214940142969301,0.7363548746500234,1.2674208589770688,-0.0006311884626467174,1.2680520474397154,0.0
412,8.24,idle,locomotion,0,0.6000000238418579,-0.38999998569488525,0.10973345824050044,-0.004721546057408174,0.00042217935607338666,0.7363555255139447,1.2674219816465915,-0.0006307319562806508,1.268052713602872,0.0
413,8.26,idle,locomotion,0,0.6000000238418579,-0.38999998569488525,0.10973345824050044,-0.004692215701825654,0.0004228958011609176,0.7363561741780109,1.2674231022930373,-0.0006302766966162152,1.2680533789896535,0.0
414,8.28,idle,locomotion,0,0.6000000238418579,-0.38999998569488525,0.10973345824050044,-0.004662947199095754,0.00042364589640827893,0.7363568207759241,1.267424221580764,-0.0006298221835371737,1.2680540437643013,0.0
415,8.3,idle,locomotion,0,0.6000000238418579,-0.38999998569488525,0.10973345824050044,-0.004633742517607701,0.0004244296185015109,0.7363574638361077,1.2674253379876137,-0.0006293685691610325,1.2680547065567747,0.0
416,8.32,idle,locomotion,0,0.6000000238418579,-0.38999998569488525,0.10973345824050044,-0.004604605036415659,0.00042524595077363136,0.7363581017712023,1.2674264495536856,-0.0006289161000469674,1.2680553656537326,0.0
417,8.34,idle,locomotion,0,0.6000000238418579,-0.38999998569488525,0.10973345824050044,-0.004575537699297119,0.0004260914482120446,0.7363587332947374,1.2674275547318046,-0.0006284650975981604,1.2680560198294026,0.0
418,8.36,idle,locomotion,0,0.6000000238418579,-0.38999998569488525,0.10973345824050044,-0.004546536560488737,0.0004269667799830198,0.736359360356875,1.2674286553965346,-0.0006280156073448957,1.2680566710038794,0.0
419,8.38,idle,locomotion,0,0.6000000238418579,-0.38999998569488525,0.10973345824050044,-0.0045175981122764965,0.000427874897598951,0.7363599841432218,1.267429753085913,-0.0006275669909552965,1.2680573200768683,0.0
420,8.4,idle,locomotion,0,0.6000000238418579,-0.38999998569488525,0.10973345824050044,-0.004488721658685308,0.00042881741312344557,0.7363606047690848,1.2674308482418164,-0.0006271193595802464,1.2680579676013966,0.0
421,8.42,idle,locomotion,0,0.6000000238418579,-0.38999998569488525,0.10973345824050044,-0.004459908803594723,0.0004297925625550594,0.7363612207983432,1.267431939637986,-0.0006266728432439764,1.26805861248123,0.0
422,8.44,idle,locomotion,0,0.6000000238418579,-0.38999998569488525,0.10973345824050044,-0.004431160477335633,0.0004307997998322277,0.7363618328063452,1.2674330274077872,-0.0006262277753622154,1.2680592551831493,0.0
423,8.46,idle,locomotion,0,0.6000000238418579,-0.38999998569488525,0.10973345824050044,-0.004402476466504397,0.0004318396914209187,0.7363624423008674,1.2674341129591364,-0.0006257837256080055,1.2680598966847445,0.0
424,8.48,idle,locomotion,0,0.6000000238418579,-0.38999998569488525,0.10973345824050044,-0.004373854007640358,0.00043291201406868695,0.7363630507119866,1.2674351981222527,-0.0006253405905418119,1.2680605387127946,0.0
425,8.5,idle,locomotion,0,0.6000000238418579,-0.38999998569488525,0.10973345824050044,-0.004345290744770853,0.0004340190774595039,0.7363636573213915,1.2674362824402698,-0.0006248986326033469,1.2680611810728732,0.0
426,8.52,idle,locomotion,0,0.6000000238418579,-0.38999998569488525,0.10973345824050044,-0.004316787527860406,0.00043516383708913224,0.7363642604107701,1.267437364010082,-0.0006244576295018622,1.2680618216395838,0.0
427,8.54,idle,locomotion,0,0.6000000238418579,-0.38999998569488525,0.10973345824050044,-0.004288347008104486,0.0004363455855344913,0.7363648604092319,1.2674384430377914,-0.0006240175254304953,1.2680624605632218,0.0
428,8.56,idle,locomotion,0,0.6000000238418579,-0.38999998569488525,0.10973345824050044,-0.004259971517994502,0.00043756224398239165,0.7363654555786392,1.2674395176831459,-0.0006235789008438991,1.2680630965839899,0.0
429,8.58,idle,locomotion,0,0.6000000238418579,-0.38999998569488525,0.10973345824050044,-0.004231660441631991,0.0004388113066540198,0.7363660449755832,1.267440586946458,-0.0006231417212531273,1.2680637286677112,0.0
430,8.6,idle,locomotion,0,0.6000000238418579,-0.38999998569488525,0.10973345824050044,-0.004203410628487116,0.0004400918462204594,0.7363666315380492,1.2674416537614246,-0.0006227057360355392,1.26806435949746,0.0
431,8.62,idle,locomotion,0,0.6000000238418579,-0.38999998569488525,0.10973345824050044,-0.00417522134061053,0.00044140484819592144,0.7363672144754708,1.267442717434403,-0.0006222708774426336,1.2680649883118456,0.0
432,8.64,idle,locomotion,0,0.6000000238418579,-0.38999998569488525,0.10973345824050044,-0.004147090191289289,0.00044275216439361643,0.7363677952542711,1.2674437794016076,-0.0006218369815879365,1.2680656163831956,0.0
433,8.66,idle,locomotion,0,0.6000000238418579,-0.38999998569488525,0.10973345824050044,-0.0041190155152820975,0.00044413554108557626,0.7363683740676581,1.2674448402320395,-0.0006214038758766832,1.2680662441079162,0.0
434,8.68,idle,locomotion,0,0.6000000238418579,-0.38999998569488525,0.10973345824050044,-0.004090999271206783,0.000445553885219552,0.7363689499996935,1.2674458989644097,-0.0006209717261462244,1.268066870690556,0.0
435,8.7,idle,locomotion,0,0.6000000238418579,-0.38999998569488525,0.10973345824050044,-0.004063041095591434,0.000447006174819864,0.7363695240995288,1.2674469566569844,-0.0006205406874454991,1.26806749734443,0.0
436,8.72,idle,locomotion,0,0.6000000238418579,-0.38999998569488525,0.10973345824050044,-0.0040351391877485035,0.00044849367952236286,0.7363700965272948,1.267448013613841,-0.0006201107848982021,1.2680681243987393,0.0
437,8.74,idle,locomotion,0,0.6000000238418579,-0.38999998569488525,0.10973345824050044,-0.004007293428581304,0.00045001720831174615,0.7363706662295877,1.2674490688188365,-0.0006196820306539827,1.2680687508494903,0.0
438,8.76,idle,locomotion,0,0.6000000238418579,-0.38999998569488525,0.10973345824050044,-0.003979504662095414,0.0004515769141449612,0.7363712325176637,1.2674501214730893,-0.0006192545837900056,1.2680693760568793,0.0
439,8.78,idle,locomotion,0,0.6000000238418579,-0.38999998569488525,0.10973345824050044,-0.003951776649322514,0.00045316821077517167,0.7363717947939017,1.2674511708119718,-0.0006188283311606146,1.2680699991431323,0.0
440,8.8,idle,locomotion,0,0.6000000238418579,-0.38999998569488525,0.10973345824050044,-0.0039241085138017225,0.0004547902318172074,0.7363723537377015,1.2674522170630598,-0.0006184035306363474,1.268070620593696,0.0
441,8.82,idle,locomotion,0,0.6000000238418579,-0.38999998569488525,0.10973345824050044,-0.0038964972001444315,0.0004564463787117749,0.7363729098204123,1.2674532609018572,-0.0006179797305914392,1.2680712406324486,0.0
442,8.84,idle,locomotion,0,0.6000000238418579,-0.38999998569488525,0.10973345824050044,-0.0038689423762655922,0.00045813648132367774,0.7363734643761114,1.267454303945289,-0.0006175565522981465,1.2680718604975871,0.0
443,8.86,idle,locomotion,0,0.6000000238418579,-0.38999998569488525,0.10973345824050044,-0.0038414459857058153,0.0004598589488662394,0.7363740167432692,1.2674553455139754,-0.0006171342439988993,1.2680724797579743,0.0
444,8.88,idle,locomotion,0,0.6000000238418579,-0.38999998569488525,0.10973345824050044,-0.0038140059797122997,0.00046161541139686505,0.7363745677648922,1.2674563864100497,-0.0006167130484528716,1.2680730994585026,0.0
445,8.9,idle,locomotion,0,0.6000000238418579,-0.38999998569488525,0.10973345824050044,-0.0037866217991037905,0.00046340647996608036,0.7363751187088968,1.2674574281916453,-0.0006162926489901924,1.2680737208406354,0.0
446,8.92,idle,locomotion,0,0.6000000238418579,-0.38999998569488525,0.10973345824050044,-0.0037593124772575945,0.0004651940071813431,0.7363756820519307,1.2674584825388067,-0.0006158728139537169,1.2680743553527605,0.0
447,8.94,idle,locomotion,0,0.6000000238418579,-0.38999998569488525,0.10973345824050044,-0.0037320835606928985,0.0004669661708694338,0.7363762436005458,1.267459535757294,-0.000615454387854486,1.2680749901451485,0.0
448,8.96,idle,locomotion,0,0.6000000238418579,-0.38999998569488525,0.10973345824050044,-0.0037049324216660365,0.0004687268206871972,0.7363767978472058,1.2674605821297682,-0.0006150365883920497,1.2680756187181603,0.0
449,8.98,idle,locomotion,0,0.6000000238418579,-0.38999998569488525,0.10973345824050044,-0.0036778562604621546,0.00047048117530310924,0.7363773421455553,1.2674616188721055,-0.0006146195512617934,1.2680762384233673,0.0
450,9.0,idle,locomotion,0,0.6000000238418579,-0.38999998569488525,0.10973345824050044,-0.003650855797907784,0.000472225088835426,0.7363778792332305,1.2674626485002771,-0.0006142030457367727,1.268076851546014,0.0
451,9.02,idle,locomotion,0,0.6000000238418579,-0.38999998569488525,0.10973345824050044,-0.003623930315759361,0.00047396160182503616,0.7363784063506059,1.2674636688024075,-0.0006137873369968239,1.2680774561394044,0.0
452,9.04,idle,locomotion,0,0.6000000238418579,-0.38999998569488525,0.10973345824050044,-0.0035971387429899453,0.00047575321452353726,0.7363789884222519,1.2674647383933264,-0.0006134955017389788,1.2680782338950654,0.0
453,9.06,idle,locomotion,0,0.6000000238418579,-0.38999998569488525,0.10973345824050044,-0.003570495374341219,0.0004776474746368011,0.7363795820943858,1.2674658178645573,-0.0006132759157234102,1.2680790937802806,0.0
454,9.08,idle,locomotion,0,0.6000000238418579,-0.38999998569488525,0.10973345824050044,-0.003543996342522085,0.0004796548466662904,0.7363801649010273,1.2674668858987437,-0.0006130891407067074,1.2680799750394505,0.0
455,9.1,idle,locomotion,0,0.6000000238418579,-0.38999998569488525,0.10973345824050044,-0.003517645222633871,0.00048178166975507613,0.7363807321292003,1.267467936521178,-0.0006129214651858922,1.268080857986364,0.0
456,9.12,idle,locomotion,0,0.6000000238418579,-0.38999998569488525,0.10973345824050044,-0.003491438684911019,0.0004840213043797798,0.7363812731965819,1.267468964313696,-0.0006127556911027926,1.268081720004799,0.0
457,9.14,idle,locomotion,0,0.6000000238418579,-0.38999998569488525,0.10973345824050044,-0.0034653800798064164,0.00048638870093945153,0.7363817857052686,1.2674699640963354,-0.000612595250745588,1.268082559347081,0.0
458,9.16,idle,locomotion,0,0.6000000238418579,-0.38999998569488525,0.10973345824050044,-0.0034394675984647013,0.0004888924020238261,0.7363822682694647,1.2674709346055204,-0.0006124324349920489,1.2680833670405125,0.0
459,9.18,idle,locomotion,0,0.6000000238418579,-0.38999998569488525,0.10973345824050044,-0.0034137064776261342,0.0004915327976426475,0.7363827307899485,1.2674718846018178,-0.0006122714542660321,1.2680841560560838,0.0
460,9.2,idle,locomotion,0,0.6000000238418579,-0.38999998569488525,0.10973345824050044,-0.0033880972077801317,0.0004943033764495065,0.736383170157801,1.2674728145560574,-0.0006121064401484813,1.268084920996206,0.0
461,9.22,idle,locomotion,0,0.6000000238418579,-0.38999998569488525,0.10973345824050044,-0.003362648590346506,0.000497201566700929,0.7363835977848802,1.2674737327027255,-0.0006119471497018358,1.2680856798524274,0.0
462,9.24,idle,locomotion,0,0.6000000238418579,-0.38999998569488525,0.10973345824050044,-0.0033373638672589867,0.0005002229976204466,0.7363840085061728,1.26747463394676,-0.0006117840038138422,1.2680864179505738,0.0
463,9.26,idle,locomotion,0,0.6000000238418579,-0.38999998569488525,0.10973345824050044,-0.0033122486953025315,0.0005033657592231968,0.7363844032541356,1.2674755205253199,-0.0006116228751208326,1.2680871434004406,0.0
464,9.28,idle,locomotion,0,0.6000000238418579,-0.38999998569488525,0.10973345824050044,-0.003287302180121099,0.0005066281576917388,0.736384784018454,1.2674763944899627,-0.0006114618307898299,1.2680878563207525,0.0
465,9.3,idle,locomotion,0,0.6000000238418579,-0.38999998569488525,0.10973345824050044,-0.0032625264194208795,0.0005100117330996363,0.73638515182142,1.267477255261233,-0.0006112985707873719,1.2680885538320203,0.0
466,9.32,idle,locomotion,0,0.6000000238418579,-0.38999998569488525,0.10973345824050044,-0.003237925974485308,0.0005135168073005807,0.7363855148275296,1.2674781095121055,-0.000611140743283986,1.2680892502553895,0.0
467,9.34,idle,locomotion,0,0.6000000238418579,-0.38999998569488525,0.10973345824050044,-0.0032134986565707404,0.0005171381614560398,0.7363858635026866,1.2674789516125402,-0.0006109783789525411,1.2680899299914927,0.0
468,9.36,idle,locomotion,0,0.6000000238418579,-0.38999998569488525,0.10973345824050044,-0.0031892503664834354,0.0005208767948417388,0.736386205390487,1.2674797881763484,-0.0006108227046647298,1.2680906108810133,0.0
469,9.38,idle,locomotion,0,0.6000000238418579,-0.38999998569488525,0.10973345824050044,-0.0031651813795374696,0.0005247299533097933,0.7363865366586793,1.26748061389574,-0.0006106654307131247,1.2680912793264532,0.0
470,9.4,idle,locomotion,0,0.6000000238418579,-0.38999998569488525,0.10973345824050044,-0.0031412903152575867,0.0005286932383880687,0.7363868610573319,1.267481432129654,-0.0006105075392685011,1.2680919396689223,0.0
471,9.42,idle,locomotion,0,0.6000000238418579,-0.38999998569488525,0.10973345824050044,-0.0031175693886771904,0.0005327630190622003,0.7363871725097265,1.2674822391715015,-0.0006103380810644973,1.268092577252566,0.0
472,9.44,idle,locomotion,0,0.6000000238418579,-0.38999998569488525,0.10973345824050044,-0.00309402524555208,0.0005369178540094219,0.7363874887141159,1.2674830518114413,-0.00061016543483048,1.2680932172462718,0.0
473,9.46,idle,locomotion,0,0.6000000238418579,-0.38999998569488525,0.10973345824050044,-0.0030706470455813535,0.0005411234297160992,0.7363877912291825,1.2674838523986593,-0.0006099612179848828,1.2680938136166442,0.0
474,9.48,idle,locomotion,0,0.6000000238418579,-0.38999998569488525,0.10973345824050044,-0.0030474286670424825,0.0005453709856365663,0.7363880767663963,1.2674846378955942,-0.0006097307689358449,1.26809436866453,0.0
475,9.5,idle,locomotion,0,0.6000000238418579,-0.38999998569488525,0.10973345824050044,-0.003024369294970464,0.0005496535701901454,0.736388352035629,1.2674854132582596,-0.0006094828252128162,1.2680948960834724,0.0
476,9.52,idle,locomotion,0,0.6000000238418579,-0.38999998569488525,0.10973345824050044,-0.003001465650600909,0.0005539725957063088,0.7363886250418414,1.2674861864639317,-0.0006092284609310467,1.2680954149248629,0.0
477,9.54,idle,locomotion,0,0.6000000238418579,-0.38999998569488525,0.10973345824050044,-0.0029787109345775753,0.0005583399403812002,0.7363888988318786,1.2674869612818478,-0.0006089787406743964,1.2680959400225222,0.0
478,9.56,idle,locomotion,0,0.6000000238418579,-0.38999998569488525,0.10973345824050044,-0.0029560951773746668,0.0005627720045602782,0.7363891698955309,1.2674877352532203,-0.0006087358054474926,1.2680964710586677,0.0
479,9.58,idle,locomotion,0,0.6000000238418579,-0.38999998569488525,0.10973345824050044,-0.002933611437995474,0.0005672793606773431,0.7363894404090267,1.267488510559197,-0.0006084986792833334,1.2680970092384805,0.0
480,9.6,idle,locomotion,0,0.6000000238418579,-0.38999998569488525,0.10973345824050044,-0.002911256091602884,0.0005718650373680398,0.7363897141760405,1.2674892908461775,-0.0006082659826423947,1.2680975568288197,0.0
481,9.62,idle,locomotion,0,0.6000000238418579,-0.38999998569488525,0.10973345824050044,-0.00288902704163074,0.0005765270507635434,0.736389991024703,1.2674900759525989,-0.0006080363856420072,1.2680981123382409,0.0
482,9.64,idle,locomotion,0,0.6000000238418579,-0.38999998569488525,0.10973345824050044,-0.0028669218556314725,0.0005812596464658133,0.736390270947552,1.267490865726232,-0.0006078090440969353,1.268098674770329,0.0
483,9.66,idle,locomotion,0,0.6000000238418579,-0.38999998569488525,0.10973345824050044,-0.0028449350435037607,0.0005860579775222275,0.7363905550025585,1.267491661114047,-0.000607583576352589,1.2680992446903996,0.0
484,9.68,idle,locomotion,0,0.6000000238418579,-0.38999998569488525,0.10973345824050044,-0.002823059401824884,0.0005909215080721387,0.7363908432452045,1.2674924620418286,-0.0006073595713051612,1.2680998216131338,0.0
485,9.7,idle,locomotion,0,0.6000000238418579,-0.38999998569488525,0.10973345824050044,-0.0028012917414568248,0.0005958483374797438,0.7363911347911766,1.2674932674688668,-0.0006071363975376116,1.2681004038664043,0.0
486,9.72,idle,locomotion,0,0.6000000238418579,-0.38999998569488525,0.10973345824050044,-0.002779628661778239,0.0006008358745880322,0.7363914310152929,1.267494078590167,-0.0006069137159831137,1.2681009923061501,0.0
487,9.74,idle,locomotion,0,0.6000000238418579,-0.38999998569488525,0.10973345824050044,-0.002758065184395719,0.0006058836454563877,0.7363917301967853,1.2674948940269957,-0.0006066917974912149,1.2681015858244868,0.0
488,9.76,idle,locomotion,0,0.6000000238418579,-0.38999998569488525,0.10973345824050044,-0.0027365979824307573,0.0006109904871418059,0.7363920310157044,1.2674957124475337,-0.0006064704628543915,1.268102182910388,0.0
489,9.78,idle,locomotion,0,0.6000000238418579,-0.38999998569488525,0.10973345824050044,-0.0027152256542348446,0.0006161520853116995,0.7363923341227507,1.2674965342613078,-0.0006062495887352269,1.268102783850043,0.0
490,9.8,idle,locomotion,0,0.6000000238418579,-0.38999998569488525,0.10973345824050044,-0.0026939469012450556,0.0006213665939185699,0.7363926382038133,1.2674973576868898,-0.0006060295645904205,1.2681033872514802,0.0
491,9.82,idle,locomotion,0,0.6000000238418579,-0.38999998569488525,0.10973345824050044,-0.002672756813110311,0.0006266346052315559,0.7363929438929643,1.2674981832370054,-0.0006058103001128912,1.2681039935371183,0.0
492,9.84,idle,locomotion,0,0.6000000238418579,-0.38999998569488525,0.10973345824050044,-0.0026516513871369086,0.0006319565115857442,0.7363932516261682,1.2674990114580886,-0.0006055916703055601,1.2681046031283942,0.0
493,9.86,idle,locomotion,0,0.6000000238418579,-0.38999998569488525,0.10973345824050044,-0.002630628904947832,0.0006373309834068121,0.7363935615056887,1.2674998422881116,-0.0006053736519733809,1.268105215940085,0.0
494,9.88,idle,locomotion,0,0.6000000238418579,-0.38999998569488525,0.10973345824050044,-0.00260968736362329,0.0006427579454880551,0.7363938737984348,1.267500675823779,-0.0006051563408043421,1.2681058321645833,0.0
495,9.9,idle,locomotion,0,0.6000000238418579,-0.38999998569488525,0.10973345824050044,-0.0025888245007736122,0.000648240413887707,0.7363941895163304,1.2675015126627165,-0.0006049396170475473,1.268106452279764,0.0
496,9.92,idle,locomotion,0,0.6000000238418579,-0.38999998569488525,0.10973345824050044,-0.0025680387997345042,0.0006537799152714218,0.7363945076368843,1.267502351878933,-0.0006047234169438767,1.268107075295877,0.0
497,9.94,idle,locomotion,0,0.6000000238418579,-0.38999998569488525,0.10973345824050044,-0.002547329454756755,0.0006593781104422897,0.7363948262390466,1.2675031915308603,-0.0006045080349729968,1.2681076995658334,0.0
498,9.96,idle,locomotion,0,0.6000000238418579,-0.38999998569488525,0.10973345824050044,-0.002526692890845893,0.0006650373132183773,0.7363951478904872,1.267504034102561,-0.0006042935749440079,1.268108327677505,0.0
499,9.98,idle,locomotion,0,0.6000000238418579,-0.38999998569488525,0.10973345824050044,-0.002506124684727101,0.000670764214146212,0.7363954758890056,1.2675048830354512,-0.0006040797346238622,1.268108962770075,0.0
500,10.0,idle,locomotion,0,0.6000000238418579,-0.38999998569488525,0.10973345824050044,-0.0024856262841857434,0.0006765594185913693,0.73639580796022,1.2675057363726805,-0.0006038664451525379,1.2681096028178331,0.0
501,10.02,idle,locomotion,0,0.6000000238418579,-0.38999998569488525,0.10973345824050044,-0.002465198112633779,0.0006824191177662661,0.7363961427994766,1.2675065927316242,-0.0006036542511631965,1.2681102469827874,0.0
502,10.04,idle,locomotion,0,0.6000000238418579,-0.38999998569488525,0.10973345824050044,-0.002444834655727764,0.0006883501631535859,0.7363964829028511,1.2675074543105307,-0.0006034430461574723,1.2681108973566881,0.0
503,10.06,idle,locomotion,0,0.6000000238418579,-0.38999998569488525,0.10973345824050044,-0.002424534814104319,0.0006943531478188596,0.736396826268961,1.2675083199001689,-0.0006032324533492006,1.268111552353518,0.0
504,10.08,idle,locomotion,0,0.6000000238418579,-0.38999998569488525,0.10973345824050044,-0.0024042988974523685,0.0007004245834820065,0.7363971721096108,1.2675091888638246,-0.0006030227683067532,1.2681122116321313,0.0
505,10.1,idle,locomotion,0,0.6000000238418579,-0.38999998569488525,0.10973345824050044,-0.002384126958697119,0.0007065631980582411,0.7363975218397582,1.2675100624489093,-0.0006028138814630594,1.2681128763303724,0.0
506,10.12,idle,locomotion,0,0.6000000238418579,-0.38999998569488525,0.10973345824050044,-0.00236402051156145,0.0007127668685820489,0.7363978743420343,1.2675109392477462,-0.0006026057615655077,1.2681135450093117,0.0
507,10.14,idle,locomotion,0,0.6000000238418579,-0.38999998569488525,0.10973345824050044,-0.002343978512343752,0.000719035178097923,0.7363982292355536,1.2675118186114482,-0.0006023984397547019,1.268114217051203,0.0
508,10.16,idle,locomotion,0,0.6000000238418579,-0.38999998569488525,0.10973345824050044,-0.002323996985836341,0.0007253663949041122,0.7363985879991266,1.2675127025125348,-0.0006021917055049723,1.2681148942180398,0.0
509,10.18,idle,locomotion,0,0.6000000238418579,-0.38999998569488525,0.10973345824050044,-0.0023040752154687393,0.0007317581018013361,0.7363989486646911,1.2675135892987943,-0.000601985494752301,1.2681155747935466,0.0
510,10.2,idle,locomotion,0,0.6000000238418579,-0.38999998569488525,0.10973345824050044,-0.002284212523741109,0.0007382141609885364,0.7363993115155637,1.2675144785582262,-0.0006017801132042234,1.2681162586714305,0.0
511,10.22,idle,locomotion,0,0.6000000238418579,-0.38999998569488525,0.10973345824050044,-0.0022644089563787274,0.0007447335915686967,0.7363996766060903,1.2675153706417033,-0.0006015753190813863,1.2681169459607846,0.0
512,10.24,idle,locomotion,0,0.6000000238418579,-0.38999998569488525,0.10973345824050044,-0.002244663827220966,0.0007513090774971986,0.736400044641238,1.2675162667318747,-0.0006013712014011283,1.2681176379332757,0.0
513,10.26,idle,locomotion,0,0.6000000238418579,-0.38999998569488525,0.10973345824050044,-0.0022249767108702694,0.0007579365902846095,0.7364004141465217,1.2675171654236468,-0.0006011678095064581,1.2681183332331531,0.0
514,10.28,idle,locomotion,0,0.6000000238418579,-0.38999998569488525,0.10973345824050044,-0.002205344254686271,0.0007646222059452177,0.7364007864483869,1.2675180672359363,-0.0006009650054010253,1.2681190322413374,0.0
515,10.3,idle,locomotion,0,0.6000000238418579,-0.38999998569488525,0.10973345824050044,-0.002185766721731888,0.0007713652955182999,0.7364011600570554,1.2675189712204284,-0.0006007626503352799,1.2681197338707637,0.0
516,10.32,idle,locomotion,0,0.6000000238418579,-0.38999998569488525,0.10973345824050044,-0.002166244739275565,0.0007781582285602777,0.7364015355659709,1.2675198782575843,-0.0006005609558544268,1.2681204392134386,0.0
517,10.34,idle,locomotion,0,0.6000000238418579,-0.38999998569488525,0.10973345824050044,-0.0021467773588998507,0.0007849976403799506,0.7364019139670468,1.2675207892944036,-0.0006003598544810466,1.2681211491488846,0.0
518,10.36,idle,locomotion,0,0.6000000238418579,-0.38999998569488525,0.10973345824050044,-0.002127362605866386,0.000791882066140321,0.7364022947416634,1.2675217038305615,-0.0006001594286496569,1.268121863259211,0.0
519,10.38,idle,locomotion,0,0.6000000238418579,-0.38999998569488525,0.10973345824050044,-0.0021079995513444954,0.0007988100119953304,0.7364026774534799,1.2675226214889397,-0.0005999594531518708,1.2681225809420915,0.0
520,10.4,idle,locomotion,0,0.6000000238418579,-0.38999998569488525,0.10973345824050044,-0.0020886888445057618,0.0008057789302189522,0.736403060931788,1.2675235410559493,-0.0005997600347177334,1.2681233010906672,0.0
521,10.42,idle,locomotion,0,0.6000000238418579,-0.38999998569488525,0.10973345824050044,-0.002069430414933563,0.0008127864736514188,0.7364034456941647,1.2675244628583842,-0.0005995610416080939,1.2681240238999922,0.0
522,10.44,idle,locomotion,0,0.6000000238418579,-0.38999998569488525,0.10973345824050044,-0.0020502241247747446,0.000819833761348243,0.7364038319698347,1.2675253868084246,-0.0005993624863445957,1.2681247492947691,0.0
523,10.46,idle,locomotion,0,0.6000000238418579,-0.38999998569488525,0.10973345824050044,-0.00203106865739736,0.0008269189360053856,0.7364042213580375,1.267526314730393,-0.0005991640496314024,1.2681254787800245,0.0
524,10.48,idle,locomotion,0,0.6000000238418579,-0.38999998569488525,0.10973345824050044,-0.0020119639412698935,0.000834036429367487,0.7364046131234764,1.2675272463562555,-0.0005989662038011975,1.2681262125600568,0.0
525,10.5,idle,locomotion,0,0.6000000238418579,-0.38999998569488525,0.10973345824050044,-0.0019929104530505655,0.0008411821202206606,0.736405004740474,1.2675281790497384,-0.0005987691107987685,1.268126948160537,0.0
526,10.52,idle,locomotion,0,0.6000000238418579,-0.38999998569488525,0.10973345824050044,-0.0019739066907457784,0.0008483529859755842,0.7364053964089189,1.2675291128544082,-0.0005985726984003882,1.2681276855528085,0.0
527,10.54,idle,locomotion,0,0.6000000238418579,-0.38999998569488525,0.10973345824050044,-0.0019549520593106023,0.0008555476749138308,0.7364057888414648,1.2675300482705827,-0.0005983767537008147,1.2681284250242835,0.0
528,10.56,idle,locomotion,0,0.6000000238418579,-0.38999998569488525,0.10973345824050044,-0.001936046709195128,0.0008627692770433251,0.736406181865594,1.2675309845610414,-0.0005981812352446776,1.268129165796286,0.0
529,10.58,idle,locomotion,0,0.6000000238418579,-0.38999998569488525,0.10973345824050044,-0.0019171921604176892,0.00087001329560489,0.736406573234674,1.267531919938969,-0.0005979858710086251,1.2681299058099775,0.0
530,10.6,idle,locomotion,0,0.6000000238418579,-0.38999998569488525,0.10973345824050044,-0.0018983858480041075,0.0008772755143812726,0.7364069634870918,1.2675328552767484,-0.0005977909799114514,1.26813064625666,0.0
531,10.62,idle,locomotion,0,0.6000000238418579,-0.38999998569488525,0.10973345824050044,-0.0018796263624071034,0.0008845557344028804,0.7364073534906496,1.2675337914561007,-0.0005975965845450015,1.2681313880406457,0.0
532,10.64,idle,locomotion,0,0.6000000238418579,-0.38999998569488525,0.10973345824050044,-0.0018609129227669572,0.000891853762637933,0.736407746408484,1.2675347312773284,-0.0005974025864222722,1.2681321338637508,0.0
533,10.66,idle,locomotion,0,0.6000000238418579,-0.38999998569488525,0.10973345824050044,-0.0018422455745909067,0.0008991702109392084,0.7364081415032723,1.2675356741385628,-0.0005972089483471388,1.2681328830869099,0.0
534,10.68,idle,locomotion,0,0.6000000238418579,-0.38999998569488525,0.10973345824050044,-0.00182362608604455,0.0009065056288434175,0.736408536403239,1.2675366174119036,-0.0005970157155379928,1.2681336331274415,0.0
535,10.7,idle,locomotion,0,0.6000000238418579,-0.38999998569488525,0.10973345824050044,-0.0018050548370275598,0.0009138554346507464,0.7364089316769905,1.2675375619792713,-0.0005968226921496678,1.2681343846714208,0.0
536,10.72,idle,locomotion,0,0.6000000238418579,-0.38999998569488525,0.10973345824050044,-0.0017865292110421224,0.0009212157604725032,0.7364093279737174,1.2675385089662723,-0.0005966299954356484,1.268135138961708,0.0
537,10.74,idle,locomotion,0,0.6000000238418579,-0.38999998569488525,0.10973345824050044,-0.0017680493363334093,0.000928587820456077,0.7364097248109933,1.26753945744675,-0.0005964376376750812,1.268135895084425,0.0
538,10.76,idle,locomotion,0,0.6000000238418579,-0.38999998569488525,0.10973345824050044,-0.0017496161918560652,0.0009359696379340219,0.7364101220065377,1.2675404070677376,-0.0005962457775082301,1.2681366528452458,0.0
539,10.78,idle,locomotion,0,0.6000000238418579,-0.38999998569488525,0.10973345824050044,-0.0017312274329888762,0.0009433657504144705,0.7364105210807431,1.2675413590397921,-0.0005960545062521951,1.2681374135460444,0.0
540,10.8,idle,locomotion,0,0.6000000238418579,-0.38999998569488525,0.10973345824050044,-0.001712884513907798,0.0009507743051948435,0.7364109214974565,1.2675423132413108,-0.000595863477036402,1.2681381767183473,0.0
541,10.82,idle,locomotion,0,0.6000000238418579,-0.38999998569488525,0.10973345824050044,-0.0016945873008250456,0.0009581896971185757,0.7364113229232777,1.2675432696288713,-0.0005956730395439494,1.2681389426684153,0.0
542,10.84,idle,locomotion,0,0.6000000238418579,-0.38999998569488525,0.10973345824050044,-0.0016763340600021955,0.0009656143581584418,0.7364117250231941,1.2675442276067679,-0.0005954831778018158,1.2681397107845698,0.0
543,10.86,idle,locomotion,0,0.6000000238418579,-0.38999998569488525,0.10973345824050044,-0.0016581243273963771,0.0009730494738973119,0.7364121277093086,1.267545187062432,-0.0005952935838340473,1.268140480646266,0.0
544,10.88,idle,locomotion,0,0.6000000238418579,-0.38999998569488525,0.10973345824050044,-0.0016399604958738817,0.0009804926625733557,0.7364125306133266,1.2675461474904486,-0.000595104036726992,1.2681412515271755,0.0
545,10.9,idle,locomotion,0,0.6000000238418579,-0.38999998569488525,0.10973345824050044,-0.00162184153609099,0.0009879423753262997,0.7364129334737115,1.2675471085606316,-0.000594915088686674,1.2681420236493182,0.0
546,10.92,idle,locomotion,0,0.6000000238418579,-0.38999998569488525,0.10973345824050044,-0.0016037649319333833,0.0009954030383960836,0.736413337352453,1.2675480711332283,-0.0005947266426822063,1.2681427977759105,0.0
547,10.94,idle,locomotion,0,0.6000000238418579,-0.38999998569488525,0.10973345824050044,-0.001585731429420675,0.0010028736542723755,0.7364137429753322,1.267549036262357,-0.0005945382888610275,1.268143574551218,0.0
548,10.96,idle,locomotion,0,0.6000000238418579,-0.38999998569488525,0.10973345824050044,-0.001567741402137336,0.0010103509490134155,0.736414150142732,1.2675500039620209,-0.0005943502965552738,1.2681443542585762,0.0
549,10.98,idle,locomotion,0,0.6000000238418579,-0.38999998569488525,0.10973345824050044,-0.0015497941389996028,0.0010178399970787208,0.7364145579486601,1.2675509727755785,-0.0005941628301099691,1.2681451356056885,0.0
550,11.0,idle,locomotion,0,0.6000000238418579,-0.38999998569488525,0.10973345824050044,-0.0015318910170933984,0.0010253370364049993,0.7364149647905587,1.2675519414709946,-0.000593975687641482,1.268145917158636,0.0
551,11.02,idle,locomotion,0,0.6000000238418579,-0.38999998569488525,0.10973345824050044,-0.001514030167558559,0.0010328386140890998,0.7364153725368341,1.2675529119957705,-0.0005937892262196827,1.2681467012219902,0.0
552,11.04,idle,locomotion,0,0.6000000238418579,-0.38999998569488525,0.10973345824050044,-0.0014962106270610947,0.0010403460731014634,0.7364157811458452,1.2675538842713967,-0.0005936029917020594,1.2681474872630987,0.0
553,11.06,idle,locomotion,0,0.6000000238418579,-0.38999998569488525,0.10973345824050044,-0.0014784319485481368,0.0010478596834552973,0.7364161907953142,1.2675548583229173,-0.0005934170271918865,1.2681482753501092,0.0
554,11.08,idle,locomotion,0,0.6000000238418579,-0.38999998569488525,0.10973345824050044,-0.0014606934930244703,0.0010553799695499206,0.7364166024975001,1.267555835169046,-0.0005932314878591347,1.268149066656905,0.0
555,11.1,idle,locomotion,0,0.6000000238418579,-0.38999998569488525,0.10973345824050044,-0.0014429958784900967,0.0010629069049942882,0.7364170160338224,1.2675568144821283,-0.000593046309078759,1.2681498607912072,0.0
556,11.12,idle,locomotion,0,0.6000000238418579,-0.38999998569488525,0.10973345824050044,-0.0014253388506069796,0.0010704406836635815,0.7364174306116066,1.2675577954783304,-0.0005928613483966519,1.2681506568267271,0.0
557,11.14,idle,locomotion,0,0.6000000238418579,-0.38999998569488525,0.10973345824050044,-0.001407721889621073,0.0010779815121225516,0.7364178457587384,1.2675587777812023,-0.0005926767592371804,1.2681514545404395,0.0
558,11.16,idle,locomotion,0,0.6000000238418579,-0.38999998569488525,0.10973345824050044,-0.0013901452535397029,0.0010855279303960447,0.7364182616122923,1.2675597615917256,-0.0005924925863309768,1.2681522541780565,0.0
559,11.18,idle,locomotion,0,0.6000000238418579,-0.38999998569488525,0.10973345824050044,-0.0013726083879252592,0.0010930770439459769,0.7364186789811519,1.267560747777558,-0.000592308784429018,1.268153056561987,0.0
560,11.2,idle,locomotion,0,0.6000000238418579,-0.38999998569488525,0.10973345824050044,-0.0013551089802636919,0.0011006304332523852,0.7364190987093638,1.2675617371357444,-0.0005921254239678493,1.2681538625597122,0.0
561,11.22,idle,locomotion,0,0.6000000238418579,-0.38999998569488525,0.10973345824050044,-0.0013376486556211128,0.0011081841158392483,0.7364195185510769,1.2675627279267867,-0.0005919422532610179,1.2681546701800477,0.0
562,11.24,idle,locomotion,0,0.6000000238418579,-0.38999998569488525,0.10973345824050044,-0.00132022792571967,0.0011157386500200647,0.7364199387518603,1.2675637198021978,-0.00059175961561337,1.2681554794178111,0.0
563,11.26,idle,locomotion,0,0.6000000238418579,-0.38999998569488525,0.10973345824050044,-0.00130284672643192,0.0011233029296013098,0.7364203612087135,1.2675647137709556,-0.0005915772445724068,1.268156291015528,0.0
564,11.28,idle,locomotion,0,0.6000000238418579,-0.38999998569488525,0.10973345824050044,-0.0012855053557784013,0.001130876466810767,0.7364207856595915,1.2675657101386006,-0.0005913949973931805,1.268157105135994,0.0
565,11.3,idle,locomotion,0,0.6000000238418579,-0.38999998569488525,0.10973345824050044,-0.001268203816128497,0.001138459011383618,0.7364212114097519,1.2675667085131541,-0.0005912133179340646,1.268157921831088,0.0
566,11.32,idle,locomotion,0,0.6000000238418579,-0.38999998569488525,0.10973345824050044,-0.001250943330835904,0.0011460470718464455,0.7364216380257184,1.2675677086468113,-0.000591032200435767,1.268158740847247,0.0
567,11.34,idle,locomotion,0,0.6000000238418579,-0.38999998569488525,0.10973345824050044,-0.0012337218740741075,0.0011536385332505407,0.7364220661482479,1.267568711283861,-0.000590853224383913,1.2681595645082449,0.0
568,11.36,idle,locomotion,0,0.6000000238418579,-0.38999998569488525,0.10973345824050044,-0.0012165381711458111,0.0011612355419427305,0.736422495185184,1.267569715804788,-0.0005906745342895668,1.2681603903390777,0.0
569,11.38,idle,locomotion,0,0.6000000238418579,-0.38999998569488525,0.10973345824050044,-0.0011993927422856258,0.0011688379125319207,0.7364229250034976,1.2675707219497745,-0.0005904961069071596,1.2681612180566817,0.0
570,11.4,idle,locomotion,0,0.6000000238418579,-0.38999998569488525,0.10973345824050044,-0.0011822868058675561,0.0011764437233113105,0.7364233548175109,1.2675717289136892,-0.0005903179407602127,1.2681620468544494,0.0
571,11.42,idle,locomotion,0,0.6000000238418579,-0.38999998569488525,0.10973345824050044,-0.0011652219857043063,0.0011840515159789434,0.7364237831716771,1.2675727349737544,-0.000590140259135237,1.2681628752328897,0.0
572,11.44,idle,locomotion,0,0.6000000238418579,-0.38999998569488525,0.10973345824050044,-0.0011481971651479642,0.0011916606142643544,0.7364242127451143,1.2675737426253793,-0.0005899633836347513,1.268163706009014,0.0
573,11.46,idle,locomotion,0,0.6000000238418579,-0.38999998569488525,0.10973345824050044,-0.0011312108539507841,0.0011992733158432657,0.7364246470294055,1.2675747555531012,-0.0005897907697602275,1.2681645463228615,0.0
574,11.48,idle,locomotion,0,0.6000000238418579,-0.38999998569488525,0.10973345824050044,-0.0011142626551779685,0.0012068937772383957,0.7364250851219131,1.2675757729501251,-0.0005896224206017979,1.268165395370727,0.0
575,11.5,idle,locomotion,0,0.6000000238418579,-0.38999998569488525,0.10973345824050044,-0.0010973526982779515,0.0012145223160365092,0.736425524420453,1.267576792425408,-0.0005894567967417753,1.2681662492221497,0.0
576,11.52,idle,locomotion,0,0.6000000238418579,-0.38999998569488525,0.10973345824050044,-0.001080478548187163,0.0012221594720732208,0.7364259646640765,1.2675778138449676,-0.0005892932353511841,1.2681671070803189,0.0
577,11.54,idle,locomotion,0,0.6000000238418579,-0.38999998569488525,0.10973345824050044,-0.0010636389562974215,0.00122980850286108,0.7364264060674757,1.26757883735196,-0.0005891307298487927,1.268167968081809,0.0
578,11.56,idle,locomotion,0,0.6000000238418579,-0.38999998569488525,0.10973345824050044,-0.0010468368550934418,0.0012374694809431197,0.7364268479934152,1.2675798619971514,-0.0005889685680883737,1.2681688305652399,0.0
579,11.58,idle,locomotion,0,0.6000000238418579,-0.38999998569488525,0.10973345824050044,-0.0010300708894890348,0.0012451459864996311,0.7364272913483133,1.2675808884303454,-0.0005888070135083821,1.2681696954438537,0.0
580,11.6,idle,locomotion,0,0.6000000238418579,-0.38999998569488525,0.10973345824050044,-0.001013340306658996,0.0012528370433404715,0.736427735354337,1.2675819164523658,-0.0005886459224845701,1.2681705623748505,0.0
581,11.62,idle,locomotion,0,0.6000000238418579,-0.38999998569488525,0.10973345824050044,-0.0009966431721694256,0.0012605412671207793,0.7364281797148545,1.2675829459100942,-0.0005884854259726666,1.2681714313360668,0.0
582,11.64,idle,locomotion,0,0.6000000238418579,-0.38999998569488525,0.10973345824050044,-0.0009799785680306308,0.0012682585263354936,0.7364286247397231,1.2675839771144217,-0.0005883251837868059,1.2681723022982085,0.0
583,11.66,idle,locomotion,0,0.6000000238418579,-0.38999998569488525,0.10973345824050044,-0.0009633474470750154,0.001275986457897883,0.7364290703496293,1.2675850098669812,-0.0005881651772384582,1.2681731750442196,0.0
584,11.68,idle,locomotion,0,0.6000000238418579,-0.38999998569488525,0.10973345824050044,-0.0009467521712126728,0.001283722857393777,0.7364295147224709,1.2675860419430993,-0.0005880055327738692,1.2681740474758731,0.0
585,11.7,idle,locomotion,0,0.6000000238418579,-0.38999998569488525,0.10973345824050044,-0.0009301921519981743,0.001291468428590161,0.7364299576718785,1.2675870727468512,-0.0005878463869958515,1.2681749191338472,0.0
586,11.72,idle,locomotion,0,0.6000000238418579,-0.38999998569488525,0.10973345824050044,-0.0009136626136688434,0.0012992271886509258,0.7364304016934008,1.2675881050277786,-0.0005876874608858572,1.2681757924886645,0.0
587,11.74,idle,locomotion,0,0.6000000238418579,-0.38999998569488525,0.10973345824050044,-0.0008971620612283332,0.0013070003272130431,0.7364308480239443,1.2675891403990704,-0.0005875286003615664,1.268176668999432,0.0
588,11.76,idle,locomotion,0,0.6000000238418579,-0.38999998569488525,0.10973345824050044,-0.0008806911329447073,0.0013147907158095446,0.7364312973622619,1.2675901793275342,-0.0005873700355701027,1.2681775493631042,0.0
589,11.78,idle,locomotion,0,0.6000000238418579,-0.38999998569488525,0.10973345824050044,-0.0008642518154773998,0.0013225951808388005,0.7364317475119623,1.2675912200251738,-0.0005872118687070618,1.268178431893881,0.0
590,11.8,idle,locomotion,0,0.6000000238418579,-0.38999998569488525,0.10973345824050044,-0.0008478447557550182,0.001330409430222047,0.736432198229964,1.267592262063943,-0.0005870542554769972,1.26817931631942,0.0
591,11.82,idle,locomotion,0,0.6000000238418579,-0.38999998569488525,0.10973345824050044,-0.0008314692206258576,0.0013382319559667266,0.73643264811173,1.267593303972994,-0.0005868971916124233,1.2681802011646064,0.0
592,11.84,idle,locomotion,0,0.6000000238418579,-0.38999998569488525,0.10973345824050044,-0.0008151236284973448,0.0013460570709399396,0.736433097236969,1.2675943460719454,-0.0005867403692765838,1.268181086441222,0.0
593,11.86,idle,locomotion,0,0.6000000238418579,-0.38999998569488525,0.10973345824050044,-0.0007988059982808317,0.0013538905755340848,0.7364335472943238,1.2675953893054293,-0.0005865839084562979,1.2681819732138855,0.0
594,11.88,idle,locomotion,0,0.6000000238418579,-0.38999998569488525,0.10973345824050044,-0.0007825173798322282,0.0013617312295941561,0.736433999037856,1.267596434495817,-0.0005864273996661687,1.2681828618954831,0.0
595,11.9,idle,locomotion,0,0.6000000238418579,-0.38999998569488525,0.10973345824050044,-0.0007662552558586517,0.0013695772574441906,0.7364344524217779,1.2675974819106388,-0.0005862714846753755,1.2681837533953142,0.0
596,11.92,idle,locomotion,0,0.6000000238418579,-0.38999998569488525,0.10973345824050044,-0.0007500199683549775,0.0013774301703699248,0.7364349072339865,1.267598531267375,-0.0005861156164992977,1.2681846468838742,0.0
597,11.94,idle,locomotion,0,0.6000000238418579,-0.38999998569488525,0.10973345824050044,-0.0007338119420769466,0.001385287861139652,0.7364353637562598,1.267599582849783,-0.0005859600885548162,1.2681855429383377,0.0
598,11.96,idle,locomotion,0,0.6000000238418579,-0.38999998569488525,0.10973345824050044,-0.0007176305106498872,0.0013931496986688133,0.7364358207207786,1.2676006355635974,-0.0005858047943446722,1.2681864403579421,0.0
599,11.98,idle,locomotion,0,0.6000000238418579,-0.38999998569488525,0.10973345824050044,-0.0007014743210814402,0.0014010178055920014,0.7364362793394913,1.2676016903981435,-0.0005856496138522543,1.2681873400119958,0.0
600,12.0,idle,locomotion,0,0.6000000238418579,-0.38999998569488525,0.10973345824050044,-0.0006853439618698766,0.0014088933710722981,0.7364367398107301,1.267602747601171,-0.0005854944713364098,1.2681882420725075,0.0
601,12.02,idle,locomotion,0,0.6000000238418579,-0.38999998569488525,0.10973345824050044,-0.000669239824446108,0.001416775698419928,0.7364372006089352,1.2676038057867776,-0.0005853399279352918,1.2681891457147128,0.0
602,12.04,idle,locomotion,0,0.6000000238418579,-0.38999998569488525,0.10973345824050044,-0.0006531609568348024,0.0014246659581235216,0.7364376628826605,1.2676048659810282,-0.0005851856802091826,1.2681900516612374,0.0
603,12.06,idle,locomotion,0,0.6000000238418579,-0.38999998569488525,0.10973345824050044,-0.0006371082111135845,0.001432563518044507,0.7364381257535816,1.2676059273224982,-0.0005850320008781232,1.2681909593233764,0.0
604,12.08,idle,locomotion,0,0.6000000238418579,-0.38999998569488525,0.10973345824050044,-0.0006210806742131557,0.0014404678413457083,0.7364385885702047,1.2676069891772614,-0.0005848788412764622,1.268191868018538,0.0
605,12.1,idle,locomotion,0,0.6000000238418579,-0.38999998569488525,0.10973345824050044,-0.0006050777843656569,0.00144837664201714,0.7364390525741256,1.2676080529462486,-0.0005847257788907066,1.2681927787251392,0.0
606,12.12,idle,locomotion,0,0.6000000238418579,-0.38999998569488525,0.10973345824050044,-0.0005891008185859724,0.0014562869054598887,0.7364395168934827,1.2676091176652913,-0.0005845730010877286,1.268193690666379,0.0
607,12.14,idle,locomotion,0,0.6000000238418579,-0.38999998569488525,0.10973345824050044,-0.0005731489643748738,0.0014642036146886356,0.7364399825192485,1.2676101835594242,-0.0005844205330578535,1.268194604092482,0.0
608,12.16,idle,locomotion,0,0.6000000238418579,-0.38999998569488525,0.10973345824050044,-0.000557221536197134,0.0014721262203397675,0.7364404502584796,1.267611251844435,-0.0005842679711453719,1.2681955198155803,0.0
609,12.18,idle,locomotion,0,0.6000000238418579,-0.38999998569488525,0.10973345824050044,-0.000541318165019633,0.0014800507533822308,0.7364409182821249,1.2676123211259784,-0.0005841158783935485,1.268196437004372,0.0
610,12.2,idle,locomotion,0,0.6000000238418579,-0.38999998569488525,0.10973345824050044,-0.00052543924488403,0.0014879720985373477,0.7364413860794398,1.2676133909422493,-0.0005839638956219757,1.2681973548378713,0.0
611,12.22,idle,locomotion,0,0.6000000238418579,-0.38999998569488525,0.10973345824050044,-0.0005095836072497352,0.0014958906055368875,0.7364418541179317,1.2676144613296125,-0.0005838123132267982,1.2681982736428394,0.0
612,12.24,idle,locomotion,0,0.6000000238418579,-0.38999998569488525,0.10973345824050044,-0.0004937483352153624,0.0015038075412604351,0.7364423239879577,1.267615533934333,-0.0005836610162067331,1.2681991949505396,0.0
613,12.26,idle,locomotion,0,0.6000000238418579,-0.38999998569488525,0.10973345824050044,-0.00047793180043679265,0.0015117248080482918,0.7364427970570935,1.2676166102851694,-0.0005835100016566772,1.268200120286826,0.0
614,12.28,idle,locomotion,0,0.6000000238418579,-0.38999998569488525,0.10973345824050044,-0.0004621383966970593,0.0015196432555571915,0.7364432712845699,1.2676176880123584,-0.0005833589929687306,1.268201047005327,0.0
615,12.3,idle,locomotion,0,0.6000000238418579,-0.38999998569488525,0.10973345824050044,-0.0004463691523800009,0.0015275622507061873,0.7364437466104808,1.2676187667007897,-0.0005832081981465287,1.2682019748989362,0.0
616,12.32,idle,locomotion,0,0.6000000238418579,-0.38999998569488525,0.10973345824050044,-0.0004306211940132395,0.0015354842244924896,0.7364442242745828,1.2676198477075766,-0.0005830577472033562,1.26820290545478,0.0
617,12.34,idle,locomotion,0,0.6000000238418579,-0.38999998569488525,0.10973345824050044,-0.0004148936290418121,0.0015434088219239196,0.7364447023528586,1.267620929612116,-0.0005829076875480017,1.268203837299664,0.0
618,12.36,idle,locomotion,0,0.6000000238418579,-0.38999998569488525,0.10973345824050044,-0.00039918541200867054,0.0015513364703260573,0.7364451796793338,1.267622011441303,-0.0005827580978746277,1.2682047695391776,0.0
619,12.38,idle,locomotion,0,0.6000000238418579,-0.38999998569488525,0.10973345824050044,-0.00038349645246796223,0.001559267442760872,0.736445658980381,1.267623095713062,-0.0005826085146191963,1.2682057042276813,0.0
620,12.4,idle,locomotion,0,0.6000000238418579,-0.38999998569488525,0.10973345824050044,-0.0003678276690345878,0.0015672010828127136,0.7364461416004657,1.267624183629508,-0.0005824591974653154,1.2682066428269732,0.0
621,12.42,idle,locomotion,0,0.6000000238418579,-0.38999998569488525,0.10973345824050044,-0.00035217921378309094,0.001575135430458152,0.7364466248596039,1.2676252728118367,-0.0005823102932313202,1.268207583105068,0.0
622,12.44,idle,locomotion,0,0.6000000238418579,-0.38999998569488525,0.10973345824050044,-0.0003365502912523628,0.0015830690881889226,0.7364471066470183,1.2676263612291683,-0.0005821618662676976,1.268208523095436,0.0
623,12.46,idle,locomotion,0,0.6000000238418579,-0.38999998569488525,0.10973345824050044,-0.0003209408849930137,0.0015910002643663658,0.7364475874850522,1.2676274492771462,-0.0005820134332886959,1.268209462710435,0.0
624,12.48,idle,locomotion,0,0.6000000238418579,-0.38999998569488525,0.10973345824050044,-0.0003053518422606193,0.0015989261866339742,0.7364480680100097,1.2676285374336396,-0.0005818650203852395,1.2682104024540248,0.0
625,12.5,idle,locomotion,0,0.6000000238418579,-0.38999998569488525,0.10973345824050044,-0.00028978238139783024,0.0016068520729149345,0.736448550626947,1.267629627295464,-0.0005817168421696668,1.2682113441376335,0.0
626,12.52,idle,locomotion,0,0.6000000238418579,-0.38999998569488525,0.10973345824050044,-0.0002742314623295788,0.0016147814903366088,0.7364490378519486,1.267630721477258,-0.0005815686465049721,1.268212290123763,0.0
627,12.54,idle,locomotion,0,0.6000000238418579,-0.38999998569488525,0.10973345824050044,-0.0002586993818706786,0.0016227123766443658,0.7364495272811984,1.2676318183480897,-0.0005814207743114197,1.268213239122401,0.0
628,12.56,idle,locomotion,0,0.6000000238418579,-0.38999998569488525,0.10973345824050044,-0.00024318485252889196,0.001630642469161301,0.7364500194782357,1.267632918615084,-0.0005812732785458984,1.26821419189363,0.0
629,12.58,idle,locomotion,0,0.6000000238418579,-0.38999998569488525,0.10973345824050044,-0.000227686372266636,0.0016385739067128777,0.7364505140095696,1.2676340217587931,-0.0005811263227495679,1.2682151480815427,0.0
630,12.6,idle,locomotion,0,0.6000000238418579,-0.38999998569488525,0.10973345824050044,-0.00021220652852855403,0.0016465051568120466,0.7364510090299282,1.2676351258063485,-0.0005809795637375104,1.268216105370086,0.0
631,12.62,idle,locomotion,0,0.6000000238418579,-0.38999998569488525,0.10973345824050044,-0.00019674517272977708,0.0016544360652353362,0.7364515036882054,1.2676362298034303,-0.0005808333118522066,1.2682170631152825,0.0
632,12.64,idle,locomotion,0,0.6000000238418579,-0.38999998569488525,0.10973345824050044,-0.00018130093578386393,0.0016623672149198537,0.7364519985903425,1.2676373344664353,-0.0005806871597112372,1.2682180216261465,0.0
633,12.66,idle,locomotion,0,0.6000000238418579,-0.38999998569488525,0.10973345824050044,-0.00016587403120268374,0.0016702986980189577,0.7364524944963745,1.2676384405430416,-0.0005805411615869352,1.2682189817046285,0.0
634,12.68,idle,locomotion,0,0.6000000238418579,-0.38999998569488525,0.10973345824050044,-0.00015046611539060463,0.001678229650002279,0.7364529914477045,1.2676395480058458,-0.0005803952384049772,1.2682199432442507,0.0
635,12.7,idle,locomotion,0,0.6000000238418579,-0.38999998569488525,0.10973345824050044,-0.00013507600389959243,0.001686163042383933,0.7364534890649583,1.2676406562004334,-0.0005802498679342502,1.2682209060683676,0.0
636,12.72,idle,locomotion,0,0.6000000238418579,-0.38999998569488525,0.10973345824050044,-0.00011970314750739678,0.0016940988239361153,0.7364539881480796,1.2676417660858317,-0.0005801045676448666,1.2682218706534765,0.0
637,12.74,idle,locomotion,0,0.6000000238418579,-0.38999998569488525,0.10973345824050044,-0.00010434931876655791,0.001702033532260222,0.7364544874906277,1.2676428766230656,-0.0005799596510960743,1.2682228362741617,0.0
638,12.76,idle,locomotion,0,0.6000000238418579,-0.38999998569488525,0.10973345824050044,-8.901353118060467e-05,0.0017099698824601744,0.73645498844841,1.267643988678438,-0.0005798148303266734,1.2682238035087647,0.0
639,12.78,idle,locomotion,0,0.6000000238418579,-0.38999998569488525,0.10973345824050044,-7.369328533701499e-05,0.0017179102995867617,0.736455491838074,1.2676451033833458,-0.000579670299066349,1.2682247736824122,0.0
640,12.8,idle,locomotion,0,0.6000000238418579,-0.38999998569488525,0.10973345824050044,-5.839212521626228e-05,0.0017258487252355687,0.7364559954792327,1.2676462188133926,-0.0005795258780113971,1.268225744691404,0.0
641,12.82,idle,locomotion,0,0.6000000238418579,-0.38999998569488525,0.10973345824050044,-4.310855099883597e-05,0.001733781633575421,0.7364564993954943,1.2676473348457316,-0.0005793820125156203,1.2682267168582473,0.0
642,12.84,idle,locomotion,0,0.6000000238418579,-0.38999998569488525,0.10973345824050044,-2.7840673108391834e-05,0.0017417129476542433,0.7364570034922273,1.2676484511861241,-0.0005792382896265234,1.2682276894757507,0.0
643,12.86,idle,locomotion,0,0.6000000238418579,-0.38999998569488525,0.10973345824050044,-1.2589704955950456e-05,0.0017496450741636348,0.736457507619193,1.2676495673256996,-0.000579094664031797,1.2682286619897314,0.0
644,12.88,idle,locomotion,0,0.6000000238418579,-0.38999998569488525,0.10973345824050044,2.644560127842461e-06,0.001757574574583103,0.7364580111769076,1.2676506832114436,-0.0005789513136385711,1.268229634525082,0.0
645,12.9,idle,locomotion,0,0.6000000238418579,-0.38999998569488525,0.10973345824050044,1.7864931605209205e-05,0.0017655004392069312,0.7364585163832753,1.2676518012682096,-0.0005788082915681655,1.2682306095597777,0.0
646,12.92,idle,locomotion,0,0.6000000238418579,-0.38999998569488525,0.10973345824050044,3.3070298295850437e-05,0.0017734262742087777,0.73645902321059,1.2676529210328968,-0.0005786655509367224,1.2682315865838336,0.0
647,12.94,idle,locomotion,0,0.6000000238418579,-0.38999998569488525,0.10973345824050044,4.8258065041229826e-05,0.0017813503245583445,0.736459530129882,1.2676540408073262,-0.0005785230385889802,1.2682325638459153,0.0
648,12.96,idle,locomotion,0,0.6000000238418579,-0.38999998569488525,0.10973345824050044,6.343254350744468e-05,0.0017892720555643634,0.7364600394645316,1.2676551633096205,-0.0005783808132166154,1.2682335441228372,0.0
649,12.98,idle,locomotion,0,0.6000000238418579,-0.38999998569488525,0.10973345824050044,7.859530285952364e-05,0.0017971927927387815,0.7364605512438436,1.2676562889604028,-0.0005782386345371086,1.26823452759494,0.0
650,13.0,idle,locomotion,0,0.6000000238418579,-0.38999998569488525,0.10973345824050044,9.374114477387473e-05,0.0018051092818639775,0.7364610628182461,1.2676574147666049,-0.000578096464179334,1.2682355112307842,0.0
651,13.02,idle,locomotion,0,0.6000000238418579,-0.38999998569488525,0.10973345824050044,0.00010887050456180196,0.0018130211213893905,0.7364615751281788,1.2676585412716663,-0.0005779546153978632,1.2682364958870642,0.0
652,13.04,idle,locomotion,0,0.6000000238418579,-0.38999998569488525,0.10973345824050044,0.00012398581211318428,0.0018209303484316235,0.7364620887747388,1.2676596693498983,-0.0005778131595338756,1.2682374825094322,0.0
653,13.06,idle,locomotion,0,0.6000000238418579,-0.38999998569488525,0.10973345824050044,0.00013908458247766556,0.0018288343873554818,0.7364626026695743,1.2676607979030523,-0.0005776718588520677,1.2682384697619045,0.0
654,13.08,idle,locomotion,0,0.6000000238418579,-0.38999998569488525,0.10973345824050044,0.00015416946930404282,0.0018367405689002532,0.7364631191102542,1.2676619285283777,-0.0005775310163148237,1.2682394595446924,0.0
655,13.1,idle,locomotion,0,0.6000000238418579,-0.38999998569488525,0.10973345824050044,0.00016924137395044083,0.001844654879039792,0.7364636369765387,1.2676630605913943,-0.0005773901593857655,1.26824045075078,0.0
656,13.12,idle,locomotion,0,0.6000000238418579,-0.38999998569488525,0.10973345824050044,0.00018429850329289169,0.0018525750833142186,0.7364641554578482,1.2676641936394661,-0.0005772494822270449,1.2682414431216933,0.0
657,13.14,idle,locomotion,0,0.6000000238418579,-0.38999998569488525,0.10973345824050044,0.0001993372038191512,0.0018604957190844088,0.7364646740920697,1.2676653272163796,-0.0005771092049300895,1.2682424364213096,0.0
658,13.16,idle,locomotion,0,0.6000000238418579,-0.38999998569488525,0.10973345824050044,0.0002143574179132609,0.0018684111983774104,0.7364651919424098,1.2676664603076118,-0.0005769696600130617,1.2682434299676248,0.0
659,13.18,idle,locomotion,0,0.6000000238418579,-0.38999998569488525,0.10973345824050044,0.00022936442181576515,0.0018763240250395613,0.7364657112006039,1.2676675949664495,-0.0005768305105900047,1.2682444254770395,0.0
660,13.2,idle,locomotion,0,0.6000000238418579,-0.38999998569488525,0.10973345824050044,0.0002443575598533584,0.0018842351928446872,0.7364662321748231,1.2676687313714343,-0.0005766911902868564,1.2682454225617212,0.0
661,13.22,idle,locomotion,0,0.6000000238418579,-0.38999998569488525,0.10973345824050044,0.00025933559263797577,0.001892146776654346,0.7364667539286993,1.2676698681301608,-0.0005765520888256909,1.2682464202189865,0.0
662,13.24,idle,locomotion,0,0.6000000238418579,-0.38999998569488525,0.10973345824050044,0.0002743006343252956,0.001900057877766707,0.7364672764917388,1.2676710059334277,-0.0005764129076373144,1.268247418841065,0.0
663,13.26,idle,locomotion,0,0.6000000238418579,-0.38999998569488525,0.10973345824050044,0.0002892524476479862,0.0019079687220307307,0.7364677994994341,1.267672144498549,-0.0005762739867020521,1.2682484184852512,0.0
664,13.28,idle,locomotion,0,0.6000000238418579,-0.38999998569488525,0.10973345824050044,0.00030418910651362665,0.001915883126855802,0.7364683239413753,1.2676732841125733,-0.0005761354513252187,1.2682494195638985,0.0
665,13.3,idle,locomotion,0,0.6000000238418579,-0.38999998569488525,0.10973345824050044,0.00031911081069123273,0.0019238013109608041,0.7364688492558793,1.2676744244710674,-0.0005759972763423986,1.2682504217474098,0.0
666,13.32,idle,locomotion,0,0.6000000238418579,-0.38999998569488525,0.10973345824050044,0.00033401749104268566,0.001931717146390471,0.7364693745174306,1.2676755652748308,-0.0005758591544475083,1.2682514244292784,0.0
667,13.34,idle,locomotion,0,0.6000000238418579,-0.38999998569488525,0.10973345824050044,0.00034891220374315396,0.0019396287454453115,0.7364699013596997,1.267676708228691,-0.0005757214320348016,1.2682524296607258,0.0
668,13.36,idle,locomotion,0,0.6000000238418579,-0.38999998569488525,0.10973345824050044,0.0003637935757606779,0.0019475404379400004,0.7364704284473271,1.2676778514866585,-0.0005755840224732217,1.2682534355091317,0.0
669,13.38,idle,locomotion,0,0.6000000238418579,-0.38999998569488525,0.10973345824050044,0.00037865865571536057,0.0019554495331487536,0.7364709558903206,1.2676789948894045,-0.0005754467296208363,1.2682544416190253,0.0
670,13.4,idle,locomotion,0,0.6000000238418579,-0.38999998569488525,0.10973345824050044,0.00039351189280679516,0.001963355429012073,0.7364714856633865,1.2676801408802405,-0.0005753098940394948,1.26825545077428,0.0
671,13.42,idle,locomotion,0,0.6000000238418579,-0.38999998569488525,0.10973345824050044,0.0004083559008731498,0.001971261702233028,0.7364720175747432,1.2676812894893512,-0.0005751731542106356,1.268256462643562,0.0
672,13.44,idle,locomotion,0,0.6000000238418579,-0.38999998569488525,0.10973345824050044,0.000423188193165347,0.001979171448336537,0.736472550474051,1.2676824391964745,-0.0005750364946086398,1.2682574756910832,0.0
673,13.46,idle,locomotion,0,0.6000000238418579,-0.38999998569488525,0.10973345824050044,0.00043800546257620167,0.001987082123386788,0.7364730839259649,1.26768358963205,-0.0005748999367905898,1.2682584895688405,0.0
674,13.48,idle,locomotion,0,0.6000000238418579,-0.38999998569488525,0.10973345824050044,0.0004528071469027928,0.0019949901659283365,0.736473618237973,1.2676847412802623,-0.0005747636636350556,1.2682595049438974,0.0
675,13.5,idle,locomotion,0,0.6000000238418579,-0.38999998569488525,0.10973345824050044,0.00046759159725761213,0.0020028946920926808,0.736474152190946,1.2676858926299124,-0.0005746276874167323,1.2682605203173292,0.0
676,13.52,idle,locomotion,0,0.6000000238418579,-0.38999998569488525,0.10973345824050044,0.0004823610301462919,0.002010796921406995,0.7364746863485351,1.2676870440084997,-0.0005744922968107455,1.2682615363053105,0.0
677,13.54,idle,locomotion,0,0.6000000238418579,-0.38999998569488525,0.10973345824050044,0.0004971184119754379,0.0020187022239814088,0.7364752223320733,1.2676881970072897,-0.0005743571447482075,1.268262554152038,0.0
678,13.56,idle,locomotion,0,0.6000000238418579,-0.38999998569488525,0.10973345824050044,0.0005118618706771744,0.002026607705551889,0.7364757589771367,1.2676893509055867,-0.000574221818840797,1.2682635727244274,0.0
679,13.58,idle,locomotion,0,0.6000000238418579,-0.38999998569488525,0.10973345824050044,0.0005265918933907624,0.002034511317984979,0.7364762956953124,1.2676905052424219,-0.000574086910254349,1.2682645921526763,0.0
680,13.6,idle,locomotion,0,0.6000000238418579,-0.38999998569488525,0.10973345824050044,0.0005413054570502443,0.002042412884005776,0.7364768311973366,1.2676916583594382,-0.0005739522242654942,1.2682656105837038,0.0
681,13.62,idle,locomotion,0,0.6000000238418579,-0.38999998569488525,0.10973345824050044,0.0005560041246063669,0.002050317773357757,0.7364773677425146,1.267692811797674,-0.0005738181366431727,1.2682666299343173,0.0
682,13.64,idle,locomotion,0,0.6000000238418579,-0.38999998569488525,0.10973345824050044,0.0005706908740769211,0.0020582324626127004,0.7364779065515483,1.267693967195092,-0.000573684386260695,1.2682676515813527,0.0
683,13.66,idle,locomotion,0,0.6000000238418579,-0.38999998569488525,0.10973345824050044,0.0005853611554332634,0.0020661486952141587,0.7364784450033435,1.2676951226348048,-0.0005735504580105209,1.2682686730928152,0.0
684,13.68,idle,locomotion,0,0.6000000238418579,-0.38999998569488525,0.10973345824050044,0.0006000145918285788,0.0020740636726709,0.7364789822825135,1.267696276898071,-0.0005734170770565414,1.2682696939751277,0.0
685,13.7,idle,locomotion,0,0.6000000238418579,-0.38999998569488525,0.10973345824050044,0.0006146548876556537,0.0020819782624209946,0.7364795201830407,1.267697431904568,-0.0005732839349281323,1.2682707158394961,0.0
686,13.72,idle,locomotion,0,0.6000000238418579,-0.38999998569488525,0.10973345824050044,0.0006292813566266361,0.0020898896077217437,0.7364800577437197,1.2676985869037605,-0.0005731510527488166,1.2682717379565094,0.0
687,13.74,idle,locomotion,0,0.6000000238418579,-0.38999998569488525,0.10973345824050044,0.0006438964686837541,0.002097802721745231,0.7364805972813508,1.267699743569979,-0.0005730183576543244,1.2682727619276333,0.0
688,13.76,idle,locomotion,0,0.6000000238418579,-0.38999998569488525,0.10973345824050044,0.0006584995309198036,0.0021057152115441396,0.7364811381177571,1.2677009019216696,-0.0005728856439440114,1.2682737875656136,0.0
689,13.78,idle,locomotion,0,0.6000000238418579,-0.38999998569488525,0.10973345824050044,0.0006730875501485318,0.0021136264287275664,0.7364816782266163,1.2677020595150663,-0.0005727533237705855,1.2682748128388368,0.0
690,13.8,idle,locomotion,0,0.6000000238418579,-0.38999998569488525,0.10973345824050044,0.0006876610805574923,0.0021215372350027874,0.7364822182847688,1.2677032168042133,-0.0005726211841193506,1.2682758379883325,0.0
691,13.82,idle,locomotion,0,0.6000000238418579,-0.38999998569488525,0.10973345824050044,0.0007022202240218923,0.002129448488099887,0.736482758831136,1.2677043743046224,-0.0005724893536561138,1.2682768636582784,0.0
692,13.84,idle,locomotion,0,0.6000000238418579,-0.38999998569488525,0.10973345824050044,0.0007167658441569525,0.0021373593126361367,0.7364833003585066,1.2677055326637923,-0.0005723577938018809,1.2682778904575942,0.0
693,13.86,idle,locomotion,0,0.6000000238418579,-0.38999998569488525,0.10973345824050044,0.0007312979314451525,0.0021452710175196917,0.7364838426241161,1.267706691652225,-0.0005722263908816833,1.2682789180431067,0.0
694,13.88,idle,locomotion,0,0.6000000238418579,-0.38999998569488525,0.10973345824050044,0.000745814543960042,0.002153181941865132,0.7364843834854818,1.2677078491587257,-0.0005720952230169885,1.2682799443817427,0.0
695,13.9,idle,locomotion,0,0.6000000238418579,-0.38999998569488525,0.10973345824050044,0.0007603203123400775,0.002161096285349181,0.7364849263988179,1.2677090084600573,-0.0005719642944340235,1.2682809727544913,0.0
696,13.92,idle,locomotion,0,0.6000000238418579,-0.38999998569488525,0.10973345824050044,0.0007748158834872622,0.0021690133024070057,0.7364854718733497,1.267710170775207,-0.0005718333535816543,1.2682820041287886,0.0
697,13.94,idle,locomotion,0,0.6000000238418579,-0.38999998569488525,0.10973345824050044,0.0007892978903355196,0.0021769331372711066,0.7364860183611359,1.2677113341931945,-0.000571702694894427,1.2682830368880889,0.0
698,13.96,idle,locomotion,0,0.6000000238418579,-0.38999998569488525,0.10973345824050044,0.0008037641700388198,0.0021848572343369415,0.7364865649067733,1.267712497330403,-0.0005715726407674697,1.2682840699711706,0.0
699,13.98,idle,locomotion,0,0.6000000238418579,-0.38999998569488525,0.10973345824050044,0.0008182160934281439,0.0021927863353560484,0.7364871123219513,1.2677136611201514,-0.0005714431723255926,1.268285104292477,0.0
700,14.0,idle,locomotion,0,0.6000000238418579,-0.38999998569488525,0.10973345824050044,0.0008326541236951213,0.0022007177105951323,0.736487660113428,1.2677148256433552,-0.0005713138834463963,1.2682861395268017,0.0
701,14.02,idle,locomotion,0,0.6000000238418579,-0.38999998569488525,0.10973345824050044,0.0008470750197721389,0.002208646741471954,0.7364882064539416,1.2677159888638623,-0.0005711845367397904,1.268287173400602,0.0
702,14.04,idle,locomotion,0,0.6000000238418579,-0.38999998569488525,0.10973345824050044,0.0008614813915802004,0.0022165779087326225,0.7364887528324495,1.267717151546867,-0.0005710557090420586,1.2682882072559092,0.0
703,14.06,idle,locomotion,0,0.6000000238418579,-0.38999998569488525,0.10973345824050044,0.0008758734808329394,0.002224512962700416,0.7364893004503562,1.2677183150282658,-0.0005709270221059062,1.2682892420503717,0.0
704,14.08,idle,locomotion,0,0.6000000238418579,-0.38999998569488525,0.10973345824050044,0.000890249024169641,0.0022324494365150685,0.7364898483605403,1.2677194783980725,-0.000570798503432321,1.2682902769015048,0.0
705,14.1,idle,locomotion,0,0.6000000238418579,-0.38999998569488525,0.10973345824050044,0.0009046116789630852,0.0022403878574219493,0.7364903964543255,1.2677206418767468,-0.0005706703527841826,1.268291312229531,0.0
706,14.12,idle,locomotion,0,0.6000000238418579,-0.38999998569488525,0.10973345824050044,0.000918962745864209,0.0022483294762274198,0.7364909449694667,1.267721805896045,-0.0005705422861647588,1.26829234818221,0.0
707,14.14,idle,locomotion,0,0.6000000238418579,-0.38999998569488525,0.10973345824050044,0.0009332987239298215,0.0022562708874973173,0.7364914929205966,1.267722969324474,-0.0005704141748132316,1.2682933834992873,0.0
708,14.16,idle,locomotion,0,0.6000000238418579,-0.38999998569488525,0.10973345824050044,0.0009476193568666267,0.0022642112019111206,0.7364920396721977,1.267724131297752,-0.000570286533730549,1.2682944178314826,0.0
709,14.18,idle,locomotion,0,0.6000000238418579,-0.38999998569488525,0.10973345824050044,0.000961927494584682,0.0022721543410908276,0.7364925871023305,1.267725293542591,-0.0005701592572509018,1.2682954527998418,0.0
710,14.2,idle,locomotion,0,0.6000000238418579,-0.38999998569488525,0.10973345824050044,0.0009762226441419294,0.0022800998133419145,0.7364931358239509,1.2677264569640483,-0.0005700319049679395,1.2682964888690162,0.0
711,14.22,idle,locomotion,0,0.6000000238418579,-0.38999998569488525,0.10973345824050044,0.000990504197142148,0.0022880488576301167,0.7364936852542829,1.2677276208338708,-0.0005699050409521088,1.2682975258748228,0.0
712,14.24,idle,locomotion,0,0.6000000238418579,-0.38999998569488525,0.10973345824050044,0.0010047704985928054,0.0022960010018290788,0.736494234261678,1.2677287840532936,-0.0005697784153069936,1.2682985624686005,0.0
713,14.26,idle,locomotion,0,0.6000000238418579,-0.38999998569488525,0.10973345824050044,0.0010190247412615128,0.002303958813483558,0.7364947856833146,1.2677299494345093,-0.0005696522244379859,1.2682996016589474,0.0
714,14.28,idle,locomotion,0,0.6000000238418579,-0.38999998569488525,0.10973345824050044,0.0010332645503688467,0.0023119202817358598,0.736495336854828,1.2677311147904047,-0.0005695261577148836,1.2683006409481195,0.0
715,14.3,idle,locomotion,0,0.6000000238418579,-0.38999998569488525,0.10973345824050044,0.0010474880631034498,0.0023198827887029407,0.736495887014133,1.2677322788772143,-0.0005694004447781391,1.2683016793219923,0.0
716,14.32,idle,locomotion,0,0.6000000238418579,-0.38999998569488525,0.10973345824050044,0.001061697422307448,0.002327848659725592,0.7364964380881583,1.2677334434284762,-0.0005692749462044948,1.2683027183746807,0.0
717,14.34,idle,locomotion,0,0.6000000238418579,-0.38999998569488525,0.10973345824050044,0.001075891518467645,0.0023358173059835003,0.7364969881165986,1.2677346067069002,-0.0005691496994971249,1.2683037564063973,0.0
718,14.36,idle,locomotion,0,0.6000000238418579,-0.38999998569488525,0.10973345824050044,0.0010900728405638814,0.002343789498677173,0.7364975382986096,1.2677357699180585,-0.0005690247167801366,1.2683047946348387,0.0
719,14.38,idle,locomotion,0,0.6000000238418579,-0.38999998569488525,0.10973345824050044,0.00110424142668108,0.0023517664788181448,0.7364980882835157,1.2677369329816064,-0.000568900008905783,1.2683058329905121,0.0
720,14.4,idle,locomotion,0,0.6000000238418579,-0.38999998569488525,0.10973345824050044,0.0011183962943367338,0.0023597483722326653,0.7364986389198093,1.2677380965269471,-0.0005687756267780883,1.2683068721537252,0.0
721,14.42,idle,locomotion,0,0.6000000238418579,-0.38999998569488525,0.10973345824050044,0.0011325378490359092,0.0023677370667568817,0.7364991909582562,1.2677392613145646,-0.000568651593098591,1.268307912907663,0.0
722,14.44,idle,locomotion,0,0.6000000238418579,-0.38999998569488525,0.10973345824050044,0.0011466645979372563,0.002375732217982823,0.7364997433594831,1.2677404264214727,-0.0005685277212154477,1.2683089541426882,0.0
723,14.46,idle,locomotion,0,0.6000000238418579,-0.38999998569488525,0.10973345824050044,0.0011607777181949874,0.0023837333690300334,0.7365002983075558,1.2677415940089383,-0.0005684039879240398,1.2683099979968624,0.0
724,14.48,idle,locomotion,0,0.6000000238418579,-0.38999998569488525,0.10973345824050044,0.0011748760813906787,0.002391740224356913,0.7365008532939886,1.2677427618407469,-0.0005682806752839754,1.2683110425160309,0.0
725,14.5,idle,locomotion,0,0.6000000238418579,-0.38999998569488525,0.10973345824050044,0.001188955659416634,0.0023997502340827657,0.7365014063900894,1.2677439274598434,-0.0005681576414510899,1.2683120851012946,0.0
726,14.52,idle,locomotion,0,0.6000000238418579,-0.38999998569488525,0.10973345824050044,0.0012030177933986957,0.0024077628113868036,0.7365019599737461,1.2677450929995704,-0.0005680348789220829,1.2683131278784925,0.0
727,14.54,idle,locomotion,0,0.6000000238418579,-0.38999998569488525,0.10973345824050044,0.0012170679312983293,0.0024157806154897076,0.7365025166497526,1.267746261452942,-0.0005679122984280915,1.2683141737513701,0.0
728,14.56,idle,locomotion,0,0.6000000238418579,-0.38999998569488525,0.10973345824050044,0.0012311069683366206,0.0024238054052566254,0.7365030746506244,1.2677474315256092,-0.0005677899532293799,1.2683152214788387,0.0
729,14.58,idle,locomotion,0,0.6000000238418579,-0.38999998569488525,0.10973345824050044,0.001245132214024766,0.002431835760025443,0.7365036328055738,1.2677486019872464,-0.0005676678185385087,1.2683162698057848,0.0
730,14.6,idle,locomotion,0,0.6000000238418579,-0.38999998569488525,0.10973345824050044,0.0012591421924774391,0.0024398727151555112,0.7365041918436483,1.267749773173563,-0.0005675461500289185,1.268317319323592,0.0
731,14.62,idle,locomotion,0,0.6000000238418579,-0.38999998569488525,0.10973345824050044,0.0012731361460480795,0.002447918799842169,0.7365047510707504,1.267750944312789,-0.0005674248968485542,1.2683183692096376,0.0
732,14.64,idle,locomotion,0,0.6000000238418579,-0.38999998569488525,0.10973345824050044,0.001287110795894991,0.0024559726215278525,0.736505309061746,1.2677521138710515,-0.0005673039095538679,1.2683194177806054,0.0
733,14.66,idle,locomotion,0,0.6000000238418579,-0.38999998569488525,0.10973345824050044,0.001301066447631323,0.0024640331282704377,0.7365058671782676,1.2677532830665554,-0.0005671831605265389,1.268320466227082,0.0
734,14.68,idle,locomotion,0,0.6000000238418579,-0.38999998569488525,0.10973345824050044,0.0013150051711244876,0.0024720975675248972,0.7365064256465517,1.2677544525704683,-0.0005670626143191894,1.2683215151847875,0.0
735,14.7,idle,locomotion,0,0.6000000238418579,-0.38999998569488525,0.10973345824050044,0.001328927995966696,0.0024801635374890967,0.7365069829855618,1.2677556209090066,-0.0005669424453727187,1.2683225633543793,0.0
736,14.72,idle,locomotion,0,0.6000000238418579,-0.38999998569488525,0.10973345824050044,0.001342837081928025,0.0024882319632626598,0.7365075396285024,1.2677567884335543,-0.0005668223620808564,1.2683236107956353,0.0
737,14.74,idle,locomotion,0,0.6000000238418579,-0.38999998569488525,0.10973345824050044,0.0013567318182169078,0.0024963026543580137,0.7365080949752771,1.2677579546014373,-0.0005667024784304815,1.2683246570798676,0.0
738,14.76,idle,locomotion,0,0.6000000238418579,-0.38999998569488525,0.10973345824050044,0.0013706115250530606,0.0025043762798552527,0.7365086494257168,1.267759119513359,-0.0005665828532897196,1.2683257023666488,0.0
739,14.78,idle,locomotion,0,0.6000000238418579,-0.38999998569488525,0.10973345824050044,0.0013844763532043583,0.002512453151962381,0.7365092043833269,1.2677602847053022,-0.000566463154044735,1.268326747859347,0.0
740,14.8,idle,locomotion,0,0.6000000238418579,-0.38999998569488525,0.10973345824050044,0.0013983255498478493,0.002520531455619777,0.7365097598030795,1.2677614503058097,-0.0005663437087997901,1.2683277940146094,0.0
741,14.82,idle,locomotion,0,0.6000000238418579,-0.38999998569488525,0.10973345824050044,0.0014121593824487444,0.0025286110459683104,0.7365103162435642,1.2677626166371418,-0.0005662247887708166,1.2683288414259126,0.0
742,14.84,idle,locomotion,0,0.6000000238418579,-0.38999998569488525,0.10973345824050044,0.0014259711942913554,0.002536698140401458,0.7365108814782925,1.267763790615216,-0.000566127576635992,1.268329918191852,0.0
743,14.86,idle,locomotion,0,0.6000000238418579,-0.38999998569488525,0.10973345824050044,0.0014397509157710682,0.002544820783339118,0.7365114590613278,1.267764975260351,-0.0005660640282848343,1.2683310392886358,0.0
744,14.88,idle,locomotion,0,0.6000000238418579,-0.38999998569488525,0.10973345824050044,0.0014535022774175236,0.0025529857579608536,0.736512039729641,1.2677661619568412,-0.0005660092357647091,1.2683321711926059,0.0
745,14.9,idle,locomotion,0,0.6000000238418579,-0.38999998569488525,0.10973345824050044,0.0014672177229709752,0.002561190945510158,0.7365126203432191,1.2677673483191878,-0.0005659614519759049,1.2683333097711638,0.0
746,14.92,idle,locomotion,0,0.6000000238418579,-0.38999998569488525,0.10973345824050044,0.0014808972507967966,0.002569434203374502,0.7365131989658226,1.2677685312563682,-0.00056591010112432,1.2683344413574926,0.0
747,14.94,idle,locomotion,0,0.6000000238418579,-0.38999998569488525,0.10973345824050044,0.001494539678661087,0.0025777163946062416,0.7365137773889597,1.2677697144901696,-0.0005658639437068104,1.2683355784338763,0.0
748,14.96,idle,locomotion,0,0.6000000238418579,-0.38999998569488525,0.10973345824050044,0.0015081440317496835,0.002586034195141236,0.7365143521326932,1.267770893778891,-0.0005658130938803498,1.2683367068727713,0.0
749,14.98,idle,locomotion,0,0.6000000238418579,-0.38999998569488525,0.10973345824050044,0.0015217073860745503,0.0025943880511012903,0.7365149259686575,1.2677720726991013,-0.0005657656325901601,1.2683378383316914,0.0
750,15.0,idle,locomotion,0,0.6000000238418579,-0.38999998569488525,0.10973345824050044,0.0015352275803327475,0.002602778318574532,0.7365154983206634,1.2677732490183087,-0.0005657160253594931,1.2683389650436683,0.0
751,15.02,idle,locomotion,0,0.6000000238418579,-0.38999998569488525,0.10973345824050044,0.0015487035581035695,0.0026112036909082576,0.7365160719403351,1.2677744263997823,-0.0005656682339468602,1.268340094633729,0.0
752,15.04,idle,locomotion,0,0.6000000238418579,-0.38999998569488525,0.10973345824050044,0.00156213314303575,0.0026196608563279094,0.736516643965491,1.267775602143304,-0.0005656189576017656,1.2683412211009057,0.0
753,15.06,idle,locomotion,0,0.6000000238418579,-0.38999998569488525,0.10973345824050044,0.0015755158652401592,0.0026281476986657277,0.7365172167753226,1.267776777903559,-0.0005655701517583434,1.2683423480553173,0.0
754,15.08,idle,locomotion,0,0.6000000238418579,-0.38999998569488525,0.10973345824050044,0.0015888529354795352,0.0026366621538297386,0.7365177911642717,1.267777955068549,-0.0005655212996984599,1.2683434763682475,0.0
755,15.1,idle,locomotion,0,0.6000000238418579,-0.38999998569488525,0.10973345824050044,0.0016021433911769902,0.0026452032476038394,0.7365183660497532,1.2677791326423464,-0.0005654723988693482,1.2683446050412157,0.0
756,15.12,idle,locomotion,0,0.6000000238418579,-0.38999998569488525,0.10973345824050044,0.0016153869165613916,0.002653772172521683,0.7365189422471732,1.2677803108708317,-0.0005654238957457196,1.2683457347665774,0.0
757,15.14,idle,locomotion,0,0.6000000238418579,-0.38999998569488525,0.10973345824050044,0.0016285817087690914,0.002662369122847086,0.7365195203764461,1.267781490507425,-0.0005653762558615258,1.2683468667632865,0.0
758,15.16,idle,locomotion,0,0.6000000238418579,-0.38999998569488525,0.10973345824050044,0.0016417269280814435,0.002670992383642739,0.7365200972324749,1.2677826700310029,-0.0005653283062662662,1.2683479983372692,0.0
759,15.18,idle,locomotion,0,0.6000000238418579,-0.38999998569488525,0.10973345824050044,0.0016548203921266718,0.0026796422842409323,0.7365206736055637,1.2677838486476167,-0.0005652798409853665,1.2683491284886022,0.0
760,15.2,idle,locomotion,0,0.6000000238418579,-0.38999998569488525,0.10973345824050044,0.0016678606497274242,0.0026883170841751195,0.7365212510531022,1.2677850276520888,-0.0005652319240970587,1.2683502595761857,0.0
761,15.22,idle,locomotion,0,0.6000000238418579,-0.38999998569488525,0.10973345824050044,0.001680848514393306,0.0026970160133957303,0.7365218295789979,1.267786208090088,-0.0005651861810718056,1.2683513942711597,0.0
762,15.24,idle,locomotion,0,0.6000000238418579,-0.38999998569488525,0.10973345824050044,0.001693784539824466,0.002705736706969052,0.7365224082451186,1.2677873879813963,-0.0005651376106294535,1.2683525255920258,0.0
763,15.26,idle,locomotion,0,0.6000000238418579,-0.38999998569488525,0.10973345824050044,0.0017066710678338062,0.002714478887224656,0.7365229878382972,1.2677885683470507,-0.000565084638587985,1.2683536529856387,0.0
764,15.28,idle,locomotion,0,0.6000000238418579,-0.38999998569488525,0.10973345824050044,0.0017195057049802947,0.002723247946166244,0.7365235720877814,1.2677897532061673,-0.0005650390956145508,1.2683547923017817,0.0
765,15.3,idle,locomotion,0,0.6000000238418579,-0.38999998569488525,0.10973345824050044,0.0017322884692975694,0.002732043671029398,0.7365241579518667,1.2677909390594861,-0.0005649933518823425,1.2683559324113685,0.0
766,15.32,idle,locomotion,0,0.6000000238418579,-0.38999998569488525,0.10973345824050044,0.001745018651084622,0.002740869153882022,0.736524745103664,1.2677921265687235,-0.0005649477338464243,1.26835707430257,0.0
767,15.34,idle,locomotion,0,0.6000000238418579,-0.38999998569488525,0.10973345824050044,0.0017576939041600446,0.002749720813128684,0.736525331161173,1.2677933133279722,-0.0005649002335379912,1.2683582135615101,0.0
768,15.36,idle,locomotion,0,0.6000000238418579,-0.38999998569488525,0.10973345824050044,0.001770313250991472,0.002758593424945208,0.7365259180218869,1.267794501115454,-0.0005648546144936678,1.2683593557299477,0.0
769,15.38,idle,locomotion,0,0.6000000238418579,-0.38999998569488525,0.10973345824050044,0.0017828786890001947,0.002767483323363675,0.736526506836167,1.2677956901474112,-0.0005648066583849413,1.2683604968057962,0.0
770,15.4,idle,locomotion,0,0.6000000238418579,-0.38999998569488525,0.10973345824050044,0.001795393755861083,0.0027763914072580537,0.73652709674384,1.2677968806026008,-0.0005647565600448677,1.2683616371626456,0.0
771,15.42,idle,locomotion,0,0.6000000238418579,-0.38999998569488525,0.10973345824050044,0.0018078586679357287,0.0027853162537323966,0.7365276875175872,1.267798072214261,-0.000564704934776044,1.2683627771490371,0.0
772,15.44,idle,locomotion,0,0.6000000238418579,-0.38999998569488525,0.10973345824050044,0.0018202706944679312,0.002794253825100502,0.7365282813295851,1.2677992669700264,-0.0005646562923063737,1.2683639232623327,0.0
773,15.46,idle,locomotion,0,0.6000000238418579,-0.38999998569488525,0.10973345824050044,0.0018326344762702386,0.0028031971441548364,0.7365288735382658,1.267800460302865,-0.0005645944293265516,1.2683650547321916,0.0
774,15.48,idle,locomotion,0,0.6000000238418579,-0.38999998569488525,0.10973345824050044,0.0018449573796247426,0.002812141847932538,0.7365294650426245,1.267801653149231,-0.0005645205394804974,1.2683661736887115,0.0
775,15.5,idle,locomotion,0,0.6000000238418579,-0.38999998569488525,0.10973345824050044,0.0018572411197271845,0.0028210852598717097,0.7365300561781714,1.267802846079945,-0.0005644389259547612,1.2683672850058998,0.0
776,15.52,idle,locomotion,0,0.6000000238418579,-0.38999998569488525,0.10973345824050044,0.0018694862480224757,0.0028300242284334917,0.7365306487684168,1.2678040407761286,-0.0005643531507409615,1.2683683939268695,0.0
777,15.54,idle,locomotion,0,0.6000000238418579,-0.38999998569488525,0.10973345824050044,0.0018816926216472392,0.0028389575459203723,0.7365312433795438,1.26780523752161,-0.0005642657145509301,1.268369503236161,0.0
778,15.56,idle,locomotion,0,0.6000000238418579,-0.38999998569488525,0.10973345824050044,0.001893860999984523,0.0028478860821825177,0.7365318399996473,1.2678064359406922,-0.0005641780395233865,1.2683706139802156,0.0
779,15.58,idle,locomotion,0,0.6000000238418579,-0.38999998569488525,0.10973345824050044,0.0019059943302733343,0.002856812067730688,0.7365324395918211,1.2678076370658675,-0.0005640904506405628,1.268371727516508,0.0
780,15.6,idle,locomotion,0,0.6000000238418579,-0.38999998569488525,0.10973345824050044,0.00191809365619103,0.0028657336848901395,0.7365330424473241,1.2678088414094353,-0.0005640030389046959,1.26837284444834,0.0
781,15.62,idle,locomotion,0,0.6000000238418579,-0.38999998569488525,0.10973345824050044,0.0019301605288733826,0.002874650798228499,0.7365336482463692,1.2678100484785486,-0.0005639161163195038,1.2683739645948682,0.0
782,15.64,idle,locomotion,0,0.6000000238418579,-0.38999998569488525,0.10973345824050044,0.001942197255318127,0.0028835640593825452,0.7365342580273743,1.2678112593378439,-0.0005638295174529434,1.268375088855297,0.0
783,15.66,idle,locomotion,0,0.6000000238418579,-0.38999998569488525,0.10973345824050044,0.001954205018168807,0.0028924746064753364,0.7365348733155519,1.2678124754081235,-0.0005637431832087973,1.2683762185913323,0.0
784,15.68,idle,locomotion,0,0.6000000238418579,-0.38999998569488525,0.10973345824050044,0.00196618215979973,0.0029013816733855268,0.7365354907142182,1.267813693349363,-0.0005636571333747301,1.2683773504827376,0.0
785,15.7,idle,locomotion,0,0.6000000238418579,-0.38999998569488525,0.10973345824050044,0.001978131916620401,0.0029102863121470736,0.7365361100700963,1.267814912971337,-0.0005635713211432879,1.2683784842924803,0.0
786,15.72,idle,locomotion,0,0.6000000238418579,-0.38999998569488525,0.10973345824050044,0.00199005736225175,0.002919190835608199,0.7365367309701125,1.2678161341813179,-0.0005634857093186584,1.2683796198906365,0.0
787,15.74,idle,locomotion,0,0.6000000238418579,-0.38999998569488525,0.10973345824050044,0.0020019588034854625,0.0029280969584886637,0.7365373537348492,1.267817357035431,-0.0005634005138578611,1.268380757549289,0.0
788,15.76,idle,locomotion,0,0.6000000238418579,-0.38999998569488525,0.10973345824050044,0.002013836188193765,0.002937004566343999,0.7365379787866982,1.2678185820457066,-0.0005633155063380982,1.2683818975520447,0.0
789,15.78,idle,locomotion,0,0.6000000238418579,-0.38999998569488525,0.10973345824050044,0.0020256907022922948,0.002945913267910408,0.7365386081461515,1.2678198112231494,-0.0005632304347602014,1.2683830416579096,0.0
790,15.8,idle,locomotion,0,0.6000000238418579,-0.38999998569488525,0.10973345824050044,0.0020375208084763433,0.0029548224048496366,0.7365392403260834,1.2678210430846737,-0.0005631456242722599,1.268384188708946,0.0
791,15.82,idle,locomotion,0,0.6000000238418579,-0.38999998569488525,0.10973345824050044,0.002049326980563203,0.0029637308790638212,0.7365398742864013,1.2678222764347122,-0.0005630612266515796,1.2683853376613639,0.0
792,15.84,idle,locomotion,0,0.6000000238418579,-0.38999998569488525,0.10973345824050044,0.0020611105114079625,0.002972639362899997,0.7365405104877863,1.2678235116015975,-0.0005629770615924005,1.26838648866319,0.0
793,15.86,idle,locomotion,0,0.6000000238418579,-0.38999998569488525,0.10973345824050044,0.0020728738148002327,0.002981550567616676,0.7365411499924477,1.267824749607643,-0.0005628930936882638,1.2683876427013312,0.0
794,15.88,idle,locomotion,0,0.6000000238418579,-0.38999998569488525,0.10973345824050044,0.0020846174236368253,0.0029904648896309565,0.7365417921632582,1.2678259901173476,-0.0005628090341252869,1.2683887991514728,0.0
795,15.9,idle,locomotion,0,0.6000000238418579,-0.38999998569488525,0.10973345824050044,0.002096338859086569,0.0029993784399751466,0.73654243374241,1.2678272299501216,-0.0005627250652122176,1.268389955015334,0.0
796,15.92,idle,locomotion,0,0.6000000238418579,-0.38999998569488525,0.10973345824050044,0.0021080397443676087,0.00300828795438275,0.7365430760427762,1.267828470129519,-0.0005626411642383894,1.2683911112937574,0.0
797,15.94,idle,locomotion,0,0.6000000238418579,-0.38999998569488525,0.10973345824050044,0.002119722435241752,0.0030171928777533944,0.7365437193620734,1.2678297110416523,-0.0005625574138697423,1.268392268455522,0.0
798,15.96,idle,locomotion,0,0.6000000238418579,-0.38999998569488525,0.10973345824050044,0.002131387518039741,0.0030260943105375696,0.7365443637455289,1.2678309525342857,-0.0005624739908092757,1.268393426525095,0.0
799,15.98,idle,locomotion,0,0.6000000238418579,-0.38999998569488525,0.10973345824050044,0.0021430347490626047,0.003034992079990624,0.7365450110598897,1.2678321964146733,-0.0005623903663293239,1.2683945867810027,0.0
800,16.0,idle,locomotion,0,0.6000000238418579,-0.38999998569488525,0.10973345824050044,0.002154665359495659,0.003043887267215111,0.7365456607303796,1.267833442259371,-0.0005623069884921859,1.268395749247863,0.0
801,16.02,idle,locomotion,0,0.6000000238418579,-0.38999998569488525,0.10973345824050044,0.0021662792842857778,0.0030527808119628387,0.7365463112050085,1.2678346886525966,-0.0005622238192969087,1.2683969124718935,0.0
802,16.04,idle,locomotion,0,0.6000000238418579,-0.38999998569488525,0.10973345824050044,0.0021778755289069496,0.0030616714452120636,0.736546961817061,1.2678359349028698,-0.0005621410508774537,1.2683980759537472,0.0
803,16.06,idle,locomotion,0,0.6000000238418579,-0.38999998569488525,0.10973345824050044,0.0021894542557582782,0.0030705582833718647,0.7365476143547581,1.2678371825124535,-0.0005620583640913654,1.2683992408765448,0.0
804,16.08,idle,locomotion,0,0.6000000238418579,-0.38999998569488525,0.10973345824050044,0.002201017090993694,0.0030794418078312013,0.7365482694521764,1.2678384321266871,-0.0005619758871946816,1.2684004080138818,0.0
805,16.1,idle,locomotion,0,0.6000000238418579,-0.38999998569488525,0.10973345824050044,0.002212566024606129,0.003088324840427113,0.7365489277312883,1.2678396843333453,-0.0005618937167268211,1.2684015780500721,0.0
806,16.12,idle,locomotion,0,0.6000000238418579,-0.38999998569488525,0.10973345824050044,0.002224098714910987,0.0030972071223065796,0.7365495864354569,1.2678409366427357,-0.0005618114597737145,1.2684027481025093,0.0
807,16.14,idle,locomotion,0,0.6000000238418579,-0.38999998569488525,0.10973345824050044,0.00223561523073648,0.003106088526180104,0.7365502464397188,1.267842189687049,-0.0005617293807143667,1.2684039190677634,0.0
808,16.16,idle,locomotion,0,0.6000000238418579,-0.38999998569488525,0.10973345824050044,0.0022471172590933287,0.0031149694323360346,0.7365509083012372,1.267843444356819,-0.0005616473284091143,1.268405091685228,0.0
809,16.18,idle,locomotion,0,0.6000000238418579,-0.38999998569488525,0.10973345824050044,0.0022586054775636105,0.003123850315979971,0.7365515720458813,1.2678447006462676,-0.0005615654916209627,1.2684062661378885,0.0
810,16.2,idle,locomotion,0,0.6000000238418579,-0.38999998569488525,0.10973345824050044,0.002270080301126466,0.0031327343772059204,0.7365522386669746,1.267845959315901,-0.0005614839829542126,1.2684074432988552,0.0
811,16.22,idle,locomotion,0,0.6000000238418579,-0.38999998569488525,0.10973345824050044,0.0022815397062848266,0.0031416202246589953,0.7365529060243832,1.2678472185636436,-0.0005614025148057804,1.2684086210784493,0.0
812,16.24,idle,locomotion,0,0.6000000238418579,-0.38999998569488525,0.10973345824050044,0.0022929848016769758,0.003150508744273705,0.7365535735669669,1.2678484777276557,-0.0005613214557723713,1.2684097991834282,0.0
813,16.26,idle,locomotion,0,0.6000000238418579,-0.38999998569488525,0.10973345824050044,0.002304415761472324,0.0031594010541551427,0.73655424291529,1.2678497384071143,-0.000561240585917909,1.2684109789930322,0.0
814,16.28,idle,locomotion,0,0.6000000238418579,-0.38999998569488525,0.10973345824050044,0.002315831215280395,0.0031682954782904856,0.7365549150857171,1.2678510015939035,-0.0005611597605657687,1.2684121613544692,0.0
815,16.3,idle,locomotion,0,0.6000000238418579,-0.38999998569488525,0.10973345824050044,0.0023272312170911735,0.0031771934626254133,0.7365555890991292,1.2678522661722287,-0.0005610792698382064,1.268413345442067,0.0
816,16.32,idle,locomotion,0,0.6000000238418579,-0.38999998569488525,0.10973345824050044,0.0023386158426494373,0.0031860956482234744,0.7365562643721644,1.2678535316480504,-0.0005609987784075954,1.268414530426458,0.0
817,16.34,idle,locomotion,0,0.6000000238418579,-0.38999998569488525,0.10973345824050044,0.0023499853214624567,0.003194998807396008,0.7365569409838073,1.2678547983769823,-0.000560918121617425,1.2684157164985999,0.0
818,16.36,idle,locomotion,0,0.6000000238418579,-0.38999998569488525,0.10973345824050044,0.0023613397730494357,0.0032039013690779807,0.7365576179588712,1.2678560652548312,-0.0005608378083450938,1.2684169030631762,0.0
819,16.38,idle,locomotion,0,0.6000000238418579,-0.38999998569488525,0.10973345824050044,0.0023726785556418576,0.0032128005782060113,0.7365582953401232,1.267857332206607,-0.0005607576184545743,1.2684180898250614,0.0
820,16.4,idle,locomotion,0,0.6000000238418579,-0.38999998569488525,0.10973345824050044,0.0023840046824513675,0.003221698418553735,0.7365589753953086,1.2678586015197424,-0.0005606796236964605,1.268419281143439,0.0
821,16.42,idle,locomotion,0,0.6000000238418579,-0.38999998569488525,0.10973345824050044,0.00239531659311187,0.003230596259999811,0.7365596572341889,1.2678598723746695,-0.0005606036994203409,1.2684204760740898,0.0
822,16.44,idle,locomotion,0,0.6000000238418579,-0.38999998569488525,0.10973345824050044,0.002406612488290695,0.003239493148084025,0.7365603392488576,1.2678611430477063,-0.0005605291811995421,1.268421672228906,0.0
823,16.46,idle,locomotion,0,0.6000000238418579,-0.38999998569488525,0.10973345824050044,0.002417893601349599,0.0032483887546950556,0.7365610222741888,1.2678624144577837,-0.0005604552955423697,1.268422869753326,0.0
824,16.48,idle,locomotion,0,0.6000000238418579,-0.38999998569488525,0.10973345824050044,0.0024291620122181903,0.0032572838466069457,0.7365617068975944,1.267863687371352,-0.0005603819283838754,1.268424069299736,0.0
825,16.5,idle,locomotion,0,0.6000000238418579,-0.38999998569488525,0.10973345824050044,0.002440418519543883,0.0032661793939314236,0.7365623922803674,1.2678649611268602,-0.000560308877626637,1.268425270004487,0.0
826,16.52,idle,locomotion,0,0.6000000238418579,-0.38999998569488525,0.10973345824050044,0.00245166209890366,0.0032750755756380296,0.7365630787988702,1.26786623592738,-0.0005602359805391734,1.2684264719079192,0.0
827,16.54,idle,locomotion,0,0.6000000238418579,-0.38999998569488525,0.10973345824050044,0.0024628911605520313,0.0032839712759208765,0.7365637655336462,1.2678675108067974,-0.000560163095089411,1.2684276739018867,0.0
828,16.56,idle,locomotion,0,0.6000000238418579,-0.38999998569488525,0.10973345824050044,0.0024741043503298857,0.0032928642395100723,0.7365644510828001,1.2678687842415697,-0.0005600903000475069,1.2684288745416172,0.0
829,16.58,idle,locomotion,0,0.6000000238418579,-0.38999998569488525,0.10973345824050044,0.002485302852234022,0.003301754336022348,0.7365651363104556,1.267870056940963,-0.0005600177885435667,1.2684300747295068,0.0
830,16.6,idle,locomotion,0,0.6000000238418579,-0.38999998569488525,0.10973345824050044,0.0024964871503773776,0.0033106396631289595,0.7365658211363958,1.2678713290107522,-0.0005599452872992218,1.2684312742980515,0.0
831,16.62,idle,locomotion,0,0.6000000238418579,-0.38999998569488525,0.10973345824050044,0.0025076573942093474,0.003319517176229359,0.7365665055830669,1.2678726004069236,-0.0005598727163829038,1.2684324731233065,0.0
832,16.64,idle,locomotion,0,0.6000000238418579,-0.38999998569488525,0.10973345824050044,0.002518813519311146,0.003328386452038127,0.7365671898038926,1.2678738710355801,-0.0005598003121311222,1.2684336713477113,0.0
833,16.66,idle,locomotion,0,0.6000000238418579,-0.38999998569488525,0.10973345824050044,0.002529955600668154,0.0033372487576498575,0.7365678733828616,1.267875140425005,-0.0005597282467113864,1.2684348686717164,0.0
834,16.68,idle,locomotion,0,0.6000000238418579,-0.38999998569488525,0.10973345824050044,0.002541084013985961,0.003346103227424874,0.7365685565703476,1.2678764090142176,-0.0005596561203510299,1.2684360651345687,0.0
835,16.7,idle,locomotion,0,0.6000000238418579,-0.38999998569488525,0.10973345824050044,0.002552199666120891,0.0033549492157542277,0.7365692386775066,1.2678776762445159,-0.0005595840111319757,1.2684372602556477,0.0
836,16.72,idle,locomotion,0,0.6000000238418579,-0.38999998569488525,0.10973345824050044,0.002563303460993161,0.0033637883401997555,0.7365699199654367,1.2678789422138887,-0.0005595121237264057,1.2684384543376153,0.0
837,16.74,idle,locomotion,0,0.6000000238418579,-0.38999998569488525,0.10973345824050044,0.0025743942963714636,0.003372619968112157,0.7365706003055258,1.2678802068300496,-0.0005594403604431211,1.2684396471904928,0.0
838,16.76,idle,locomotion,0,0.6000000238418579,-0.38999998569488525,0.10973345824050044,0.002585471512131677,0.003381441683772182,0.7365712794452776,1.2678814698858862,-0.000559368608430897,1.268440838494317,0.0
839,16.78,idle,locomotion,0,0.6000000238418579,-0.38999998569488525,0.10973345824050044,0.0025965373244394604,0.003390255919398955,0.73657195863545,1.2678827324919975,-0.0005592972622314243,1.268442029754229,0.0
840,16.8,idle,locomotion,0,0.6000000238418579,-0.38999998569488525,0.10973345824050044,0.002607592045079737,0.0033990658917323674,0.7365726386874941,1.2678839954983054,-0.0005592261365027461,1.2684432216348083,0.0
841,16.82,idle,locomotion,0,0.6000000238418579,-0.38999998569488525,0.10973345824050044,0.0026186328080364933,0.003407869424427049,0.7365733179342341,1.2678852574195352,-0.0005591548645572028,1.2684444122840923,0.0
842,16.84,idle,locomotion,0,0.6000000238418579,-0.38999998569488525,0.10973345824050044,0.002629658039168897,0.0034166632388357328,0.7365739944586532,1.2678865162017177,-0.0005590837262884965,1.2684455999280062,0.0
843,16.86,idle,locomotion,0,0.6000000238418579,-0.38999998569488525,0.10973345824050044,0.0026406693944771493,0.003425447687190477,0.7365746699403003,1.2678877732379903,-0.0005590128242126263,1.2684467860622028,0.0
844,16.88,idle,locomotion,0,0.6000000238418579,-0.38999998569488525,0.10973345824050044,0.00265166738578129,0.003434221418863252,0.7365753445081119,1.2678890288487144,-0.0005589420519232606,1.2684479709006375,0.0
845,16.9,idle,locomotion,0,0.6000000238418579,-0.38999998569488525,0.10973345824050044,0.002662652947133381,0.003442985782775065,0.7365760188586875,1.2678902834801788,-0.0005588715094663466,1.2684491549896453,0.0
846,16.92,idle,locomotion,0,0.6000000238418579,-0.38999998569488525,0.10973345824050044,0.0026736259959061204,0.0034517422433910172,0.7365766928814217,1.2678915371643227,-0.0005588009909333856,1.268450338155256,0.0
847,16.94,idle,locomotion,0,0.6000000238418579,-0.38999998569488525,0.10973345824050044,0.0026845900979371173,0.0034604943536731235,0.7365773686399546,1.267892792119633,-0.0005587309482607272,1.2684515230678937,0.0
848,16.96,idle,locomotion,0,0.6000000238418579,-0.38999998569488525,0.10973345824050044,0.0026955433445662045,0.0034692412555923213,0.7365780447795088,1.2678940474285616,-0.0005586607128746264,1.2684527081414363,0.0
849,16.98,idle,locomotion,0,0.6000000238418579,-0.38999998569488525,0.10973345824050044,0.002706484797501267,0.003477982209606777,0.7365787198771434,1.2678953014871193,-0.0005585906417068867,1.2684538921288262,0.0
850,17.0,idle,locomotion,0,0.6000000238418579,-0.38999998569488525,0.10973345824050044,0.002717414999247802,0.0034867194243137583,0.7365793940882567,1.2678965543958811,-0.0005585209116532146,1.2684550753075343,0.0
851,17.02,idle,locomotion,0,0.6000000238418579,-0.38999998569488525,0.10973345824050044,0.0027283325958666923,0.0034954540508647484,0.7365800682137359,1.267897806766535,-0.0005584512647657212,1.2684562580313006,0.0
852,17.04,idle,locomotion,0,0.6000000238418579,-0.38999998569488525,0.10973345824050044,0.0027392364836898867,0.003504186141089309,0.7365807415494053,1.2678990579426581,-0.0005583818867385196,1.2684574398293966,0.0
853,17.06,idle,locomotion,0,0.6000000238418579,-0.38999998569488525,0.10973345824050044,0.0027501245608639955,0.003512912784572217,0.7365814135900246,1.2679003074283632,-0.0005583125101468155,1.26845861993851,0.0
854,17.08,idle,locomotion,0,0.6000000238418579,-0.38999998569488525,0.10973345824050044,0.0027609966842016683,0.0035216336547834173,0.7365820836966284,1.267901554341914,-0.0005582434056081997,1.2684597977475223,0.0
855,17.1,idle,locomotion,0,0.6000000238418579,-0.38999998569488525,0.10973345824050044,0.0027718524832558667,0.0035303501703646462,0.7365827514804363,1.267902798000651,-0.000558174700170621,1.2684609727008216,0.0
856,17.12,idle,locomotion,0,0.6000000238418579,-0.38999998569488525,0.10973345824050044,0.002782693515626476,0.003539061932185639,0.7365834189913918,1.2679040405860669,-0.0005581060225753748,1.2684621466086423,0.0
857,17.14,idle,locomotion,0,0.6000000238418579,-0.38999998569488525,0.10973345824050044,0.0027935227826594027,0.00354776894241331,0.7365840868120296,1.2679052831643474,-0.0005580371956148376,1.2684633203599622,0.0
858,17.16,idle,locomotion,0,0.6000000238418579,-0.38999998569488525,0.10973345824050044,0.0028043389392391383,0.00355646978970824,0.7365847521931465,1.267906523056893,-0.0005579683773167948,1.2684644914342098,0.0
859,17.18,idle,locomotion,0,0.6000000238418579,-0.38999998569488525,0.10973345824050044,0.0028151428777043346,0.0035651650337487155,0.7365854161104318,1.2679077609390845,-0.0005578998671338514,1.2684656608062184,0.0
860,17.2,idle,locomotion,0,0.6000000238418579,-0.38999998569488525,0.10973345824050044,0.002825934835778868,0.0035738525885538755,0.7365860791916522,1.267908997752942,-0.0005578313200437293,1.268466829072986,0.0
861,17.22,idle,locomotion,0,0.6000000238418579,-0.38999998569488525,0.10973345824050044,0.0028367152087317832,0.003582534194868409,0.7365867424212211,1.2679102341107047,-0.0005577632447840743,1.2684679973554889,0.0
862,17.24,idle,locomotion,0,0.6000000238418579,-0.38999998569488525,0.10973345824050044,0.0028474815277327306,0.0035912091785179094,0.7365874042923619,1.2679114686519286,-0.0005576950871734251,1.2684691637391021,0.0
863,17.26,idle,locomotion,0,0.6000000238418579,-0.38999998569488525,0.10973345824050044,0.002858233557364814,0.0035998749180014503,0.7365880644689135,1.2679127009791817,-0.0005576269951453952,1.2684703279743272,0.0
864,17.28,idle,locomotion,0,0.6000000238418579,-0.38999998569488525,0.10973345824050044,0.0028689729669135757,0.00360853359048018,0.7365887240714869,1.2679139321265427,-0.0005575590943645813,1.2684714912209072,0.0
865,17.3,idle,locomotion,0,0.6000000238418579,-0.38999998569488525,0.10973345824050044,0.0028796982958132667,0.003617185255438094,0.7365893824372692,1.2679151614771595,-0.0005574912932705088,1.26847265277043,0.0
866,17.32,idle,locomotion,0,0.6000000238418579,-0.38999998569488525,0.10973345824050044,0.0028904076507076516,0.0036258277566801746,0.7365900376026138,1.2679163870547359,-0.0005574237241955,1.2684738107789313,0.0
867,17.34,idle,locomotion,0,0.6000000238418579,-0.38999998569488525,0.10973345824050044,0.0029011026507047076,0.0036344610122305996,0.7365906900742033,1.267917609217992,-0.0005573564682456282,1.2684749656862377,0.0
868,17.36,idle,locomotion,0,0.6000000238418579,-0.38999998569488525,0.10973345824050044,0.002911787181294368,0.003643086854195866,0.7365913423641478,1.267918830645462,-0.0005572892946272071,1.2684761199400894,0.0
869,17.38,idle,locomotion,0,0.6000000238418579,-0.38999998569488525,0.10973345824050044,0.0029224624669286366,0.0036517064928740777,0.7365919952702829,1.2679200524540524,-0.0005572221675830477,1.2684772746216355,0.0
870,17.4,idle,locomotion,0,0.6000000238418579,-0.38999998569488525,0.10973345824050044,0.0029331224062761627,0.003660317053146766,0.7365926451746263,1.2679212709100944,-0.0005571550090739084,1.2684784259191684,0.0
871,17.42,idle,locomotion,0,0.6000000238418579,-0.38999998569488525,0.10973345824050044,0.0029437685386215435,0.0036689190645025392,0.7365932943732075,1.2679224878253597,-0.0005570880945848962,1.2684795759199445,0.0
872,17.44,idle,locomotion,0,0.6000000238418579,-0.38999998569488525,0.10973345824050044,0.0029544034615072603,0.0036775152200244103,0.7365939443690293,1.267923705054472,-0.0005570214714661036,1.2684807265259381,0.0
873,17.46,idle,locomotion,0,0.6000000238418579,-0.38999998569488525,0.10973345824050044,0.0029650244520327573,0.0036861051385672135,0.736594593402499,1.2679249208207566,-0.0005569549507736561,1.2684818757715302,0.0
874,17.48,idle,locomotion,0,0.6000000238418579,-0.38999998569488525,0.10973345824050044,0.002975631518286101,0.0036946902895398357,0.7365952426164424,1.2679261360110479,-0.0005568886727186223,1.2684830246837664,0.0
875,17.5,idle,locomotion,0,0.6000000238418579,-0.38999998569488525,0.10973345824050044,0.002986223104869267,0.0037032700678897895,0.7365958903160971,1.2679273490987313,-0.0005568224970805141,1.2684841715958117,0.0
876,17.52,idle,locomotion,0,0.6000000238418579,-0.38999998569488525,0.10973345824050044,0.002996798198994475,0.0037118408821060823,0.7365965351434183,1.2679285586466325,-0.0005567563274200965,1.2684853149740525,0.0
877,17.54,idle,locomotion,0,0.6000000238418579,-0.38999998569488525,0.10973345824050044,0.0030073589214410197,0.00372040123162468,0.7365971769612468,1.2679297645813001,-0.0005566903435481434,1.2684864549248482,0.0
878,17.56,idle,locomotion,0,0.6000000238418579,-0.38999998569488525,0.10973345824050044,0.003017906901179813,0.003728950820235935,0.7365978172943826,1.2679309683251685,-0.0005566245302682307,1.2684875928554367,0.0
879,17.58,idle,locomotion,0,0.6000000238418579,-0.38999998569488525,0.10973345824050044,0.003028443735321712,0.0037374901335212435,0.7365984565547016,1.2679321704803965,-0.0005565588317582443,1.2684887293121547,0.0
880,17.6,idle,locomotion,0,0.6000000238418579,-0.38999998569488525,0.10973345824050044,0.003038968818795433,0.0037460186860920077,0.7365990943954654,1.2679333707856077,-0.0005564930455488823,1.2684898638311566,0.0
881,17.62,idle,locomotion,0,0.6000000238418579,-0.38999998569488525,0.10973345824050044,0.00304948197976774,0.0037545388282094047,0.7365997320874978,1.2679345702026266,-0.0005564275326773518,1.2684909977353038,0.0
882,17.64,idle,locomotion,0,0.6000000238418579,-0.38999998569488525,0.10973345824050044,0.0030599820089510523,0.0037630533564821187,0.7366003686486453,1.2679357677457415,-0.0005563621524324776,1.268492129898174,0.0
883,17.66,idle,locomotion,0,0.6000000238418579,-0.38999998569488525,0.10973345824050044,0.0030704684751143457,0.003771562998891494,0.7366010039573235,1.267936963332994,-0.0005562969781085988,1.2684932603111025,0.0
884,17.68,idle,locomotion,0,0.6000000238418579,-0.38999998569488525,0.10973345824050044,0.003080939481408163,0.0037800647892760933,0.7366016360725867,1.2679381552485376,-0.0005562318901160962,1.2684943871386536,0.0
885,17.7,idle,locomotion,0,0.6000000238418579,-0.38999998569488525,0.10973345824050044,0.0030913964291752376,0.0037885570268747113,0.7366022662366268,1.2679393445296843,-0.000556167050167887,1.2684955115798522,0.0
886,17.72,idle,locomotion,0,0.6000000238418579,-0.38999998569488525,0.10973345824050044,0.0031018411485452427,0.0037970396839226987,0.736602895812212,1.2679405326500577,-0.000556102356026756,1.2684966350060844,0.0
887,17.74,idle,locomotion,0,0.6000000238418579,-0.38999998569488525,0.10973345824050044,0.0031122739126488836,0.003805514120845223,0.7366035247158151,1.267941719368424,-0.0005560379059354088,1.2684977572743594,0.0
888,17.76,idle,locomotion,0,0.6000000238418579,-0.38999998569488525,0.10973345824050044,0.0031226940428946423,0.003813979986466458,0.7366041528263171,1.267942904650622,-0.0005559732744737159,1.2684988779250959,0.0
889,17.78,idle,locomotion,0,0.6000000238418579,-0.38999998569488525,0.10973345824050044,0.003133101710322163,0.003822437709287438,0.7366047801365639,1.2679440884774356,-0.0005559088947750847,1.2684999973722106,0.0
890,17.8,idle,locomotion,0,0.6000000238418579,-0.38999998569488525,0.10973345824050044,0.003143496332760162,0.0038308875487248037,0.7366054058470464,1.2679452700725167,-0.0005558445659879577,1.2685011146385046,0.0
891,17.82,idle,locomotion,0,0.6000000238418579,-0.38999998569488525,0.10973345824050044,0.0031538795057736526,0.0038393312603278895,0.736606029907781,1.2679464494201502,-0.0005557806238809873,1.2685022300440312,0.0
892,17.84,idle,locomotion,0,0.6000000238418579,-0.38999998569488525,0.10973345824050044,0.0031642511816685364,0.003847769421784536,0.736606652151298,1.2679476265918794,-0.000555716756823952,1.2685033433487034,0.0
893,17.86,idle,locomotion,0,0.6000000238418579,-0.38999998569488525,0.10973345824050044,0.003174610050792547,0.00385620137122919,0.7366072737438875,1.2679488025410384,-0.0005556530380241113,1.2685044555790626,0.0
894,17.88,idle,locomotion,0,0.6000000238418579,-0.38999998569488525,0.10973345824050044,0.0031849541177418066,0.0038646258239869126,0.7366078938463527,1.267949976408273,-0.0005555893343761782,1.2685055657426492,0.0
895,17.9,idle,locomotion,0,0.6000000238418579,-0.38999998569488525,0.10973345824050044,0.0031952835959295385,0.00387304107053394,0.7366085126758899,1.2679511483254304,-0.0005555256837524412,1.2685066740091828,0.0
896,17.92,idle,locomotion,0,0.6000000238418579,-0.38999998569488525,0.10973345824050044,0.0032056005152864735,0.0038814478067548874,0.7366091307188933,1.2679523188224717,-0.0005554621977322607,1.268507781020204,0.0
897,17.94,idle,locomotion,0,0.6000000238418579,-0.38999998569488525,0.10973345824050044,0.003215904842103699,0.003889847478327873,0.7366097478591334,1.2679534877074494,-0.0005553990829708019,1.2685088867904202,0.0
898,17.96,idle,locomotion,0,0.6000000238418579,-0.38999998569488525,0.10973345824050044,0.0032261969880964495,0.0038982418107544343,0.7366103652371756,1.267954656135906,-0.0005553361226074971,1.2685099922585135,0.0
899,17.98,idle,locomotion,0,0.6000000238418579,-0.38999998569488525,0.10973345824050044,0.0032364755314403353,0.0039066294256024205,0.7366109804937792,1.2679558220436282,-0.0005552731344024599,1.2685110951780307,0.0
900,18.0,idle,locomotion,0,0.6000000238418579,-0.38999998569488525,0.10973345824050044,0.0032467411800682173,0.003915010763098054,0.7366115942423493,1.267956985746577,-0.0005552103354480344,1.268512196082025,0.0
901,18.02,idle,locomotion,0,0.6000000238418579,-0.38999998569488525,0.10973345824050044,0.0032569937828732277,0.003923387297203014,0.736612206257772,1.267958147091138,-0.0005551478084301099,1.268513294899568,0.0
902,18.04,idle,locomotion,0,0.6000000238418579,-0.38999998569488525,0.10973345824050044,0.0032672319319057824,0.003931756686915769,0.7366128160793151,1.2679593056018328,-0.0005550851978774127,1.2685143907997103,0.0
903,18.06,idle,locomotion,0,0.6000000238418579,-0.38999998569488525,0.10973345824050044,0.0032774562621764977,0.0039401168134823765,0.7366134240771448,1.2679604616671787,-0.0005550226913224911,1.2685154843585011,0.0
904,18.08,idle,locomotion,0,0.6000000238418579,-0.38999998569488525,0.10973345824050044,0.003287669514975173,0.003948469507310632,0.7366140323240362,1.267961617283574,-0.0005549604742627542,1.2685165777578367,0.0
905,18.1,idle,locomotion,0,0.6000000238418579,-0.38999998569488525,0.10973345824050044,0.003297870579643942,0.003956816185558082,0.7366146395313445,1.2679627713238393,-0.0005548983784971623,1.2685176697023364,0.0
906,18.12,idle,locomotion,0,0.6000000238418579,-0.38999998569488525,0.10973345824050044,0.0033080590058224345,0.003965158126367495,0.7366152452988766,1.2679639233006466,-0.0005548364358557399,1.2685187597365022,0.0
907,18.14,idle,locomotion,0,0.6000000238418579,-0.38999998569488525,0.10973345824050044,0.00331823556410096,0.003973496276493594,0.7366158508684238,1.267965074560924,-0.0005547745161507134,1.2685198490770748,0.0
908,18.16,idle,locomotion,0,0.6000000238418579,-0.38999998569488525,0.10973345824050044,0.0033283984545040774,0.003981828119130492,0.7366164545797768,1.2679662236196174,-0.0005547127803753396,1.2685209363999927,0.0
909,18.18,idle,locomotion,0,0.6000000238418579,-0.38999998569488525,0.10973345824050044,0.0033385480269968785,0.003990152338443721,0.736617056055454,1.2679673700024034,-0.0005546513080041532,1.2685220213104076,0.0
910,18.2,idle,locomotion,0,0.6000000238418579,-0.38999998569488525,0.10973345824050044,0.0033486851205263048,0.003998469972971929,0.7366176568576592,1.2679685151014153,-0.0005545900114848068,1.2685231051129,0.0
911,18.22,idle,locomotion,0,0.6000000238418579,-0.38999998569488525,0.10973345824050044,0.0033588087153531847,0.004006782087599463,0.736618257640095,1.2679696594782541,-0.0005545294884351619,1.2685241889666894,0.0
912,18.24,idle,locomotion,0,0.6000000238418579,-0.38999998569488525,0.10973345824050044,0.0033689177128640537,0.004015088543208382,0.7366188575123254,1.2679708024225658,-0.0005544705649947537,1.2685252729875605,0.0
913,18.26,idle,locomotion,0,0.6000000238418579,-0.38999998569488525,0.10973345824050044,0.003379010883734166,0.00402338896942878,0.7366194550785821,1.2679719424233296,-0.0005544128339520331,1.2685263552572816,0.0
914,18.28,idle,locomotion,0,0.6000000238418579,-0.38999998569488525,0.10973345824050044,0.0033890887974262593,0.004031683422319506,0.7366200506576015,1.2679730796887276,-0.0005543559205106879,1.2685274356092384,0.0
915,18.3,idle,locomotion,0,0.6000000238418579,-0.38999998569488525,0.10973345824050044,0.0033991526684136126,0.004039969870707071,0.7366206451739479,1.2679742152777975,-0.0005542992981519418,1.2685285145759495,0.0
916,18.32,idle,locomotion,0,0.6000000238418579,-0.38999998569488525,0.10973345824050044,0.0034092043278205228,0.004048248880939629,0.7366212395915395,1.2679753499862858,-0.000554243016052329,1.2685295930023381,0.0
917,18.34,idle,locomotion,0,0.6000000238418579,-0.38999998569488525,0.10973345824050044,0.00341924425685056,0.004056520271942818,0.7366218329690191,1.2679764829928344,-0.0005541867316551721,1.2685306697244896,0.0
918,18.36,idle,locomotion,0,0.6000000238418579,-0.38999998569488525,0.10973345824050044,0.003429273751346301,0.004064783990952694,0.7366224250597225,1.2679776141263377,-0.0005541306686447749,1.2685317447949824,0.0
919,18.38,idle,locomotion,0,0.6000000238418579,-0.38999998569488525,0.10973345824050044,0.0034392938237835283,0.004073042525857629,0.7366230145884675,1.2679787422747277,-0.0005540748223643414,1.268532817097092,0.0
920,18.4,idle,locomotion,0,0.6000000238418579,-0.38999998569488525,0.10973345824050044,0.003449303851418832,0.0040812962809190214,0.7366236020226992,1.2679798678275565,-0.0005540189036954933,1.268533886731252,0.0
921,18.42,idle,locomotion,0,0.6000000238418579,-0.38999998569488525,0.10973345824050044,0.0034593032491373613,0.004089544881436507,0.7366241876346264,1.2679809911086193,-0.0005539632063860551,1.2685349543150053,0.0
922,18.44,idle,locomotion,0,0.6000000238418579,-0.38999998569488525,0.10973345824050044,0.003469291142151068,0.004097785481339762,0.7366247711521566,1.2679821119189842,-0.0005539073864389149,1.2685360193054231,0.0
923,18.46,idle,locomotion,0,0.6000000238418579,-0.38999998569488525,0.10973345824050044,0.003479269139905021,0.004106017027121982,0.7366253543871341,1.2679832319399789,-0.0005538518927765308,1.2685370838327554,0.0
924,18.48,idle,locomotion,0,0.6000000238418579,-0.38999998569488525,0.10973345824050044,0.003489238554545633,0.004114242219339455,0.7366259375738428,1.267984351382535,-0.0005537968292931295,1.268538148211828,0.0
925,18.5,idle,locomotion,0,0.6000000238418579,-0.38999998569488525,0.10973345824050044,0.0034991973777054527,0.004122460152332603,0.7366265189149147,1.2679854685109506,-0.0005537416202703697,1.268539210131221,0.0
926,18.52,idle,locomotion,0,0.6000000238418579,-0.38999998569488525,0.10973345824050044,0.003509145387283859,0.00413066905936083,0.736627097888161,1.2679865828230052,-0.0005536865688469811,1.2685402693918522,0.0
927,18.54,idle,locomotion,0,0.6000000238418579,-0.38999998569488525,0.10973345824050044,0.0035190829103681777,0.004138868858714444,0.7366276752974082,1.2679876950437166,-0.0005536315149385039,1.2685413265586551,0.0
928,18.56,idle,locomotion,0,0.6000000238418579,-0.38999998569488525,0.10973345824050044,0.0035290101015788395,0.00414706018702594,0.7366282532104451,1.2679888070092473,-0.0005535764147707525,1.2685423834240181,0.0
929,18.58,idle,locomotion,0,0.6000000238418579,-0.38999998569488525,0.10973345824050044,0.003538926585798409,0.004155242978723231,0.7366288298211339,1.2679899171436064,-0.0005535214559683546,1.2685434385995749,0.0
930,18.6,idle,locomotion,0,0.6000000238418579,-0.38999998569488525,0.10973345824050044,0.003548833224600524,0.004163419050106678,0.7366294046395189,1.2679910248479835,-0.0005534668945714367,1.268544491742555,0.0
931,18.62,idle,locomotion,0,0.6000000238418579,-0.38999998569488525,0.10973345824050044,0.0035587300555145938,0.00417158908180797,0.7366299785022935,1.2679921310850726,-0.0005534125085167561,1.2685455435935893,0.0
932,18.64,idle,locomotion,0,0.6000000238418579,-0.38999998569488525,0.10973345824050044,0.0035686172585267816,0.0041797544181461956,0.7366305505550302,1.2679932350157956,-0.0005533585471396603,1.2685465935629352,0.0
933,18.66,idle,locomotion,0,0.6000000238418579,-0.38999998569488525,0.10973345824050044,0.0035784934619129422,0.0041879157668313445,0.7366311205304293,1.2679943362101644,-0.0005533045409251702,1.2685476407510896,0.0
934,18.68,idle,locomotion,0,0.6000000238418579,-0.38999998569488525,0.10973345824050044,0.00358835863806697,0.0041960725187474915,0.7366316901486792,1.2679954363648644,-0.0005532506455638402,1.2685486870104283,0.0
935,18.7,idle,locomotion,0,0.6000000238418579,-0.38999998569488525,0.10973345824050044,0.003598213253489648,0.0042042239419091115,0.7366322586361687,1.2679965350071087,-0.0005531967629764656,1.2685497317700851,0.0
936,18.72,idle,locomotion,0,0.6000000238418579,-0.38999998569488525,0.10973345824050044,0.003608057410950702,0.004212368752853212,0.7366328260066609,1.2679976320551538,-0.0005531428921752637,1.268550774947329,0.0
937,18.74,idle,locomotion,0,0.6000000238418579,-0.38999998569488525,0.10973345824050044,0.0036178908584080034,0.004220508580200626,0.7366333921024658,1.267998727142323,-0.0005530893710952028,1.2685518165134182,0.0
938,18.76,idle,locomotion,0,0.6000000238418579,-0.38999998569488525,0.10973345824050044,0.0036277134017415713,0.00422864218591031,0.7366339566884048,1.2679998201751643,-0.0005530358645611973,1.2685528560397255,0.0
939,18.78,idle,locomotion,0,0.6000000238418579,-0.38999998569488525,0.10973345824050044,0.003637525984879895,0.004236768814965155,0.7366345204212539,1.2680009118357727,-0.000552982547812407,1.268553894383585,0.0
940,18.8,idle,locomotion,0,0.6000000238418579,-0.38999998569488525,0.10973345824050044,0.003647328765535435,0.004244889626764715,0.7366350832613024,1.26800200194565,-0.0005529295012920328,1.268554931446942,0.0
941,18.82,idle,locomotion,0,0.6000000238418579,-0.38999998569488525,0.10973345824050044,0.0036571223891707087,0.004253006501021774,0.7366356457931725,1.2680030910342794,-0.0005528767233006666,1.2685559677575802,0.0
942,18.84,idle,locomotion,0,0.6000000238418579,-0.38999998569488525,0.10973345824050044,0.0036669051038231066,0.004261115507122185,0.7366362064145083,1.2680041778521427,-0.0005528236466618049,1.2685570014988046,0.0
943,18.86,idle,locomotion,0,0.6000000238418579,-0.38999998569488525,0.10973345824050044,0.0036766781143304046,0.004269214856741742,0.7366367655072762,1.2680052625791682,-0.0005527708408590674,1.2685580334200273,0.0
944,18.88,idle,locomotion,0,0.6000000238418579,-0.38999998569488525,0.10973345824050044,0.00368644257750265,0.004277305831068007,0.7366373245276765,1.2680063466130713,-0.000552717948924232,1.2685590645619955,0.0
945,18.9,idle,locomotion,0,0.6000000238418579,-0.38999998569488525,0.10973345824050044,0.0036961980791406146,0.004285389689101419,0.7366378821723641,1.2680074285828158,-0.000552665373139867,1.2685600939559556,0.0
946,18.92,idle,locomotion,0,0.6000000238418579,-0.38999998569488525,0.10973345824050044,0.0037059437648418567,0.00429346730928873,0.7366384382895778,1.2680085082271155,-0.0005526127984548934,1.2685611210255705,0.0
947,18.94,idle,locomotion,0,0.6000000238418579,-0.38999998569488525,0.10973345824050044,0.003715679459749536,0.004301536750171166,0.7366389934367321,1.268009586355902,-0.000552560095664751,1.2685621464515668,0.0
948,18.96,idle,locomotion,0,0.6000000238418579,-0.38999998569488525,0.10973345824050044,0.0037254058134334926,0.004309597250804146,0.7366395461530673,1.2680106616409843,-0.0005525077234099195,1.2685631693643942,0.0
949,18.98,idle,locomotion,0,0.6000000238418579,-0.38999998569488525,0.10973345824050044,0.0037351227256330506,0.0043176478292423805,0.7366400967018252,1.268011734189995,-0.0005524554203264961,1.2685641896103215,0.0
950,19.0,idle,locomotion,0,0.6000000238418579,-0.38999998569488525,0.10973345824050044,0.003744831184690869,0.004325691171118089,0.7366406469957305,1.2680128056922841,-0.0005524035076373453,1.2685652091999216,0.0
951,19.02,idle,locomotion,0,0.6000000238418579,-0.38999998569488525,0.10973345824050044,0.003754530743268767,0.004333729195043424,0.7366411970300605,1.2680138762466828,-0.0005523517454929343,1.2685662279921757,0.0
952,19.04,idle,locomotion,0,0.6000000238418579,-0.38999998569488525,0.10973345824050044,0.0037642202878001934,0.00434176001081023,0.7366417449626852,1.2680149442187836,-0.0005523000185194901,1.268567244237303,0.0
953,19.06,idle,locomotion,0,0.6000000238418579,-0.38999998569488525,0.10973345824050044,0.00377389980631637,0.004349783164402631,0.7366422901212542,1.2680160087516619,-0.0005522483616948459,1.2685682571133567,0.0
954,19.08,idle,locomotion,0,0.6000000238418579,-0.38999998569488525,0.10973345824050044,0.003783569294164146,0.004357797664932327,0.7366428336548331,1.2680170709235559,-0.0005521967496624619,1.2685692676732183,0.0
955,19.1,idle,locomotion,0,0.6000000238418579,-0.38999998569488525,0.10973345824050044,0.003793229728407107,0.0043658026730461425,0.7366433770248157,1.2680181322094435,-0.0005521453392518007,1.2685702775486953,0.0
956,19.12,idle,locomotion,0,0.6000000238418579,-0.38999998569488525,0.10973345824050044,0.0038028817737507047,0.004373798931040604,0.7366439196925689,1.268019192127604,-0.0005520941122025766,1.2685712862398066,0.0
957,19.14,idle,locomotion,0,0.6000000238418579,-0.38999998569488525,0.10973345824050044,0.003812525950450927,0.004381788411787523,0.7366444625073296,1.2680202514215895,-0.0005520429859701727,1.2685722944075597,0.0
958,19.16,idle,locomotion,0,0.6000000238418579,-0.38999998569488525,0.10973345824050044,0.0038221613882152942,0.00438977346831017,0.7366450051809202,1.268021309833414,-0.0005519920141148424,1.268573301847529,0.0
959,19.18,idle,locomotion,0,0.6000000238418579,-0.38999998569488525,0.10973345824050044,0.0038317869286301773,0.004397751989391957,0.7366455459633835,1.2680223658932732,-0.0005519409845539565,1.2685743068778272,0.0
960,19.2,idle,locomotion,0,0.6000000238418579,-0.38999998569488525,0.10973345824050044,0.003841402896767909,0.0044057212321576035,0.7366460843507406,1.2680234191086306,-0.0005518900579907608,1.2685753091666214,0.0
961,19.22,idle,locomotion,0,0.6000000238418579,-0.38999998569488525,0.10973345824050044,0.0038510102998418295,0.004413681593835565,0.736646621705364,1.2680244706293635,-0.0005518394284549331,1.2685763100578185,0.0
962,19.24,idle,locomotion,0,0.6000000238418579,-0.38999998569488525,0.10973345824050044,0.0038606095956886526,0.004421633734584996,0.7366471572399843,1.2680255197879369,-0.0005517888444019833,1.2685773086323389,0.0
963,19.26,idle,locomotion,0,0.6000000238418579,-0.38999998569488525,0.10973345824050044,0.003870200501572546,0.004429578410547933,0.7366476917414269,1.2680265672213111,-0.0005517383996553916,1.2685783056209665,0.0
964,19.28,idle,locomotion,0,0.6000000238418579,-0.38999998569488525,0.10973345824050044,0.003879782077710268,0.004437515099666763,0.736648226272765,1.2680276140265359,-0.0005516878254109014,1.2685793018519467,0.0
965,19.3,idle,locomotion,0,0.6000000238418579,-0.38999998569488525,0.10973345824050044,0.0038893551528222698,0.004445444010625415,0.7366487595960058,1.2680286591182883,-0.0005516374370025494,1.2685802965552908,0.0
966,19.32,idle,locomotion,0,0.6000000238418579,-0.38999998569488525,0.10973345824050044,0.0038989205278828947,0.004453367272329195,0.7366492918613681,1.26802970257475,-0.000551587414940026,1.26858128998969,0.0
967,19.34,idle,locomotion,0,0.6000000238418579,-0.38999998569488525,0.10973345824050044,0.003908476986992434,0.004461285457941313,0.7366498236892449,1.2680307449174877,-0.000551537528152863,1.2685822824456405,0.0
968,19.36,idle,locomotion,0,0.6000000238418579,-0.38999998569488525,0.10973345824050044,0.003918023741332728,0.004469199623460109,0.7366503549241799,1.2680317859302799,-0.0005514878732435224,1.2685832738035234,0.0
969,19.38,idle,locomotion,0,0.6000000238418579,-0.38999998569488525,0.10973345824050044,0.0039275609841494296,0.004477108561671248,0.736650884708573,1.2680328249746053,-0.0005514381219042415,1.2685842630965096,0.0
970,19.4,idle,locomotion,0,0.6000000238418579,-0.38999998569488525,0.10973345824050044,0.0039370892743842405,0.004485010177799695,0.7366514128941778,1.2680338619197091,-0.0005513883969592258,1.2685852503166684,0.0
971,19.42,idle,locomotion,0,0.6000000238418579,-0.38999998569488525,0.10973345824050044,0.003946609335912775,0.004492905984839591,0.736651939673524,1.2680348967940658,-0.0005513390761399117,1.2685862358702056,0.0
972,19.44,idle,locomotion,0,0.6000000238418579,-0.38999998569488525,0.10973345824050044,0.003956121457765584,0.0045007969224321485,0.7366524655685869,1.268035930183109,-0.0005512898780944478,1.2685872200612034,0.0
973,19.46,idle,locomotion,0,0.6000000238418579,-0.38999998569488525,0.10973345824050044,0.003965625397114274,0.004508683890278814,0.7366529911135969,1.2680369626074706,-0.0005512408203084268,1.268588203427779,0.0
974,19.48,idle,locomotion,0,0.6000000238418579,-0.38999998569488525,0.10973345824050044,0.003975119427799703,0.0045165645301144105,0.7366535144543558,1.2680379923856413,-0.0005511916781318939,1.2685891840637733,0.0
975,19.5,idle,locomotion,0,0.6000000238418579,-0.38999998569488525,0.10973345824050044,0.003984604259033937,0.004524439049470291,0.736654035997333,1.2680390197005853,-0.0005511429176323322,1.2685901626182177,0.0
976,19.52,idle,locomotion,0,0.6000000238418579,-0.38999998569488525,0.10973345824050044,0.003994079576751674,0.00453230806716959,0.7366545560881647,1.2680400449106246,-0.0005510942365631703,1.2685911391471878,0.0
977,19.54,idle,locomotion,0,0.6000000238418579,-0.38999998569488525,0.10973345824050044,0.004003546558116434,0.004540171598537317,0.736655076084275,1.2680410693485225,-0.0005510456242389002,1.2685921149727613,0.0
978,19.56,idle,locomotion,0,0.6000000238418579,-0.38999998569488525,0.10973345824050044,0.004013004715254239,0.004548029046963746,0.7366555960022321,1.2680420931413483,-0.0005509969419380742,1.2685930900832865,0.0
979,19.58,idle,locomotion,0,0.6000000238418579,-0.38999998569488525,0.10973345824050044,0.004022453098978676,0.004555877710924135,0.7366561141381452,1.2680431146443103,-0.0005509481577721173,1.2685940628020824,0.0
980,19.6,idle,locomotion,0,0.6000000238418579,-0.38999998569488525,0.10973345824050044,0.004031892565364159,0.004563719343854121,0.7366566295937982,1.2680441327627399,-0.0005508999178420702,1.268595032680582,0.0
981,19.62,idle,locomotion,0,0.6000000238418579,-0.38999998569488525,0.10973345824050044,0.004041323075505232,0.004571554076303685,0.7366571436839466,1.2680451487909266,-0.000550851712655797,1.2685960005035823,0.0
982,19.64,idle,locomotion,0,0.6000000238418579,-0.38999998569488525,0.10973345824050044,0.004050744743815882,0.004579379970461798,0.736657657086583,1.2680461635202906,-0.0005508034257324691,1.268596966946023,0.0
983,19.66,idle,locomotion,0,0.6000000238418579,-0.38999998569488525,0.10973345824050044,0.004060158042704448,0.00458719658148313,0.7366581688631958,1.2680471760275391,-0.0005507552623037065,1.2685979312898428,0.0
984,19.68,idle,locomotion,0,0.6000000238418579,-0.38999998569488525,0.10973345824050044,0.004069563147340951,0.004595003665469121,0.7366586795556291,1.2680481867772324,-0.0005507071781248596,1.2685988939553572,0.0
985,19.7,idle,locomotion,0,0.6000000238418579,-0.38999998569488525,0.10973345824050044,0.004078956658354376,0.004602817407322302,0.736659197841042,1.2680492039700215,-0.0005506799127551094,1.2685998838827766,0.0
986,19.72,idle,locomotion,0,0.6000000238418579,-0.38999998569488525,0.10973345824050044,0.004088338164032265,0.004610654351125864,0.7366597192214023,1.2680502230289625,-0.0005506683737683572,1.268600891402731,0.0
987,19.74,idle,locomotion,0,0.6000000238418579,-0.38999998569488525,0.10973345824050044,0.004097706605774355,0.004618508306432468,0.7366602361466804,1.2680512372176616,-0.0005506562893617117,1.2686018935070233,0.0
988,19.76,idle,locomotion,0,0.6000000238418579,-0.38999998569488525,0.10973345824050044,0.004107061690071609,0.004626378535438335,0.7366607519663511,1.2680522498015367,-0.0005506470449952068,1.268602896846532,0.0
989,19.78,idle,locomotion,0,0.6000000238418579,-0.38999998569488525,0.10973345824050044,0.004116404183499431,0.004634263615691782,0.7366612653682075,1.2680532597513214,-0.0005506358430937483,1.2686038955944152,0.0
990,19.8,idle,locomotion,0,0.6000000238418579,-0.38999998569488525,0.10973345824050044,0.004125730841943068,0.0046421631728761495,0.7366617767695871,1.2680542672377524,-0.0005506252853458814,1.2686048925230982,0.0
991,19.82,idle,locomotion,0,0.6000000238418579,-0.38999998569488525,0.10973345824050044,0.004135040033775791,0.004650073920692216,0.7366622849989283,1.2680552713339723,-0.0005506161014850637,1.2686058874354573,0.0
992,19.84,idle,locomotion,0,0.6000000238418579,-0.38999998569488525,0.10973345824050044,0.004144334051804154,0.004657995040472876,0.736662790221214,1.2680562715994763,-0.0005506035826105607,1.268606875182087,0.0
993,19.86,idle,locomotion,0,0.6000000238418579,-0.38999998569488525,0.10973345824050044,0.004153609788804126,0.004665929612754785,0.7366632960059504,1.2680572717108158,-0.0005505935396683849,1.2686078652504842,0.0
994,19.88,idle,locomotion,0,0.6000000238418579,-0.38999998569488525,0.10973345824050044,0.004162866176112361,0.004673874953019798,0.7366638008348284,1.2680582700294938,-0.0005505833370205784,1.2686088533665143,0.0
995,19.9,idle,locomotion,0,0.6000000238418579,-0.38999998569488525,0.10973345824050044,0.004172103258412982,0.004681829651617116,0.7366643033629566,1.2680592661958783,-0.0005505732737135331,1.2686098394695917,0.0
996,19.92,idle,locomotion,0,0.6000000238418579,-0.38999998569488525,0.10973345824050044,0.004181319976537356,0.004689792656186,0.7366648028905787,1.268060258083765,-0.0005505616233094056,1.2686108197070745,0.0
997,19.94,idle,locomotion,0,0.6000000238418579,-0.38999998569488525,0.10973345824050044,0.004190516080514837,0.004697763919787615,0.7366653009484615,1.2680612479945035,-0.0005505517598229093,1.2686117997543265,0.0
998,19.96,idle,locomotion,0,0.6000000238418579,-0.38999998569488525,0.10973345824050044,0.00419969213348877,0.004705741957912385,0.7366657954880267,1.2680622342207488,-0.0005505415886144054,1.2686127758093633,0.0
999,19.98,idle,locomotion,0,0.6000000238418579,-0.38999998569488525,0.10973345824050044,0.004208847375574025,0.004713727846220238,0.7366662875144429,1.2680632168710242,-0.0005505315090056848,1.26861374838003,0.0
1000,20.0,idle,locomotion,0,0.6000000238418579,-0.38999998569488525,0.10973345824050044,0.004217981979248564,0.004721720640353371,0.7366667793823837,1.2680641985217007,-0.000550521995549811,1.2686147205172504,0.0
1001,20.02,idle,locomotion,0,0.6000000238418579,-0.38999998569488525,0.10973345824050044,0.004227096023147427,0.0047297178128899945,0.7366672696167117,1.2680651786086885,-0.0005505106837779272,1.2686156892924665,0.0
1002,20.04,idle,locomotion,0,0.6000000238418579,-0.38999998569488525,0.10973345824050044,0.004236187944047351,0.004737721544161714,0.7366677594869981,1.2680661570926541,-0.000550500524510833,1.268616657617165,0.0
1003,20.06,idle,locomotion,0,0.6000000238418579,-0.38999998569488525,0.10973345824050044,0.0042452570885325195,0.00474572925857395,0.7366682468931327,1.268067132917192,-0.0005504903342048763,1.2686176232513968,0.0
1004,20.08,idle,locomotion,0,0.6000000238418579,-0.38999998569488525,0.10973345824050044,0.004254302712854619,0.004753740591203587,0.7366687315699564,1.2680681054899607,-0.0005504802386215625,1.2686185857285823,0.0
1005,20.1,idle,locomotion,0,0.6000000238418579,-0.38999998569488525,0.10973345824050044,0.004263325081483049,0.0047617550732737945,0.7366692143967307,1.2680690754324169,-0.0005504703994960759,1.268619545831913,0.0
1006,20.12,idle,locomotion,0,0.6000000238418579,-0.38999998569488525,0.10973345824050044,0.004272324963449344,0.00476977010505643,0.7366696962812482,1.268070044098554,-0.0005504601069731031,1.268620504205527,0.0
1007,20.14,idle,locomotion,0,0.6000000238418579,-0.38999998569488525,0.10973345824050044,0.004281302398548346,0.00477778806342356,0.7366701775678864,1.2680710110705071,-0.0005504512187379552,1.268621462289245,0.0
1008,20.16,idle,locomotion,0,0.6000000238418579,-0.38999998569488525,0.10973345824050044,0.004290257966161353,0.004785809240192171,0.7366706562187824,1.2680719748316487,-0.0005504419096569527,1.2686224167413056,0.0
1009,20.18,idle,locomotion,0,0.6000000238418579,-0.38999998569488525,0.10973345824050044,0.004299191606277734,0.004793830659521141,0.7366711309147178,1.2680729344029056,-0.0005504298710784332,1.268623364273984,0.0
1010,20.2,idle,locomotion,0,0.6000000238418579,-0.38999998569488525,0.10973345824050044,0.004308102372047063,0.004801852767016558,0.7366716040565462,1.2680738916352279,-0.0005504189938645744,1.2686243106290924,0.0
1011,20.22,idle,locomotion,0,0.6000000238418579,-0.38999998569488525,0.10973345824050044,0.004316991085731105,0.00480987058692792,0.7366720727972073,1.2680748440858374,-0.0005504028837900153,1.2686252469696273,0.0
1012,20.24,idle,locomotion,0,0.6000000238418579,-0.38999998569488525,0.10973345824050044,0.004325859224052667,0.004817877463952499,0.7366725375431461,1.268075791963425,-0.0005503785182463944,1.2686261704816713,0.0
1013,20.26,idle,locomotion,0,0.6000000238418579,-0.38999998569488525,0.10973345824050044,0.004334707056942907,0.004825872022149168,0.7366730000479811,1.2680767368974617,-0.0005503493774781446,1.2686270862749398,0.0
1014,20.28,idle,locomotion,0,0.6000000238418579,-0.38999998569488525,0.10973345824050044,0.004343534325821215,0.00483385354058031,0.7366734609547221,1.268077679463205,-0.0005503179716538249,1.2686279974348587,0.0
1015,20.3,idle,locomotion,0,0.6000000238418579,-0.38999998569488525,0.10973345824050044,0.004352341597977747,0.004841820713198819,0.7366739211896526,1.2680786205689585,-0.0005502857357647523,1.2686289063047231,0.0
1016,20.32,idle,locomotion,0,0.6000000238418579,-0.38999998569488525,0.10973345824050044,0.00436113032686276,0.004849775174093976,0.7366743804057618,1.2680795599195678,-0.0005502536172388786,1.2686298135368066,0.0
1017,20.34,idle,locomotion,0,0.6000000238418579,-0.38999998569488525,0.10973345824050044,0.004369901178298661,0.004857719324677218,0.7366748384323812,1.2680804973388242,-0.0005502216710445602,1.2686307190098687,0.0
1018,20.36,idle,locomotion,0,0.6000000238418579,-0.38999998569488525,0.10973345824050044,0.004378652897553758,0.004865653113358001,0.7366752949589108,1.268081432552261,-0.0005501899265507211,1.2686316224788117,0.0
1019,20.38,idle,locomotion,0,0.6000000238418579,-0.38999998569488525,0.10973345824050044,0.004387386224562998,0.004873576566664511,0.7366757502211347,1.268082365764059,-0.000550158509885941,1.268632524273945,0.0
1020,20.4,idle,locomotion,0,0.6000000238418579,-0.38999998569488525,0.10973345824050044,0.004396102404023279,0.004881490845456981,0.736676202800757,1.2680832956515984,-0.0005501273835958401,1.2686334230351943,0.0
1021,20.42,idle,locomotion,0,0.6000000238418579,-0.38999998569488525,0.10973345824050044,0.0044048015398506606,0.00488939472400085,0.736676652968094,1.268084222489377,-0.0005500964105935313,1.2686343188999705,0.0
1022,20.44,hold,kick,2,0.6000000238418579,-0.38999998569488525,0.10973345824050044,0.003619043942614164,0.005279250163142473,0.739841408785378,1.270856215393187,-0.0005034991463374744,1.2713597145395246,0.0
1023,20.46,hold,kick,3,0.6000000238418579,-0.38999998569488525,0.10973345824050044,0.004243179671226979,0.005111260875339568,0.7460610151998082,1.2768886848267031,-0.000480075209687382,1.2773687600363905,0.0
1024,20.48,hold,kick,4,0.6000000238418579,-0.38999998569488525,0.10973345824050044,0.006718102438843177,0.004010069050696817,0.7534570587559231,1.2844558422708434,-0.0005588141592732243,1.2850146564301166,0.0
1025,20.5,hold,kick,5,0.6000000238418579,-0.38999998569488525,0.10973345824050044,0.010179962660087234,0.002527058659586954,0.7611172882012673,1.2924074587892374,-0.0005936489526762387,1.2930011077419137,0.0
1026,20.52,hold,kick,6,0.6000000238418579,-0.38999998569488525,0.10973345824050044,0.013736160208699612,0.0008373996876083129,0.7679917613243561,1.2994935326484132,-0.0006788982594220991,1.3001724309078353,0.0
1027,20.54,hold,kick,7,0.6000000238418579,-0.38999998569488525,0.10973345824050044,0.01667046166199958,-0.0009211755478103482,0.7734098512383238,1.30498700829215,-0.0007096647669712179,1.3056966730591213,0.0
1028,20.56,hold,kick,8,0.6000000238418579,-0.38999998569488525,0.10973345824050044,0.01888549492439486,-0.0025788186272781826,0.7771566037426824,1.3087123644072498,-0.000735851317293916,1.3094482157245437,0.0
1029,20.58,hold,kick,9,0.6000000238418579,-0.38999998569488525,0.10973345824050044,0.02050730826126093,-0.003985340067582258,0.7790684932433851,1.31056153349703,-0.0008102222492843772,1.3113717557463143,0.0
1030,20.6,hold,kick,10,0.6000000238418579,-0.38999998569488525,0.10973345824050044,0.021360419401687467,-0.005461938787487494,0.7800989439810637,1.3114702972413603,-0.0009860061894691498,1.3124563034308294,0.0
1031,20.62,hold,kick,11,0.6000000238418579,-0.38999998569488525,0.10973345824050044,0.02190242085975962,-0.006912971589462962,0.7809964326014109,1.3122472404057124,-0.0009142945532470692,1.3131615349589594,0.0
1032,20.64,hold,kick,12,0.6000000238418579,-0.38999998569488525,0.10973345824050044,0.022387079668986277,-0.008288093228319013,0.7815863070922902,1.3127300268005984,-0.0011519371112722748,1.3138819639118706,0.0
1033,20.66,hold,kick,13,0.6000000238418579,-0.38999998569488525,0.10973345824050044,0.02289904927005336,-0.009594486292057676,0.7820117967644559,1.3130693925675094,-0.0014052780927683826,1.314474670660278,0.0
1034,20.68,hold,kick,14,0.6000000238418579,-0.38999998569488525,0.10973345824050044,0.02347309767669879,-0.010696733381866165,0.7823373436296109,1.3133459619764287,-0.001578342105540656,1.3149243040819694,0.0
1035,20.7,hold,kick,15,0.6000000238418579,-0.38999998569488525,0.10973345824050044,0.02408985250702266,-0.011531849718845525,0.7825445995514876,1.313550544903081,-0.0017055679170806907,1.3152561128201619,0.0
1036,20.72,hold,kick,16,0.6000000238418579,-0.38999998569488525,0.10973345824050044,0.024773881686800236,-0.012120912442882869,0.7826425414214708,1.313678424816332,-0.0017926533564492815,1.3154710781727812,0.0
1037,20.74,hold,kick,17,0.6000000238418579,-0.38999998569488525,0.10973345824050044,0.025588277488391226,-0.012511140639007755,0.782655181322787,1.3137311608110267,-0.0018450586062764528,1.315576219417303,0.0
1038,20.76,hold,kick,18,0.6000000238418579,-0.38999998569488525,0.10973345824050044,0.02653091262632069,-0.012768723590244349,0.7825763169978724,1.3136870905264741,-0.0018676812266327156,1.3155547717531069,0.0
1039,20.78,hold,kick,19,0.6000000238418579,-0.38999998569488525,0.10973345824050044,0.027593317000951766,-0.012978512663086996,0.7824034765277782,1.3135287428672981,-0.0018738041441143487,1.3154025470114126,0.0
1040,20.8,hold,kick,20,0.6000000238418579,-0.38999998569488525,0.10973345824050044,0.02877398871535034,-0.013192721122801732,0.7821469884700275,1.3132558231543177,-0.0018656577492313711,1.315121480903549,0.0
1041,20.82,hold,kick,21,0.6000000238418579,-0.38999998569488525,0.10973345824050044,0.0300718301023928,-0.0134448703227745,0.7818338627657192,1.312890382085034,-0.0018453975743097997,1.3147357796593437,0.0
1042,20.84,hold,kick,22,0.6000000238418579,-0.38999998569488525,0.10973345824050044,0.03147381498346585,-0.013756024359691234,0.7814864750894833,1.3124571653262223,-0.0018174518204454627,1.3142746171466677,0.0
1043,20.86,hold,kick,23,0.6000000238418579,-0.38999998569488525,0.10973345824050044,0.03295553961330069,-0.014140734143885388,0.7811174806024539,1.3119759400420186,-0.001816794699580692,1.3137927347415992,0.0
1044,20.88,hold,kick,24,0.6000000238418579,-0.38999998569488525,0.10973345824050044,0.03449679703047158,-0.014605083037444176,0.7807326088114643,1.3114608213682728,-0.0018399400381001983,1.313300761406373,0.0
1045,20.9,hold,kick,25,0.6000000238418579,-0.38999998569488525,0.10973345824050044,0.036072867685055895,-0.015152852220445908,0.7803355909928102,1.3109249963641103,-0.0018573910217615647,1.312782387385872,0.0
1046,20.92,hold,kick,26,0.6000000238418579,-0.38999998569488525,0.10973345824050044,0.037660002957382685,-0.0157874547328454,0.779931968583902,1.3103829042822832,-0.0018709441658648317,1.312253848448148,0.0
1047,20.94,hold,kick,27,0.6000000238418579,-0.38999998569488525,0.10973345824050044,0.03924779308475084,-0.016504236207380146,0.7795155073284092,1.3098364643127536,-0.0018833384148373954,1.311719802727591,0.0
1048,20.96,hold,kick,28,0.6000000238418579,-0.38999998569488525,0.10973345824050044,0.040823686560846575,-0.01730083319044277,0.7790724428194333,1.3092774270204233,-0.0018990091522903645,1.3111764361727136,0.0
1049,20.98,hold,kick,29,0.6000000238418579,-0.38999998569488525,0.10973345824050044,0.04236998234389129,-0.018184638406960697,0.7786214874875999,1.3087312813192824,-0.0019125391762971691,1.3106438204955795,0.0
1050,21.0,hold,kick,30,0.6000000238418579,-0.38999998569488525,0.10973345824050044,0.04388394315910364,-0.019143354023811253,0.7781635670367483,1.308199186873762,-0.0019242796144000492,1.310123466488162,0.0
1051,21.02,hold,kick,31,0.6000000238418579,-0.38999998569488525,0.10973345824050044,0.04537022822083818,-0.020160914034913515,0.7776869746896875,1.3076686267408935,-0.0019353014497626407,1.3096039281906562,0.0
1052,21.04,hold,kick,32,0.6000000238418579,-0.38999998569488525,0.10973345824050044,0.04683516687659174,-0.02122856032250924,0.7771646858933384,1.3071137537513837,-0.0019586124158565213,1.3090723661672403,0.0
1053,21.06,hold,kick,33,0.6000000238418579,-0.38999998569488525,0.10973345824050044,0.04827374795296792,-0.02235597632241965,0.7766224377676858,1.306557562935816,-0.001982779899371411,1.3085403428351874,0.0
1054,21.08,hold,kick,34,0.6000000238418579,-0.38999998569488525,0.10973345824050044,0.04969239845358554,-0.023523598320778383,0.7760626244397346,1.305999117155772,-0.0020095011747446913,1.3080086183305168,0.0
1055,21.1,hold,kick,35,0.6000000238418579,-0.38999998569488525,0.10973345824050044,0.05111647683536289,-0.024720861994303036,0.7754711165332824,1.3054213476221,-0.0020405603964814313,1.3074619080185814,0.0
1056,21.12,hold,kick,36,0.6000000238418579,-0.38999998569488525,0.10973345824050044,0.052571813809271714,-0.025933999691927286,0.7748387026454566,1.304809261268425,-0.002075227578953995,1.306884488847379,0.0
1057,21.14,hold,kick,37,0.6000000238418579,-0.38999998569488525,0.10973345824050044,0.05408190441166604,-0.027141801014461044,0.774167300153774,1.3041586958785985,-0.0021105663268796183,1.3062692622054781,0.0
1058,21.16,hold,kick,38,0.6000000238418579,-0.38999998569488525,0.10973345824050044,0.05566551682424084,-0.028320899494755573,0.7734572296129058,1.3034636037025038,-0.0021443090863014318,1.3056079127888052,0.0
1059,21.18,hold,kick,39,0.6000000238418579,-0.38999998569488525,0.10973345824050044,0.05734196781324139,-0.029455960447987237,0.77270891802414,1.3027199710231514,-0.0021949713253745645,1.304914942348526,0.0
1060,21.2,hold,kick,40,0.6000000238418579,-0.38999998569488525,0.10973345824050044,0.05913212936046592,-0.030537742902880284,0.7719231395201256,1.301925779446038,-0.002267902863848356,1.3041936823098863,0.0
1061,21.22,hold,kick,41,0.6000000238418579,-0.38999998569488525,0.10973345824050044,0.061057990778244156,-0.03155789441908372,0.7711020547743042,1.3010806944719067,-0.002336153418005405,1.303416847889912,0.0
1062,21.24,hold,kick,42,0.6000000238418579,-0.38999998569488525,0.10973345824050044,0.06314104745323713,-0.032507378784314346,0.7702492762883462,1.3001857244822372,-0.002398040815652879,1.3025837652978902,0.0
1063,21.26,hold,kick,43,0.6000000238418579,-0.38999998569488525,0.10973345824050044,0.06540157111657388,-0.033378561757056335,0.7693682051549359,1.2992420273939196,-0.0024525588909600736,1.3016945862848797,0.0
1064,21.28,hold,kick,44,0.6000000238418579,-0.38999998569488525,0.10973345824050044,0.06785560935356745,-0.03416269736923438,0.7684610287098397,1.298249329812283,-0.002499210194042905,1.300748540006326,0.0
1065,21.3,hold,kick,45,0.6000000238418579,-0.38999998569488525,0.10973345824050044,0.07051210815057572,-0.03484746301794,0.7675269054768001,1.2972038393921974,-0.0025391467800153673,1.2997429861722127,0.0
1066,21.32,hold,kick,46,0.6000000238418579,-0.38999998569488525,0.10973345824050044,0.07337615412542718,-0.03542002066835187,0.7665602827685803,1.2960971619830417,-0.002576394585090361,1.298673556568132,0.0
1067,21.34,hold,kick,47,0.6000000238418579,-0.38999998569488525,0.10973345824050044,0.07645856712004599,-0.03587243919435053,0.7655625408173008,1.2949292903721656,-0.002607981093208974,1.2975372714653746,0.0
1068,21.36,hold,kick,48,0.6000000238418579,-0.38999998569488525,0.10973345824050044,0.0797678386147929,-0.0361987243466005,0.7645331942276048,1.2936998248732077,-0.002632987821188225,1.2963328126943958,0.0
1069,21.38,hold,kick,49,0.6000000238418579,-0.38999998569488525,0.10973345824050044,0.08330664367864596,-0.03639445222847558,0.7634684257454035,1.2924051311355238,-0.002651081701639916,1.2950562128371637,0.0
1070,21.4,hold,kick,50,0.6000000238418579,-0.38999998569488525,0.10973345824050044,0.0870743297957002,-0.036453252300897694,0.7623641581050177,1.2910410692955634,-0.002660996303469103,1.2937020655990326,0.0
1071,21.42,hold,kick,51,0.6000000238418579,-0.38999998569488525,0.10973345824050044,0.0910663002685413,-0.03635886301130045,0.7612104595194304,1.2895973510236436,-0.0026665171270798434,1.2922638681507235,0.0
1072,21.44,hold,kick,52,0.6000000238418579,-0.38999998569488525,0.10973345824050044,0.09542012249668527,-0.03566101302113538,0.7602182914525775,1.2883284618746385,-0.0025049844808568734,1.2908334463554954,0.0
1073,21.46,hold,kick,53,0.6000000238418579,-0.38999998569488525,0.10973345824050044,0.09956669486845413,-0.034253645958054114,0.7597513173666666,1.2873490213410947,-0.0022423967383868627,1.2895914180794816,0.0
1074,21.48,hold,kick,54,0.6000000238418579,-0.38999998569488525,0.10973345824050044,0.10293831949941112,-0.03334447868231481,0.7597972367782128,1.2866786471517266,-0.0021956918652912064,1.2888743390170179,0.0
1075,21.5,hold,kick,55,0.6000000238418579,-0.38999998569488525,0.10973345824050044,0.10646569888039994,-0.03283453573114933,0.7595776287428122,1.2860099750571936,-0.0033128732762063642,1.2893228483334,0.0
1076,21.52,hold,kick,56,0.6000000238418579,-0.38999998569488525,0.10973345824050044,0.11102594460528223,-0.03200133033646651,0.7575405416210592,1.2840285177713704,-0.003633965836660785,1.2876624836080313,0.0
1077,21.54,hold,kick,57,0.6000000238418579,-0.38999998569488525,0.10973345824050044,0.11662221778983307,-0.03165554745043594,0.7541248412035714,1.281005073034868,-0.0024482594329618135,1.2834533324678299,0.0
1078,21.56,hold,kick,58,0.6000000238418579,-0.38999998569488525,0.10973345824050044,0.12354521318381446,-0.032274660038381045,0.7507701164973223,1.278325026995551,-0.0007399981661329984,1.279065025161684,0.0
1079,21.58,hold,kick,59,0.6000000238418579,-0.38999998569488525,0.10973345824050044,0.13219472050692785,-0.032933272519542596,0.7473085504229836,1.2756671907106347,-0.000735773764393894,1.2764029644750285,0.0
1080,21.6,hold,kick,60,0.6000000238418579,-0.38999998569488525,0.10973345824050044,0.14259039971237858,-0.03359728895645887,0.7438822425427235,1.2729355522715153,-0.0009268684110149,1.2738624206825302,0.0
1081,21.62,hold,kick,61,0.6000000238418579,-0.38999998569488525,0.10973345824050044,0.15465357858303072,-0.03450433625747159,0.74056357210197,1.27007045687119,-0.0011564317078148305,1.2712268885790048,0.0
1082,21.64,hold,kick,62,0.6000000238418579,-0.38999998569488525,0.10973345824050044,0.1680057502858511,-0.03596553098503654,0.7375102348802448,1.2671496766546178,-0.0013289304655482795,1.2684786071201661,0.0
1083,21.66,hold,kick,63,0.6000000238418579,-0.38999998569488525,0.10973345824050044,0.1822579596570327,-0.038443635520065786,0.7348579103402606,1.264382187762323,-0.0014950471558957262,1.2658772349182186,0.0
1084,21.68,hold,kick,64,0.6000000238418579,-0.38999998569488525,0.10973345824050044,0.19712578911224718,-0.042094385313984885,0.7325213878531559,1.2617909026179874,-0.0017370587445188525,1.2635279613625063,0.0
1085,21.7,hold,kick,65,0.6000000238418579,-0.38999998569488525,0.10973345824050044,0.21231853491353406,-0.047106432486486834,0.7304143071049454,1.2594398535540157,-0.0019407600924925897,1.2613806136465082,0.0
1086,21.72,hold,kick,66,0.6000000238418579,-0.38999998569488525,0.10973345824050044,0.2277882343207087,-0.053783467782577046,0.7286013182888814,1.2575531452775452,-0.0023240992900776664,1.259877244567623,0.0
1087,21.74,hold,kick,67,0.6000000238418579,-0.38999998569488525,0.10973345824050044,0.24401304517772993,-0.06217726667958857,0.7270544209743044,1.256063080116117,-0.0027422727949518166,1.2588053529110688,0.0
1088,21.76,hold,kick,68,0.6000000238418579,-0.38999998569488525,0.10973345824050044,0.2614070245255644,-0.07218177274431464,0.7257248536208623,1.2547449772917127,-0.0029806760046899583,1.2577256532964027,0.0
1089,21.78,hold,kick,69,0.6000000238418579,-0.38999998569488525,0.10973345824050044,0.2800609298429128,-0.08359385895936196,0.7242017544304455,1.2530276358453876,-0.0031984389821796133,1.256226074827567,0.0
1090,21.8,hold,kick,70,0.6000000238418579,-0.38999998569488525,0.10973345824050044,0.29930079588151,-0.09553866636937496,0.7227377887063353,1.2509492914173705,-0.0035761684197990334,1.2545254598371696,0.0
1091,21.82,hold,kick,71,0.601023305366234,-0.39155738103276555,0.11185454098241612,0.31769759548679793,-0.10681589038024976,0.7226894634476857,1.2499869827188455,-0.003913305896046812,1.2539002886148922,0.0
1092,21.84,hold,kick,72,0.6034303305573704,-0.39522188084119136,0.11463734193254907,0.33511683696962213,-0.11797317012855241,0.7240314542622791,1.2503457721499855,-0.004265883361982081,1.2546116555119675,0.0
1093,21.86,hold,kick,73,0.6058486077650357,-0.3989023335220989,0.11355795343273041,0.3512437593412048,-0.1289178655201072,0.726868083394181,1.25221591395014,-0.0042071570566137445,1.2564230710067539,0.0
1094,21.88,hold,kick,74,0.6082466492155162,-0.40255300665532634,0.10889264845871337,0.3649092367553574,-0.13781673406038725,0.7325119791984885,1.2570451037010593,-0.0020327262052618825,1.2590778299063212,0.0
1095,21.9,hold,kick,75,0.61029423916891,-0.4056878057529125,0.10778119451610262,0.37548934122519906,-0.14722005627745202,0.7392313955256103,1.2639337932815955,-0.0012032621457578677,1.2651370554273533,0.0
1096,21.92,hold,kick,76,0.6122207573015574,-0.40864432989830657,0.10848610682832849,0.3829497064334104,-0.15698224680717235,0.7465730172802533,1.2723637502622354,-0.0012345099767927144,1.2735982602390281,0.0
1097,21.94,hold,kick,77,0.6141338596361734,-0.4115811899823631,0.10913171934175203,0.38764408065738687,-0.16637693382423813,0.7538072460739267,1.281211780781529,-0.001295577852395556,1.2825073586339246,0.0
1098,21.96,hold,kick,78,0.6160466257883211,-0.41451764808285185,0.10950046394142583,0.39066207198285696,-0.174359771425353,0.7596089217099347,1.2885306350057468,-0.001187186679839948,1.2897178216855867,0.0
1099,21.98,hold,kick,79,0.6179600807121471,-0.41745517757338513,0.10965992895169445,0.3932622078300846,-0.17970928163645208,0.7630858863616851,1.29299709390499,-0.001249961736411679,1.2942470556414016,0.0
1100,22.0,hold,kick,80,0.6198739361522893,-0.4203933236934092,0.10971475768629699,0.39657382658323215,-0.18287718084288945,0.7640426454054811,1.2943817140878289,-0.0012264442127749992,1.2956081583006038,0.0
1101,22.02,hold,kick,81,0.6217879515106074,-0.4233317155457803,0.10973045731915065,0.4007308635574938,-0.18474663724734883,0.7636638356272752,1.2939521183871996,-0.0017752274791057315,1.2957273458663052,0.0
1102,22.04,hold,kick,82,0.6237020186684094,-0.42627018694996177,0.10973388495467598,0.4051028891088944,-0.18586495439645911,0.7643157458041108,1.2942810801404823,-0.0016252454087134702,1.2959063255491958,0.0
1103,22.06,hold,kick,83,0.625616099337243,-0.42920867910006444,0.10973414800549545,0.4093035576916117,-0.18701469761074777,0.7658693885774046,1.2953785653491456,-0.0015619499758818406,1.2969405153250275,0.0
1104,22.08,hold,kick,84,0.6275301822809033,-0.43214717474297176,0.10973387372467625,0.41346512902411475,-0.18775224503021856,0.7680207000433394,1.2969165509342877,-0.001929351499337574,1.2988459024336252,0.0
1105,22.1,hold,kick,85,0.629444264976387,-0.43508567000494325,0.10973365114271066,0.41815483615816706,-0.1879048831430847,0.770115355934291,1.298294520974508,-0.0025973602156718623,1.30089188119018,0.0
1106,22.12,hold,kick,86,0.631358347198644,-0.4380241645404276,0.10973353517387868,0.4237481757428576,-0.18807584575289785,0.7712270006640667,1.2987564870231698,-0.002891569725636988,1.301648056748807,0.0
1107,22.14,hold,kick,87,0.6332724291297037,-0.4409626586288679,0.1097334853172356,0.42985504770288707,-0.18888330603895068,0.7718023784558209,1.298812116751,-0.002431066943020789,1.3012431836940208,0.0
1108,22.16,hold,kick,88,0.635186510924185,-0.4439011525076326,0.10973346657170821,0.4358686592531446,-0.19038329418045447,0.7732860810649067,1.2999639846319841,-0.002016479966008164,1.3019804645979922,0.0
1109,22.18,hold,kick,89,0.6371005926637976,-0.44683964630216344,0.10973346035259618,0.4419553791902637,-0.19192489536538798,0.7756230305274168,1.3022972121177576,-0.0021948497929235797,1.3044920619106812,0.0
1110,22.2,hold,kick,90,0.639014674383966,-0.449778140066844,0.1097334585815466,0.4488303368639659,-0.1925634464423906,0.7773252017940284,1.3041583931265903,-0.0025662318276134834,1.3067246249542037,0.0
1111,22.22,hold,kick,91,0.6394020534785232,-0.4550593394187515,0.1110578731349206,0.45644492204360665,-0.19304011423865178,0.7773643015527909,1.3043959729221508,-0.002795872716000864,1.3071918456381517,0.0
1112,22.24,hold,kick,92,0.6311233905097582,-0.47153472346425196,0.11521219507845976,0.46412064481886783,-0.19439542279372954,0.7765000739626051,1.3038334872867812,-0.002994970955178946,1.30682845824196,0.0
1113,22.26,hold,kick,93,0.617593787929726,-0.49203302307406893,0.1191564709107188,0.47150345126382714,-0.19636123261659516,0.7761095931169141,1.3038487091912423,-0.003144250204865022,1.3069929593961074,0.0
1114,22.28,hold,kick,94,0.6012060144702376,-0.5140766153002542,0.12102568418324144,0.4784742343392428,-0.19853754250298727,0.7766378840547192,1.3047924920183442,-0.0031817442523945534,1.3079742362707387,0.0
1115,22.3,hold,kick,95,0.5835748023616131,-0.5367861241836631,0.11969685040067433,0.4849100229202579,-0.20099211100992465,0.7776223973567011,1.306180441021413,-0.0032250613654526347,1.3094055023868656,0.0
1116,22.32,hold,kick,96,0.5659049230801453,-0.5595168806278212,0.1144416759481869,0.4907998484388247,-0.20383260461912978,0.7785603998547437,1.3074820608474396,-0.0033141062457415944,1.3107961670931811,0.0
1117,22.34,hold,kick,97,0.5493148506955967,-0.5813676718544879,0.10737162885923121,0.49610608318558774,-0.206694306329959,0.7792474041224989,1.30834521602289,-0.003388489803320502,1.3117337058262104,0.0
1118,22.36,hold,kick,98,0.5372867027013214,-0.5994848260143432,0.10703061579470416,0.5010112946423794,-0.20911476036797447,0.779372313027103,1.3084220944149239,-0.0034419122034639003,1.3118640066183878,0.0
1119,22.38,hold,kick,99,0.52623900882772,-0.616801627959382,0.10814631697154468,0.5059612943354014,-0.21094221247578923,0.7784390164118273,1.3073744749435496,-0.0035097864821042324,1.310884261425654,0.0
1120,22.4,hold,kick,100,0.5152985290110925,-0.6340409548710265,0.10899384167238052,0.5113852553930242,-0.21197635467486534,0.776255566364551,1.3051143464258683,-0.0035605192936904694,1.3086748657195588,0.0
1121,22.42,hold,kick,101,0.5043613278162795,-0.6512863242576611,0.10945879971019253,0.5173123948920745,-0.21221356749298115,0.7730023415222882,1.301829056579992,-0.0035862740621858125,1.3054153306421776,0.0
1122,22.44,hold,kick,102,0.4934192532210848,-0.6685407506094432,0.10965650701474654,0.523152563453171,-0.21152441597391053,0.7696473310657478,1.2983573055926263,-0.004020797413222005,1.3023781030058483,0.0
1123,22.46,hold,kick,103,0.48247435635733216,-0.6857997987842107,0.10971899147248311,0.528783227335669,-0.20998083951374302,0.7667356379216229,1.295308397438142,-0.0035786471446954266,1.2988870445828375,0.0
1124,22.48,hold,kick,104,0.4715283928330018,-0.7030605510198888,0.10973380293346201,0.5344736144079504,-0.20756044640292298,0.7640058532466142,1.2924339278374746,-0.003547460430814789,1.2959813882682893,0.0
1125,22.5,hold,kick,105,0.4605821233860382,-0.7203217885265863,0.10973561205277292,0.5401395499319098,-0.20423855892330312,0.7615783369162097,1.289691461146837,-0.0036393983736678973,1.293330859520505,0.0
1126,22.52,hold,kick,106,0.4496357937413762,-0.7375831213312461,0.10973488694823008,0.544861375287964,-0.2003383905966373,0.7605570701512889,1.2880526255467668,-0.003696168552390973,1.2917487940991579,0.0
1127,22.54,hold,kick,107,0.438689464499364,-0.7548444535493322,0.10973415065365091,0.5483856015775426,-0.1965223850366198,0.76078620724525,1.2875385966114763,-0.003639252720255691,1.291177849331732,0.0
1128,22.56,hold,kick,108,0.42774314365292065,-0.7721057725346858,0.10973374273791149,0.551635244067615,-0.1928825220715708,0.7613006268613222,1.2872872972251002,-0.0019073465588089825,1.2891946437839092,0.0
1129,22.58,hold,kick,109,0.41679682851840005,-0.7893670825136925,0.10973356115166955,0.5550350979273088,-0.18945088068098317,0.7613995047226251,1.286597912600266,-0.0021990678923280056,1.288796980492594,0.0
1130,22.6,hold,kick,110,0.40585051618283213,-0.80662838807912,0.10973349095383508,0.5582259322625809,-0.18630834367363922,0.761247988369037,1.2855683010863264,-0.0025732709364234448,1.2881415720227498,0.0
1131,22.62,hold,kick,111,0.3949042050059664,-0.8238896918173977,0.10973346698569232,0.5608391924791654,-0.18362374296949271,0.7614463778430541,1.2848503049080533,-0.002952997057827776,1.287803301965881,0.0
1132,22.64,hold,kick,112,0.3839578942510765,-0.8411509948902602,0.10973345988882932,0.5628814943962248,-0.18178761566790216,0.7624797719998216,1.2851997786202678,-0.0032482065784172516,1.288447985198685,0.0
1133,22.66,hold,kick,113,0.37301158363137166,-0.8584122977499492,0.10973345820934531,0.5647300432481979,-0.1809659450385146,0.7645244792573099,1.2869565868652355,-0.0035634159104687424,1.2905200027757042,0.0
1134,22.68,hold,kick,114,0.3620652730482432,-0.8756736005519608,0.10973345800072368,0.5668613364035509,-0.18087687639621958,0.767216095283546,1.2896057689799936,-0.003764058890014351,1.2933698278700079,0.0
1135,22.7,hold,kick,115,0.351118962472226,-0.8929349033427584,0.10973345808056144,0.5694677215692235,-0.1814914192916969,0.7700928635128994,1.2926641993398957,-0.003591544127307774,1.2962557434672035,0.0
1136,22.72,hold,kick,116,0.3401726518962274,-0.9101962061335271,0.10973345816284014,0.5723529032335912,-0.18303133404553598,0.7732969407795348,1.296358629731109,-0.0030378870607177914,1.2993965167918267,0.0
1137,22.74,hold,kick,117,0.329226341319299,-0.9274575089257616,0.10973345820855847,0.5755065169391393,-0.18538819938186557,0.7772425593281395,1.3009486346926615,-0.0023422881743545045,1.303290922867016,0.0
1138,22.76,hold,kick,118,0.318280030741732,-0.944718811719004,0.10973345822893665,0.579110136031111,-0.18846337974928934,0.7819091257290983,1.306321862218267,-0.0019912105331663862,1.3083130727514334,0.0
1139,22.78,hold,kick,119,0.30733372016385113,-0.961980114512741,0.10973345823682139,0.5831273317771928,-0.1923439219023201,0.7870412950609528,1.312258897437784,-0.0020866343822660977,1.31434553182005,0.0
1140,22.8,hold,kick,120,0.29638740958584,-0.9792414173066828,0.10973345823951568,0.587441279403031,-0.19709074780216027,0.7924167826311642,1.3185194608640292,-0.002415115602887513,1.3209345764669167,0.0
1141,22.82,hold,kick,121,0.28544109900778153,-0.9965027201006996,0.10973345824031429,0.5920819020128385,-0.20261100840041799,0.7977183859997264,1.3246652713462546,-0.0027828821172009507,1.3274481534634555,0.0
1142,22.84,hold,kick,122,0.27449478842970787,-1.0137640228947407,0.10973345824050368,0.5968008072546528,-0.20887357827453557,0.8027095530124584,1.3304419510178855,-0.003098720526438066,1.3335406715443237,0.0
1143,22.86,hold,kick,123,0.2635484778516302,-1.0310253256887878,0.10973345824052741,0.6012671988108469,-0.21558114742125473,0.8073174736465383,1.3357235161474919,-0.003204048106132236,1.338927564253624,0.0
1144,22.88,hold,kick,124,0.25260216727355084,-1.048286628482835,0.10973345824051853,0.605346710696592,-0.22216369360919844,0.8111413632141083,1.3400443553683357,-0.003128236161444621,1.3431725915297803,0.0
1145,22.9,hold,kick,125,0.24165585669547232,-1.065547931276882,0.10973345824050935,0.6091868624731512,-0.22810268936013647,0.8135418326712633,1.3427600136965132,-0.0028224952015439217,1.345582508898057,0.0
1146,22.92,hold,kick,126,0.23070954611739405,-1.0828092340709292,0.10973345824050423,0.6129642191934156,-0.2332422116737745,0.8141806719403498,1.3435603180282019,-0.0023003127946484916,1.3458606308228505,0.0
1147,22.94,hold,kick,127,0.2197632355393158,-1.1000705368649764,0.10973345824050193,0.6166841170982523,-0.2377019873321481,0.8129786678349061,1.3424354749963738,-0.001666973122220767,1.3441024481185946,0.0
1148,22.96,hold,kick,128,0.20881692496123752,-1.1173318396590235,0.10973345824050108,0.6203811573550951,-0.24160707836480033,0.8099636613784759,1.3394441652543283,-0.0019325958294461598,1.3413767610837746,0.0
1149,22.98,hold,kick,129,0.19787061438315925,-1.1345931424530706,0.1097334582405008,0.6252921234324526,-0.24540518153006405,0.8082391550119826,1.3376944047306596,-0.001905882375750543,1.33960028710641,0.0
1150,23.0,hold,kick,130,0.186924303805081,-1.1518544452471178,0.1097334582405008,0.6301520627126194,-0.248938300109428,0.8069410796712548,1.3365136301294147,-0.0008396796120531541,1.3373533097414678,0.0
1151,23.02,hold,kick,131,0.17597799322700272,-1.169115748041165,0.1097334582405008,0.6351477285401339,-0.25203775849241367,0.8047827295254287,1.3344899287546914,-0.0005440936123291724,1.3350340223670205,0.0
1152,23.04,hold,kick,132,0.16503168264892445,-1.186377050835212,0.1097334582405008,0.6407905027758464,-0.25481386040563697,0.8009528846069923,1.3307685658719182,-0.00046402588220447946,1.3312325917541226,0.0
1153,23.06,hold,kick,133,0.1540853720708462,-1.2036383536292592,0.1097334582405008,0.6474071463229317,-0.25739776481459326,0.794944972741757,1.3248392937709879,-0.000598078865276911,1.3254373726362647,0.0
1154,23.08,hold,kick,134,0.14313906149276792,-1.2208996564233063,0.1097334582405008,0.6549652090740202,-0.26000659963062495,0.7865632624610384,1.3164686926147577,-0.002981153973871005,1.3194498465886288,0.0
1155,23.1,hold,kick,135,0.13219275091468966,-1.2381609592173535,0.1097334582405008,0.6615903779372017,-0.26210928371560016,0.7778299810842129,1.3076313602314538,-0.00437068038979984,1.3120020406212536,0.0
1156,23.12,hold,kick,136,0.12124644033661139,-1.2554222620114006,0.1097334582405008,0.6655989750653074,-0.26105391633962055,0.7745720402216073,1.30404271727556,-0.003151528936666134,1.3071942462122261,0.0
1157,23.14,hold,kick,137,0.11030012975853312,-1.2726835648054478,0.1097334582405008,0.6696054347276098,-0.2607525342036716,0.7736783276466543,1.3029108455868557,-0.0016190651740308343,1.3045299107608865,0.0
1158,23.16,hold,kick,138,0.09935381918045486,-1.289944867599495,0.1097334582405008,0.6730461263980345,-0.2616652076967927,0.7736131054744447,1.3029161513402308,-0.0014103329917215246,1.3043264843319522,0.0
1159,23.18,hold,kick,139,0.08840750860237659,-1.307206170393542,0.1097334582405008,0.6756063649990313,-0.26322635355092094,0.7737449215266418,1.303325298312054,-0.0015175177922401133,1.3048428161042942,0.0
1160,23.2,hold,kick,140,0.07746119802429832,-1.3244674731875892,0.1097334582405008,0.67756210237334,-0.2648956922853749,0.7737008927319043,1.3035504663445199,-0.001647886967605837,1.3051983533121256,0.0
1161,23.22,hold,kick,141,0.06651488744622006,-1.3417287759816363,0.1097334582405008,0.6791497734427959,-0.2664142045511713,0.7732392280466286,1.303259816505427,-0.0017595058012113939,1.3050193223066384,0.0
1162,23.24,hold,kick,142,0.05556857686814161,-1.3589900787756835,0.1097334582405008,0.680692140152008,-0.2678305709126903,0.7722598940564075,1.3023368890614884,-0.0018310194319749902,1.3041679084934634,0.0
1163,23.26,hold,kick,143,0.044622266290063065,-1.3762513815697306,0.1097334582405008,0.6822170913005421,-0.26914222482734074,0.7709444175586594,1.3009669314887873,-0.0018435320844538763,1.3028104635732412,0.0
1164,23.28,hold,kick,144,0.03367595571198452,-1.3935126843637777,0.1097334582405008,0.6834686540423749,-0.2701756387867392,0.7694912112856205,1.299373540204427,-0.001813550651858408,1.3011870908562855,0.0
1165,23.3,hold,kick,145,0.022729645133906087,-1.4107739871578249,0.1097334582405008,0.6845681813776607,-0.2707374737501069,0.7679984143814073,1.29762315417347,-0.001718344815069675,1.2993414989885397,0.0
1166,23.32,hold,kick,146,0.011783334555827682,-1.428035289951872,0.1097334582405008,0.6859828037218956,-0.270749258938759,0.7668448352288587,1.2960328705528854,-0.0015174519353586928,1.297550322488244,0.0
1167,23.34,hold,kick,147,0.0008370239777492715,-1.4452965927459192,0.1097334582405008,0.6873947576322068,-0.2707420707165219,0.7660524248289717,1.2948256026889224,-0.0013014649747985496,1.296127067663721,0.0
1168,23.36,hold,kick,148,-0.010109286600329141,-1.4625578955399663,0.1097334582405008,0.6883753519009372,-0.2708646974221683,0.765381006849892,1.2938741818487354,-0.0011311440580903769,1.2950053259068257,0.0
1169,23.38,hold,kick,149,-0.021055597178407548,-1.4798191983340134,0.1097334582405008,0.6890220702155628,-0.2709452391435685,0.7647514434084263,1.2930706284895546,-0.0010573543582583743,1.294127982847813,0.0
1170,23.4,hold,kick,150,-0.03200190775648596,-1.4970805011280606,0.1097334582405008,0.6893998032180367,-0.2709193080895263,0.7639647866038524,1.2921842628430005,-0.0010041128497435409,1.293188375692744,0.0
1171,23.42,hold,kick,151,-0.042948218334564504,-1.5143418039221077,0.1097334582405008,0.6894827755032467,-0.270883889092146,0.7629562831227307,1.291152510024188,-0.0008687708106739564,1.2920212808348621,0.0
1172,23.44,hold,kick,152,-0.05389452891264305,-1.5316031067161548,0.1097334582405008,0.6893245145943059,-0.2707611892578344,0.761751870641612,1.289940656439452,-0.0007001484607127642,1.2906408049001648,0.0
1173,23.46,hold,kick,153,-0.06484083949072153,-1.548864409510202,0.1097334582405008,0.6890639891560273,-0.27037595473922293,0.7605713902652202,1.2886672390670897,-0.0006106399173347529,1.2892778789844244,0.0
1174,23.48,hold,kick,154,-0.0757871500687998,-1.5661257123042491,0.1097334582405008,0.6885783258031752,-0.26990578176210367,0.7594425910790389,1.2874308596080173,-0.0005835705010569861,1.2880144301090743,0.0
1175,23.5,hold,kick,155,-0.08673346064687806,-1.5833870150982963,0.1097334582405008,0.6878043028768177,-0.2694039338316877,0.7583497867861166,1.2862434205545221,-0.000565110744257899,1.28680853129878,0.0
1176,23.52,hold,kick,156,-0.09767977122495633,-1.6006483178923434,0.1097334582405008,0.6867751978631598,-0.2688157320273356,0.7573145061861145,1.2851098494627493,-0.0005426095997092088,1.2856524590624585,0.0
1177,23.54,hold,kick,157,-0.1086260818030346,-1.6179096206863905,0.1097334582405008,0.6855222380805,-0.2680350994151914,0.7563764314305466,1.2840263501547058,-0.0005218868655005211,1.2845482370202064,0.0
1178,23.56,hold,kick,158,-0.11957239238111286,-1.6351709234804377,0.1097334582405008,0.6840651985537431,-0.2670091164969809,0.7555831528527766,1.2830181923791164,-0.0005053095458592595,1.2835235019249758,0.0
1179,23.58,hold,kick,159,-0.13051870295919113,-1.6524322262744848,0.1097334582405008,0.6824404488169467,-0.265757898278371,0.7549133907988992,1.2820681165132033,-0.0004872940734608859,1.2825554105866641,0.0
1180,23.6,hold,kick,160,-0.1414650135372694,-1.669693529068532,0.1097334582405008,0.6806725744802636,-0.2643349013669342,0.7543098227289364,1.2811452443168276,-0.00046959893394086724,1.2816148432507686,0.0
1181,23.62,hold,kick,161,-0.15241132411534766,-1.686954831862579,0.1097334582405008,0.6788471147703469,-0.26288674554756564,0.7537398189384402,1.2802813511621385,-0.00047148501507054616,1.280752836177209,0.0
1182,23.64,hold,kick,162,-0.16335763469342593,-1.7042161346566262,0.1097334582405008,0.6770642637582841,-0.26139697249875726,0.7533415935736667,1.2795660865561262,-0.00047938240078796573,1.2800454689569143,0.0
1183,23.66,hold,kick,163,-0.1743039452715042,-1.7214774374506734,0.1097334582405008,0.6753380032716235,-0.2598914499424132,0.7531933298715483,1.2790669928892768,-0.000485885717446604,1.2795528786067234,0.0
1184,23.68,hold,kick,164,-0.18525025584958246,-1.7387387402447205,0.1097334582405008,0.6736262300059159,-0.25844175050496915,0.7531643062447759,1.2787157351617335,-0.0004931134981495701,1.2792088486598832,0.0
1185,23.7,hold,kick,165,-0.19619656642766073,-1.7560000430387677,0.1097334582405008,0.6719783560386434,-0.25698727052879344,0.7531387431574016,1.2783705734173676,-0.0005023148155728352,1.2788728882329403,0.0
1186,23.72,hold,kick,166,-0.207142877005739,-1.7732613458328148,0.1097334582405008,0.67043636971909,-0.2555305308502094,0.7530446120990522,1.2779480581760638,-0.0005095149531773487,1.2784575731292411,0.0
1187,23.74,hold,kick,167,-0.21808918758381726,-1.790522648626862,0.1097334582405008,0.6689843932785628,-0.25407716226415705,0.7528990330081755,1.2774513406416612,-0.0005148138071397572,1.277966154448801,0.0
1188,23.76,hold,kick,168,-0.22903549816189553,-1.807783951420909,0.1097334582405008,0.6676902468927137,-0.25269074306218625,0.7528115578898088,1.2769681496986787,-0.0005224450982148666,1.2774905947968935,0.0
1189,23.78,hold,kick,169,-0.2399818087399738,-1.8250452542149562,0.1097334582405008,0.6665940326603971,-0.25152971955304115,0.7528219162153487,1.2765987697702534,-0.000530605388167734,1.2771293751584212,0.0
1190,23.8,hold,kick,170,-0.25092811931805215,-1.8423065570090034,0.1097334582405008,0.6656570715850303,-0.25062795177872943,0.7528945301508849,1.2763537060280588,-0.0005341569590186987,1.2768878629870775,0.0
1191,23.82,hold,kick,171,-0.2618744298961315,-1.8595678598030505,0.1097334582405008,0.6648558290467772,-0.24992316306116583,0.7529611374668074,1.2761600117844807,-0.0005356340604508285,1.2766956458449314,0.0
1192,23.84,hold,kick,172,-0.2728207404742109,-1.8768291625970976,0.1097334582405008,0.6641160562280705,-0.2493281235306266,0.7529810856886054,1.2759604652656429,-0.0005368114560096067,1.2764972767216525,0.0
1193,23.86,hold,kick,173,-0.2837670510522903,-1.8940904653911448,0.1097334582405008,0.663408726012767,-0.24877144726548103,0.7529938874475851,1.275761835000898,-0.0005401666713772783,1.2763020016722753,0.0
1194,23.88,hold,kick,174,-0.29471336163036965,-1.911351768185192,0.1097334582405008,0.6628045977727584,-0.24822992153840134,0.7530041900686951,1.275531651242129,-0.0005433940137462151,1.2760750452558753,0.0
1195,23.9,hold,kick,175,-0.30565967220844903,-1.928613070979239,0.1097334582405008,0.6622897398559593,-0.24776932298001034,0.7529884443976435,1.2753021787257648,-0.000545724585250755,1.2758479033110155,0.0
1196,23.92,hold,kick,176,-0.3166059827865284,-1.9458743737732862,0.1097334582405008,0.6617811890581835,-0.24744368806511882,0.7529819812825628,1.2751783915118338,-0.0005465149520105274,1.2757249064638443,0.0
1197,23.94,hold,kick,177,-0.3275522933646078,-1.9631356765673333,0.1097334582405008,0.6613463126167993,-0.2471437131901837,0.7530511961647006,1.2751121508385272,-0.0005609294126786638,1.275673080251206,0.0
1198,23.96,hold,kick,178,-0.33849860394268716,-1.9803969793613805,0.1097334582405008,0.6612460198173746,-0.24680528256462053,0.7532215571913535,1.2749728176112707,-0.0006107329484262396,1.2755835505596969,0.0
1199,23.98,hold,kick,179,-0.34944491452076654,-1.9976582821554276,0.1097334582405008,0.6612545377548006,-0.2466018628584813,0.753301535444407,1.274806677531641,-0.0005897842551099951,1.2753964617867508,0.0
1200,24.0,hold,kick,180,-0.3603912250988459,-2.014919584949475,0.1097334582405008,0.6610790828070119,-0.24642524444159708,0.7532375712608302,1.2746115866753858,-0.0004904409075951709,1.275102027582981,0.0
1201,24.02,hold,kick,181,-0.3713375356769253,-2.032180887743522,0.1097334582405008,0.6607237661401079,-0.24620858762065967,0.7532583233703534,1.2745870153775913,-0.00047016012135102717,1.2750571754989424,0.0
1202,24.04,hold,kick,182,-0.38228384625500467,-2.0494421905375693,0.1097334582405008,0.6602324702416212,-0.2461812130836497,0.7534702657646647,1.2749664158856204,-0.00048814933608908734,1.2754545652217095,0.0
1203,24.06,hold,kick,183,-0.39323015683308404,-2.0667034933316164,0.1097334582405008,0.6596332066687162,-0.2463440553335239,0.7538314141399005,1.275705733927679,-0.0005165938002256003,1.2762223277279046,0.0
1204,24.08,hold,kick,184,-0.4041764674111634,-2.0839647961256635,0.1097334582405008,0.6589185660481826,-0.2466416753896424,0.7543157225257888,1.276777737529064,-0.0005477219570632873,1.2773254594861274,0.0
1205,24.1,hold,kick,185,-0.4151227779892428,-2.1012260989197107,0.1097334582405008,0.6580674084109395,-0.24701921081270095,0.7548889904485823,1.2781885296659328,-0.0006081278212190858,1.2787966574871519,0.0
1206,24.12,hold,kick,186,-0.4260690885673222,-2.118487401713758,0.1097334582405008,0.6570908358531905,-0.2473660257398861,0.7554853607108337,1.2797262465712487,-0.0006878248685180284,1.2804140714397667,0.0
1207,24.14,hold,kick,187,-0.43701539914540155,-2.135748704507805,0.1097334582405008,0.6559766033618979,-0.24760971834972562,0.7560568613544929,1.2812775091950515,-0.0007787941430901918,1.2820563033381416,0.0
1208,24.16,hold,kick,188,-0.4479617097234809,-2.153010007301852,0.1097334582405008,0.6547200575478789,-0.24765029649863382,0.7564673703194491,1.282627767624376,-0.0008566690513649375,1.283484436675741,0.0
1209,24.18,hold,kick,189,-0.4589080203015603,-2.1702713100958992,0.1097334582405008,0.6534056167117017,-0.24740213414789802,0.756624388270047,1.2836035486909338,-0.0008968472901255548,1.2845003959810595,0.0
1210,24.2,hold,kick,190,-0.4698543308796397,-2.1875326128899464,0.1097334582405008,0.6522071670145659,-0.24680192015919278,0.7565417996816006,1.2841493102124097,-0.0008939650046167792,1.2850432752170264,0.0
1211,24.22,hold,kick,191,-0.48080064145771906,-2.2047939156839935,0.1097334582405008,0.6512271433277093,-0.2458600825513109,0.7562009011494184,1.2842394279995248,-0.0008549753192895644,1.2850944033188143,0.0
1212,24.24,hold,kick,192,-0.49174695203579843,-2.2220552184780407,0.1097334582405008,0.6506285167448075,-0.24458621622766918,0.7556373328384176,1.2838881577263714,-0.0008832331328983006,1.2847713908592697,0.0
1213,24.26,hold,kick,193,-0.5026932626138778,-2.239316521272088,0.1097334582405008,0.6505290781045995,-0.24308878481018076,0.7549716960559624,1.283229526909058,-0.000853902096475366,1.2840834290055332,0.0
1214,24.28,hold,kick,194,-0.5136395731919572,-2.256577824066135,0.1097334582405008,0.650833001066918,-0.24152734585719643,0.7541884243647407,1.282304575607225,-0.0008428128384291821,1.2831473884456543,0.0
1215,24.3,hold,kick,195,-0.5245858837700366,-2.273839126860182,0.1097334582405008,0.6514428563047104,-0.24002003728785026,0.7533608529796055,1.2812372934608391,-0.000822453028268999,1.2820597464891081,0.0
1216,24.32,hold,kick,196,-0.5355321943481159,-2.291100429654229,0.1097334582405008,0.6522411283125724,-0.23863408762881871,0.7525374406299502,1.2801256021690077,-0.0007960161248079661,1.2809216182938157,0.0
1217,24.34,hold,kick,197,-0.5464785049261953,-2.3083617324482764,0.1097334582405008,0.6531501837293567,-0.23741885156608036,0.7517350565761565,1.2790377471479673,-0.000769238406848699,1.279806985554816,0.0
1218,24.36,hold,kick,198,-0.5574248155042747,-2.3256230352423235,0.1097334582405008,0.6541196270776274,-0.23640991678476833,0.7509871504727021,1.2780441014817767,-0.0007441083593740065,1.2787882098411507,0.0
1219,24.38,hold,kick,199,-0.5683711260823541,-2.3428843380363706,0.1097334582405008,0.6551101500182844,-0.23562633565064625,0.7503367213269408,1.2772212008742008,-0.0007123152316046398,1.2779335161058054,0.0
1220,24.4,hold,kick,200,-0.5793174366604334,-2.360145640830418,0.1097334582405008,0.6561309751556538,-0.2350495806684656,0.749820707040992,1.2766071285735958,-0.0006859836803172654,1.277293112253913,0.0
1221,24.42,hold,kick,201,-0.5902637472385128,-2.377406943624465,0.1097334582405008,0.6571772240582561,-0.2346957006609025,0.7494463610501645,1.2762216323392037,-0.0006599785696449131,1.2768816109088486,0.0
1222,24.44,hold,kick,202,-0.6012100578165922,-2.394668246418512,0.1097334582405008,0.6582422682058331,-0.23456903880339328,0.7492223130249283,1.2760790440254457,-0.0006293693711642255,1.27670841339661,0.0
1223,24.46,hold,kick,203,-0.6121563683946716,-2.411929549212559,0.1097334582405008,0.6593250121404933,-0.234662092937928,0.7491381370102107,1.2761667488610984,-0.0006041847810776858,1.276770933642176,0.0
1224,24.48,hold,kick,204,-0.623102678972751,-2.4291908520066063,0.1097334582405008,0.6604259638116026,-0.23494948250504522,0.749155297022378,1.276433212828354,-0.0005848366974926834,1.2770180495258467,0.0
1225,24.5,hold,kick,205,-0.6340489895508303,-2.4464521548006535,0.1097334582405008,0.6615492222594445,-0.23539391054039083,0.7492397449069308,1.2768268033002117,-0.0005730651957197748,1.2773998684959316,0.0
1226,24.52,hold,kick,206,-0.6449953001289097,-2.4637134575947006,0.1097334582405008,0.6626923722156416,-0.23595927918056925,0.7493625134708638,1.2773016749218806,-0.0005618546761171281,1.2778635295979976,0.0
1227,24.54,hold,kick,207,-0.6559416107069891,-2.4809747603887478,0.1097334582405008,0.6638472847717155,-0.23661094784688744,0.7495054197470605,1.2778229613498722,-0.0005511732144358912,1.278374134564308,0.0
1228,24.56,hold,kick,208,-0.6668879212850685,-2.498236063182795,0.1097334582405008,0.6650065618586232,-0.23731855295178686,0.7496532546915023,1.2783591316898446,-0.000542264272750597,1.2789013959625952,0.0
1229,24.58,hold,kick,209,-0.6778342318631478,-2.515497365976842,0.1097334582405008,0.6661605305477425,-0.23805809924124108,0.7497948796813957,1.2788853785216427,-0.0005344883430760394,1.2794198668647188,0.0
1230,24.6,hold,kick,210,-0.6887805424412272,-2.532758668770889,0.1097334582405008,0.6672974198430218,-0.2388123497165231,0.7499259440241399,1.279386728061096,-0.0005274776800668554,1.2799142057411628,0.0
1231,24.62,hold,kick,211,-0.6997268530193066,-2.5500199715649363,0.1097334582405008,0.668404554594582,-0.23957039920905712,0.7500449781020235,1.279854630209306,-0.0005213676401966023,1.2803759978495024,0.0
1232,24.64,hold,kick,212,-0.710673163597386,-2.5672812743589835,0.1097334582405008,0.6694689238403814,-0.2403261398465466,0.7501512022015293,1.280284166475201,-0.0005161060832928471,1.2808002725584937,0.0
1233,24.66,hold,kick,213,-0.7216194741754653,-2.5845425771530306,0.1097334582405008,0.6704838712024849,-0.2410809844997182,0.7502467679316907,1.2806748440420863,-0.0005152784980440098,1.2811901225401303,0.0
1234,24.68,hold,kick,214,-0.7325657847535447,-2.6018038799470777,0.1097334582405008,0.6714438834709678,-0.2418405978293072,0.7503383945217683,1.2810325803541158,-0.0005160652850050018,1.2815486456391207,0.0
1235,24.7,hold,kick,215,-0.7435120953316241,-2.619065182741125,0.1097334582405008,0.6723366390000984,-0.2426077028071875,0.7504293853553373,1.281361851496128,-0.0005166823105075893,1.2818785338066356,0.0
1236,24.72,hold,kick,216,-0.7544584059097035,-2.636326485535172,0.1097334582405008,0.6731498453356899,-0.24338439476390938,0.7505201540482153,1.2816644458805273,-0.0005174040792114767,1.2821818499597388,0.0
1237,24.74,hold,kick,217,-0.7654047164877829,-2.653587788329219,0.1097334582405008,0.6738730548036009,-0.24417473231268813,0.7506161183866814,1.2819472296336585,-0.00051803115640945,1.282465260790068,0.0
1238,24.76,hold,kick,218,-0.7763510270658622,-2.6708490911232663,0.1097334582405008,0.67449868821271,-0.2449851439792852,0.7507266816154058,1.2822213582362407,-0.0005188061809409221,1.2827401644171816,0.0
1239,24.78,hold,kick,219,-0.7872973376439416,-2.6881103939173134,0.1097334582405008,0.675021406430214,-0.2458234991324215,0.7508603066820873,1.2824972747041765,-0.0005198820107048703,1.2830171567148814,0.0
1240,24.8,hold,kick,220,-0.798243648222021,-2.7053716967113606,0.1097334582405008,0.6754372966944465,-0.24669957664318612,0.7510206570923683,1.2827808939218894,-0.0005211986624130346,1.2833020925843024,0.0
1241,24.82,hold,kick,221,-0.8091899588001004,-2.7226329995054077,0.1097334582405008,0.6757447047573414,-0.24762177480066452,0.751207666377694,1.2830740446097126,-0.0005223902894556758,1.2835964348991684,0.0
1242,24.84,hold,kick,222,-0.8201362693781797,-2.739894302299455,0.1097334582405008,0.6759478586661101,-0.24859425792706408,0.7514206223757254,1.2833768183968608,-0.0005235406822801138,1.283900359079141,0.0
1243,24.86,hold,kick,223,-0.8310825799562591,-2.757155605093502,0.1097334582405008,0.6760527748994899,-0.2496192386489468,0.75165902523724,1.2836892200746688,-0.0005249208152152997,1.2842141408898842,0.0
1244,24.88,hold,kick,224,-0.8420288905343385,-2.774416907887549,0.1097334582405008,0.6760649390232301,-0.25069563316520554,0.7519241138590171,1.2840128940193993,-0.0005265743943561503,1.2845394684137554,0.0
1245,24.9,hold,kick,225,-0.8529752011124179,-2.7916782106815963,0.1097334582405008,0.6759844181188611,-0.2518328101474344,0.7522132825717075,1.2843467723640678,-0.0005292483682881148,1.284876020732356,0.0
1246,24.92,hold,kick,226,-0.8639215116904972,-2.8089395134756434,0.1097334582405008,0.6758102529003873,-0.2530412613813551,0.7525231253830522,1.284688559269361,-0.0005329649865681123,1.2852215242559293,0.0
1247,24.94,hold,kick,227,-0.8748678222685766,-2.8262008162696906,0.1097334582405008,0.6755444756046817,-0.2543294889274162,0.752850285527881,1.285035370758646,-0.0005374366154343169,1.2855728073740802,0.0
1248,24.96,hold,kick,228,-0.885814132846656,-2.8434621190637377,0.1097334582405008,0.6752279281503205,-0.25542823718767754,0.7527466623399186,1.2849626374996403,-0.0005135063856099333,1.2854761438852502,0.0
1249,24.98,hold,kick,229,-0.8967604434247354,-2.860723421857785,0.1097334582405008,0.675216495859458,-0.2560729846391795,0.7520789013129277,1.2843066634595603,-0.0004869232962934622,1.2847935867558538,0.0
1250,25.0,hold,kick,230,-0.9077067540028148,-2.877984724651832,0.1097334582405008,0.6754120115184457,-0.2566269739438912,0.7513055084522821,1.283524792525361,-0.0004970996488818762,1.2840218921742428,0.0
1251,25.02,hold,kick,231,-0.9186530645808941,-2.895246027445879,0.1097334582405008,0.675627389479091,-0.2572910412913674,0.7507051194705541,1.2829144101199175,-0.0005053312876201581,1.2834197414075377,0.0
1252,25.04,hold,kick,232,-0.9295993751589735,-2.9125073302399263,0.1097334582405008,0.6758528861947773,-0.2580299468841581,0.7502793608050351,1.2824792216769558,-0.0005088881971027949,1.2829881098740585,0.0
1253,25.06,hold,kick,233,-0.9405456857370529,-2.9297686330339734,0.1097334582405008,0.6761031489170165,-0.25883174476092835,0.7500174851916253,1.28220631480979,-0.0005119014208637522,1.2827182162306536,0.0
1254,25.08,hold,kick,234,-0.9514919963151323,-2.9470299358280205,0.1097334582405008,0.6763849968061916,-0.25969841201852956,0.7499094938442705,1.2820848114543468,-0.0005148384033482854,1.282599649857695,0.0
1255,25.1,hold,kick,235,-0.9624383068932116,-2.9642912386220677,0.1097334582405008,0.676703765377911,-0.260635313786631,0.7499235981213922,1.2820831235511554,-0.0005173676144160921,1.2826004911655715,0.0
1256,25.12,hold,kick,236,-0.973384617471291,-2.981552541416115,0.1097334582405008,0.6770533183324703,-0.2616407540846784,0.7500227662204652,1.2821641307439782,-0.0005193705764901732,1.2826835013204683,0.0
1257,25.14,hold,kick,237,-0.9843309280493704,-2.998813844210162,0.1097334582405008,0.6774251162671614,-0.2627151427741086,0.750190097447402,1.2823118066923944,-0.0005213751346190565,1.2828331818270136,0.0
1258,25.16,hold,kick,238,-0.9952772386274498,-3.016075147004209,0.1097334582405008,0.677806518864713,-0.26385573267990947,0.7504083461923287,1.2825108416238935,-0.0005230265363533673,1.283033868160247,0.0
1259,25.18,hold,kick,239,-1.0062235492055291,-3.0333364497982562,0.1097334582405008,0.6781882389474424,-0.265055640925762,0.7506546099550382,1.282740053011952,-0.0005243943873857876,1.2832644473993378,0.0
1260,25.2,hold,kick,240,-1.0171698597836085,-3.0505977525923034,0.1097334582405008,0.678550575063304,-0.26629677372775684,0.7509077168491972,1.2829792744069322,-0.0005251818828583797,1.2835044562897906,0.0
1261,25.22,hold,kick,241,-1.028116170361688,-3.0678590553863505,0.1097334582405008,0.6788795895684625,-0.26755612394567735,0.7511498016610714,1.2832109323112808,-0.000526251219357985,1.2837371835306388,0.0
1262,25.24,hold,kick,242,-1.0390624809397673,-3.0851203581803976,0.1097334582405008,0.6791733701476576,-0.2688137786438837,0.7513678260699531,1.283421418438225,-0.0005278920111557173,1.2839493104493809,0.0
1263,25.26,hold,kick,243,-1.0500087915178467,-3.102381660974445,0.1097334582405008,0.6794372238352695,-0.270057358606816,0.7515558706312485,1.2836039925671177,-0.0005301825867476059,1.2841341751538653,0.0
1264,25.28,hold,kick,244,-1.060955102095926,-3.119642963768492,0.1097334582405008,0.6796720945692006,-0.2712739316907395,0.7517134395503619,1.2837571576569144,-0.0005326518595894815,1.2842898095165038,0.0
1265,25.3,hold,kick,245,-1.0719014126740054,-3.136904266562539,0.1097334582405008,0.6798749789768652,-0.272451292615151,0.7518428864736717,1.2838823229715837,-0.0005351487121181102,1.2844174716837018,0.0
1266,25.32,hold,kick,246,-1.0828477232520848,-3.154165569356586,0.1097334582405008,0.6800406954185398,-0.2735808826587059,0.7519486578664224,1.2839832918225147,-0.0005380992595338183,1.2845213910820485,0.0
1267,25.34,hold,kick,247,-1.0937940338301642,-3.1714268721506333,0.1097334582405008,0.6801648329234199,-0.27465618124786395,0.7520368496672816,1.2840656754166884,-0.0005412188524156931,1.284606894269104,0.0
1268,25.36,hold,kick,248,-1.1047403444082435,-3.1886881749446805,0.1097334582405008,0.6802453925851963,-0.27567310656653377,0.752114454182502,1.2841362042722047,-0.0005441223840040414,1.2846803266562088,0.0
1269,25.38,hold,kick,249,-1.115686654986323,-3.2059494777387276,0.1097334582405008,0.6802847543734225,-0.2766297424418803,0.752185589083247,1.284198996159697,-0.0005462993732181683,1.284745295532915,0.0
1270,25.4,hold,kick,250,-1.1266329655644023,-3.2232107805327748,0.1097334582405008,0.6802876156575244,-0.2775261686487426,0.7522530579263591,1.2842570324294935,-0.0005477779917811808,1.2848048104212746,0.0
1271,25.42,hold,kick,251,-1.1375792761424817,-3.240472083326822,0.1097334582405008,0.6802613279419686,-0.27836508165746504,0.7523192357188474,1.2843131803288033,-0.0005489716186860595,1.2848621519474894,0.0
1272,25.44,hold,kick,252,-1.148525586720561,-3.257733386120869,0.1097334582405008,0.6802097323035639,-0.27914868921412883,0.7523862478355771,1.2843701574080553,-0.0005501504819391441,1.2849203078899945,0.0
1273,25.46,hold,kick,253,-1.1594718972986404,-3.274994688914916,0.1097334582405008,0.6801338976012239,-0.27987851262170704,0.7524552251626209,1.2844296837269633,-0.0005512237502608708,1.2849809074772243,0.0
1274,25.48,hold,kick,254,-1.1704182078767198,-3.2922559917089633,0.1097334582405008,0.6800335004056739,-0.28055529631292603,0.752525889378806,1.2844919550677907,-0.0005520559210466895,1.2850440109888375,0.0
1275,25.5,hold,kick,255,-1.1813645184547992,-3.3095172945030105,0.1097334582405008,0.6799078643736131,-0.28117935140546596,0.7525970078765201,1.2845560407233994,-0.0005524195195605978,1.2851084602429599,0.0
1276,25.52,hold,kick,256,-1.1923108290328785,-3.3267785972970576,0.1097334582405008,0.6797565975344442,-0.2817511524098061,0.7526672488289634,1.2846207685401347,-0.0005520052691707529,1.2851727738093055,0.0
1277,25.54,hold,kick,257,-1.203257139610958,-3.3440399000911047,0.1097334582405008,0.6795789557830972,-0.2822710686074778,0.7527355439145368,1.284685109214586,-0.0005509138839836919,1.2852360230985695,0.0
1278,25.56,hold,kick,258,-1.2142034501890373,-3.361301202885152,0.1097334582405008,0.6793750306232107,-0.2827399270172121,0.7528010426542244,1.2847481701548547,-0.0005492769368880164,1.2852974470917427,0.0
1279,25.58,hold,kick,259,-1.2251497607671167,-3.378562505679199,0.1097334582405008,0.6791452646323157,-0.2831587220184129,0.7528632259732185,1.2848092887285565,-0.0005472006817661794,1.2853564894103227,0.0
1280,25.6,hold,kick,260,-1.236096071345196,-3.395823808473246,0.1097334582405008,0.6788881911827096,-0.2835274964610089,0.7529217772067665,1.2848677456480948,-0.0005447690733150143,1.2854125147214097,0.0
1281,25.62,hold,kick,261,-1.2470423819232754,-3.4130851112672933,0.1097334582405008,0.6786044039211531,-0.283847223635843,0.7529765084339838,1.2849230292276683,-0.0005419692196898564,1.2854649984473583,0.0
1282,25.64,hold,kick,262,-1.2579886925013548,-3.4303464140613404,0.1097334582405008,0.6782976103826305,-0.2841203897055879,0.753027411465191,1.2849749888532778,-0.0005395230396712074,1.285514511892949,0.0
1283,25.66,hold,kick,263,-1.2689350030794342,-3.4476077168553876,0.1097334582405008,0.6779717694125282,-0.2843496393279756,0.7530742625216155,1.2850233035310348,-0.0005371794297239496,1.2855604829607588,0.0
1284,25.68,hold,kick,264,-1.2798813136575136,-3.4648690196494347,0.1097334582405008,0.6776311577487746,-0.28453670737119025,0.7531163327771752,1.2850671188334097,-0.0005346006138270062,1.2856017194472367,0.0
1285,25.7,hold,kick,265,-1.290827624235593,-3.482130322443482,0.1097334582405008,0.6772814537084523,-0.2846835076203291,0.7531533855314785,1.2851061605449117,-0.0005319026617948384,1.2856380632067066,0.0
1286,25.72,hold,kick,266,-1.3017739348136723,-3.499391625237529,0.1097334582405008,0.676927917063031,-0.2847931675309734,0.7531857905143929,1.2851408303814367,-0.0005292291245602675,1.2856700595059969,0.0
1287,25.74,hold,kick,267,-1.3127202453917517,-3.516652928031576,0.1097334582405008,0.6765753864047378,-0.2848690382510465,0.7532147917504451,1.2851723926794025,-0.0005267778714590568,1.2856991705508616,0.0
1288,25.76,hold,kick,268,-1.323666555969831,-3.5339142308256233,0.1097334582405008,0.6762282483369305,-0.2849140927212985,0.7532411920149759,1.2852016357595177,-0.0005246687291626806,1.2857263044886804,0.0
1289,25.78,hold,kick,269,-1.3346128665479104,-3.5511755336196704,0.1097334582405008,0.6758905698403864,-0.28493115443012507,0.7532653609317641,1.2852288858364327,-0.0005227435650831773,1.2857516294015159,0.0
1290,25.8,hold,kick,270,-1.3455591771259898,-3.5684368364137176,0.1097334582405008,0.6755661204519243,-0.2849229770348788,0.7532874635866795,1.2852542524033523,-0.000520976602961784,1.285775229006314,0.0
1291,25.82,hold,kick,271,-1.3565054877040692,-3.5856981392077647,0.1097334582405008,0.6752581821806969,-0.28489237354474384,0.7533075070764372,1.2852776856057702,-0.0005193261564710762,1.2857970117622413,0.0
1292,25.84,hold,kick,272,-1.3674517982821486,-3.602959442001812,0.1097334582405008,0.6749695223245179,-0.28484226261003104,0.7533254004076653,1.2852990424629256,-0.0005177658164480306,1.2858168082793737,0.0
1293,25.86,hold,kick,273,-1.378398108860228,-3.620220744795859,0.1097334582405008,0.6747023601578992,-0.28477531934536465,0.7533403644930702,1.285317513228776,-0.0005162853855644432,1.2858337986143404,0.0
1294,25.88,hold,kick,274,-1.3893444194383073,-3.637482047589906,0.1097334582405008,0.6744590489454186,-0.2846937186410434,0.7533510501027879,1.2853316579370673,-0.0005157156534300149,1.2858473735904974,0.0
1295,25.9,hold,kick,275,-1.4002907300163867,-3.6547433503839533,0.1097334582405008,0.6742416232520322,-0.28460070144187727,0.7533576733415854,1.285341682913674,-0.0005151429919952252,1.285856825905669,0.0
1296,25.92,hold,kick,276,-1.411237040594466,-3.6720046531780004,0.1097334582405008,0.674051330310147,-0.2844991613572471,0.7533607249796239,1.2853481337066066,-0.0005145603125192716,1.2858626940191258,0.0
1297,25.94,hold,kick,276,-1.4221833511725455,-3.6892659559720475,0.1097334582405008,0.6738889744581071,-0.2843909981833707,0.753360378626025,1.2853511705803249,-0.0005141857805263349,1.2858653563608513,0.0
1298,25.96,hold,kick,276,-1.4331296617506248,-3.7065272587660947,0.1097334582405008,0.6737546970834092,-0.28427750787475226,0.7533568424287168,1.2853509541214072,-0.0005140420756368606,1.285864996197044,0.0
1299,25.98,hold,kick,276,-1.4440759723287042,-3.723788561560142,0.1097334582405008,0.6736479137086661,-0.28415963757835333,0.7533505949437794,1.2853478924132788,-0.0005140831286502834,1.2858619755419292,0.0
1300,26.0,hold,kick,276,-1.4550222829067836,-3.741049864354189,0.1097334582405008,0.6735667595735197,-0.2840381915679322,0.7533434354045548,1.2853436974787509,-0.0005141352382104607,1.2858578327169614,0.0
1301,26.02,hold,kick,276,-1.465968593484863,-3.758311167148236,0.1097334582405008,0.6735094297036303,-0.28391395685614396,0.7533365507975897,1.2853395325380434,-0.0005141622927110449,1.2858536948307544,0.0
1302,26.04,hold,kick,276,-1.4769149040629423,-3.7755724699422832,0.1097334582405008,0.6734744810121329,-0.2837876986294321,0.7533303067741967,1.285335730444162,-0.000514154834478503,1.2858498852786404,0.0
1303,26.06,hold,kick,276,-1.4878612146410217,-3.7928337727363304,0.1097334582405008,0.6734607008156474,-0.2836601896739677,0.7533247950234635,1.2853323618089718,-0.0005141501058376977,1.2858465119148095,0.0
1304,26.08,hold,kick,276,-1.498807525219101,-3.8100950755303775,0.1097334582405008,0.6734678662426438,-0.28353282217037856,0.7533201739093441,1.285329619757985,-0.0005142005649708889,1.285843820322956,0.0
1305,26.1,hold,kick,276,-1.5097538357971805,-3.8273563783244247,0.1097334582405008,0.6734966199703241,-0.28340753702962945,0.7533164456122505,1.2853276537079235,-0.0005145139984290038,1.2858421677063525,0.0
1306,26.12,hold,kick,276,-1.5207001463752599,-3.844617681118472,0.1097334582405008,0.6735459175005721,-0.283285058279935,0.7533120415299012,1.2853249789936998,-0.0005148817130673777,1.2858398607067671,0.0
1307,26.14,hold,kick,276,-1.5316464569533392,-3.861878983912519,0.1097334582405008,0.6736144365140386,-0.28316595357432994,0.7533059986142412,1.2853206319293144,-0.0005153346070449136,1.2858359665363595,0.0
1308,26.16,hold,kick,276,-1.5425927675314186,-3.879140286706566,0.1097334582405008,0.6737005071483143,-0.28305054912239214,0.7532982603920401,1.285314552914267,-0.0005158545023897128,1.2858304074166569,0.0
1309,26.18,hold,kick,276,-1.553539078109498,-3.896401589500613,0.1097334582405008,0.6738024804983646,-0.28293911854588194,0.753289117088367,1.2853070284471335,-0.0005164145221302346,1.2858234429692637,0.0
1310,26.2,hold,kick,276,-1.5644853886875774,-3.9136628922946604,0.1097334582405008,0.6739186848676568,-0.2828317991764462,0.7532789175566525,1.2852984000991592,-0.0005169998380945076,1.2858153999372537,0.0
1311,26.22,hold,kick,276,-1.5754316992656567,-3.9309241950887075,0.1097334582405008,0.6740473733434267,-0.28272849946574097,0.7532678110055451,1.2852888042296666,-0.0005176157689278579,1.2858064199985946,0.0
1312,26.24,hold,kick,276,-1.5863780098437361,-3.9481854978827546,0.1097334582405008,0.6741868004546138,-0.2826290256582949,0.7532558628462775,1.2852782740116029,-0.0005182468241045797,1.2857965208357074,0.0
1313,26.26,hold,kick,276,-1.5973243204218155,-3.9654468006768018,0.1097334582405008,0.6743352151257609,-0.28253321721124325,0.753243188090344,1.2852669066352371,-0.0005188395290174584,1.2857857461642546,0.0
1314,26.28,hold,kick,276,-1.6082706309998949,-3.982708103470849,0.1097334582405008,0.6744908984064074,-0.28244042882055675,0.7532297665869101,1.2852546407810481,-0.0005192815248435192,1.2857739223058917,0.0
1315,26.3,hold,kick,276,-1.6192169415779742,-3.999969406264896,0.1097334582405008,0.6746520816144076,-0.2823503883838518,0.7532158987379013,1.2852417343949452,-0.0005197941047217457,1.2857615284996669,0.0
1316,26.32,hold,kick,276,-1.6301632521560536,-4.017230709058944,0.1097334582405008,0.6748168322184525,-0.2822632550783488,0.7532018707287013,1.2852284695585572,-0.0005203804034652482,1.2857488499620224,0.0
1317,26.34,hold,kick,276,-1.641109562734133,-4.034492011852991,0.1097334582405008,0.6749832645134098,-0.2821791563187235,0.7531879653883664,1.2852151440405555,-0.0005209978149965447,1.285736141855552,0.0
1318,26.36,hold,kick,276,-1.6520558733122124,-4.051753314647038,0.1097334582405008,0.6751494839364793,-0.2820982919381226,0.7531744594712092,1.2852020657374301,-0.0005216155280847769,1.2857236812655148,0.0
1319,26.38,hold,kick,276,-1.6630021838902918,-4.069014617441085,0.1097334582405008,0.6753136475324414,-0.28202086554102307,0.7531615688023884,1.2851894886622803,-0.0005222151057577805,1.2857117037680381,0.0
1320,26.4,hold,kick,276,-1.6739484944683711,-4.086275920235132,0.1097334582405008,0.6754740262320743,-0.2819470676439369,0.7531494659239885,1.2851776205672825,-0.0005227837783633553,1.285700404345646,0.0
1321,26.42,hold,kick,276,-1.6848948050464505,-4.103537223029179,0.1097334582405008,0.6756290159175298,-0.28187706099402127,0.7531383042247566,1.2851666456648942,-0.0005233278320120258,1.2856899734969063,0.0
1322,26.44,hold,kick,276,-1.6958411156245299,-4.1207985258232265,0.1097334582405008,0.6757769338569505,-0.28181088090370066,0.753128246650858,1.2851567400209396,-0.000523841860764613,1.2856805818817043,0.0
1323,26.46,hold,kick,276,-1.7067874262026093,-4.138059828617274,0.1097334582405008,0.6759162799012984,-0.2817485154936595,0.7531193922390728,1.2851480090380045,-0.0005243047856069508,1.2856723138236115,0.0
1324,26.48,hold,kick,276,-1.7177337367806886,-4.155321131411321,0.1097334582405008,0.6760459389232661,-0.28168998535089973,0.753111780101205,1.285140496365785,-0.0005247007860435492,1.2856651971518287,0.0
1325,26.5,hold,kick,276,-1.728680047358768,-4.172582434205368,0.1097334582405008,0.6761651859725295,-0.2816352879287499,0.7531054666055946,1.285134261381962,-0.0005250114326122157,1.2856592728145744,0.0
1326,26.52,hold,kick,276,-1.7396263579368474,-4.189843736999415,0.1097334582405008,0.6762735972717192,-0.28158442573242887,0.7531004642782018,1.2851293225357554,-0.0005252453076151492,1.2856545678433706,0.0
1327,26.54,hold,kick,276,-1.7505726685149268,-4.207105039793462,0.1097334582405008,0.676370968526123,-0.28153746562847,0.7530967566463459,1.2851256704041871,-0.0005254145188039842,1.2856510849229912,0.0
1328,26.56,hold,kick,276,-1.7615189790930061,-4.224366342587509,0.1097334582405008,0.6764572623979961,-0.2814945213888872,0.753094309133725,1.285123281397558,-0.0005255272933444646,1.2856488086909024,0.0
1329,26.58,hold,kick,276,-1.7724652896710855,-4.2416276453815565,0.1097334582405008,0.6765326275878273,-0.2814557304336428,0.7530930003731527,1.2851220528189629,-0.0005255934311945189,1.2856476462501574,0.0
1330,26.6,hold,kick,276,-1.783411600249165,-4.258888948175604,0.1097334582405008,0.6765977026732436,-0.28142126951010304,0.753092297647065,1.285121472936327,-0.000525632425388254,1.2856471053617151,0.0
1331,26.62,hold,kick,276,-1.7943579108272443,-4.276150250969651,0.1097334582405008,0.6766532542485251,-0.2813912907156219,0.7530919188014166,1.2851212605162898,-0.0005256485436331386,1.285646909059923,0.0
1332,26.64,hold,kick,276,-1.8053042214053237,-4.293411553763698,0.1097334582405008,0.6767000280823539,-0.2813658014927211,0.7530917899888777,1.2851213333209024,-0.000525646577528141,1.2856469798984305,0.0
1333,26.66,hold,kick,276,-1.816250531983403,-4.310672856557745,0.1097334582405008,0.6767386519236969,-0.28134487913917283,0.7530919203410812,1.2851216954371107,-0.0005256332362287945,1.2856473286733396,0.0
1334,26.68,hold,kick,276,-1.8271968425614824,-4.327934159351792,0.1097334582405008,0.6767695287627531,-0.2813285392269059,0.7530923188557279,1.285122345826759,-0.0005256164937011906,1.2856479623204602,0.0
1335,26.7,hold,kick,276,-1.8381431531395618,-4.345195462145839,0.1097334582405008,0.6767927182256086,-0.28131659933671577,0.7530929838174713,1.2851232472114706,-0.0005255903227109719,1.2856488375341817,0.0
1336,26.72,hold,kick,276,-1.8490894637176412,-4.362456764939886,0.1097334582405008,0.6768086552494214,-0.2813090674330524,0.7530939282686147,1.2851243980357452,-0.0005255458405170471,1.2856499438762623,0.0
1337,26.74,hold,kick,276,-1.8600357742957205,-4.379718067733934,0.1097334582405008,0.6768179455450485,-0.28130601315925435,0.753095161626681,1.2851258056941854,-0.0005254850513983986,1.285651290745584,0.0
1338,26.76,hold,kick,276,-1.8709820848738,-4.396979370527981,0.1097334582405008,0.6768212282205377,-0.2813074937971595,0.7530966865130702,1.285127473570303,-0.0005254128490265499,1.2856528864193297,0.0
1339,26.78,hold,kick,276,-1.8819283954518793,-4.414240673322028,0.1097334582405008,0.6768191270558596,-0.2813135328100907,0.7530985039402012,1.2851294038919017,-0.0005253330952596745,1.2856547369871614,0.0
1340,26.8,hold,kick,276,-1.8928747060299587,-4.431501976116075,0.1097334582405008,0.6768122506677161,-0.2813241209938498,0.7531006115837368,1.2851315960130971,-0.0005252493987204614,1.2856568454118176,0.0
1341,26.82,hold,kick,276,-1.903821016608038,-4.448763278910122,0.1097334582405008,0.6768012176117544,-0.28133923907751474,0.7531030048286177,1.2851340477366768,-0.0005251656133590209,1.2856592133500357,0.0
1342,26.84,hold,kick,276,-1.9147673271861174,-4.466024581704169,0.1097334582405008,0.6767866785291312,-0.2813588105561129,0.7531056659619172,1.285136742813679,-0.0005250810445523932,1.2856618238582314,0.0
1343,26.86,hold,kick,276,-1.9257136377641968,-4.483285884498216,0.1097334582405008,0.6767692470440803,-0.28138270573806745,0.7531085829740429,1.2851396669395128,-0.0005250037206290907,1.2856646706601418,0.0
1344,26.88,hold,kick,276,-1.9366599483422762,-4.5005471872922636,0.1097334582405008,0.6767494633825597,-0.2814108007277458,0.7531117549808488,1.2851428188144205,-0.0005249386501765055,1.285667757464597,0.0
1345,26.9,hold,kick,276,-1.9476062589203555,-4.517808490086311,0.1097334582405008,0.6767277956993182,-0.2814429506743918,0.7531151756634934,1.2851461937783646,-0.0005248832453606384,1.2856710770237252,0.0
1346,26.92,hold,kick,276,-1.958552569498435,-4.535069792880358,0.1097334582405008,0.6767046530544715,-0.2814789931263139,0.7531188392940563,1.285149789049943,-0.0005248357357871443,1.2856746247857302,0.0
1347,26.94,hold,kick,276,-1.9694988800765143,-4.552331095674405,0.1097334582405008,0.6766803633423288,-0.2815188171323093,0.7531227444504534,1.2851536153520675,-0.0005247951673913558,1.285678410519459,0.0
1348,26.96,hold,kick,276,-1.9804451906545937,-4.569592398468452,0.1097334582405008,0.6766551927237322,-0.28156232148252497,0.753126931956385,1.285157728511244,-0.0005247739899014343,1.2856825025011456,0.0
1349,26.98,hold,kick,276,-1.991391501232673,-4.586853701262499,0.1097334582405008,0.6766293652528197,-0.2816094287913703,0.7531316386092344,1.2851623736459186,-0.0005248087988842763,1.2856871824448028,0.0
1350,27.0,hold,kick,276,-2.0023378118107504,-4.604115004056546,0.1097334582405008,0.6766031184489826,-0.28166006693725776,0.7531371750846898,1.2851678772950363,-0.0005248472917306658,1.285692724586767,0.0
1351,27.02,hold,kick,276,-2.013284122388821,-4.6213763068505935,0.1097334582405008,0.6765767548559123,-0.281714052064974,0.7531436284473162,1.2851743326397822,-0.0005248854311627991,1.285699218070945,0.0
1352,27.04,hold,kick,276,-2.0242304329668914,-4.638637609644641,0.1097334582405008,0.6765506111201044,-0.2817711141636242,0.7531508987716905,1.2851816343915916,-0.0005249258146306293,1.2857065602062223,0.0
1353,27.06,hold,kick,276,-2.035176743544962,-4.655898912438688,0.1097334582405008,0.67652501105836,-0.28183092776574126,0.7531588496060717,1.2851896314157965,-0.0005249714121646001,1.2857146028279611,0.0
1354,27.08,hold,kick,276,-2.0461230541230324,-4.673160215232735,0.1097334582405008,0.6765002157309444,-0.28189315437740037,0.7531673147058443,1.2851981465858946,-0.0005250277543847291,1.2857231743402793,0.0
1355,27.1,hold,kick,276,-2.057069364701103,-4.690421518026782,0.1097334582405008,0.6764764151784829,-0.2819574740219901,0.7531761292250148,1.2852070071748687,-0.0005250970252544639,1.285732104200123,0.0
1356,27.12,hold,kick,276,-2.0680156752791734,-4.707682820820829,0.1097334582405008,0.6764537585338851,-0.28202359662259163,0.753185177199254,1.2852160928238052,-0.0005251781731492218,1.2857412709969545,0.0
1357,27.14,hold,kick,276,-2.078961985857244,-4.724944123614876,0.1097334582405008,0.6764323664521906,-0.28209125571796184,0.7531943701740796,1.285225313680423,-0.0005252700787048668,1.2857505837591279,0.0
1358,27.16,hold,kick,276,-2.0899082964353144,-4.7422054264089235,0.1097334582405008,0.6764122696458496,-0.28216017025677614,0.7532036427303903,1.285234600675157,-0.0005253704124184196,1.2857599710875753,0.0
1359,27.18,hold,kick,276,-2.100854607013385,-4.759466729202971,0.1097334582405008,0.6763933945590948,-0.2822300303479579,0.753212954810914,1.28524390524365,-0.000525475950308555,1.2857693811939586,0.0
1360,27.2,hold,kick,276,-2.1118009175914554,-4.776728031997018,0.1097334582405008,0.6763757414003116,-0.2823004696663065,0.7532225454803242,1.2852534070727493,-0.0005255859503369084,1.285778993023086,0.0
1361,27.22,hold,kick,276,-2.122747228169526,-4.793989334791065,0.1097334582405008,0.67635909360825,-0.28237177518893114,0.753232465961722,1.2852632111426756,-0.0005256931530252355,1.285788904295701,0.0
1362,27.24,hold,kick,276,-2.1336935387475964,-4.811250637585112,0.1097334582405008,0.6763433245392312,-0.28244414616767516,0.7532426768216808,1.2852733249334443,-0.0005257932797213365,1.2857991182131656,0.0
1363,27.26,hold,kick,276,-2.144639849325667,-4.828511940379159,0.1097334582405008,0.6763284865106329,-0.28251747162767915,0.753253072320873,1.2852836532900052,-0.0005258877280083264,1.2858095410180135,0.0
1364,27.28,hold,kick,276,-2.1555861599037374,-4.845773243173206,0.1097334582405008,0.6763147131093307,-0.28259152320727243,0.7532634967097632,1.2852940353088234,-0.0005259792839174895,1.2858200145927408,0.0
1365,27.3,hold,kick,276,-2.166532470481808,-4.8630345459672535,0.1097334582405008,0.6763021600952882,-0.2826660334830411,0.7532738037679363,1.2853043142127132,-0.0005260701480714128,1.2858303843607846,0.0
1366,27.32,hold,kick,276,-2.1774787810598784,-4.880295848761301,0.1097334582405008,0.6762909748891287,-0.2827407435098989,0.7532838906221764,1.2853143749283171,-0.0005261624530952767,1.2858405373814124,0.0
1367,27.34,hold,kick,276,-2.188425091637949,-4.897557151555348,0.1097334582405008,0.6762812712423321,-0.2828154421967396,0.7532937187034734,1.2853241688165735,-0.0005262578887134245,1.285850426705287,0.0
1368,27.36,hold,kick,276,-2.1993714022160193,-4.914818454349395,0.1097334582405008,0.6762731284798605,-0.2828899613811874,0.7533032833859661,1.2853336856998474,-0.0005263578498990971,1.2858600435497465,0.0
1369,27.38,hold,kick,276,-2.21031771279409,-4.932079757143442,0.1097334582405008,0.676266586949524,-0.2829641602912009,0.7533125954840436,1.285342932930853,-0.0005264626162484985,1.2858693955471014,0.0
1370,27.4,hold,kick,276,-2.2212640233721603,-4.949341059937489,0.1097334582405008,0.6762616454248661,-0.2830379224779283,0.7533216781925769,1.2853519324582483,-0.0005265721758623658,1.2858785046341106,0.0
1371,27.42,hold,kick,276,-2.232210333950231,-4.966602362731536,0.1097334582405008,0.6762582660806787,-0.28311115559065103,0.7533305595435553,1.2853607128923017,-0.0005266867834520621,1.2858873996757538,0.0
1372,27.44,hold,kick,276,-2.2431566445283013,-4.9838636655255835,0.1097334582405008,0.6762563750477503,-0.2831837817714007,0.7533392705678277,1.285369306682203,-0.000526805584868402,1.2858961122670713,0.0
1373,27.46,hold,kick,276,-2.254102955106372,-5.001124968319631,0.1097334582405008,0.6762558585320094,-0.2832557473007634,0.7533478655395625,1.285377770602731,-0.000526927468301918,1.285904698071033,0.0
1374,27.48,hold,kick,276,-2.2650492656844423,-5.018386271113678,0.1097334582405008,0.6762565749032126,-0.28332700024892693,0.7533563915468889,1.285386156188955,-0.0005270512832404456,1.2859132074721955,0.0
1375,27.5,hold,kick,276,-2.275995576262513,-5.035647573907725,0.1097334582405008,0.6762583702683995,-0.2833974782630781,0.7533648684763201,1.2853944863460418,-0.0005271756767847267,1.2859216620228264,0.0
1376,27.52,hold,kick,276,-2.2869418868405833,-5.052908876701772,0.1097334582405008,0.6762610761463634,-0.28346713264315504,0.7533733175003765,1.285402784752091,-0.0005272993753983601,1.2859300841274894,0.0
1377,27.54,hold,kick,276,-2.297888197418654,-5.070170179495819,0.1097334582405008,0.676264524978322,-0.2835359182759997,0.7533817408991087,1.2854110570324644,-0.0005274213410213537,1.2859384783734857,0.0
1378,27.56,hold,kick,276,-2.3088345079967243,-5.087431482289866,0.1097334582405008,0.676268550209048,-0.2836037869422096,0.7533901275245931,1.2854192943723253,-0.0005275401738566894,1.285946834546182,0.0
1379,27.58,hold,kick,276,-2.319780818574795,-5.104692785083913,0.1097334582405008,0.6762729898258246,-0.28367069948609447,0.753398467679783,1.2854274886611115,-0.0005276553696646515,1.2859551440307762,0.0
1380,27.6,hold,kick,276,-2.3307271291528653,-5.121954087877961,0.1097334582405008,0.6762776902776534,-0.28373662024747837,0.7534067486144511,1.2854356289976703,-0.0005277660043612152,1.2859633950020315,0.0
1381,27.62,hold,kick,276,-2.341673439730936,-5.139215390672008,0.1097334582405008,0.6762825074627107,-0.2838015211223269,0.7534149597606642,1.2854437058934662,-0.0005278713645559714,1.2859715772580222,0.0
1382,27.64,hold,kick,276,-2.3526197503090063,-5.156476693466055,0.1097334582405008,0.6762873077659046,-0.2838653798151114,0.7534230904529643,1.2854517098854537,-0.0005279708507468298,1.2859796807362005,0.0
1383,27.66,hold,kick,276,-2.3635660608870768,-5.173737996260102,0.1097334582405008,0.6762919485447425,-0.28392817717492047,0.7534311363706548,1.2854596367109363,-0.0005280637553950959,1.2859877004663314,0.0
1384,27.68,hold,kick,276,-2.3745123714651473,-5.190999299054149,0.1097334582405008,0.6762962546769807,-0.283989873153237,0.75343908739824,1.2854674755466242,-0.0005281484137523509,1.2859956239603765,0.0
1385,27.7,hold,kick,276,-2.3854586820432178,-5.208260601848196,0.1097334582405008,0.6763000825602358,-0.28405043986546635,0.7534469418828319,1.2854752229108364,-0.0005282223997194954,1.2860034453105558,0.0
1386,27.72,hold,kick,276,-2.3964049926212883,-5.225521904642243,0.1097334582405008,0.6763033448133644,-0.28410987437886825,0.7534547013170125,1.285482880351243,-0.0005282858485563223,1.2860111661997993,0.0
1387,27.74,hold,kick,276,-2.4073513031993587,-5.242783207436291,0.1097334582405008,0.6763059941867764,-0.2841681957084361,0.7534623830936006,1.2854904646157945,-0.0005283408680683069,1.2860188054838628,0.0
1388,27.76,hold,kick,276,-2.4182976137774292,-5.260044510230338,0.1097334582405008,0.6763080135798696,-0.2842254415805997,0.7534700111080753,1.2854980002303695,-0.0005283891661029896,1.2860263893964725,0.0
1389,27.78,hold,kick,276,-2.4292439243554997,-5.277305813024385,0.1097334582405008,0.6763094024818084,-0.28428166666055404,0.7534776205942372,1.2855055225264824,-0.0005284327593252786,1.2860339552858078,0.0
1390,27.8,hold,kick,276,-2.4401902349335702,-5.294567115818432,0.1097334582405008,0.6763101823868725,-0.28433693155453643,0.7534852348100705,1.2855130560420778,-0.0005284729540027712,1.2860415289960805,0.0
1391,27.82,hold,kick,276,-2.4511365455116407,-5.311828418612479,0.1097334582405008,0.6763103762515844,-0.2843912955171262,0.7534928826060667,1.285520629364868,-0.0005285107148170556,1.286049140079685,0.0
1392,27.84,hold,kick,276,-2.4620828560897112,-5.329089721406526,0.1097334582405008,0.6763100080697291,-0.28444483362071965,0.7535006008914531,1.285528280237512,-0.0005285467741870317,1.2860568270116992,0.0
1393,27.86,hold,kick,276,-2.4730291666677817,-5.346351024200573,0.1097334582405008,0.6763091086417983,-0.28449761392628636,0.7535084016071344,1.285536021797213,-0.0005285817738316656,1.2860646035710446,0.0
1394,27.88,hold,kick,276,-2.483975477245852,-5.3636123269946205,0.1097334582405008,0.6763077214961747,-0.28454967644863166,0.7535162555412339,1.285543824814008,-0.0005286157638593574,1.2860724405778674,0.0
1395,27.9,hold,kick,276,-2.4949217878239227,-5.380873629788668,0.1097334582405008,0.6763058761662757,-0.28460107829620046,0.7535241652088798,1.2855516885875777,-0.0005286486938932446,1.286080337281471,0.0
1396,27.92,hold,kick,276,-2.505868098401993,-5.398134932582715,0.1097334582405008,0.6763036088203875,-0.2846518888746322,0.7535321280757625,1.285559612096061,-0.0005286810824197928,1.286088293178481,0.0
1397,27.94,hold,kick,276,-2.5168144089800637,-5.415396235376762,0.1097334582405008,0.6763009588431975,-0.28470216577689184,0.7535401327641701,1.285567582584486,-0.0005287122124177888,1.2860962947969037,0.0
1398,27.96,hold,kick,276,-2.527760719558134,-5.432657538170809,0.1097334582405008,0.6762979647108293,-0.2847519591313102,0.7535481619497251,1.2855755825268542,-0.0005287421917084638,1.2861043247185626,0.0
1399,27.98,hold,kick,276,-2.5387070301362047,-5.449918840964856,0.1097334582405008,0.6762946608927433,-0.2848013217760574,0.7535562042617002,1.285583598720745,-0.0005287710798714887,1.2861123698006165,0.0
1400,28.0,hold,kick,276,-2.549653340714275,-5.467180143758903,0.1097334582405008,0.6762910796720617,-0.28485029234811055,0.7535642429710744,1.2855916137079064,-0.0005287986927295131,1.286120412400636,0.0
1401,28.02,hold,kick,276,-2.5605996512923457,-5.4844414465529505,0.1097334582405008,0.6762872564227149,-0.28489891754136,0.753572269229159,1.2855996163457548,-0.0005288249342070873,1.2861284412799618,0.0
1402,28.04,hold,kick,276,-2.571545961870416,-5.501702749346998,0.1097334582405008,0.6762832229596173,-0.2849472589924782,0.7535802917827223,1.2856076148861797,-0.0005288504061792473,1.286136465292359,0.0
1403,28.06,hold,kick,276,-2.5824922724484867,-5.518964052141045,0.1097334582405008,0.6762790127811009,-0.2849953593337796,0.7535883043878517,1.285615602838133,-0.0005288747143443739,1.2861444775524773,0.0
1404,28.08,hold,kick,276,-2.593438583026557,-5.536225354935092,0.1097334582405008,0.6762746614705988,-0.2850432578076213,0.753596296543085,1.2856235680283128,-0.000528898127536287,1.286152466155849,0.0
1405,28.1,hold,kick,276,-2.6043848936046277,-5.553486657729139,0.1097334582405008,0.6762702041712866,-0.2850910004574506,0.7536042680077826,1.2856315091458583,-0.0005289212715261921,1.2861604304173846,0.0
1406,28.12,hold,kick,276,-2.615331204182698,-5.570747960523186,0.1097334582405008,0.6762656760403223,-0.28513862230308545,0.7536122142707892,1.285639420863253,-0.0005289439770805177,1.2861683648403335,0.0
1407,28.14,hold,kick,276,-2.6262775147607686,-5.588009263317233,0.1097334582405008,0.6762611093208506,-0.2851861610492586,0.7536201364919828,1.2856473027872315,-0.0005289667928098998,1.2861762695800414,0.0
1408,28.16,hold,kick,276,-2.637223825338839,-5.6052705661112805,0.1097334582405008,0.6762565328241278,-0.28523366372534537,0.7536280479564108,1.2856551676075811,-0.0005289903830000171,1.286184157990581,0.0
1409,28.18,hold,kick,276,-2.6481701359169096,-5.622531868905328,0.1097334582405008,0.6762519785799479,-0.2852811721709606,0.7536359557318695,1.2856630225356387,-0.0005290146855153055,1.286192037221154,0.0
1410,28.2,hold,kick,276,-2.65911644649498,-5.639793171699375,0.1097334582405008,0.6762474692011622,-0.2853287325008617,0.7536438751543456,1.2856708822035572,-0.0005290400085985435,1.2861999222121556,0.0
1411,28.22,hold,kick,276,-2.6700627570730506,-5.657054474493422,0.1097334582405008,0.6762430349388158,-0.28537637328774285,0.7536517973021135,1.2856787387518387,-0.0005290667369613131,1.2862078054888,0.0
1412,28.24,hold,kick,276,-2.681009067651121,-5.674315777287469,0.1097334582405008,0.6762386996086746,-0.2854241191118092,0.7536597228274918,1.2856865906001151,-0.000529094883097915,1.286215685483213,0.0
1413,28.26,hold,kick,276,-2.6919553782291916,-5.691577080081516,0.1097334582405008,0.6762344816660144,-0.28547199424506947,0.7536676512391225,1.2856944376670456,-0.0005291248932541154,1.2862235625602998,0.0
1414,28.28,hold,kick,276,-2.702901688807262,-5.708838382875563,0.1097334582405008,0.6762304006885925,-0.28552002023324047,0.753675584888335,1.285702280893908,-0.000529156839901155,1.286231437733809,0.0
1415,28.3,hold,kick,276,-2.7138479993853326,-5.7260996856696105,0.1097334582405008,0.6762264699553687,-0.28556822156589706,0.7536835334563464,1.2857101300593194,-0.0005291904056206331,1.28623932046494,0.0
1416,28.32,hold,kick,276,-2.724794309963403,-5.743360988463658,0.1097334582405008,0.6762226970462927,-0.2856166193893702,0.7536915040997723,1.2857179921132367,-0.0005292260597366608,1.2862472181729734,0.0
1417,28.34,hold,kick,276,-2.7357406205414736,-5.760622291257705,0.1097334582405008,0.676219089889419,-0.2856652343962885,0.753699502127016,1.2857258725956155,-0.0005292636265882174,1.2862551362222037,0.0
1418,28.36,hold,kick,276,-2.746686931119544,-5.777883594051752,0.1097334582405008,0.6762156543733753,-0.2857140795586345,0.7537075271468172,1.2857337713341952,-0.0005293030395989023,1.2862630743737942,0.0
1419,28.38,hold,kick,276,-2.7576332416976146,-5.795144896845799,0.1097334582405008,0.6762123896543497,-0.2857631561897529,0.7537155743164814,1.2857416831100366,-0.0005293443220527744,1.2862710274320894,0.0
1420,28.4,hold,locomotion,1,-2.768579552275685,-5.812406199639846,0.1097334582405008,0.6762092950472791,-0.2858124587882476,0.753723631164057,1.2857495950865112,-0.0005293873711045942,1.2862789824576157,0.0
1421,28.42,hold,locomotion,1,-2.7795258628537556,-5.829667502433893,0.1097334582405008,0.6762718907449581,-0.2855463024251606,0.7529686732464556,1.285023223809221,-0.00050924020647845,1.2855324640156993,0.0
