tick,t_s,phase,task_mode,curr_motion_timestep,ball_x,ball_y,ball_z,base_x,base_y,base_z,robot_top_z,robot_bottom_z,robot_height,kick_aim_theta_deg
0,0.0,idle,locomotion,0,0.800000011920929,-0.33000001311302185,0.10989091315873106,-0.00046351284836146237,-2.780136719331447e-05,0.7549285446473039,1.2869908914753976,-0.000646135987962513,1.2876370274633602,0.0
1,0.02,idle,locomotion,0,0.800000011920929,-0.33000001311302185,0.10980902141344312,-0.0018560413811834298,-9.766970335107155e-05,0.751119372410652,1.2831820888096128,-0.0004830673019663445,1.2836651561115793,0.0
2,0.04,idle,locomotion,0,0.800000011920929,-0.33000001311302185,0.10976503447145444,-0.0039741355653495234,-0.00017669448836456783,0.7454544456733732,1.2774377852463623,-0.00041973909560323944,1.2778575243419656,0.0
3,0.06,idle,locomotion,0,0.800000011920929,-0.33000001311302185,0.10974518062216254,-0.006457752861256024,-0.00023702756400530476,0.7385486924648441,1.2703627158888215,-0.0004104751781207998,1.2707731910669424,0.0
4,0.08,idle,locomotion,0,0.800000011920929,-0.33000001311302185,0.10973731266832155,-0.00892954725692811,-0.0002607066020451306,0.7312750879573862,1.2628535256589575,-0.0005317542729015162,1.263385279931859,0.0
5,0.1,idle,locomotion,0,0.800000011920929,-0.33000001311302185,0.10973454404443848,-0.01117057714345561,-0.00030080426701502874,0.7245357837272093,1.255843132946216,-0.00041223740348344043,1.2562553703496995,0.0
6,0.12,idle,locomotion,0,0.800000011920929,-0.33000001311302185,0.10973369052927323,-0.013108118565522676,-0.0003567657120039256,0.7189949775000867,1.2500104687863225,-0.0004336280575429341,1.2504440968438655,0.0
7,0.14,idle,locomotion,0,0.800000011920929,-0.33000001311302185,0.1097334732878534,-0.014760759465206616,-0.0004110507695641554,0.715057434899391,1.2457619616130964,-0.0004633980123166896,1.2462253596254131,0.0
8,0.16,idle,locomotion,0,0.800000011920929,-0.33000001311302185,0.10973343775080387,-0.016185712330300667,-0.00044005386701029064,0.7128402019309434,1.2432140453370986,-0.0004840960135779372,1.2436981413506765,0.0
9,0.18,idle,locomotion,0,0.800000011920929,-0.33000001311302185,0.10973344222612894,-0.017432798545835175,-0.00042846425605972543,0.7121988881777769,1.2422286832710774,-0.0004921417501903211,1.2427208250212678,0.0
10,0.2,idle,locomotion,0,0.800000011920929,-0.33000001311302185,0.10973344999820983,-0.018504316914152837,-0.00036839130587631666,0.7128023136918356,1.2424967643334508,-0.0004893744455977365,1.2429861387790486,0.0
11,0.22,idle,locomotion,0,0.800000011920929,-0.33000001311302185,0.1097334547231311,-0.01945208770965957,-0.00026285572882787803,0.7142946353364805,1.243670155884795,-0.0004811875552670139,1.244151343440062,0.0
12,0.24,idle,locomotion,0,0.800000011920929,-0.33000001311302185,0.10973345692610834,-0.020308241321477575,-0.00011662734796113696,0.7163079702965965,1.2453953940550067,-0.00047194427494919033,1.2458673383299559,0.0
13,0.26,idle,locomotion,0,0.800000011920929,-0.33000001311302185,0.10973345780729221,-0.02108852603091162,6.927615455279296e-05,0.7184964688939153,1.2473466272246732,-0.0004647577465287725,1.247811384971202,0.0
14,0.28,idle,locomotion,0,0.800000011920929,-0.33000001311302185,0.10973345811827714,-0.021810910934568675,0.0002957267735740298,0.7205709255576979,1.2492496209921276,-0.0004635534085817017,1.2497131744007093,0.0
15,0.3,idle,locomotion,0,0.800000011920929,-0.33000001311302185,0.10973345821428342,-0.022520613727293363,0.0005608978580972283,0.7223217759534771,1.2508909265987849,-0.00046578756827207746,1.251356714167057,0.0
16,0.32,idle,locomotion,0,0.800000011920929,-0.33000001311302185,0.10973345823876013,-0.02323411877188166,0.0008526511030445601,0.7236244864338492,1.2521425299295907,-0.0004702626283622849,1.252612792557953,0.0
17,0.34,idle,locomotion,0,0.800000011920929,-0.33000001311302185,0.10973345824278434,-0.023940959378319585,0.0011502111161331232,0.7244484171808387,1.2529717003808851,-0.0004757435446657368,1.253447443925551,0.0
18,0.36,idle,locomotion,0,0.800000011920929,-0.33000001311302185,0.10973345824229395,-0.024627532525038767,0.0014433887384153125,0.7248245537955754,1.2534028772081025,-0.00048090373984007936,1.2538837809479426,0.0
19,0.38,idle,locomotion,0,0.800000011920929,-0.33000001311302185,0.10973345824142507,-0.02529670242591579,0.0017274417239668957,0.7248331842594967,1.2535021661853474,-0.0004857009150166895,1.2539878671003641,0.0
20,0.4,idle,locomotion,0,0.800000011920929,-0.33000001311302185,0.10973345824089552,-0.025963968602354646,0.0019901645177056865,0.7245820727304494,1.253358441913155,-0.000489290169936412,1.2538477320830914,0.0
21,0.42,idle,locomotion,0,0.800000011920929,-0.33000001311302185,0.10973345824064834,-0.026652783500646954,0.0022216482424429556,0.7241745019396523,1.253055535510924,-0.0004919326709192685,1.2535474681818433,0.0
22,0.44,idle,locomotion,0,0.800000011920929,-0.33000001311302185,0.10973345824054938,-0.027369687138998757,0.002413805788184825,0.7236980930979504,1.2526690315230704,-0.0004942982365821295,1.2531633297596525,0.0
23,0.46,idle,locomotion,0,0.800000011920929,-0.33000001311302185,0.10973345824051445,-0.028110048566699523,0.0025617796878418873,0.7232236983481892,1.2522642020048715,-0.0004961267283078441,1.2527603287331794,0.0
24,0.48,idle,locomotion,0,0.800000011920929,-0.33000001311302185,0.10973345824050364,-0.028860902900607475,0.002665584644255944,0.7228018396653473,1.2518914058042352,-0.000497409327714908,1.25238881513195,0.0
25,0.5,idle,locomotion,0,0.800000011920929,-0.33000001311302185,0.10973345824050088,-0.029593005567582424,0.002733888916222268,0.7224584758956417,1.2515840311016038,-0.000498573501385529,1.2520826046029894,0.0
26,0.52,idle,locomotion,0,0.800000011920929,-0.33000001311302185,0.10973345824050044,-0.030288637419577966,0.0027766175824074867,0.7222060538184629,1.2513590897256817,-0.0004993089277576523,1.2518583986534393,0.0
27,0.54,idle,locomotion,0,0.800000011920929,-0.33000001311302185,0.10973345824050044,-0.0309461555043746,0.002792101864041968,0.7220489539735628,1.251222004440756,-0.0004997235368481498,1.2517217279776043,0.0
28,0.56,idle,locomotion,0,0.800000011920929,-0.33000001311302185,0.10973345824050044,-0.03157375961268326,0.0027801253525848273,0.7219768196921065,1.2511624220716062,-0.0004999143680494006,1.2516623364396555,0.0
29,0.58,idle,locomotion,0,0.800000011920929,-0.33000001311302185,0.10973345824050044,-0.03217850431208822,0.002748205417160082,0.7219565309615994,1.2511478804748895,-0.000499759067340913,1.2516476395422305,0.0
30,0.6,idle,locomotion,0,0.800000011920929,-0.33000001311302185,0.10973345824050044,-0.03275941600305114,0.0027001570510076503,0.7219714867720254,1.2511633323607032,-0.0004998577262789877,1.2516631900869821,0.0
31,0.62,idle,locomotion,0,0.800000011920929,-0.33000001311302185,0.10973345824050044,-0.03331208705458693,0.0026391760140726337,0.7220120397330174,1.2512018921914896,-0.0005000751590046905,1.2517019673504943,0.0
32,0.64,idle,locomotion,0,0.800000011920929,-0.33000001311302185,0.10973345824050044,-0.033833038210405696,0.002567263750811381,0.7220680546421179,1.2512555790347677,-0.0005003257412165008,1.251755904775984,0.0
33,0.66,idle,locomotion,0,0.800000011920929,-0.33000001311302185,0.10973345824050044,-0.03431979365275882,0.0024860744914605923,0.7221303527034495,1.251316809046481,-0.0005005998323498947,1.251817408878831,0.0
34,0.68,idle,locomotion,0,0.800000011920929,-0.33000001311302185,0.10973345824050044,-0.03477094628163813,0.0023970159673815986,0.7221915292151262,1.2513791492126713,-0.0005008952902170426,1.2518800445028884,0.0
35,0.7,idle,locomotion,0,0.800000011920929,-0.33000001311302185,0.10973345824050044,-0.03518795813819952,0.002301407253780907,0.7222463250736884,1.251436974170976,-0.0005011989319900732,1.2519381731029662,0.0
36,0.72,idle,locomotion,0,0.800000011920929,-0.33000001311302185,0.10973345824050044,-0.03557220511102034,0.0022006922897542707,0.722291165857602,1.2514861975504512,-0.0005015159064981171,1.2519877134569493,0.0
37,0.74,idle,locomotion,0,0.800000011920929,-0.33000001311302185,0.10973345824050044,-0.03592409033897431,0.002096481053234588,0.7223242834125091,1.2515247895469372,-0.0005018874634640166,1.2520266770104012,0.0
38,0.76,idle,locomotion,0,0.800000011920929,-0.33000001311302185,0.10973345824050044,-0.03624358841667988,0.001989601596557296,0.722345627752563,1.251552405243295,-0.0005023468541721712,1.2520547520974672,0.0
39,0.78,idle,locomotion,0,0.800000011920929,-0.33000001311302185,0.10973345824050044,-0.03653128073737538,0.0018803403010081289,0.7223564116534799,1.2515699132829263,-0.0005027750235857102,1.252072688306512,0.0
40,0.8,idle,locomotion,0,0.800000011920929,-0.33000001311302185,0.10973345824050044,-0.03678789221528038,0.001769514102331006,0.7223595310426766,1.2515798684906585,-0.0005032057440481838,1.2520830742347067,0.0
41,0.82,idle,locomotion,0,0.800000011920929,-0.33000001311302185,0.10973345824050044,-0.037014193889411615,0.0016585256543271568,0.7223593330957729,1.2515863822260567,-0.0005036105279158827,1.2520899927539726,0.0
42,0.84,idle,locomotion,0,0.800000011920929,-0.33000001311302185,0.10973345824050044,-0.037211781751798664,0.0015481656860990743,0.7223579099721222,1.2515911216104003,-0.0005039408377262022,1.2520950624481264,0.0
43,0.86,idle,locomotion,0,0.800000011920929,-0.33000001311302185,0.10973345824050044,-0.037382237624593244,0.001439208082025047,0.7223563306176455,1.2515947967075278,-0.0005041982324350165,1.2520989949399628,0.0
44,0.88,idle,locomotion,0,0.800000011920929,-0.33000001311302185,0.10973345824050044,-0.03752704042164745,0.0013322709266739082,0.7223553554761317,1.2515979874957242,-0.0005043939061285564,1.2521023814018528,0.0
45,0.9,idle,locomotion,0,0.800000011920929,-0.33000001311302185,0.10973345824050044,-0.03764749260710898,0.0012281452793529365,0.7223552934703512,1.251600977142662,-0.000504534637885929,1.252105511780548,0.0
46,0.92,idle,locomotion,0,0.800000011920929,-0.33000001311302185,0.10973345824050044,-0.03774473939055631,0.0011276720118566386,0.7223560918515426,1.2516037994440645,-0.0005046299124594825,1.252108429356524,0.0
47,0.94,idle,locomotion,0,0.800000011920929,-0.33000001311302185,0.10973345824050044,-0.037819878247034686,0.0010316407605060975,0.7223575578948951,1.2516063851681904,-0.0005046868995743914,1.2521110720677648,0.0
48,0.96,idle,locomotion,0,0.800000011920929,-0.33000001311302185,0.10973345824050044,-0.03787387820513997,0.0009407823434321055,0.722359598972188,1.2516088791823072,-0.0005046767657801605,1.2521135559480874,0.0
49,0.98,idle,locomotion,0,0.800000011920929,-0.33000001311302185,0.10973345824050044,-0.037907337137541845,0.0008556454352313969,0.7223622801747934,1.2516118230277629,-0.0005046076133134215,1.2521164306410764,0.0
50,1.0,idle,locomotion,0,0.800000011920929,-0.33000001311302185,0.10973345824050044,-0.037920976859329485,0.0007766838383047433,0.7223656325274721,1.2516156848478597,-0.0005045083984612959,1.252120193246321,0.0
51,1.02,idle,locomotion,0,0.800000011920929,-0.33000001311302185,0.10973345824050044,-0.0379158972843041,0.0007044750820097163,0.7223695124571922,1.2516205700123528,-0.0005043887114006135,1.2521249587237535,0.0
52,1.04,idle,locomotion,0,0.800000011920929,-0.33000001311302185,0.10973345824050044,-0.037893532859196825,0.0006396806135734296,0.7223737107741705,1.2516263353094716,-0.0005042555235881888,1.2521305908330598,0.0
53,1.06,idle,locomotion,0,0.800000011920929,-0.33000001311302185,0.10973345824050044,-0.037855555354609674,0.0005825860552141857,0.7223781715036448,1.2516328537016284,-0.000504114512286314,1.2521369682139147,0.0
54,1.08,idle,locomotion,0,0.800000011920929,-0.33000001311302185,0.10973345824050044,-0.03780366512502559,0.0005332858567044863,0.7223829763291815,1.2516400633819422,-0.0005039652088000383,1.2521440285907424,0.0
55,1.1,idle,locomotion,0,0.800000011920929,-0.33000001311302185,0.10973345824050044,-0.037739529791978525,0.000491588009920154,0.7223882239043364,1.251647887646345,-0.0005038070581072952,1.2521516947044524,0.0
56,1.12,idle,locomotion,0,0.800000011920929,-0.33000001311302185,0.10973345824050044,-0.03766479580703798,0.0004573263749823328,0.722393876411822,1.2516560900253366,-0.0005036428997246788,1.2521597329250613,0.0
57,1.14,idle,locomotion,0,0.800000011920929,-0.33000001311302185,0.10973345824050044,-0.037581003322848576,0.000430363725170996,0.7223998318042489,1.2516643861365402,-0.0005034753294219062,1.2521678614659622,0.0
58,1.16,idle,locomotion,0,0.800000011920929,-0.33000001311302185,0.10973345824050044,-0.03748979631146134,0.00041053928867430307,0.7224061432358428,1.2516725364103123,-0.0005032998945200991,1.2521758363048323,0.0
59,1.18,idle,locomotion,0,0.800000011920929,-0.33000001311302185,0.10973345824050044,-0.03739237680446801,0.0003976435770933108,0.7224128625513737,1.2516804755329125,-0.0005031147190398752,1.2521835902519525,0.0
60,1.2,idle,locomotion,0,0.800000011920929,-0.33000001311302185,0.10973345824050044,-0.03728942746799788,0.00039144218913772337,0.7224199096454738,1.251688257898358,-0.0005029255704227971,1.2521911834687807,0.0
61,1.22,idle,locomotion,0,0.800000011920929,-0.33000001311302185,0.10973345824050044,-0.03718147952167588,0.000391682130714097,0.7224271528820277,1.2516959513415498,-0.0005027348382193493,1.2521986861797691,0.0
62,1.24,idle,locomotion,0,0.800000011920929,-0.33000001311302185,0.10973345824050044,-0.03706890673826447,0.00039804587471985495,0.722434380032972,1.2517036042928544,-0.000502543906057102,1.2522061481989115,0.0
63,1.26,idle,locomotion,0,0.800000011920929,-0.33000001311302185,0.10973345824050044,-0.03695246245232359,0.0004101433821862982,0.7224414849294422,1.2517111585634009,-0.0005023561474134727,1.2522135147108144,0.0
64,1.28,idle,locomotion,0,0.800000011920929,-0.33000001311302185,0.10973345824050044,-0.03683300564935451,0.00042756849791220097,0.7224484119936624,1.251718519909969,-0.0005021701631352828,1.2522206900731043,0.0
65,1.3,idle,locomotion,0,0.800000011920929,-0.33000001311302185,0.10973345824050044,-0.036711349844284036,0.0004498709959874263,0.7224551229808822,1.2517255922431585,-0.0005019825361508023,1.2522275747793092,0.0
66,1.32,idle,locomotion,0,0.800000011920929,-0.33000001311302185,0.10973345824050044,-0.03658827137988922,0.0004765592949281071,0.722461587102293,1.2517322912313622,-0.0005017971255336304,1.2522340883568959,0.0
67,1.34,idle,locomotion,0,0.800000011920929,-0.33000001311302185,0.10973345824050044,-0.03646449093480932,0.0005071491844025163,0.7224677747923778,1.2517385388628697,-0.0005016164303032755,1.252240155293173,0.0
68,1.36,idle,locomotion,0,0.800000011920929,-0.33000001311302185,0.10973345824050044,-0.036340663435915556,0.0005411813802138744,0.7224736548626126,1.2517442731022248,-0.0005014422843929063,1.2522457153866178,0.0
69,1.38,idle,locomotion,0,0.800000011920929,-0.33000001311302185,0.10973345824050044,-0.03621737777795627,0.0005782382898759846,0.7224792162344508,1.2517494620480025,-0.0005012759271876242,1.2522507379751902,0.0
70,1.4,idle,locomotion,0,0.800000011920929,-0.33000001311302185,0.10973345824050044,-0.03609515816559983,0.0006179462106916115,0.7224844417559708,1.251754087251893,-0.0005011173423750577,1.252255204594268,0.0
71,1.42,idle,locomotion,0,0.800000011920929,-0.33000001311302185,0.10973345824050044,-0.03597448781912998,0.0006600045549698702,0.7224891518510971,1.2517579892838289,-0.0005009692679370237,1.2522589585517658,0.0
72,1.44,idle,locomotion,0,0.800000011920929,-0.33000001311302185,0.10973345824050044,-0.03585582299398074,0.0007043019636322289,0.7224931141825693,1.2517609426849203,-0.0005008986254785644,1.252261841310399,0.0
73,1.46,idle,locomotion,0,0.800000011920929,-0.33000001311302185,0.10973345824050044,-0.03573954725708754,0.0007506715792589118,0.7224963778175976,1.2517630133779274,-0.000500855572794251,1.2522638689507217,0.0
74,1.48,idle,locomotion,0,0.800000011920929,-0.33000001311302185,0.10973345824050044,-0.03562600719314504,0.000798948227668169,0.7224989560407433,1.2517642346336952,-0.0005008179065073282,1.2522650525402026,0.0
75,1.5,idle,locomotion,0,0.800000011920929,-0.33000001311302185,0.10973345824050044,-0.03551549560365215,0.0008489890112469965,0.7225008943630048,1.2517646753154648,-0.0005007856178235875,1.2522654609332884,0.0
76,1.52,idle,locomotion,0,0.800000011920929,-0.33000001311302185,0.10973345824050044,-0.03540821010698523,0.0009006067719858066,0.7225022794444749,1.251764468737443,-0.0005007581931393765,1.2522652269305823,0.0
77,1.54,idle,locomotion,0,0.800000011920929,-0.33000001311302185,0.10973345824050044,-0.035304078932636596,0.0009535584507967669,0.7225032367655928,1.2517638936416549,-0.0005007349370099723,1.252264628578665,0.0
78,1.56,idle,locomotion,0,0.800000011920929,-0.33000001311302185,0.10973345824050044,-0.03520312714062489,0.0010075967524848164,0.7225038562450481,1.2517631483120966,-0.0005007129477046339,1.2522638612598012,0.0
79,1.58,idle,locomotion,0,0.800000011920929,-0.33000001311302185,0.10973345824050044,-0.03510550842260719,0.001062467089241785,0.7225042008415423,1.2517623249480339,-0.0005006928455312497,1.2522630177935652,0.0
80,1.6,idle,locomotion,0,0.800000011920929,-0.33000001311302185,0.10973345824050044,-0.03501139640148741,0.0011179428213828222,0.7225043133567517,1.2517614714660463,-0.0005006756407115245,1.2522621471067579,0.0
81,1.62,idle,locomotion,0,0.800000011920929,-0.33000001311302185,0.10973345824050044,-0.03492094969749627,0.001173817851986368,0.7225042113389624,1.2517606020773386,-0.0005006622973256734,1.2522612643746642,0.0
82,1.64,idle,locomotion,0,0.800000011920929,-0.33000001311302185,0.10973345824050044,-0.03483430056266406,0.0012299092332351753,0.7225039101976253,1.2517597256918198,-0.0005006531253013181,1.2522603788171212,0.0
83,1.66,idle,locomotion,0,0.800000011920929,-0.33000001311302185,0.10973345824050044,-0.034751556345140766,0.0012860543154834224,0.7225034255362578,1.2517588503376802,-0.0005006482930560718,1.2522594986307363,0.0
84,1.68,idle,locomotion,0,0.800000011920929,-0.33000001311302185,0.10973345824050044,-0.03467279609953629,0.0013421054143904453,0.7225027812537107,1.2517579915711103,-0.0005006478033778641,1.2522586393744881,0.0
85,1.7,idle,locomotion,0,0.800000011920929,-0.33000001311302185,0.10973345824050044,-0.03459807499140212,0.0013979341983783606,0.722501993498497,1.2517571582651716,-0.0005006514884007135,1.2522578097535724,0.0
86,1.72,idle,locomotion,0,0.800000011920929,-0.33000001311302185,0.10973345824050044,-0.03452742441299217,0.0014534300897204333,0.722501064763711,1.251756345579302,-0.0005006591460280652,1.25225700472533,0.0
87,1.74,idle,locomotion,0,0.800000011920929,-0.33000001311302185,0.10973345824050044,-0.03446085593403765,0.0015084989789195303,0.7225000056477306,1.2517555556863302,-0.0005006709124499749,1.2522562265987802,0.0
88,1.76,idle,locomotion,0,0.800000011920929,-0.33000001311302185,0.10973345824050044,-0.034398359600500535,0.0015630517476361214,0.7224988305364225,1.2517547946102718,-0.0005006862902763067,1.2522554809005482,0.0
89,1.78,idle,locomotion,0,0.800000011920929,-0.33000001311302185,0.10973345824050044,-0.03433988836107595,0.0016170232366999433,0.7224975380788224,1.251754056180006,-0.0005007053930388763,1.2522547615730448,0.0
90,1.8,idle,locomotion,0,0.800000011920929,-0.33000001311302185,0.10973345824050044,-0.034285337802077626,0.0016704082408861478,0.722496094009341,1.2517533054376495,-0.0005007283557705716,1.25225403379342,0.0
91,1.82,idle,locomotion,0,0.800000011920929,-0.33000001311302185,0.10973345824050044,-0.03423459690704462,0.0017231975213564822,0.7224944853712147,1.2517525216429983,-0.0005007548362431676,1.2522532764792416,0.0
92,1.84,idle,locomotion,0,0.800000011920929,-0.33000001311302185,0.10973345824050044,-0.03418755078133337,0.0017753756336453882,0.7224927151718551,1.2517516965894053,-0.000500784241265699,1.252252480830671,0.0
93,1.86,idle,locomotion,0,0.800000011920929,-0.33000001311302185,0.10973345824050044,-0.03414407354374326,0.001826923985789273,0.7224907941108667,1.2517508291983708,-0.0005008160654586986,1.2522516452638295,0.0
94,1.88,idle,locomotion,0,0.800000011920929,-0.33000001311302185,0.10973345824050044,-0.034104030877169456,0.001877820101733053,0.7224887421471583,1.2517499274171993,-0.0005008500267138366,1.252250777443913,0.0
95,1.9,idle,locomotion,0,0.800000011920929,-0.33000001311302185,0.10973345824050044,-0.03406728957672052,0.0019280433198545876,0.7224865720853693,1.251748990905834,-0.0005008855120556335,1.2522498764178895,0.0
96,1.92,idle,locomotion,0,0.800000011920929,-0.33000001311302185,0.10973345824050044,-0.0340337063787693,0.0019775713174808945,0.7224842959995431,1.2517480184304697,-0.0005009224572981932,1.252248940887768,0.0
97,1.94,idle,locomotion,0,0.800000011920929,-0.33000001311302185,0.10973345824050044,-0.03400313919595351,0.002026379818891389,0.7224819350274612,1.2517470183069028,-0.0005009601233571734,1.25224797843026,0.0
98,1.96,idle,locomotion,0,0.800000011920929,-0.33000001311302185,0.10973345824050044,-0.03397544268374239,0.002074457298288994,0.7224795112341508,1.2517460001402632,-0.0005009981962358981,1.252246998336499,0.0
99,1.98,idle,locomotion,0,0.800000011920929,-0.33000001311302185,0.10973345824050044,-0.03395047176794764,0.0021217982439370262,0.722477043469527,1.2517449724938987,-0.000501036754456393,1.2522460092483552,0.0
100,2.0,idle,locomotion,0,0.800000011920929,-0.33000001311302185,0.10973345824050044,-0.033928078309968135,0.0021684023461357484,0.7224745396194839,1.2517439342828383,-0.0005010757688937162,1.252245010051732,0.0
101,2.02,idle,locomotion,0,0.800000011920929,-0.33000001311302185,0.10973345824050044,-0.03390811737917613,0.0022142764395191817,0.7224720098580291,1.2517428874059044,-0.0005011154548383578,1.2522440028607429,0.0
102,2.04,idle,locomotion,0,0.800000011920929,-0.33000001311302185,0.10973345824050044,-0.03389044826498501,0.002259426818167242,0.7224694734498643,1.2517418411609953,-0.0005011554120118757,1.252242996573007,0.0
103,2.06,idle,locomotion,0,0.800000011920929,-0.33000001311302185,0.10973345824050044,-0.03387493122473514,0.0023038703311142146,0.7224669273695236,1.2517407869735606,-0.0005011957167858593,1.2522419826903464,0.0
104,2.08,idle,locomotion,0,0.800000011920929,-0.33000001311302185,0.10973345824050044,-0.033861431586848706,0.002347626224578249,0.7224643770567558,1.2517397218912616,-0.000501236506577081,1.2522409583978387,0.0
105,2.1,idle,locomotion,0,0.800000011920929,-0.33000001311302185,0.10973345824050044,-0.03384981074512627,0.0023907140060691274,0.7224618346334148,1.2517386532630934,-0.0005012775552803127,1.2522399308183738,0.0
106,2.12,idle,locomotion,0,0.800000011920929,-0.33000001311302185,0.10973345824050044,-0.03383994190538578,0.002433161426272995,0.7224593005902941,1.2517375763055716,-0.0005013186514030779,1.2522388949569747,0.0
107,2.14,idle,locomotion,0,0.800000011920929,-0.33000001311302185,0.10973345824050044,-0.033831695101175716,0.002474996654358617,0.7224567724238404,1.2517364850616355,-0.0005013601680882336,1.2522378452297238,0.0
108,2.16,idle,locomotion,0,0.800000011920929,-0.33000001311302185,0.10973345824050044,-0.033824951212787446,0.002516255462938024,0.7224542479216631,1.2517353736646568,-0.000501401968199925,1.2522367756328567,0.0
109,2.18,idle,locomotion,0,0.800000011920929,-0.33000001311302185,0.10973345824050044,-0.03381959467667074,0.002556963787619333,0.7224517351076102,1.2517342443417463,-0.0005014438479667219,1.252235688189713,0.0
110,2.2,idle,locomotion,0,0.800000011920929,-0.33000001311302185,0.10973345824050044,-0.03381554074533654,0.0025971525080076127,0.722449215752566,1.2517330677536604,-0.0005014850064483621,1.2522345527601089,0.0
111,2.22,idle,locomotion,0,0.800000011920929,-0.33000001311302185,0.10973345824050044,-0.03381281504243593,0.0026368443266158365,0.7224466456072111,1.251731736784665,-0.0005015253880822565,1.2522332621727472,0.0
112,2.24,idle,locomotion,0,0.800000011920929,-0.33000001311302185,0.10973345824050044,-0.03381141261483916,0.0026760615139090655,0.7224439977788383,1.2517301706187727,-0.0005015663210453034,1.252231736939818,0.0
113,2.26,idle,locomotion,0,0.800000011920929,-0.33000001311302185,0.10973345824050044,-0.03381125844427684,0.002714809917712349,0.7224412824915797,1.2517283530316332,-0.0005016075911434027,1.2522299606227767,0.0
114,2.28,idle,locomotion,0,0.800000011920929,-0.33000001311302185,0.10973345824050044,-0.03381222557462712,0.002753089279432208,0.7224385309749615,1.2517263166570114,-0.0005016486089800994,1.2522279652659916,0.0
115,2.3,idle,locomotion,0,0.800000011920929,-0.33000001311302185,0.10973345824050044,-0.03381415854503017,0.0027908980160799754,0.7224357719042169,1.2517241106967854,-0.000501688872680383,1.2522257995694657,0.0
116,2.32,idle,locomotion,0,0.800000011920929,-0.33000001311302185,0.10973345824050044,-0.033816896882035694,0.0028282404252222004,0.7224330302149776,1.2517217874826303,-0.0005017287431350256,1.2522235162257653,0.0
117,2.34,idle,locomotion,0,0.800000011920929,-0.33000001311302185,0.10973345824050044,-0.03382030119607203,0.002865135380295804,0.7224303146464268,1.2517193827012059,-0.0005017682031502185,1.2522211509043562,0.0
118,2.36,idle,locomotion,0,0.800000011920929,-0.33000001311302185,0.10973345824050044,-0.033824251304172985,0.002901620848451849,0.7224276226262553,1.2517169199337579,-0.000501807481250071,1.252218727415008,0.0
119,2.38,idle,locomotion,0,0.800000011920929,-0.33000001311302185,0.10973345824050044,-0.03382864678759778,0.0029377246179054105,0.722424966901312,1.2517144278579615,-0.0005018461119731393,1.2522162739699347,0.0
120,2.4,idle,locomotion,0,0.800000011920929,-0.33000001311302185,0.10973345824050044,-0.033833399557538626,0.0029734807551369527,0.7224223491942462,1.251711926515623,-0.0005018845613017631,1.2522138110769248,0.0
121,2.42,idle,locomotion,0,0.800000011920929,-0.33000001311302185,0.10973345824050044,-0.03383843818434669,0.003008911359630073,0.7224197848443512,1.251709440801543,-0.0005019227060659576,1.2522113635076089,0.0
122,2.44,idle,locomotion,0,0.800000011920929,-0.33000001311302185,0.10973345824050044,-0.03384369935560038,0.0030440421219649215,0.7224172785686319,1.25170698743802,-0.0005019606408138491,1.2522089480788339,0.0
123,2.46,idle,locomotion,0,0.800000011920929,-0.33000001311302185,0.10973345824050044,-0.03384912503277324,0.003078895933009152,0.7224148348246252,1.2517045796004589,-0.0005019985915675693,1.2522065781920264,0.0
124,2.48,idle,locomotion,0,0.800000011920929,-0.33000001311302185,0.10973345824050044,-0.03385467355190733,0.00311349343004937,0.7224124535165006,1.2517022211620918,-0.0005020363134716106,1.2522042574755634,0.0
125,2.5,idle,locomotion,0,0.800000011920929,-0.33000001311302185,0.10973345824050044,-0.03386030023127294,0.003147855286220104,0.7224101369873843,1.2516999217489042,-0.0005020739059276823,1.2522019956548318,0.0
126,2.52,idle,locomotion,0,0.800000011920929,-0.33000001311302185,0.10973345824050044,-0.03386597824232421,0.0031819933604425167,0.722407892208497,1.2516976845878736,-0.0005021106699898657,1.2521997952578634,0.0
127,2.54,idle,locomotion,0,0.800000011920929,-0.33000001311302185,0.10973345824050044,-0.03387168443767384,0.0032159249984146728,0.722405708519082,1.2516955031307426,-0.0005021472193464625,1.2521976503500891,0.0
128,2.56,idle,locomotion,0,0.800000011920929,-0.33000001311302185,0.10973345824050044,-0.033877394416251705,0.0032496577911455527,0.7224035915745565,1.2516933808283457,-0.0005021834730654894,1.252195564301411,0.0
129,2.58,idle,locomotion,0,0.800000011920929,-0.33000001311302185,0.10973345824050044,-0.03388307770495857,0.0032832074670599764,0.7224015335879885,1.2516913143510955,-0.000502219710548972,1.2521935340616444,0.0
130,2.6,idle,locomotion,0,0.800000011920929,-0.33000001311302185,0.10973345824050044,-0.03388871278888542,0.0033165804988857716,0.7223995387845856,1.25168931075209,-0.000502255572269867,1.2521915663243597,0.0
131,2.62,idle,locomotion,0,0.800000011920929,-0.33000001311302185,0.10973345824050044,-0.033894285188829684,0.003349788155830736,0.7223976047654287,1.2516873647918778,-0.0005022911533636119,1.2521896559452415,0.0
132,2.64,idle,locomotion,0,0.800000011920929,-0.33000001311302185,0.10973345824050044,-0.03389977696305691,0.0033828440186401696,0.7223957280575298,1.2516854756135891,-0.0005023264728007681,1.25218780208639,0.0
133,2.66,idle,locomotion,0,0.800000011920929,-0.33000001311302185,0.10973345824050044,-0.033905167611700995,0.0034157618353159265,0.7223939013873052,1.2516836396067412,-0.0005023617509891838,1.2521860013577304,0.0
134,2.68,idle,locomotion,0,0.800000011920929,-0.33000001311302185,0.10973345824050044,-0.033910455502095725,0.003448549050148296,0.722392129401206,1.2516818558125735,-0.0005023963220899333,1.2521842521346636,0.0
135,2.7,idle,locomotion,0,0.800000011920929,-0.33000001311302185,0.10973345824050044,-0.03391562684918424,0.003481223976663385,0.7223904044782371,1.2516801175106202,-0.0005024308455835944,1.252182548356204,0.0
136,2.72,idle,locomotion,0,0.800000011920929,-0.33000001311302185,0.10973345824050044,-0.033920673573133095,0.0035137917632176627,0.7223887349458956,1.2516784329197728,-0.000502464749473859,1.2521808976692466,0.0
137,2.74,idle,locomotion,0,0.800000011920929,-0.33000001311302185,0.10973345824050044,-0.0339255848457904,0.0035462670918523552,0.7223871087785962,1.251676793352571,-0.0005024986897958425,1.2521792920423669,0.0
138,2.76,idle,locomotion,0,0.800000011920929,-0.33000001311302185,0.10973345824050044,-0.033930350157375784,0.0035786610955140952,0.7223855267543101,1.2516751993848376,-0.0005025326583148852,1.2521777320431524,0.0
139,2.78,idle,locomotion,0,0.800000011920929,-0.33000001311302185,0.10973345824050044,-0.03393496371571279,0.0036109846664523233,0.7223839891902841,1.251673652804575,-0.0005025663606532636,1.2521762191652284,0.0
140,2.8,idle,locomotion,0,0.800000011920929,-0.33000001311302185,0.10973345824050044,-0.033939425758101736,0.003643249441308249,0.7223824920206839,1.2516721471382248,-0.0005025995928246672,1.2521747467310496,0.0
141,2.82,idle,locomotion,0,0.800000011920929,-0.33000001311302185,0.10973345824050044,-0.033943732739595424,0.003675464781847365,0.7223810352838456,1.2516706839541212,-0.0005026325248701051,1.2521733164789912,0.0
142,2.84,idle,locomotion,0,0.800000011920929,-0.33000001311302185,0.10973345824050044,-0.03394788910088448,0.0037076351448545606,0.7223796196987671,1.2516692579536368,-0.0005026647712558993,1.2521719227248926,0.0
143,2.86,idle,locomotion,0,0.800000011920929,-0.33000001311302185,0.10973345824050044,-0.03395189704097874,0.0037397698412223305,0.7223782339514105,1.251667862059317,-0.0005026968930536765,1.2521705589523706,0.0
144,2.88,idle,locomotion,0,0.800000011920929,-0.33000001311302185,0.10973345824050044,-0.033955747875229,0.0037718785496069674,0.722376878140541,1.2516664955934276,-0.0005027293731285354,1.2521692249665561,0.0
145,2.9,idle,locomotion,0,0.800000011920929,-0.33000001311302185,0.10973345824050044,-0.03395943756412017,0.003803965370796548,0.7223755595248423,1.2516651695323953,-0.000502761286760238,1.2521679308191556,0.0
146,2.92,idle,locomotion,0,0.800000011920929,-0.33000001311302185,0.10973345824050044,-0.03396297033730508,0.0038360363745901715,0.7223742746910106,1.2516638780659708,-0.000502792987125765,1.2521666710530965,0.0
147,2.94,idle,locomotion,0,0.800000011920929,-0.33000001311302185,0.10973345824050044,-0.03396635178832479,0.003868098105638735,0.7223730120755675,1.2516626100153343,-0.0005028244889992949,1.2521654345043336,0.0
148,2.96,idle,locomotion,0,0.800000011920929,-0.33000001311302185,0.10973345824050044,-0.03396958366497706,0.0039001556660174562,0.7223717687532355,1.2516613613699734,-0.0005028561252727361,1.252164217495246,0.0
149,2.98,idle,locomotion,0,0.800000011920929,-0.33000001311302185,0.10973345824050044,-0.03397266033670175,0.00393221523622914,0.7223705505519702,1.251660141988719,-0.0005028879162953734,1.2521630299050144,0.0
150,3.0,idle,locomotion,0,0.800000011920929,-0.33000001311302185,0.10973345824050044,-0.033975580777403716,0.003964279659828345,0.7223693625507234,1.2516589571821584,-0.0005029192574249504,1.2521618764395832,0.0
151,3.02,idle,locomotion,0,0.800000011920929,-0.33000001311302185,0.10973345824050044,-0.0339783554659857,0.00399635805882305,0.7223681963517091,1.2516577959327964,-0.0005029502761728435,1.2521607462089692,0.0
152,3.04,idle,locomotion,0,0.800000011920929,-0.33000001311302185,0.10973345824050044,-0.03398099089730806,0.004028449744491175,0.7223670527601044,1.2516566589265814,-0.0005029808993484118,1.2521596398259298,0.0
153,3.06,idle,locomotion,0,0.800000011920929,-0.33000001311302185,0.10973345824050044,-0.0339834938190001,0.004060557665802512,0.7223659256751241,1.2516555379334984,-0.0005030114604861816,1.2521585493939846,0.0
154,3.08,idle,locomotion,0,0.800000011920929,-0.33000001311302185,0.10973345824050044,-0.033985864719687536,0.004092684626377317,0.7223648161919166,1.2516544370285518,-0.0005030423278787645,1.2521574793564305,0.0
155,3.1,idle,locomotion,0,0.800000011920929,-0.33000001311302185,0.10973345824050044,-0.033988101697499155,0.004124830193244684,0.7223637273390114,1.2516533608166016,-0.0005030729020084508,1.25215643371861,0.0
156,3.12,idle,locomotion,0,0.800000011920929,-0.33000001311302185,0.10973345824050044,-0.033990210118373054,0.004156998144373512,0.722362655235067,1.251652305680648,-0.0005031033432482922,1.2521554090238962,0.0
157,3.14,idle,locomotion,0,0.800000011920929,-0.33000001311302185,0.10973345824050044,-0.033992201799936964,0.004189186943441589,0.7223615952533637,1.251651264180978,-0.0005031332014792632,1.2521543973824574,0.0
158,3.16,idle,locomotion,0,0.800000011920929,-0.33000001311302185,0.10973345824050044,-0.03399408987673632,0.004221398388928483,0.7223605451001062,1.251650230300984,-0.0005031630399561678,1.2521533933409401,0.0
159,3.18,idle,locomotion,0,0.800000011920929,-0.33000001311302185,0.10973345824050044,-0.03399587630340463,0.004253633556262955,0.7223595029562881,1.2516492028740407,-0.0005031930560675801,1.2521523959301082,0.0
160,3.2,idle,locomotion,0,0.800000011920929,-0.33000001311302185,0.10973345824050044,-0.03399756180461788,0.004285893928365852,0.7223584667004609,1.2516481838942555,-0.0005032230229816692,1.2521514069172373,0.0
161,3.22,idle,locomotion,0,0.800000011920929,-0.33000001311302185,0.10973345824050044,-0.03399913820172601,0.004318182374788393,0.7223574432667571,1.251647181159997,-0.000503253148441872,1.2521504343084389,0.0
162,3.24,idle,locomotion,0,0.800000011920929,-0.33000001311302185,0.10973345824050044,-0.034000605988478164,0.004350497643755364,0.722356433461162,1.2516461983615634,-0.0005032828175429681,1.2521494811791063,0.0
163,3.26,idle,locomotion,0,0.800000011920929,-0.33000001311302185,0.10973345824050044,-0.034001976844561146,0.00438284042804323,0.7223554345173496,1.2516452322326481,-0.0005033122071783046,1.2521485444398264,0.0
164,3.28,idle,locomotion,0,0.800000011920929,-0.33000001311302185,0.10973345824050044,-0.03400325971556973,0.004415215305629208,0.7223544372191407,1.2516442713310356,-0.0005033418728948649,1.2521476132039304,0.0
165,3.3,idle,locomotion,0,0.800000011920929,-0.33000001311302185,0.10973345824050044,-0.034004464918860736,0.004447618981552184,0.7223534480536093,1.251643318154535,-0.0005033713813012881,1.2521466895358362,0.0
166,3.32,idle,locomotion,0,0.800000011920929,-0.33000001311302185,0.10973345824050044,-0.034005592901291334,0.004480054635681851,0.7223524602633753,1.251642369904759,-0.0005034007313102426,1.2521457706360692,0.0
167,3.34,idle,locomotion,0,0.800000011920929,-0.33000001311302185,0.10973345824050044,-0.03400664979428838,0.0045125204268001,0.7223514752216734,1.2516414244722078,-0.000503430179003183,1.252144854651211,0.0
168,3.36,idle,locomotion,0,0.800000011920929,-0.33000001311302185,0.10973345824050044,-0.0340076336224413,0.00454501834969816,0.7223504943474633,1.2516404880918166,-0.0005034596052833455,1.2521439476971,0.0
169,3.38,idle,locomotion,0,0.800000011920929,-0.33000001311302185,0.10973345824050044,-0.034008550582108575,0.004577544231046817,0.7223495245510081,1.251639565688625,-0.0005034885449563993,1.2521430542335814,0.0
170,3.4,idle,locomotion,0,0.800000011920929,-0.33000001311302185,0.10973345824050044,-0.03400940872794686,0.0046101072803805005,0.7223485506810179,1.2516386413576681,-0.0005035176397568189,1.2521421589974249,0.0
171,3.42,idle,locomotion,0,0.800000011920929,-0.33000001311302185,0.10973345824050044,-0.034010217502470505,0.004642699766614342,0.7223475777572126,1.2516377177272051,-0.000503546566864143,1.2521412642940692,0.0
172,3.44,idle,locomotion,0,0.800000011920929,-0.33000001311302185,0.10973345824050044,-0.034010976964813956,0.004675328344310108,0.7223466082253918,1.2516367981359373,-0.0005035754728231062,1.2521403736087604,0.0
173,3.46,idle,locomotion,0,0.800000011920929,-0.33000001311302185,0.10973345824050044,-0.03401168104062363,0.004707996615117076,0.7223456445944771,1.2516358885321652,-0.0005036043473784085,1.2521394928795437,0.0
174,3.48,idle,locomotion,0,0.800000011920929,-0.33000001311302185,0.10973345824050044,-0.03401232929802563,0.004740705869361923,0.7223446806990196,1.2516349846378385,-0.00050363298015094,1.2521386176179894,0.0
175,3.5,idle,locomotion,0,0.800000011920929,-0.33000001311302185,0.10973345824050044,-0.03401292732625587,0.004773456608607272,0.722343715715668,1.2516340841408526,-0.0005036617461159562,1.2521377458869687,0.0
176,3.52,idle,locomotion,0,0.800000011920929,-0.33000001311302185,0.10973345824050044,-0.03401347902899531,0.004806249378634405,0.7223427520406019,1.2516331888225039,-0.0005036904780105211,1.2521368793005143,0.0
177,3.54,idle,locomotion,0,0.800000011920929,-0.33000001311302185,0.10973345824050044,-0.03401398947215613,0.00483908483381518,0.7223417873908559,1.2516322952847332,-0.0005037190149673985,1.2521360142997007,0.0
178,3.56,idle,locomotion,0,0.800000011920929,-0.33000001311302185,0.10973345824050044,-0.03401446385050998,0.004871963342685808,0.7223408174308045,1.2516313976309792,-0.000503747342891863,1.2521351449738711,0.0
179,3.58,idle,locomotion,0,0.800000011920929,-0.33000001311302185,0.10973345824050044,-0.034014902029113364,0.004904885626231269,0.7223398448951949,1.251630498578348,-0.0005037757414036795,1.2521342743197517,0.0
180,3.6,idle,locomotion,0,0.800000011920929,-0.33000001311302185,0.10973345824050044,-0.034015300546370995,0.0049378515186719076,0.7223388735376621,1.2516296037648234,-0.0005038038599217386,1.252133407624745,0.0
181,3.62,idle,locomotion,0,0.800000011920929,-0.33000001311302185,0.10973345824050044,-0.03401566222667692,0.004970860406295831,0.7223379008019133,1.2516287107251478,-0.0005038317337714183,1.2521325424589191,0.0
182,3.64,idle,locomotion,0,0.800000011920929,-0.33000001311302185,0.10973345824050044,-0.03401598893307255,0.0050039124781188086,0.7223369265646765,1.251627818909249,-0.0005038597430645844,1.2521316786523136,0.0
183,3.66,idle,locomotion,0,0.800000011920929,-0.33000001311302185,0.10973345824050044,-0.03401628099225061,0.005037007631960656,0.7223359527481772,1.251626930888374,-0.0005038876089302202,1.2521308184973043,0.0
184,3.68,idle,locomotion,0,0.800000011920929,-0.33000001311302185,0.10973345824050044,-0.03401654063571866,0.005070145751802407,0.7223349797832473,1.251626046873278,-0.0005039153686260088,1.252129962241904,0.0
185,3.7,idle,locomotion,0,0.800000011920929,-0.33000001311302185,0.10973345824050044,-0.03401676892158232,0.005103327339584671,0.7223340095652037,1.2516251690097027,-0.0005039430656829623,1.2521291120753857,0.0
186,3.72,idle,locomotion,0,0.800000011920929,-0.33000001311302185,0.10973345824050044,-0.034016966600508805,0.005136553239483642,0.7223330392320857,1.2516242950631142,-0.0005039705760639494,1.2521282656391781,0.0
187,3.74,idle,locomotion,0,0.800000011920929,-0.33000001311302185,0.10973345824050044,-0.034017135681305176,0.005169823636467056,0.72233206590984,1.2516234217012692,-0.000503998004432394,1.2521274197057015,0.0
188,3.76,idle,locomotion,0,0.800000011920929,-0.33000001311302185,0.10973345824050044,-0.03401727972807034,0.0052031380845864285,0.7223310910586627,1.2516225493416173,-0.0005040253834079286,1.2521265747250252,0.0
189,3.78,idle,locomotion,0,0.800000011920929,-0.33000001311302185,0.10973345824050044,-0.03401740142323719,0.005236496311318558,0.722330117551457,1.251621680364266,-0.0005040527577032314,1.252125733121969,0.0
190,3.8,idle,locomotion,0,0.800000011920929,-0.33000001311302185,0.10973345824050044,-0.03401750140617338,0.005269897087396726,0.722329143423714,1.2516208132758713,-0.000504079906440226,1.2521248931823115,0.0
191,3.82,idle,locomotion,0,0.800000011920929,-0.33000001311302185,0.10973345824050044,-0.034017580081176696,0.005303338874263314,0.722328168181324,1.2516199477196521,-0.0005041068645350311,1.2521240545841872,0.0
192,3.84,idle,locomotion,0,0.800000011920929,-0.33000001311302185,0.10973345824050044,-0.03401763602789658,0.005336820078611236,0.7223271936746359,1.251619086555284,-0.0005041337743616654,1.2521232203296457,0.0
193,3.86,idle,locomotion,0,0.800000011920929,-0.33000001311302185,0.10973345824050044,-0.03401767046865045,0.005370338688232514,0.7223262202504476,1.2516182304697874,-0.0005041606692745108,1.252122391139062,0.0
194,3.88,idle,locomotion,0,0.800000011920929,-0.33000001311302185,0.10973345824050044,-0.03401768777474738,0.005403893479114696,0.7223252467941945,1.2516173771111996,-0.0005041875346521243,1.2521215646458517,0.0
195,3.9,idle,locomotion,0,0.800000011920929,-0.33000001311302185,0.10973345824050044,-0.03401768855414224,0.005437484126158227,0.7223242731953121,1.251616526247259,-0.000504214297622714,1.2521207405448818,0.0
196,3.92,hold,kick,2,0.800000011920929,-0.33000001311302185,0.10973345824050044,-0.035308817256248855,0.005504626869899432,0.7254808185517146,1.2540746598159838,-0.0005978397718321878,1.254672499587816,0.0
197,3.94,hold,kick,3,0.800000011920929,-0.33000001311302185,0.10973345824050044,-0.03586510688468044,0.005549517998252926,0.7321844516125572,1.260220138749436,-0.000531036180430839,1.260751174929867,0.0
198,3.96,hold,kick,4,0.800000011920929,-0.33000001311302185,0.10973345824050044,-0.03483090598093372,0.005674315579191806,0.7402320660097838,1.268373658043042,-0.0006005425060666945,1.2689742005491087,0.0
199,3.98,hold,kick,5,0.800000011920929,-0.33000001311302185,0.10973345824050044,-0.032739673795013094,0.005955490325819885,0.7480500098366456,1.2767847453354002,-0.000726495935914076,1.2775112412713143,0.0
200,4.0,hold,kick,6,0.800000011920929,-0.33000001311302185,0.10973345824050044,-0.0303024620340809,0.006311776339342476,0.754679759874712,1.284128377204356,-0.0008909415009580729,1.285019318705314,0.0
201,4.02,hold,kick,7,0.800000011920929,-0.33000001311302185,0.10973345824050044,-0.028173902072436533,0.006365565286660938,0.759795980635534,1.2898605872763422,-0.0011081301141213883,1.2909687173904636,0.0
202,4.04,hold,kick,8,0.800000011920929,-0.33000001311302185,0.10973345824050044,-0.026589475705642022,0.006087573788569264,0.7635121909334862,1.2940301129668161,-0.001477201418752263,1.2955073143855684,0.0
203,4.06,hold,kick,9,0.800000011920929,-0.33000001311302185,0.10973345824050044,-0.02554363388211072,0.0059288630600895,0.7661509412175007,1.2969760561602914,-0.0015392557399438837,1.2985153119002353,0.0
204,4.08,hold,kick,10,0.800000011920929,-0.33000001311302185,0.10973345824050044,-0.02498445723572758,0.006028977020836734,0.7679244290143404,1.2989599379402512,-0.0015848374381709843,1.3005447753784223,0.0
205,4.1,hold,kick,11,0.800000011920929,-0.33000001311302185,0.10973345824050044,-0.024620767764999704,0.006336892367812041,0.7691223277848978,1.3003067997346673,-0.0016175297346284166,1.3019243294692957,0.0
206,4.12,hold,kick,12,0.800000011920929,-0.33000001311302185,0.10973345824050044,-0.024345918149184655,0.006599165511101201,0.7699280740927091,1.3012149636820582,-0.0016204091687248498,1.302835372850783,0.0
207,4.14,hold,kick,13,0.800000011920929,-0.33000001311302185,0.10973345824050044,-0.02411863408078329,0.006863588013408056,0.7704695549455451,1.3018212673685783,-0.0016174819266405252,1.3034387492952189,0.0
208,4.16,hold,kick,14,0.800000011920929,-0.33000001311302185,0.10973345824050044,-0.023868553134365016,0.007123914339054387,0.7708491937149555,1.3022387552770016,-0.001608202389566167,1.3038469576665679,0.0
209,4.18,hold,kick,15,0.800000011920929,-0.33000001311302185,0.10973345824050044,-0.023564049221904203,0.0073761572984804725,0.7711313270498428,1.302539277700418,-0.0015980113049265943,1.3041372890053446,0.0
210,4.2,hold,kick,16,0.800000011920929,-0.33000001311302185,0.10973345824050044,-0.02319082346544277,0.007635103929820286,0.7713557418797407,1.3027659608028817,-0.0015872546537258787,1.3043532154566075,0.0
211,4.22,hold,kick,17,0.800000011920929,-0.33000001311302185,0.10973345824050044,-0.022743402655865847,0.007891856109380958,0.7715483976733338,1.3029482750864367,-0.001578053869673475,1.3045263289561102,0.0
212,4.24,hold,kick,18,0.800000011920929,-0.33000001311302185,0.10973345824050044,-0.022218467050041393,0.008138502293148468,0.7717170802745554,1.3030972286384825,-0.001570906863957798,1.3046681355024403,0.0
213,4.26,hold,kick,19,0.800000011920929,-0.33000001311302185,0.10973345824050044,-0.021618471744493876,0.008374765082793,0.7718684563942185,1.3032215674304406,-0.0015693065317090478,1.3047908739621497,0.0
214,4.28,hold,kick,20,0.800000011920929,-0.33000001311302185,0.10973345824050044,-0.020942028505433693,0.008601069084639508,0.7720090832123065,1.3033300334115614,-0.0015739702779231264,1.3049040036894846,0.0
215,4.3,hold,kick,21,0.800000011920929,-0.33000001311302185,0.10973345824050044,-0.020183739734185392,0.008817511946546662,0.7721454120534273,1.3034310897505104,-0.0015837678184666346,1.305014857568977,0.0
216,4.32,hold,kick,22,0.800000011920929,-0.33000001311302185,0.10973345824050044,-0.019336471337049802,0.009022948563500752,0.7722839405664125,1.3035331163903314,-0.0015967603901054644,1.305129876780437,0.0
217,4.34,hold,kick,23,0.800000011920929,-0.33000001311302185,0.10973345824050044,-0.01838967431976039,0.009218933888626215,0.7724298320467998,1.3036425813348465,-0.001612180212500234,1.3052547615473467,0.0
218,4.36,hold,kick,24,0.800000011920929,-0.33000001311302185,0.10973345824050044,-0.017331957993132353,0.00940967308370766,0.7725859850347391,1.3037633623841305,-0.0016285421414031429,1.3053919045255336,0.0
219,4.38,hold,kick,25,0.800000011920929,-0.33000001311302185,0.10973345824050044,-0.01615492888013294,0.009603079697392375,0.772754261542126,1.303898210162958,-0.001645664354082546,1.3055438745170405,0.0
220,4.4,hold,kick,26,0.800000011920929,-0.33000001311302185,0.10973345824050044,-0.0148529690944506,0.009804142231532056,0.7729309400750989,1.3040441449015294,-0.0016637298459390819,1.3057078747474684,0.0
221,4.42,hold,kick,27,0.800000011920929,-0.33000001311302185,0.10973345824050044,-0.013421287752733846,0.010016906646600675,0.7731189093237762,1.3042039735934694,-0.0016825656073101401,1.3058865392007795,0.0
222,4.44,hold,kick,28,0.800000011920929,-0.33000001311302185,0.10973345824050044,-0.011855248291540893,0.010244956126961918,0.7733118536195808,1.304372064522417,-0.0017018869292450903,1.3060739514516622,0.0
223,4.46,hold,kick,29,0.800000011920929,-0.33000001311302185,0.10973345824050044,-0.010152081522337078,0.010491429845506705,0.7735107728791779,1.304548947736082,-0.001721730202000192,1.3062706779380824,0.0
224,4.48,hold,kick,30,0.800000011920929,-0.33000001311302185,0.10973345824050044,-0.008305805906566379,0.010764429704202102,0.7737107266231564,1.3047294079514435,-0.0017422813689185399,1.306471689320362,0.0
225,4.5,hold,kick,31,0.800000011920929,-0.33000001311302185,0.10973345824050044,-0.006312540544788432,0.011071562916881189,0.7739113349735667,1.3049127907335767,-0.0017592142013475413,1.3066720049349243,0.0
226,4.52,hold,kick,32,0.800000011920929,-0.33000001311302185,0.10973345824050044,-0.004169219001967144,0.011418880980806788,0.7741099348580137,1.305096172986826,-0.0017737237976765755,1.3068698967845025,0.0
227,4.54,hold,kick,33,0.800000011920929,-0.33000001311302185,0.10973345824050044,-0.0018751817503108296,0.011814898523594526,0.7743048149930476,1.3052778610329185,-0.0017865803323739542,1.3070644413652925,0.0
228,4.56,hold,kick,34,0.800000011920929,-0.33000001311302185,0.10973345824050044,0.000569308000877955,0.012264973535435595,0.7744914768173075,1.3054535976542478,-0.0017987479387297604,1.3072523455929776,0.0
229,4.58,hold,kick,35,0.800000011920929,-0.33000001311302185,0.10973345824050044,0.003165423687380152,0.012772551489139597,0.7746657519983682,1.3056188689962631,-0.0018109845285208537,1.307429853524784,0.0
230,4.6,hold,kick,36,0.800000011920929,-0.33000001311302185,0.10973345824050044,0.005914174086070278,0.013342822277165522,0.774824465599275,1.305770390532541,-0.0018227290796663936,1.3075931196122075,0.0
231,4.62,hold,kick,37,0.800000011920929,-0.33000001311302185,0.10973345824050044,0.008818389437872652,0.013982090132021254,0.7749638149007663,1.3059043393460252,-0.0018326051064071376,1.3077369444524323,0.0
232,4.64,hold,kick,38,0.800000011920929,-0.33000001311302185,0.10973345824050044,0.011881048371073528,0.014703004634859023,0.7750789201440366,1.3060163384626349,-0.0018517926965215502,1.3078681311591565,0.0
233,4.66,hold,kick,39,0.800000011920929,-0.33000001311302185,0.10973345824050044,0.015104137606040739,0.01551610690730402,0.7751635978202573,1.3061013034049362,-0.0018927389949199083,1.3079940423998562,0.0
234,4.68,hold,kick,40,0.800000011920929,-0.33000001311302185,0.10973345824050044,0.018489226388686872,0.016423891191190504,0.7752171005581896,1.306158257748156,-0.0019315276779067227,1.308089785426063,0.0
235,4.7,hold,kick,41,0.800000011920929,-0.33000001311302185,0.10973345824050044,0.022032392423183462,0.017425359965783718,0.7752303368205243,1.3061788875295366,-0.001968448541719705,1.3081473360712563,0.0
236,4.72,hold,kick,42,0.800000011920929,-0.33000001311302185,0.10973345824050044,0.025730555953217445,0.018512939626739937,0.7752045066191755,1.3061635155168447,-0.0019662526996404514,1.3081297682164852,0.0
237,4.74,hold,kick,43,0.800000011920929,-0.33000001311302185,0.10973345824050044,0.029589886533310527,0.019665896557768094,0.7751744657135277,1.3061447933535741,-0.0017619289087599417,1.3079067222623342,0.0
238,4.76,hold,kick,44,0.800000011920929,-0.33000001311302185,0.10973345824050044,0.03364849713197602,0.0208344575056967,0.7751556000339074,1.3061369988254612,-0.0017538208874494608,1.3078908197129107,0.0
239,4.78,hold,kick,45,0.800000011920929,-0.33000001311302185,0.10973345824050044,0.0379318967938801,0.021954608545434805,0.7751130287244625,1.3061042095359472,-0.0017290275830927453,1.30783323711904,0.0
240,4.8,hold,kick,46,0.800000011920929,-0.33000001311302185,0.10973345824050044,0.042409047864222185,0.023075698405055883,0.7750457309317205,1.3060477474036931,-0.0017237513129810013,1.3077714987166742,0.0
241,4.82,hold,kick,47,0.800000011920929,-0.33000001311302185,0.10973345824050044,0.047069734661386524,0.02422054674279941,0.7749406148448615,1.3059566737024066,-0.0017522671795280713,1.3077089408819347,0.0
242,4.84,hold,kick,48,0.800000011920929,-0.33000001311302185,0.10973345824050044,0.0519093115462993,0.02539899832061413,0.7747738867567696,1.305810658911833,-0.0018245968571260034,1.307635255768959,0.0
243,4.86,hold,kick,49,0.800000011920929,-0.33000001311302185,0.10973345824050044,0.056907686503519246,0.026606068522902242,0.7745120827753492,1.3055759871955745,-0.0019101249419325207,1.307486112137507,0.0
244,4.88,hold,kick,50,0.800000011920929,-0.33000001311302185,0.10973345824050044,0.062057334091983926,0.02784581632881335,0.7742342839750157,1.3053281388212734,-0.001936568900992957,1.3072647077222663,0.0
245,4.9,hold,kick,51,0.800000011920929,-0.33000001311302185,0.10973345824050044,0.06739006778033604,0.029132311805896496,0.7739940989501335,1.3051193125036664,-0.0019429531019366925,1.307062265605603,0.0
246,4.92,hold,kick,52,0.800000011920929,-0.33000001311302185,0.10973345824050044,0.07181685608237277,0.030947601841910966,0.773836716941547,1.3050394344740335,-0.002277536003456905,1.3073169704774903,0.0
247,4.94,hold,kick,53,0.800000011920929,-0.33000001311302185,0.10973345824050044,0.07468440674843632,0.033740512070526994,0.7737890499744663,1.305047151892781,-0.0024777482582897248,1.307524900151071,0.0
248,4.96,hold,kick,54,0.800000011920929,-0.33000001311302185,0.10973345824050044,0.07762100787206373,0.03677683407109473,0.7737795543740825,1.304949445771738,-0.0024621233486445335,1.3074115691203827,0.0
249,4.98,hold,kick,55,0.800000011920929,-0.33000001311302185,0.10973345824050044,0.08178705592491858,0.038852975163988814,0.7740292733658873,1.3050376068712108,-0.0008095605272488392,1.3058471673984597,0.0
250,5.0,hold,kick,56,0.800000011920929,-0.33000001311302185,0.10973345824050044,0.08672337508852802,0.03972831409463758,0.7744254770425419,1.3052410122072782,-0.0008723976867359637,1.3061134098940141,0.0
251,5.02,hold,kick,57,0.800000011920929,-0.33000001311302185,0.10973345824050044,0.09212182927430002,0.039834211597360863,0.7746288059817826,1.3051572182598807,-0.0008718295566580089,1.3060290478165388,0.0
252,5.04,hold,kick,58,0.800000011920929,-0.33000001311302185,0.10973345824050044,0.09814538315824599,0.03945564979296256,0.774550371584212,1.304715223653033,-0.0008170037512156177,1.3055322274042487,0.0
253,5.06,hold,kick,59,0.800000011920929,-0.33000001311302185,0.10973345824050044,0.10498537097293324,0.038668672808391626,0.7741185778263259,1.3039007117584418,-0.0007680989384862731,1.304668810696928,0.0
254,5.08,hold,kick,60,0.800000011920929,-0.33000001311302185,0.10973345824050044,0.11282287924438898,0.037456851346213925,0.7733651662733102,1.302800323796552,-0.0007305185712098046,1.3035308423677618,0.0
255,5.1,hold,kick,61,0.800000011920929,-0.33000001311302185,0.10973345824050044,0.12180832364236825,0.03579699529125042,0.7723219188700463,1.3015149250673963,-0.0006617886752756097,1.3021767137426719,0.0
256,5.12,hold,kick,62,0.800000011920929,-0.33000001311302185,0.10973345824050044,0.1319920278265164,0.033736994145897564,0.7708572537542318,1.2999623958704583,-0.0005940215223874598,1.3005564173928457,0.0
257,5.14,hold,kick,63,0.800000011920929,-0.33000001311302185,0.10973345824050044,0.1433092468852353,0.03133183753224572,0.7687654521015513,1.297940181267749,-0.0005329929382799983,1.298473174206029,0.0
258,5.16,hold,kick,64,0.800000011920929,-0.33000001311302185,0.10973345824050044,0.1556514529252749,0.028491574912609566,0.7658723781915763,1.295278569646046,-0.00046470502968369923,1.2957432746757298,0.0
259,5.18,hold,kick,65,0.800000011920929,-0.33000001311302185,0.10973345824050044,0.16877668124095463,0.025047474586195394,0.7618413242087974,1.291616855562577,-0.00042269527298091636,1.292039550835558,0.0
260,5.2,hold,kick,66,0.800000011920929,-0.33000001311302185,0.10973345824050044,0.18240536096143836,0.020652487168237903,0.7564592865943132,1.2866592647357857,-0.0006105618800394466,1.2872698266158251,0.0
261,5.22,hold,kick,67,0.800000011920929,-0.33000001311302185,0.10973345824050044,0.19562989394268124,0.015857144556966386,0.7509884119167471,1.2813554513610599,-0.0027899773758439626,1.2841454287369038,0.0
262,5.24,hold,kick,68,0.800000011920929,-0.33000001311302185,0.10973345824050044,0.20808612526597892,0.01228789791667251,0.7488306859388204,1.2790740068500737,-0.0015607731104320156,1.2806347799605058,0.0
263,5.26,hold,kick,69,0.800000011920929,-0.33000001311302185,0.10973345824050044,0.22087488668554117,0.008205650405165266,0.749162883556449,1.2795121636738012,-0.0018213836352481208,1.2813335473090492,0.0
264,5.28,hold,kick,70,0.800000011920929,-0.33000001311302185,0.10973345824050044,0.23372853027730564,0.0037069423905141947,0.7510730920661957,1.2816595148994665,-0.002532320016058333,1.2841918349155248,0.0
265,5.3,hold,kick,71,0.800000011920929,-0.33000001311302185,0.10973345824050044,0.2465224301027829,-0.0009193264170582392,0.7538949672695784,1.2847114086473115,-0.0034629249566851886,1.2881743336039966,0.0
266,5.32,hold,kick,72,0.800000011920929,-0.33000001311302185,0.10973345824050044,0.25903526190088627,-0.005534328849871322,0.7571573507310302,1.288129621759953,-0.0038743197040881916,1.2920039414640412,0.0
267,5.34,hold,kick,73,0.800000011920929,-0.33000001311302185,0.10973345824050044,0.2711191247403268,-0.009980986744353658,0.7603298406378094,1.2913873419333646,-0.004245639735355605,1.2956329816687202,0.0
268,5.36,hold,kick,74,0.800000011920929,-0.33000001311302185,0.10973345824050044,0.2827878890440954,-0.014362920551217484,0.7628953773342267,1.2939876879347967,-0.004314508849055834,1.2983021967838526,0.0
269,5.38,hold,kick,75,0.800000011920929,-0.33000001311302185,0.10973345824050044,0.2938578024354223,-0.018797294652908053,0.7647229769637935,1.2957869257650303,-0.0023640609886994013,1.2981509867537298,0.0
270,5.4,hold,kick,76,0.800000011920929,-0.33000001311302185,0.10973345824050044,0.3042597866125886,-0.023086506659264844,0.7660488398878115,1.2970045700608106,-0.000528187359636733,1.2975327574204474,0.0
271,5.42,hold,kick,77,0.800000011920929,-0.33000001311302185,0.10973345824050044,0.31392646127795115,-0.02683483289428053,0.7671341999173884,1.2978280731360594,-0.0005453459308214018,1.2983734190668808,0.0
272,5.44,hold,kick,78,0.800000011920929,-0.33000001311302185,0.10973345824050044,0.32307738788565266,-0.029724074667781465,0.768197499449035,1.2984005856607372,-0.0005631896821542345,1.2989637753428915,0.0
273,5.46,hold,kick,79,0.800000011920929,-0.33000001311302185,0.10973345824050044,0.33209630012874086,-0.03170584032158143,0.7696443380252239,1.2990504237456348,-0.0005747014785147178,1.2996251252241495,0.0
274,5.48,hold,kick,80,0.800000011920929,-0.33000001311302185,0.10973345824050044,0.3412124389932448,-0.03269609664382135,0.771888826728432,1.3001558430480387,-0.0005950899502743523,1.3007509329983131,0.0
275,5.5,hold,kick,81,0.800000011920929,-0.33000001311302185,0.10973345824050044,0.3510583471711451,-0.0329005390695477,0.7749618497610583,1.301843901855054,-0.0006316542974762439,1.3024755561525303,0.0
276,5.52,hold,kick,82,0.800000011920929,-0.33000001311302185,0.10973345824050044,0.36219034807021566,-0.032777424161764775,0.7785908030193575,1.3041188947280804,-0.0007885003715183449,1.3049073950995989,0.0
277,5.54,hold,kick,83,0.800000011920929,-0.33000001311302185,0.10973345824050044,0.3749716350972377,-0.03260106071592017,0.7823533929237536,1.306884373996748,-0.0011136032046619206,1.3079979772014099,0.0
278,5.56,hold,kick,84,0.800000011920929,-0.33000001311302185,0.10973345824050044,0.38950220336798086,-0.03268880838415201,0.7858564586426704,1.3099220352054235,-0.001403061185328628,1.3113250963907521,0.0
279,5.58,hold,kick,85,0.800000011920929,-0.33000001311302185,0.10973345824050044,0.40549852790953433,-0.03350215964239112,0.7888689394145751,1.312963138955692,-0.001594195393094848,1.3145573343487869,0.0
280,5.6,hold,kick,86,0.800000011920929,-0.33000001311302185,0.10973345824050044,0.4226665720563592,-0.035181794994098604,0.7910368779588133,1.3156003942327885,-0.0016333706550900433,1.3172337648878785,0.0
281,5.62,hold,kick,87,0.800000011920929,-0.33000001311302185,0.10973345824050044,0.440599097589083,-0.037644864426612336,0.7922245982192507,1.3174643536199575,-0.0015864696557749206,1.3190508232757325,0.0
282,5.64,hold,kick,88,0.800000011920929,-0.33000001311302185,0.10973345824050044,0.45884198351570543,-0.04095909208512751,0.7921990778390317,1.3182413742072585,-0.001481967730894155,1.3197233419381527,0.0
283,5.66,hold,kick,89,0.800000011920929,-0.33000001311302185,0.10973345824050044,0.477373055845707,-0.04499059063538734,0.790758325055893,1.3177653106791447,-0.001756678484288298,1.319521989163433,0.0
284,5.68,hold,kick,90,0.800000011920929,-0.33000001311302185,0.10973345824050044,0.4966217747157091,-0.049365334794015066,0.7882211291039599,1.3161968557749988,-0.0021631981967194895,1.3183600539717182,0.0
285,5.7,hold,kick,91,0.800000011920929,-0.33000001311302185,0.10973345824050044,0.5167355498126871,-0.05404790410795588,0.7847615527990739,1.313523238506688,-0.002422504121027628,1.3159457426277157,0.0
286,5.72,hold,kick,92,0.800000011920929,-0.33000001311302185,0.10973345824050044,0.5362716261267845,-0.05839364958646525,0.7814268163153926,1.3103929013620552,-0.00567798541001311,1.3160708867720683,0.0
287,5.74,hold,kick,93,0.800000011920929,-0.33000001311302185,0.10973345824050044,0.5536170651250832,-0.062218818290781415,0.7809350268550682,1.3097369921172386,-0.003921405515937677,1.3136583976331764,0.0
288,5.76,hold,kick,94,0.800000011920929,-0.33000001311302185,0.10973345824050044,0.570950185907252,-0.06563234596997236,0.7813379039163877,1.309840933122341,-0.003448508797675165,1.3132894419200163,0.0
289,5.78,hold,kick,95,0.800000011920929,-0.33000001311302185,0.10973345824050044,0.5882580520121835,-0.06845963739772162,0.7811505877786534,1.3091583900755384,-0.003673360617348645,1.312831750692887,0.0
290,5.8,hold,kick,96,0.800000011920929,-0.33000001311302185,0.10973345824050044,0.6030547336114477,-0.07112285680745588,0.781112511075359,1.3086395445265326,-0.004254499253504452,1.3128940437800372,0.0
291,5.82,hold,kick,97,0.800000011920929,-0.33000001311302185,0.10973345824050044,0.6156139735866534,-0.07404444154852032,0.7816577798670737,1.3089531752266397,-0.003356535258236523,1.3123097104848762,0.0
292,5.84,hold,kick,98,0.800000011920929,-0.33000001311302185,0.10973345824050044,0.6270475106190155,-0.07727550848836628,0.7829218513823302,1.3100924328453465,-0.0031341547365223987,1.313226587581869,0.0
293,5.86,hold,kick,99,0.800000011920929,-0.33000001311302185,0.10973345824050044,0.6377875833717818,-0.08087107245404454,0.7844544954325374,1.3116226297426237,-0.003049961626469727,1.3146725913690933,0.0
294,5.88,hold,kick,100,0.800000011920929,-0.33000001311302185,0.10973345824050044,0.6480575808837276,-0.08465267737208933,0.78550256427916,1.3126920030927975,-0.00301391274855101,1.3157059158413487,0.0
295,5.9,hold,kick,101,0.800000011920929,-0.33000001311302185,0.10973345824050044,0.6578960934338677,-0.08833918467084542,0.7856058740086572,1.3127047255742461,-0.002997369301270758,1.315702094875517,0.0
296,5.92,hold,kick,102,0.800000011920929,-0.33000001311302185,0.10973345824050044,0.6670912899109896,-0.09180369914630325,0.7846943574891789,1.3115355152458894,-0.002897496930334916,1.3144330121762242,0.0
297,5.94,hold,kick,103,0.800000011920929,-0.33000001311302185,0.10973345824050044,0.6753986957148689,-0.0953146528727579,0.7828150926976412,1.3093589129190317,-0.0026461372975860216,1.3120050502166178,0.0
298,5.96,hold,kick,104,0.800000011920929,-0.33000001311302185,0.10973345824050044,0.6825932119134928,-0.09924230370308869,0.7801858362604086,1.306530355195842,-0.0022639392502163402,1.3087942944460584,0.0
299,5.98,hold,kick,105,0.800000011920929,-0.33000001311302185,0.10973345824050044,0.6886382190379224,-0.10382618953179058,0.7768964540800416,1.3032278951928018,-0.0017537262810803853,1.304981621473882,0.0
300,6.0,hold,kick,106,0.8002179849562508,-0.3302241663323502,0.1097242938118701,0.6936606749503174,-0.10922246206977658,0.7730253680439872,1.2995348145465584,-0.0010277791448367185,1.3005625936913952,0.0
301,6.02,hold,kick,107,0.8027905033273145,-0.3327256883333045,0.10965926360357064,0.6978861184584536,-0.11510471328176747,0.7693698803844248,1.2960947954313875,-0.005001344442060143,1.3010961398734477,0.0
302,6.04,hold,kick,108,0.807192656706604,-0.3334206962435569,0.10974195011257541,0.7028783330828173,-0.1195918438095949,0.7688290703697922,1.2952620034042268,-0.004158420672834437,1.2994204240770613,0.0
303,6.06,hold,kick,109,0.8110604658382554,-0.33408412016989086,0.10975037105350054,0.7083410826873588,-0.1225255890073671,0.7701832764796667,1.296095927589766,-0.0035566730261672244,1.2996526006159332,0.0
304,6.08,hold,kick,110,0.8148433826325715,-0.33475764618030923,0.10974394381333046,0.7138849873732089,-0.12439343231811849,0.7720674837395595,1.2973026557933924,-0.0035857395960696703,1.300888395389462,0.0
305,6.1,hold,kick,111,0.818615220747961,-0.3354324830497612,0.10973840584918326,0.7193033846699863,-0.1256370086408311,0.7740434153246876,1.2985393621852468,-0.003766971345938848,1.3023063335311857,0.0
306,6.12,hold,kick,112,0.822385595137983,-0.33610748668271206,0.10973545717273503,0.724235725398053,-0.1264466874437813,0.7760142489647289,1.2998758300253876,-0.00400410832292869,1.3038799383483164,0.0
307,6.14,hold,kick,113,0.8261557675755157,-0.3367825099540635,0.10973417082064012,0.7284557389342547,-0.1268674835641062,0.7779940436563141,1.301429777292384,-0.0042441330550815615,1.3056739103474655,0.0
308,6.16,hold,kick,114,0.8299259087268213,-0.33745753488172,0.10973368096847629,0.7318555438705525,-0.127127853550318,0.779866914593075,1.3031937483305105,-0.004433842456902634,1.307627590787413,0.0
309,6.18,hold,kick,115,0.8336960438990293,-0.3381325596828277,0.10973351620898013,0.7343243582334642,-0.12760702342620867,0.7814342399998104,1.3051014945004957,-0.004510958835165307,1.309612453335661,0.0
310,6.2,hold,kick,116,0.8374661776513513,-0.33880758435248076,0.10973346838721258,0.7358162676092969,-0.1286045099732961,0.7826583082346188,1.3071461486563276,-0.0044159627933942555,1.3115621114497218,0.0
311,6.22,hold,kick,117,0.8412363110326418,-0.339482608971669,0.10973345750067866,0.7364347929635114,-0.13025068768141845,0.7835555950292858,1.3092130664866575,-0.004185600901440094,1.3133986673880975,0.0
312,6.24,hold,kick,118,0.8450064443232738,-0.3401576335767016,0.10973345638949548,0.7364220758814116,-0.13251382730500447,0.784173550321593,1.3111265879141667,-0.003918325619796895,1.3150449135339637,0.0
313,6.26,hold,kick,119,0.8487765775978007,-0.3408326581791209,0.10973345707199482,0.736049945324885,-0.13523386434247475,0.7846444749715765,1.3128085520062678,-0.00369874900496852,1.3165073010112363,0.0
314,6.28,hold,kick,120,0.8525467108729005,-0.3415076827816777,0.10973345768626641,0.7354876438050375,-0.13839522328462892,0.7849819154496614,1.3141927755138931,-0.003509398133637265,1.3177021736475303,0.0
315,6.3,hold,kick,121,0.8563168441504715,-0.3421827073846818,0.10973345801612999,0.7348025617870602,-0.1420344843498452,0.7851591999926342,1.315207293380542,-0.0033073641027238643,1.318514657483266,0.0
316,6.32,hold,kick,122,0.8600869774296509,-0.34285773198797437,0.10973345816042876,0.7341036131149073,-0.14605401406549937,0.7852087651125605,1.3158278316961574,-0.003176984625373032,1.3190048163215304,0.0
317,6.34,hold,kick,123,0.863857110709602,-0.3435327565914052,0.10973345821544775,0.7335015174392807,-0.150167233069387,0.7851051541521011,1.3160309562093875,-0.0030811271827054856,1.319112083392093,0.0
318,6.36,hold,kick,124,0.8676272439898679,-0.34420778119489237,0.10973345823397035,0.7330108587107819,-0.15402674596367613,0.7847661598572402,1.3158016123971774,-0.0029839965575129412,1.3187856089546903,0.0
319,6.38,hold,kick,125,0.8713973772702471,-0.34488280579839975,0.10973345823935261,0.7326132710269372,-0.15742779125849063,0.7841807610273815,1.3152196514292858,-0.0028814403348953396,1.318101091764181,0.0
320,6.4,hold,kick,126,0.8751675105506621,-0.3455578304019135,0.1097334582405806,0.7323218635804408,-0.16043320077682946,0.7833987114288928,1.314410934576889,-0.002744855321352546,1.3171557898982416,0.0
321,6.42,hold,kick,127,0.8789376438310866,-0.3462328550054294,0.10973345824070752,0.732071418310657,-0.16323366846862575,0.7823915917444152,1.3133914702389287,-0.0025249100503268,1.3159163802892555,0.0
322,6.44,hold,kick,128,0.8827077771115118,-0.34690787960894526,0.10973345824063158,0.7317878702353737,-0.16593326495529792,0.7811132376933607,1.3121200388078962,-0.0022631437674982477,1.3143831825753944,0.0
323,6.46,hold,kick,129,0.886477910391937,-0.34758290421246113,0.10973345824056285,0.7314835942715912,-0.1685294355656518,0.7795742034064905,1.3106026758640708,-0.002056679608143281,1.3126593554722141,0.0
324,6.48,hold,kick,130,0.8902480436723622,-0.348257928815977,0.1097334582405259,0.7312308465530416,-0.17093033778483352,0.7778264450286311,1.30888114328123,-0.0021145996360063812,1.3109957429172363,0.0
325,6.5,hold,kick,131,0.8940181769527874,-0.3489329534194929,0.10973345824050969,0.7312754345473426,-0.17264832307266573,0.7763676079346378,1.3074419149479637,-0.0020461423753409085,1.3094880573233045,0.0
326,6.52,hold,kick,132,0.8977883102332126,-0.34960797802300875,0.10973345824050348,0.7315251299235064,-0.17414644701728185,0.7750871876803572,1.3061405040843115,-0.0018414357776548353,1.3079819398619663,0.0
327,6.54,hold,kick,133,0.9015584435136378,-0.3502830026265246,0.1097334582405014,0.7318157152137259,-0.17589420310626436,0.7739450542347289,1.3049234158897118,-0.0019301127396589464,1.3068535286293708,0.0
328,6.56,hold,kick,134,0.905328576794063,-0.3509580272300405,0.10973345824050074,0.7322052027934828,-0.1777708924139654,0.7731565043942018,1.30402299348735,-0.0016193828223800347,1.30564237630973,0.0
329,6.58,hold,kick,135,0.9090987100744882,-0.35163305183355636,0.10973345824050074,0.7326653749172177,-0.17977820369844547,0.7726568059533866,1.303396145276731,-0.0014848235503217913,1.3048809688270528,0.0
330,6.6,hold,kick,136,0.9128688433549134,-0.35230807643707224,0.10973345824050074,0.7331994358844173,-0.18174238625685574,0.7723545457474587,1.3029605744073243,-0.0014889027907964147,1.3044494771981208,0.0
331,6.62,hold,kick,137,0.9166389766353386,-0.3529831010405881,0.10973345824050074,0.7337224879089425,-0.18373966038385323,0.7721906351014075,1.30265924187838,-0.0014816371760127088,1.3041408790543927,0.0
332,6.64,hold,kick,138,0.9204091099157637,-0.353658125644104,0.10973345824050074,0.7341899666343683,-0.18588465809685148,0.7721071321987555,1.3024317140922823,-0.0014834557144575433,1.30391516980674,0.0
333,6.66,hold,kick,139,0.9241792431961889,-0.35433315024761985,0.10973345824050074,0.7345338682872066,-0.18805674595565006,0.7720269241284479,1.3021875425582567,-0.0014995220740718698,1.3036870646323286,0.0
334,6.68,hold,kick,140,0.9279493764766141,-0.3550081748511357,0.10973345824050074,0.7347171220239368,-0.19010497595642206,0.7719281677437184,1.301884832427753,-0.0014831905473470623,1.3033680229751001,0.0
335,6.7,hold,kick,141,0.9317195097570393,-0.3556831994546516,0.10973345824050074,0.7347092442431964,-0.19201520841579692,0.7718173535283788,1.3015391259975178,-0.0013605502766074543,1.3028996762741252,0.0
336,6.72,hold,kick,142,0.9354896430374645,-0.35635822405816747,0.10973345824050074,0.7344759949703574,-0.19374502965309742,0.7716322249384779,1.3011197044343785,-0.001139194723946007,1.3022588991583246,0.0
337,6.74,hold,kick,143,0.9392597763178897,-0.35703324866168334,0.10973345824050074,0.7339123725473243,-0.1952144153346243,0.7711891778447642,1.3004961889095494,-0.0008397957177993208,1.3013359846273487,0.0
338,6.76,hold,kick,144,0.9430299095983149,-0.3577082732651992,0.10973345824050074,0.7329276289996942,-0.19628801511625904,0.7704193468703359,1.2996541638318018,-0.00047008882894824383,1.30012425266075,0.0
339,6.78,hold,kick,145,0.9468000428787401,-0.3583832978687151,0.10973345824050074,0.7317553481682217,-0.19679630999300854,0.7695596470931271,1.298841796931453,-0.0005392615598132852,1.2993810584912662,0.0
340,6.8,hold,kick,146,0.9505701761591653,-0.35905832247223096,0.10973345824050074,0.7303202998278403,-0.1970573281281989,0.7686625581891163,1.2981168165831825,-0.0005178599450262611,1.2986346765282086,0.0
341,6.82,hold,kick,147,0.9543403094395905,-0.35973334707574683,0.10973345824050074,0.7286861430281079,-0.19731821877947242,0.7678203108405408,1.2975373531456265,-0.000568175790726138,1.2981055289363526,0.0
342,6.84,hold,kick,148,0.9581104427200157,-0.3604083716792627,0.10973345824050074,0.7268379312300849,-0.1977668799388754,0.7670422762477018,1.2970849163208311,-0.0006016750332149406,1.297686591354046,0.0
343,6.86,hold,kick,149,0.9618805760004409,-0.3610833962827786,0.10973345824050074,0.7247790152546812,-0.1985361267545238,0.7662365572426935,1.2966212394425156,-0.0006163599294984057,1.297237599372014,0.0
344,6.88,hold,kick,150,0.965650709280866,-0.36175842088629445,0.10973345824050074,0.7225472773027019,-0.19978367227513846,0.7653391395392345,1.2960261490794003,-0.0005931489392399548,1.2966192980186402,0.0
345,6.9,hold,kick,151,0.9694208425612912,-0.3624334454898103,0.10973345824050074,0.7202833224529869,-0.2015632575561422,0.7643768627162382,1.2952899124309625,-0.000561283853834145,1.2958511962847967,0.0
346,6.92,hold,kick,152,0.9731909758417164,-0.3631084700933262,0.10973345824050074,0.718253378182466,-0.203621716712609,0.7634352585792049,1.2945140959789034,-0.0005431623574614249,1.2950572583363649,0.0
347,6.94,hold,kick,153,0.9769611091221416,-0.36378349469684207,0.10973345824050074,0.7165484972296371,-0.2056375479372692,0.7625047263475667,1.2937329298467248,-0.0005153163594078317,1.2942482462061327,0.0
348,6.96,hold,kick,154,0.9807312424025668,-0.36445851930035794,0.10973345824050074,0.715122897325999,-0.20734651601219448,0.7616953897891227,1.2930760032809663,-0.0005462398061161326,1.2936222430870825,0.0
349,6.98,hold,kick,155,0.984501375682992,-0.3651335439038738,0.10973345824050074,0.7139864134706041,-0.20858147916462502,0.7612514722202766,1.292779970871411,-0.0006266418574883414,1.2934066127288992,0.0
350,7.0,hold,kick,156,0.9882715089634172,-0.3658085685073897,0.10973345824050074,0.7131309391420989,-0.2094523268946409,0.7614199231637366,1.293072442714516,-0.0006583380596679143,1.2937307807741838,0.0
351,7.02,hold,kick,157,0.9920416422438424,-0.36648359311090556,0.10973345824050074,0.7124028533267565,-0.21014062782972381,0.7620436505991801,1.2938130999198814,-0.0006353539070974822,1.294448453826979,0.0
352,7.04,hold,kick,158,0.9958117755242676,-0.36715861771442143,0.10973345824050074,0.7116575741228326,-0.21077026715034203,0.7625486947707305,1.2944319244411315,-0.000559200621089221,1.2949911250622208,0.0
353,7.06,hold,kick,159,0.9995819088046928,-0.3678336423179373,0.10973345824050074,0.7108139276726829,-0.21140245639642766,0.7625447803902645,1.2945275216202818,-0.0005042448065156607,1.2950317664267974,0.0
354,7.08,hold,kick,160,1.0033520420851219,-0.3685086669214532,0.10973345824050074,0.7098476392804856,-0.21207641167954347,0.762283062556806,1.294329043375039,-0.0005250236741315382,1.2948540670491704,0.0
355,7.1,hold,kick,161,1.0071221753655515,-0.36918369152496905,0.10973345824050074,0.7090154352911421,-0.2127488458401803,0.7619660006381229,1.294041323047376,-0.0005067539162757588,1.2945480769636517,0.0
356,7.12,hold,kick,162,1.0108923086459811,-0.3698587161284849,0.10973345824050074,0.7083661291611053,-0.21332234425592903,0.7617113811817813,1.2937884077780013,-0.0005149939406832241,1.2943034017186845,0.0
357,7.14,hold,kick,163,1.0146624419264108,-0.3705337407320008,0.10973345824050074,0.7077808749418556,-0.21378089380622176,0.7615820840125673,1.2936515734394218,-0.0005486456272761342,1.294200219066698,0.0
358,7.16,hold,kick,164,1.0184325752068404,-0.37120876533551667,0.10973345824050074,0.7071772465681742,-0.21418256493112012,0.761481299968279,1.2935479894715238,-0.0005464157798144159,1.2940944052513383,0.0
359,7.18,hold,kick,165,1.02220270848727,-0.37188378993903254,0.10973345824050074,0.7064424637573632,-0.2145621715999496,0.7614270727240264,1.2934928699073969,-0.0005255647952902842,1.294018434702687,0.0
360,7.2,hold,kick,166,1.0259728417676997,-0.3725588145425484,0.10973345824050074,0.7056543842575226,-0.2149267855130298,0.7613896160146236,1.293452961058642,-0.0005200004916547964,1.2939729615502968,0.0
361,7.22,hold,kick,167,1.0297429750481293,-0.3732338391460643,0.10973345824050074,0.704846513724948,-0.21532643006359875,0.7613505527206745,1.2933987110179128,-0.0005278427955660685,1.293926553813479,0.0
362,7.24,hold,kick,168,1.033513108328559,-0.37390886374958016,0.10973345824050074,0.7040349089215172,-0.21566493972579373,0.7612688734345499,1.2932945883178413,-0.0005402578425279247,1.2938348461603693,0.0
363,7.26,hold,kick,169,1.0372832416089885,-0.37458388835309603,0.10973345824050074,0.7032869412606692,-0.21566482217877803,0.761086888052225,1.2930889104679752,-0.0005366608225481351,1.2936255712905234,0.0
364,7.28,hold,kick,170,1.0410533748894182,-0.3752589129566119,0.10973345824050074,0.7027053889333746,-0.21533343384154502,0.7608066976113046,1.2927933678679187,-0.0005829265767381964,1.293376294444657,0.0
365,7.3,hold,kick,171,1.0448235081698478,-0.3759339375601278,0.10973345824050074,0.702173084564589,-0.2147002859294684,0.7603954545029996,1.2923874634749832,-0.0005348603711430727,1.2929223238461263,0.0
366,7.32,hold,kick,172,1.0485936414502774,-0.37660896216364365,0.10973345824050074,0.7014821560563955,-0.21377201704394805,0.7599630747122231,1.2919775470791603,-0.0005501085137829438,1.2925276555929432,0.0
367,7.34,hold,kick,173,1.052363774730707,-0.3772839867671595,0.10973345824050074,0.7006916202160386,-0.21272234224296543,0.7595883340095599,1.291636118322231,-0.0005235795618376698,1.2921596978840686,0.0
368,7.36,hold,kick,174,1.0561339080111367,-0.3779590113706754,0.10973345824050074,0.6999096257144712,-0.21167198333167322,0.7591260700402105,1.291204229257549,-0.0005201559400713103,1.2917243851976203,0.0
369,7.38,hold,kick,175,1.0599040412915663,-0.37863403597419126,0.10973345824050074,0.6991257354246546,-0.21067536697701372,0.7585986467336823,1.2907018686356824,-0.000518615343508274,1.2912204839791905,0.0
370,7.4,hold,kick,176,1.063674174571996,-0.37930906057770714,0.10973345824050074,0.6983377490061614,-0.2097578941770361,0.7580484156355919,1.2901712841761397,-0.0005188558950669879,1.2906901400712067,0.0
371,7.42,hold,kick,177,1.0674443078524256,-0.379984085181223,0.10973345824050074,0.6975639889807821,-0.20893027409442252,0.7575067311374133,1.2896438335048843,-0.0005207280114677866,1.2901645615163522,0.0
372,7.44,hold,kick,178,1.0712144411328552,-0.3806591097847389,0.10973345824050074,0.6968130029737772,-0.20819154474435514,0.7569900070981952,1.28913662819251,-0.0005219915307141561,1.2896586197232243,0.0
373,7.46,hold,kick,179,1.0749845744132849,-0.38133413438825475,0.10973345824050074,0.6960971971138349,-0.20753592109029154,0.7565059304259055,1.2886578633074666,-0.0005230795475852923,1.2891809428550518,0.0
374,7.48,hold,kick,180,1.0787547076937145,-0.3820091589917706,0.10973345824050074,0.6954299478267849,-0.20695454277758746,0.7560571081579982,1.2882109214533166,-0.0005247776399371247,1.2887356990932537,0.0
375,7.5,hold,kick,181,1.0825248409741441,-0.3826841835952865,0.10973345824050074,0.6948220732473994,-0.20643348048499333,0.7556412317143514,1.287794158997382,-0.0005262501577252068,1.2883204091551073,0.0
376,7.52,hold,kick,182,1.0862949742545738,-0.38335920819880237,0.10973345824050074,0.6942794151736115,-0.20595657159740302,0.755254427548245,1.287404157473725,-0.0005271085332246607,1.2879312660069495,0.0
377,7.54,hold,kick,183,1.0900651075350034,-0.38403423280231824,0.10973345824050074,0.6938049546623929,-0.2055087728043782,0.7548931036124468,1.2870376464609197,-0.0005282547945197474,1.2875659012554395,0.0
378,7.56,hold,kick,184,1.093835240815433,-0.3847092574058341,0.10973345824050074,0.6934008620201921,-0.20507669024906325,0.7545536681049408,1.2866913139665535,-0.0005288465174812032,1.2872201604840348,0.0
379,7.58,hold,kick,185,1.0976053740958627,-0.38538428200935,0.10973345824050074,0.6930693013340483,-0.20464806265326344,0.7542327865751484,1.2863620431404283,-0.0005291235837485316,1.286891166724177,0.0
380,7.6,hold,kick,186,1.1013755073762923,-0.38605930661286586,0.10973345824050074,0.6928113835092338,-0.20421340297036208,0.7539273178797765,1.2860469537296864,-0.0005293999984614002,1.2865763537281478,0.0
381,7.62,hold,kick,187,1.105145640656722,-0.38673433121638173,0.10973345824050074,0.692628900297007,-0.20376634198947755,0.7536342617061893,1.285743377295769,-0.0005290650313068274,1.2862724423270757,0.0
382,7.64,hold,kick,188,1.1089157739371516,-0.3874093558198976,0.10973345824050074,0.6925242673968199,-0.20330359140697615,0.7533508241706497,1.285448970696354,-0.0005284874903664118,1.2859774581867205,0.0
383,7.66,hold,kick,189,1.1126859072175812,-0.3880843804234135,0.10973345824050074,0.6925009037584516,-0.20282420812899257,0.7530742869135817,1.2851615575207795,-0.0005280396520730042,1.2856895971728526,0.0
384,7.68,hold,kick,190,1.1164560404980108,-0.38875940502692935,0.10973345824050074,0.6925641141204223,-0.20232924165648303,0.7528020627775927,1.2848791795162844,-0.0005277299322139738,1.2854069094484983,0.0
385,7.7,hold,kick,191,1.1202261737784405,-0.3894344296304452,0.10973345824050074,0.6927206734740182,-0.20182298374734808,0.7525325308114217,1.2846009272927217,-0.000527363393791145,1.285128290686513,0.0
386,7.72,hold,kick,192,1.12399630705887,-0.3901094542339611,0.10973345824050074,0.6929776470044012,-0.20131267313951307,0.7522647796079116,1.2843266405120102,-0.0005268342292692844,1.2848534747412794,0.0
387,7.74,hold,kick,193,1.1277664403392997,-0.39078447883747697,0.10973345824050074,0.6933414261497902,-0.20080738191538022,0.7519975604618964,1.2840557045769898,-0.0005271755749726541,1.2845828801519625,0.0
388,7.76,hold,kick,194,1.1315365736197294,-0.39145950344099284,0.10973345824050074,0.6938133765349885,-0.20031342464794546,0.7517285693334269,1.283785576287156,-0.0005342259546405291,1.2843198022417965,0.0
389,7.78,hold,kick,195,1.135306706900159,-0.3921345280445087,0.10973345824050074,0.6943918180059698,-0.1998384284071113,0.7514550186778698,1.2835126091324303,-0.0005563009320568128,1.284068910064487,0.0
390,7.8,hold,kick,196,1.1390768401805886,-0.3928095526480246,0.10973345824050074,0.6950961712994551,-0.19939976113967733,0.7511757208797207,1.2832355907955786,-0.000581494753584183,1.2838170855491629,0.0
391,7.82,hold,kick,197,1.1428469734610183,-0.39348457725154046,0.10973345824050074,0.6959498139737476,-0.19903047221184497,0.7508969628800756,1.2829609719852373,-0.000606748887788406,1.2835677208730256,0.0
392,7.84,hold,kick,198,1.146617106741448,-0.39415960185505633,0.10973345824050074,0.6968926218756012,-0.19877248859276817,0.750615767829638,1.2826837655721932,-0.0006287895236642277,1.2833125550958575,0.0
393,7.86,hold,kick,199,1.1503872400218775,-0.3948346264585722,0.10973345824050074,0.6978890004875574,-0.19866768575161242,0.7503317453882136,1.2824004735366445,-0.0006484047740505233,1.283048878310695,0.0
394,7.88,hold,kick,200,1.1541573733023072,-0.3955096510620881,0.10973345824050074,0.6988788978702081,-0.19877700979096902,0.7500489863617898,1.2821107967852365,-0.0006632612910414566,1.282774058076278,0.0
395,7.9,hold,kick,201,1.1579275065827368,-0.39618467566560395,0.10973345824050074,0.6998434493858958,-0.19915009505429354,0.7497527209770684,1.2817975297778292,-0.0006618214525694298,1.2824593512303986,0.0
396,7.92,hold,kick,202,1.1616976398631664,-0.3968597002691198,0.10973345824050074,0.7007784694911303,-0.19984405113816578,0.7494168726270453,1.2814327590708243,-0.000648570470592906,1.2820813295414173,0.0
397,7.94,hold,kick,203,1.165467773143596,-0.3975347248726357,0.10973345824050074,0.7017065132145363,-0.20091517790390492,0.7489842992653031,1.2809599299701024,-0.0006256699786619906,1.2815855999487644,0.0
398,7.96,hold,kick,204,1.1692379064240257,-0.39820974947615156,0.10973345824050074,0.7026940282756503,-0.2023969284125822,0.748361495578845,1.2802837247271959,-0.0006075194036547632,1.2808912441308506,0.0
399,7.98,hold,kick,205,1.1730080397044553,-0.39888477407966744,0.10973345824050074,0.7038753389715728,-0.2042347516394587,0.7474308669173404,1.2792761363475909,-0.0006054834853702826,1.2798816198329612,0.0
400,8.0,hold,kick,206,1.176778172984885,-0.3995597986831833,0.10973345824050074,0.7053438658133112,-0.206189775048438,0.746153278044791,1.2778820583531558,-0.0006296292643695432,1.2785116876175253,0.0
401,8.02,hold,kick,207,1.1805483062653146,-0.4002348232866992,0.10973345824050074,0.7070094773540472,-0.20791821478589712,0.7447834880756321,1.2763632198939256,-0.0006595994627072652,1.2770228193566329,0.0
402,8.04,hold,kick,208,1.1843184395457442,-0.40090984789021505,0.10973345824050074,0.7087449007900246,-0.20934952039850152,0.7436452903309098,1.2750880061883043,-0.0006907629383864043,1.2757787691266906,0.0
403,8.06,hold,kick,209,1.1880885728261739,-0.4015848724937309,0.10973345824050074,0.7104399226232906,-0.21054797821511373,0.7428205000408097,1.2741754576938726,-0.0007282307330724117,1.2749036884269451,0.0
404,8.08,hold,kick,210,1.1918587061066035,-0.4022598970972468,0.10973345824050074,0.7120229102167268,-0.21152496021258355,0.7422730189501247,1.2736136582339874,-0.0007542654467444093,1.274367923680732,0.0
405,8.1,hold,kick,211,1.1956288393870331,-0.40293492170076267,0.10973345824050074,0.7135040427236724,-0.2123328190895577,0.7419760090556647,1.273370274237065,-0.0007573089333189481,1.274127583170384,0.0
406,8.12,hold,kick,212,1.1993989726674628,-0.40360994630427854,0.10973345824050074,0.7148703797995929,-0.21298182204057473,0.7418797826370563,1.2733820856801112,-0.0007481001017922741,1.2741301857819036,0.0
407,8.14,hold,kick,213,1.2031691059478924,-0.4042849709077944,0.10973345824050074,0.7161203613190171,-0.21349204803562039,0.7419283111420077,1.2735700616071146,-0.0007384585336831784,1.2743085201407978,0.0
408,8.16,hold,kick,214,1.206939239228322,-0.4049599955113103,0.10973345824050074,0.7172878844776768,-0.2139082840175744,0.7420959195640848,1.2738798092811603,-0.0007242964429464253,1.2746041057241067,0.0
409,8.18,hold,kick,215,1.2107093725087517,-0.40563502011482616,0.10973345824050074,0.7184086135278824,-0.2142553005833088,0.742378283497159,1.2742863449019308,-0.0007134831462876287,1.2749998280482184,0.0
410,8.2,hold,kick,216,1.2144795057891813,-0.40631004471834203,0.10973345824050074,0.7194893707900462,-0.2145548568565871,0.742777424530636,1.2747797624109192,-0.0006928327544401605,1.2754725951653594,0.0
411,8.22,hold,kick,217,1.218249639069611,-0.4069850693218579,0.10973345824050074,0.7205355780457346,-0.21481859648906806,0.743313031597137,1.275375670837919,-0.0006648395380123469,1.2760405103759314,0.0
412,8.24,hold,kick,218,1.2220197723500406,-0.4076600939253738,0.10973345824050074,0.7214048499384011,-0.21520697712298187,0.7439260712204211,1.276027382008181,-0.0006520370074181749,1.2766794190155992,0.0
413,8.26,hold,kick,219,1.2257899056304702,-0.40833511852888965,0.10973345824050074,0.7219672002179774,-0.21589055455995554,0.7447164820670716,1.2768386835862717,-0.000642831008149599,1.2774815145944214,0.0
414,8.28,hold,kick,220,1.2295600389108998,-0.4090101431324055,0.10973345824050074,0.7222121576868862,-0.21671646654572377,0.7456458396438717,1.2777825905702627,-0.0006087679319203322,1.278391358502183,0.0
415,8.3,hold,kick,221,1.2333301721913295,-0.4096851677359214,0.10973345824050074,0.7222539959223289,-0.2176055040784706,0.7464758941587526,1.2786062924438937,-0.0005776871933707295,1.2791839796372644,0.0
416,8.32,hold,kick,222,1.237100305471759,-0.41036019233943727,0.10973345824050074,0.7221884216393237,-0.2185648949308026,0.7471142095499053,1.2792111693109525,-0.0005586332342085859,1.2797698025451612,0.0
417,8.34,hold,kick,223,1.2408704387521887,-0.41103521694295314,0.10973345824050074,0.7221102853684623,-0.21955720010744662,0.747552356501627,1.2795894115689053,-0.0005407300894877606,1.280130141658393,0.0
418,8.36,hold,kick,224,1.2446405720326184,-0.411710241546469,0.10973345824050074,0.7221181184910463,-0.22055946236012655,0.7478300954971707,1.2797910356597992,-0.0005282537175510908,1.2803192893773503,0.0
419,8.38,hold,kick,225,1.248410705313048,-0.4123852661499849,0.10973345824050074,0.7222710685362361,-0.2215571060030539,0.7479942883607286,1.2798756631185513,-0.000526436436777817,1.2804020995553291,0.0
420,8.4,hold,kick,226,1.2521808385934776,-0.41306029075350076,0.10973345824050074,0.7225948811522251,-0.22252889478289908,0.748090443422712,1.2798992326737935,-0.0005262203351380258,1.2804254530089314,0.0
421,8.42,hold,kick,227,1.2559509718739073,-0.41373531535701663,0.10973345824050074,0.7230883004502506,-0.22345125813697755,0.7481531961054796,1.279902062549198,-0.0005261496765037038,1.2804282122257016,0.0
422,8.44,hold,kick,228,1.2597211051543369,-0.4144103399605325,0.10973345824050074,0.7237228039784722,-0.22431028601012135,0.7482085255485229,1.279910949996545,-0.0005269916271827997,1.280437941623728,0.0
423,8.46,hold,kick,229,1.2634912384347665,-0.4150853645640484,0.10973345824050074,0.7244561574202074,-0.22508756626324863,0.7482727543704542,1.2799389404128383,-0.0005297081279453456,1.2804686485407837,0.0
424,8.48,hold,kick,230,1.2672613717151961,-0.41576038916756425,0.10973345824050074,0.725251899912507,-0.22575939224631061,0.7483524083357617,1.2799881497234438,-0.0005341030180933647,1.2805222527415372,0.0
425,8.5,hold,kick,231,1.2710315049956258,-0.4164354137710801,0.10973345824050074,0.7260871038618016,-0.22631782629544223,0.7484482057878704,1.280057191564334,-0.0005364523595890978,1.280593643923923,0.0
426,8.52,hold,kick,232,1.2748016382760554,-0.417110438374596,0.10973345824050074,0.7269429813580586,-0.2267633362599721,0.7485599103780439,1.2801443070317158,-0.0005382359248222654,1.280682542956538,0.0
427,8.54,hold,kick,233,1.278571771556485,-0.41778546297811187,0.10973345824050074,0.7278022757386525,-0.2271016383772223,0.7486855832395483,1.2802465906769758,-0.0005396034498643329,1.2807861941268401,0.0
428,8.56,hold,kick,234,1.2823419048369147,-0.41846048758162774,0.10973345824050074,0.72864401923733,-0.2273451997624555,0.7488217728562299,1.2803592735409062,-0.0005410221730438765,1.2809002957139501,0.0
429,8.58,hold,kick,235,1.2861120381173443,-0.4191355121851436,0.10973345824050074,0.7294588701620099,-0.2275008589343001,0.7489644109392163,1.2804779738200864,-0.0005413708971013682,1.2810193447171878,0.0
430,8.6,hold,kick,236,1.289882171397774,-0.4198105367886595,0.10973345824050074,0.7302454409155396,-0.22757235778590665,0.7491097593934838,1.2805995212296903,-0.0005412879474438505,1.2811408091771341,0.0
431,8.62,hold,kick,237,1.2936523046782036,-0.42048556139217536,0.10973345824050074,0.7310029429034588,-0.2275647328056597,0.7492547955063558,1.2807215652752777,-0.0005409209664919284,1.2812624862417696,0.0
432,8.64,hold,kick,238,1.2974224379586332,-0.42116058599569123,0.10973345824050074,0.7317299892326297,-0.2274828542762671,0.749398055773675,1.2808432082515453,-0.0005407108300486199,1.2813839190815939,0.0
433,8.66,hold,kick,239,1.3011925712390628,-0.4218356105992071,0.10973345824050074,0.7324240163850934,-0.22733147191079278,0.7495385210640092,1.2809636551738572,-0.0005409269381105586,1.2815045821119677,0.0
434,8.68,hold,kick,240,1.3049627045194925,-0.422510635202723,0.10973345824050074,0.7330811474185359,-0.227115177861152,0.7496759773528012,1.2810824931584017,-0.0005412654703543414,1.281623758628756,0.0
435,8.7,hold,kick,241,1.308732837799922,-0.42318565980623885,0.10973345824050074,0.7336965854822379,-0.22683985781057406,0.7498101730517222,1.2811991284910762,-0.0005418369258753282,1.2817409654169516,0.0
436,8.72,hold,kick,242,1.3125029710803517,-0.4238606844097547,0.10973345824050074,0.7342669213482631,-0.22651245106361867,0.749941122281476,1.2813134211753878,-0.0005426807150361763,1.281856101890424,0.0
437,8.74,hold,kick,243,1.3162731043607814,-0.4245357090132706,0.10973345824050074,0.7347903697039496,-0.22613987783434455,0.7500688411278968,1.2814254189251537,-0.0005436205664340749,1.2819690394915877,0.0
438,8.76,hold,kick,244,1.320043237641211,-0.42521073361678646,0.10973345824050074,0.735265101242838,-0.22572758531634712,0.7501936702283654,1.2815353551431745,-0.0005446964020078479,1.2820800515451825,0.0
439,8.78,hold,kick,245,1.3238133709216406,-0.42588575822030234,0.10973345824050074,0.7356895502062616,-0.22527997723817741,0.7503156209919986,1.281643108824993,-0.0005458608014644768,1.2821889696264577,0.0
440,8.8,hold,kick,246,1.3275835042020703,-0.4265607828238182,0.10973345824050074,0.7360619437486159,-0.22480079899475697,0.7504345978353651,1.2817482759727177,-0.0005471058555966239,1.2822953818283143,0.0
441,8.82,hold,kick,247,1.3313536374825,-0.4272358074273341,0.10973345824050074,0.7363810509155233,-0.22429320574772446,0.7505505172932684,1.2818505434135934,-0.0005483645500220721,1.2823989079636156,0.0
442,8.84,hold,kick,248,1.3351237707629295,-0.42791083203084995,0.10973345824050074,0.7366464801437792,-0.22376020617619802,0.7506638229998618,1.2819503645624066,-0.0005496422878091892,1.282500006850216,0.0
443,8.86,hold,kick,249,1.3388939040433592,-0.4285858566343658,0.10973345824050074,0.7368592027394513,-0.22320519905362884,0.7507746928203116,1.2820482847155552,-0.0005509498773850381,1.2825992345929402,0.0
444,8.88,hold,kick,250,1.3426640373237888,-0.4292608812378817,0.10973345824050074,0.7370196882888409,-0.22263109840014939,0.7508828020960941,1.2821443613571502,-0.0005522684499202797,1.2826966298070703,0.0
445,8.9,hold,kick,251,1.3464341706042184,-0.42993590584139757,0.10973345824050074,0.737127869328709,-0.22204060726210464,0.7509876380075116,1.2822383761257,-0.0005534534586701945,1.28279182958437,0.0
446,8.92,hold,kick,252,1.350204303884648,-0.43061093044491344,0.10973345824050074,0.7371855061170561,-0.22143795376126416,0.7510878561922013,1.2823297473060746,-0.000554375343590912,1.2828841226496654,0.0
447,8.94,hold,kick,253,1.3539744371650777,-0.4312859550484293,0.10973345824050074,0.7371926554595605,-0.22082574764693302,0.7511829007903172,1.2824181597753603,-0.0005548857397775393,1.2829730455151378,0.0
448,8.96,hold,kick,254,1.3577445704455073,-0.4319609796519452,0.10973345824050074,0.7371480103147682,-0.22020610447270175,0.7512737086375191,1.2825043461639392,-0.0005552426254590744,1.2830595887893983,0.0
449,8.98,hold,kick,255,1.361514703725937,-0.43263600425546106,0.10973345824050074,0.7370508631954855,-0.21958176799784299,0.7513607045766583,1.282588582843945,-0.0005555393937659477,1.283144122237711,0.0
450,9.0,hold,kick,256,1.3652848370063666,-0.43331102885897693,0.10973345824050074,0.7369006650854836,-0.21895653782760618,0.7514438473170062,1.2826706807851087,-0.0005558334347246854,1.2832265142198334,0.0
451,9.02,hold,kick,257,1.3690549702867962,-0.4339860534624928,0.10973345824050074,0.7366980297134876,-0.21833459401334032,0.7515235401623256,1.2827509406243753,-0.0005559304783965408,1.283306871102772,0.0
452,9.04,hold,kick,258,1.3728251035672259,-0.4346610780660087,0.10973345824050074,0.7364446520572671,-0.21771969782698866,0.7516013675847449,1.2828308256173933,-0.0005558241928386581,1.283386649810232,0.0
453,9.06,hold,kick,259,1.3765952368476555,-0.43533610266952455,0.10973345824050074,0.7361437520292757,-0.2171157437797792,0.7516780548089674,1.282911127727388,-0.0005555657466744315,1.2834666934740624,0.0
454,9.08,hold,kick,260,1.3803653701280851,-0.4360111272730404,0.10973345824050074,0.735799083713183,-0.21652731642242828,0.7517543266726988,1.2829925331273329,-0.0005554814897408139,1.2835480146170737,0.0
455,9.1,hold,kick,261,1.3841355034085148,-0.4366861518765563,0.10973345824050074,0.735412513857264,-0.2159585947144124,0.7518300965020651,1.2830745643351038,-0.000555900316004658,1.2836304646511085,0.0
456,9.12,hold,kick,262,1.3879056366889444,-0.43736117648007217,0.10973345824050074,0.7349859387117859,-0.21541212638235457,0.7519035271630244,1.2831547199733904,-0.0005558589713151804,1.2837105789447056,0.0
457,9.14,hold,kick,263,1.391675769969374,-0.43803620108358804,0.10973345824050074,0.7345221938007145,-0.2148897379433379,0.7519736304092308,1.2832316659004992,-0.0005552702410306642,1.28378693614153,0.0
458,9.16,hold,kick,264,1.3954459032498037,-0.4387112256871039,0.10973345824050074,0.7340264650513373,-0.21439362234820086,0.7520395887370763,1.2833048058978387,-0.0005541762861085986,1.2838589821839472,0.0
459,9.18,hold,kick,265,1.3992160365302333,-0.4393862502906198,0.10973345824050074,0.7335029217293471,-0.21392244085246898,0.7520996746195489,1.2833725664225686,-0.0005528544958173821,1.283925420918386,0.0
460,9.2,hold,kick,266,1.402986169810663,-0.44006127489413566,0.10973345824050074,0.732955096059095,-0.21347249861586823,0.7521521865188908,1.2834331172888567,-0.0005515402765445994,1.2839846575654013,0.0
461,9.22,hold,kick,266,1.4067563030910926,-0.44073629949765153,0.10973345824050074,0.7323865074747837,-0.2130411756299336,0.7521963843387656,1.2834855615406016,-0.0005503211458286125,1.2840358826864302,0.0
462,9.24,hold,kick,266,1.4105264363715222,-0.4414113241011674,0.10973345824050074,0.7318016122364958,-0.2126267667172008,0.7522320997152755,1.2835297437810766,-0.0005492432026042091,1.2840789869836808,0.0
463,9.26,hold,kick,266,1.4142965696519518,-0.4420863487046833,0.10973345824050074,0.7312060668650346,-0.2122277322493897,0.7522597149662041,1.2835663104333237,-0.0005482821565199157,1.2841145925898436,0.0
464,9.28,hold,kick,266,1.4180667029323815,-0.44276137330819915,0.10973345824050074,0.7306065601903052,-0.21184268556338892,0.7522809287322361,1.2835973809956966,-0.0005475122715829783,1.2841448932672797,0.0
465,9.3,hold,kick,266,1.421836836212811,-0.443436397911715,0.10973345824050074,0.7300089188323536,-0.21147127131893145,0.7522974804260177,1.2836251140136743,-0.0005469113348383174,1.2841720253485127,0.0
466,9.32,hold,kick,266,1.4256069694932407,-0.4441114225152309,0.10973345824050074,0.7294163693552532,-0.2111145817979893,0.7523092301488131,1.2836493368176332,-0.0005462780910642957,1.2841956149086975,0.0
467,9.34,hold,kick,266,1.4293771027736704,-0.44478644711874676,0.10973345824050074,0.7288312679457462,-0.21077383822950654,0.7523162554497604,1.2836698884204152,-0.0005452824454605133,1.2842151708658758,0.0
468,9.36,hold,kick,266,1.4331472360541,-0.44546147172226264,0.10973345824050074,0.7282558298130718,-0.2104495859668755,0.7523191442599231,1.2836870979514794,-0.0005441577674629716,1.2842312557189424,0.0
469,9.38,hold,kick,266,1.4369173693345296,-0.4461364963257785,0.10973345824050074,0.7276919974921787,-0.2101419214940167,0.7523186672802501,1.2837014807126188,-0.0005430488804121433,1.284244529593031,0.0
470,9.4,hold,kick,266,1.4406875026149593,-0.4468115209292944,0.10973345824050074,0.7271408281591325,-0.20985073842974783,0.7523148674148442,1.2837128224004366,-0.0005421358807050289,1.2842549582811416,0.0
471,9.42,hold,kick,266,1.444457635895389,-0.44748654553281025,0.10973345824050074,0.72660220752203,-0.20957589836119797,0.7523064014764119,1.2837194239254388,-0.0005414380146617909,1.2842608619401006,0.0
472,9.44,hold,kick,266,1.4482277691758185,-0.4481615701363261,0.10973345824050074,0.7260767240844466,-0.20931727332231045,0.7522928351547525,1.2837205888177345,-0.0005409031999343353,1.284261492017669,0.0
473,9.46,hold,kick,266,1.4519979024562482,-0.448836594739842,0.10973345824050074,0.7255656146423637,-0.20907494276056968,0.752274525746224,1.2837165215222366,-0.000540476923142897,1.2842569984453795,0.0
474,9.48,hold,kick,266,1.4557680357366778,-0.44951161934335787,0.10973345824050074,0.7250704628607524,-0.2088491325738242,0.7522522419726823,1.283707892813511,-0.0005401227623452881,1.2842480155758564,0.0
475,9.5,hold,kick,266,1.4595381690171074,-0.45018664394687374,0.10973345824050074,0.7245935829493401,-0.20864066618303698,0.7522269687496167,1.2836956518047966,-0.0005398753805941695,1.2842355271853907,0.0
476,9.52,hold,kick,266,1.463308302297537,-0.4508616685503896,0.10973345824050074,0.7241372733851085,-0.2084502746402348,0.7521996853615203,1.283680747603789,-0.000539702714722954,1.284220450318512,0.0
477,9.54,hold,kick,266,1.4670784355779667,-0.4515366931539055,0.10973345824050074,0.7237027072821657,-0.208277707225453,0.7521711523705529,1.2836638593377274,-0.000539570117144738,1.284203429454872,0.0
478,9.56,hold,kick,266,1.4708485688583963,-0.45221171775742136,0.10973345824050074,0.7232907769283912,-0.2081222608924513,0.7521420669751714,1.2836456267294059,-0.0005394997728318252,1.2841851265022377,0.0
479,9.58,hold,kick,266,1.474618702138826,-0.45288674236093723,0.10973345824050074,0.7229024003241966,-0.20798306376357628,0.752113084887269,1.283626687845232,-0.000539512031472008,1.284166199876704,0.0
480,9.6,hold,kick,266,1.4783888354192556,-0.4535617669644531,0.10973345824050074,0.7225385109985853,-0.20785900233317303,0.7520849227223064,1.2836077722538068,-0.000539612754020178,1.284147385007827,0.0
481,9.62,hold,kick,266,1.4821589686996852,-0.454236791567969,0.10973345824050074,0.7221999552805103,-0.2077488521566734,0.7520582652136938,1.283589594866672,-0.0005398020104393948,1.2841293968771115,0.0
482,9.64,hold,kick,266,1.4859291019801149,-0.45491181617148485,0.10973345824050074,0.7218874705507546,-0.20765149125758273,0.7520335719875871,1.283572640976808,-0.0005400775352159964,1.284112718512024,0.0
483,9.66,hold,kick,266,1.4896992352605445,-0.4555868407750007,0.10973345824050074,0.721601667359619,-0.20756598022650571,0.7520110708453122,1.283557142080042,-0.0005404344318770231,1.2840975765119191,0.0
484,9.68,hold,kick,266,1.4934693685409741,-0.4562618653785166,0.10973345824050074,0.7213430487470965,-0.20749151302733532,0.7519907866386919,1.2835431343970032,-0.0005408599934833176,1.2840839943904865,0.0
485,9.7,hold,kick,266,1.4972395018214038,-0.45693688998203247,0.10973345824050074,0.7211120287724427,-0.20742744047167586,0.7519726152633419,1.2835305264114851,-0.0005413438914906726,1.2840718703029759,0.0
486,9.72,hold,kick,266,1.5010096351018334,-0.45761191458554834,0.10973345824050074,0.720908921509728,-0.20737322176962272,0.7519563409167703,1.2835191229045748,-0.0005418789969933967,1.2840610019015681,0.0
487,9.74,hold,kick,266,1.504779768382263,-0.4582869391890642,0.10973345824050074,0.7207338537931618,-0.20732839494613403,0.7519418624461277,1.2835088218086377,-0.0005424655694781753,1.2840512873781158,0.0
488,9.76,hold,kick,266,1.5085499016626926,-0.4589619637925801,0.10973345824050074,0.7205866627402785,-0.2072925402936719,0.7519292443364423,1.28349968765586,-0.0005430939834788727,1.284042781639339,0.0
489,9.78,hold,kick,266,1.5123200349431223,-0.45963698839609596,0.10973345824050074,0.7204670382039571,-0.20726519371621321,0.7519184334550832,1.2834916743199023,-0.0005437592816358687,1.2840354336015383,0.0
490,9.8,hold,kick,266,1.516090168223552,-0.46031201299961183,0.10973345824050074,0.7203747557719291,-0.20724605375435376,0.7519092846101623,1.2834846622994025,-0.0005444585896043942,1.284029120889007,0.0
491,9.82,hold,kick,266,1.5198603015039815,-0.4609870376031277,0.10973345824050074,0.7203099117958607,-0.20723537088331903,0.7519017320070864,1.2834786262372626,-0.0005451774924447872,1.2840238037297074,0.0
492,9.84,hold,kick,266,1.5236304347844112,-0.4616620622066436,0.10973345824050074,0.7202729156658528,-0.20723314684720487,0.7518958053804996,1.2834737098586895,-0.0005458965385687978,1.2840196063972582,0.0
493,9.86,hold,kick,266,1.5274005680648408,-0.46233708681015945,0.10973345824050074,0.7202632823106023,-0.2072385881441654,0.7518908673092484,1.2834694662696906,-0.0005466102906107814,1.2840160765603015,0.0
494,9.88,hold,kick,266,1.5311707013452704,-0.4630121114136753,0.10973345824050074,0.7202793884827182,-0.20725088085265794,0.7518859577944645,1.2834650136819876,-0.0005473089857729527,1.2840123226677607,0.0
495,9.9,hold,kick,266,1.5349408346257,-0.4636871360171912,0.10973345824050074,0.7203198019750665,-0.20726966150284593,0.75188035399373,1.2834596627171988,-0.0005479807888629715,1.2840076435060617,0.0
496,9.92,hold,kick,266,1.5387109679061297,-0.46436216062070707,0.10973345824050074,0.7203835253546412,-0.20729443477919496,0.7518738652778457,1.2834532478821419,-0.0005486219886866282,1.2840018698708284,0.0
497,9.94,hold,kick,266,1.5424811011865593,-0.46503718522422294,0.10973345824050074,0.7204691657965082,-0.2073250385947325,0.7518664862438919,1.2834457714809744,-0.0005492166550390733,1.2839949881360135,0.0
498,9.96,hold,kick,266,1.546251234466989,-0.4657122098277388,0.10973345824050074,0.7205750503163026,-0.2073615378447676,0.7518582778045578,1.2834373002733162,-0.0005497429793547143,1.2839870432526708,0.0
499,9.98,hold,kick,266,1.5500213677474186,-0.4663872344312547,0.10973345824050074,0.7206995353792524,-0.20740399979508525,0.7518493591289223,1.283427976261447,-0.0005501853585039539,1.2839781616199508,0.0
500,10.0,hold,kick,266,1.5537915010278482,-0.46706225903477055,0.10973345824050074,0.7208413179695917,-0.20745237467529656,0.7518399957135621,1.2834181375467448,-0.0005505244830257029,1.2839686620297706,0.0
501,10.02,hold,kick,266,1.5575616343082779,-0.4677372836382864,0.10973345824050074,0.7209987588168609,-0.20750681088953132,0.7518302862025692,1.2834079048635167,-0.0005507416570794919,1.2839586465205963,0.0
502,10.04,hold,kick,266,1.5613317675887075,-0.4684123082418023,0.10973345824050074,0.7211700770334102,-0.20756745939060725,0.7518202017584824,1.2833972427191918,-0.0005508278088141305,1.283948070528006,0.0
503,10.06,hold,kick,266,1.5651019008691371,-0.4690873328453182,0.10973345824050074,0.7213536530523611,-0.20763438521885627,0.7518096546694354,1.2833860616669255,-0.0005507861856358862,1.2839368478525615,0.0
504,10.08,hold,kick,266,1.5688720341495668,-0.46976235744883404,0.10973345824050074,0.7215479766854106,-0.2077075732903019,0.7517986138240931,1.2833743296124418,-0.0005506316222661581,1.283924961234708,0.0
505,10.1,hold,kick,266,1.5726421674299964,-0.4704373820523499,0.10973345824050074,0.7217518622001631,-0.20778733531344953,0.7517872622978006,1.2833622015664028,-0.0005503772854054713,1.2839125788518082,0.0
506,10.12,hold,kick,266,1.576412300710426,-0.4711124066558658,0.10973345824050074,0.7219641216303897,-0.2078739205567556,0.751775551076495,1.2833496189083289,-0.0005500418231012827,1.2838996607314301,0.0
507,10.14,hold,kick,266,1.5801824339908557,-0.47178743125938166,0.10973345824050074,0.7221829264634034,-0.20796668110122424,0.751763057807824,1.2833361596841042,-0.000549645888850387,1.2838858055729545,0.0
508,10.16,hold,kick,266,1.5839525672712853,-0.47246245586289753,0.10973345824050074,0.7224066738229061,-0.20806493223560632,0.7517495251334556,1.2833215917493288,-0.0005492008782258737,1.2838707926275548,0.0
509,10.18,hold,kick,266,1.587722700551715,-0.4731374804664134,0.10973345824050074,0.722634186830492,-0.2081679946632302,0.7517347850231555,1.283305819462014,-0.0005487314940674469,1.2838545509560815,0.0
510,10.2,hold,kick,266,1.5914928338321446,-0.4738125050699293,0.10973345824050074,0.7228644452999011,-0.2082751526609965,0.751718890079651,1.2832889799113705,-0.0005482622484743599,1.2838372421598447,0.0
511,10.22,hold,kick,266,1.5952629671125742,-0.47448752967344515,0.10973345824050074,0.7230963102807029,-0.20838585387648947,0.7517020390925917,1.2832712984506853,-0.000547791495273918,1.2838190899459592,0.0
512,10.24,hold,kick,266,1.5990331003930038,-0.475162554276961,0.10973345824050074,0.7233285694750505,-0.20849967749695006,0.7516844894293953,1.2832530098141628,-0.0005473096970125407,1.2838003195111753,0.0
513,10.26,hold,kick,266,1.6028032336734335,-0.4758375788804769,0.10973345824050074,0.7235600270849417,-0.20861625112242274,0.7516665020054067,1.2832343302421334,-0.000546805917470479,1.2837811361596039,0.0
514,10.28,hold,kick,266,1.606573366953863,-0.47651260348399277,0.10973345824050074,0.7237895309113038,-0.20873521426618477,0.7516483206552423,1.283215450321173,-0.0005462726277023454,1.2837617229488754,0.0
515,10.3,hold,kick,266,1.6103435002342927,-0.47718762808750864,0.10973345824050074,0.7240159936823632,-0.2088561965806717,0.7516301582675807,1.283196527044505,-0.0005457221827004366,1.2837422492272053,0.0
516,10.32,hold,kick,266,1.6141136335147224,-0.4778626526910245,0.10973345824050074,0.7242382122480959,-0.20897859965238488,0.7516121747932,1.2831776697961628,-0.0005451916686449246,1.2837228614648077,0.0
517,10.34,hold,kick,266,1.617883766795152,-0.4785376772945404,0.10973345824050074,0.7244546493054342,-0.20910187554572204,0.7515945079507564,1.2831589542303556,-0.0005446269830712003,1.2837035812134268,0.0
518,10.36,hold,kick,266,1.6216539000755816,-0.47921270189805626,0.10973345824050074,0.7246641055355485,-0.20922540320456978,0.7515773668590807,1.2831405492242038,-0.0005440234507871171,1.283684572674991,0.0
519,10.38,hold,kick,266,1.6254240333560113,-0.47988772650157213,0.10973345824050074,0.7248655822903588,-0.20934873541369325,0.7515608633054105,1.2831225458240874,-0.0005433704867593633,1.2836659163108468,0.0
520,10.4,hold,kick,266,1.629194166636441,-0.480562751105088,0.10973345824050074,0.7250584111122819,-0.20947137261324061,0.7515449586323707,1.2831049023904513,-0.0005426726910012503,1.2836475750814524,0.0
521,10.42,hold,kick,266,1.6329642999168705,-0.4812377757086039,0.10973345824050074,0.7252422896796495,-0.20959274457169424,0.7515297088638565,1.2830876921218055,-0.0005419445757440765,1.2836296366975495,0.0
522,10.44,hold,kick,266,1.6367344331973002,-0.48191280031211975,0.10973345824050074,0.725417201091455,-0.20971218602908098,0.7515152744595637,1.283071113851314,-0.0005412057911800827,1.283612319642494,0.0
523,10.46,hold,kick,266,1.6405045664777298,-0.4825878249156356,0.10973345824050074,0.725583329143796,-0.20982896444256866,0.7515018346281043,1.2830553957713589,-0.0005404772966772012,1.2835958730680361,0.0
524,10.48,hold,kick,266,1.6442746997581594,-0.4832628495191515,0.10973345824050074,0.7257414168091929,-0.2099421801384331,0.7514897381089003,1.283040952654313,-0.0005400255043887109,1.2835809781587018,0.0
525,10.5,hold,kick,266,1.648044833038589,-0.48393787412266737,0.10973345824050074,0.7258921117072183,-0.21005117903372308,0.7514789647593138,1.2830278399854895,-0.000539872001373589,1.2835677119868631,0.0
526,10.52,hold,kick,266,1.6518149663190187,-0.48461289872618324,0.10973345824050074,0.7260359631839566,-0.21015541466478765,0.7514694893429807,1.2830160679019338,-0.0005398187724430237,1.2835558866743768,0.0
527,10.54,hold,kick,266,1.6555850995994483,-0.4852879233296991,0.10973345824050074,0.7261734277873866,-0.21025436428726688,0.7514612961214457,1.2830056524499782,-0.0005398078443016145,1.2835454602942797,0.0
528,10.56,hold,kick,266,1.659355232879878,-0.485962947933215,0.10973345824050074,0.7263048401690668,-0.21034753623661803,0.7514543624990717,1.2829965852879035,-0.0005398178509720339,1.2835364031388756,0.0
529,10.58,hold,kick,266,1.6631253661603076,-0.48663797253673086,0.10973345824050074,0.7264303590676797,-0.21043455880000256,0.7514484542025046,1.2829886353231372,-0.0005398411387280005,1.2835284764618653,0.0
530,10.6,hold,kick,266,1.6668954994407372,-0.48731299714024673,0.10973345824050074,0.7265500220480373,-0.21051525937160953,0.7514432047570282,1.2829814069518337,-0.0005398691607216288,1.2835212761125554,0.0
531,10.62,hold,kick,266,1.6706656327211669,-0.4879880217437626,0.10973345824050074,0.7266639792935304,-0.21058956359690878,0.7514385209592513,1.2829747900157185,-0.0005398969466043069,1.2835146869623228,0.0
532,10.64,hold,kick,266,1.6744357660015965,-0.4886630463472785,0.10973345824050074,0.7267723862150046,-0.2106574823037339,0.7514343676010865,1.2829687333882307,-0.0005399086333060452,1.2835086420215367,0.0
533,10.66,hold,kick,266,1.6782058992820261,-0.48933807095079435,0.10973345824050074,0.7268753796842152,-0.21071906916991143,0.7514307275091939,1.28296320618321,-0.0005399056441623105,1.2835031118273723,0.0
534,10.68,hold,kick,266,1.6819760325624558,-0.4900130955543102,0.10973345824050074,0.7269730852170603,-0.21077441911797468,0.7514275824594377,1.2829581784426463,-0.0005398937162792196,1.2834980721589255,0.0
535,10.7,hold,kick,266,1.6857461658428854,-0.4906881201578261,0.10973345824050074,0.7270656246316399,-0.21082367147563824,0.7514249073823361,1.2829536158912167,-0.0005398775747230411,1.2834934934659397,0.0
536,10.72,hold,kick,266,1.689516299123315,-0.49136314476134196,0.10973345824050074,0.7271530826212893,-0.21086698503903367,0.751422658507564,1.2829494628287157,-0.0005398590204396189,1.2834893218491552,0.0
537,10.74,hold,kick,266,1.6932864324037447,-0.49203816936485784,0.10973345824050074,0.7272355849807719,-0.21090463116830727,0.7514207755174088,1.2829456449288652,-0.0005398391875072114,1.2834854841163723,0.0
538,10.76,hold,kick,266,1.6970565656841743,-0.4927131939683737,0.10973345824050074,0.7273133066687016,-0.210936927087244,0.7514192108797819,1.2829421120311209,-0.0005398174833917205,1.2834819295145126,0.0
539,10.78,hold,kick,266,1.700826698964604,-0.4933882185718896,0.10973345824050074,0.7273864062848817,-0.2109641949031407,0.751417927906482,1.2829388296840627,-0.0005397935488090921,1.2834786232328719,0.0
540,10.8,hold,kick,266,1.7045968322450336,-0.49406324317540545,0.10973345824050074,0.7274549239203651,-0.2109869311957636,0.751416901595144,1.2829357624944548,-0.0005397631800314363,1.2834755256744863,0.0
541,10.82,hold,kick,266,1.7083669655254632,-0.4947382677789213,0.10973345824050074,0.7275190191435167,-0.21100558306686865,0.7514161061264745,1.2829328900178023,-0.0005397245912213446,1.2834726146090236,0.0
542,10.84,hold,kick,266,1.7121370988058928,-0.4954132923824372,0.10973345824050074,0.7275789778606874,-0.21102050287689253,0.7514155164212425,1.2829302107506992,-0.0005396796841698193,1.2834698904348691,0.0
543,10.86,hold,kick,266,1.7159072320863225,-0.49608831698595307,0.10973345824050074,0.7276350838231409,-0.2110320027696637,0.7514151130925155,1.2829277304059705,-0.0005396307410077891,1.2834673611469782,0.0
544,10.88,hold,kick,266,1.719677365366752,-0.49676334158946894,0.10973345824050074,0.727687604730147,-0.21104037407336282,0.7514148791776749,1.2829254549834774,-0.0005395821370146568,1.283465037120492,0.0
545,10.9,hold,kick,266,1.7234474986471817,-0.4974383661929848,0.10973345824050074,0.7277367825869048,-0.21104588583280376,0.751414793494385,1.2829233825990825,-0.0005395357045729181,1.2834629183036554,0.0
546,10.92,hold,kick,266,1.7272176319276114,-0.4981133907965007,0.10973345824050074,0.72778282124234,-0.21104877734188912,0.7514148381083652,1.2829215096688706,-0.0005394914861700552,1.2834610011550407,0.0
547,10.94,hold,kick,266,1.730987765208041,-0.49878841540001656,0.10973345824050074,0.7278258993036568,-0.2110492666789739,0.7514149996104775,1.2829198328468239,-0.0005394495964861079,1.28345928244331,0.0
548,10.96,hold,kick,266,1.7347578984884706,-0.49946344000353243,0.10973345824050074,0.727866137728448,-0.21104751929145302,0.7514152636037411,1.2829183413720742,-0.0005394097502678524,1.283457751122342,0.0
549,10.98,hold,kick,266,1.7385280317689003,-0.5001384646070482,0.10973345824050074,0.7279035540644454,-0.21104359678648948,0.7514156156181069,1.2829170133326775,-0.0005393720949045736,1.283456385427582,0.0
550,11.0,hold,kick,266,1.7422981650493299,-0.5008134892105641,0.10973345824050074,0.7279382408582727,-0.21103763715078017,0.7514160506488017,1.2829158407623584,-0.0005393360262414791,1.2834551767886,0.0
551,11.02,hold,kick,266,1.7460682983297595,-0.50148851381408,0.10973345824050074,0.7279702829639194,-0.21102977266047304,0.7514165644320152,1.2829148190045163,-0.0005393009255205347,1.2834541199300369,0.0
552,11.04,hold,kick,266,1.7498384316101891,-0.5021635384175959,0.10973345824050074,0.7279998239669123,-0.21102019086078946,0.7514171534694559,1.2829139436221504,-0.0005392644975396009,1.2834532081196899,0.0
553,11.06,hold,kick,266,1.7536085648906188,-0.5028385630211117,0.10973345824050074,0.7280270440758219,-0.2110091139008766,0.751417812942934,1.2829132061345705,-0.0005392261615485075,1.283452432296119,0.0
554,11.08,hold,kick,266,1.7573786981710484,-0.5035135876246276,0.10973345824050074,0.7280521276440344,-0.21099675581245825,0.751418539051573,1.2829125972864532,-0.0005391856761106789,1.283451782962564,0.0
555,11.1,hold,kick,266,1.761148831451478,-0.5041886122281435,0.10973345824050074,0.7280752640832647,-0.21098331376844412,0.7514193264376502,1.2829121057888837,-0.0005391434606485668,1.2834512492495322,0.0
556,11.12,hold,kick,266,1.7649189647319077,-0.5048636368316594,0.10973345824050074,0.7280967009694523,-0.21096902092067932,0.7514201708576566,1.2829117227770128,-0.0005391001258391002,1.2834508229028518,0.0
557,11.14,hold,kick,266,1.7686890980123373,-0.5055386614351752,0.10973345824050074,0.7281167188635975,-0.21095412467213387,0.7514210642396129,1.282911436416477,-0.0005390555972085952,1.2834504920136858,0.0
558,11.16,hold,kick,266,1.772459231292767,-0.5062136860386911,0.10973345824050074,0.7281355802492121,-0.21093883616591794,0.7514219933136367,1.2829112289563362,-0.0005390087894055658,1.2834502377457417,0.0
559,11.18,hold,kick,266,1.7762293645731966,-0.506888710642207,0.10973345824050074,0.7281534963189588,-0.2109233108692064,0.7514229449949982,1.2829110814636642,-0.0005389598987586459,1.2834500413624228,0.0
560,11.2,hold,kick,266,1.7799994978536262,-0.5075637352457228,0.10973345824050074,0.7281706476945285,-0.2109076593200089,0.7514239081933346,1.2829109770680744,-0.0005389091380431262,1.2834498862061177,0.0
561,11.22,hold,kick,266,1.7837696311340558,-0.5082387598492387,0.10973345824050074,0.728187200149385,-0.21089196332225352,0.7514248743473059,1.2829109020282283,-0.0005388573736049181,1.2834497594018333,0.0
562,11.24,hold,kick,266,1.7875397644144855,-0.5089137844527546,0.10973345824050074,0.728203311394719,-0.21087628626080673,0.7514258366456252,1.2829108447131838,-0.0005388046466316999,1.2834496493598155,0.0
563,11.26,hold,kick,266,1.791309897694915,-0.5095888090562705,0.10973345824050074,0.7282191213091337,-0.21086066521528554,0.7514267884208444,1.2829107933771515,-0.0005387513557441673,1.2834495447328957,0.0
564,11.28,hold,kick,266,1.7950800309753447,-0.5102638336597863,0.10973345824050074,0.7282347541379617,-0.210845115936746,0.7514277257684134,1.2829107386493717,-0.0005386984288239804,1.2834494370781957,0.0
565,11.3,hold,kick,266,1.7988501642557744,-0.5109388582633022,0.10973345824050074,0.728250331882785,-0.21082964691595119,0.7514286469010261,1.2829106736286957,-0.0005386465107820697,1.2834493201394779,0.0
566,11.32,hold,kick,266,1.802620297536204,-0.5116138828668181,0.10973345824050074,0.7282659718410539,-0.2108142540279997,0.7514295471945703,1.2829105887121401,-0.0005385964456367694,1.283449185157777,0.0
567,11.34,hold,kick,266,1.8063904308166336,-0.512288907470334,0.10973345824050074,0.7282817838572567,-0.2107989274642452,0.7514304244482122,1.2829104764343378,-0.000538549109294302,1.2834490255436322,0.0
568,11.36,hold,kick,266,1.8101605640970633,-0.5129639320738498,0.10973345824050074,0.7282978625372268,-0.21078364633702745,0.7514312765354251,1.2829103292201107,-0.0005385049345828681,1.2834488341546937,0.0
569,11.38,hold,kick,266,1.813930697377493,-0.5136389566773657,0.10973345824050074,0.7283143000017076,-0.21076838940735332,0.7514321032964749,1.2829101417452953,-0.0005384646401672376,1.2834486063854624,0.0
570,11.4,hold,kick,266,1.8177008306579225,-0.5143139812808816,0.10973345824050074,0.7283311823083571,-0.21075313632609272,0.7514329041186422,1.2829099087412343,-0.0005384283402322769,1.2834483370814667,0.0
571,11.42,hold,kick,266,1.8214709639383522,-0.5149890058843974,0.10973345824050074,0.7283485809021633,-0.21073785887201132,0.7514336765208202,1.2829096230731452,-0.000538396338127925,1.2834480194112732,0.0
572,11.44,hold,kick,266,1.8252410972187818,-0.5156640304879133,0.10973345824050074,0.7283665599143151,-0.21072253468551128,0.7514344205847416,1.2829092804850686,-0.0005383687728502604,1.2834476492579188,0.0
573,11.46,hold,kick,266,1.8290112304992114,-0.5163390550914292,0.10973345824050074,0.7283851804843734,-0.21070714436435847,0.751435135743125,1.2829088770830919,-0.0005383452993755963,1.2834472223824676,0.0
574,11.48,hold,kick,266,1.832781363779641,-0.5170140796949451,0.10973345824050074,0.7284044962355187,-0.21069167275657905,0.7514358195791438,1.2829084076154837,-0.0005383261796342818,1.283446733795118,0.0
575,11.5,hold,kick,266,1.8365514970600707,-0.5176891042984609,0.10973345824050074,0.728424550021438,-0.2106761037187345,0.7514364695933442,1.2829078674265082,-0.0005383107319938407,1.283446178158502,0.0
576,11.52,hold,kick,266,1.8403216303405003,-0.5183641289019768,0.10973345824050074,0.7284453806993428,-0.21066042640321625,0.7514370846167681,1.2829072542449855,-0.0005382992950683507,1.283445553540054,0.0
